permutation_id,is_observed,maximum_scan_z
0,True,5.933824914839301
1,False,3.3057792182701755
2,False,3.72919862610449
3,False,4.10570636309417
4,False,3.7906138515635033
5,False,2.633603020484784
6,False,4.003019582059688
7,False,2.1386601093171707
8,False,2.6958714647386732
9,False,3.1828011941496417
10,False,3.2691147912408307
11,False,2.683618499661819
12,False,2.6447175928305175
13,False,3.4194002803664314
14,False,3.193173811778098
15,False,2.751518870639938
16,False,3.4974093105060855
17,False,3.909089273768444
18,False,2.447851376820185
19,False,3.0892505410004665
20,False,1.8153096353530542
21,False,1.5847036237399748
22,False,4.082691867219619
23,False,3.486328875879865
24,False,3.756635103396324
25,False,2.6512869773427745
26,False,4.851092649826142
27,False,3.4475408115258706
28,False,2.0896200361322936
29,False,4.594923351432425
30,False,3.184440935435146
31,False,1.8364989674051753
32,False,3.2544646067682743
33,False,2.9976026888772243
34,False,3.1341242101922644
35,False,2.651286977342775
36,False,3.2269265301288415
37,False,3.8772976811516267
38,False,3.7264406441533104
39,False,2.4686051096651482
40,False,3.909089273768444
41,False,3.9050711245976655
42,False,3.543926959446024
43,False,4.0160295815727265
44,False,3.186298883421978
45,False,3.494636657598281
46,False,4.14876228818757
47,False,3.150818166555523
48,False,2.6774840927533172
49,False,2.0245822167490246
50,False,2.4593727787175745
51,False,2.5686223676626767
52,False,3.164381312940064
53,False,5.78322833568984
54,False,2.7515188706399387
55,False,2.9826161639028794
56,False,3.5548679027363796
57,False,3.3616941201052812
58,False,4.911493139983262
59,False,4.151149833177499
60,False,2.6446121155063445
61,False,2.6477409165048624
62,False,2.03315487544426
63,False,3.1171831310759583
64,False,2.7583472378207228
65,False,3.300344142664118
66,False,2.13131792494948
67,False,2.266143721511883
68,False,3.2539951467548125
69,False,2.8436353145212387
70,False,2.3849961873124848
71,False,2.2001903787473056
72,False,2.7364070841492256
73,False,4.189799431079365
74,False,4.29567670658222
75,False,3.6666259794879514
76,False,4.423632612481425
77,False,3.0627275170579087
78,False,4.590218470094001
79,False,2.7670651398669968
80,False,4.806300522627089
81,False,5.32688828557372
82,False,3.390952018996959
83,False,4.161510072072711
84,False,2.6512869773427754
85,False,2.218991594605418
86,False,2.7470092006868976
87,False,2.7168804543652794
88,False,2.7644722619127875
89,False,3.9090892737684437
90,False,2.533433480646846
91,False,4.004081677627405
92,False,3.2821753724332976
93,False,3.020345253189052
94,False,2.908109532385688
95,False,4.8792046593006235
96,False,2.5775052310170565
97,False,4.770617734044244
98,False,4.315142276170789
99,False,3.018200695508278
100,False,2.924419950663485
101,False,3.404820866361691
102,False,4.759134530012426
103,False,3.499319758850803
104,False,3.465929580760426
105,False,3.71905201772176
106,False,2.0245822167490246
107,False,4.60616502393262
108,False,2.594498893852212
109,False,2.651286977342775
110,False,3.1583602540254825
111,False,3.2015420551851697
112,False,2.7987512663934737
113,False,3.4011348612304113
114,False,2.1745782457612473
115,False,3.4864209666884665
116,False,3.522347612635397
117,False,3.2963724001935337
118,False,4.058168259471595
119,False,3.5854738892129805
120,False,2.6869840579071904
121,False,3.252920544135828
122,False,3.3931006071223355
123,False,3.764729795808002
124,False,3.7244244821936356
125,False,4.026427357257184
126,False,2.3292941783895422
127,False,2.9182539248199806
128,False,2.8585456462523924
129,False,3.2614772952350526
130,False,3.9132142127765257
131,False,2.4153370415285025
132,False,2.996042942590662
133,False,4.546384384224698
134,False,2.623438022603139
135,False,4.180222840356904
136,False,3.0003687104999193
137,False,4.4097781463919805
138,False,2.5477326966496348
139,False,2.496954062705942
140,False,7.137553959190305
141,False,2.589759310631764
142,False,2.9156907109634167
143,False,2.4326200267750804
144,False,2.491708246144867
145,False,2.998386386447788
146,False,2.2065349281779034
147,False,4.142176217364394
148,False,2.9484735416192955
149,False,3.4383567798837062
150,False,2.6512869773427745
151,False,3.5495336689653714
152,False,2.8871286836457957
153,False,1.8546747179910315
154,False,2.997170487473381
155,False,1.8440869460440399
156,False,3.847616670539018
157,False,2.391356090954539
158,False,2.3999521246949733
159,False,3.1928347521044578
160,False,3.7071915893224543
161,False,2.980353016100233
162,False,2.19051737343963
163,False,2.76239536776446
164,False,2.465127747387993
165,False,3.0508462032282564
166,False,2.7230094313733937
167,False,3.2634330230394486
168,False,4.172910051547324
169,False,1.6950376031882366
170,False,3.042706205685259
171,False,2.567982035584874
172,False,7.552134569166029
173,False,2.1217453407810503
174,False,3.993506160371521
175,False,3.6981443998475596
176,False,3.526507107232976
177,False,3.8054166580771724
178,False,3.2661698998431827
179,False,2.4342322141077157
180,False,2.490116879702481
181,False,3.6826452244189327
182,False,3.374435678136253
183,False,2.8843173128854933
184,False,2.5515148676543844
185,False,4.545069205590711
186,False,3.3643725056415574
187,False,3.1394260144305925
188,False,4.826542259608308
189,False,2.903973442058786
190,False,2.930802316309339
191,False,4.959892885664374
192,False,3.375298132354538
193,False,3.157146057840448
194,False,4.082866595450683
195,False,2.0968494602231016
196,False,3.1680828070341542
197,False,5.974517154291146
198,False,2.742442192057739
199,False,3.9568047345991757
200,False,3.4105356615416667
201,False,3.170979754695556
202,False,4.180222840356904
203,False,5.230969155050701
204,False,3.856984540504921
205,False,2.533433480646846
206,False,3.37844052609798
207,False,2.7532543458656606
208,False,4.357752055903077
209,False,1.5537978314991763
210,False,2.5311425040200057
211,False,3.199625824794755
212,False,5.38629963069825
213,False,3.9421812768749582
214,False,3.2322298704361234
215,False,2.9836839254134264
216,False,3.4863288758798645
217,False,3.664736997249341
218,False,2.396813636848425
219,False,2.692314185572476
220,False,2.1343499750665607
221,False,2.5480773613842698
222,False,2.494034796554136
223,False,4.060589433793925
224,False,5.175845746748963
225,False,3.391030395358272
226,False,4.36372783955962
227,False,3.0674841400882786
228,False,3.255962152248203
229,False,3.7692205495855426
230,False,3.2958178226245436
231,False,2.877336532067892
232,False,2.1480823613968782
233,False,3.9503908321711863
234,False,2.6232057228252312
235,False,2.0962605618707943
236,False,2.793389207311798
237,False,3.5242295247104933
238,False,3.0936985701798076
239,False,2.8894946301462507
240,False,2.7972605100997985
241,False,2.633247520544023
242,False,3.0559780824180516
243,False,4.194514566858146
244,False,3.252252458850909
245,False,2.426245276998091
246,False,2.638176185715996
247,False,2.679759358077546
248,False,3.4999321116140476
249,False,1.7264925855821982
250,False,2.5467763385709397
251,False,2.7787495171942274
252,False,2.996263831319469
253,False,2.855848613039065
254,False,3.623974229592027
255,False,2.7992210487355296
256,False,2.4435671705418156
257,False,2.2701663497110394
258,False,3.678939248856367
259,False,2.491965394804093
260,False,2.657963980353712
261,False,2.37978396075207
262,False,4.378725503446808
263,False,2.6654994450824754
264,False,2.3319194289203167
265,False,2.5059588718624117
266,False,2.5515148676543844
267,False,3.787621460840389
268,False,2.5256410304113825
269,False,2.757440135379032
270,False,2.6761165550376687
271,False,2.7482815442999105
272,False,3.7824639438638266
273,False,2.8871286836457966
274,False,2.831628171428159
275,False,3.4490605217105443
276,False,3.6084617252366407
277,False,3.56453757078431
278,False,2.4071498713695996
279,False,3.623974229592027
280,False,2.799440236092712
281,False,3.4075256904226476
282,False,4.17953760087497
283,False,3.05981400164746
284,False,3.308400272406698
285,False,3.756730890494583
286,False,2.5757921110775226
287,False,3.407525690422647
288,False,2.6240120057941607
289,False,2.259774184905577
290,False,2.8121528010539163
291,False,2.5475739675689937
292,False,3.0874511464538315
293,False,4.585176257953838
294,False,4.273134999027971
295,False,4.02450985136509
296,False,3.118122103192195
297,False,2.866269905312935
298,False,2.740022930155327
299,False,3.6739349334339853
300,False,3.311124924967789
301,False,4.264515024958168
302,False,2.5953377103440918
303,False,3.8817688968079938
304,False,3.3386804429138266
305,False,3.4814685396959546
306,False,3.461793878654915
307,False,2.988886780288348
308,False,2.6426262079224876
309,False,2.741479934442497
310,False,2.7287254302959347
311,False,5.080519632619087
312,False,2.315009354371454
313,False,3.040172489525143
314,False,2.6579516491968143
315,False,2.696478870813008
316,False,3.7490498943912502
317,False,2.8903284303755385
318,False,2.4978152512648317
319,False,3.2838336924163793
320,False,5.297763485792401
321,False,2.587589119001131
322,False,1.6702239364785267
323,False,3.127482091975665
324,False,3.0240998162135413
325,False,3.2159147723922965
326,False,4.0357146036730605
327,False,4.382842888399147
328,False,4.513369552002988
329,False,4.33556575720903
330,False,2.640598092724874
331,False,2.626634716404339
332,False,3.604831106114559
333,False,3.8033841486907694
334,False,2.1973531194065616
335,False,3.2080234475343454
336,False,3.4159968437943884
337,False,2.2802765781530407
338,False,3.6739349334339844
339,False,2.9214648848357765
340,False,4.242859264672857
341,False,2.6811493995204927
342,False,1.8766740231906498
343,False,4.263425942923471
344,False,3.192062680763103
345,False,4.168202555881095
346,False,3.328094064669549
347,False,3.261940989183876
348,False,2.9723305081651215
349,False,2.7852146823333594
350,False,2.496954062705942
351,False,4.172490410864212
352,False,4.279708467517735
353,False,3.9978902171041324
354,False,2.3897417448750007
355,False,2.5621242750449094
356,False,3.8581776001635366
357,False,2.0613219650104746
358,False,2.9499854058463684
359,False,2.775911770575924
360,False,3.71444183575973
361,False,3.496106400483139
362,False,2.9626753263057264
363,False,2.138240131564194
364,False,4.300694544022735
365,False,3.306799827122545
366,False,2.7963061967931493
367,False,3.018344411261666
368,False,2.765776481078885
369,False,2.4969540627059432
370,False,3.2066292476211165
371,False,4.235942446641124
372,False,3.3159047097678997
373,False,3.842267252835096
374,False,3.847218481125368
375,False,3.74773119579242
376,False,2.4969540627059446
377,False,3.5861939004422423
378,False,1.97643664711374
379,False,2.9723305081651223
380,False,1.8968977098951645
381,False,3.6510774971401485
382,False,3.2427045085965016
383,False,3.3119691918516434
384,False,4.689423289468586
385,False,3.0244734884057216
386,False,3.017465924235566
387,False,3.735596723894337
388,False,4.0879985291745085
389,False,6.252139502339422
390,False,2.493575064333638
391,False,3.8581776001635326
392,False,2.818357880140443
393,False,3.1993157121902343
394,False,4.223297217505152
395,False,2.70956905201837
396,False,2.6876309559900404
397,False,3.600785296304865
398,False,2.134456804952586
399,False,3.337281236981447
400,False,3.3949980293616218
401,False,2.485271027469811
402,False,3.8643486534121596
403,False,2.2447463304549564
404,False,3.8258648547721292
405,False,4.269964698978297
406,False,3.8699971837864067
407,False,1.736068950205495
408,False,2.5597391853763067
409,False,3.426959249412019
410,False,3.3858287338943653
411,False,2.5515148676543853
412,False,2.6787139650339924
413,False,2.8596386129349334
414,False,2.4896293657475477
415,False,2.5062504449459486
416,False,2.913285229864716
417,False,3.0919187375407104
418,False,3.727914165241426
419,False,4.935442705443436
420,False,3.5554902409635836
421,False,2.4710109798814797
422,False,4.06295086200667
423,False,2.9810754858205293
424,False,3.5015960540741804
425,False,2.7527436713776248
426,False,2.1659443960139075
427,False,4.237491824484935
428,False,4.401536089563442
429,False,4.370504510303413
430,False,5.538378401816737
431,False,3.484616648814156
432,False,2.6352366575430466
433,False,4.788611075437712
434,False,3.080786060062352
435,False,2.7486054723942344
436,False,2.5143934918672053
437,False,3.1101902092255753
438,False,3.1274820919756654
439,False,3.005851174203899
440,False,3.0580329407730527
441,False,3.7279141652414247
442,False,2.4478513768201857
443,False,2.8935638486446082
444,False,2.9206238410821523
445,False,2.3057882663016276
446,False,2.486064209777216
447,False,3.505659550298218
448,False,5.1737405360460125
449,False,3.1606594015121954
450,False,3.498596921415514
451,False,2.4718323661746604
452,False,3.393951380355656
453,False,3.293482777134146
454,False,2.9745913229949204
455,False,2.1368190064334533
456,False,3.2804292708555916
457,False,2.5515148676543853
458,False,3.171069751242586
459,False,3.422770376401314
460,False,2.6432122974150767
461,False,3.375096260296161
462,False,2.447851376820185
463,False,3.0645200740069045
464,False,2.2985238574321003
465,False,2.848310330612108
466,False,3.1274820919756654
467,False,3.8182670184334127
468,False,4.267304568749845
469,False,2.066774386818701
470,False,3.1833209148364467
471,False,4.246466492439223
472,False,2.5515148676543866
473,False,2.921464884835777
474,False,3.13343991957692
475,False,4.228857627359014
476,False,3.60165403911462
477,False,2.8871286836457952
478,False,3.006938329415813
479,False,2.3100749464000003
480,False,1.9880679321778951
481,False,4.073596695594523
482,False,3.2401438968523872
483,False,2.8262462679101117
484,False,3.281422099713652
485,False,2.92947151788036
486,False,3.351278979589787
487,False,3.305708663500976
488,False,4.124032625352446
489,False,3.2117969964308855
490,False,3.127451504353657
491,False,4.422790917416662
492,False,3.1920626807631036
493,False,3.9143354940322563
494,False,3.4785609717439665
495,False,4.058629611382397
496,False,3.1753768706908607
497,False,2.3471441068574546
498,False,2.5592631162387796
499,False,4.040408462015616
500,False,3.815382811710908
501,False,1.8716545574296894
502,False,2.6448196345880173
503,False,3.702873418963342
504,False,3.3271771093970193
505,False,2.3849961873124848
506,False,4.126586521815348
507,False,3.736363398796022
508,False,4.540600294171117
509,False,3.203266917757332
510,False,3.4915021897819853
511,False,3.805416658077172
512,False,2.450506549886585
513,False,3.2285927858679226
514,False,2.753838142552544
515,False,4.9028370745083585
516,False,2.95380439413276
517,False,2.6512869773427745
518,False,2.4734684438645966
519,False,3.8802025898115766
520,False,3.7070378164127624
521,False,3.2642405529646292
522,False,3.7453716699781383
523,False,3.300641021597186
524,False,3.8366413568041464
525,False,3.2180435108761127
526,False,2.4459967484804306
527,False,3.9090892737684437
528,False,2.5389552597162623
529,False,7.102488234588396
530,False,3.9402474270961574
531,False,2.8903284303755385
532,False,2.3256304023071954
533,False,5.332074611528645
534,False,3.853475084766509
535,False,3.951297717069983
536,False,3.452272505083873
537,False,2.674856391713085
538,False,2.490029137187216
539,False,3.731672505335484
540,False,3.149402750007725
541,False,4.138599417461848
542,False,2.873193946360871
543,False,3.308735225382981
544,False,2.829371233568396
545,False,4.461312241346688
546,False,3.8763082045771284
547,False,3.797500153565407
548,False,2.949541110049311
549,False,3.7286830693145765
550,False,4.503584977997549
551,False,3.1074425683523996
552,False,4.288291362377296
553,False,3.0233841574113085
554,False,2.88697956895322
555,False,3.438581642947094
556,False,2.661908906138572
557,False,2.9589558562504266
558,False,3.0997409194554515
559,False,3.454252056009435
560,False,3.3849784834039416
561,False,2.702264300199239
562,False,2.384279919411224
563,False,2.212100186730625
564,False,3.9529028041184273
565,False,3.4916604987899778
566,False,2.0230942682669855
567,False,3.5579745275212087
568,False,2.57400465568744
569,False,4.285538916783272
570,False,4.804374932841245
571,False,2.4969540627059432
572,False,2.9592880650484865
573,False,2.5712791952153533
574,False,3.0548838417719386
575,False,2.8775169018770046
576,False,2.9806029356004204
577,False,3.962102087229203
578,False,3.5844613466015693
579,False,4.438399977265741
580,False,3.5630340871781705
581,False,4.328084374717572
582,False,4.679811319259199
583,False,2.152356354844607
584,False,5.033026243971423
585,False,1.8181040135257232
586,False,3.480682129757478
587,False,2.6083045332958807
588,False,2.7968944407086433
589,False,4.3568416045918745
590,False,1.8746493615865778
591,False,2.6693993261695375
592,False,3.214313409768544
593,False,2.835941735568869
594,False,4.892514702055826
595,False,2.4440197935810914
596,False,3.3740838111699185
597,False,3.3129958075335932
598,False,3.201542055185169
599,False,3.043324871152402
600,False,2.6471128780257946
601,False,3.701905348160967
602,False,3.1789417599336267
603,False,3.521501152221907
604,False,3.1395420754931753
605,False,4.4481835283382445
606,False,2.8871286836457957
607,False,2.941642653801185
608,False,3.993169759128135
609,False,1.6498408845110413
610,False,1.824913984078056
611,False,2.30055169208091
612,False,2.9792289651493045
613,False,4.2825263188038525
614,False,2.3511543748675456
615,False,3.1845004071588434
616,False,1.4706515256611323
617,False,4.918192708537752
618,False,3.507325180902553
619,False,4.415880796868803
620,False,2.5672716238659175
621,False,3.1940474883040455
622,False,7.352291753798194
623,False,3.1466752050364497
624,False,4.674291547292179
625,False,3.713439367493677
626,False,3.1171831310759575
627,False,3.0596035255518395
628,False,3.185610030325931
629,False,2.6861806701191724
630,False,3.3901281650084134
631,False,4.026427357257185
632,False,5.630801048952186
633,False,2.878115179094242
634,False,3.2664027004625953
635,False,3.5098242159739415
636,False,3.324858636340901
637,False,2.88354271102077
638,False,3.068219874605874
639,False,2.414002077989352
640,False,3.469916505981375
641,False,2.6946547243464654
642,False,4.993640839937918
643,False,2.7291153988456065
644,False,2.7118964358587654
645,False,3.24239997984068
646,False,2.7303452749351504
647,False,3.068513768120579
648,False,2.9155024455563794
649,False,3.2118618367990566
650,False,4.157155742626725
651,False,2.607667899129283
652,False,2.4565021615204365
653,False,3.3115917646606046
654,False,2.735177169060247
655,False,4.508747705840402
656,False,3.254388529719585
657,False,2.3029738728751923
658,False,3.574236610706
659,False,4.9059054031209826
660,False,3.2236660867200824
661,False,2.575903085914013
662,False,2.345906154288913
663,False,3.137438076854746
664,False,2.499947790719067
665,False,3.3329516341095218
666,False,3.2837520602505377
667,False,3.1520675543169747
668,False,3.3686993332245367
669,False,3.6453634304553617
670,False,2.7157836246723033
671,False,3.1591342789258254
672,False,3.069637935667373
673,False,3.469287181601821
674,False,2.207102712805793
675,False,2.837497181213702
676,False,3.0537085247878974
677,False,2.533433480646846
678,False,3.1054433288384433
679,False,3.674792136070258
680,False,2.9736979132057857
681,False,3.5554902409635827
682,False,1.933544933283533
683,False,2.5559369747056695
684,False,2.914740640083634
685,False,4.428941796435354
686,False,3.9133660791850735
687,False,3.1661669690673304
688,False,4.09984245860029
689,False,3.378751970800577
690,False,2.773688540215163
691,False,2.370536902912022
692,False,3.101751354300365
693,False,3.5556631095997284
694,False,3.515590113219375
695,False,4.594463188500706
696,False,4.590218470094002
697,False,2.0262413644031287
698,False,3.7541815069253692
699,False,2.6853746108883003
700,False,2.358876783501878
701,False,3.923738452643779
702,False,4.615799739393166
703,False,2.878644839917321
704,False,2.8737663156008835
705,False,3.4269592494120205
706,False,3.3081186382124943
707,False,3.6289181341909544
708,False,3.7658748090246066
709,False,2.8184210331994524
710,False,3.4663070373456493
711,False,2.989391117086685
712,False,2.7016216736701244
713,False,2.4969540627059432
714,False,2.314564096370723
715,False,2.8558657192376486
716,False,2.589970781284436
717,False,2.7285075591244046
718,False,3.3867860018736886
719,False,4.438665274537616
720,False,2.1217319407174156
721,False,3.225689975001591
722,False,2.7303376084223134
723,False,2.4035323226062557
724,False,2.366120351462147
725,False,3.681205244010078
726,False,2.6668706775118105
727,False,2.2035869083592727
728,False,2.3849961873124848
729,False,3.23404801478667
730,False,3.2723413065964344
731,False,3.1912152126395372
732,False,3.4383567798837076
733,False,3.0198204306986804
734,False,3.615276665432389
735,False,2.3642136792576802
736,False,3.5151612283568765
737,False,3.8569845405049192
738,False,3.6065544953517814
739,False,3.4860206118674593
740,False,2.9214648848357765
741,False,3.04174103734335
742,False,2.818357880140443
743,False,3.5554902409635836
744,False,2.9723305081651223
745,False,3.306799827122547
746,False,2.8205197359892717
747,False,2.5144207820462667
748,False,3.882673023454253
749,False,3.433119231173225
750,False,3.258211602205555
751,False,2.4856616670573803
752,False,2.7572015232565
753,False,3.9954775731025935
754,False,3.095762830983554
755,False,3.1406882017758964
756,False,3.453780834215107
757,False,4.377021288684588
758,False,3.6095387333058815
759,False,2.80031561936022
760,False,2.7121737126461887
761,False,2.640808584751914
762,False,2.3543083862924634
763,False,2.457828334844323
764,False,3.4364603891793544
765,False,4.0410088983154555
766,False,4.192406038285229
767,False,3.4074461666709355
768,False,2.6836184996618195
769,False,1.8912418185662867
770,False,2.189484568349082
771,False,3.374586924724188
772,False,1.9730378308727587
773,False,2.83679534357332
774,False,2.5144126166858443
775,False,3.574013525750068
776,False,2.344415040590021
777,False,3.2470319714937914
778,False,3.327029782277939
779,False,2.578816018149856
780,False,2.510748586864669
781,False,3.1637959518318977
782,False,2.718017974362502
783,False,2.4478513768201857
784,False,3.105028309960975
785,False,5.469793913986555
786,False,2.165944396013908
787,False,2.732543968984783
788,False,3.2767150520055193
789,False,3.0807441871877583
790,False,3.793223330220204
791,False,5.231173997539134
792,False,2.586745439253291
793,False,2.7841247320428804
794,False,3.3174051425719666
795,False,2.945646650487468
796,False,3.5056595502982177
797,False,4.350751255845682
798,False,3.4037569991456085
799,False,4.396142249722316
800,False,3.338447197888496
801,False,3.180188164881066
802,False,3.4095987246865995
803,False,2.580118412886828
804,False,4.285121779549406
805,False,3.296372400193534
806,False,3.14678923820112
807,False,2.6796993903954847
808,False,3.0374455377632046
809,False,2.6646571616387233
810,False,3.208272990284242
811,False,4.793573781209303
812,False,3.806627276834425
813,False,2.97396929999314
814,False,5.657227153275207
815,False,2.5383211976916944
816,False,2.727646391770589
817,False,3.574933838425611
818,False,3.238733935079877
819,False,2.3383623177076363
820,False,4.226226269259376
821,False,2.7098938496384966
822,False,2.7300950504853736
823,False,3.3807607553903214
824,False,2.778749517194227
825,False,2.5542924103856413
826,False,3.1491936218514676
827,False,3.4870654021705794
828,False,3.8300428391884944
829,False,3.6498308111815265
830,False,2.893059901957455
831,False,3.4793230679946223
832,False,3.1586380196975083
833,False,3.458380271083048
834,False,2.3116111124905907
835,False,3.0512696480166146
836,False,3.050846203228256
837,False,2.3547712973155193
838,False,4.151112476684366
839,False,2.0245822167490246
840,False,3.7694782726179357
841,False,4.864046657981015
842,False,3.050079977575721
843,False,2.594469115766381
844,False,2.8907875547714097
845,False,3.7196454865379383
846,False,4.1657675582568805
847,False,3.4178863262439463
848,False,3.909089273768444
849,False,2.44600907214456
850,False,3.3741707103822334
851,False,2.4693228157771383
852,False,4.381705602786414
853,False,3.5692139556620233
854,False,3.5207481050871006
855,False,3.5240528219081093
856,False,4.936202578773994
857,False,4.4762697153548325
858,False,3.5554902409635836
859,False,2.718207688689642
860,False,4.027835725524808
861,False,2.1512179984699276
862,False,2.8178684712632145
863,False,3.1274820919756654
864,False,1.9953977404386514
865,False,3.651445104308767
866,False,3.573282256488937
867,False,2.74828154429991
868,False,2.266712927865655
869,False,2.7961200646744633
870,False,3.0814192415944754
871,False,3.1483029758358594
872,False,2.376654430891744
873,False,2.5739881006658973
874,False,2.959473996253122
875,False,2.160967859764178
876,False,2.731072981428062
877,False,3.541761391039746
878,False,2.504124660407875
879,False,2.835311291715893
880,False,3.8361898545435626
881,False,2.890672161840737
882,False,2.4969540627059437
883,False,3.3552859124569565
884,False,3.113909735327767
885,False,2.6836184996618195
886,False,3.5554902409635836
887,False,2.4136438074780195
888,False,3.1880777738608694
889,False,3.104285650950711
890,False,3.021211092718899
891,False,2.72659512362664
892,False,3.132863496575004
893,False,3.5368842490251935
894,False,3.8222752392306614
895,False,4.071904659270636
896,False,3.707259792123322
897,False,4.3469994626130966
898,False,3.623974229592028
899,False,7.252370346114275
900,False,2.090227061174188
901,False,2.1491495009606005
902,False,3.423610926522041
903,False,4.092966157027339
904,False,2.5884748262521176
905,False,3.804934234288136
906,False,4.180222840356904
907,False,3.4612397001915673
908,False,4.864046657981017
909,False,3.1479727768395795
910,False,3.2242885988563574
911,False,2.725299638918486
912,False,2.4660914482437755
913,False,2.9495601933305644
914,False,2.6586894128079646
915,False,5.13924398760528
916,False,3.858177600163534
917,False,2.7024917525469885
918,False,2.823521852028764
919,False,3.5240528219081093
920,False,3.267626660435913
921,False,3.772413371841626
922,False,3.0470659189000275
923,False,2.971493953855295
924,False,3.2236715421646998
925,False,2.856671808850863
926,False,3.6739349334339853
927,False,2.893539017797368
928,False,4.026427357257186
929,False,3.5303070951191646
930,False,3.727914165241426
931,False,2.5542117947695466
932,False,3.3912231071816428
933,False,2.6354160262862365
934,False,2.912755860316596
935,False,2.1929891990630974
936,False,3.308188669199966
937,False,3.337656197314606
938,False,3.795218817910296
939,False,3.2015420551851705
940,False,3.995477573102592
941,False,3.8521088167877524
942,False,4.590341556499023
943,False,4.519912012682018
944,False,3.675753622471298
945,False,2.683462500761837
946,False,2.8708209435787824
947,False,2.656829841206113
948,False,2.711896435858763
949,False,3.8151818311177736
950,False,3.3336953045356577
951,False,2.6021449036179063
952,False,5.500532344973655
953,False,2.0335875481257615
954,False,3.474434851571244
955,False,2.6544118140263278
956,False,2.6212699183910235
957,False,3.6767572612691017
958,False,2.8627575303993713
959,False,3.1853352419149914
960,False,3.9034483931746706
961,False,1.7744558591947794
962,False,3.0244734884057207
963,False,3.0395381440045153
964,False,3.3550828982454197
965,False,4.071636255627309
966,False,2.9338274159521345
967,False,3.4498485684404883
968,False,4.666172334270555
969,False,3.0613031973828906
970,False,2.940332729272024
971,False,2.0338445641536005
972,False,6.510601328308887
973,False,2.5047677008447895
974,False,3.0606115485193643
975,False,2.3130559518823555
976,False,3.022144719962511
977,False,2.711896435858765
978,False,4.228905158818542
979,False,3.0674841400882795
980,False,3.6826452244189336
981,False,2.938694491509624
982,False,2.4999087157633806
983,False,4.5263966102927595
984,False,3.3015418220196713
985,False,3.52384387129771
986,False,2.74828154429991
987,False,2.9546959247403235
988,False,2.2802019882134696
989,False,3.2569047941767226
990,False,2.3920167256334364
991,False,3.2824343903076465
992,False,2.9074754094843764
993,False,3.5311767784514334
994,False,3.4426201933003937
995,False,3.0600444111607485
996,False,3.332609101076844
997,False,2.9214648848357765
998,False,6.1183023768129035
999,False,2.3927508953307908
1000,False,4.068786406352551
1001,False,2.888311883884451
1002,False,4.207673946538029
1003,False,3.1330326544891034
1004,False,3.030017426439464
1005,False,3.244742781910139
1006,False,2.6714932144773154
1007,False,4.405660442257326
1008,False,3.60963325178091
1009,False,2.5913975674072525
1010,False,2.447851376820184
1011,False,2.743080894628706
1012,False,4.559040516557324
1013,False,2.9693296454031533
1014,False,2.3358419242962647
1015,False,4.350128168326262
1016,False,2.7281981292139235
1017,False,2.662321635297737
1018,False,3.0911923024493118
1019,False,3.2681463899224314
1020,False,3.4480459211767425
1021,False,2.313055951882355
1022,False,2.4999477907190655
1023,False,3.7735675006023253
1024,False,3.611372919563718
1025,False,3.028247699721434
1026,False,2.5831707388974507
1027,False,2.9955061490188855
1028,False,3.912601183273755
1029,False,3.845706394523922
1030,False,3.586723788603761
1031,False,3.306799827122547
1032,False,2.7837332232913905
1033,False,2.7681875174213326
1034,False,3.1469964817161875
1035,False,3.0828962960575663
1036,False,3.537465450644052
1037,False,2.538055724693646
1038,False,3.7426413818349133
1039,False,3.863803264471899
1040,False,4.180222840356903
1041,False,3.34110634167202
1042,False,1.9089928031461332
1043,False,2.781250054312829
1044,False,2.496954062705943
1045,False,3.156724817125854
1046,False,3.1437870428245214
1047,False,3.1743879218240187
1048,False,1.9648345644325655
1049,False,2.8161025994221722
1050,False,2.302712163775323
1051,False,3.883179193097933
1052,False,3.256154987153209
1053,False,2.651286977342775
1054,False,2.496954062705943
1055,False,4.887964663565078
1056,False,5.101214491920049
1057,False,3.2539951467548125
1058,False,3.8515340722505953
1059,False,4.14136542283233
1060,False,3.659657099832818
1061,False,3.525125537022348
1062,False,2.9560550162350423
1063,False,2.3161206159706573
1064,False,2.3628022790316683
1065,False,3.7287912846249625
1066,False,3.0741708142094493
1067,False,4.131390640309927
1068,False,3.311451708573771
1069,False,4.9569124457600084
1070,False,3.6505387536843856
1071,False,3.723895637275943
1072,False,4.168362153067674
1073,False,2.533433480646847
1074,False,2.6650018593534397
1075,False,2.9682399916663194
1076,False,2.841252061866942
1077,False,3.2380181282351916
1078,False,2.8094594313348242
1079,False,3.58452546991364
1080,False,4.540600294171117
1081,False,1.8277044226589971
1082,False,2.54529093180545
1083,False,4.864046657981014
1084,False,2.7074096577098428
1085,False,2.89163231015359
1086,False,2.3441117011971246
1087,False,2.724671931048067
1088,False,1.9786262409508002
1089,False,3.555490240963586
1090,False,3.622053496777907
1091,False,3.2347437177849576
1092,False,2.5253463155064098
1093,False,4.484125564856804
1094,False,2.837447805344903
1095,False,2.5592781839305565
1096,False,3.112074372169756
1097,False,4.724630496115098
1098,False,3.0681613993502364
1099,False,2.2573443304466796
1100,False,3.6215926796506244
1101,False,3.065195728821775
1102,False,3.12657676367321
1103,False,3.4683978040022856
1104,False,2.5631038123107426
1105,False,3.064575756694166
1106,False,3.4040150309389983
1107,False,3.3675101318700458
1108,False,2.489629365747549
1109,False,2.7024627268470174
1110,False,3.214056895565096
1111,False,2.5515148676543844
1112,False,3.050846203228252
1113,False,3.7695213692164824
1114,False,3.300344142664118
1115,False,4.891844613534601
1116,False,4.304114086930208
1117,False,3.6847335271748207
1118,False,3.0195950891981855
1119,False,3.8633887595099785
1120,False,3.5207183270599605
1121,False,3.4587832302161132
1122,False,2.927252047269338
1123,False,5.086250533931512
1124,False,2.48962936574755
1125,False,2.798356684550908
1126,False,4.694253802388548
1127,False,3.394667173747479
1128,False,4.8034869810710745
1129,False,3.8904476271152184
1130,False,3.6702299456684444
1131,False,2.3828191753062713
1132,False,3.1437870428245196
1133,False,2.1539108663328217
1134,False,3.993935453639858
1135,False,3.29089464103434
1136,False,2.7412240459747563
1137,False,3.870663496705829
1138,False,2.407928556293945
1139,False,3.842931307518317
1140,False,2.973294415302506
1141,False,2.8922907182523443
1142,False,3.020345253189052
1143,False,3.2402109757632505
1144,False,2.6102907381693585
1145,False,3.6243345931761133
1146,False,3.6320134244523468
1147,False,4.423790616809102
1148,False,2.401668807953325
1149,False,2.4963762549782884
1150,False,2.5477869512189892
1151,False,3.4663070373456484
1152,False,2.2126304644128623
1153,False,3.763076892831145
1154,False,3.674540148813292
1155,False,2.753136824949014
1156,False,3.998755943956557
1157,False,3.8583588720283553
1158,False,2.6284509066876867
1159,False,3.476504953178481
1160,False,2.575926373920186
1161,False,2.9352199326637844
1162,False,2.7724401718671308
1163,False,3.5378455833113764
1164,False,2.1455643759077008
1165,False,2.4969540627059446
1166,False,4.010289428953031
1167,False,4.550151942608981
1168,False,4.0235845048656795
1169,False,2.9896910328905415
1170,False,2.8871286836457957
1171,False,3.449705031798316
1172,False,4.57319831465681
1173,False,3.469287181601822
1174,False,4.419900088381406
1175,False,3.923738452643779
1176,False,2.0275707250831974
1177,False,2.1659443960139084
1178,False,2.710091376139112
1179,False,3.276469499391292
1180,False,3.071270100083735
1181,False,2.5515148676543866
1182,False,2.6836184996618195
1183,False,2.6154264692053384
1184,False,2.8034372142369324
1185,False,2.974825991583363
1186,False,2.441382930750792
1187,False,2.7280164584559996
1188,False,3.8716190835310305
1189,False,4.282794296080231
1190,False,4.173541971853574
1191,False,3.159768238355138
1192,False,3.911833164242211
1193,False,4.2425624402548126
1194,False,3.306799827122545
1195,False,2.9173843211726345
1196,False,2.7127250953543456
1197,False,2.9215446899618014
1198,False,3.453689343662953
1199,False,3.421235612947513
1200,False,2.501579049183118
1201,False,3.7528397764459203
1202,False,2.634591136691245
1203,False,3.1916006728424273
1204,False,3.0824191008770003
1205,False,1.7473074716178227
1206,False,3.322796101059508
1207,False,3.2151446771080785
1208,False,2.7924876851933633
1209,False,2.2274114571868413
1210,False,3.204352331567862
1211,False,3.127048493103761
1212,False,4.026427357257186
1213,False,2.319149365482883
1214,False,4.131309778610029
1215,False,2.8278072298056633
1216,False,3.149384536385425
1217,False,3.228921811822312
1218,False,2.9178696325622906
1219,False,2.3333376237315564
1220,False,3.625640205592024
1221,False,3.8737777488018206
1222,False,5.322638981299458
1223,False,3.2837556265964536
1224,False,2.2684081099200153
1225,False,4.708355469082331
1226,False,2.438884035878291
1227,False,2.396302973662944
1228,False,3.1636710975124216
1229,False,3.127482091975665
1230,False,2.4082058520739307
1231,False,3.8366413568041455
1232,False,2.531034401564222
1233,False,2.4969540627059432
1234,False,3.2236660867200833
1235,False,3.523776641256227
1236,False,3.782463943863829
1237,False,3.015448029370699
1238,False,3.803755563211439
1239,False,3.772359074424129
1240,False,2.90669490403313
1241,False,3.858498645913029
1242,False,2.56299340368048
1243,False,2.2858795708400024
1244,False,3.1686974070788083
1245,False,3.319779054062685
1246,False,2.579103042039398
1247,False,2.352527902191316
1248,False,1.7997660772316042
1249,False,2.9218696956936463
1250,False,3.659615739870767
1251,False,2.6646571616387242
1252,False,3.464657785293539
1253,False,3.6574578150060866
1254,False,2.8854381556355664
1255,False,2.173295717781075
1256,False,3.623974229592027
1257,False,3.6159378441048737
1258,False,1.8159185831171711
1259,False,3.9203757529764323
1260,False,2.8317152368987735
1261,False,1.9474557034482598
1262,False,3.3047462705432635
1263,False,3.2236715421646998
1264,False,2.5361554418213665
1265,False,2.986088719111727
1266,False,2.486721900891671
1267,False,5.246259597668758
1268,False,3.7032063565718847
1269,False,3.096097461218126
1270,False,1.6758591390075241
1271,False,2.9670237502170353
1272,False,3.934420967933991
1273,False,2.540295190872851
1274,False,2.9881515388373163
1275,False,3.9293358210895333
1276,False,4.623874617094907
1277,False,2.982616163902878
1278,False,4.199044398824692
1279,False,3.477696931454464
1280,False,2.325540861375464
1281,False,4.231378047392456
1282,False,4.2632550155071325
1283,False,2.5696777466862732
1284,False,2.9411416105877386
1285,False,3.5740135257500687
1286,False,3.201311954092164
1287,False,2.504767700844791
1288,False,4.12547719537879
1289,False,4.124341422426743
1290,False,2.9325592534214717
1291,False,3.3141933352867285
1292,False,3.902113139485666
1293,False,2.276201891500013
1294,False,3.6531542988580368
1295,False,4.172899137946236
1296,False,3.2180435108761136
1297,False,3.0492855686812694
1298,False,4.248699734016844
1299,False,3.2931237223040317
1300,False,2.5634976932770908
1301,False,2.890494436271763
1302,False,2.8343752970513925
1303,False,2.9723305081651223
1304,False,3.1122997387638085
1305,False,3.6172685344083906
1306,False,3.416228059381111
1307,False,2.722975850508991
1308,False,2.9804876622059178
1309,False,2.96009451698576
1310,False,2.9291757672285095
1311,False,4.837171009975894
1312,False,3.377016743163537
1313,False,4.2504599408427035
1314,False,3.9456570388837133
1315,False,3.5658727245155624
1316,False,3.3328028387668023
1317,False,3.1680828070341542
1318,False,3.7656720949221327
1319,False,2.4693228157771374
1320,False,2.9192402676080893
1321,False,2.741479934442496
1322,False,2.8343752970513885
1323,False,3.571747457121625
1324,False,2.2496879869681887
1325,False,2.0353818043681517
1326,False,2.9749205176137554
1327,False,3.175312812404655
1328,False,3.9621642274211197
1329,False,4.053664857908432
1330,False,2.674767105476613
1331,False,3.711998019214415
1332,False,2.8411804514392416
1333,False,4.169806604520349
1334,False,2.9953239923691455
1335,False,3.1028551109220164
1336,False,3.6129402301049636
1337,False,4.519313365932115
1338,False,2.8871286836457952
1339,False,2.3615248401942672
1340,False,2.662756823871656
1341,False,2.4890629436256777
1342,False,3.253097279491992
1343,False,3.3376459918625696
1344,False,3.661865530688745
1345,False,2.83339338371311
1346,False,3.924813920416689
1347,False,2.3042387228365926
1348,False,3.505659550298219
1349,False,3.065384471508166
1350,False,4.428941796435354
1351,False,2.968239991666319
1352,False,3.708547756984866
1353,False,3.0137862608663513
1354,False,3.1443931111239443
1355,False,2.5164165598719097
1356,False,2.7836066003002253
1357,False,2.4326496867428564
1358,False,2.206069386426316
1359,False,3.5240528219081093
1360,False,2.4505084913725605
1361,False,2.6491368542109535
1362,False,3.2162264151679203
1363,False,4.097681468185232
1364,False,2.3924365093845883
1365,False,2.4940347965541365
1366,False,2.953885910998055
1367,False,3.415580749001832
1368,False,3.7179260234033706
1369,False,2.696168313050794
1370,False,2.3014559808600725
1371,False,2.756841080502615
1372,False,3.12593067527349
1373,False,3.078887132253843
1374,False,3.5516728163287588
1375,False,4.063348888350356
1376,False,3.2395734613401626
1377,False,3.1661669690673304
1378,False,4.266871810245622
1379,False,5.374105867364094
1380,False,3.52405282190811
1381,False,3.474092118066151
1382,False,3.2528112080434726
1383,False,2.878675816162854
1384,False,3.490218790140498
1385,False,4.501796017937154
1386,False,3.109891558257766
1387,False,2.6836184996618195
1388,False,2.320723454573761
1389,False,2.6495552942191734
1390,False,2.7451632516751197
1391,False,2.9399017440282975
1392,False,2.0266529033777956
1393,False,3.1103759897804792
1394,False,3.1501186450377774
1395,False,2.2479458439691746
1396,False,3.2819962534636953
1397,False,2.8995473851916405
1398,False,2.461504281489258
1399,False,3.9482231209907996
1400,False,3.602535264360209
1401,False,2.533433480646846
1402,False,3.0159362378537824
1403,False,2.9901372872157386
1404,False,2.8671234128906895
1405,False,3.4496462049472223
1406,False,2.638176185716001
1407,False,4.403455254898054
1408,False,2.00135852384526
1409,False,4.00037382819867
1410,False,1.7998222807819586
1411,False,2.7655058111675053
1412,False,2.921464884835778
1413,False,3.1048079299737976
1414,False,4.006766385764147
1415,False,2.5864988993641993
1416,False,2.4969540627059437
1417,False,3.1086626414155742
1418,False,2.8072890253710754
1419,False,3.2585167559996693
1420,False,2.6039191550324987
1421,False,3.0498036437652565
1422,False,2.945994226171442
1423,False,4.0340863392892095
1424,False,2.4413638410913108
1425,False,2.4969540627059437
1426,False,4.223876487001647
1427,False,4.559211258916361
1428,False,2.2690365959359005
1429,False,3.505659550298219
1430,False,3.6287948340396055
1431,False,2.2368607458907466
1432,False,3.469287181601821
1433,False,3.177638362123604
1434,False,3.609318460973182
1435,False,4.241476185021866
1436,False,2.7612823787373526
1437,False,3.2123137528521384
1438,False,2.7482815442999096
1439,False,1.913735811694427
1440,False,3.398014037515514
1441,False,4.076983834093071
1442,False,3.147312839165326
1443,False,3.440385643321613
1444,False,3.4974898751333385
1445,False,2.2767278755915115
1446,False,3.2335035563933827
1447,False,2.4969540627059414
1448,False,2.577686152934739
1449,False,4.209386217830996
1450,False,2.625837126955296
1451,False,2.997555153098122
1452,False,2.730682470967814
1453,False,3.0741667883359227
1454,False,4.864046657981017
1455,False,2.3988201272597633
1456,False,3.9372194442111095
1457,False,2.826990620868136
1458,False,3.0451506115150213
1459,False,2.8941456342599468
1460,False,3.2539951467548143
1461,False,4.000075120259336
1462,False,4.0945792958152145
1463,False,2.9692821387645605
1464,False,3.4894559178201896
1465,False,2.641263455292513
1466,False,3.1289434660816564
1467,False,3.1581146224086636
1468,False,2.1841044698224983
1469,False,2.326602448094857
1470,False,2.965163012987667
1471,False,5.131420357359069
1472,False,4.040443828910148
1473,False,2.8261142990758796
1474,False,3.3233023668559203
1475,False,3.308448898886719
1476,False,4.612436154847663
1477,False,4.230633242448864
1478,False,2.5499280650223235
1479,False,3.3345761216946306
1480,False,2.5515148676543853
1481,False,3.4064585866902437
1482,False,2.9523025519478385
1483,False,2.1675131872034723
1484,False,3.0485870088379095
1485,False,3.5893723219055893
1486,False,4.093631828164601
1487,False,3.2418400124099622
1488,False,3.861049362628544
1489,False,2.472978919545423
1490,False,2.9363559262567946
1491,False,4.217339495649708
1492,False,2.7482815442999113
1493,False,2.9008049048727127
1494,False,2.0464499202832216
1495,False,3.7035785142543487
1496,False,4.785784801641499
1497,False,3.3691395431109745
1498,False,2.7189004676579778
1499,False,3.38253561006212
1500,False,2.8289273082973407
1501,False,3.1595154008036572
1502,False,4.151012154199898
1503,False,3.024293863047645
1504,False,3.1736551500022867
1505,False,2.5542924103856413
1506,False,2.486064209777216
1507,False,2.2137601035095225
1508,False,3.531740300216419
1509,False,2.8271449305575462
1510,False,3.147123649272295
1511,False,2.4969540627059432
1512,False,2.7591093759329715
1513,False,4.342204715111345
1514,False,3.394667173747479
1515,False,3.675314424354223
1516,False,4.993077638124078
1517,False,3.783819195141788
1518,False,3.0982627264947853
1519,False,2.5888642381959706
1520,False,3.1057897477749967
1521,False,3.195391602586854
1522,False,3.312891391369375
1523,False,3.1045405312398136
1524,False,2.909130333908773
1525,False,4.079401873410434
1526,False,3.270930868723977
1527,False,2.2021187255561108
1528,False,3.746470505342844
1529,False,2.4225525874412863
1530,False,2.629455953085164
1531,False,3.5466229101613425
1532,False,4.009472933998803
1533,False,4.400239478741976
1534,False,3.024858672478088
1535,False,3.7868295626393396
1536,False,2.7284376598191584
1537,False,3.691559579896667
1538,False,2.5443712296916314
1539,False,3.919534396467901
1540,False,3.020345253189052
1541,False,2.7647474667822287
1542,False,2.5127714712943954
1543,False,3.7019053481609667
1544,False,3.3459505968387857
1545,False,3.9934222971006745
1546,False,2.2957406404880456
1547,False,3.1093511097843844
1548,False,2.5721880858081745
1549,False,2.252770104299234
1550,False,4.118330935540911
1551,False,3.4432101528442702
1552,False,3.7491783183095038
1553,False,3.486328875879865
1554,False,4.127966732912917
1555,False,3.203266917757331
1556,False,3.0810685050882953
1557,False,3.5826332607938522
1558,False,2.797922772346667
1559,False,3.1274820919756654
1560,False,2.956055016235042
1561,False,3.443866865790468
1562,False,2.648969709020222
1563,False,3.889663020316618
1564,False,2.153912931481309
1565,False,2.7868889783661164
1566,False,3.3151495632080024
1567,False,2.7931012000887163
1568,False,4.338310470571233
1569,False,3.6031284639003767
1570,False,2.5649531743738105
1571,False,3.5554902409635827
1572,False,1.7138763630841198
1573,False,3.500053358612213
1574,False,4.3292635197063065
1575,False,3.3686714946425185
1576,False,3.9984782346959133
1577,False,3.7157891159153253
1578,False,2.6490054996726133
1579,False,1.8767289207735764
1580,False,4.918509192560228
1581,False,3.526939799803875
1582,False,2.380556100453309
1583,False,2.7515188706399387
1584,False,3.8202125013380166
1585,False,2.165944396013908
1586,False,2.897523335976984
1587,False,2.6226887829206396
1588,False,2.890328430375538
1589,False,2.692149180252255
1590,False,3.050846203228257
1591,False,4.0560790551397385
1592,False,2.3449543704688027
1593,False,3.496575700327877
1594,False,3.8248308981598105
1595,False,2.6506225258310945
1596,False,3.7902798651937935
1597,False,3.0203452531890522
1598,False,2.7423927019302115
1599,False,3.0475412979009397
1600,False,4.759018147919349
1601,False,3.7658748090246106
1602,False,3.9799442444659823
1603,False,2.9248082477120128
1604,False,3.160108049219652
1605,False,1.5435738382996222
1606,False,2.7910015436918543
1607,False,2.4969540627059432
1608,False,3.5476113908162223
1609,False,2.779844086466193
1610,False,4.289232144035742
1611,False,2.53243428308001
1612,False,2.751518870639938
1613,False,3.827273947186054
1614,False,3.095578476408511
1615,False,3.2842740710382574
1616,False,3.653067620768446
1617,False,3.4984328550215786
1618,False,4.56155920641825
1619,False,3.6314650993607036
1620,False,3.555490240963585
1621,False,4.7993344968949065
1622,False,3.985355129231313
1623,False,3.126126528301313
1624,False,4.852881257006771
1625,False,2.9520052350795227
1626,False,2.313618708962724
1627,False,3.8272739471860544
1628,False,3.1274511952370263
1629,False,2.5515148676543866
1630,False,3.818153400100316
1631,False,4.047862414502496
1632,False,2.99013728721574
1633,False,2.3024165254752513
1634,False,3.474092118066151
1635,False,4.3569718008016975
1636,False,3.989976052101965
1637,False,4.221044849333512
1638,False,2.9603824409452195
1639,False,2.944057008312312
1640,False,2.726837337983794
1641,False,2.474885186357279
1642,False,3.0439426726574736
1643,False,1.9830406924316064
1644,False,3.6739349334339853
1645,False,2.8062625924657945
1646,False,3.3044638509408
1647,False,2.7657764810788836
1648,False,3.146996481716187
1649,False,2.459486860477908
1650,False,2.7878596376523896
1651,False,4.345222900077841
1652,False,4.068109190042524
1653,False,2.4693228157771383
1654,False,4.4804893831565025
1655,False,2.8871286836457957
1656,False,2.683449526356695
1657,False,2.399616351132172
1658,False,2.314613558125631
1659,False,2.6836184996618204
1660,False,2.5361473244389825
1661,False,2.740408135946471
1662,False,3.146998941665284
1663,False,2.4837226755369812
1664,False,3.2831846025662634
1665,False,2.8992506721369167
1666,False,3.175633276764534
1667,False,2.3511543748675456
1668,False,3.0689603549891724
1669,False,4.107759554047973
1670,False,4.631692347625014
1671,False,2.1891736202778844
1672,False,2.554292410385641
1673,False,3.547758418578786
1674,False,2.7165767306804254
1675,False,2.193929096107877
1676,False,1.7510979352061604
1677,False,3.503107203760947
1678,False,2.7406230573782793
1679,False,2.5841504908569677
1680,False,5.163095444553352
1681,False,2.510099367409836
1682,False,2.496954062705943
1683,False,2.4570522610971723
1684,False,3.3174015630735867
1685,False,3.1524050640774366
1686,False,2.3130559518823564
1687,False,2.9416638398540673
1688,False,2.5687845446628295
1689,False,4.157155742626725
1690,False,2.274039473378411
1691,False,2.904248118625749
1692,False,2.496954062705943
1693,False,4.95016522003803
1694,False,2.782590287382298
1695,False,3.148906729650074
1696,False,3.2218369478207953
1697,False,3.6047009402115133
1698,False,3.38800560516332
1699,False,2.254799669654529
1700,False,3.80338414869077
1701,False,4.398094365088112
1702,False,3.4461376027326316
1703,False,2.725844454806066
1704,False,3.764729795808002
1705,False,2.489629365747551
1706,False,3.2244341771633978
1707,False,2.7108376044885056
1708,False,3.325387260789672
1709,False,3.282674849423059
1710,False,2.341944504833832
1711,False,2.8133737720782865
1712,False,2.353903731597311
1713,False,6.03525251788602
1714,False,2.9651537458216244
1715,False,2.001588300137824
1716,False,4.028710268195517
1717,False,5.27130023394703
1718,False,2.7852146823333594
1719,False,2.978433100980172
1720,False,2.706761911008897
1721,False,3.0182006955082783
1722,False,3.6803779109818384
1723,False,3.604700940211514
1724,False,3.4245682900731556
1725,False,3.9562200960841207
1726,False,3.450423042230572
1727,False,2.887128683645795
1728,False,2.0245822167490246
1729,False,2.7141068474223236
1730,False,2.9592275204307743
1731,False,2.5626135593164654
1732,False,2.210016206327662
1733,False,4.650502373705328
1734,False,3.389067911279097
1735,False,3.5035367251787015
1736,False,7.05252753074644
1737,False,2.7863311869004934
1738,False,3.7279141652414234
1739,False,3.306799827122545
1740,False,2.7356140851316315
1741,False,3.773856341117903
1742,False,3.1090399940809186
1743,False,3.682645224418934
1744,False,3.0574688469021183
1745,False,2.193751753960489
1746,False,4.048695647479504
1747,False,4.357524496698953
1748,False,3.357140041145114
1749,False,3.8834217671168285
1750,False,2.4478513768201857
1751,False,3.2329343131850505
1752,False,2.4999477907190655
1753,False,3.2945228485367664
1754,False,4.0995946278081306
1755,False,1.8297325881474686
1756,False,5.075126490341281
1757,False,3.279603437299122
1758,False,2.6646408304281444
1759,False,2.9917436399075434
1760,False,3.7055458057871804
1761,False,4.218481545101015
1762,False,3.0942968121298318
1763,False,2.7008316919240145
1764,False,2.0136315380527083
1765,False,3.946070474590315
1766,False,2.4969540627059437
1767,False,2.5769367038869433
1768,False,2.8189966811554976
1769,False,3.3732587585135403
1770,False,2.8846540028917107
1771,False,3.6447230546407403
1772,False,3.6037325687567003
1773,False,3.8406913238612805
1774,False,2.645863937192035
1775,False,4.191460781034368
1776,False,2.5441230983417804
1777,False,3.2845386879812533
1778,False,3.515514087716737
1779,False,4.000954333820816
1780,False,3.3299877450967594
1781,False,4.898729112304713
1782,False,4.571101204404388
1783,False,2.679977254683529
1784,False,2.7234981698300786
1785,False,2.4822148657648904
1786,False,5.1042516327763385
1787,False,3.0549144420119734
1788,False,2.6512869773427754
1789,False,3.331134053333925
1790,False,4.031913465265396
1791,False,2.7793258216105112
1792,False,2.2610044470053463
1793,False,6.078123279202327
1794,False,3.031401303533981
1795,False,3.6826452244189327
1796,False,3.0248882283175456
1797,False,3.848900980261268
1798,False,3.86611351203909
1799,False,3.952544147576827
1800,False,4.74015443044697
1801,False,3.2594140408820356
1802,False,3.396551881027536
1803,False,2.5593221839453886
1804,False,3.7410896709634356
1805,False,3.328008216074205
1806,False,2.5515148676543866
1807,False,2.6536690693985956
1808,False,2.816921050621494
1809,False,2.6766371495871053
1810,False,2.731599176086661
1811,False,3.6676898454537405
1812,False,2.440926565581993
1813,False,3.88218112359164
1814,False,4.413188276900758
1815,False,3.384537705476846
1816,False,3.375397991677791
1817,False,2.716649366498975
1818,False,2.9296853642672587
1819,False,3.2837295680722347
1820,False,2.7882099529194617
1821,False,3.743535637310363
1822,False,3.292584435048733
1823,False,4.984543112612236
1824,False,4.762312132643667
1825,False,2.8240279556851346
1826,False,2.386221749948025
1827,False,2.5711071720472605
1828,False,2.890328430375538
1829,False,2.041597633593096
1830,False,3.4189305444773375
1831,False,3.6826452244189336
1832,False,2.527294917933873
1833,False,3.3922381999611813
1834,False,3.170905240536414
1835,False,3.0368265388424134
1836,False,2.90413659934298
1837,False,2.170952401051419
1838,False,3.2148637260582023
1839,False,3.529864935581173
1840,False,3.962164227421114
1841,False,3.4840278178200834
1842,False,1.8710139269705934
1843,False,2.5787941623966337
1844,False,4.097869446269272
1845,False,2.395056750687802
1846,False,3.582015202715205
1847,False,4.157155742626725
1848,False,3.7946075441239353
1849,False,3.7147768900297446
1850,False,2.6836184996618218
1851,False,2.3029738728751887
1852,False,3.5495336689653727
1853,False,2.2657734559361358
1854,False,2.4971867857333807
1855,False,3.481442260979148
1856,False,3.5554902409635836
1857,False,3.469287181601822
1858,False,2.35343511270895
1859,False,2.703188035533617
1860,False,3.856837782115685
1861,False,3.5079523278847784
1862,False,2.450863287319824
1863,False,3.9315574891766083
1864,False,3.39477274330034
1865,False,2.522934532420257
1866,False,2.5295101907043858
1867,False,2.230038118660404
1868,False,3.940421864758752
1869,False,2.627371055675002
1870,False,4.5868310599003
1871,False,2.99376788238496
1872,False,3.4691249932430526
1873,False,3.057333992645415
1874,False,2.4160697760766277
1875,False,3.995477573102593
1876,False,3.555490240963585
1877,False,4.032073980414577
1878,False,2.1625691687645454
1879,False,3.779577638419454
1880,False,4.296817233856893
1881,False,4.8859624927196705
1882,False,2.808623079154833
1883,False,3.169793413381211
1884,False,3.583518077514635
1885,False,4.450205985295563
1886,False,2.9046296307493273
1887,False,2.9749853899267755
1888,False,3.528759824041296
1889,False,4.621225681271641
1890,False,2.6807047093272742
1891,False,2.7148816306469303
1892,False,2.4395269696209105
1893,False,2.887128683645796
1894,False,2.6635738208327395
1895,False,2.7904520821744416
1896,False,4.349988112451521
1897,False,2.49128643726668
1898,False,2.9190216024480495
1899,False,4.564272280536209
1900,False,2.845625789571269
1901,False,3.1591326565103315
1902,False,2.765157495673818
1903,False,2.809293842057336
1904,False,2.8252786249178765
1905,False,2.1018752878570672
1906,False,3.2637650486154794
1907,False,3.7475730708056756
1908,False,3.3376459918625696
1909,False,4.180222840356904
1910,False,3.0060643706666297
1911,False,3.121416820206141
1912,False,2.1931510167537103
1913,False,3.5240528219081093
1914,False,3.544041055515651
1915,False,3.7559888189734094
1916,False,3.102644326564713
1917,False,3.4452208589668234
1918,False,3.4034297480674027
1919,False,2.455882731935967
1920,False,3.7686316522212997
1921,False,3.436460389179349
1922,False,5.112774105236665
1923,False,4.194275317375952
1924,False,2.8185166018576444
1925,False,2.9048816220805707
1926,False,2.3950735906302225
1927,False,2.991534712144205
1928,False,3.660170019045674
1929,False,2.463217822820953
1930,False,2.988203117975683
1931,False,2.7821936117113655
1932,False,3.5227721909077383
1933,False,2.3326550217086326
1934,False,2.7531368249490127
1935,False,2.9592880650484856
1936,False,3.7488749113934103
1937,False,2.4421419052855393
1938,False,3.303731750728383
1939,False,2.7944454605937694
1940,False,2.8604554248311844
1941,False,2.2405067654550526
1942,False,3.268004214718071
1943,False,3.5307502557202124
1944,False,3.004453396513649
1945,False,2.6300926629033077
1946,False,2.981497489048444
1947,False,3.361116401183337
1948,False,3.170905240536415
1949,False,2.8816285020191366
1950,False,3.2029005142290607
1951,False,2.3041874795244133
1952,False,2.496954062705942
1953,False,3.9935061603715227
1954,False,3.24443453111451
1955,False,3.361554471287721
1956,False,2.469591033323774
1957,False,2.5510838916179406
1958,False,2.3087007197974945
1959,False,3.752839776445922
1960,False,3.4897049547226895
1961,False,5.425468218924313
1962,False,2.0854059445436386
1963,False,3.67389757396159
1964,False,3.5723176118059174
1965,False,2.5685543609306487
1966,False,2.9002180322344966
1967,False,4.187677472238386
1968,False,4.32907340176363
1969,False,2.921464884835776
1970,False,3.1661117049688836
1971,False,3.2046960576086145
1972,False,3.3853897064021057
1973,False,4.596631485507166
1974,False,2.2588777818379673
1975,False,1.3430341138949864
1976,False,3.347583376960563
1977,False,3.4740921180661517
1978,False,3.764729795808002
1979,False,2.9438256136638317
1980,False,2.3243039531485983
1981,False,3.9080295590013314
1982,False,2.965560400216651
1983,False,2.4964659530272257
1984,False,3.1467052954252126
1985,False,2.32243034899294
1986,False,3.142265363193792
1987,False,2.1796499642409866
1988,False,3.321904408715134
1989,False,2.683618499661821
1990,False,2.827269042849856
1991,False,4.310648028002383
1992,False,3.377016743163536
1993,False,2.705841164843231
1994,False,3.238738696186668
1995,False,2.0833019407034903
1996,False,3.9700902944249328
1997,False,3.167809003878797
1998,False,2.59415346701305
1999,False,3.993839562961556
2000,False,4.588105191895924
2001,False,3.3009733320937826
2002,False,3.047214685057038
2003,False,2.9637598516459764
2004,False,3.265259452052435
2005,False,3.8737777488018206
2006,False,3.2444345311145075
2007,False,2.491675628447983
2008,False,2.5627136520579756
2009,False,1.8934600271429258
2010,False,3.7238956372759437
2011,False,2.9480653411057167
2012,False,2.970094625679863
2013,False,2.8820567569139204
2014,False,2.4154401883003813
2015,False,2.4582431595353778
2016,False,3.38789051530102
2017,False,2.4458052645331017
2018,False,4.039758939829289
2019,False,2.735928802278668
2020,False,2.99013728721574
2021,False,3.709462205666787
2022,False,2.8485712696309147
2023,False,2.598070049893624
2024,False,3.48101811273103
2025,False,3.7005079215234726
2026,False,2.6671647152584907
2027,False,2.941538038385014
2028,False,3.008481001601607
2029,False,3.8858175464180977
2030,False,2.0214317509934583
2031,False,2.870600690308467
2032,False,4.273787138981787
2033,False,2.4896293657475503
2034,False,3.633742065085785
2035,False,2.8871286836457952
2036,False,2.5953377103440913
2037,False,3.5471774717957527
2038,False,3.536298103888792
2039,False,2.6087605986077547
2040,False,3.300344142664118
2041,False,2.9515376299037945
2042,False,2.99376788238496
2043,False,3.5740135257500687
2044,False,2.5846294159814067
2045,False,2.663824175081715
2046,False,2.6104307275613796
2047,False,3.9735603205665355
2048,False,3.499932111614047
2049,False,3.045956968359529
2050,False,2.9599463191903452
2051,False,2.083761722474474
2052,False,2.7534617215120085
2053,False,4.018561423891192
2054,False,3.672704835623047
2055,False,2.4478513768201857
2056,False,2.6294559530851638
2057,False,2.5515148676543844
2058,False,2.8284329767892915
2059,False,2.9339586845938577
2060,False,3.4522244602310637
2061,False,2.6836184996618204
2062,False,3.5564031923510373
2063,False,4.419682003916648
2064,False,2.9761692492296135
2065,False,4.462295038018985
2066,False,3.457518472480238
2067,False,3.680379425835203
2068,False,4.121997039039488
2069,False,3.7891664830152347
2070,False,4.864046657981019
2071,False,2.9683580279714126
2072,False,3.1487931811957153
2073,False,1.810218344521895
2074,False,1.5568379405432917
2075,False,5.2887838366099515
2076,False,1.8415938674613623
2077,False,3.077269835317125
2078,False,2.4652417273347362
2079,False,2.6458639371920345
2080,False,4.984543112612238
2081,False,3.2960841846278663
2082,False,2.7303452749351496
2083,False,3.9233106793020545
2084,False,4.484118282887546
2085,False,2.2715738435189774
2086,False,3.4320483295048225
2087,False,3.5240528219081093
2088,False,3.822155692829525
2089,False,2.4881341370646557
2090,False,3.8569845405049192
2091,False,2.337383606827244
2092,False,3.696304456737504
2093,False,3.0893410463474935
2094,False,4.0121103540922425
2095,False,2.308137338766078
2096,False,3.8032119643593925
2097,False,3.162889959034308
2098,False,4.511587947673833
2099,False,2.6336812529675666
2100,False,2.666245089276527
2101,False,3.6097890714881804
2102,False,2.227802121863603
2103,False,3.423242261090781
2104,False,2.542022015880739
2105,False,2.812072496836762
2106,False,4.786964672488058
2107,False,3.665787671033483
2108,False,4.656176830239664
2109,False,3.3386804429138266
2110,False,4.864046657981016
2111,False,2.114077392736717
2112,False,2.7482815442999096
2113,False,2.561820965408977
2114,False,2.949985405846367
2115,False,3.17966728563538
2116,False,2.3547376627503267
2117,False,2.1993159989444995
2118,False,3.0807441871877583
2119,False,3.6136870912325523
2120,False,2.794433662225801
2121,False,3.8246723871653665
2122,False,2.4999477907190655
2123,False,2.459488604501024
2124,False,3.5488591030977927
2125,False,3.189369806722169
2126,False,2.585282098230963
2127,False,2.586693653935894
2128,False,4.396142249722316
2129,False,2.7476285697787786
2130,False,3.050846203228254
2131,False,3.750336051430526
2132,False,2.9182792878243604
2133,False,3.0765844221743084
2134,False,2.6836184996618213
2135,False,2.8995473851916396
2136,False,3.3393052741990408
2137,False,2.904826108121361
2138,False,3.4509456283863496
2139,False,3.675977668771803
2140,False,2.4999477907190655
2141,False,4.805876666378661
2142,False,2.6835752299580804
2143,False,4.403904315506147
2144,False,2.0875231626575848
2145,False,3.7258203818552573
2146,False,2.8290059525106406
2147,False,2.4969540627059437
2148,False,2.630887913840652
2149,False,3.6243345931761137
2150,False,4.046648520048565
2151,False,3.150132058226423
2152,False,3.0223994866302992
2153,False,3.280150714417297
2154,False,1.7494470666783315
2155,False,3.7622795419575894
2156,False,2.730345274935149
2157,False,2.7531368249490136
2158,False,3.036826538842412
2159,False,2.9512152247369627
2160,False,3.096977280453953
2161,False,2.0987754602384654
2162,False,4.124341422426741
2163,False,3.1504072650090107
2164,False,3.85794517843265
2165,False,2.751518870639937
2166,False,3.9090892737684433
2167,False,2.0245822167490255
2168,False,2.6343840477538296
2169,False,2.7279862761018796
2170,False,2.9214648848357765
2171,False,3.7279141652414234
2172,False,3.2364407395753885
2173,False,3.2242885988563574
2174,False,1.6772818863342651
2175,False,2.990137287215739
2176,False,4.577008787829889
2177,False,2.496954062705943
2178,False,1.9520242075703136
2179,False,4.426920012291138
2180,False,4.068786406352552
2181,False,3.237551768748425
2182,False,3.4383567798837076
2183,False,3.2035051176382257
2184,False,3.6826452244189336
2185,False,2.9860887191117262
2186,False,3.0182006955082774
2187,False,3.182631280119329
2188,False,4.738287333663617
2189,False,2.551288328846702
2190,False,4.054780471039789
2191,False,2.2368607458907475
2192,False,4.001979801771188
2193,False,4.104705377614425
2194,False,5.086504945446531
2195,False,2.5477869512189923
2196,False,2.2118803337136215
2197,False,2.782183002005533
2198,False,2.61029073816936
2199,False,2.130872074280623
2200,False,3.1418957287480906
2201,False,2.9761768679324043
2202,False,2.9357511126630516
2203,False,2.951294004130597
2204,False,2.747396829582299
2205,False,3.881104261015012
2206,False,2.358876783501877
2207,False,2.6060540630014843
2208,False,3.0406149373439146
2209,False,3.0921095390712643
2210,False,3.3475833769605616
2211,False,4.180326535680503
2212,False,2.703981391471518
2213,False,3.3452276230736673
2214,False,3.6444296198066537
2215,False,3.3531971537982503
2216,False,3.224724535672545
2217,False,1.8664937566441098
2218,False,4.080263404864554
2219,False,3.8494295355971087
2220,False,3.404683621014717
2221,False,4.611650635580313
2222,False,3.1935015156869637
2223,False,3.936810696072656
2224,False,2.8798853589238838
2225,False,3.161322072718187
2226,False,2.9673004040293702
2227,False,2.233582513516978
2228,False,5.965713898796777
2229,False,3.8246723871653665
2230,False,2.5515148676543844
2231,False,2.5809523754225885
2232,False,3.3245284045757435
2233,False,2.6681322464810893
2234,False,4.275246538219902
2235,False,3.0492855686812703
2236,False,3.141175626378424
2237,False,4.497196836561083
2238,False,4.998284113740501
2239,False,2.272774665250898
2240,False,5.220914303647812
2241,False,3.4256020698307506
2242,False,2.8428137880682294
2243,False,3.0182006955082774
2244,False,3.540782390751326
2245,False,2.1984844456553665
2246,False,3.096635527124988
2247,False,2.5515148676543866
2248,False,3.235126603740278
2249,False,3.1617858159015944
2250,False,2.490407074165146
2251,False,3.5554902409635836
2252,False,3.732344954174272
2253,False,2.464640420519986
2254,False,2.74828154429991
2255,False,3.8054166580771716
2256,False,4.433442616309853
2257,False,3.248926330421455
2258,False,3.2563307392090297
2259,False,3.7790629741755715
2260,False,2.8719924176624323
2261,False,2.703360384577931
2262,False,3.962164227421121
2263,False,3.837133658074996
2264,False,1.9223316639673267
2265,False,2.553467787750003
2266,False,3.2058276816501
2267,False,2.711707041075011
2268,False,2.7152847940132023
2269,False,2.910512082109941
2270,False,3.0244734884057207
2271,False,3.0667526297117242
2272,False,3.134539030473464
2273,False,3.3162308265645937
2274,False,4.724654712675954
2275,False,2.658191128909057
2276,False,4.1542236938694925
2277,False,3.225524338889547
2278,False,2.5998835454148015
2279,False,3.9413358109112937
2280,False,3.85752805464574
2281,False,2.125436505991358
2282,False,1.9382942542073864
2283,False,2.735798085365316
2284,False,3.8059975193013194
2285,False,2.7852146823333594
2286,False,2.9850333340335142
2287,False,2.753173372982857
2288,False,2.6586011372286524
2289,False,3.0842674951689046
2290,False,2.8953112029630805
2291,False,3.490218790140498
2292,False,3.5213661271971772
2293,False,3.6739349334339844
2294,False,3.6958030564321374
2295,False,2.4969540627059437
2296,False,3.4921873887285
2297,False,3.3741707103822334
2298,False,3.195342079779594
2299,False,2.0474231024521177
2300,False,3.474092118066151
2301,False,2.6662260365829953
2302,False,4.0363542427200345
2303,False,2.740776269789091
2304,False,5.183176226471847
2305,False,2.8172920644581323
2306,False,4.477000425718221
2307,False,2.7682622790973688
2308,False,3.805727915588257
2309,False,3.3748776752357643
2310,False,2.598630061564335
2311,False,1.5601673653990538
2312,False,2.3970142127441623
2313,False,2.753647066418388
2314,False,4.307555590737834
2315,False,4.708095345881257
2316,False,3.131687151730856
2317,False,2.3876118008851948
2318,False,3.2926456468307888
2319,False,3.608696745333685
2320,False,4.304114086930208
2321,False,4.328950045896871
2322,False,4.415880796868803
2323,False,1.7931601177226135
2324,False,3.399334002353991
2325,False,3.47409211806615
2326,False,4.220417753316382
2327,False,3.503536725178701
2328,False,3.372043702951329
2329,False,2.7437725603941923
2330,False,3.324210006540275
2331,False,3.3678900401166034
2332,False,4.903241101776572
2333,False,2.5818727546779456
2334,False,2.8871286836457957
2335,False,5.491529684828362
2336,False,3.6305583452061163
2337,False,2.7482815442999105
2338,False,4.106530255874883
2339,False,2.8602826203947647
2340,False,2.4896293657475494
2341,False,2.7482815442999096
2342,False,3.0854001858611926
2343,False,3.156326710577431
2344,False,2.4457517254312613
2345,False,3.1086626414155742
2346,False,4.600556504518626
2347,False,3.4950604784391612
2348,False,4.228227174273194
2349,False,3.2358658335206316
2350,False,4.159430024414065
2351,False,2.6836184996618195
2352,False,2.6268183236570786
2353,False,3.4565162244711103
2354,False,3.7703571262260036
2355,False,3.1571424689934333
2356,False,3.063916172616007
2357,False,3.803071187770873
2358,False,2.5515148676543844
2359,False,3.0348868631907138
2360,False,2.571954437919651
2361,False,4.447402427230079
2362,False,4.200626155160653
2363,False,2.3570804546798163
2364,False,3.018200695508278
2365,False,2.1683144481583074
2366,False,3.701905348160966
2367,False,3.2785561653819326
2368,False,4.55088411797443
2369,False,2.785522588094066
2370,False,3.1864665231408074
2371,False,2.64776110074617
2372,False,2.268328832211238
2373,False,2.985063471730832
2374,False,4.662480069560676
2375,False,3.4320483295048216
2376,False,3.02958549684772
2377,False,3.5482151827369237
2378,False,2.765929080262157
2379,False,1.876541229155118
2380,False,2.9552597185948164
2381,False,1.7620659018353277
2382,False,3.3678900401166043
2383,False,3.290198004475396
2384,False,3.294264563948512
2385,False,3.555490240963583
2386,False,3.469287181601822
2387,False,2.5543999845191157
2388,False,2.736748990272799
2389,False,2.673866480883067
2390,False,2.6512869773427754
2391,False,3.579660572674453
2392,False,2.165944396013909
2393,False,3.756635103396325
2394,False,4.378926943657084
2395,False,3.1325178424983147
2396,False,3.3589206126099924
2397,False,2.7994985445687726
2398,False,3.2489239225052797
2399,False,3.881114113633081
2400,False,2.788686133442248
2401,False,2.4228962646698067
2402,False,3.390950625881796
2403,False,3.4410450537396593
2404,False,2.683618499661821
2405,False,3.481406946222702
2406,False,2.6387846871123664
2407,False,2.7427994680959875
2408,False,3.8012667657882746
2409,False,5.120973099905081
2410,False,1.7653468954753075
2411,False,3.16616696906733
2412,False,3.5938990738861705
2413,False,3.273163982809608
2414,False,2.921776048381972
2415,False,3.7697899967124853
2416,False,3.2831430068536656
2417,False,2.306618936180238
2418,False,1.9987533748466153
2419,False,4.6383269479966085
2420,False,3.1835911093623914
2421,False,4.565683886019156
2422,False,3.2475655834398296
2423,False,3.5372848894914735
2424,False,4.2712690686257835
2425,False,3.1024872467291833
2426,False,3.253995146754811
2427,False,4.485605837853228
2428,False,2.495450806362055
2429,False,2.987951345342317
2430,False,3.0557078024836573
2431,False,2.7127783003364843
2432,False,3.3250571433599276
2433,False,3.7201600585762775
2434,False,3.2730348710437487
2435,False,2.731521943674354
2436,False,2.8591653606949534
2437,False,2.165944396013909
2438,False,3.60873223449691
2439,False,3.324210006540275
2440,False,2.77677827149384
2441,False,3.9921776084767213
2442,False,2.9214648848357765
2443,False,1.9221517674301072
2444,False,3.8419713888622193
2445,False,3.022309531308758
2446,False,1.9224420721271254
2447,False,2.6512869773427745
2448,False,2.0977163615177123
2449,False,2.2976656289967936
2450,False,3.47348877068847
2451,False,3.1757497882857435
2452,False,3.0783122259075517
2453,False,4.604399392127751
2454,False,3.4048208663616863
2455,False,3.5906978367084834
2456,False,3.8416714417007136
2457,False,2.6014700412371736
2458,False,4.593981679094335
2459,False,4.759134530012426
2460,False,2.99013728721574
2461,False,3.977665490297763
2462,False,2.9363559262567955
2463,False,3.44542332949882
2464,False,3.870085881594779
2465,False,2.4969540627059437
2466,False,3.0844332247014306
2467,False,3.674935031962364
2468,False,2.826990620868136
2469,False,2.7683425345829606
2470,False,2.990137645453489
2471,False,2.627629224182456
2472,False,3.7647297958080026
2473,False,4.227540016403128
2474,False,2.9057528463255364
2475,False,4.483931141246551
2476,False,2.873342945682837
2477,False,2.5904003130057887
2478,False,2.4078417634688547
2479,False,3.8163884386019684
2480,False,2.8509121555356502
2481,False,3.4353680252964045
2482,False,2.8591653606949534
2483,False,3.0431126446255683
2484,False,4.2673045687498465
2485,False,3.306302526479688
2486,False,2.399710741939821
2487,False,2.9028884092634484
2488,False,2.780025525213752
2489,False,3.31796491856003
2490,False,3.0576026070668516
2491,False,3.041772607066796
2492,False,2.4071498713696005
2493,False,2.818636017274648
2494,False,3.4681495565970417
2495,False,3.604700940211512
2496,False,3.367632343048492
2497,False,3.223671542164701
2498,False,4.099467303605287
2499,False,4.086054739327014
2500,False,2.8316649307138007
2501,False,1.9727428710859138
2502,False,4.25133042486345
2503,False,5.139472575959949
2504,False,2.6266766092649245
2505,False,2.518424583092799
2506,False,2.5515148676543853
2507,False,4.006596071595006
2508,False,3.504938857290146
2509,False,2.977175333660223
2510,False,4.592821277885092
2511,False,2.6100319375784027
2512,False,4.779926954028445
2513,False,4.044455671230501
2514,False,5.400850902616289
2515,False,3.2550311632696176
2516,False,3.5579056101758364
2517,False,2.855848613039065
2518,False,4.428941796435354
2519,False,2.4999477907190655
2520,False,1.5057133348307241
2521,False,3.4692871816018203
2522,False,1.907420633419896
2523,False,2.782333577283575
2524,False,3.2742493026983164
2525,False,2.5588590358450145
2526,False,2.6405471012094224
2527,False,2.9426708700921744
2528,False,3.8628344230714093
2529,False,3.6711451930238392
2530,False,7.202409642272315
2531,False,3.4913980385885623
2532,False,2.3849961873124848
2533,False,3.773338147880928
2534,False,2.220718000778178
2535,False,3.7519917731627657
2536,False,2.2767519344819203
2537,False,3.4692871816018216
2538,False,4.1938716247818855
2539,False,3.6647094522172106
2540,False,3.4191233645531227
2541,False,2.416113954046732
2542,False,4.391457832153251
2543,False,3.8919912746838063
2544,False,3.523036344116354
2545,False,2.447851376820185
2546,False,3.4618731741045137
2547,False,2.8264955534230816
2548,False,2.5515148676543844
2549,False,3.2662654196921275
2550,False,2.8871286836457966
2551,False,2.9643630872014906
2552,False,2.4392250251813574
2553,False,3.971807390960996
2554,False,2.779754547127784
2555,False,2.0398923503024387
2556,False,2.902584705559465
2557,False,3.1420702203371222
2558,False,3.10061479159756
2559,False,3.3449970188182374
2560,False,1.689667760596228
2561,False,4.495504874093334
2562,False,3.219120454031926
2563,False,4.3050118377087605
2564,False,3.428681486869782
2565,False,2.5803302687394445
2566,False,4.211459511821164
2567,False,3.923471978208134
2568,False,2.5515148676543875
2569,False,3.2637269966037263
2570,False,3.5717474571216314
2571,False,2.262885733624769
2572,False,2.4938449424924087
2573,False,2.8785975668869868
2574,False,3.5982454141680424
2575,False,5.491529684828359
2576,False,4.269355824167935
2577,False,3.394878994435694
2578,False,2.079219753868795
2579,False,2.423758106508432
2580,False,3.8822276569848513
2581,False,2.1122260062922456
2582,False,2.8272933669488274
2583,False,2.1659443960139075
2584,False,4.315642159911575
2585,False,3.444904786308357
2586,False,2.341216364624118
2587,False,2.8545858495782452
2588,False,5.314473540966058
2589,False,2.0291770439878305
2590,False,3.842124073515815
2591,False,4.1657675582568805
2592,False,3.2662654196921275
2593,False,2.696111186456455
2594,False,2.9901372872157403
2595,False,3.243219437452427
2596,False,3.668887996265403
2597,False,3.1469989416652826
2598,False,3.4274554201597676
2599,False,4.864046657981017
2600,False,3.7866470642148244
2601,False,4.424297714697583
2602,False,2.128841654601732
2603,False,2.0245822167490237
2604,False,2.5778533365469585
2605,False,2.720182672884739
2606,False,3.0244734884057207
2607,False,2.1676996097091763
2608,False,3.3633156280900898
2609,False,3.0850555716725725
2610,False,4.3180669836933605
2611,False,4.4014604466062925
2612,False,4.5761445147491315
2613,False,3.963343292785949
2614,False,3.9158081609580275
2615,False,2.9406584457617417
2616,False,3.124877903810421
2617,False,2.109574705890576
2618,False,3.6826452244189336
2619,False,2.8264955534230802
2620,False,3.308900065530387
2621,False,2.91827928782436
2622,False,2.6836184996618204
2623,False,5.166139397146451
2624,False,2.955388348613851
2625,False,4.30620017152521
2626,False,2.791419425897367
2627,False,2.5542924103856386
2628,False,2.6051022503188452
2629,False,2.729921542053576
2630,False,2.9901372872157403
2631,False,2.977068294069821
2632,False,2.7904373789268537
2633,False,3.796310005803304
2634,False,3.7180944184505322
2635,False,2.9637855054315154
2636,False,3.0674841400882777
2637,False,4.155452800060571
2638,False,3.1139097353277667
2639,False,2.7059277273478313
2640,False,2.6341322539682053
2641,False,4.1248008631076845
2642,False,3.5072830264239228
2643,False,4.173541971853573
2644,False,3.367835059171276
2645,False,2.6781334920939894
2646,False,2.165944396013908
2647,False,2.5187901462531426
2648,False,3.474092118066151
2649,False,2.6488314467842207
2650,False,3.0182006955082774
2651,False,3.12318159060891
2652,False,3.87103982255436
2653,False,2.46966751560601
2654,False,3.4383567798837062
2655,False,2.4969540627059437
2656,False,2.4627368124940885
2657,False,4.195621435080594
2658,False,2.3054167572424356
2659,False,2.4742860928103756
2660,False,3.353696339427984
2661,False,3.1382977844975537
2662,False,3.7580601265472513
2663,False,3.8737777488018197
2664,False,2.341031616586267
2665,False,2.980133291362541
2666,False,2.186535393442219
2667,False,2.6530817077268254
2668,False,2.2267249419436026
2669,False,3.880025076418311
2670,False,2.971599542779284
2671,False,2.9235569346349295
2672,False,2.647987780265779
2673,False,3.292347844804204
2674,False,3.4700042216889893
2675,False,3.474092118066151
2676,False,2.701686793995358
2677,False,2.756247639003916
2678,False,5.086819406426412
2679,False,2.499013678090602
2680,False,2.849926982461856
2681,False,3.0098853999002846
2682,False,2.6512057185813425
2683,False,3.4536893436629525
2684,False,3.7824639438638292
2685,False,3.764729795808002
2686,False,2.506513192050712
2687,False,3.521191166774526
2688,False,3.641128000020845
2689,False,1.7768869362198456
2690,False,2.5640961020371345
2691,False,2.6220085243148774
2692,False,2.835489202692154
2693,False,4.152118930463838
2694,False,4.068786406352552
2695,False,3.30844070652719
2696,False,2.965163012987668
2697,False,2.683618499661821
2698,False,3.031945346557097
2699,False,2.91329181987318
2700,False,2.260636243581366
2701,False,3.264282400602639
2702,False,3.9565129290188152
2703,False,3.9034971139667483
2704,False,2.5718331021446
2705,False,3.195893419998359
2706,False,2.509929162980967
2707,False,2.5012437908568486
2708,False,3.078382568397887
2709,False,4.157155742626725
2710,False,3.604700940211511
2711,False,3.257843666804893
2712,False,2.232827895298041
2713,False,2.742536543315933
2714,False,2.751518870639938
2715,False,4.01120777866561
2716,False,2.298664335369875
2717,False,4.054059103285357
2718,False,3.3003441426641187
2719,False,2.6009364139949067
2720,False,4.6591445961831175
2721,False,3.240954237016735
2722,False,2.9592880650484865
2723,False,3.476329880619957
2724,False,3.014021106816417
2725,False,3.4033659693682967
2726,False,3.2015420551851714
2727,False,3.229958219554868
2728,False,3.424131414224192
2729,False,3.4659270062612175
2730,False,2.7482815442999105
2731,False,2.3543083862924634
2732,False,1.8003086344540893
2733,False,2.262539394496654
2734,False,3.5554902409635836
2735,False,3.5630340871781705
2736,False,3.4825884437572694
2737,False,2.410374987618354
2738,False,3.529314139529908
2739,False,4.093407837170814
2740,False,3.6826452244189327
2741,False,4.8640466579810155
2742,False,4.178238025610019
2743,False,3.4915021897819845
2744,False,3.320174721502898
2745,False,3.97537489528274
2746,False,3.2161249692089604
2747,False,2.6836184996618204
2748,False,3.016766732847395
2749,False,2.2204054430574116
2750,False,2.8547470187505724
2751,False,3.0921553340198207
2752,False,3.9231097433708486
2753,False,2.581548466549191
2754,False,2.5953377103440927
2755,False,4.242562440254812
2756,False,3.517385826536206
2757,False,3.882898854374092
2758,False,4.313368891000033
2759,False,4.701945333720342
2760,False,3.2627537117468397
2761,False,4.7161163154608685
2762,False,4.879726649138948
2763,False,3.5554902409635827
2764,False,2.789523365986721
2765,False,3.182678358708631
2766,False,2.736040769066816
2767,False,4.315421157475252
2768,False,3.1098213733572733
2769,False,2.7482815442999105
2770,False,2.409580419564423
2771,False,3.0627275170579087
2772,False,3.897440585641896
2773,False,2.185176532800127
2774,False,3.218043510876112
2775,False,3.338945083867961
2776,False,2.499153236949941
2777,False,2.459277048870538
2778,False,2.987168272386086
2779,False,3.095113135863073
2780,False,2.940681902133792
2781,False,2.6429023806438416
2782,False,2.1714259931380755
2783,False,3.3998138521648347
2784,False,3.2924089146129547
2785,False,3.2907625716156566
2786,False,3.875165992287501
2787,False,2.3427995172744747
2788,False,2.4969540627059432
2789,False,4.905729698593521
2790,False,3.452577562462362
2791,False,2.5696721015484467
2792,False,4.399529572112161
2793,False,3.5646937096377243
2794,False,3.0577081619236846
2795,False,2.5568422611016657
2796,False,2.7641716052539187
2797,False,3.2513774644850475
2798,False,4.82886906875609
2799,False,2.9147626902571333
2800,False,3.1443154602634147
2801,False,3.092665133060016
2802,False,3.3515541277857204
2803,False,5.565627541819783
2804,False,1.895091629426726
2805,False,3.469227094478884
2806,False,2.447851376820185
2807,False,3.016054269655875
2808,False,3.7451324611735264
2809,False,2.6576007431569564
2810,False,3.2567453023047603
2811,False,2.4693228157771374
2812,False,4.332264426029885
2813,False,3.2539951467548125
2814,False,3.476504953178481
2815,False,3.458783230216116
2816,False,4.090628984885559
2817,False,3.4721599963532297
2818,False,3.0911200310872773
2819,False,3.2594140408820356
2820,False,3.8020933507636707
2821,False,2.2391131038185415
2822,False,2.4033902515187267
2823,False,3.0366581087270927
2824,False,3.3799862350114767
2825,False,3.512379262485608
2826,False,2.2011716071345377
2827,False,3.9502632966507427
2828,False,2.7369641136711893
2829,False,4.580081427321467
2830,False,4.88453519131711
2831,False,1.9856896105510207
2832,False,1.9352512082541073
2833,False,3.280617537480014
2834,False,2.779844086466193
2835,False,2.0800444499600284
2836,False,3.0681613993502364
2837,False,4.119691687246553
2838,False,2.1937431554463656
2839,False,3.388114864441731
2840,False,4.117062648126798
2841,False,3.7074068273476484
2842,False,1.7411420948861138
2843,False,2.2253883758384303
2844,False,2.3939798342691936
2845,False,2.444019793581091
2846,False,2.3285026121894563
2847,False,3.8584986459130284
2848,False,3.893641809170055
2849,False,2.6847525014460647
2850,False,3.330738664936829
2851,False,3.727914165241423
2852,False,3.723895637275943
2853,False,2.1439773195487017
2854,False,4.440718280401154
2855,False,2.9426708700921744
2856,False,3.402656954205553
2857,False,2.7664269910551846
2858,False,3.0025729274418573
2859,False,2.3126963917975694
2860,False,2.58588587215982
2861,False,3.357517150510345
2862,False,2.8703102799015876
2863,False,2.8995473851916396
2864,False,3.24532749541015
2865,False,4.528204047738725
2866,False,2.8828018789467875
2867,False,3.950060473891384
2868,False,2.5542924103856386
2869,False,3.7800075721358692
2870,False,2.6647661189823517
2871,False,2.9088665950753247
2872,False,4.415880796868804
2873,False,3.2742493026983164
2874,False,3.69519225427029
2875,False,2.8289326537371604
2876,False,2.3886161645380493
2877,False,3.2960190465872015
2878,False,2.4231899505024366
2879,False,3.543933537681788
2880,False,5.203456806019258
2881,False,2.869033698201506
2882,False,4.200357397995855
2883,False,2.4071498713696013
2884,False,2.9400610324022107
2885,False,3.9299835406240238
2886,False,3.5282350437849055
2887,False,2.3662901328682056
2888,False,3.0400721049518107
2889,False,6.562698795273171
2890,False,3.079925039285872
2891,False,5.092926910862543
2892,False,4.258319532099604
2893,False,4.077973769716946
2894,False,2.400314240560213
2895,False,4.398065244730944
2896,False,3.3602770851593275
2897,False,2.5236473362709955
2898,False,4.559211258916361
2899,False,1.9539383651049378
2900,False,2.572440139510322
2901,False,2.5515148676543866
2902,False,4.180222840356903
2903,False,2.5631626564524543
2904,False,2.48962936574755
2905,False,4.526536081925889
2906,False,3.772823754943113
2907,False,2.9710156758551247
2908,False,2.8357969728011962
2909,False,3.948566230008622
2910,False,2.5515148676543853
2911,False,2.653553126545657
2912,False,4.01915975644985
2913,False,3.7427460770995897
2914,False,2.783733223291392
2915,False,3.0317308064528863
2916,False,2.533433480646846
2917,False,4.433918510893374
2918,False,3.068161399350236
2919,False,3.6002370781795126
2920,False,4.219527912783108
2921,False,2.165944396013909
2922,False,2.825278624917878
2923,False,3.0357666669123105
2924,False,3.9209480433669768
2925,False,3.745371669978139
2926,False,2.4969540627059437
2927,False,2.7959438786602986
2928,False,2.96928213876456
2929,False,4.050083791576448
2930,False,3.262007842414408
2931,False,2.7524091610296417
2932,False,2.8839867299808066
2933,False,2.415337041528503
2934,False,3.474434851571243
2935,False,2.5953377103440936
2936,False,3.8526955014875215
2937,False,5.171300812250817
2938,False,2.7206313870780976
2939,False,3.308835664076515
2940,False,2.7325988455626993
2941,False,3.324610943646377
2942,False,2.8909311019959185
2943,False,3.0579738695972685
2944,False,2.7531368249490136
2945,False,2.6634038608618136
2946,False,3.2732265464198687
2947,False,3.7058522389976636
2948,False,4.361561277231903
2949,False,3.2460382503936205
2950,False,3.681833995944206
2951,False,4.808307270202449
2952,False,2.6685980604911657
2953,False,3.5236883190504105
2954,False,3.541981532334006
2955,False,2.9734155409604597
2956,False,3.5617818488757846
2957,False,3.2922303219744187
2958,False,3.2071581869273658
2959,False,3.5613153443939276
2960,False,2.5627136520579774
2961,False,7.9081045840399815
2962,False,3.3810074876302374
2963,False,3.1136675426310414
2964,False,2.764181782654457
2965,False,3.398783683040788
2966,False,3.2973136634583646
2967,False,3.623974229592027
2968,False,2.396813636848424
2969,False,3.405326962494744
2970,False,2.99013728721574
2971,False,2.6904890595671263
2972,False,2.3739419302161515
2973,False,5.379588201328413
2974,False,3.1040883710800635
2975,False,1.9477473618607168
2976,False,3.468120057314064
2977,False,3.131087902144647
2978,False,3.5780275595521367
2979,False,3.716883431946579
2980,False,3.3112810209409873
2981,False,2.955378231622914
2982,False,3.6078994411153418
2983,False,3.248361706138919
2984,False,2.3933252126578877
2985,False,2.6727482431775806
2986,False,3.3134197768310867
2987,False,4.029904948307941
2988,False,3.78549639403923
2989,False,3.10595720756842
2990,False,3.561315344393928
2991,False,3.2751249575994934
2992,False,3.0860938899276604
2993,False,2.7152847940132023
2994,False,3.0674841400882777
2995,False,2.5418582288875977
2996,False,3.6665296589940923
2997,False,3.940638444673673
2998,False,4.689300128457676
2999,False,2.7266670146811416
3000,False,4.02990494830794
3001,False,2.6607556572200766
3002,False,2.9160687420926976
3003,False,3.618846726029109
3004,False,3.8238170449598625
3005,False,3.2325888201065176
3006,False,4.018257639341438
3007,False,3.0987368254935923
3008,False,3.296167414518214
3009,False,2.1346675577090255
3010,False,3.3626145175485327
3011,False,3.874112561024981
3012,False,4.584270328681
3013,False,2.3508303073538657
3014,False,3.4364981124658662
3015,False,3.6384035056133985
3016,False,3.4230557286039933
3017,False,2.4999477907190646
3018,False,2.7912542083482674
3019,False,2.757201523256504
3020,False,3.6152766654323885
3021,False,3.369910653527669
3022,False,3.7859471641672973
3023,False,1.9425175156539036
3024,False,2.9592880650484874
3025,False,4.481329119495575
3026,False,3.5369213564388597
3027,False,2.3923203451172017
3028,False,3.8519841235737586
3029,False,3.7257345765751495
3030,False,2.422552587441286
3031,False,2.191968820205478
3032,False,3.6348509905840376
3033,False,3.134625342696467
3034,False,3.4007274543681962
3035,False,4.458050731664297
3036,False,3.0627275170579082
3037,False,3.1476024770821174
3038,False,2.119615354808495
3039,False,2.447851376820185
3040,False,2.7189004676579778
3041,False,2.3578638130327834
3042,False,2.58086245331765
3043,False,3.224288598856356
3044,False,2.7281965326581017
3045,False,3.0513097135412877
3046,False,3.1140372459195276
3047,False,3.6551119506413503
3048,False,4.864046657981017
3049,False,3.31796491856003
3050,False,3.5956257993364265
3051,False,4.383718001798738
3052,False,2.1691340415295524
3053,False,5.061877086919757
3054,False,2.5727419930507187
3055,False,2.921940213619303
3056,False,2.267312979920147
3057,False,2.9096893174800416
3058,False,3.237816572049267
3059,False,2.725844454806066
3060,False,4.415880796868803
3061,False,3.118059900875171
3062,False,4.838557947028066
3063,False,4.034669441087668
3064,False,3.0296006150693584
3065,False,6.096834493741932
3066,False,3.1414881034909876
3067,False,4.041008898315456
3068,False,3.0062528043508463
3069,False,2.968239991666319
3070,False,3.221830061006013
3071,False,4.33921785725813
3072,False,2.6512869773427754
3073,False,3.3764927255675494
3074,False,4.026694346628895
3075,False,4.025288747195371
3076,False,3.3250571433599276
3077,False,2.390059800817416
3078,False,3.1134884046864255
3079,False,2.3422854582391808
3080,False,3.1215769083907694
3081,False,3.816998065834143
3082,False,4.2001444762038345
3083,False,2.396813636848424
3084,False,3.2380646632065977
3085,False,6.014915374922109
3086,False,2.6404396788245057
3087,False,3.214750681551614
3088,False,2.7531368249490127
3089,False,1.9775210066442819
3090,False,3.3385660557496992
3091,False,4.0582512581627705
3092,False,3.878432170824353
3093,False,3.694089829388408
3094,False,1.9744454891881278
3095,False,3.0756260480482314
3096,False,2.4478513768201857
3097,False,2.707356105819708
3098,False,2.924759017299982
3099,False,3.740180627778675
3100,False,3.0244734884057207
3101,False,2.1422427663948866
3102,False,4.337373610681588
3103,False,1.7183339608729118
3104,False,2.6477611007461697
3105,False,3.338898570646785
3106,False,3.4646593910360077
3107,False,3.0708777126568503
3108,False,3.8519539346776384
3109,False,2.651286977342776
3110,False,2.8197528486027257
3111,False,3.693170898340931
3112,False,2.43662933249902
3113,False,3.8700858815947803
3114,False,3.4737215310486373
3115,False,3.0182006955082774
3116,False,3.2180435108761127
3117,False,2.7349606054063296
3118,False,2.826495553423081
3119,False,2.9245654274746826
3120,False,2.9901372872157386
3121,False,2.5515148676543853
3122,False,2.975672127262899
3123,False,3.181415220869772
3124,False,2.6080849678267626
3125,False,3.9921503909990657
3126,False,2.6594767893359554
3127,False,3.7171888617919207
3128,False,3.1931841872516293
3129,False,3.585747122697267
3130,False,3.433081838245641
3131,False,1.8310571758308027
3132,False,3.638370686053246
3133,False,3.0807441871877583
3134,False,2.3849961873124843
3135,False,2.3816360780872348
3136,False,2.5531930495954542
3137,False,2.8974770176088884
3138,False,3.0949392140383902
3139,False,3.8411145384472083
3140,False,2.4969540627059432
3141,False,3.2590495333079037
3142,False,2.85854564625239
3143,False,3.9209480433669777
3144,False,1.9447634311749085
3145,False,2.0725937131927257
3146,False,3.1181221031921953
3147,False,2.7800684193604
3148,False,4.242658377110393
3149,False,2.9729241209471637
3150,False,3.424138229036991
3151,False,3.694241214263753
3152,False,2.467755252163953
3153,False,3.574013525750067
3154,False,2.9663326417891325
3155,False,3.443210152844271
3156,False,3.423975673134865
3157,False,3.4266439803824174
3158,False,2.857404947460422
3159,False,2.301010958680998
3160,False,3.0627275170579082
3161,False,3.180928714192032
3162,False,2.494777725862032
3163,False,4.0647078877218785
3164,False,2.1095747058905765
3165,False,5.262819048944289
3166,False,3.4774161502663645
3167,False,3.0315137898016604
3168,False,3.040535330647157
3169,False,3.2418573566220386
3170,False,3.371358994719658
3171,False,3.6305583452061154
3172,False,3.6563563147886824
3173,False,2.6185150647726094
3174,False,3.8584986459130297
3175,False,2.647442464419878
3176,False,3.2784020287909503
3177,False,4.500429656370443
3178,False,2.6322551942496712
3179,False,3.4483762416288237
3180,False,2.8820567569139204
3181,False,3.048466112399007
3182,False,2.384589087181524
3183,False,3.038958505411592
3184,False,3.3373905915703324
3185,False,3.850150441074105
3186,False,2.674050342682325
3187,False,2.7970156501290604
3188,False,3.2489263304214595
3189,False,3.127482091975665
3190,False,4.6426526785312765
3191,False,3.617869142169578
3192,False,3.824672387165367
3193,False,2.286913794090455
3194,False,3.047659477745701
3195,False,3.5340374654543885
3196,False,2.981372963672341
3197,False,3.026676958378203
3198,False,6.0091075351311405
3199,False,3.3959121103673544
3200,False,3.68097645869299
3201,False,4.621225681271642
3202,False,3.396199692252364
3203,False,3.9354626771650616
3204,False,2.7972816376325946
3205,False,3.4155807490018297
3206,False,2.530152484449467
3207,False,2.738764433952918
3208,False,4.211984191318233
3209,False,3.7616937750161474
3210,False,3.4891802888089996
3211,False,2.3687039000062224
3212,False,2.9114271918060424
3213,False,3.6803794258352043
3214,False,3.4053118673713456
3215,False,3.964811245973013
3216,False,3.5912048184182783
3217,False,2.474748011629199
3218,False,2.4293414816848755
3219,False,2.489629365747551
3220,False,4.532244586024984
3221,False,3.856984540504923
3222,False,1.7790702742880211
3223,False,4.032205327410864
3224,False,2.5012437908568494
3225,False,4.639772723946601
3226,False,2.5575435904995842
3227,False,4.208800749900852
3228,False,3.7647297958080026
3229,False,2.7910705856880353
3230,False,3.350675077292722
3231,False,3.381219937440873
3232,False,2.562375965426736
3233,False,2.6215176440040726
3234,False,2.5515148676543844
3235,False,2.3178579356966886
3236,False,5.075927274214856
3237,False,3.004705773461055
3238,False,2.448862130847112
3239,False,2.349492873372847
3240,False,2.1864022175634275
3241,False,3.7238956372759446
3242,False,3.560034395926041
3243,False,2.954969983439704
3244,False,3.1289434660816573
3245,False,2.6871670810456405
3246,False,2.2129277537143603
3247,False,2.998536445138871
3248,False,4.8640466579810155
3249,False,3.7490332616297906
3250,False,3.2608615795502263
3251,False,3.070700815328479
3252,False,3.574013525750068
3253,False,3.2066283901778934
3254,False,3.5639356591774085
3255,False,4.0584496797403595
3256,False,4.470802755014094
3257,False,2.7515517999822006
3258,False,2.2516421473894703
3259,False,2.600587787761303
3260,False,3.116197947128683
3261,False,2.533433480646846
3262,False,2.4381601327799114
3263,False,2.636000701002674
3264,False,1.7393047528285859
3265,False,3.727914165241424
3266,False,3.8124419494080706
3267,False,3.476479356869866
3268,False,3.3424583325017436
3269,False,3.342617662898654
3270,False,2.6834639065345414
3271,False,2.653044381180362
3272,False,2.67406840983712
3273,False,2.990796195529432
3274,False,2.5576873949679553
3275,False,3.380760755390322
3276,False,4.180222840356904
3277,False,2.6923141855724766
3278,False,3.121416820206141
3279,False,4.176638209131921
3280,False,3.0148871341572203
3281,False,2.341031616586269
3282,False,4.174127200739336
3283,False,2.646102234589501
3284,False,2.7830366654254974
3285,False,3.497734406241354
3286,False,5.0470115472284265
3287,False,2.84687581472175
3288,False,1.90633987759794
3289,False,3.20154205518517
3290,False,2.6393125383312115
3291,False,4.235423814151711
3292,False,4.1058587005074925
3293,False,2.2296392987303353
3294,False,4.5120099763701855
3295,False,2.5110750579104573
3296,False,3.6318883301505793
3297,False,3.5035367251787015
3298,False,3.4053118673713447
3299,False,3.3421739813293625
3300,False,2.9313436977660587
3301,False,3.1509054337420808
3302,False,3.3040862384132264
3303,False,3.312995807533598
3304,False,3.0244734884057207
3305,False,3.9762794541040063
3306,False,3.2539951467548125
3307,False,2.852237761639185
3308,False,2.918562982793174
3309,False,2.486075589648919
3310,False,4.3057309258573655
3311,False,3.9836011586042
3312,False,3.0244734884057207
3313,False,2.99376788238496
3314,False,3.4880453121657635
3315,False,2.4445748443889115
3316,False,4.379124235133451
3317,False,4.237457612270544
3318,False,5.085929034202602
3319,False,3.38301553431486
3320,False,2.3145357826844473
3321,False,4.180222840356903
3322,False,2.7787955913753004
3323,False,3.3263504183735306
3324,False,2.2431073979082647
3325,False,4.347553339138556
3326,False,3.814631413090034
3327,False,2.8839244991728363
3328,False,3.334419974662404
3329,False,2.434232214107712
3330,False,2.5831707388974507
3331,False,3.074643699078978
3332,False,4.420950891900094
3333,False,3.5300502377696925
3334,False,2.856932507595209
3335,False,3.077716201926636
3336,False,2.834257395484495
3337,False,3.796999897760124
3338,False,2.7959270407661974
3339,False,4.039213295491347
3340,False,2.5182350529936754
3341,False,4.783020946209385
3342,False,2.8460371803496236
3343,False,3.672797816303099
3344,False,3.6521138001155418
3345,False,2.957706292019946
3346,False,4.32594519224985
3347,False,3.308849066974527
3348,False,3.129323033487857
3349,False,2.3299315741599993
3350,False,2.7235939202667248
3351,False,3.7283977571258657
3352,False,2.6820730267429824
3353,False,4.708842438431537
3354,False,3.7737197041801576
3355,False,2.4969540627059432
3356,False,3.487025698692599
3357,False,2.693817383396886
3358,False,2.9602032264913873
3359,False,4.110705028776885
3360,False,3.4962066188930425
3361,False,4.593639410728893
3362,False,4.184420927816041
3363,False,3.069849590587835
3364,False,3.2905430649639835
3365,False,2.5644013811993287
3366,False,2.5991455025176053
3367,False,4.134483475207308
3368,False,3.4106837574819395
3369,False,2.8004468998364955
3370,False,3.780421788238912
3371,False,3.301220177601952
3372,False,3.452430687359511
3373,False,4.497196836561083
3374,False,2.7873363308394508
3375,False,1.9108997980869342
3376,False,2.2746362970180463
3377,False,4.808247864627802
3378,False,2.670527669921774
3379,False,3.975043563369712
3380,False,2.803239516274162
3381,False,2.440046277319804
3382,False,2.346113480230821
3383,False,2.3306466544885645
3384,False,4.478395090270735
3385,False,3.7775113202209356
3386,False,2.165944396013908
3387,False,3.380760755390323
3388,False,2.899155082944137
3389,False,2.533433480646846
3390,False,3.728300107630686
3391,False,3.85602516607802
3392,False,2.4478513768201857
3393,False,4.962037550062257
3394,False,3.4309839394331565
3395,False,3.016319251447592
3396,False,5.964346682273265
3397,False,3.5630340871781705
3398,False,2.856615992141237
3399,False,2.602443103334973
3400,False,3.5530846168446293
3401,False,2.504973092961021
3402,False,2.6473181532676677
3403,False,4.864046657981016
3404,False,2.4527860474629923
3405,False,4.358219317294035
3406,False,3.820212501338017
3407,False,2.9363559262567955
3408,False,4.012420932674432
3409,False,3.574013525750068
3410,False,3.8668808304669047
3411,False,4.163153183062766
3412,False,4.378560550316196
3413,False,2.82301222622036
3414,False,2.8440501010792425
3415,False,4.864046657981015
3416,False,1.7294427686010108
3417,False,2.9938665300248473
3418,False,4.610103980332354
3419,False,3.2181219714598197
3420,False,2.60215189387506
3421,False,3.585168446309902
3422,False,3.3311948752651803
3423,False,2.8648183642656315
3424,False,3.1094310370223988
3425,False,3.127482091975665
3426,False,3.5510717046235123
3427,False,2.9459942261714462
3428,False,2.9316271152160867
3429,False,3.4431377911799963
3430,False,2.0588097311369316
3431,False,2.6965680779907566
3432,False,2.717830753445892
3433,False,3.433311507214455
3434,False,3.0928990966892216
3435,False,3.1457008779556572
3436,False,3.8737777488018206
3437,False,3.224288598856356
3438,False,2.8951697182140603
3439,False,2.8759902279280403
3440,False,2.4696675156060106
3441,False,2.1203710811405307
3442,False,4.420560561914662
3443,False,3.220798186682371
3444,False,2.71721322844995
3445,False,3.038820453066892
3446,False,2.924498534192524
3447,False,2.66667173103093
3448,False,3.3310289196149894
3449,False,3.021656117154905
3450,False,2.9306451654642816
3451,False,4.142467876608966
3452,False,3.1001782645056664
3453,False,5.132033216035948
3454,False,3.252852009833592
3455,False,2.4969540627059432
3456,False,4.041008898315456
3457,False,3.72210108447955
3458,False,2.444365476186882
3459,False,3.8797554414584225
3460,False,3.3959121103673553
3461,False,4.020627224298872
3462,False,4.11544605355917
3463,False,4.768335835303903
3464,False,3.590440093361934
3465,False,3.257807149725578
3466,False,2.8591240455534574
3467,False,4.379590107956801
3468,False,3.2133067934088166
3469,False,3.547756468248848
3470,False,5.259381971465979
3471,False,3.344993319867313
3472,False,3.4786983732401207
3473,False,2.749847800521039
3474,False,2.6050953844852476
3475,False,4.652232892449281
3476,False,2.8651839259701406
3477,False,3.764729795808002
3478,False,4.739861967516527
3479,False,4.026427357257184
3480,False,2.969350710266295
3481,False,3.0920095371453957
3482,False,2.4693228157771374
3483,False,2.6072544567089437
3484,False,3.7055458057871813
3485,False,3.8700858815947803
3486,False,3.2629382998975704
3487,False,3.9128074271669995
3488,False,3.037289069393604
3489,False,3.3541222955720205
3490,False,2.1659443960139075
3491,False,2.9655703523649946
3492,False,3.3475833769605616
3493,False,2.9703716856675295
3494,False,2.626274505810515
3495,False,1.8133091391161746
3496,False,2.7402037415497333
3497,False,2.4693228157771383
3498,False,3.2071898551505162
3499,False,4.274497643660705
3500,False,4.09410104521504
3501,False,3.3450414431839364
3502,False,5.354407558451362
3503,False,3.1234871843217196
3504,False,3.6727260327655253
3505,False,3.828827389644832
3506,False,3.399334002353991
3507,False,3.243051940127636
3508,False,2.2137601035095225
3509,False,4.864046657981016
3510,False,2.9470039678941746
3511,False,2.654859516935893
3512,False,3.8940035807040014
3513,False,3.909089273768444
3514,False,3.7781417805844244
3515,False,3.406990893970128
3516,False,3.41252952049446
3517,False,1.704190720024907
3518,False,3.9307143967153095
3519,False,2.2006222141721676
3520,False,3.5554902409635836
3521,False,4.632791576662398
3522,False,4.3382952973386235
3523,False,3.872928568597808
3524,False,2.9285982478099455
3525,False,2.8032396223095857
3526,False,1.9442627676262838
3527,False,3.3440070439904286
3528,False,2.924808247712013
3529,False,4.892913057344576
3530,False,3.761190776098377
3531,False,2.3237466240898894
3532,False,2.5953377103440918
3533,False,2.931410340428619
3534,False,2.59299302103594
3535,False,3.0653844715081653
3536,False,3.5600253043202046
3537,False,3.0585368834523643
3538,False,5.450678172654087
3539,False,2.8192434010131966
3540,False,2.7616100608070804
3541,False,3.248361706138917
3542,False,3.128780928033394
3543,False,2.4399110125990413
3544,False,2.247788366072766
3545,False,2.7482815442999096
3546,False,3.625915264662913
3547,False,3.3384471978884953
3548,False,2.8820111629258642
3549,False,3.49507522653354
3550,False,3.4767130560778043
3551,False,2.365023374643665
3552,False,3.5215011522219055
3553,False,2.697397734262201
3554,False,3.1249261757046085
3555,False,3.962164227421117
3556,False,2.3849961873124848
3557,False,3.1844714444045388
3558,False,2.8213687957025906
3559,False,4.545890353895859
3560,False,3.568108947752168
3561,False,2.7974386530251314
3562,False,2.97213342765458
3563,False,4.352217678731278
3564,False,3.059133131792215
3565,False,2.3051218202635453
3566,False,2.635039098199849
3567,False,2.6016560954391057
3568,False,2.9837083182906867
3569,False,3.094238209932121
3570,False,3.8986325082989186
3571,False,3.638072029739256
3572,False,4.392394506268536
3573,False,2.6836184996618204
3574,False,2.6546906269480464
3575,False,2.954390384073397
3576,False,3.3054501044825697
3577,False,2.5396963488547915
3578,False,2.1506657796200943
3579,False,3.7238956372759446
3580,False,3.5548835525336346
3581,False,3.0134427352154796
3582,False,4.675265321312435
3583,False,2.121731940717417
3584,False,3.9786042818995875
3585,False,3.6826452244189327
3586,False,2.55429241038564
3587,False,3.5554902409635836
3588,False,2.5160011645332836
3589,False,3.2245202224072207
3590,False,3.354268469667561
3591,False,2.135088087916522
3592,False,2.98785364638296
3593,False,3.2167836857370595
3594,False,3.4525775624623622
3595,False,3.1450173825673353
3596,False,4.419900088381408
3597,False,2.755211357292455
3598,False,3.805416658077171
3599,False,2.8016559985836116
3600,False,3.1014468585747537
3601,False,3.5035367251787015
3602,False,3.4434099507582245
3603,False,2.2822377490065637
3604,False,5.336736427983331
3605,False,2.7583926535963506
3606,False,3.146996481716188
3607,False,2.996694015007993
3608,False,3.006064370666629
3609,False,3.8559388534161827
3610,False,3.4019679296299796
3611,False,2.773368783461433
3612,False,2.855848613039065
3613,False,2.6774842574817055
3614,False,2.8584760315143236
3615,False,4.046425649536845
3616,False,2.7393291551159735
3617,False,3.424028543331294
3618,False,4.252814000725587
3619,False,3.3945603848944357
3620,False,2.924114083436362
3621,False,2.0245822167490237
3622,False,3.062932564046449
3623,False,3.0997384668475534
3624,False,2.9840753580182864
3625,False,3.243779872306881
3626,False,2.050151231179165
3627,False,3.079482194282514
3628,False,2.0054375872052224
3629,False,2.82136879570259
3630,False,2.557338468517123
3631,False,4.01337230467647
3632,False,3.571109922593107
3633,False,3.818064688548556
3634,False,1.7586442081703257
3635,False,2.7654385551806184
3636,False,3.146882615478901
3637,False,3.2907625716156557
3638,False,2.423383415349144
3639,False,2.1336536551031275
3640,False,4.282971025945874
3641,False,2.3032038939028507
3642,False,4.590218470094001
3643,False,4.46331064175226
3644,False,2.8648183642656297
3645,False,2.73759173306994
3646,False,1.8661419119502292
3647,False,3.247029782948147
3648,False,2.1675993447813915
3649,False,3.0658650507051477
3650,False,3.0595269978747863
3651,False,2.705126606892647
3652,False,3.829776417867073
3653,False,2.869948171480724
3654,False,3.0674841400882795
3655,False,2.831664930713801
3656,False,3.018200695508278
3657,False,3.8569845405049192
3658,False,3.5525684524236176
3659,False,5.112774105236664
3660,False,4.489902141639156
3661,False,4.519644330602605
3662,False,3.1911407943582075
3663,False,2.887128683645796
3664,False,3.533867424182662
3665,False,4.670293925380465
3666,False,5.017172028988237
3667,False,3.0008742315920225
3668,False,3.4571698017175136
3669,False,3.4070916417437034
3670,False,3.248361706138917
3671,False,3.0993551114256603
3672,False,3.544999448019448
3673,False,2.5477869512189892
3674,False,3.3896645981599045
3675,False,5.103299477863568
3676,False,3.127107306541222
3677,False,2.916448813060322
3678,False,2.4857725288637122
3679,False,4.15350166236457
3680,False,3.664987582790794
3681,False,1.6021241157564983
3682,False,1.9048233068881466
3683,False,2.933694903953473
3684,False,2.554998919100288
3685,False,3.344118729729919
3686,False,3.056903722706092
3687,False,2.992913876907344
3688,False,4.118330935540912
3689,False,2.9273466271236255
3690,False,2.6635629412699817
3691,False,2.6836184996618213
3692,False,2.352443279926545
3693,False,5.180192065082582
3694,False,2.9814291815009106
3695,False,2.9999109599665967
3696,False,3.6767600188289458
3697,False,3.9860120757792967
3698,False,3.154543132482642
3699,False,2.247634974029655
3700,False,2.8086253285309186
3701,False,2.6495049311524683
3702,False,2.636864237427903
3703,False,3.127482091975665
3704,False,3.3069697134454206
3705,False,2.2743573598811975
3706,False,3.0997409194554497
3707,False,2.554292410385639
3708,False,2.716576730680426
3709,False,3.732466602273482
3710,False,3.6847335271748203
3711,False,3.4255522002848497
3712,False,3.1091034039332826
3713,False,3.458783230216114
3714,False,2.6055894233406565
3715,False,4.261848323027655
3716,False,2.2303368188042034
3717,False,2.4310142251688767
3718,False,3.452710708283159
3719,False,2.310877401900172
3720,False,4.1472280068697955
3721,False,4.147017267933643
3722,False,2.8871286836457957
3723,False,2.4969607001587244
3724,False,3.3250571433599285
3725,False,3.144619176510643
3726,False,3.343904906315011
3727,False,2.7608598856259263
3728,False,2.4478513768201857
3729,False,4.396118067845392
3730,False,3.3029624946753025
3731,False,3.3772590188097156
3732,False,5.901159130671342
3733,False,3.033117213129886
3734,False,3.2632349010886825
3735,False,2.921464884835777
3736,False,4.68437838019112
3737,False,2.7814372835711447
3738,False,3.8565908888764793
3739,False,2.7594448709967985
3740,False,4.845948009460011
3741,False,3.5532300224703146
3742,False,2.8134050238333157
3743,False,2.8871286836457957
3744,False,5.112774105236664
3745,False,2.934261424184381
3746,False,2.9213339667842044
3747,False,2.5594289533531858
3748,False,2.924565427474683
3749,False,2.1605278990437395
3750,False,3.7647297958080017
3751,False,4.342204715111345
3752,False,2.496954062705943
3753,False,3.1322973106491663
3754,False,3.599478399363426
3755,False,2.762395367764461
3756,False,4.339243781533486
3757,False,3.171264578200096
3758,False,3.3250571433599285
3759,False,3.633987402739605
3760,False,5.220265226583731
3761,False,3.2242885988563574
3762,False,4.544720401604226
3763,False,3.3397173758538825
3764,False,2.8005847487872746
3765,False,4.151593800392454
3766,False,3.0960974612181245
3767,False,4.254808249249654
3768,False,3.3517089775479696
3769,False,4.61685100940394
3770,False,1.913513139039566
3771,False,2.4153268546281983
3772,False,3.985902282208835
3773,False,2.6355909523876146
3774,False,2.8014453655643123
3775,False,5.112913776128212
3776,False,2.7670651398669968
3777,False,2.9475378160814185
3778,False,2.400748096320913
3779,False,2.7255619702501725
3780,False,3.2125334544747233
3781,False,2.637758175609
3782,False,3.0182006955082774
3783,False,3.4383567798837076
3784,False,3.4863288758798645
3785,False,2.999853987811766
3786,False,2.775301105948763
3787,False,2.7750722960411065
3788,False,2.5515148676543844
3789,False,3.3638199078541065
3790,False,4.124341422426743
3791,False,4.575164679562601
3792,False,3.067579225933288
3793,False,2.8517881567923546
3794,False,2.61338731997596
3795,False,4.647686015162455
3796,False,2.0653862747407152
3797,False,2.730613574460249
3798,False,3.3946671737474814
3799,False,2.0521757581923383
3800,False,3.68473352717482
3801,False,3.2614087439721553
3802,False,4.709897530122469
3803,False,2.2834836452535967
3804,False,2.431646366268187
3805,False,3.0276651258974656
3806,False,2.6164094391575996
3807,False,2.7785650638442356
3808,False,5.7863848776865305
3809,False,3.318924011474372
3810,False,2.9034341256678413
3811,False,4.857235596435682
3812,False,3.1953395954950117
3813,False,2.165944396013909
3814,False,2.6404608118721535
3815,False,4.55658090142335
3816,False,2.6231617488126617
3817,False,2.1791473820507403
3818,False,2.4969540627059432
3819,False,2.512771471294396
3820,False,2.3672329656180526
3821,False,2.1659443960139093
3822,False,2.992726239519607
3823,False,3.508961030967266
3824,False,2.8802993655371423
3825,False,3.474092118066151
3826,False,2.034760664050045
3827,False,3.3385660557496997
3828,False,2.5882288986152377
3829,False,4.561421729988801
3830,False,2.7750722960411065
3831,False,3.0036692654984574
3832,False,2.7303452749351487
3833,False,2.75346172151201
3834,False,3.361485681417915
3835,False,2.1637387581263066
3836,False,5.028217417564061
3837,False,2.651286977342774
3838,False,4.884384902486222
3839,False,4.116408151725863
3840,False,2.850219491664847
3841,False,2.485772528863711
3842,False,3.995477573102593
3843,False,3.228921811822311
3844,False,3.5653267066042282
3845,False,2.5595307076205556
3846,False,3.362232750824065
3847,False,2.71071707291127
3848,False,3.3524862183134823
3849,False,3.084002370624915
3850,False,3.123878870913263
3851,False,2.4693228157771374
3852,False,5.156924519350248
3853,False,1.978085795348687
3854,False,1.5894714665057699
3855,False,4.026427357257185
3856,False,3.4595245390661207
3857,False,2.900785889494693
3858,False,2.821459293352081
3859,False,3.638851660563366
3860,False,3.6391645140028497
3861,False,2.966900628481434
3862,False,3.024473488405721
3863,False,4.357850765817974
3864,False,4.543510650162594
3865,False,3.129660263489229
3866,False,2.5571567060612987
3867,False,4.463310641752261
3868,False,3.5761819565561654
3869,False,2.0665599751730195
3870,False,2.349184129794075
3871,False,4.102732374948048
3872,False,2.8390069240859668
3873,False,3.499202108731978
3874,False,2.491594392626373
3875,False,4.512009976370186
3876,False,2.3671362426188267
3877,False,4.774628950956465
3878,False,4.104565804316062
3879,False,4.062177142977318
3880,False,3.130373607332524
3881,False,3.0281544774497506
3882,False,3.4730016024164563
3883,False,2.165944396013908
3884,False,2.995556728825948
3885,False,2.8979149094537893
3886,False,2.971015675855126
3887,False,2.990137287215739
3888,False,2.496954062705943
3889,False,3.664285624885959
3890,False,2.7482815442999105
3891,False,3.218121971459818
3892,False,3.1642027259840977
3893,False,2.748281544299909
3894,False,2.7342571266760953
3895,False,4.586831059900297
3896,False,2.7516878819875745
3897,False,3.7075405604478697
3898,False,3.8709902092093125
3899,False,3.131687151730856
3900,False,2.9642983712341224
3901,False,2.4999477907190655
3902,False,3.363737204074584
3903,False,3.490218790140499
3904,False,3.9612618039319907
3905,False,2.496954062705943
3906,False,4.47955128288557
3907,False,1.3863247808768429
3908,False,2.8948021639143864
3909,False,3.651391187303406
3910,False,3.561781742817548
3911,False,3.5302405403927253
3912,False,2.4478513768201857
3913,False,2.114077392736717
3914,False,2.063852231361083
3915,False,2.7050330772091833
3916,False,2.938694491509623
3917,False,2.163765196849512
3918,False,2.4718323661746604
3919,False,4.501234428593832
3920,False,2.878115179094242
3921,False,3.582678200134455
3922,False,2.1802625355666634
3923,False,3.6943057649033872
3924,False,2.4478513768201857
3925,False,3.472890196395247
3926,False,2.8116358173567773
3927,False,2.447851376820185
3928,False,3.060737036224816
3929,False,7.908104584039983
3930,False,4.148705612394713
3931,False,2.697430448641519
3932,False,2.637367843970781
3933,False,2.8742630419711404
3934,False,2.496954062705943
3935,False,2.078224839338409
3936,False,3.80528272736093
3937,False,2.283594118684216
3938,False,3.2094800248981596
3939,False,2.4107152916302725
3940,False,2.9901372872157386
3941,False,3.7913555486745363
3942,False,2.8183578801404425
3943,False,2.733277586895223
3944,False,2.990137287215739
3945,False,3.4793860857101477
3946,False,3.8651213630292234
3947,False,2.937609458714285
3948,False,2.748281544299909
3949,False,2.7281965326581017
3950,False,4.799405446438341
3951,False,3.270630961599215
3952,False,3.644781324982674
3953,False,2.977066077962056
3954,False,2.195239305204245
3955,False,2.485790724902159
3956,False,2.8995737548613794
3957,False,3.3989783384686096
3958,False,3.0060643706666297
3959,False,2.952653012450671
3960,False,3.7307308973123283
3961,False,4.553618972430883
3962,False,2.159439428940254
3963,False,3.0019815235849068
3964,False,2.27665062778126
3965,False,2.357080454679816
3966,False,2.5444012079536265
3967,False,2.7683971762984845
3968,False,2.875990227928038
3969,False,3.2418400124099613
3970,False,2.336286744354403
3971,False,2.3010696173450316
3972,False,2.7055355797452285
3973,False,3.2221577461517303
3974,False,2.9592880650484865
3975,False,2.850831394327846
3976,False,3.3317493072030495
3977,False,2.7095690520183715
3978,False,2.7783361085724416
3979,False,3.0493608826616914
3980,False,3.533517807792004
3981,False,2.700760090308701
3982,False,4.21671825885716
3983,False,3.4155807490018293
3984,False,3.0228282505860733
3985,False,3.6928443321725988
3986,False,2.7482815442999105
3987,False,3.291239959224188
3988,False,3.4052077070695
3989,False,3.096097461218126
3990,False,3.4194002803664314
3991,False,3.9235394792931646
3992,False,3.0381778710456575
3993,False,3.024473488405721
3994,False,3.4528440338082573
3995,False,3.0081365904112984
3996,False,3.2760205040497317
3997,False,4.153501662364568
3998,False,1.762012248211567
3999,False,2.252726405964143
4000,False,2.519215839678255
4001,False,3.210233684876793
4002,False,2.82247264335549
4003,False,2.4208757876687907
4004,False,3.653343507186033
4005,False,2.6145494784923327
4006,False,3.0681613993502364
4007,False,4.458775413915854
4008,False,4.065378547294957
4009,False,2.467913470296687
4010,False,2.647194324790577
4011,False,3.5368842490251935
4012,False,3.982629589203526
4013,False,4.566081413039182
4014,False,4.694312607298257
4015,False,4.1875808436092035
4016,False,1.79801305214506
4017,False,3.2405790759341078
4018,False,5.353098192176657
4019,False,2.819656526299003
4020,False,2.717850848889208
4021,False,2.663652425011995
4022,False,3.4431377911799945
4023,False,2.9606484353671982
4024,False,3.2056734984399884
4025,False,2.3534580065919135
4026,False,3.241627485294906
4027,False,3.9330716111622874
4028,False,4.860563823093597
4029,False,2.470085542723419
4030,False,4.705174635727536
4031,False,4.146959026840182
4032,False,3.7647297958080026
4033,False,3.805997519301318
4034,False,3.6521138001155427
4035,False,2.5353817778975816
4036,False,3.4863503079319202
4037,False,4.018724598707062
4038,False,2.921464884835777
4039,False,3.6294000644422573
4040,False,2.496954062705943
4041,False,2.9029064311926778
4042,False,2.95079943373655
4043,False,2.9901372872157386
4044,False,4.1590384689607385
4045,False,3.555490240963586
4046,False,4.761185666438901
4047,False,2.0766047412347532
4048,False,3.453909147156591
4049,False,3.626805328788225
4050,False,2.7356140851316315
4051,False,3.4248964662609582
4052,False,3.966857351078341
4053,False,3.452813828893535
4054,False,3.668409670191445
4055,False,3.1348847278461087
4056,False,3.2508032937769475
4057,False,2.42703565580399
4058,False,3.890305530184299
4059,False,3.3691395431109736
4060,False,2.906155935181669
4061,False,2.6440004672036137
4062,False,3.1440863556610736
4063,False,2.59040031300579
4064,False,3.55378687089296
4065,False,3.9023535666667666
4066,False,3.168467452526134
4067,False,3.198289808782007
4068,False,2.7003608501779146
4069,False,3.3741707103822334
4070,False,7.402252457640152
4071,False,3.508942040926391
4072,False,2.476958478400841
4073,False,3.6305583452061163
4074,False,3.633319963476729
4075,False,3.4178863262439463
4076,False,3.0425415813265686
4077,False,3.388741569850522
4078,False,3.4151813426692748
4079,False,2.3213331866748055
4080,False,5.114970009262599
4081,False,3.7006595836641902
4082,False,4.864046657981015
4083,False,3.253995146754815
4084,False,4.063869202972207
4085,False,2.930714705793856
4086,False,2.4606467760573376
4087,False,2.9066887293477897
4088,False,4.3157514212030055
4089,False,3.090690383578533
4090,False,4.160120889387345
4091,False,3.8983618388348233
4092,False,3.386931936424786
4093,False,2.946521500665594
4094,False,3.0244734884057207
4095,False,2.354308386292463
4096,False,5.01291789578264
4097,False,2.8048440010014786
4098,False,3.465071188544752
4099,False,2.717839619511348
4100,False,2.6588860414149527
4101,False,3.6775811488140357
4102,False,3.1522252301420575
4103,False,2.8196565262990028
4104,False,3.4971599259653328
4105,False,2.651286977342774
4106,False,5.199920402953492
4107,False,2.9214648848357765
4108,False,2.8719240761523
4109,False,3.568322788899107
4110,False,3.090530859997501
4111,False,3.0997529527702343
4112,False,3.965711821712692
4113,False,3.2021028069121997
4114,False,2.773790682967095
4115,False,3.474434851571245
4116,False,5.226907061107381
4117,False,3.3067998271225436
4118,False,3.248361706138918
4119,False,2.591850788671772
4120,False,2.765229974401677
4121,False,3.75917835637016
4122,False,3.6484001842638683
4123,False,2.58294313440964
4124,False,2.960783471362529
4125,False,3.487362551690471
4126,False,2.9671566818653496
4127,False,3.429679016473497
4128,False,2.7657764810788836
4129,False,2.4291506649741077
4130,False,2.1324798693323697
4131,False,4.587785793660439
4132,False,2.4594505757158274
4133,False,2.6360007010026725
4134,False,3.357966644740319
4135,False,2.1677460221134695
4136,False,4.925905234582369
4137,False,3.239151099090934
4138,False,3.993169759128134
4139,False,3.1661117049688827
4140,False,6.903303897010612
4141,False,3.6537146306323014
4142,False,3.325158113069303
4143,False,2.683618499661819
4144,False,2.990137287215739
4145,False,2.035199574127385
4146,False,3.065572266301201
4147,False,2.1735467194596296
4148,False,3.0257439828158166
4149,False,2.24443466820021
4150,False,4.11378024227008
4151,False,3.031990040916157
4152,False,2.4071498713695996
4153,False,2.3978164290937345
4154,False,3.9635077304839474
4155,False,4.1816523801943335
4156,False,2.867049659596933
4157,False,2.711075465416214
4158,False,2.9547443133877285
4159,False,2.8658622484947864
4160,False,2.545024261180818
4161,False,2.504307929696784
4162,False,3.118122103192195
4163,False,3.4946366575982815
4164,False,2.5515148676543875
4165,False,3.2830943453435806
4166,False,5.361961727479675
4167,False,3.3709757326718504
4168,False,2.8569080144670163
4169,False,2.587910132820516
4170,False,3.17029580447666
4171,False,2.1659443960139093
4172,False,3.2395734613401617
4173,False,2.441340096105426
4174,False,3.470078792470765
4175,False,3.9710166667254287
4176,False,3.7238956372759446
4177,False,3.56426895549113
4178,False,3.417886326243947
4179,False,3.55334729830338
4180,False,2.6937029998110265
4181,False,3.0491176091250143
4182,False,2.548030023458688
4183,False,3.5047848063785927
4184,False,2.921464884835778
4185,False,1.9403681012287075
4186,False,3.8737777488018206
4187,False,4.324629018966221
4188,False,1.5147022764944722
4189,False,4.141857599797943
4190,False,3.604700940211514
4191,False,5.184955073654651
4192,False,3.413325916608289
4193,False,3.1853352419149923
4194,False,4.779905205235007
4195,False,4.220817102581267
4196,False,3.1866852805084647
4197,False,2.9426708700921735
4198,False,2.1867094618292087
4199,False,3.0003687104999184
4200,False,2.1457658788861638
4201,False,2.990137287215741
4202,False,2.6455045044474543
4203,False,2.568314065662529
4204,False,1.615940757542144
4205,False,2.9214648848357765
4206,False,2.5938003524386284
4207,False,3.093956294719021
4208,False,2.647761100746169
4209,False,3.0674841400882773
4210,False,3.7584148404663686
4211,False,3.195647701529312
4212,False,4.0241991666901775
4213,False,3.1201712326233073
4214,False,2.466772211279993
4215,False,3.743429018389478
4216,False,3.5660238069500085
4217,False,2.6532711756975376
4218,False,3.9656398571409444
4219,False,3.0997409194554506
4220,False,2.8871286836457952
4221,False,2.447851376820185
4222,False,2.78643557178757
4223,False,4.833605032684162
4224,False,2.852694346253538
4225,False,3.2350377248896085
4226,False,3.046693153233529
4227,False,3.7380185174007674
4228,False,2.3125097831423664
4229,False,3.5831579307392714
4230,False,3.47409211806615
4231,False,2.96928213876456
4232,False,3.9167278226756372
4233,False,3.1235995591117836
4234,False,3.3493675725616483
4235,False,3.7710482623548383
4236,False,4.624693842630785
4237,False,2.4077226305059587
4238,False,3.3803426164744343
4239,False,2.554292410385641
4240,False,3.702913031529387
4241,False,2.9546959247403235
4242,False,3.2904981138938982
4243,False,2.7998910907005
4244,False,2.7166719398859853
4245,False,2.763712354160423
4246,False,3.261940989183877
4247,False,2.182344919406072
4248,False,3.362581190793765
4249,False,3.521654350064879
4250,False,2.678133492093989
4251,False,3.196836640520821
4252,False,2.8583708992805144
4253,False,7.202409642272314
4254,False,3.973147580513109
4255,False,6.2066029179080635
4256,False,2.8273075414168627
4257,False,2.1899620046192085
4258,False,4.225334208699648
4259,False,3.130789115825325
4260,False,3.042022496675761
4261,False,1.951985877651889
4262,False,3.89156150099478
4263,False,3.6519112126376503
4264,False,3.1103664209964474
4265,False,4.388709556594253
4266,False,2.5808624533176516
4267,False,2.738764433952918
4268,False,2.079219753868795
4269,False,3.9913313078321146
4270,False,3.108662641415573
4271,False,2.3024165254752518
4272,False,3.4207404172561047
4273,False,2.2311569694693234
4274,False,3.190680224493776
4275,False,3.9962103247227994
4276,False,3.1892051450430228
4277,False,4.586831059900298
4278,False,2.8666025428612762
4279,False,4.006766385764148
4280,False,3.4033659693682954
4281,False,2.2821906083949104
4282,False,3.1943354653026947
4283,False,2.9200398169594552
4284,False,3.5554902409635845
4285,False,2.516779740041352
4286,False,2.6821896617710013
4287,False,3.2902486772265838
4288,False,3.027212597124794
4289,False,2.0297037779253118
4290,False,3.112058818726086
4291,False,2.111084558571227
4292,False,2.8509364076279162
4293,False,3.5612231922807447
4294,False,3.2104723596503946
4295,False,3.1463972263970015
4296,False,3.4136478400220405
4297,False,3.749270567019154
4298,False,2.550290692949609
4299,False,3.2539951467548134
4300,False,2.9178696325622897
4301,False,3.4196854277862125
4302,False,2.6836184996618204
4303,False,3.5513381832191904
4304,False,2.668475768614566
4305,False,3.3143738334811284
4306,False,2.5515148676543844
4307,False,3.19731711665027
4308,False,3.1142206717542815
4309,False,3.9090892737684433
4310,False,2.5050870001715215
4311,False,1.8197283974784684
4312,False,4.0051904397046885
4313,False,2.99013728721574
4314,False,4.876982491937021
4315,False,2.6311254617054827
4316,False,3.050846203228257
4317,False,2.170955503214928
4318,False,2.423235184166526
4319,False,3.829776417867073
4320,False,3.357286232660164
4321,False,2.9854225226061155
4322,False,3.555490240963586
4323,False,2.0896930355816723
4324,False,4.798901363372823
4325,False,5.3176174974247
4326,False,4.116819331906424
4327,False,3.135767798223569
4328,False,3.0568643838824787
4329,False,2.2822676082029236
4330,False,3.980729644115015
4331,False,2.7152280650780107
4332,False,2.6491368542109526
4333,False,2.533433480646846
4334,False,3.6147847813674527
4335,False,3.7528397764459234
4336,False,3.563935659177407
4337,False,2.550290692949608
4338,False,3.2340613191022136
4339,False,3.6047009402115133
4340,False,3.2139229849544204
4341,False,3.057166475899464
4342,False,2.9865253560917613
4343,False,3.2539951467548134
4344,False,4.775073910539335
4345,False,3.299400070023994
4346,False,4.068786406352551
4347,False,2.6107156986431876
4348,False,3.6533435071860323
4349,False,1.8825404605861393
4350,False,2.729117365446962
4351,False,2.969818677475895
4352,False,3.3589034662814394
4353,False,4.297794324244195
4354,False,2.6148265014486527
4355,False,2.289935463936222
4356,False,3.5154736193071816
4357,False,2.751518870639938
4358,False,5.047341106199697
4359,False,3.224288598856356
4360,False,3.8197883962613703
4361,False,2.7057807073960425
4362,False,3.86419174253706
4363,False,2.4578453982719104
4364,False,4.434677543678723
4365,False,2.600672610237605
4366,False,5.797452528344629
4367,False,2.819656526299001
4368,False,2.9027627842533845
4369,False,2.0774793218920315
4370,False,3.280715035846672
4371,False,3.165237514213943
4372,False,3.0783122259075517
4373,False,2.2901433141546375
4374,False,2.3410316165862675
4375,False,3.060366962414052
4376,False,4.180222840356904
4377,False,3.624334593176114
4378,False,3.575937130401103
4379,False,2.8246645859678314
4380,False,2.968239991666319
4381,False,3.933958657836915
4382,False,2.8196565262990028
4383,False,2.796217032385306
4384,False,2.9696099591504255
4385,False,3.5554902409635836
4386,False,3.506127813685418
4387,False,2.4721795580579635
4388,False,3.115460801071671
4389,False,1.6437157552099517
4390,False,2.8023982807647023
4391,False,3.47364123556544
4392,False,2.471501106603461
4393,False,2.0536567250862245
4394,False,2.6235468362632983
4395,False,3.892495125234861
4396,False,2.62570534769281
4397,False,2.6486746675772026
4398,False,3.3638618105318034
4399,False,3.6945869494635737
4400,False,3.5392983200315027
4401,False,2.4818826695643277
4402,False,2.9833591601963376
4403,False,2.839384349395465
4404,False,2.1522192242011635
4405,False,3.117629501235388
4406,False,3.655901169228474
4407,False,3.7874410894341155
4408,False,3.0948572485893147
4409,False,3.561435737489805
4410,False,2.180403793291292
4411,False,2.79878640801629
4412,False,5.0114194640253675
4413,False,3.563034087178169
4414,False,3.224288598856356
4415,False,3.3412191642877302
4416,False,5.3324108520676345
4417,False,3.071405554184543
4418,False,2.6636380735859357
4419,False,2.8585456462523924
4420,False,3.083965104648033
4421,False,3.5773984042604687
4422,False,4.101290326880107
4423,False,2.5647035060708654
4424,False,3.2593114814442035
4425,False,3.563034087178169
4426,False,3.5236883190504082
4427,False,4.235221678649068
4428,False,4.621225681271646
4429,False,2.651286977342775
4430,False,3.1729710868602785
4431,False,2.80838331497955
4432,False,3.536884249025193
4433,False,3.132827269479047
4434,False,4.772178626212243
4435,False,2.496029267597651
4436,False,3.4458591310280084
4437,False,3.528663785783522
4438,False,3.500612952074147
4439,False,3.506456497337775
4440,False,3.1884628168137437
4441,False,2.3132204249510884
4442,False,2.93587789687756
4443,False,3.555490240963583
4444,False,4.158385211693953
4445,False,2.8109420768665236
4446,False,2.9599463191903452
4447,False,4.55091055193164
4448,False,4.304114086930208
4449,False,3.6113900749909367
4450,False,2.3054342734971334
4451,False,2.6058686572067495
4452,False,3.0648238859343713
4453,False,3.39466717374748
4454,False,3.211256544771758
4455,False,3.188374738206193
4456,False,2.9309274545630886
4457,False,2.7679720528127993
4458,False,2.647265599120694
4459,False,2.9159417259220604
4460,False,3.8095658469611
4461,False,2.4693228157771383
4462,False,2.7706215330608095
4463,False,3.4059336122030004
4464,False,2.8602520516215684
4465,False,4.358255452255912
4466,False,4.13453989247849
4467,False,3.9259774485546948
4468,False,3.3469344539112345
4469,False,3.4481121337087073
4470,False,3.117813911280461
4471,False,2.99376788238496
4472,False,3.630558345206116
4473,False,2.361771164352346
4474,False,2.9896910328905406
4475,False,1.8602764742236513
4476,False,3.3396045497905624
4477,False,3.122275376003019
4478,False,2.431399470651369
4479,False,3.0360621100133613
4480,False,3.2177413073909116
4481,False,3.7391041944309666
4482,False,3.9274162966271007
4483,False,3.511819030359978
4484,False,3.4173784809574066
4485,False,4.450789195989584
4486,False,3.5550021664152145
4487,False,2.630716022593409
4488,False,3.17331597398507
4489,False,2.3327741846210883
4490,False,3.9600231010838964
4491,False,3.2893127857987428
4492,False,3.7019355116638475
4493,False,3.1953836284634125
4494,False,3.4999321116140476
4495,False,3.292347844804204
4496,False,1.8634530973420063
4497,False,3.5625233649185937
4498,False,4.821893048872517
4499,False,4.470971963573156
4500,False,2.734711026720546
4501,False,4.024544455799137
4502,False,3.2645788324657414
4503,False,3.8246968894520403
4504,False,1.871287454034877
4505,False,3.370128181920569
4506,False,4.740396872577992
4507,False,1.9709681927229823
4508,False,3.8239324477944607
4509,False,2.744847244171114
4510,False,2.5515148676543866
4511,False,2.202826020619073
4512,False,3.0182006955082774
4513,False,2.9626753263057264
4514,False,3.892343800741081
4515,False,2.6411649222010274
4516,False,4.465389569018375
4517,False,2.736140404472966
4518,False,2.427972702074172
4519,False,2.4693228157771383
4520,False,3.5465168955802713
4521,False,3.1225843445125996
4522,False,2.3786486578099613
4523,False,4.213905685122008
4524,False,1.9769102960893865
4525,False,2.8187801992140225
4526,False,3.8123823609983942
4527,False,2.6114193782718944
4528,False,2.3370042978587104
4529,False,3.8936418091700515
4530,False,2.165944396013909
4531,False,3.00505539168347
4532,False,1.8485438480653251
4533,False,2.3014099165567896
4534,False,3.004152007288459
4535,False,2.7808195998559735
4536,False,3.9112975902934264
4537,False,2.7693702364507007
4538,False,2.9172501988188424
4539,False,2.6780348461805112
4540,False,3.006938329415814
4541,False,3.063687737523364
4542,False,1.7980804414514344
4543,False,2.7098938496384966
4544,False,4.022395394883016
4545,False,2.7264404654769314
4546,False,2.1071304070915224
4547,False,3.8501579271399544
4548,False,4.221504998261003
4549,False,4.490235254629442
4550,False,3.745371669978139
4551,False,3.9006686089875595
4552,False,2.306516718212578
4553,False,1.7425332314516218
4554,False,2.7421929748577414
4555,False,3.7913857513741918
4556,False,3.475192604804414
4557,False,4.557282560670474
4558,False,1.9257680427559394
4559,False,2.194594913149578
4560,False,2.855848613039064
4561,False,4.593856962000186
4562,False,3.1661085170611645
4563,False,2.55429241038564
4564,False,4.124996316347815
4565,False,3.622841719002026
4566,False,3.98283585446226
4567,False,3.5639356591774076
4568,False,4.391652153306711
4569,False,3.25490411309298
4570,False,4.452405751834966
4571,False,3.639105433043781
4572,False,2.989800286685267
4573,False,3.574013525750068
4574,False,3.1621878643015005
4575,False,2.385349385424932
4576,False,2.8928122957197098
4577,False,2.0245822167490237
4578,False,3.6843606228821386
4579,False,2.9160292885833603
4580,False,3.8708080703200376
4581,False,2.6829448910068474
4582,False,2.696803314397852
4583,False,2.9796050245354824
4584,False,2.887747968026743
4585,False,2.3792351637084965
4586,False,3.671262839090645
4587,False,2.7301884557596465
4588,False,3.3012646695336203
4589,False,3.2087564451857755
4590,False,3.043626389592494
4591,False,3.2742493026983155
4592,False,3.4328323091001014
4593,False,1.6064739097426275
4594,False,4.501234428593833
4595,False,4.7382873336636155
4596,False,3.3887150452464105
4597,False,4.519948311154143
4598,False,3.0675171464031328
4599,False,2.499947790719067
4600,False,1.7662828340139414
4601,False,2.187408841831093
4602,False,2.4915943926263733
4603,False,2.6062045015700073
4604,False,3.3047006214098227
4605,False,3.0308415954706143
4606,False,3.739513568729691
4607,False,4.522018604772726
4608,False,2.648537786544017
4609,False,2.618638163479521
4610,False,3.5836112875815904
4611,False,3.134746543627397
4612,False,4.028499684820877
4613,False,3.162812743536716
4614,False,2.4761094861042587
4615,False,3.279603437299124
4616,False,4.0103794415639715
4617,False,2.9187202180428375
4618,False,4.267432462192132
4619,False,2.1973183282404958
4620,False,2.614208234982701
4621,False,3.251799938580849
4622,False,3.0559606458344817
4623,False,3.7238956372759446
4624,False,3.827244029795734
4625,False,2.753461721512008
4626,False,3.040766494701035
4627,False,2.546843371611809
4628,False,4.1804646569092005
4629,False,3.773555203828188
4630,False,3.211861836799057
4631,False,3.7880357422204645
4632,False,3.0417726070667963
4633,False,3.2015420551851705
4634,False,4.674291547292179
4635,False,2.8816285020191352
4636,False,3.2504686413991895
4637,False,4.987956228515649
4638,False,3.8643486534121605
4639,False,2.905513616058171
4640,False,3.1274820919756654
4641,False,3.5823013715176057
4642,False,3.452618143110564
4643,False,3.527018521923989
4644,False,3.5742869826935535
4645,False,4.466189625383443
4646,False,2.4475598879706126
4647,False,4.407664780938856
4648,False,3.1027081240911674
4649,False,2.8712697612787372
4650,False,2.12174534078105
4651,False,3.343734751490386
4652,False,2.496954062705942
4653,False,3.305520839075707
4654,False,2.910863596619505
4655,False,2.891953544650227
4656,False,2.019602228066192
4657,False,3.6047009402115133
4658,False,3.377016743163536
4659,False,3.4066890466155724
4660,False,4.896684510219083
4661,False,2.993713389696436
4662,False,2.8735374117533294
4663,False,5.0859290342025965
4664,False,2.090999789223867
4665,False,4.207673946538027
4666,False,3.1086626414155734
4667,False,2.99013728721574
4668,False,3.2619409891838766
4669,False,3.9954775731025944
4670,False,2.9336958966734707
4671,False,2.800490521410551
4672,False,7.908104584039985
4673,False,3.350272005050418
4674,False,2.682089186156549
4675,False,2.76562103115191
4676,False,2.684546779385136
4677,False,3.1422002892506993
4678,False,2.9215809141977265
4679,False,3.8584986459130284
4680,False,4.026427357257185
4681,False,2.6393689737861568
4682,False,2.938540109876548
4683,False,4.2425624402548126
4684,False,2.5013040972974077
4685,False,2.882011162925865
4686,False,6.016626270910944
4687,False,3.235126603740278
4688,False,2.8386221216659164
4689,False,2.5929930210359418
4690,False,3.4142839515853036
4691,False,3.9621224408058544
4692,False,3.7725633733654056
4693,False,3.6209612353844878
4694,False,4.026427357257185
4695,False,2.503287947467912
4696,False,2.165944396013909
4697,False,2.8941456342599436
4698,False,4.025736858633273
4699,False,2.4969540627059432
4700,False,1.726492585582195
4701,False,3.555490240963585
4702,False,2.6459341286911084
4703,False,3.1121502380962567
4704,False,3.0674841400882777
4705,False,2.9478675986272873
4706,False,2.753136824949014
4707,False,2.245867609528205
4708,False,3.1543083255584916
4709,False,3.706932141827344
4710,False,2.6512869773427763
4711,False,3.6498308111815247
4712,False,3.1500778123900703
4713,False,2.165944396013908
4714,False,2.842108562174385
4715,False,3.9555631821675776
4716,False,3.0395255868715125
4717,False,1.98042430845655
4718,False,3.1778235652040148
4719,False,3.029978328250288
4720,False,2.5855895928230264
4721,False,3.5240528219081093
4722,False,2.4693228157771374
4723,False,2.483388867599624
4724,False,3.3438016852686183
4725,False,3.3934153195743577
4726,False,3.6239742295920263
4727,False,2.9425132742739737
4728,False,2.873536571519121
4729,False,6.645311390178417
4730,False,3.7156503836191614
4731,False,3.3376459918625696
4732,False,4.253647508675368
4733,False,2.361984171849241
4734,False,3.3683845444896745
4735,False,2.00533350246798
4736,False,2.818357880140443
4737,False,2.6684757686145675
4738,False,3.6826452244189336
4739,False,4.8640466579810155
4740,False,2.9699539315501284
4741,False,3.6841939012641896
4742,False,2.9384236508323496
4743,False,3.009073866524462
4744,False,4.21453764860748
4745,False,3.223001668008808
4746,False,4.022888351698483
4747,False,2.4231380609870565
4748,False,2.2924230913737955
4749,False,3.6443756254081645
4750,False,4.452700635056443
4751,False,2.3148624860601186
4752,False,3.9667315269242525
4753,False,2.3704521206819438
4754,False,3.81831890611516
4755,False,2.442355281044641
4756,False,3.6553982467828483
4757,False,3.7238956372759446
4758,False,3.412883320375737
4759,False,2.6516755063916655
4760,False,4.2410442316709736
4761,False,3.592249165153731
4762,False,2.5515148676543866
4763,False,5.489325390171266
4764,False,2.8196565262990028
4765,False,3.1239771948300503
4766,False,4.334673527021463
4767,False,2.4963762549782875
4768,False,2.8662656971040934
4769,False,3.5035367251787006
4770,False,3.5849159055748605
4771,False,3.6013911685239055
4772,False,2.6308321720881254
4773,False,3.4638503644535334
4774,False,4.76962784675108
4775,False,4.733094263042348
4776,False,3.0972073343943802
4777,False,4.085832811588412
4778,False,3.7464226926355995
4779,False,3.471649560543709
4780,False,4.503196441248343
4781,False,2.422552587441286
4782,False,2.3927508953307908
4783,False,3.1987872887738726
4784,False,2.5813675888238894
4785,False,2.600071140008962
4786,False,2.737922688760739
4787,False,3.0639161726160067
4788,False,2.866597091295111
4789,False,3.725261758170414
4790,False,2.4146302088130915
4791,False,2.5515148676543853
4792,False,3.069849590587829
4793,False,2.4693228157771374
4794,False,3.0493433925521463
4795,False,3.6047009402115133
4796,False,2.810075600193279
4797,False,2.400784132162625
4798,False,4.306487596572782
4799,False,3.1835154622963557
4800,False,2.665499445082476
4801,False,2.2588777818379673
4802,False,3.1564313232501946
4803,False,3.5613153443939276
4804,False,3.1349954648783567
4805,False,2.5368002647473684
4806,False,3.555490240963585
4807,False,3.1479833883762067
4808,False,3.1246599726579376
4809,False,3.2484011161975648
4810,False,3.307799404517152
4811,False,6.103903067551418
4812,False,4.193172359740757
4813,False,3.443137791179995
4814,False,2.748281544299911
4815,False,2.3978164290937336
4816,False,3.772689537544817
4817,False,3.993169759128135
4818,False,2.4478513768201857
4819,False,2.9896910328905415
4820,False,2.1721413664942166
4821,False,3.9600231010838973
4822,False,1.965135328653065
4823,False,3.261940989183876
4824,False,3.7568003155826943
4825,False,3.404060555842684
4826,False,3.077063884559243
4827,False,2.9655571898864794
4828,False,4.864046657981016
4829,False,2.7572605539996453
4830,False,3.615280089833251
4831,False,3.0375604310225914
4832,False,5.251071799821543
4833,False,2.6568813196953576
4834,False,2.5515148676543844
4835,False,2.495965346685395
4836,False,1.6521652788422378
4837,False,3.910684198485927
4838,False,4.442038717035704
4839,False,3.8113714493639743
4840,False,2.7769126479641275
4841,False,2.7852146823333594
4842,False,2.6816448181061396
4843,False,2.1808523891464735
4844,False,5.0624304949521
4845,False,4.956354157111591
4846,False,2.651286977342776
4847,False,2.726741070123909
4848,False,3.0278693199137368
4849,False,3.3081234437662084
4850,False,3.5240528219081093
4851,False,3.7019053481609667
4852,False,3.9421812768749582
4853,False,4.719428877638862
4854,False,2.4280931078932957
4855,False,2.9182792878243604
4856,False,2.9113599049698444
4857,False,2.198733974470517
4858,False,4.026427357257185
4859,False,3.6066543277414196
4860,False,4.9520064695766814
4861,False,3.2627085413200647
4862,False,3.5763895918560746
4863,False,1.8454579214663087
4864,False,2.911359904969846
4865,False,2.828201682636435
4866,False,3.9341388306722136
4867,False,3.649830811181528
4868,False,4.109906409461251
4869,False,3.009363886742306
4870,False,3.251682462914265
4871,False,3.124659972657938
4872,False,4.172953283111688
4873,False,3.7647297958080026
4874,False,2.727591291613309
4875,False,3.2535274530960603
4876,False,3.498709441691716
4877,False,2.858143666210518
4878,False,4.736705470783359
4879,False,3.6507820867500134
4880,False,3.674583047678349
4881,False,2.4969540627059432
4882,False,3.9512977170699832
4883,False,2.9627929416258394
4884,False,2.906443728269717
4885,False,3.870085881594779
4886,False,1.8536591582900244
4887,False,3.1975007239816726
4888,False,2.3447128007726987
4889,False,3.16616696906733
4890,False,2.2128869492503362
4891,False,2.199277396041564
4892,False,2.711896435858764
4893,False,2.9524374948129593
4894,False,3.4305189049019003
4895,False,2.716576730680426
4896,False,3.1714906802491454
4897,False,3.47409211806615
4898,False,2.9238479207108625
4899,False,3.4348687455593834
4900,False,3.2785958604104843
4901,False,3.8660540871609017
4902,False,3.3955891740820663
4903,False,3.347583376960563
4904,False,3.3890679112790956
4905,False,3.1469964817161875
4906,False,3.0939690750700226
4907,False,7.3801969397206895
4908,False,3.633742065085785
4909,False,5.023937984747615
4910,False,2.5740046556874403
4911,False,3.465387238942335
4912,False,2.3154259120847325
4913,False,3.238608882313536
4914,False,3.5554902409635836
4915,False,4.113947535311107
4916,False,3.042414182372824
4917,False,3.403929715894261
4918,False,2.7618517711860413
4919,False,2.7184364724565264
4920,False,3.5035367251787006
4921,False,3.834222210867023
4922,False,4.101289492144452
4923,False,3.5781326223332988
4924,False,2.1798491057662437
4925,False,3.080744187187759
4926,False,2.8704726051345397
4927,False,3.0353709134189195
4928,False,2.357446130792871
4929,False,4.041394316058529
4930,False,2.600143287215964
4931,False,3.653343507186033
4932,False,3.5554902409635827
4933,False,3.370362606631442
4934,False,3.505659550298218
4935,False,3.1975286266612923
4936,False,3.9051648990419032
4937,False,3.4991419790887046
4938,False,2.7613930284885964
4939,False,3.297489193451079
4940,False,3.3129958075335937
4941,False,4.060303462481651
4942,False,2.554211794769546
4943,False,4.228593859311606
4944,False,2.784732026824774
4945,False,2.9053798360450234
4946,False,3.0389374056757648
4947,False,3.2755664450449324
4948,False,2.948040417578272
4949,False,2.8038757317915137
4950,False,2.5054919285225616
4951,False,2.8288540592780644
4952,False,2.4478513768201857
4953,False,4.159923965760542
4954,False,2.8911297613955584
4955,False,3.6688838848469536
4956,False,3.3185324423293205
4957,False,3.2707145268832534
4958,False,3.2236715421647006
4959,False,3.2520712027038514
4960,False,2.9522843948250412
4961,False,3.0244734884057207
4962,False,3.070896298446288
4963,False,3.3087506246249463
4964,False,2.3062061442969837
4965,False,2.670054917526529
4966,False,3.78859438655443
4967,False,2.9850634717308324
4968,False,4.362441658560959
4969,False,3.2553513751982526
4970,False,3.361002327166934
4971,False,3.455629127939746
4972,False,3.0489485812928847
4973,False,2.8296741106698433
4974,False,4.173541971853572
4975,False,4.468370250999035
4976,False,2.8795981536655333
4977,False,3.2436853550823375
4978,False,3.414141134275986
4979,False,3.717188861791916
4980,False,4.988206920160615
4981,False,2.7410785634956523
4982,False,2.7185787558021346
4983,False,3.5843569879369106
4984,False,3.8314723351719606
4985,False,7.402252457640152
4986,False,2.969000630299003
4987,False,3.179869244927358
4988,False,2.8400710507781066
4989,False,3.1926777105752597
4990,False,3.5219588646480258
4991,False,2.7538381425525427
4992,False,3.4113047469655466
4993,False,2.6836184996618213
4994,False,3.4993715346764893
4995,False,2.505571720485812
4996,False,3.05450601825209
4997,False,2.8536624381937985
4998,False,2.683618499661819
4999,False,1.8730735933474065
5000,False,2.0680595333691434
