physical_event_id,start_time,end_time,peak_time,second_time,minute_time,stage_id,representative_data_channel,layout_channel,representative_segment_id,geometry_type,burial_depth_cm,x_cm,y_cm,z_cm,position_id,file_name,gauge_data_channels,gauge_channel_count,sample_count,duration_s,event_rms_gauge_median,event_rms_gauge_min,event_rms_gauge_max,event_squared_strain_rate_integral_gauge_median,event_squared_strain_rate_integral_gauge_sum,cumulative_event_count,cumulative_event_rms_diagnostic,cumulative_squared_strain_rate_integral,activity,node_index,gauge_crosses_domain,gauge_has_unlocated_channel
RGM_0038702,2025-07-19 09:30:47.587567541,2025-07-19 09:30:48.137567541,2025-07-19 09:30:47.687567541,2025-07-19 09:30:47,2025-07-19 09:30:00,0,332,3332,andring49,line,2.0,20.0,100.0,98.0,S2_line_D2_X20_Y100_Z98,S2_20250719-093001.937567541+0800.h5,332;333;334;335;336,5,2750,0.55,0.0191444370513055,0.0144037567015422,0.0197634952418915,0.0002015802085062,0.0009277769972404,1,0.0191444370513055,0.0002015802085062,0.0002015802085062,4,False,False
RGM_0039245,2025-07-19 09:32:36.037567541,2025-07-19 09:32:36.087567541,2025-07-19 09:32:36.062567541,2025-07-19 09:32:36,2025-07-19 09:32:00,0,493,3493,andring58,line,2.0,169.0,90.0,8.0,S2_line_D2_X169_Y90_Z8,S2_20250719-093001.937567541+0800.h5,489;490;491;492;493;494;495,7,250,0.05,0.0170863615285889,0.0099746163525952,0.0258623727325675,1.4597187514282187e-05,0.0001210816602544,2,0.0362307985798944,0.0002161773960205,1.4597187514282187e-05,61,False,False
RGM_0039461,2025-07-19 09:33:06.662567541,2025-07-19 09:33:06.712567541,2025-07-19 09:33:06.687567541,2025-07-19 09:33:06,2025-07-19 09:33:00,0,403,3403,ring53,ring,2.0,85.0,20.0,98.0,S2_ring_D2_X85_Y20_Z98,S2_20250719-093001.937567541+0800.h5,399;400;401;402;403;404;405;406;407,9,250,0.05,0.0159573308209848,0.0056775634508144,0.0287355399438551,1.2731820346517598e-05,0.0001595257339049,3,0.0521881294008792,0.000228909216367,1.2731820346517598e-05,23,False,False
RGM_0039559,2025-07-19 09:33:25.737567541,2025-07-19 09:33:25.787567541,2025-07-19 09:33:25.762567541,2025-07-19 09:33:25,2025-07-19 09:33:00,0,495,3495,andring58,line,2.0,169.0,50.0,8.0,S2_line_D2_X169_Y50_Z8,S2_20250719-093001.937567541+0800.h5,491;492;493;494;495,5,250,0.05,0.0158359438587591,0.0123351126003039,0.0255358874154558,1.2538855894888575e-05,8.331306578005287e-05,4,0.0680240732596384,0.0002414480722619,1.2538855894888575e-05,59,False,False
RGM_0040158,2025-07-19 09:34:50.387567541,2025-07-19 09:34:50.937567541,2025-07-19 09:34:50.512567541,2025-07-19 09:34:50,2025-07-19 09:34:00,0,493,3493,andring58,line,2.0,169.0,90.0,8.0,S2_line_D2_X169_Y90_Z8,S2_20250719-093001.937567541+0800.h5,489;490;491;492;493;494;495,7,2750,0.55,0.0202083990326324,0.0106805730495282,0.0215406836516679,0.0002246086653041,0.001376792413468,5,0.0882324722922708,0.0004660567375661,0.0002246086653041,61,False,False
RGM_0040301,2025-07-19 09:35:15.237567541,2025-07-19 09:35:15.287567541,2025-07-19 09:35:15.262567541,2025-07-19 09:35:15,2025-07-19 09:35:00,0,364,3364,ring50andring51,line,2.0,60.0,120.0,98.0,S2_line_D2_X60_Y120_Z98,S2_20250719-093001.937567541+0800.h5,360;361;362;363;364;365;366;367;368,9,250,0.05,0.0149448318258622,0.0115811135346154,0.0164628987771195,1.116739991516529e-05,0.0001003748949917,6,0.1031773041181331,0.0004772241374812,1.116739991516529e-05,16,False,False
RGM_0137850,2025-07-19 10:17:21.688066716,2025-07-19 10:17:21.888066716,2025-07-19 10:17:21.788066716,2025-07-19 10:17:21,2025-07-19 10:17:00,3,495,3495,andring58,line,2.0,169.0,50.0,8.0,S2_line_D2_X169_Y50_Z8,S2_20250719-101001.938066716+0800.h5,491;492;493;494;495,5,1000,0.2,0.0236982265633056,0.0169287088292153,0.0251328749995506,0.0001123211884491,0.0005191210337252,8,0.1324044866756302,0.0005910773095141,0.0001123211884491,59,False,False
RGM_0138960,2025-07-19 10:21:53.488278433,2025-07-19 10:21:53.688278433,2025-07-19 10:21:53.563278433,2025-07-19 10:21:53,2025-07-19 10:21:00,3,274,3274,ring39,ring,20.0,90.0,87.2,80.0,S2_ring_D20_X90_Y87.2_Z80,S2_20250719-102001.938278433+0800.h5,270;271;272;273;274;275;276;277;278,9,1000,0.2,0.0102053735828094,0.0071421495978895,0.0163569724615689,2.0829929992940964e-05,0.0002518477240155,9,0.1426098602584396,0.000611907239507,2.0829929992940964e-05,89,False,False
RGM_0138962,2025-07-19 10:21:53.488278433,2025-07-19 10:21:53.688278433,2025-07-19 10:21:53.588278433,2025-07-19 10:21:53,2025-07-19 10:21:00,3,268,3268,ring38,ring,20.0,90.0,52.8,80.0,S2_ring_D20_X90_Y52.8_Z80,S2_20250719-102001.938278433+0800.h5,264;265;266;267;268;269;270;271;272,9,1000,0.2,0.0149355824640663,0.0068996451625354,0.0166150236315319,4.461432470818514e-05,0.0003481444314989,10,0.1575454427225059,0.0006565215642152,4.461432470818514e-05,86,False,False
RGM_0138964,2025-07-19 10:21:53.488278433,2025-07-19 10:21:53.688278433,2025-07-19 10:21:53.588278433,2025-07-19 10:21:53,2025-07-19 10:21:00,3,273,3273,ring39,ring,20.0,90.0,87.2,80.0,S2_ring_D20_X90_Y87.2_Z80,S2_20250719-102001.938278433+0800.h5,269;270;271;272;273;274;275;276;277,9,1000,0.2,0.0130916364881004,0.0071421495978895,0.0166150236315319,3.427818918731245e-05,0.0002924308544427,11,0.1706370792106064,0.0006907997534025,3.427818918731245e-05,89,False,False
RGM_0139004,2025-07-19 10:21:53.938278433,2025-07-19 10:21:54.138278433,2025-07-19 10:21:54.038278433,2025-07-19 10:21:54,2025-07-19 10:21:00,3,273,3273,ring39,ring,20.0,90.0,87.2,80.0,S2_ring_D20_X90_Y87.2_Z80,S2_20250719-102001.938278433+0800.h5,269;270;271;272;273;274;275;276;277,9,1000,0.2,0.0146887362619883,0.0079222047318883,0.0178878800874272,4.315179459485052e-05,0.0003547910304504,12,0.1853258154725947,0.0007339515479974,4.315179459485052e-05,89,False,False
RGM_0139006,2025-07-19 10:21:53.988278433,2025-07-19 10:21:54.088278433,2025-07-19 10:21:54.038278433,2025-07-19 10:21:54,2025-07-19 10:21:00,3,266,3266,ring37andring38,line,20.0,90.0,45.6,80.0,S2_line_D20_X90_Y45.6_Z80,S2_20250719-102001.938278433+0800.h5,262;263;264;265;266;267;268;269;270,9,500,0.1,0.015003983145792,0.0079002647735794,0.0225616089031741,2.2511951023921074e-05,0.0002415273117667,13,0.2003297986183868,0.0007564634990213,2.2511951023921074e-05,85,False,False
RGM_0139009,2025-07-19 10:21:53.988278433,2025-07-19 10:21:54.188278433,2025-07-19 10:21:54.088278433,2025-07-19 10:21:54,2025-07-19 10:21:00,3,273,3273,ring39,ring,20.0,90.0,87.2,80.0,S2_ring_D20_X90_Y87.2_Z80,S2_20250719-102001.938278433+0800.h5,269;270;271;272;273;274;275;276;277,9,1000,0.2,0.0151579195801119,0.0080426057698451,0.0184738608482806,4.595250519942819e-05,0.0003767111701746,14,0.2154877181984987,0.0008024160042207,4.595250519942819e-05,89,False,False
RGM_0139813,2025-07-19 10:26:08.863278433,2025-07-19 10:26:09.138278433,2025-07-19 10:26:09.088278433,2025-07-19 10:26:09,2025-07-19 10:26:00,3,413,3413,ring53andring54,line,2.0,95.0,40.0,98.0,S2_line_D2_X95_Y40_Z98,S2_20250719-102001.938278433+0800.h5,409;410;411;412;413;414;415;416;417,9,1375,0.275,0.013513779395461,0.0049784160882397,0.017001822772564,5.022111422602688e-05,0.0004301329134665,15,0.2290014975939598,0.0008526371184467,5.022111422602688e-05,30,False,False
RGM_0141090,2025-07-19 10:28:19.938278433,2025-07-19 10:28:21.938278433,2025-07-19 10:28:21.438278433,2025-07-19 10:28:21,2025-07-19 10:28:00,3,366,3366,ring50andring51,line,2.0,60.0,80.0,98.0,S2_line_D2_X60_Y80_Z98,S2_20250719-102001.938278433+0800.h5,362;363;364;365;366;367;368;369;370,9,10000,2.0,0.0376402542722255,0.0202280016935581,0.0415672873546032,0.0028335774833555,0.0222217809194951,18,0.2866814031703329,0.0037139870126128,0.0028335774833555,14,False,False
RGM_0141093,2025-07-19 10:28:21.538278433,2025-07-19 10:28:21.613278433,2025-07-19 10:28:21.563278433,2025-07-19 10:28:21,2025-07-19 10:28:00,3,380,3380,ring51andring52,line,2.0,80.0,20.0,98.0,S2_line_D2_X80_Y20_Z98,S2_20250719-102001.938278433+0800.h5,376;377;378;379;380;381;382;383;384,9,375,0.075,0.042610546743573,0.0032088977900304,0.0541525201612258,0.0001361744020339,0.0010412821340767,19,0.329291949913906,0.0038501614146468,0.0001361744020339,17,False,False
RGM_0141094,2025-07-19 10:28:20.938278433,2025-07-19 10:28:21.938278433,2025-07-19 10:28:21.563278433,2025-07-19 10:28:21,2025-07-19 10:28:00,3,369,3369,ring51,ring,2.0,60.0,20.0,98.0,S2_ring_D2_X60_Y20_Z98,S2_20250719-102001.938278433+0800.h5,365;366;367;368;369;370;371;372;373,9,5000,1.0,0.0315860006486845,0.0218679689913575,0.0569110207295671,0.0009976754369787,0.0134031023413285,20,0.3608779505625905,0.0048478368516255,0.0009976754369787,11,False,False
RGM_0141095,2025-07-19 10:28:21.563278433,2025-07-19 10:28:21.663278433,2025-07-19 10:28:21.613278433,2025-07-19 10:28:21,2025-07-19 10:28:00,3,368,3368,ring50andring51,line,2.0,60.0,40.0,98.0,S2_line_D2_X60_Y40_Z98,S2_20250719-102001.938278433+0800.h5,364;365;366;367;368;369;370;371;372,9,500,0.1,0.0681249025109808,0.0408734557770535,0.0962652064824684,0.000464100234213,0.0047866212127645,21,0.4290028530735714,0.0053119370858386,0.000464100234213,12,False,False
RGM_0141096,2025-07-19 10:28:21.538278433,2025-07-19 10:28:21.738278433,2025-07-19 10:28:21.613278433,2025-07-19 10:28:21,2025-07-19 10:28:00,3,363,3363,ring50,ring,2.0,40.0,120.0,98.0,S2_ring_D2_X40_Y120_Z98,S2_20250719-102001.938278433+0800.h5,359;360;361;362;363;364;365;366;367,9,1000,0.2,0.0815097769241117,0.0239765202731215,0.0909100696030378,0.0013287687468436,0.0103899787404216,22,0.5105126299976832,0.0066407058326823,0.0013287687468436,10,False,False
RGM_0141099,2025-07-19 10:28:21.438278433,2025-07-19 10:28:21.938278433,2025-07-19 10:28:21.638278433,2025-07-19 10:28:21,2025-07-19 10:28:00,3,362,3362,ring50,ring,2.0,40.0,120.0,98.0,S2_ring_D2_X40_Y120_Z98,S2_20250719-102001.938278433+0800.h5,358;359;360;361;362;363;364;365;366,9,2500,0.5,0.0708873476565622,0.0086423439926309,0.0788208506519598,0.0025125080288911,0.017287205845859,23,0.5813999776542454,0.0091532138615734,0.0025125080288911,10,False,False
RGM_0141101,2025-07-19 10:28:21.438278433,2025-07-19 10:28:21.938278433,2025-07-19 10:28:21.688278433,2025-07-19 10:28:21,2025-07-19 10:28:00,3,382,3382,ring51andring52,line,2.0,80.0,60.0,98.0,S2_line_D2_X80_Y60_Z98,S2_20250719-102001.938278433+0800.h5,378;379;380;381;382;383;384;385;386,9,2500,0.5,0.014978599972389,0.0032725815547245,0.0455823554649279,0.0001121792285664,0.0032699587993708,24,0.5963785776266345,0.0092653930901398,0.0001121792285664,19,False,False
RGM_0141102,2025-07-19 10:28:21.438278433,2025-07-19 10:28:21.938278433,2025-07-19 10:28:21.688278433,2025-07-19 10:28:21,2025-07-19 10:28:00,3,368,3368,ring50andring51,line,2.0,60.0,40.0,98.0,S2_line_D2_X60_Y40_Z98,S2_20250719-102001.938278433+0800.h5,364;365;366;367;368;369;370;371;372,9,2500,0.5,0.0545391009256046,0.0301552072970783,0.0788208506519598,0.0014872567648866,0.015480608963197,25,0.6509176785522391,0.0107526498550265,0.0014872567648866,12,False,False
RGM_0141103,2025-07-19 10:28:21.438278433,2025-07-19 10:28:21.938278433,2025-07-19 10:28:21.688278433,2025-07-19 10:28:21,2025-07-19 10:28:00,3,361,3361,ring50,ring,2.0,40.0,120.0,98.0,S2_ring_D2_X40_Y120_Z98,S2_20250719-102001.938278433+0800.h5,357;358;359;360;361;362;363;364;365,9,2500,0.5,0.0588912477697088,0.0055953895497108,0.0788208506519598,0.0017340895319366,0.0144441690125484,26,0.709808926321948,0.0124867393869631,0.0017340895319366,10,False,False
RGM_0141105,2025-07-19 10:28:21.863278433,2025-07-19 10:28:21.913278433,2025-07-19 10:28:21.888278433,2025-07-19 10:28:21,2025-07-19 10:28:00,3,381,3381,ring51andring52,line,2.0,80.0,40.0,98.0,S2_line_D2_X80_Y40_Z98,S2_20250719-102001.938278433+0800.h5,377;378;379;380;381;382;383;384;385,9,250,0.05,0.0285116323759028,0.0036318121936525,0.0449155611477535,4.064565903693143e-05,0.000428108831935,27,0.7383205586978508,0.012527385046,4.064565903693143e-05,18,False,False
RGM_0141106,2025-07-19 10:28:21.888278433,2025-07-19 10:28:21.988278433,2025-07-19 10:28:21.963278433,2025-07-19 10:28:21,2025-07-19 10:28:00,3,368,3368,ring50andring51,line,2.0,60.0,40.0,98.0,S2_line_D2_X60_Y40_Z98,S2_20250719-102001.938278433+0800.h5,364;365;366;367;368;369;370;371;372,9,500,0.1,0.043560357769822,0.0200691014441438,0.0650148048854873,0.0001897504769034,0.0020018804956358,28,0.7818809164676729,0.0127171355229035,0.0001897504769034,12,False,False
RGM_0141107,2025-07-19 10:28:21.938278433,2025-07-19 10:28:21.988278433,2025-07-19 10:28:21.963278433,2025-07-19 10:28:21,2025-07-19 10:28:00,3,380,3380,ring51andring52,line,2.0,80.0,20.0,98.0,S2_line_D2_X80_Y20_Z98,S2_20250719-102001.938278433+0800.h5,376;377;378;379;380;381;382;383;384,9,250,0.05,0.024533139567674,0.0039269548704478,0.0285779213865678,3.0093746852348803e-05,0.000211755861537,29,0.806414056035347,0.0127472292697559,3.0093746852348803e-05,17,False,False
RGM_0141108,2025-07-19 10:28:21.938278433,2025-07-19 10:28:22.038278433,2025-07-19 10:28:21.988278433,2025-07-19 10:28:21,2025-07-19 10:28:00,3,362,3362,ring50,ring,2.0,40.0,120.0,98.0,S2_ring_D2_X40_Y120_Z98,S2_20250719-102001.938278433+0800.h5,358;359;360;361;362;363;364;365;366,9,500,0.1,0.0460450032872156,0.0059979226628089,0.0532993447528437,0.0002120142327719,0.0015188101383922,30,0.8524590593225627,0.0129592435025278,0.0002120142327719,10,False,False
RGM_0141109,2025-07-19 10:28:21.938278433,2025-07-19 10:28:22.038278433,2025-07-19 10:28:21.988278433,2025-07-19 10:28:21,2025-07-19 10:28:00,3,368,3368,ring50andring51,line,2.0,60.0,40.0,98.0,S2_line_D2_X60_Y40_Z98,S2_20250719-102001.938278433+0800.h5,364;365;366;367;368;369;370;371;372,9,500,0.1,0.037521928823568,0.0165575544268208,0.0532993447528437,0.000140789514264,0.0013878394815685,31,0.8899809881461308,0.0131000330167919,0.000140789514264,12,False,False
RGM_0141111,2025-07-19 10:28:21.938278433,2025-07-19 10:28:22.788278433,2025-07-19 10:28:22.038278433,2025-07-19 10:28:22,2025-07-19 10:28:00,3,381,3381,ring51andring52,line,2.0,80.0,40.0,98.0,S2_line_D2_X80_Y40_Z98,S2_20250719-102001.938278433+0800.h5,377;378;379;380;381;382;383;384;385,9,4250,0.85,0.013585222043538,0.0031329792090559,0.0221266552727736,0.0001568745192763,0.0017324192159256,32,0.9035662101896688,0.0132569075360683,0.0001568745192763,18,False,False
RGM_0141279,2025-07-19 10:28:29.738278433,2025-07-19 10:28:30.938278433,2025-07-19 10:28:30.838278433,2025-07-19 10:28:30,2025-07-19 10:28:00,3,335,3335,andring49,line,2.0,20.0,40.0,98.0,S2_line_D2_X20_Y40_Z98,S2_20250719-102001.938278433+0800.h5,332;333;334;335;336;337;338;339,8,6000,1.2,0.0192445242597856,0.0142499198543762,0.0213353604042693,0.0004450906873741,0.0033923054954147,33,0.9228107344494546,0.0137019982234425,0.0004450906873741,1,False,False
RGM_0141380,2025-07-19 10:28:38.063278433,2025-07-19 10:28:38.888278433,2025-07-19 10:28:38.288278433,2025-07-19 10:28:38,2025-07-19 10:28:00,3,381,3381,ring51andring52,line,2.0,80.0,40.0,98.0,S2_line_D2_X80_Y40_Z98,S2_20250719-102001.938278433+0800.h5,377;378;379;380;381;382;383;384;385,9,4125,0.825,0.0186893064175319,0.0034473902636167,0.0328091221803807,0.0002881643938539,0.0036355918133595,34,0.9415000408669866,0.0139901626172964,0.0002881643938539,18,False,False
RGM_0141521,2025-07-19 10:28:47.913278433,2025-07-19 10:28:48.588278433,2025-07-19 10:28:47.988278433,2025-07-19 10:28:47,2025-07-19 10:28:00,3,381,3381,ring51andring52,line,2.0,80.0,40.0,98.0,S2_line_D2_X80_Y40_Z98,S2_20250719-102001.938278433+0800.h5,377;378;379;380;381;382;383;384;385,9,3375,0.675,0.0173332818495504,0.0034740533620884,0.0295316621586939,0.0002027987952812,0.0024516367488572,35,0.958833322716537,0.0141929614125777,0.0002027987952812,18,False,False
RGM_0144993,2025-07-19 10:38:30.983182903,2025-07-19 10:38:31.033182903,2025-07-19 10:38:31.008182903,2025-07-19 10:38:31,2025-07-19 10:38:00,3,402,3402,ring53,ring,2.0,85.0,20.0,98.0,S2_ring_D2_X85_Y20_Z98,S2_20250719-103001.833182903+0800.h5,398;399;400;401;402;403;404;405;406,9,250,0.05,0.0228968842759746,0.0058501304121938,0.040949618467601,2.6213365477368856e-05,0.0003229214618503,36,0.9817302069925116,0.0142191747780551,2.6213365477368856e-05,23,False,False
RGM_0145855,2025-07-19 10:40:16.058439553,2025-07-19 10:40:16.108439553,2025-07-19 10:40:16.083439553,2025-07-19 10:40:16,2025-07-19 10:40:00,3,382,3382,ring51andring52,line,2.0,80.0,60.0,98.0,S2_line_D2_X80_Y60_Z98,S2_20250719-104001.833439553+0800.h5,378;379;380;381;382;383;384;385;386,9,250,0.05,0.0101104512622333,0.0046388154299694,0.0143777019405394,5.111061236299762e-06,4.769861171892617e-05,37,0.991840658254745,0.0142242858392914,5.111061236299762e-06,19,False,False
RGM_0146625,2025-07-19 10:41:57.208439553,2025-07-19 10:41:58.333439553,2025-07-19 10:41:57.333439553,2025-07-19 10:41:57,2025-07-19 10:41:00,3,382,3382,ring51andring52,line,2.0,80.0,60.0,98.0,S2_line_D2_X80_Y60_Z98,S2_20250719-104001.833439553+0800.h5,378;379;380;381;382;383;384;385;386,9,5625,1.125,0.0149147235401624,0.0042719907738738,0.0212785043274531,0.0002502551005644,0.0022921702633612,38,1.0067553817949075,0.0144745409398558,0.0002502551005644,19,False,False
RGM_0148611,2025-07-19 10:46:04.858439553,2025-07-19 10:46:06.083439553,2025-07-19 10:46:04.908439553,2025-07-19 10:46:04,2025-07-19 10:46:00,3,382,3382,ring51andring52,line,2.0,80.0,60.0,98.0,S2_line_D2_X80_Y60_Z98,S2_20250719-104001.833439553+0800.h5,378;379;380;381;382;383;384;385;386,9,6125,1.225,0.0252454358543387,0.0042091389163065,0.0515850853381167,0.0007807317385575,0.010737712827042,39,1.0320008176492463,0.0152552726784133,0.0007807317385575,19,False,False
RGM_0148655,2025-07-19 10:46:07.058439553,2025-07-19 10:46:07.158439553,2025-07-19 10:46:07.108439553,2025-07-19 10:46:07,2025-07-19 10:46:00,3,383,3383,ring51andring52,line,2.0,80.0,80.0,98.0,S2_line_D2_X80_Y80_Z98,S2_20250719-104001.833439553+0800.h5,379;380;381;382;383;384;385;386;387,9,500,0.1,0.0167712238036219,0.0037822416286417,0.0390299631196127,2.8127394787117694e-05,0.0004919787881529,40,1.0487720414528685,0.0152834000732004,2.8127394787117694e-05,20,False,False
RGM_0148656,2025-07-19 10:46:07.033439553,2025-07-19 10:46:07.233439553,2025-07-19 10:46:07.133439553,2025-07-19 10:46:07,2025-07-19 10:46:00,3,383,3383,ring51andring52,line,2.0,80.0,80.0,98.0,S2_line_D2_X80_Y80_Z98,S2_20250719-104001.833439553+0800.h5,379;380;381;382;383;384;385;386;387,9,1000,0.2,0.0121514826051894,0.0034394368160168,0.0279830761951517,2.95317059008444e-05,0.0005111033092182,41,1.0609235240580577,0.0153129317791013,2.95317059008444e-05,20,False,False
RGM_0148709,2025-07-19 10:46:12.083439553,2025-07-19 10:46:13.383439553,2025-07-19 10:46:12.458439553,2025-07-19 10:46:12,2025-07-19 10:46:00,3,382,3382,ring51andring52,line,2.0,80.0,60.0,98.0,S2_line_D2_X80_Y60_Z98,S2_20250719-104001.833439553+0800.h5,378;379;380;381;382;383;384;385;386,9,6500,1.3,0.0218365455912109,0.0042648559260109,0.0416130752086951,0.0006198851403641,0.0078145037625456,42,1.0827600696492683,0.0159328169194654,0.0006198851403641,19,False,False
RGM_0148790,2025-07-19 10:46:18.508439553,2025-07-19 10:46:18.558439553,2025-07-19 10:46:18.533439553,2025-07-19 10:46:18,2025-07-19 10:46:00,3,376,3376,ring51,ring,2.0,60.0,20.0,98.0,S2_ring_D2_X60_Y20_Z98,S2_20250719-104001.833439553+0800.h5,372;373;374;375;376;377;378;379;380,9,250,0.05,0.0923692678355769,0.0812554650072921,0.1017094962047624,0.000426604082024,0.0037441769669618,43,1.1751293374848455,0.0163594210014894,0.000426604082024,11,False,False
RGM_0148835,2025-07-19 10:46:20.783439553,2025-07-19 10:46:23.658439553,2025-07-19 10:46:20.858439553,2025-07-19 10:46:20,2025-07-19 10:46:00,3,382,3382,ring51andring52,line,2.0,80.0,60.0,98.0,S2_line_D2_X80_Y60_Z98,S2_20250719-104001.833439553+0800.h5,378;379;380;381;382;383;384;385;386,9,14375,2.875,0.0095584262320753,0.0035159665040334,0.0156205319390577,0.0002626700970978,0.0028377700758664,44,1.1846877637169209,0.0166220910985873,0.0002626700970978,19,False,False
RGM_0148879,2025-07-19 10:46:28.633439553,2025-07-19 10:46:28.683439553,2025-07-19 10:46:28.658439553,2025-07-19 10:46:28,2025-07-19 10:46:00,3,382,3382,ring51andring52,line,2.0,80.0,60.0,98.0,S2_line_D2_X80_Y60_Z98,S2_20250719-104001.833439553+0800.h5,378;379;380;381;382;383;384;385;386,9,250,0.05,0.0125281868391283,0.0033723494952711,0.0205874201806623,7.847773273805386e-06,8.456113056429945e-05,45,1.1972159505560491,0.0166299388718611,7.847773273805386e-06,19,False,False
RGM_0149066,2025-07-19 10:46:39.583439553,2025-07-19 10:46:40.583439553,2025-07-19 10:46:40.508439553,2025-07-19 10:46:40,2025-07-19 10:46:00,3,382,3382,ring51andring52,line,2.0,80.0,60.0,98.0,S2_line_D2_X80_Y60_Z98,S2_20250719-104001.833439553+0800.h5,378;379;380;381;382;383;384;385;386,9,5000,1.0,0.0207446826466304,0.005192852901131,0.0394892417534149,0.0004303418581094,0.0054619979859266,46,1.2179606332026796,0.0170602807299705,0.0004303418581094,19,False,False
RGM_0149067,2025-07-19 10:46:40.333439553,2025-07-19 10:46:40.958439553,2025-07-19 10:46:40.533439553,2025-07-19 10:46:40,2025-07-19 10:46:00,3,382,3382,ring51andring52,line,2.0,80.0,60.0,98.0,S2_line_D2_X80_Y60_Z98,S2_20250719-104001.833439553+0800.h5,378;379;380;381;382;383;384;385;386,9,3125,0.625,0.0146195134815566,0.004270773566965,0.0243536126163336,0.0001335813590233,0.0014558530503679,47,1.232580146684236,0.0171938620889939,0.0001335813590233,19,False,False
RGM_0149112,2025-07-19 10:46:42.258439553,2025-07-19 10:46:42.583439553,2025-07-19 10:46:42.508439553,2025-07-19 10:46:42,2025-07-19 10:46:00,3,383,3383,ring51andring52,line,2.0,80.0,80.0,98.0,S2_line_D2_X80_Y80_Z98,S2_20250719-104001.833439553+0800.h5,379;380;381;382;383;384;385;386;387,9,1625,0.325,0.0112438805088595,0.0041280907365099,0.0267387474056547,4.108807589169104e-05,0.0007570636785458,48,1.2438240271930956,0.0172349501648855,4.108807589169104e-05,20,False,False
RGM_0149113,2025-07-19 10:46:42.458439553,2025-07-19 10:46:42.558439553,2025-07-19 10:46:42.533439553,2025-07-19 10:46:42,2025-07-19 10:46:00,3,378,3378,ring51,ring,2.0,60.0,20.0,98.0,S2_ring_D2_X60_Y20_Z98,S2_20250719-104001.833439553+0800.h5,374;375;376;377;378;379;380;381;382,9,500,0.1,0.0451888499964303,0.0275035021467808,0.0484228084885175,0.0002042032163999,0.0016291138003406,49,1.289012877189526,0.0174391533812855,0.0002042032163999,11,False,False
RGM_0149114,2025-07-19 10:46:42.458439553,2025-07-19 10:46:42.958439553,2025-07-19 10:46:42.558439553,2025-07-19 10:46:42,2025-07-19 10:46:00,3,382,3382,ring51andring52,line,2.0,80.0,60.0,98.0,S2_line_D2_X80_Y60_Z98,S2_20250719-104001.833439553+0800.h5,378;379;380;381;382;383;384;385;386,9,2500,0.5,0.0159963074259958,0.0045767282387315,0.0261881787418725,0.0001279409256334,0.001376607767407,50,1.3050091846155218,0.017567094306919,0.0001279409256334,19,False,False
RGM_0149117,2025-07-19 10:46:42.758439553,2025-07-19 10:46:42.808439553,2025-07-19 10:46:42.783439553,2025-07-19 10:46:42,2025-07-19 10:46:00,3,379,3379,ring51,ring,2.0,60.0,20.0,98.0,S2_ring_D2_X60_Y20_Z98,S2_20250719-104001.833439553+0800.h5,375;376;377;378;379;380;381;382;383,9,250,0.05,0.0447482595284794,0.0193499953650333,0.0478137343612782,0.0001001203365414,0.000761176841121,51,1.3497574441440012,0.0176672146434604,0.0001001203365414,11,False,False
RGM_0149118,2025-07-19 10:46:42.758439553,2025-07-19 10:46:42.808439553,2025-07-19 10:46:42.783439553,2025-07-19 10:46:42,2025-07-19 10:46:00,3,382,3382,ring51andring52,line,2.0,80.0,60.0,98.0,S2_line_D2_X80_Y60_Z98,S2_20250719-104001.833439553+0800.h5,378;379;380;381;382;383;384;385;386,9,250,0.05,0.02842914244921,0.0070804234641272,0.0468058491400214,4.04108070198738e-05,0.0004342172068901,52,1.3781865865932112,0.0177076254504803,4.04108070198738e-05,19,False,False
RGM_0149122,2025-07-19 10:46:42.758439553,2025-07-19 10:46:42.808439553,2025-07-19 10:46:42.783439553,2025-07-19 10:46:42,2025-07-19 10:46:00,3,383,3383,ring51andring52,line,2.0,80.0,80.0,98.0,S2_line_D2_X80_Y80_Z98,S2_20250719-104001.833439553+0800.h5,379;380;381;382;383;384;385;386;387,9,250,0.05,0.0193499953650333,0.0061902098509836,0.0447482595284794,1.872111603134061e-05,0.0003265937661041,53,1.3975365819582446,0.0177263465665116,1.872111603134061e-05,20,False,False
RGM_0149123,2025-07-19 10:46:42.733439553,2025-07-19 10:46:42.833439553,2025-07-19 10:46:42.783439553,2025-07-19 10:46:42,2025-07-19 10:46:00,3,380,3380,ring51andring52,line,2.0,80.0,20.0,98.0,S2_line_D2_X80_Y20_Z98,S2_20250719-104001.833439553+0800.h5,376;377;378;379;380;381;382;383;384,9,500,0.1,0.0296351405870959,0.0091651576330905,0.034126748939121,8.782415576169393e-05,0.0006711756882748,54,1.4271717225453404,0.0178141707222733,8.782415576169393e-05,17,False,False
RGM_0149126,2025-07-19 10:46:41.833439553,2025-07-19 10:46:43.833439553,2025-07-19 10:46:42.808439553,2025-07-19 10:46:42,2025-07-19 10:46:00,3,381,3381,ring51andring52,line,2.0,80.0,40.0,98.0,S2_line_D2_X80_Y40_Z98,S2_20250719-104001.833439553+0800.h5,377;378;379;380;381;382;383;384;385,9,10000,2.0,0.0275561791807487,0.005697254336219,0.0439620036160422,0.001518686022083,0.0153486155681212,55,1.4547279017260892,0.0193328567443564,0.001518686022083,18,False,False
RGM_0149234,2025-07-19 10:46:47.583439553,2025-07-19 10:46:47.883439553,2025-07-19 10:46:47.633439553,2025-07-19 10:46:47,2025-07-19 10:46:00,3,382,3382,ring51andring52,line,2.0,80.0,60.0,98.0,S2_line_D2_X80_Y60_Z98,S2_20250719-104001.833439553+0800.h5,378;379;380;381;382;383;384;385;386,9,1500,0.3,0.0152885800166332,0.0044395689168975,0.0265905899191405,7.01222036774989e-05,0.0008170413731619,56,1.4700164817427224,0.0194029789480339,7.01222036774989e-05,19,False,False
RGM_0149379,2025-07-19 10:47:00.283439553,2025-07-19 10:47:00.483439553,2025-07-19 10:47:00.383439553,2025-07-19 10:47:00,2025-07-19 10:47:00,3,381,3381,ring51andring52,line,2.0,80.0,40.0,98.0,S2_line_D2_X80_Y40_Z98,S2_20250719-104001.833439553+0800.h5,377;378;379;380;381;382;383;384;385,9,1000,0.2,0.020432450035673,0.0056219895499361,0.0298739435716975,8.349700289205525e-05,0.0007728250930108,57,1.4904489317783955,0.019486475950926,8.349700289205525e-05,18,False,False
RGM_0149629,2025-07-19 10:47:15.083439553,2025-07-19 10:47:15.133439553,2025-07-19 10:47:15.108439553,2025-07-19 10:47:15,2025-07-19 10:47:00,3,486,3486,ring58,ring,2.0,163.0,120.0,16.0,S2_ring_D2_X163_Y120_Z16,S2_20250719-104001.833439553+0800.h5,482;483;484;485;486;487;488;489;490,9,250,0.05,0.0134922086343936,0.0037032932759653,0.0198103767678809,9.101984691700384e-06,8.222647569639401e-05,58,1.5039411404127891,0.0194955779356177,9.101984691700384e-06,58,False,False
RGM_0149637,2025-07-19 10:47:16.083439553,2025-07-19 10:47:16.208439553,2025-07-19 10:47:16.158439553,2025-07-19 10:47:16,2025-07-19 10:47:00,3,379,3379,ring51,ring,2.0,60.0,20.0,98.0,S2_ring_D2_X60_Y20_Z98,S2_20250719-104001.833439553+0800.h5,375;376;377;378;379;380;381;382;383,9,625,0.125,0.0451058613874652,0.0140414241859797,0.0475097911889491,0.0002543173414381,0.001820733619067,59,1.5490470018002545,0.0197498952770558,0.0002543173414381,11,False,False
RGM_0149732,2025-07-19 10:47:26.333439553,2025-07-19 10:47:28.333439553,2025-07-19 10:47:26.933439553,2025-07-19 10:47:26,2025-07-19 10:47:00,3,382,3382,ring51andring52,line,2.0,80.0,60.0,98.0,S2_line_D2_X80_Y60_Z98,S2_20250719-104001.833439553+0800.h5,378;379;380;381;382;383;384;385;386,9,10000,2.0,0.0218262373688658,0.0050815068643081,0.0493161819231181,0.0009527692753641,0.0153986773757697,60,1.5708732391691205,0.02070266455242,0.0009527692753641,19,False,False
RGM_0149910,2025-07-19 10:47:38.683439553,2025-07-19 10:47:38.733439553,2025-07-19 10:47:38.708439553,2025-07-19 10:47:38,2025-07-19 10:47:00,3,378,3378,ring51,ring,2.0,60.0,20.0,98.0,S2_ring_D2_X60_Y20_Z98,S2_20250719-104001.833439553+0800.h5,374;375;376;377;378;379;380;381;382,9,250,0.05,0.0754797442455722,0.0377895474153148,0.0794531944470974,0.0002848595895688,0.0022154655097289,61,1.6463529834146926,0.0209875241419888,0.0002848595895688,11,False,False
RGM_0150100,2025-07-19 10:47:51.583439553,2025-07-19 10:47:52.583439553,2025-07-19 10:47:52.258439553,2025-07-19 10:47:52,2025-07-19 10:47:00,3,382,3382,ring51andring52,line,2.0,80.0,60.0,98.0,S2_line_D2_X80_Y60_Z98,S2_20250719-104001.833439553+0800.h5,378;379;380;381;382;383;384;385;386,9,5000,1.0,0.0124319427169732,0.0056613975421766,0.0278357177343508,0.0001545531997181,0.0026377362404812,62,1.6587849261316658,0.0211420773417069,0.0001545531997181,19,False,False
RGM_0150150,2025-07-19 10:47:54.683439553,2025-07-19 10:47:54.883439553,2025-07-19 10:47:54.783439553,2025-07-19 10:47:54,2025-07-19 10:47:00,3,373,3373,ring51,ring,2.0,60.0,20.0,98.0,S2_ring_D2_X60_Y20_Z98,S2_20250719-104001.833439553+0800.h5,369;370;371;372;373;374;375;376;377,9,1000,0.2,0.0556323010497116,0.0455009878381236,0.062240159564221,0.0006189905840171,0.0054653758418538,63,1.7144172271813771,0.0217610679257241,0.0006189905840171,11,False,False
RGM_0150153,2025-07-19 10:47:54.683439553,2025-07-19 10:47:54.883439553,2025-07-19 10:47:54.783439553,2025-07-19 10:47:54,2025-07-19 10:47:00,3,380,3380,ring51andring52,line,2.0,80.0,20.0,98.0,S2_line_D2_X80_Y20_Z98,S2_20250719-104001.833439553+0800.h5,376;377;378;379;380;381;382;383;384,9,1000,0.2,0.041599772665883,0.0078023358763647,0.0619955025576223,0.0003461082171706,0.0032394966111756,64,1.7560169998472603,0.0221071761428947,0.0003461082171706,17,False,False
RGM_0150159,2025-07-19 10:47:54.583439553,2025-07-19 10:47:55.583439553,2025-07-19 10:47:54.808439553,2025-07-19 10:47:54,2025-07-19 10:47:00,3,381,3381,ring51andring52,line,2.0,80.0,40.0,98.0,S2_line_D2_X80_Y40_Z98,S2_20250719-104001.833439553+0800.h5,377;378;379;380;381;382;383;384;385,9,5000,1.0,0.0174955845968679,0.0063165583036518,0.0315378485071591,0.0003060954803861,0.0037021909892042,65,1.7735125844441284,0.0224132716232809,0.0003060954803861,18,False,False
RGM_0150837,2025-07-19 10:48:42.033439553,2025-07-19 10:48:43.083439553,2025-07-19 10:48:43.033439553,2025-07-19 10:48:43,2025-07-19 10:48:00,3,382,3382,ring51andring52,line,2.0,80.0,60.0,98.0,S2_line_D2_X80_Y60_Z98,S2_20250719-104001.833439553+0800.h5,378;379;380;381;382;383;384;385;386,9,5250,1.05,0.0091948245599436,0.0047406259626787,0.0204133436914199,8.877203862255017e-05,0.001519129990761,66,1.782707409004072,0.0225020436619034,8.877203862255017e-05,19,False,False
RGM_0150839,2025-07-19 10:48:43.008439553,2025-07-19 10:48:43.108439553,2025-07-19 10:48:43.058439553,2025-07-19 10:48:43,2025-07-19 10:48:00,3,369,3369,ring51,ring,2.0,60.0,20.0,98.0,S2_ring_D2_X60_Y20_Z98,S2_20250719-104001.833439553+0800.h5,365;366;367;368;369;370;371;372;373,9,500,0.1,0.0349950347196576,0.019163731886254,0.0360338130069097,0.000122465245503,0.0008930762519336,67,1.8177024437237297,0.0226245089074064,0.000122465245503,11,False,False
RGM_0150842,2025-07-19 10:48:42.833439553,2025-07-19 10:48:43.383439553,2025-07-19 10:48:43.283439553,2025-07-19 10:48:43,2025-07-19 10:48:00,3,382,3382,ring51andring52,line,2.0,80.0,60.0,98.0,S2_line_D2_X80_Y60_Z98,S2_20250719-104001.833439553+0800.h5,378;379;380;381;382;383;384;385;386,9,2750,0.55,0.009869203896851,0.0046519886642807,0.0257714580236701,5.35706520566912e-05,0.0011351468995936,68,1.8275716476205808,0.0226780795594631,5.35706520566912e-05,19,False,False
RGM_0150843,2025-07-19 10:48:43.208439553,2025-07-19 10:48:43.708439553,2025-07-19 10:48:43.308439553,2025-07-19 10:48:43,2025-07-19 10:48:00,3,382,3382,ring51andring52,line,2.0,80.0,60.0,98.0,S2_line_D2_X80_Y60_Z98,S2_20250719-104001.833439553+0800.h5,378;379;380;381;382;383;384;385;386,9,2500,0.5,0.0103635804040825,0.0048226885864542,0.0270711216595954,5.370189939594189e-05,0.0011399201361199,69,1.8379352280246632,0.0227317814588591,5.370189939594189e-05,19,False,False
RGM_0151106,2025-07-19 10:49:00.983439553,2025-07-19 10:49:01.058439553,2025-07-19 10:49:01.008439553,2025-07-19 10:49:01,2025-07-19 10:49:00,3,381,3381,ring51andring52,line,2.0,80.0,40.0,98.0,S2_line_D2_X80_Y40_Z98,S2_20250719-104001.833439553+0800.h5,377;378;379;380;381;382;383;384;385,9,375,0.075,0.0160517530532895,0.0040609856289065,0.0255140264741076,1.9324408206284326e-05,0.000195797522276,70,1.8539869810779528,0.0227511058670653,1.9324408206284326e-05,18,False,False
RGM_0151528,2025-07-19 10:49:50.033439553,2025-07-19 10:49:50.083439553,2025-07-19 10:49:50.058439553,2025-07-19 10:49:50,2025-07-19 10:49:00,3,381,3381,ring51andring52,line,2.0,80.0,40.0,98.0,S2_line_D2_X80_Y40_Z98,S2_20250719-104001.833439553+0800.h5,377;378;379;380;381;382;383;384;385,9,250,0.05,0.0161042589886566,0.0050027739205987,0.030933139474637,1.296735787868635e-05,0.000171807138439,71,1.8700912400666092,0.022764073224944,1.296735787868635e-05,18,False,False
RGM_0151575,2025-07-19 10:49:52.683439553,2025-07-19 10:49:52.733439553,2025-07-19 10:49:52.708439553,2025-07-19 10:49:52,2025-07-19 10:49:00,3,485,3485,ring58,ring,2.0,163.0,120.0,16.0,S2_ring_D2_X163_Y120_Z16,S2_20250719-104001.833439553+0800.h5,481;482;483;484;485;486;487;488;489,9,250,0.05,0.0097170735739348,0.0068661686833287,0.0103648847640947,4.721075942063159e-06,3.999834779285228e-05,72,1.8798083136405443,0.0227687943008861,4.721075942063159e-06,58,False,False
RGM_0151727,2025-07-19 10:50:01.833663375,2025-07-19 10:50:02.958663375,2025-07-19 10:50:02.708663375,2025-07-19 10:50:02,2025-07-19 10:50:00,3,379,3379,ring51,ring,2.0,60.0,20.0,98.0,S2_ring_D2_X60_Y20_Z98,S2_20250719-105001.833663375+0800.h5,375;376;377;378;379;380;381;382;383,9,5625,1.125,0.0335919839882722,0.0065542566740775,0.0455212742026488,0.0012694740618018,0.0106106692656454,73,1.9134002976288165,0.024038268362688,0.0012694740618018,11,False,False
RGM_0152252,2025-07-19 10:50:28.683663375,2025-07-19 10:50:28.783663375,2025-07-19 10:50:28.733663375,2025-07-19 10:50:28,2025-07-19 10:50:00,3,379,3379,ring51,ring,2.0,60.0,20.0,98.0,S2_ring_D2_X60_Y20_Z98,S2_20250719-105001.833663375+0800.h5,375;376;377;378;379;380;381;382;383,9,500,0.1,0.0379060575478099,0.005296847878754,0.0533290990910829,0.0001436869198817,0.0011569367916523,74,1.9513063551766263,0.0241819552825698,0.0001436869198817,11,False,False
RGM_0152254,2025-07-19 10:50:28.583663375,2025-07-19 10:50:29.083663375,2025-07-19 10:50:28.933663375,2025-07-19 10:50:28,2025-07-19 10:50:00,3,380,3380,ring51andring52,line,2.0,80.0,20.0,98.0,S2_line_D2_X80_Y20_Z98,S2_20250719-105001.833663375+0800.h5,376;377;378;379;380;381;382;383;384,9,2500,0.5,0.0213840773487094,0.0041171852550429,0.0303998891561002,0.0002286393820277,0.0021174301248014,75,1.972690432525336,0.0244105946645976,0.0002286393820277,17,False,False
RGM_0152256,2025-07-19 10:50:28.908663375,2025-07-19 10:50:29.008663375,2025-07-19 10:50:28.958663375,2025-07-19 10:50:28,2025-07-19 10:50:00,3,379,3379,ring51,ring,2.0,60.0,20.0,98.0,S2_ring_D2_X60_Y20_Z98,S2_20250719-105001.833663375+0800.h5,375;376;377;378;379;380;381;382;383,9,500,0.1,0.0438017994525011,0.0044301316712015,0.0517987856610714,0.0001918597635277,0.0013292236935092,76,2.016492231977837,0.0246024544281253,0.0001918597635277,11,False,False
RGM_0152258,2025-07-19 10:50:28.908663375,2025-07-19 10:50:29.008663375,2025-07-19 10:50:28.958663375,2025-07-19 10:50:28,2025-07-19 10:50:00,3,380,3380,ring51andring52,line,2.0,80.0,20.0,98.0,S2_line_D2_X80_Y20_Z98,S2_20250719-105001.833663375+0800.h5,376;377;378;379;380;381;382;383;384,9,500,0.1,0.0355343471731709,0.0042496478882325,0.0517987856610714,0.0001262689829023,0.0011391698806989,77,2.052026579151008,0.0247287234110276,0.0001262689829023,17,False,False
RGM_0152322,2025-07-19 10:50:31.183663375,2025-07-19 10:50:31.233663375,2025-07-19 10:50:31.208663375,2025-07-19 10:50:31,2025-07-19 10:50:00,3,380,3380,ring51andring52,line,2.0,80.0,20.0,98.0,S2_line_D2_X80_Y20_Z98,S2_20250719-105001.833663375+0800.h5,376;377;378;379;380;381;382;383;384,9,250,0.05,0.0206495046154086,0.0037463537395214,0.0300398860326414,2.132010204308925e-05,0.0002014572462969,78,2.0726760837664164,0.0247500435130707,2.132010204308925e-05,17,False,False
RGM_0152564,2025-07-19 10:50:40.583663375,2025-07-19 10:50:40.633663375,2025-07-19 10:50:40.608663375,2025-07-19 10:50:40,2025-07-19 10:50:00,3,381,3381,ring51andring52,line,2.0,80.0,40.0,98.0,S2_line_D2_X80_Y40_Z98,S2_20250719-105001.833663375+0800.h5,377;378;379;380;381;382;383;384;385,9,250,0.05,0.0142554193340553,0.0037065002258685,0.0361732310507815,1.016084901948791e-05,0.000234126409773,79,2.086931503100472,0.0247602043620902,1.016084901948791e-05,18,False,False
RGM_0152566,2025-07-19 10:50:40.583663375,2025-07-19 10:50:40.633663375,2025-07-19 10:50:40.608663375,2025-07-19 10:50:40,2025-07-19 10:50:00,3,379,3379,ring51,ring,2.0,60.0,20.0,98.0,S2_ring_D2_X60_Y20_Z98,S2_20250719-105001.833663375+0800.h5,375;376;377;378;379;380;381;382;383,9,250,0.05,0.0335625764982883,0.0040778692470242,0.0380835800440651,5.632232706017287e-05,0.0003727179267741,80,2.1204940795987604,0.0248165266891504,5.632232706017287e-05,11,False,False
RGM_0152567,2025-07-19 10:50:40.608663375,2025-07-19 10:50:40.658663375,2025-07-19 10:50:40.633663375,2025-07-19 10:50:40,2025-07-19 10:50:00,3,380,3380,ring51andring52,line,2.0,80.0,20.0,98.0,S2_line_D2_X80_Y20_Z98,S2_20250719-105001.833663375+0800.h5,376;377;378;379;380;381;382;383;384,9,250,0.05,0.0259145429430414,0.0037923655018769,0.0367686935901077,3.357817679733703e-05,0.0003015334888089,81,2.1464086225418018,0.0248501048659477,3.357817679733703e-05,17,False,False
RGM_0152663,2025-07-19 10:50:43.208663375,2025-07-19 10:50:43.258663375,2025-07-19 10:50:43.233663375,2025-07-19 10:50:43,2025-07-19 10:50:00,3,379,3379,ring51,ring,2.0,60.0,20.0,98.0,S2_ring_D2_X60_Y20_Z98,S2_20250719-105001.833663375+0800.h5,375;376;377;378;379;380;381;382;383,9,250,0.05,0.0267091851623463,0.0041464392265299,0.0283501527302056,3.5669028601825146e-05,0.0002245034177608,82,2.173117807704148,0.0248857738945495,3.5669028601825146e-05,11,False,False
RGM_0152665,2025-07-19 10:50:43.233663375,2025-07-19 10:50:43.283663375,2025-07-19 10:50:43.258663375,2025-07-19 10:50:43,2025-07-19 10:50:00,3,380,3380,ring51andring52,line,2.0,80.0,20.0,98.0,S2_line_D2_X80_Y20_Z98,S2_20250719-105001.833663375+0800.h5,376;377;378;379;380;381;382;383;384,9,250,0.05,0.020997102384928,0.0037923615669627,0.0282691040216785,2.20439154281576e-05,0.0001867745491719,83,2.194114910089076,0.0249078178099777,2.20439154281576e-05,17,False,False
RGM_0152726,2025-07-19 10:50:47.383663375,2025-07-19 10:50:47.483663375,2025-07-19 10:50:47.433663375,2025-07-19 10:50:47,2025-07-19 10:50:00,3,380,3380,ring51andring52,line,2.0,80.0,20.0,98.0,S2_line_D2_X80_Y20_Z98,S2_20250719-105001.833663375+0800.h5,376;377;378;379;380;381;382;383;384,9,500,0.1,0.0220651681208978,0.0038886989785939,0.0302726635167755,4.868716442034846e-05,0.0004190454642297,84,2.2161800782099736,0.024956504974398,4.868716442034846e-05,17,False,False
RGM_0152728,2025-07-19 10:50:47.408663375,2025-07-19 10:50:47.458663375,2025-07-19 10:50:47.433663375,2025-07-19 10:50:47,2025-07-19 10:50:00,3,379,3379,ring51,ring,2.0,60.0,20.0,98.0,S2_ring_D2_X60_Y20_Z98,S2_20250719-105001.833663375+0800.h5,375;376;377;378;379;380;381;382;383,9,250,0.05,0.0379128290453764,0.0041403696292174,0.0432394907089281,7.186913031119693e-05,0.0004694545143241,85,2.25409290725535,0.0250283741047092,7.186913031119693e-05,11,False,False
RGM_0152804,2025-07-19 10:50:49.783663375,2025-07-19 10:50:50.108663375,2025-07-19 10:50:50.058663375,2025-07-19 10:50:50,2025-07-19 10:50:00,3,380,3380,ring51andring52,line,2.0,80.0,20.0,98.0,S2_line_D2_X80_Y20_Z98,S2_20250719-105001.833663375+0800.h5,376;377;378;379;380;381;382;383;384,9,1625,0.325,0.0204936348601362,0.0037681430419724,0.0269616297629626,0.0001364964476786,0.0011051966988865,86,2.274586542115486,0.0251648705523879,0.0001364964476786,17,False,False
RGM_0152805,2025-07-19 10:50:50.058663375,2025-07-19 10:50:50.108663375,2025-07-19 10:50:50.083663375,2025-07-19 10:50:50,2025-07-19 10:50:00,3,377,3377,ring51,ring,2.0,60.0,20.0,98.0,S2_ring_D2_X60_Y20_Z98,S2_20250719-105001.833663375+0800.h5,373;374;375;376;377;378;379;380;381,9,250,0.05,0.0584339217322352,0.0224619633316613,0.060561821701537,0.0001707261604504,0.0013086780096888,87,2.333020463847721,0.0253355967128384,0.0001707261604504,11,False,False
RGM_0152807,2025-07-19 10:50:49.983663375,2025-07-19 10:50:50.183663375,2025-07-19 10:50:50.083663375,2025-07-19 10:50:50,2025-07-19 10:50:00,3,380,3380,ring51andring52,line,2.0,80.0,20.0,98.0,S2_line_D2_X80_Y20_Z98,S2_20250719-105001.833663375+0800.h5,376;377;378;379;380;381;382;383;384,9,1000,0.2,0.0226427018755093,0.0036968458330526,0.0301006993575378,0.0001025383896446,0.0008427512149733,88,2.355663165723231,0.025438135102483,0.0001025383896446,17,False,False
RGM_0153065,2025-07-19 10:50:59.708663375,2025-07-19 10:50:59.758663375,2025-07-19 10:50:59.733663375,2025-07-19 10:50:59,2025-07-19 10:50:00,3,380,3380,ring51andring52,line,2.0,80.0,20.0,98.0,S2_line_D2_X80_Y20_Z98,S2_20250719-105001.833663375+0800.h5,376;377;378;379;380;381;382;383;384,9,250,0.05,0.0507416275000015,0.0039301686802605,0.0720444364937231,0.0001287356380674,0.0011083272360006,89,2.4064047932232326,0.0255668707405504,0.0001287356380674,17,False,False
RGM_0153247,2025-07-19 10:51:16.958663375,2025-07-19 10:51:17.008663375,2025-07-19 10:51:16.983663375,2025-07-19 10:51:16,2025-07-19 10:51:00,3,379,3379,ring51,ring,2.0,60.0,20.0,98.0,S2_ring_D2_X60_Y20_Z98,S2_20250719-105001.833663375+0800.h5,375;376;377;378;379;380;381;382;383,9,250,0.05,0.1206106841889998,0.0076308391277828,0.1382246616011478,0.0007273468570269,0.0049177511277804,90,2.5270154774122324,0.0262942175975774,0.0007273468570269,11,False,False
RGM_0153249,2025-07-19 10:51:16.883663375,2025-07-19 10:51:17.083663375,2025-07-19 10:51:16.983663375,2025-07-19 10:51:16,2025-07-19 10:51:00,3,380,3380,ring51andring52,line,2.0,80.0,20.0,98.0,S2_line_D2_X80_Y20_Z98,S2_20250719-105001.833663375+0800.h5,376;377;378;379;380;381;382;383;384,9,1000,0.2,0.0509890004354123,0.0048759464866944,0.0692140317416021,0.0005199756330804,0.0042841113926949,91,2.578004477847645,0.0268141932306579,0.0005199756330804,17,False,False
RGM_0153250,2025-07-19 10:51:16.883663375,2025-07-19 10:51:17.083663375,2025-07-19 10:51:16.983663375,2025-07-19 10:51:16,2025-07-19 10:51:00,3,376,3376,ring51,ring,2.0,60.0,20.0,98.0,S2_ring_D2_X60_Y20_Z98,S2_20250719-105001.833663375+0800.h5,372;373;374;375;376;377;378;379;380,9,1000,0.2,0.0667910901155763,0.0509890004354123,0.0710478973696614,0.0008922099437654,0.0077078111615,92,2.644795567963221,0.0277064031744233,0.0008922099437654,11,False,False
RGM_0153254,2025-07-19 10:51:16.983663375,2025-07-19 10:51:17.033663375,2025-07-19 10:51:17.008663375,2025-07-19 10:51:17,2025-07-19 10:51:00,3,380,3380,ring51andring52,line,2.0,80.0,20.0,98.0,S2_line_D2_X80_Y20_Z98,S2_20250719-105001.833663375+0800.h5,376;377;378;379;380;381;382;383;384,9,250,0.05,0.1010815732137691,0.0079764933614675,0.1377322309464116,0.0005108742221685,0.0042234352483117,93,2.74587714117699,0.0282172773965918,0.0005108742221685,17,False,False
RGM_0153256,2025-07-19 10:51:16.983663375,2025-07-19 10:51:17.033663375,2025-07-19 10:51:17.008663375,2025-07-19 10:51:17,2025-07-19 10:51:00,3,381,3381,ring51andring52,line,2.0,80.0,40.0,98.0,S2_line_D2_X80_Y40_Z98,S2_20250719-105001.833663375+0800.h5,377;378;379;380;381;382;383;384;385,9,250,0.05,0.056735247789946,0.0079764933614675,0.1353401826111166,0.0001609444170893,0.0032785176274011,94,2.8026123889669363,0.0283782218136811,0.0001609444170893,18,False,False
RGM_0153623,2025-07-19 10:51:44.083663375,2025-07-19 10:51:45.083663375,2025-07-19 10:51:44.683663375,2025-07-19 10:51:44,2025-07-19 10:51:00,3,381,3381,ring51andring52,line,2.0,80.0,40.0,98.0,S2_line_D2_X80_Y40_Z98,S2_20250719-105001.833663375+0800.h5,377;378;379;380;381;382;383;384;385,9,5000,1.0,0.0148115092539609,0.0035556794443995,0.0305998876189428,0.0002193808063801,0.003605716518951,95,2.817423898220897,0.0285976026200613,0.0002193808063801,18,False,False
RGM_0154023,2025-07-19 10:52:01.833663375,2025-07-19 10:52:03.833663375,2025-07-19 10:52:03.208663375,2025-07-19 10:52:03,2025-07-19 10:52:00,3,381,3381,ring51andring52,line,2.0,80.0,40.0,98.0,S2_line_D2_X80_Y40_Z98,S2_20250719-105001.833663375+0800.h5,377;378;379;380;381;382;383;384;385,9,10000,2.0,0.020460719919924,0.0038499523683177,0.0435406018168999,0.0008372821192831,0.0137487390402566,96,2.837884618140821,0.0294348847393445,0.0008372821192831,18,False,False
RGM_0154129,2025-07-19 10:52:12.483663375,2025-07-19 10:52:12.533663375,2025-07-19 10:52:12.508663375,2025-07-19 10:52:12,2025-07-19 10:52:00,3,381,3381,ring51andring52,line,2.0,80.0,40.0,98.0,S2_line_D2_X80_Y40_Z98,S2_20250719-105001.833663375+0800.h5,377;378;379;380;381;382;383;384;385,9,250,0.05,0.0153961005211171,0.0040563594703078,0.0237077794526262,1.1851995562817189e-05,0.0001177880835645,97,2.8532807186619387,0.0294467367349073,1.1851995562817189e-05,18,False,False
RGM_0154136,2025-07-19 10:52:14.233663375,2025-07-19 10:52:14.783663375,2025-07-19 10:52:14.308663375,2025-07-19 10:52:14,2025-07-19 10:52:00,3,381,3381,ring51andring52,line,2.0,80.0,40.0,98.0,S2_line_D2_X80_Y40_Z98,S2_20250719-105001.833663375+0800.h5,377;378;379;380;381;382;383;384;385,9,2750,0.55,0.0132347385947211,0.0036626904367436,0.0208604461498962,9.633706811883086e-05,0.0009943625171367,98,2.86651545725666,0.0295430738030261,9.633706811883086e-05,18,False,False
RGM_0154162,2025-07-19 10:52:15.883663375,2025-07-19 10:52:17.033663375,2025-07-19 10:52:16.458663375,2025-07-19 10:52:16,2025-07-19 10:52:00,3,381,3381,ring51andring52,line,2.0,80.0,40.0,98.0,S2_line_D2_X80_Y40_Z98,S2_20250719-105001.833663375+0800.h5,377;378;379;380;381;382;383;384;385,9,5750,1.15,0.0102201542421508,0.0038552596114315,0.0154962334372494,0.0001201192856433,0.0011971392812499,99,2.8767356114988107,0.0296631930886695,0.0001201192856433,18,False,False
RGM_0154385,2025-07-19 10:52:28.283663375,2025-07-19 10:52:28.483663375,2025-07-19 10:52:28.383663375,2025-07-19 10:52:28,2025-07-19 10:52:00,3,381,3381,ring51andring52,line,2.0,80.0,40.0,98.0,S2_line_D2_X80_Y40_Z98,S2_20250719-105001.833663375+0800.h5,377;378;379;380;381;382;383;384;385,9,1000,0.2,0.0322867911158392,0.0038724495650381,0.0516428233506509,0.0002084873761115,0.0022148593985197,100,2.90902240261465,0.029871680464781,0.0002084873761115,18,False,False
RGM_0154391,2025-07-19 10:52:28.333663375,2025-07-19 10:52:28.983663375,2025-07-19 10:52:28.933663375,2025-07-19 10:52:28,2025-07-19 10:52:00,3,381,3381,ring51andring52,line,2.0,80.0,40.0,98.0,S2_line_D2_X80_Y40_Z98,S2_20250719-105001.833663375+0800.h5,377;378;379;380;381;382;383;384;385,9,3250,0.65,0.0239329982376023,0.0037957161991491,0.0380668924388723,0.0003723124630167,0.0038922233886054,101,2.932955400852252,0.0302439929277977,0.0003723124630167,18,False,False
RGM_0154394,2025-07-19 10:52:28.933663375,2025-07-19 10:52:28.983663375,2025-07-19 10:52:28.958663375,2025-07-19 10:52:28,2025-07-19 10:52:00,3,380,3380,ring51andring52,line,2.0,80.0,20.0,98.0,S2_line_D2_X80_Y20_Z98,S2_20250719-105001.833663375+0800.h5,376;377;378;379;380;381;382;383;384,9,250,0.05,0.0642924034621779,0.0037025985682495,0.0824162633202066,0.0002066756571471,0.0014863846124845,102,2.99724780431443,0.0304506685849449,0.0002066756571471,17,False,False
RGM_0154396,2025-07-19 10:52:28.933663375,2025-07-19 10:52:28.983663375,2025-07-19 10:52:28.958663375,2025-07-19 10:52:28,2025-07-19 10:52:00,3,379,3379,ring51,ring,2.0,60.0,20.0,98.0,S2_ring_D2_X60_Y20_Z98,S2_20250719-105001.833663375+0800.h5,375;376;377;378;379;380;381;382;383,9,250,0.05,0.0706478189362166,0.0083954034890007,0.0918732924270112,0.0002495557160222,0.0019077342437455,103,3.0678956232506467,0.0307002243009671,0.0002495557160222,11,False,False
RGM_0154447,2025-07-19 10:52:31.208663375,2025-07-19 10:52:31.533663375,2025-07-19 10:52:31.508663375,2025-07-19 10:52:31,2025-07-19 10:52:00,3,381,3381,ring51andring52,line,2.0,80.0,40.0,98.0,S2_line_D2_X80_Y40_Z98,S2_20250719-105001.833663375+0800.h5,377;378;379;380;381;382;383;384;385,9,1625,0.325,0.0118326158699516,0.004014811930928,0.0189948204510292,4.550350945589524e-05,0.0004837775270277,104,3.0797282391205982,0.030745727810423,4.550350945589524e-05,18,False,False
RGM_0154538,2025-07-19 10:52:38.833663375,2025-07-19 10:52:40.833663375,2025-07-19 10:52:40.058663375,2025-07-19 10:52:40,2025-07-19 10:52:00,3,381,3381,ring51andring52,line,2.0,80.0,40.0,98.0,S2_line_D2_X80_Y40_Z98,S2_20250719-105001.833663375+0800.h5,377;378;379;380;381;382;383;384;385,9,10000,2.0,0.0290708630985579,0.0039224250881621,0.063248743336219,0.0016902301625901,0.0263205888165763,105,3.108799102219156,0.0324359579730132,0.0016902301625901,18,False,False
RGM_0154692,2025-07-19 10:52:50.033663375,2025-07-19 10:52:50.333663375,2025-07-19 10:52:50.058663375,2025-07-19 10:52:50,2025-07-19 10:52:00,3,381,3381,ring51andring52,line,2.0,80.0,40.0,98.0,S2_line_D2_X80_Y40_Z98,S2_20250719-105001.833663375+0800.h5,377;378;379;380;381;382;383;384;385,9,1500,0.3,0.0132574107106279,0.0038270938527305,0.021755336690613,5.272768162508216e-05,0.0005716729348031,106,3.122056512929784,0.0324886856546383,5.272768162508216e-05,18,False,False
RGM_0154790,2025-07-19 10:52:57.333663375,2025-07-19 10:52:57.408663375,2025-07-19 10:52:57.358663375,2025-07-19 10:52:57,2025-07-19 10:52:00,3,381,3381,ring51andring52,line,2.0,80.0,40.0,98.0,S2_line_D2_X80_Y40_Z98,S2_20250719-105001.833663375+0800.h5,377;378;379;380;381;382;383;384;385,9,375,0.075,0.0325693704443312,0.0045419230913116,0.0662647425595403,7.955729183550564e-05,0.0011298389978987,107,3.1546258833741154,0.0325682429464738,7.955729183550564e-05,18,False,False
RGM_0154791,2025-07-19 10:52:56.808663375,2025-07-19 10:52:57.433663375,2025-07-19 10:52:57.358663375,2025-07-19 10:52:57,2025-07-19 10:52:00,3,382,3382,ring51andring52,line,2.0,80.0,60.0,98.0,S2_line_D2_X80_Y60_Z98,S2_20250719-105001.833663375+0800.h5,378;379;380;381;382;383;384;385;386,9,3125,0.625,0.0075895039176605,0.0033945074701322,0.0256490528589882,3.600035607261573e-05,0.0012090721720931,108,3.162215387291776,0.0326042433025464,3.600035607261573e-05,19,False,False
RGM_0155445,2025-07-19 10:54:26.008663375,2025-07-19 10:54:26.358663375,2025-07-19 10:54:26.333663375,2025-07-19 10:54:26,2025-07-19 10:54:00,3,369,3369,ring51,ring,2.0,60.0,20.0,98.0,S2_ring_D2_X60_Y20_Z98,S2_20250719-105001.833663375+0800.h5,365;366;367;368;369;370;371;372;373,9,1750,0.35,0.021696436435343,0.0204536160090058,0.0242581786773774,0.0001647573738975,0.0015006303132585,109,3.183911823727119,0.032769000676444,0.0001647573738975,11,False,False
RGM_0155544,2025-07-19 10:54:40.158663375,2025-07-19 10:54:41.083663375,2025-07-19 10:54:40.258663375,2025-07-19 10:54:40,2025-07-19 10:54:00,3,368,3368,ring50andring51,line,2.0,60.0,40.0,98.0,S2_line_D2_X60_Y40_Z98,S2_20250719-105001.833663375+0800.h5,364;365;366;367;368;369;370;371;372,9,4625,0.925,0.0223901540334605,0.0200288810263572,0.027503181247071,0.0004637200728189,0.0044670119197977,110,3.20630197776058,0.0332327207492629,0.0004637200728189,12,False,False
RGM_0155607,2025-07-19 10:54:49.883663375,2025-07-19 10:54:49.983663375,2025-07-19 10:54:49.933663375,2025-07-19 10:54:49,2025-07-19 10:54:00,3,495,3495,andring58,line,2.0,169.0,50.0,8.0,S2_line_D2_X169_Y50_Z8,S2_20250719-105001.833663375+0800.h5,491;492;493;494;495,5,500,0.1,0.0195996395942326,0.0176207975402202,0.0203956342001336,3.841458722238125e-05,0.0001904164461423,111,3.2259016173548125,0.0332711353364853,3.841458722238125e-05,59,False,False
RGM_0155711,2025-07-19 10:54:59.983663375,2025-07-19 10:55:00.033663375,2025-07-19 10:55:00.008663375,2025-07-19 10:55:00,2025-07-19 10:55:00,3,369,3369,ring51,ring,2.0,60.0,20.0,98.0,S2_ring_D2_X60_Y20_Z98,S2_20250719-105001.833663375+0800.h5,365;366;367;368;369;370;371;372;373,9,250,0.05,0.0308016683051325,0.029609769570957,0.0313222525726845,4.74371385189705e-05,0.0004208644491855,112,3.256703285659945,0.0333185724750042,4.74371385189705e-05,11,False,False
RGM_0155975,2025-07-19 10:55:25.458663375,2025-07-19 10:55:25.708663375,2025-07-19 10:55:25.483663375,2025-07-19 10:55:25,2025-07-19 10:55:00,3,382,3382,ring51andring52,line,2.0,80.0,60.0,98.0,S2_line_D2_X80_Y60_Z98,S2_20250719-105001.833663375+0800.h5,378;379;380;381;382;383;384;385;386,9,1250,0.25,0.008562882848453,0.0062103013139268,0.0199124143507721,1.8330740669082912e-05,0.0003127990923815,113,3.265266168508398,0.0333369032156733,1.8330740669082912e-05,19,False,False
RGM_0156321,2025-07-19 10:55:53.133663375,2025-07-19 10:55:53.183663375,2025-07-19 10:55:53.158663375,2025-07-19 10:55:53,2025-07-19 10:55:00,3,369,3369,ring51,ring,2.0,60.0,20.0,98.0,S2_ring_D2_X60_Y20_Z98,S2_20250719-105001.833663375+0800.h5,365;366;367;368;369;370;371;372;373,9,250,0.05,0.0295603732687084,0.0224843523253727,0.0474116891715096,4.369078338926864e-05,0.0004807231322045,114,3.2948265417771063,0.0333805939990626,4.369078338926864e-05,11,False,False
RGM_0156328,2025-07-19 10:55:53.383663375,2025-07-19 10:55:53.433663375,2025-07-19 10:55:53.408663375,2025-07-19 10:55:53,2025-07-19 10:55:00,3,377,3377,ring51,ring,2.0,60.0,20.0,98.0,S2_ring_D2_X60_Y20_Z98,S2_20250719-105001.833663375+0800.h5,373;374;375;376;377;378;379;380;381,9,250,0.05,0.0721376544894321,0.0154066429493641,0.0845444213031363,0.0002601920597618,0.001895758962196,115,3.3669641962665384,0.0336407860588244,0.0002601920597618,11,False,False
RGM_0156375,2025-07-19 10:55:55.733663375,2025-07-19 10:55:55.808663375,2025-07-19 10:55:55.758663375,2025-07-19 10:55:55,2025-07-19 10:55:00,3,368,3368,ring50andring51,line,2.0,60.0,40.0,98.0,S2_line_D2_X60_Y40_Z98,S2_20250719-105001.833663375+0800.h5,364;365;366;367;368;369;370;371;372,9,375,0.075,0.0377681409537326,0.0287173996107026,0.0501403036794225,0.0001069824353325,0.0009749532164675,116,3.404732337220271,0.033747768494157,0.0001069824353325,12,False,False
RGM_0156433,2025-07-19 10:55:58.133663375,2025-07-19 10:55:59.558663375,2025-07-19 10:55:59.508663375,2025-07-19 10:55:59,2025-07-19 10:55:00,3,368,3368,ring50andring51,line,2.0,60.0,40.0,98.0,S2_line_D2_X60_Y40_Z98,S2_20250719-105001.833663375+0800.h5,364;365;366;367;368;369;370;371;372,9,7125,1.425,0.0288811545200177,0.0256051755896668,0.037836262843497,0.001188622548133,0.0118745729507167,117,3.4336134917402887,0.03493639104229,0.001188622548133,12,False,False
RGM_0157730,2025-07-19 10:57:34.458663375,2025-07-19 10:57:34.508663375,2025-07-19 10:57:34.483663375,2025-07-19 10:57:34,2025-07-19 10:57:00,3,382,3382,ring51andring52,line,2.0,80.0,60.0,98.0,S2_line_D2_X80_Y60_Z98,S2_20250719-105001.833663375+0800.h5,378;379;380;381;382;383;384;385;386,9,250,0.05,0.0166116915323871,0.0075880058972579,0.0604648669024048,1.379741477835908e-05,0.0003242064655777,118,3.450225183272676,0.0349501884570684,1.379741477835908e-05,19,False,False
RGM_0157950,2025-07-19 10:57:49.683663375,2025-07-19 10:57:50.133663375,2025-07-19 10:57:49.708663375,2025-07-19 10:57:49,2025-07-19 10:57:00,3,368,3368,ring50andring51,line,2.0,60.0,40.0,98.0,S2_line_D2_X60_Y40_Z98,S2_20250719-105001.833663375+0800.h5,364;365;366;367;368;369;370;371;372,9,2250,0.45,0.0296935763321938,0.0240071987513306,0.0316844326307466,0.0003967688139281,0.0033136534126015,119,3.4799187596048697,0.0353469572709965,0.0003967688139281,12,False,False
RGM_0158134,2025-07-19 10:58:00.683663375,2025-07-19 10:58:00.733663375,2025-07-19 10:58:00.708663375,2025-07-19 10:58:00,2025-07-19 10:58:00,3,373,3373,ring51,ring,2.0,60.0,20.0,98.0,S2_ring_D2_X60_Y20_Z98,S2_20250719-105001.833663375+0800.h5,369;370;371;372;373;374;375;376;377,9,250,0.05,0.1153125150030068,0.0999023738137469,0.1272075695332112,0.0006648488058159,0.0059866383830641,120,3.5952312746078765,0.0360118060768124,0.0006648488058159,11,False,False
RGM_0158272,2025-07-19 10:58:10.758663375,2025-07-19 10:58:10.858663375,2025-07-19 10:58:10.808663375,2025-07-19 10:58:10,2025-07-19 10:58:00,3,377,3377,ring51,ring,2.0,60.0,20.0,98.0,S2_ring_D2_X60_Y20_Z98,S2_20250719-105001.833663375+0800.h5,373;374;375;376;377;378;379;380;381,9,500,0.1,0.0484962963895786,0.0101578120785046,0.0641264411365103,0.0002351890763505,0.0019238293337674,121,3.6437275709974553,0.036246995153163,0.0002351890763505,11,False,False
RGM_0158276,2025-07-19 10:58:10.783663375,2025-07-19 10:58:10.983663375,2025-07-19 10:58:10.883663375,2025-07-19 10:58:10,2025-07-19 10:58:00,3,373,3373,ring51,ring,2.0,60.0,20.0,98.0,S2_ring_D2_X60_Y20_Z98,S2_20250719-105001.833663375+0800.h5,369;370;371;372;373;374;375;376;377,9,1000,0.2,0.0398024234173402,0.0345631758412986,0.0455254588954471,0.0003168465819786,0.0029147984822266,122,3.683529994414795,0.0365638417351417,0.0003168465819786,11,False,False
RGM_0158645,2025-07-19 10:58:31.483663375,2025-07-19 10:58:31.583663375,2025-07-19 10:58:31.558663375,2025-07-19 10:58:31,2025-07-19 10:58:00,3,378,3378,ring51,ring,2.0,60.0,20.0,98.0,S2_ring_D2_X60_Y20_Z98,S2_20250719-105001.833663375+0800.h5,374;375;376;377;378;379;380;381;382,9,500,0.1,0.0380947830137173,0.007973839483748,0.0584144175958655,0.0001451212492862,0.001407293418084,123,3.721624777428513,0.0367089629844279,0.0001451212492862,11,False,False
RGM_0158649,2025-07-19 10:58:31.533663375,2025-07-19 10:58:31.733663375,2025-07-19 10:58:31.633663375,2025-07-19 10:58:31,2025-07-19 10:58:00,3,373,3373,ring51,ring,2.0,60.0,20.0,98.0,S2_ring_D2_X60_Y20_Z98,S2_20250719-105001.833663375+0800.h5,369;370;371;372;373;374;375;376;377,9,1000,0.2,0.0380509811646821,0.0257690989019782,0.0417527090890614,0.0002895754335189,0.0023481656851039,124,3.759675758593195,0.0369985384179469,0.0002895754335189,11,False,False
RGM_0158686,2025-07-19 10:58:34.433663375,2025-07-19 10:58:34.483663375,2025-07-19 10:58:34.458663375,2025-07-19 10:58:34,2025-07-19 10:58:00,3,369,3369,ring51,ring,2.0,60.0,20.0,98.0,S2_ring_D2_X60_Y20_Z98,S2_20250719-105001.833663375+0800.h5,365;366;367;368;369;370;371;372;373,9,250,0.05,0.0345461331023001,0.0279166369621094,0.048750073957873,5.967176561609208e-05,0.0005951327318134,125,3.794221891695495,0.037058210183563,5.967176561609208e-05,11,False,False
RGM_0158784,2025-07-19 10:58:39.083663375,2025-07-19 10:58:40.083663375,2025-07-19 10:58:39.583663375,2025-07-19 10:58:39,2025-07-19 10:58:00,3,273,3273,ring39,ring,20.0,90.0,87.2,80.0,S2_ring_D20_X90_Y87.2_Z80,S2_20250719-105001.833663375+0800.h5,269;270;271;272;273;274;275;276;277,9,5000,1.0,0.0123636515698184,0.0114707846808484,0.0131014020595023,0.0001528598801398,0.0013789494987454,126,3.806585543265313,0.0372110700637029,0.0001528598801398,89,False,False
RGM_0158813,2025-07-19 10:58:38.833663375,2025-07-19 10:58:40.833663375,2025-07-19 10:58:39.683663375,2025-07-19 10:58:39,2025-07-19 10:58:00,3,269,3269,ring38,ring,20.0,90.0,52.8,80.0,S2_ring_D20_X90_Y52.8_Z80,S2_20250719-105001.833663375+0800.h5,265;266;267;268;269;270;271;272;273,9,10000,2.0,0.0095856797571132,0.0092183027230777,0.0098197096249495,0.0001837705128118,0.0016375892098779,127,3.8161712230224265,0.0373948405765147,0.0001837705128118,86,False,False
RGM_0159138,2025-07-19 10:59:00.083663375,2025-07-19 10:59:00.283663375,2025-07-19 10:59:00.158663375,2025-07-19 10:59:00,2025-07-19 10:59:00,3,273,3273,ring39,ring,20.0,90.0,87.2,80.0,S2_ring_D20_X90_Y87.2_Z80,S2_20250719-105001.833663375+0800.h5,269;270;271;272;273;274;275;276;277,9,1000,0.2,0.0134166072410014,0.0116958975879966,0.014494131465849,3.600106997185844e-05,0.0003170550057898,128,3.829587830263428,0.0374308416464866,3.600106997185844e-05,89,False,False
RGM_0159142,2025-07-19 10:59:00.083663375,2025-07-19 10:59:00.283663375,2025-07-19 10:59:00.183663375,2025-07-19 10:59:00,2025-07-19 10:59:00,3,270,3270,ring38andring39,line,20.0,90.0,60.0,80.0,S2_line_D20_X90_Y60_Z80,S2_20250719-105001.833663375+0800.h5,266;267;268;269;270;271;272;273;274,9,1000,0.2,0.0144365968448562,0.0125360143038883,0.0158069022307192,4.168306569218258e-05,0.0003702392443452,129,3.844024427108284,0.0374725247121788,4.168306569218258e-05,87,False,False
RGM_0159148,2025-07-19 10:59:00.083663375,2025-07-19 10:59:01.083663375,2025-07-19 10:59:00.583663375,2025-07-19 10:59:00,2025-07-19 10:59:00,3,270,3270,ring38andring39,line,20.0,90.0,60.0,80.0,S2_line_D20_X90_Y60_Z80,S2_20250719-105001.833663375+0800.h5,266;267;268;269;270;271;272;273;274,9,5000,1.0,0.0118903174180561,0.0106506597113607,0.0125613996419313,0.0001413796483021,0.001250331772498,130,3.85591474452634,0.0376139043604809,0.0001413796483021,87,False,False
RGM_0159151,2025-07-19 10:59:00.633663375,2025-07-19 10:59:00.733663375,2025-07-19 10:59:00.683663375,2025-07-19 10:59:00,2025-07-19 10:59:00,3,272,3272,ring39,ring,20.0,90.0,87.2,80.0,S2_ring_D20_X90_Y87.2_Z80,S2_20250719-105001.833663375+0800.h5,268;269;270;271;272;273;274;275;276,9,500,0.1,0.0234268513534808,0.016913999678207,0.0244722690599123,5.488173643380856e-05,0.0004466153407541,131,3.8793415958798207,0.0376687860969147,5.488173643380856e-05,89,False,False
RGM_0159153,2025-07-19 10:59:00.583663375,2025-07-19 10:59:00.783663375,2025-07-19 10:59:00.683663375,2025-07-19 10:59:00,2025-07-19 10:59:00,3,273,3273,ring39,ring,20.0,90.0,87.2,80.0,S2_ring_D20_X90_Y87.2_Z80,S2_20250719-105001.833663375+0800.h5,269;270;271;272;273;274;275;276;277,9,1000,0.2,0.0183188282401819,0.0136048927183982,0.0197687320537072,6.71158936186578e-05,0.0005550113331916,132,3.897660424120003,0.0377359019905334,6.71158936186578e-05,89,False,False
RGM_0159162,2025-07-19 10:59:00.608663375,2025-07-19 10:59:00.708663375,2025-07-19 10:59:00.683663375,2025-07-19 10:59:00,2025-07-19 10:59:00,3,270,3270,ring38andring39,line,20.0,90.0,60.0,80.0,S2_line_D20_X90_Y60_Z80,S2_20250719-105001.833663375+0800.h5,266;267;268;269;270;271;272;273;274,9,500,0.1,0.0228883656245504,0.0203089571590686,0.0236704170358968,5.238772809631019e-05,0.0004617026736546,133,3.9205487897445535,0.0377882897186297,5.238772809631019e-05,87,False,False
RGM_0159164,2025-07-19 10:59:00.658663375,2025-07-19 10:59:00.708663375,2025-07-19 10:59:00.683663375,2025-07-19 10:59:00,2025-07-19 10:59:00,3,273,3273,ring39,ring,20.0,90.0,87.2,80.0,S2_ring_D20_X90_Y87.2_Z80,S2_20250719-105001.833663375+0800.h5,269;270;271;272;273;274;275;276;277,9,250,0.05,0.0259212129066344,0.0179327898524113,0.0277599974031025,3.359546392755365e-05,0.0002712439529608,134,3.946470002651188,0.0378218851825572,3.359546392755365e-05,89,False,False
RGM_0159166,2025-07-19 10:59:00.658663375,2025-07-19 10:59:00.708663375,2025-07-19 10:59:00.683663375,2025-07-19 10:59:00,2025-07-19 10:59:00,3,267,3267,ring38,ring,20.0,90.0,52.8,80.0,S2_ring_D20_X90_Y52.8_Z80,S2_20250719-105001.833663375+0800.h5,263;264;265;266;267;268;269;270;271,9,250,0.05,0.0259281730111785,0.0218744393395272,0.0277599974031025,3.3613507784880446e-05,0.0002982008336732,135,3.9723981756623674,0.0378554986903421,3.3613507784880446e-05,86,False,False
RGM_0159169,2025-07-19 10:59:00.658663375,2025-07-19 10:59:00.708663375,2025-07-19 10:59:00.683663375,2025-07-19 10:59:00,2025-07-19 10:59:00,3,274,3274,ring39,ring,20.0,90.0,87.2,80.0,S2_ring_D20_X90_Y87.2_Z80,S2_20250719-105001.833663375+0800.h5,270;271;272;273;274;275;276;277;278,9,250,0.05,0.0240679868748256,0.0165962660004251,0.0277599974031025,2.8963399610338865e-05,0.000249279362945,136,3.996466162537192,0.0378844620899525,2.8963399610338865e-05,89,False,False
RGM_0159170,2025-07-19 10:59:00.458663375,2025-07-19 10:59:00.958663375,2025-07-19 10:59:00.708663375,2025-07-19 10:59:00,2025-07-19 10:59:00,3,273,3273,ring39,ring,20.0,90.0,87.2,80.0,S2_ring_D20_X90_Y87.2_Z80,S2_20250719-105001.833663375+0800.h5,269;270;271;272;273;274;275;276;277,9,2500,0.5,0.0126905842435268,0.0109668176515876,0.0135704850000044,8.052546422102588e-05,0.0006981841755664,137,4.009156746780719,0.0379649875541735,8.052546422102588e-05,89,False,False
RGM_0159329,2025-07-19 10:59:16.183663375,2025-07-19 10:59:16.233663375,2025-07-19 10:59:16.208663375,2025-07-19 10:59:16,2025-07-19 10:59:00,3,369,3369,ring51,ring,2.0,60.0,20.0,98.0,S2_ring_D2_X60_Y20_Z98,S2_20250719-105001.833663375+0800.h5,365;366;367;368;369;370;371;372;373,9,250,0.05,0.0320212870551462,0.0260819696416896,0.0432569042026535,5.1268141233403984e-05,0.0005186237159169,138,4.041178033835865,0.0380162556954069,5.1268141233403984e-05,11,False,False
RGM_0159748,2025-07-19 10:59:59.933663375,2025-07-19 10:59:59.983663375,2025-07-19 10:59:59.958663375,2025-07-19 10:59:59,2025-07-19 10:59:00,3,368,3368,ring50andring51,line,2.0,60.0,40.0,98.0,S2_line_D2_X60_Y40_Z98,S2_20250719-105001.833663375+0800.h5,364;365;366;367;368;369;370;371;372,9,250,0.05,0.0414358223138608,0.0368324757509161,0.0441915178325007,8.584636854129246e-05,0.0007383883626042,139,4.082613856149726,0.0381021020639482,8.584636854129246e-05,12,False,False
RGM_0159828,2025-07-19 11:00:04.808848593,2025-07-19 11:00:05.133848593,2025-07-19 11:00:05.108848593,2025-07-19 11:00:05,2025-07-19 11:00:00,3,369,3369,ring51,ring,2.0,60.0,20.0,98.0,S2_ring_D2_X60_Y20_Z98,S2_20250719-110001.833848593+0800.h5,365;366;367;368;369;370;371;372;373,9,1625,0.325,0.0224062944160948,0.0200157936299574,0.0290969389538619,0.0001631636595747,0.0016425149561971,140,4.105020150565821,0.0382652657235229,0.0001631636595747,11,False,False
RGM_0160210,2025-07-19 11:00:33.183848593,2025-07-19 11:00:33.233848593,2025-07-19 11:00:33.208848593,2025-07-19 11:00:33,2025-07-19 11:00:00,3,369,3369,ring51,ring,2.0,60.0,20.0,98.0,S2_ring_D2_X60_Y20_Z98,S2_20250719-110001.833848593+0800.h5,365;366;367;368;369;370;371;372;373,9,250,0.05,0.0308454957444333,0.0296528797720742,0.0317850765047025,4.7572230385992826e-05,0.0004271077275623,141,4.135865646310254,0.0383128379539089,4.7572230385992826e-05,11,False,False
RGM_0160482,2025-07-19 11:00:56.833848593,2025-07-19 11:00:58.058848593,2025-07-19 11:00:58.033848593,2025-07-19 11:00:58,2025-07-19 11:00:00,3,369,3369,ring51,ring,2.0,60.0,20.0,98.0,S2_ring_D2_X60_Y20_Z98,S2_20250719-110001.833848593+0800.h5,365;366;367;368;369;370;371;372;373,9,6125,1.225,0.030801347161559,0.0264999689346647,0.0348577481870094,0.0011621856590344,0.0106603718723469,142,4.1666669934718135,0.0394750236129433,0.0011621856590344,11,False,False
RGM_0160602,2025-07-19 11:01:10.833848593,2025-07-19 11:01:12.833848593,2025-07-19 11:01:11.833848593,2025-07-19 11:01:11,2025-07-19 11:01:00,3,269,3269,ring38,ring,20.0,90.0,52.8,80.0,S2_ring_D20_X90_Y52.8_Z80,S2_20250719-110001.833848593+0800.h5,265;266;267;268;269;270;271;272;273,9,10000,2.0,0.0077414927875527,0.005246613484421,0.0088806322966306,0.0001198614211594,0.0010150259650029,143,4.174408486259367,0.0395948850341028,0.0001198614211594,86,False,False
RGM_0160614,2025-07-19 11:01:11.933848593,2025-07-19 11:01:12.033848593,2025-07-19 11:01:11.983848593,2025-07-19 11:01:11,2025-07-19 11:01:00,3,426,3426,ring54,ring,2.0,115.0,120.0,80.0,S2_ring_D2_X115_Y120_Z80,S2_20250719-110001.833848593+0800.h5,422;423;424;425;426;427;428;429;430,9,500,0.1,0.0206712267010506,0.0140201716630699,0.0235165893804499,4.272996133262291e-05,0.0003590833927581,144,4.195079712960418,0.0396376149954354,4.272996133262291e-05,34,False,False
RGM_0160617,2025-07-19 11:01:11.933848593,2025-07-19 11:01:12.033848593,2025-07-19 11:01:11.983848593,2025-07-19 11:01:11,2025-07-19 11:01:00,3,273,3273,ring39,ring,20.0,90.0,87.2,80.0,S2_ring_D20_X90_Y87.2_Z80,S2_20250719-110001.833848593+0800.h5,269;270;271;272;273;274;275;276;277,9,500,0.1,0.0171767925387389,0.0088138121362133,0.0242271127067863,2.9504220191887754e-05,0.000277965806671,145,4.212256505499156,0.0396671192156273,2.9504220191887754e-05,89,False,False
RGM_0160618,2025-07-19 11:01:11.708848593,2025-07-19 11:01:12.208848593,2025-07-19 11:01:11.983848593,2025-07-19 11:01:11,2025-07-19 11:01:00,3,270,3270,ring38andring39,line,20.0,90.0,60.0,80.0,S2_line_D20_X90_Y60_Z80,S2_20250719-110001.833848593+0800.h5,266;267;268;269;270;271;272;273;274,9,2500,0.5,0.0112685750611202,0.0071514431202425,0.0128348676533323,6.349039195405015e-05,0.0005329934482324,146,4.223525080560276,0.0397306096075814,6.349039195405015e-05,87,False,False
RGM_0160624,2025-07-19 11:01:11.883848593,2025-07-19 11:01:12.083848593,2025-07-19 11:01:11.983848593,2025-07-19 11:01:11,2025-07-19 11:01:00,3,269,3269,ring38,ring,20.0,90.0,52.8,80.0,S2_ring_D20_X90_Y52.8_Z80,S2_20250719-110001.833848593+0800.h5,265;266;267;268;269;270;271;272;273,9,1000,0.2,0.0169021704596838,0.0125851693614711,0.0184350777061098,5.713667324964176e-05,0.000488573218494,147,4.24042725101996,0.039787746280831,5.713667324964176e-05,86,False,False
RGM_0160627,2025-07-19 11:01:11.983848593,2025-07-19 11:01:12.033848593,2025-07-19 11:01:12.008848593,2025-07-19 11:01:12,2025-07-19 11:01:00,3,426,3426,ring54,ring,2.0,115.0,120.0,80.0,S2_ring_D2_X115_Y120_Z80,S2_20250719-110001.833848593+0800.h5,422;423;424;425;426;427;428;429;430,9,250,0.05,0.0235844625741467,0.0163341670111276,0.0270965109692713,2.781134374556653e-05,0.0002377900536974,148,4.2640117135941065,0.0398155576245766,2.781134374556653e-05,34,False,False
RGM_0160628,2025-07-19 11:01:11.983848593,2025-07-19 11:01:12.033848593,2025-07-19 11:01:12.008848593,2025-07-19 11:01:12,2025-07-19 11:01:00,3,274,3274,ring39,ring,20.0,90.0,87.2,80.0,S2_ring_D20_X90_Y87.2_Z80,S2_20250719-110001.833848593+0800.h5,270;271;272;273;274;275;276;277;278,9,250,0.05,0.0168294568219612,0.0101353613234435,0.0265055891859311,1.4161530846112882e-05,0.0001533562041254,149,4.280841170416068,0.0398297191554227,1.4161530846112882e-05,89,False,False
RGM_0160632,2025-07-19 11:01:11.933848593,2025-07-19 11:01:12.033848593,2025-07-19 11:01:12.008848593,2025-07-19 11:01:12,2025-07-19 11:01:00,3,425,3425,ring54,ring,2.0,115.0,120.0,80.0,S2_ring_D2_X115_Y120_Z80,S2_20250719-110001.833848593+0800.h5,421;422;423;424;425;426;427;428;429,9,500,0.1,0.0206712267010506,0.0111985970592844,0.0235165893804499,4.272996133262291e-05,0.0003463848631521,150,4.301512397117119,0.0398724491167553,4.272996133262291e-05,34,False,False
RGM_0160634,2025-07-19 11:01:11.933848593,2025-07-19 11:01:12.133848593,2025-07-19 11:01:12.033848593,2025-07-19 11:01:12,2025-07-19 11:01:00,3,426,3426,ring54,ring,2.0,115.0,120.0,80.0,S2_ring_D2_X115_Y120_Z80,S2_20250719-110001.833848593+0800.h5,422;423;424;425;426;427;428;429;430,9,1000,0.2,0.0154600780818144,0.0104021926120221,0.0174150302398913,4.780280285915998e-05,0.0003973519721906,151,4.316972475198933,0.0399202519196145,4.780280285915998e-05,34,False,False
RGM_0160638,2025-07-19 11:01:11.933848593,2025-07-19 11:01:12.133848593,2025-07-19 11:01:12.033848593,2025-07-19 11:01:12,2025-07-19 11:01:00,3,273,3273,ring39,ring,20.0,90.0,87.2,80.0,S2_ring_D20_X90_Y87.2_Z80,S2_20250719-110001.833848593+0800.h5,269;270;271;272;273;274;275;276;277,9,1000,0.2,0.0126096030610806,0.0075530906910549,0.0178440358277096,3.180041787160306e-05,0.0003053957675294,152,4.329582078260014,0.0399520523374861,3.180041787160306e-05,89,False,False
RGM_0160716,2025-07-19 11:01:19.333848593,2025-07-19 11:01:21.333848593,2025-07-19 11:01:20.333848593,2025-07-19 11:01:20,2025-07-19 11:01:00,3,373,3373,ring51,ring,2.0,60.0,20.0,98.0,S2_ring_D2_X60_Y20_Z98,S2_20250719-110001.833848593+0800.h5,369;370;371;372;373;374;375;376;377,9,10000,2.0,0.0487745461240766,0.0311911109766561,0.0546528094369148,0.0047579126992193,0.0376091463205584,153,4.37835662438409,0.0447099650367054,0.0047579126992193,11,False,False
RGM_0160824,2025-07-19 11:01:31.833848593,2025-07-19 11:01:31.883848593,2025-07-19 11:01:31.858848593,2025-07-19 11:01:31,2025-07-19 11:01:00,3,370,3370,ring51,ring,2.0,60.0,20.0,98.0,S2_ring_D2_X60_Y20_Z98,S2_20250719-110001.833848593+0800.h5,366;367;368;369;370;371;372;373;374,9,250,0.05,0.0564028239211384,0.0506444506163658,0.0602274004139269,0.0001590639273139,0.0014164200264963,154,4.434759448305229,0.0448690289640194,0.0001590639273139,11,False,False
RGM_0161980,2025-07-19 11:03:43.633848593,2025-07-19 11:03:43.733848593,2025-07-19 11:03:43.658848593,2025-07-19 11:03:43,2025-07-19 11:03:00,3,272,3272,ring39,ring,20.0,90.0,87.2,80.0,S2_ring_D20_X90_Y87.2_Z80,S2_20250719-110001.833848593+0800.h5,268;269;270;271;272;273;274;275;276,9,500,0.1,0.0101745399566112,0.0040134994333979,0.0109442029339868,1.0352126332867936e-05,7.528945176585368e-05,155,4.44493398826184,0.0448793810903522,1.0352126332867936e-05,89,False,False
RGM_0162228,2025-07-19 11:03:52.983848593,2025-07-19 11:03:53.183848593,2025-07-19 11:03:53.158848593,2025-07-19 11:03:53,2025-07-19 11:03:00,3,388,3388,ring52,ring,2.0,80.0,120.0,98.0,S2_ring_D2_X80_Y120_Z98,S2_20250719-110001.833848593+0800.h5,384;385;386;387;388;389;390;391;392,9,1000,0.2,0.0114804830191466,0.005894620074002,0.0124671386668966,2.6360298070582693e-05,0.0002092212989399,156,4.456414471280986,0.0449057413884228,2.6360298070582693e-05,22,False,False
RGM_0162499,2025-07-19 11:04:05.833848593,2025-07-19 11:04:06.833848593,2025-07-19 11:04:06.333848593,2025-07-19 11:04:06,2025-07-19 11:04:00,3,274,3274,ring39,ring,20.0,90.0,87.2,80.0,S2_ring_D20_X90_Y87.2_Z80,S2_20250719-110001.833848593+0800.h5,270;271;272;273;274;275;276;277;278,9,5000,1.0,0.0106015943772601,0.0053975397876722,0.0130679609049942,0.0001123938033399,0.0009346021418271,157,4.467016065658247,0.0450181351917628,0.0001123938033399,89,False,False
RGM_0162500,2025-07-19 11:04:05.833848593,2025-07-19 11:04:06.833848593,2025-07-19 11:04:06.333848593,2025-07-19 11:04:06,2025-07-19 11:04:00,3,269,3269,ring38,ring,20.0,90.0,52.8,80.0,S2_ring_D20_X90_Y52.8_Z80,S2_20250719-110001.833848593+0800.h5,265;266;267;268;269;270;271;272;273,9,5000,1.0,0.0118728452033819,0.0103485632692567,0.0130679609049942,0.0001409644532234,0.0012687297992155,158,4.478888910861629,0.0451590996449862,0.0001409644532234,86,False,False
RGM_0163269,2025-07-19 11:06:00.883848593,2025-07-19 11:06:00.933848593,2025-07-19 11:06:00.908848593,2025-07-19 11:06:00,2025-07-19 11:06:00,3,381,3381,ring51andring52,line,2.0,80.0,40.0,98.0,S2_line_D2_X80_Y40_Z98,S2_20250719-110001.833848593+0800.h5,377;378;379;380;381;382;383;384;385,9,250,0.05,0.0164615493409361,0.0059254400066971,0.0308117795968833,1.3549130335203708e-05,0.0001830768978717,159,4.495350460202565,0.0451726487753215,1.3549130335203708e-05,18,False,False
RGM_0163376,2025-07-19 11:06:13.583848593,2025-07-19 11:06:13.633848593,2025-07-19 11:06:13.608848593,2025-07-19 11:06:13,2025-07-19 11:06:00,3,369,3369,ring51,ring,2.0,60.0,20.0,98.0,S2_ring_D2_X60_Y20_Z98,S2_20250719-110001.833848593+0800.h5,365;366;367;368;369;370;371;372;373,9,250,0.05,0.0294431566150568,0.0233963746837681,0.0320124413861898,4.334497357293838e-05,0.0003856219376784,160,4.524793616817622,0.0452159937488944,4.334497357293838e-05,11,False,False
RGM_0163589,2025-07-19 11:06:39.258848593,2025-07-19 11:06:39.333848593,2025-07-19 11:06:39.283848593,2025-07-19 11:06:39,2025-07-19 11:06:00,3,381,3381,ring51andring52,line,2.0,80.0,40.0,98.0,S2_line_D2_X80_Y40_Z98,S2_20250719-110001.833848593+0800.h5,377;378;379;380;381;382;383;384;385,9,375,0.075,0.0117704032701215,0.0050213096718709,0.0241067869420173,1.0390679485596651e-05,0.0001658197580239,161,4.536564020087743,0.04522638442838,1.0390679485596651e-05,18,False,False
RGM_0163806,2025-07-19 11:07:09.083848593,2025-07-19 11:07:09.133848593,2025-07-19 11:07:09.108848593,2025-07-19 11:07:09,2025-07-19 11:07:00,3,485,3485,ring58,ring,2.0,163.0,120.0,16.0,S2_ring_D2_X163_Y120_Z16,S2_20250719-110001.833848593+0800.h5,481;482;483;484;485;486;487;488;489,9,250,0.05,0.0126751719811016,0.0081663021148229,0.0134128003688679,8.032999237525165e-06,6.413855407046787e-05,162,4.549239192068845,0.0452344174276175,8.032999237525165e-06,58,False,False
RGM_0164555,2025-07-19 11:08:49.858848593,2025-07-19 11:08:49.908848593,2025-07-19 11:08:49.883848593,2025-07-19 11:08:49,2025-07-19 11:08:00,3,369,3369,ring51,ring,2.0,60.0,20.0,98.0,S2_ring_D2_X60_Y20_Z98,S2_20250719-110001.833848593+0800.h5,365;366;367;368;369;370;371;372;373,9,250,0.05,0.0292175937976802,0.0227826179185737,0.0357117358297626,4.268338936631219e-05,0.0003871383093271,163,4.578456785866526,0.0452771008169838,4.268338936631219e-05,11,False,False
RGM_0164941,2025-07-19 11:09:44.883848593,2025-07-19 11:09:45.208848593,2025-07-19 11:09:45.183848593,2025-07-19 11:09:45,2025-07-19 11:09:00,3,369,3369,ring51,ring,2.0,60.0,20.0,98.0,S2_ring_D2_X60_Y20_Z98,S2_20250719-110001.833848593+0800.h5,365;366;367;368;369;370;371;372;373,9,1625,0.325,0.0188735575703861,0.0153372920695748,0.0288110337179476,0.0001157686319928,0.0012699855702943,164,4.597330343436912,0.0453928694489767,0.0001157686319928,11,False,False
RGM_0164942,2025-07-19 11:09:44.883848593,2025-07-19 11:09:45.208848593,2025-07-19 11:09:45.183848593,2025-07-19 11:09:45,2025-07-19 11:09:00,3,380,3380,ring51andring52,line,2.0,80.0,20.0,98.0,S2_line_D2_X80_Y20_Z98,S2_20250719-110001.833848593+0800.h5,376;377;378;379;380;381;382;383;384,9,1625,0.325,0.0117529019140191,0.0046727948547152,0.0228869821820913,4.489247860518064e-05,0.0006278361425098,165,4.609083245350932,0.0454377619275819,4.489247860518064e-05,17,False,False
RGM_0165031,2025-07-19 11:10:00.408848593,2025-07-19 11:10:00.458848593,2025-07-19 11:10:00.433848593,2025-07-19 11:10:00,2025-07-19 11:10:00,3,380,3380,ring51andring52,line,2.0,80.0,20.0,98.0,S2_line_D2_X80_Y20_Z98,S2_20250719-110001.833848593+0800.h5,376;377;378;379;380;381;382;383;384,9,250,0.05,0.0231669647946103,0.0048287954667339,0.0435950902351365,2.6835412889735863e-05,0.0003552799939377,166,4.632250210145542,0.0454645973404716,2.6835412889735863e-05,17,False,False
RGM_0165409,2025-07-19 11:10:45.334015284,2025-07-19 11:10:45.384015284,2025-07-19 11:10:45.359015284,2025-07-19 11:10:45,2025-07-19 11:10:00,3,79,3079,ring01,ring,80.0,150.0,121.6,20.0,S2_ring_D80_X150_Y121.6_Z20,S2_20250719-111001.834015284+0800.h5,79;80;81;82;83,5,250,0.05,0.0076271186390765,0.003247426988773,0.0142184207881511,2.908646936727448e-06,2.09497698116058e-05,167,4.639877328784618,0.0454675059874083,2.908646936727448e-06,112,False,False
RGM_0165508,2025-07-19 11:10:59.634015284,2025-07-19 11:11:02.034015284,2025-07-19 11:11:00.684015284,2025-07-19 11:11:00,2025-07-19 11:11:00,3,335,3335,andring49,line,2.0,20.0,40.0,98.0,S2_line_D2_X20_Y40_Z98,S2_20250719-111001.834015284+0800.h5,332;333;334;335;336;337;338;339,8,12000,2.4,0.0150818768810796,0.0125540041784857,0.0160011816200901,0.0005459829368145,0.0042414029626775,168,4.654959205665698,0.0460134889242229,0.0005459829368145,1,False,False
RGM_0165646,2025-07-19 11:11:19.284015284,2025-07-19 11:11:22.284015284,2025-07-19 11:11:21.759015284,2025-07-19 11:11:21,2025-07-19 11:11:00,3,335,3335,andring49,line,2.0,20.0,40.0,98.0,S2_line_D2_X20_Y40_Z98,S2_20250719-111001.834015284+0800.h5,332;333;334;335;336;337;338;339,8,15000,3.0,0.0160152886517371,0.0129765346961881,0.0169584595026159,0.0007694730301976,0.005893836228898,169,4.670974494317435,0.0467829619544206,0.0007694730301976,1,False,False
RGM_0165687,2025-07-19 11:11:29.784015284,2025-07-19 11:11:32.334015284,2025-07-19 11:11:29.884015284,2025-07-19 11:11:29,2025-07-19 11:11:00,3,335,3335,andring49,line,2.0,20.0,40.0,98.0,S2_line_D2_X20_Y40_Z98,S2_20250719-111001.834015284+0800.h5,332;333;334;335;336;337;338;339,8,12750,2.55,0.0156618513414264,0.0128882744685122,0.0165047202606204,0.0006255201113823,0.004792595309547,170,4.686636345658862,0.047408482065803,0.0006255201113823,1,False,False
RGM_0165967,2025-07-19 11:12:13.159015284,2025-07-19 11:12:15.584015284,2025-07-19 11:12:15.084015284,2025-07-19 11:12:15,2025-07-19 11:12:00,3,335,3335,andring49,line,2.0,20.0,40.0,98.0,S2_line_D2_X20_Y40_Z98,S2_20250719-111001.834015284+0800.h5,332;333;334;335;336;337;338;339,8,12125,2.425,0.0178628444001383,0.0113530231297804,0.0189214106835799,0.0007742465152745,0.0056342546090506,171,4.704499190059,0.0481827285810775,0.0007742465152745,1,False,False
RGM_0166212,2025-07-19 11:12:53.459015284,2025-07-19 11:12:53.509015284,2025-07-19 11:12:53.484015284,2025-07-19 11:12:53,2025-07-19 11:12:00,3,485,3485,ring58,ring,2.0,163.0,120.0,16.0,S2_ring_D2_X163_Y120_Z16,S2_20250719-111001.834015284+0800.h5,481;482;483;484;485;486;487;488;489,9,250,0.05,0.0098687818861988,0.0058494228353546,0.013347343901732,4.869642795868301e-06,4.5804014424105353e-05,172,4.714367971945198,0.0481875982238734,4.869642795868301e-06,58,False,False
RGM_0166266,2025-07-19 11:13:01.709015284,2025-07-19 11:13:04.709015284,2025-07-19 11:13:02.684015284,2025-07-19 11:13:02,2025-07-19 11:13:00,3,335,3335,andring49,line,2.0,20.0,40.0,98.0,S2_line_D2_X20_Y40_Z98,S2_20250719-111001.834015284+0800.h5,332;333;334;335;336;337;338;339,8,15000,3.0,0.0168457500200051,0.0126392699382074,0.0181704788279694,0.0008515368680909,0.0063345465608279,173,4.731213721965204,0.0490391350919644,0.0008515368680909,1,False,False
RGM_0167150,2025-07-19 11:15:32.309015284,2025-07-19 11:15:32.409015284,2025-07-19 11:15:32.359015284,2025-07-19 11:15:32,2025-07-19 11:15:00,3,335,3335,andring49,line,2.0,20.0,40.0,98.0,S2_line_D2_X20_Y40_Z98,S2_20250719-111001.834015284+0800.h5,332;333;334;335;336;337;338;339,8,500,0.1,0.035303053241262,0.0220283508847948,0.0378301326889146,0.0001246460399187,0.0009008911636257,174,4.766516775206465,0.0491637811318831,0.0001246460399187,1,False,False
RGM_0167299,2025-07-19 11:15:59.234015284,2025-07-19 11:15:59.309015284,2025-07-19 11:15:59.259015284,2025-07-19 11:15:59,2025-07-19 11:15:00,3,485,3485,ring58,ring,2.0,163.0,120.0,16.0,S2_ring_D2_X163_Y120_Z16,S2_20250719-111001.834015284+0800.h5,481;482;483;484;485;486;487;488;489,9,375,0.075,0.0093429969387606,0.0040329230684456,0.0108165439639469,6.546869384826759e-06,4.776776641150976e-05,175,4.775859772145226,0.0491703280012679,6.546869384826759e-06,58,False,False
RGM_0167345,2025-07-19 11:16:08.834015284,2025-07-19 11:16:10.834015284,2025-07-19 11:16:08.984015284,2025-07-19 11:16:08,2025-07-19 11:16:00,3,382,3382,ring51andring52,line,2.0,80.0,60.0,98.0,S2_line_D2_X80_Y60_Z98,S2_20250719-111001.834015284+0800.h5,378;379;380;381;382;383;384;385;386,9,10000,2.0,0.0163304652920121,0.0043685287652482,0.0194720802231297,0.0005333681933072,0.0039112013067533,176,4.792190237437238,0.0497036961945751,0.0005333681933072,19,False,False
RGM_0167366,2025-07-19 11:16:11.734015284,2025-07-19 11:16:12.509015284,2025-07-19 11:16:11.834015284,2025-07-19 11:16:11,2025-07-19 11:16:00,3,336,3336,andring49,line,2.0,20.0,20.0,98.0,S2_line_D2_X20_Y20_Z98,S2_20250719-111001.834015284+0800.h5,332;333;334;335;336;337;338;339;340,9,3875,0.775,0.0170033324097284,0.0073182566936928,0.0190947682250112,0.0002240628176026,0.0017919421110611,177,4.809193569846966,0.0499277590121778,0.0002240628176026,0,False,False
RGM_0167367,2025-07-19 11:16:11.284015284,2025-07-19 11:16:11.959015284,2025-07-19 11:16:11.909015284,2025-07-19 11:16:11,2025-07-19 11:16:00,3,382,3382,ring51andring52,line,2.0,80.0,60.0,98.0,S2_line_D2_X80_Y60_Z98,S2_20250719-111001.834015284+0800.h5,378;379;380;381;382;383;384;385;386,9,3375,0.675,0.0111615181886133,0.0039647751018775,0.0127106985197668,8.409115458545337e-05,0.0005961218522685,178,4.820355088035579,0.0500118501667633,8.409115458545337e-05,19,False,False
RGM_0167393,2025-07-19 11:16:17.184015284,2025-07-19 11:16:17.434015284,2025-07-19 11:16:17.309015284,2025-07-19 11:16:17,2025-07-19 11:16:00,3,335,3335,andring49,line,2.0,20.0,40.0,98.0,S2_line_D2_X20_Y40_Z98,S2_20250719-111001.834015284+0800.h5,332;333;334;335;336;337;338;339,8,1250,0.25,0.0202686611492173,0.0123684476076216,0.02180411948555,0.0001028045088395,0.0007441274819071,179,4.840623749184797,0.0501146546756028,0.0001028045088395,1,False,False
RGM_0167497,2025-07-19 11:16:33.834015284,2025-07-19 11:16:35.834015284,2025-07-19 11:16:34.484015284,2025-07-19 11:16:34,2025-07-19 11:16:00,3,276,3276,ring39andring40,line,20.0,90.0,114.4,80.0,S2_line_D20_X90_Y114.4_Z80,S2_20250719-111001.834015284+0800.h5,272;273;274;275;276;277;278;279;280,9,10000,2.0,0.0057471755137031,0.0046793551941961,0.0070014710133571,6.606005277061847e-05,0.0006023828636228,180,4.8463709246985,0.0501807147283735,6.606005277061847e-05,91,True,True
RGM_0167554,2025-07-19 11:16:44.509015284,2025-07-19 11:16:45.359015284,2025-07-19 11:16:45.309015284,2025-07-19 11:16:45,2025-07-19 11:16:00,3,382,3382,ring51andring52,line,2.0,80.0,60.0,98.0,S2_line_D2_X80_Y60_Z98,S2_20250719-111001.834015284+0800.h5,378;379;380;381;382;383;384;385;386,9,4250,0.85,0.009822026140216,0.0035190592633436,0.0114455498717477,8.200136787422425e-05,0.0006074627530612,181,4.856192950838716,0.0502627160962477,8.200136787422425e-05,19,False,False
RGM_0168321,2025-07-19 11:18:52.084015284,2025-07-19 11:18:53.109015284,2025-07-19 11:18:52.734015284,2025-07-19 11:18:52,2025-07-19 11:18:00,3,495,3495,andring58,line,2.0,169.0,50.0,8.0,S2_line_D2_X169_Y50_Z8,S2_20250719-111001.834015284+0800.h5,491;492;493;494;495,5,5125,1.025,0.0193649778163132,0.015100256337756,0.0203829417317863,0.0003843774249719,0.0017758382346278,182,4.87555792865503,0.0506470935212196,0.0003843774249719,59,False,False
RGM_0168569,2025-07-19 11:19:28.584015284,2025-07-19 11:19:29.734015284,2025-07-19 11:19:29.609015284,2025-07-19 11:19:29,2025-07-19 11:19:00,3,495,3495,andring58,line,2.0,169.0,50.0,8.0,S2_line_D2_X169_Y50_Z8,S2_20250719-111001.834015284+0800.h5,491;492;493;494;495,5,5750,1.15,0.0125755646309212,0.0093383250025205,0.0136825932360448,0.0001818665496544,0.0008440797159142,183,4.888133493285952,0.0508289600708741,0.0001818665496544,59,False,False
RGM_0168606,2025-07-19 11:19:35.159015284,2025-07-19 11:19:37.709015284,2025-07-19 11:19:37.334015284,2025-07-19 11:19:37,2025-07-19 11:19:00,3,382,3382,ring51andring52,line,2.0,80.0,60.0,98.0,S2_line_D2_X80_Y60_Z98,S2_20250719-111001.834015284+0800.h5,378;379;380;381;382;383;384;385;386,9,12750,2.55,0.0088399762045524,0.0037788343319692,0.011843414852343,0.0001992702072074,0.0017460643290758,184,4.896973469490504,0.0510282302780816,0.0001992702072074,19,False,False
RGM_0168609,2025-07-19 11:19:37.584015284,2025-07-19 11:19:37.784015284,2025-07-19 11:19:37.609015284,2025-07-19 11:19:37,2025-07-19 11:19:00,3,382,3382,ring51andring52,line,2.0,80.0,60.0,98.0,S2_line_D2_X80_Y60_Z98,S2_20250719-111001.834015284+0800.h5,378;379;380;381;382;383;384;385;386,9,1000,0.2,0.0160167214933849,0.0067710913709567,0.022167861591805,5.1307073479331874e-05,0.00046629313694,185,4.912990190983889,0.0510795373515609,5.1307073479331874e-05,19,False,False
RGM_0168668,2025-07-19 11:19:43.184015284,2025-07-19 11:19:43.434015284,2025-07-19 11:19:43.359015284,2025-07-19 11:19:43,2025-07-19 11:19:00,4,389,3389,ring52,ring,2.0,80.0,120.0,98.0,S2_ring_D2_X80_Y120_Z98,S2_20250719-111001.834015284+0800.h5,385;386;387;388;389;390;391;392;393,9,1250,0.25,0.0110230417795336,0.0056639483693923,0.0121505608818682,3.0376862518335995e-05,0.0002391672886477,186,4.924013232763422,0.0511099142140792,3.0376862518335995e-05,22,False,False
RGM_0168790,2025-07-19 11:20:09.334191976,2025-07-19 11:20:09.384191976,2025-07-19 11:20:09.359191976,2025-07-19 11:20:09,2025-07-19 11:20:00,4,489,3489,ring58,ring,2.0,163.0,120.0,16.0,S2_ring_D2_X163_Y120_Z16,S2_20250719-112001.834191976+0800.h5,485;486;487;488;489;490;491;492;493,9,250,0.05,0.0134062118990814,0.0064453189327375,0.0157310382738542,8.986325874153718e-06,7.215905260267985e-05,187,4.937419444662504,0.0511189005399534,8.986325874153718e-06,58,False,False
RGM_0169326,2025-07-19 11:22:05.359191976,2025-07-19 11:22:05.534191976,2025-07-19 11:22:05.409191976,2025-07-19 11:22:05,2025-07-19 11:22:00,4,389,3389,ring52,ring,2.0,80.0,120.0,98.0,S2_ring_D2_X80_Y120_Z98,S2_20250719-112001.834191976+0800.h5,385;386;387;388;389;390;391;392;393,9,875,0.175,0.0114654444078201,0.0071002704414935,0.0126813449873672,2.300487270704248e-05,0.0001827622379893,188,4.948884889070324,0.0511419054126605,2.300487270704248e-05,22,False,False
RGM_0169392,2025-07-19 11:22:21.009191976,2025-07-19 11:22:21.059191976,2025-07-19 11:22:21.034191976,2025-07-19 11:22:21,2025-07-19 11:22:00,4,79,3079,ring01,ring,80.0,150.0,121.6,20.0,S2_ring_D80_X150_Y121.6_Z20,S2_20250719-112001.834191976+0800.h5,79;80;81;82;83,5,250,0.05,0.0070534386370064,0.0049776827982407,0.0110130534537189,2.487549830300765e-06,1.5427805089978804e-05,189,4.95593832770733,0.0511443929624908,2.487549830300765e-06,112,False,False
RGM_0169953,2025-07-19 11:24:22.334191976,2025-07-19 11:24:23.334191976,2025-07-19 11:24:22.434191976,2025-07-19 11:24:22,2025-07-19 11:24:00,4,490,3490,ring58,ring,2.0,163.0,120.0,16.0,S2_ring_D2_X163_Y120_Z16,S2_20250719-112001.834191976+0800.h5,486;487;488;489;490;491;492;493;494,9,5000,1.0,0.0151268326594139,0.0070566483253933,0.0210837572495097,0.0002288210663059,0.0022419537328164,190,4.971065160366744,0.0513732140287967,0.0002288210663059,58,False,False
RGM_0170121,2025-07-19 11:24:54.984191976,2025-07-19 11:24:55.084191976,2025-07-19 11:24:55.009191976,2025-07-19 11:24:55,2025-07-19 11:24:00,4,491,3491,ring58,ring,2.0,163.0,120.0,16.0,S2_ring_D2_X163_Y120_Z16,S2_20250719-112001.834191976+0800.h5,487;488;489;490;491;492;493;494;495,9,500,0.1,0.0169483343540351,0.007197693937229,0.0194069791042679,2.8724603737616817e-05,0.0002165745071908,191,4.98801349472078,0.0514019386325343,2.8724603737616817e-05,58,False,False
RGM_0171261,2025-07-19 11:28:36.634191976,2025-07-19 11:28:36.684191976,2025-07-19 11:28:36.659191976,2025-07-19 11:28:36,2025-07-19 11:28:00,4,381,3381,ring51andring52,line,2.0,80.0,40.0,98.0,S2_line_D2_X80_Y40_Z98,S2_20250719-112001.834191976+0800.h5,377;378;379;380;381;382;383;384;385,9,250,0.05,0.0140124335119237,0.0033744507893945,0.0161276929231454,9.817414646304143e-06,6.994736535992341e-05,192,5.002025928232703,0.0514117560471806,9.817414646304143e-06,18,False,False
RGM_0171487,2025-07-19 11:29:30.934191976,2025-07-19 11:29:30.984191976,2025-07-19 11:29:30.959191976,2025-07-19 11:29:30,2025-07-19 11:29:00,4,414,3414,ring53andring54,line,2.0,95.0,60.0,98.0,S2_line_D2_X95_Y60_Z98,S2_20250719-112001.834191976+0800.h5,410;411;412;413;414;415;416;417;418,9,250,0.05,0.0189015211994436,0.0057339698938519,0.029956327245166,1.7863375182650824e-05,0.0001887427760364,193,5.020927449432146,0.0514296194223632,1.7863375182650824e-05,31,False,False
RGM_0171585,2025-07-19 11:29:51.809191976,2025-07-19 11:29:53.834191976,2025-07-19 11:29:52.409191976,2025-07-19 11:29:52,2025-07-19 11:29:00,4,489,3489,ring58,ring,2.0,163.0,120.0,16.0,S2_ring_D2_X163_Y120_Z16,S2_20250719-112001.834191976+0800.h5,485;486;487;488;489;490;491;492;493,9,10125,2.025,0.0093012591509342,0.0083975506934679,0.0105118247595043,0.0001751896791304,0.0016225314983206,194,5.03022870858308,0.0516048091014937,0.0001751896791304,58,False,False
RGM_0171716,2025-07-19 11:30:24.384359356,2025-07-19 11:30:24.509359356,2025-07-19 11:30:24.459359356,2025-07-19 11:30:24,2025-07-19 11:30:00,4,273,3273,ring39,ring,20.0,90.0,87.2,80.0,S2_ring_D20_X90_Y87.2_Z80,S2_20250719-113001.834359356+0800.h5,269;270;271;272;273;274;275;276;277,9,625,0.125,0.0139572067574492,0.011334352168274,0.0150306432962203,2.4350452558773448e-05,0.0002075905095655,195,5.044185915340529,0.0516291595540525,2.4350452558773448e-05,89,False,False
RGM_0171722,2025-07-19 11:30:24.384359356,2025-07-19 11:30:24.984359356,2025-07-19 11:30:24.934359356,2025-07-19 11:30:24,2025-07-19 11:30:00,4,273,3273,ring39,ring,20.0,90.0,87.2,80.0,S2_ring_D20_X90_Y87.2_Z80,S2_20250719-113001.834359356+0800.h5,269;270;271;272;273;274;275;276;277,9,3000,0.6,0.0093743733319913,0.007657714164786,0.0100506024248369,5.2727325220530185e-05,0.0004525444264734,196,5.053560288672521,0.051681886879273,5.2727325220530185e-05,89,False,False
RGM_0172313,2025-07-19 11:32:48.459359356,2025-07-19 11:32:48.509359356,2025-07-19 11:32:48.484359356,2025-07-19 11:32:48,2025-07-19 11:32:00,4,79,3079,ring01,ring,80.0,150.0,121.6,20.0,S2_ring_D80_X150_Y121.6_Z20,S2_20250719-113001.834359356+0800.h5,79;80;81;82;83,5,250,0.05,0.0086863256762428,0.0058020706518203,0.0109840474750906,3.772612687687821e-06,1.904164496463641e-05,197,5.062246614348764,0.0516856594919607,3.772612687687821e-06,112,False,False
RGM_0172320,2025-07-19 11:32:51.134359356,2025-07-19 11:32:51.184359356,2025-07-19 11:32:51.159359356,2025-07-19 11:32:51,2025-07-19 11:32:00,4,79,3079,ring01,ring,80.0,150.0,121.6,20.0,S2_ring_D80_X150_Y121.6_Z20,S2_20250719-113001.834359356+0800.h5,79;80;81;82;83,5,250,0.05,0.0052611717195745,0.0038416824410512,0.0131812712164161,1.383996393142535e-06,1.5569345995986913e-05,198,5.067507786068338,0.0516870434883539,1.383996393142535e-06,112,False,False
RGM_0172720,2025-07-19 11:34:36.409359356,2025-07-19 11:34:36.459359356,2025-07-19 11:34:36.434359356,2025-07-19 11:34:36,2025-07-19 11:34:00,4,343,3343,ring49,ring,2.0,20.0,20.0,98.0,S2_ring_D2_X20_Y20_Z98,S2_20250719-113001.834359356+0800.h5,339;340;341;342;343;344;345;346;347,9,250,0.05,0.0212530906415553,0.017138989488386,0.0228644896718268,2.258469309090848e-05,0.0001886946172557,199,5.088760876709894,0.0517096281814448,2.258469309090848e-05,0,False,False
RGM_0173436,2025-07-19 11:37:05.484359356,2025-07-19 11:37:05.534359356,2025-07-19 11:37:05.509359356,2025-07-19 11:37:05,2025-07-19 11:37:00,4,348,3348,ring49andring50,line,2.0,40.0,20.0,98.0,S2_line_D2_X40_Y20_Z98,S2_20250719-113001.834359356+0800.h5,344;345;346;347;348;349;350;351;352,9,250,0.05,0.0198278873460388,0.0080516677349149,0.0230285305939018,1.965725583036045e-05,0.0001499923640128,200,5.108588764055932,0.0517292854372751,1.965725583036045e-05,5,False,False
RGM_0173446,2025-07-19 11:37:07.809359356,2025-07-19 11:37:07.859359356,2025-07-19 11:37:07.834359356,2025-07-19 11:37:07,2025-07-19 11:37:00,4,348,3348,ring49andring50,line,2.0,40.0,20.0,98.0,S2_line_D2_X40_Y20_Z98,S2_20250719-113001.834359356+0800.h5,344;345;346;347;348;349;350;351;352,9,250,0.05,0.020161564472381,0.0075016541463284,0.0231806664195673,2.0324434098698903e-05,0.0001524654754735,201,5.128750328528313,0.0517496098713738,2.0324434098698903e-05,5,False,False
RGM_0174055,2025-07-19 11:38:57.809359356,2025-07-19 11:38:58.059359356,2025-07-19 11:38:57.859359356,2025-07-19 11:38:57,2025-07-19 11:38:00,4,413,3413,ring53andring54,line,2.0,95.0,40.0,98.0,S2_line_D2_X95_Y40_Z98,S2_20250719-113001.834359356+0800.h5,409;410;411;412;413;414;415;416;417,9,1250,0.25,0.0144915619268944,0.0034777057983484,0.0164317310656734,5.2501341770254415e-05,0.0003645614377742,202,5.143241890455208,0.0518021112131441,5.2501341770254415e-05,30,False,False
RGM_0174179,2025-07-19 11:39:19.609359356,2025-07-19 11:39:19.659359356,2025-07-19 11:39:19.634359356,2025-07-19 11:39:19,2025-07-19 11:39:00,4,489,3489,ring58,ring,2.0,163.0,120.0,16.0,S2_ring_D2_X163_Y120_Z16,S2_20250719-113001.834359356+0800.h5,485;486;487;488;489;490;491;492;493,9,250,0.05,0.0139187279150236,0.0096104656184716,0.0159109491222213,9.686549338622964e-06,8.051343847218904e-05,203,5.157160618370232,0.0518117977624827,9.686549338622964e-06,58,False,False
RGM_0175411,2025-07-19 11:43:39.539121397,2025-07-19 11:43:39.589121397,2025-07-19 11:43:39.564121397,2025-07-19 11:43:39,2025-07-19 11:43:00,4,413,3413,ring53andring54,line,2.0,95.0,40.0,98.0,S2_line_D2_X95_Y40_Z98,S2_20250719-114002.339121397+0800.h5,409;410;411;412;413;414;415;416;417,9,250,0.05,0.0169290321015228,0.0036865779028561,0.0200060877605485,1.4329606394719556e-05,0.0001067550854725,204,5.174089650471754,0.0518261273688774,1.4329606394719556e-05,30,False,False
RGM_0176173,2025-07-19 11:46:17.414121397,2025-07-19 11:46:17.639121397,2025-07-19 11:46:17.614121397,2025-07-19 11:46:17,2025-07-19 11:46:00,4,487,3487,ring58,ring,2.0,163.0,120.0,16.0,S2_ring_D2_X163_Y120_Z16,S2_20250719-114002.339121397+0800.h5,483;484;485;486;487;488;489;490;491,9,1125,0.225,0.0117169285854709,0.0083771836177977,0.0125253346338734,3.088944348233091e-05,0.0002623088962922,205,5.185806579057225,0.0518570168123598,3.088944348233091e-05,58,False,False
RGM_0176328,2025-07-19 11:46:48.089121397,2025-07-19 11:46:49.514121397,2025-07-19 11:46:48.789121397,2025-07-19 11:46:48,2025-07-19 11:46:00,4,380,3380,ring51andring52,line,2.0,80.0,20.0,98.0,S2_line_D2_X80_Y20_Z98,S2_20250719-114002.339121397+0800.h5,376;377;378;379;380;381;382;383;384,9,7125,1.425,0.0100747553261655,0.0064301374356393,0.0105776111992851,0.0001446384902069,0.0010956771847157,206,5.19588133438339,0.0520016553025668,0.0001446384902069,17,False,False
RGM_0176738,2025-07-19 11:48:29.764121397,2025-07-19 11:48:29.814121397,2025-07-19 11:48:29.789121397,2025-07-19 11:48:29,2025-07-19 11:48:00,4,487,3487,ring58,ring,2.0,163.0,120.0,16.0,S2_ring_D2_X163_Y120_Z16,S2_20250719-114002.339121397+0800.h5,483;484;485;486;487;488;489;490;491,9,250,0.05,0.0148468404859652,0.0055480289022552,0.0162651354285468,1.1021433620784815e-05,7.904853318608508e-05,207,5.210728174869356,0.0520126767361876,1.1021433620784815e-05,58,False,False
RGM_0176761,2025-07-19 11:48:37.014121397,2025-07-19 11:48:37.464121397,2025-07-19 11:48:37.039121397,2025-07-19 11:48:37,2025-07-19 11:48:00,4,487,3487,ring58,ring,2.0,163.0,120.0,16.0,S2_ring_D2_X163_Y120_Z16,S2_20250719-114002.339121397+0800.h5,483;484;485;486;487;488;489;490;491,9,2250,0.45,0.0099215914639246,0.0062428685649307,0.0112165593509757,4.42970897296601e-05,0.0003621385995444,208,5.22064976633328,0.0520569738259172,4.42970897296601e-05,58,False,False
RGM_0176932,2025-07-19 11:49:17.339121397,2025-07-19 11:49:17.564121397,2025-07-19 11:49:17.364121397,2025-07-19 11:49:17,2025-07-19 11:49:00,4,489,3489,ring58,ring,2.0,163.0,120.0,16.0,S2_ring_D2_X163_Y120_Z16,S2_20250719-114002.339121397+0800.h5,485;486;487;488;489;490;491;492;493,9,1125,0.225,0.012387978887824,0.0072941266773822,0.0139231798458993,3.452895470816407e-05,0.0002876897684469,209,5.233037745221104,0.0520915027806254,3.452895470816407e-05,58,False,False
RGM_0177346,2025-07-19 11:51:00.289277023,2025-07-19 11:51:00.389277023,2025-07-19 11:51:00.314277023,2025-07-19 11:51:00,2025-07-19 11:51:00,4,489,3489,ring58,ring,2.0,163.0,120.0,16.0,S2_ring_D2_X163_Y120_Z16,S2_20250719-115002.339277023+0800.h5,485;486;487;488;489;490;491;492;493,9,500,0.1,0.015400865569435,0.0084739089081426,0.0188191680981207,2.371866602878106e-05,0.0002018927430624,210,5.248438610790539,0.0521152214466542,2.371866602878106e-05,58,False,False
RGM_0177434,2025-07-19 11:51:22.414277023,2025-07-19 11:51:22.714277023,2025-07-19 11:51:22.689277023,2025-07-19 11:51:22,2025-07-19 11:51:00,4,343,3343,ring49,ring,2.0,20.0,20.0,98.0,S2_ring_D2_X20_Y20_Z98,S2_20250719-115002.339277023+0800.h5,339;340;341;342;343;344;345;346;347,9,1500,0.3,0.0162675882726711,0.0095434086001992,0.0182571512639684,7.939032846274441e-05,0.0006653828140745,211,5.264706199063211,0.0521946117751169,7.939032846274441e-05,0,False,False
RGM_0178217,2025-07-19 11:54:13.914277023,2025-07-19 11:54:14.039277023,2025-07-19 11:54:13.989277023,2025-07-19 11:54:13,2025-07-19 11:54:00,4,392,3392,ring52,ring,2.0,80.0,120.0,98.0,S2_ring_D2_X80_Y120_Z98,S2_20250719-115002.339277023+0800.h5,388;389;390;391;392;393;394;395;396,9,625,0.125,0.0122914041216367,0.0048584775557898,0.0145720564258599,1.8884826910173657e-05,0.0001594827779868,212,5.276997603184848,0.0522134966020271,1.8884826910173657e-05,22,False,False
RGM_0178219,2025-07-19 11:54:13.964277023,2025-07-19 11:54:14.164277023,2025-07-19 11:54:13.989277023,2025-07-19 11:54:13,2025-07-19 11:54:00,4,389,3389,ring52,ring,2.0,80.0,120.0,98.0,S2_ring_D2_X80_Y120_Z98,S2_20250719-115002.339277023+0800.h5,385;386;387;388;389;390;391;392;393,9,1000,0.2,0.0112320993040759,0.0067885540574058,0.0131337404512741,2.523201095532481e-05,0.0002194873605345,213,5.288229702488923,0.0522387286129824,2.523201095532481e-05,22,False,False
RGM_0178887,2025-07-19 11:56:32.489277023,2025-07-19 11:56:32.539277023,2025-07-19 11:56:32.514277023,2025-07-19 11:56:32,2025-07-19 11:56:00,4,270,3270,ring38andring39,line,20.0,90.0,60.0,80.0,S2_line_D20_X90_Y60_Z80,S2_20250719-115002.339277023+0800.h5,266;267;268;269;270;271;272;273;274,9,250,0.05,0.0098096589316715,0.0069976433739184,0.010997033952395,4.811470417786215e-06,3.9067414912533405e-05,214,5.298039361420595,0.0522435400834002,4.811470417786215e-06,87,False,False
RGM_0178940,2025-07-19 11:56:33.464277023,2025-07-19 11:56:33.964277023,2025-07-19 11:56:33.714277023,2025-07-19 11:56:33,2025-07-19 11:56:00,4,272,3272,ring39,ring,20.0,90.0,87.2,80.0,S2_ring_D20_X90_Y87.2_Z80,S2_20250719-115002.339277023+0800.h5,268;269;270;271;272;273;274;275;276,9,2500,0.5,0.0146064455737806,0.0142022370723733,0.0164106981497104,0.0001066741261499,0.0010258377497982,216,5.320307449394516,0.0523531492477635,0.0001066741261499,89,False,False
RGM_0178980,2025-07-19 11:56:33.589277023,2025-07-19 11:56:34.589277023,2025-07-19 11:56:33.839277023,2025-07-19 11:56:33,2025-07-19 11:56:00,4,271,3271,ring38andring39,line,20.0,90.0,80.0,80.0,S2_line_D20_X90_Y80_Z80,S2_20250719-115002.339277023+0800.h5,267;268;269;270;271;272;273;274;275,9,5000,1.0,0.0111623962133514,0.0107633572439383,0.0120146913667795,0.0001245990892238,0.0011510031341367,217,5.331469845607868,0.0524777483369873,0.0001245990892238,88,False,False
RGM_0178981,2025-07-19 11:56:33.589277023,2025-07-19 11:56:34.089277023,2025-07-19 11:56:33.839277023,2025-07-19 11:56:33,2025-07-19 11:56:00,4,269,3269,ring38,ring,20.0,90.0,52.8,80.0,S2_ring_D20_X90_Y52.8_Z80,S2_20250719-115002.339277023+0800.h5,265;266;267;268;269;270;271;272;273,9,2500,0.5,0.0152957731977182,0.0141044583961699,0.016411629637313,0.000116980338858,0.0010611215481175,218,5.346765618805586,0.0525947286758453,0.000116980338858,86,False,False
RGM_0179011,2025-07-19 11:56:42.664277023,2025-07-19 11:56:42.714277023,2025-07-19 11:56:42.689277023,2025-07-19 11:56:42,2025-07-19 11:56:00,4,489,3489,ring58,ring,2.0,163.0,120.0,16.0,S2_ring_D2_X163_Y120_Z16,S2_20250719-115002.339277023+0800.h5,485;486;487;488;489;490;491;492;493,9,250,0.05,0.0169187166219301,0.0126338233513758,0.018075384861796,1.4312148606658837e-05,0.0001251638111232,219,5.363684335427516,0.052609040824452,1.4312148606658837e-05,58,False,False
RGM_0179038,2025-07-19 11:56:47.589277023,2025-07-19 11:56:47.639277023,2025-07-19 11:56:47.614277023,2025-07-19 11:56:47,2025-07-19 11:56:00,4,380,3380,ring51andring52,line,2.0,80.0,20.0,98.0,S2_line_D2_X80_Y20_Z98,S2_20250719-115002.339277023+0800.h5,376;377;378;379;380;381;382;383;384,9,250,0.05,0.0162729694135963,0.005824050561236,0.0172026810913722,1.324047667679209e-05,9.173423065902346e-05,220,5.3799573048411125,0.0526222813011288,1.324047667679209e-05,17,False,False
RGM_0180889,2025-07-19 12:02:33.989419362,2025-07-19 12:02:34.039419362,2025-07-19 12:02:34.014419362,2025-07-19 12:02:34,2025-07-19 12:02:00,4,380,3380,ring51andring52,line,2.0,80.0,20.0,98.0,S2_line_D2_X80_Y20_Z98,S2_20250719-120002.339419362+0800.h5,376;377;378;379;380;381;382;383;384,9,250,0.05,0.016685247418142,0.0060696369151416,0.0201729820432052,1.391987407023074e-05,0.0001144187409242,221,5.396642552259254,0.052636201175199,1.391987407023074e-05,17,False,False
RGM_0180943,2025-07-19 12:02:44.814419362,2025-07-19 12:02:44.914419362,2025-07-19 12:02:44.889419362,2025-07-19 12:02:44,2025-07-19 12:02:00,4,79,3079,ring01,ring,80.0,150.0,121.6,20.0,S2_ring_D80_X150_Y121.6_Z20,S2_20250719-120002.339419362+0800.h5,79;80;81;82;83,5,500,0.1,0.011420951426268,0.008365092201641,0.0145852858915882,1.3043813148117447e-05,6.796664492215697e-05,222,5.408063503685522,0.0526492449883471,1.3043813148117447e-05,112,False,False
RGM_0181290,2025-07-19 12:03:58.989419362,2025-07-19 12:03:59.089419362,2025-07-19 12:03:59.014419362,2025-07-19 12:03:59,2025-07-19 12:03:00,4,489,3489,ring58,ring,2.0,163.0,120.0,16.0,S2_ring_D2_X163_Y120_Z16,S2_20250719-120002.339419362+0800.h5,485;486;487;488;489;490;491;492;493,9,500,0.1,0.0129498948795809,0.0063945430606797,0.0165650398155293,1.6769977739219698e-05,0.0001446632704744,223,5.421013398565103,0.0526660149660864,1.6769977739219698e-05,58,False,False
RGM_0181378,2025-07-19 12:04:17.689419362,2025-07-19 12:04:17.739419362,2025-07-19 12:04:17.714419362,2025-07-19 12:04:17,2025-07-19 12:04:00,4,489,3489,ring58,ring,2.0,163.0,120.0,16.0,S2_ring_D2_X163_Y120_Z16,S2_20250719-120002.339419362+0800.h5,485;486;487;488;489;490;491;492;493,9,250,0.05,0.0137401049501867,0.0088780575961943,0.0169250044094109,9.439524202107258e-06,8.730733961147998e-05,224,5.43475350351529,0.0526754544902885,9.439524202107258e-06,58,False,False
RGM_0181385,2025-07-19 12:04:19.264419362,2025-07-19 12:04:19.364419362,2025-07-19 12:04:19.289419362,2025-07-19 12:04:19,2025-07-19 12:04:00,4,396,3396,ring52andring53,line,2.0,89.0,120.0,98.0,S2_line_D2_X89_Y120_Z98,S2_20250719-120002.339419362+0800.h5,392;393;394;395;396;397;398;399;400,9,500,0.1,0.0130067574123046,0.0049073151724365,0.0150241218727782,1.6917573838254215e-05,0.0001303328998702,225,5.447760260927594,0.0526923720641267,1.6917573838254215e-05,28,False,False
RGM_0181496,2025-07-19 12:04:44.139419362,2025-07-19 12:04:45.039419362,2025-07-19 12:04:44.939419362,2025-07-19 12:04:44,2025-07-19 12:04:00,4,381,3381,ring51andring52,line,2.0,80.0,40.0,98.0,S2_line_D2_X80_Y40_Z98,S2_20250719-120002.339419362+0800.h5,377;378;379;380;381;382;383;384;385,9,4500,0.9,0.0114139304173508,0.0053153543075176,0.0140156599346275,0.0001172500268149,0.0009392087061982,226,5.459174191344945,0.0528096220909416,0.0001172500268149,18,False,False
RGM_0181877,2025-07-19 12:05:59.564419362,2025-07-19 12:05:59.614419362,2025-07-19 12:05:59.589419362,2025-07-19 12:05:59,2025-07-19 12:05:00,4,489,3489,ring58,ring,2.0,163.0,120.0,16.0,S2_ring_D2_X163_Y120_Z16,S2_20250719-120002.339419362+0800.h5,485;486;487;488;489;490;491;492;493,9,250,0.05,0.014426134037399,0.0101230462267722,0.0166811665808421,1.0405667163250148e-05,9.064555168169452e-05,227,5.473600325382344,0.0528200277581049,1.0405667163250148e-05,58,False,False
RGM_0181938,2025-07-19 12:06:12.514419362,2025-07-19 12:06:15.339419362,2025-07-19 12:06:14.214419362,2025-07-19 12:06:14,2025-07-19 12:06:00,4,380,3380,ring51andring52,line,2.0,80.0,20.0,98.0,S2_line_D2_X80_Y20_Z98,S2_20250719-120002.339419362+0800.h5,376;377;378;379;380;381;382;383;384,9,14125,2.825,0.0100448152319165,0.0058746208444889,0.013144687904959,0.0002850377343474,0.0024990084919584,228,5.483645140614261,0.0531050654924523,0.0002850377343474,17,False,False
RGM_0182483,2025-07-19 12:08:23.364419362,2025-07-19 12:08:23.489419362,2025-07-19 12:08:23.464419362,2025-07-19 12:08:23,2025-07-19 12:08:00,4,489,3489,ring58,ring,2.0,163.0,120.0,16.0,S2_ring_D2_X163_Y120_Z16,S2_20250719-120002.339419362+0800.h5,485;486;487;488;489;490;491;492;493,9,625,0.125,0.015632872609578,0.0060461173947063,0.0169390556588242,3.0548338253411845e-05,0.0002138422323777,229,5.499278013223839,0.0531356138307058,3.0548338253411845e-05,58,False,False
RGM_0182596,2025-07-19 12:08:47.889419362,2025-07-19 12:08:47.939419362,2025-07-19 12:08:47.914419362,2025-07-19 12:08:47,2025-07-19 12:08:00,4,372,3372,ring51,ring,2.0,60.0,20.0,98.0,S2_ring_D2_X60_Y20_Z98,S2_20250719-120002.339419362+0800.h5,368;369;370;371;372;373;374;375;376,9,250,0.05,0.0197159809618618,0.0181486295185563,0.0261420679868378,1.9435995264424927e-05,0.0001877505337439,230,5.518993994185701,0.0531550498259702,1.9435995264424927e-05,11,False,False
RGM_0182764,2025-07-19 12:09:26.789419362,2025-07-19 12:09:27.164419362,2025-07-19 12:09:27.139419362,2025-07-19 12:09:27,2025-07-19 12:09:00,4,489,3489,ring58,ring,2.0,163.0,120.0,16.0,S2_ring_D2_X163_Y120_Z16,S2_20250719-120002.339419362+0800.h5,485;486;487;488;489;490;491;492;493,9,1875,0.375,0.0132062587294582,0.0102656222377511,0.0163317308297169,6.540197611102197e-05,0.0005973997255811,231,5.53220025291516,0.0532204518020812,6.540197611102197e-05,58,False,False
RGM_0183191,2025-07-19 12:10:47.389541778,2025-07-19 12:10:47.439541778,2025-07-19 12:10:47.414541778,2025-07-19 12:10:47,2025-07-19 12:10:00,4,343,3343,ring49,ring,2.0,20.0,20.0,98.0,S2_ring_D2_X20_Y20_Z98,S2_20250719-121002.339541778+0800.h5,339;340;341;342;343;344;345;346;347,9,250,0.05,0.0230479180953868,0.0132521869928676,0.0255155198010277,2.6560326426583107e-05,0.0002118047879691,232,5.555248171010547,0.0532470121285078,2.6560326426583107e-05,0,False,False
RGM_0183529,2025-07-19 12:11:55.314541778,2025-07-19 12:11:55.714541778,2025-07-19 12:11:55.339541778,2025-07-19 12:11:55,2025-07-19 12:11:00,4,372,3372,ring51,ring,2.0,60.0,20.0,98.0,S2_ring_D2_X60_Y20_Z98,S2_20250719-121002.339541778+0800.h5,368;369;370;371;372;373;374;375;376,9,2000,0.4,0.013214213869525,0.0112571399335766,0.0241269980795875,6.984617927581938e-05,0.0008257776183271,233,5.568462384880072,0.0533168583077836,6.984617927581938e-05,11,False,False
RGM_0183608,2025-07-19 12:12:12.239541778,2025-07-19 12:12:12.989541778,2025-07-19 12:12:12.814541778,2025-07-19 12:12:12,2025-07-19 12:12:00,4,392,3392,ring52,ring,2.0,80.0,120.0,98.0,S2_ring_D2_X80_Y120_Z98,S2_20250719-121002.339541778+0800.h5,388;389;390;391;392;393;394;395;396,9,3750,0.75,0.0083598466760497,0.0048875832494836,0.0097218328578748,5.241527733529515e-05,0.0004598464926415,234,5.576822231556122,0.0533692735851189,5.241527733529515e-05,22,False,False
RGM_0183821,2025-07-19 12:13:04.764541778,2025-07-19 12:13:06.089541778,2025-07-19 12:13:05.764541778,2025-07-19 12:13:05,2025-07-19 12:13:00,4,495,3495,andring58,line,2.0,169.0,50.0,8.0,S2_line_D2_X169_Y50_Z8,S2_20250719-121002.339541778+0800.h5,491;492;493;494;495,5,6625,1.325,0.0224394166441239,0.011030141331646,0.0265121578410435,0.0006671738306103,0.003006559440542,235,5.599261648200246,0.0540364474157293,0.0006671738306103,59,False,False
RGM_0184431,2025-07-19 12:15:22.014541778,2025-07-19 12:15:22.689541778,2025-07-19 12:15:22.539541778,2025-07-19 12:15:22,2025-07-19 12:15:00,4,389,3389,ring52,ring,2.0,80.0,120.0,98.0,S2_ring_D2_X80_Y120_Z98,S2_20250719-121002.339541778+0800.h5,385;386;387;388;389;390;391;392;393,9,3375,0.675,0.010329297879082,0.0072165896116426,0.0109462747545466,7.201871640549538e-05,0.0005791914251957,236,5.609590946079328,0.0541084661321348,7.201871640549538e-05,22,False,False
RGM_0184617,2025-07-19 12:15:54.839541778,2025-07-19 12:15:56.964541778,2025-07-19 12:15:56.014541778,2025-07-19 12:15:56,2025-07-19 12:15:00,4,489,3489,ring58,ring,2.0,163.0,120.0,16.0,S2_ring_D2_X163_Y120_Z16,S2_20250719-121002.339541778+0800.h5,485;486;487;488;489;490;491;492;493,9,10625,2.125,0.0201484918190562,0.0147572185785962,0.0318266990873378,0.0008626686604879,0.009437228299399,237,5.629739437898384,0.0549711347926228,0.0008626686604879,58,False,False
RGM_0184929,2025-07-19 12:16:51.364541778,2025-07-19 12:16:52.389541778,2025-07-19 12:16:52.064541778,2025-07-19 12:16:52,2025-07-19 12:16:00,4,489,3489,ring58,ring,2.0,163.0,120.0,16.0,S2_ring_D2_X163_Y120_Z16,S2_20250719-121002.339541778+0800.h5,485;486;487;488;489;490;491;492;493,9,5125,1.025,0.0110946296806643,0.0086119142345238,0.0115441493874074,0.0001261680779448,0.0010512301909407,238,5.640834067579048,0.0550973028705676,0.0001261680779448,58,False,False
RGM_0184942,2025-07-19 12:16:53.764541778,2025-07-19 12:16:53.839541778,2025-07-19 12:16:53.814541778,2025-07-19 12:16:53,2025-07-19 12:16:00,4,372,3372,ring51,ring,2.0,60.0,20.0,98.0,S2_ring_D2_X60_Y20_Z98,S2_20250719-121002.339541778+0800.h5,368;369;370;371;372;373;374;375;376,9,375,0.075,0.0161222293579069,0.0141857855221013,0.020776741940595,1.949447096017171e-05,0.0001779871092599,239,5.656956296936955,0.0551167973415278,1.949447096017171e-05,11,False,False
RGM_0185438,2025-07-19 12:18:06.339541778,2025-07-19 12:18:07.914541778,2025-07-19 12:18:06.889541778,2025-07-19 12:18:06,2025-07-19 12:18:00,4,424,3424,ring54,ring,2.0,115.0,120.0,80.0,S2_ring_D2_X115_Y120_Z80,S2_20250719-121002.339541778+0800.h5,420;421;422;423;424;425;426;427;428,9,7875,1.575,0.0247091647738921,0.0086993263818246,0.0287034769486735,0.0009616049475217,0.0071515114858283,240,5.681665461710847,0.0560784022890496,0.0009616049475217,34,False,False
RGM_0185779,2025-07-19 12:18:57.514541778,2025-07-19 12:18:57.564541778,2025-07-19 12:18:57.539541778,2025-07-19 12:18:57,2025-07-19 12:18:00,4,443,3443,ring55,ring,2.0,127.0,20.0,64.0,S2_ring_D2_X127_Y20_Z64,S2_20250719-121002.339541778+0800.h5,439;440;441;442;443;444;445;446;447,9,250,0.05,0.0166897969614364,0.0078848324779656,0.0183190741701454,1.392746613069869e-05,0.0001045555815329,241,5.698355258672284,0.0560923297551803,1.392746613069869e-05,40,False,False
RGM_0186033,2025-07-19 12:19:43.864541778,2025-07-19 12:19:43.914541778,2025-07-19 12:19:43.889541778,2025-07-19 12:19:43,2025-07-19 12:19:00,4,437,3437,ring55,ring,2.0,127.0,20.0,64.0,S2_ring_D2_X127_Y20_Z64,S2_20250719-121002.339541778+0800.h5,433;434;435;436;437;438;439;440;441,9,250,0.05,0.0188419254051144,0.0072842238914385,0.0213205070710504,1.7750907648594824e-05,0.0001327879269364,242,5.717197184077398,0.0561100806628288,1.7750907648594824e-05,40,False,False
RGM_0186039,2025-07-19 12:19:45.514541778,2025-07-19 12:19:45.639541778,2025-07-19 12:19:45.589541778,2025-07-19 12:19:45,2025-07-19 12:19:00,4,392,3392,ring52,ring,2.0,80.0,120.0,98.0,S2_ring_D2_X80_Y120_Z98,S2_20250719-121002.339541778+0800.h5,388;389;390;391;392;393;394;395;396,9,625,0.125,0.0134153312058248,0.0080506648638709,0.0156504466936007,2.249638892024728e-05,0.0001967554939938,243,5.730612515283223,0.0561325770517491,2.249638892024728e-05,22,False,False
RGM_0186491,2025-07-19 12:21:13.739681410,2025-07-19 12:21:13.789681410,2025-07-19 12:21:13.764681410,2025-07-19 12:21:13,2025-07-19 12:21:00,4,489,3489,ring58,ring,2.0,163.0,120.0,16.0,S2_ring_D2_X163_Y120_Z16,S2_20250719-122002.339681410+0800.h5,485;486;487;488;489;490;491;492;493,9,250,0.05,0.0131454056234891,0.007550617200808,0.0183863162229189,8.64008445030304e-06,8.381716693001628e-05,244,5.743757920906712,0.0561412171361994,8.64008445030304e-06,58,False,False
RGM_0186594,2025-07-19 12:21:31.439681410,2025-07-19 12:21:32.214681410,2025-07-19 12:21:31.839681410,2025-07-19 12:21:31,2025-07-19 12:21:00,4,372,3372,ring51,ring,2.0,60.0,20.0,98.0,S2_ring_D2_X60_Y20_Z98,S2_20250719-122002.339681410+0800.h5,368;369;370;371;372;373;374;375;376,9,3875,0.775,0.0104720562046242,0.0070807781845861,0.0171125825119977,8.498956989342682e-05,0.0009017868075047,245,5.754229977111336,0.0562262067060928,8.498956989342682e-05,11,False,False
RGM_0186875,2025-07-19 12:22:24.864681410,2025-07-19 12:22:24.914681410,2025-07-19 12:22:24.889681410,2025-07-19 12:22:24,2025-07-19 12:22:00,4,443,3443,ring55,ring,2.0,127.0,20.0,64.0,S2_ring_D2_X127_Y20_Z64,S2_20250719-122002.339681410+0800.h5,439;440;441;442;443;444;445;446;447,9,250,0.05,0.0168775224376728,0.0105580063679519,0.020362273379978,1.424253818170759e-05,0.0001242443059014,246,5.771107499549009,0.0562404492442745,1.424253818170759e-05,40,False,False
RGM_0186916,2025-07-19 12:22:32.914681410,2025-07-19 12:22:32.964681410,2025-07-19 12:22:32.939681410,2025-07-19 12:22:32,2025-07-19 12:22:00,4,79,3079,ring01,ring,80.0,150.0,121.6,20.0,S2_ring_D80_X150_Y121.6_Z20,S2_20250719-122002.339681410+0800.h5,79;80;81;82;83,5,250,0.05,0.0054052490787274,0.0045614762721279,0.0118324779136803,1.460835880154177e-06,1.391357051300798e-05,247,5.776512748627736,0.0562419100801547,1.460835880154177e-06,112,False,False
RGM_0187174,2025-07-19 12:23:14.964681410,2025-07-19 12:23:15.014681410,2025-07-19 12:23:14.989681410,2025-07-19 12:23:14,2025-07-19 12:23:00,4,372,3372,ring51,ring,2.0,60.0,20.0,98.0,S2_ring_D2_X60_Y20_Z98,S2_20250719-122002.339681410+0800.h5,368;369;370;371;372;373;374;375;376,9,250,0.05,0.0175847215891392,0.0097981040453528,0.0223311773044348,1.546112166837695e-05,0.0001309601390655,248,5.794097470216875,0.0562573712018231,1.546112166837695e-05,11,False,False
RGM_0187277,2025-07-19 12:23:35.839681410,2025-07-19 12:23:35.889681410,2025-07-19 12:23:35.864681410,2025-07-19 12:23:35,2025-07-19 12:23:00,4,489,3489,ring58,ring,2.0,163.0,120.0,16.0,S2_ring_D2_X163_Y120_Z16,S2_20250719-122002.339681410+0800.h5,485;486;487;488;489;490;491;492;493,9,250,0.05,0.0123108259469085,0.0070148137122863,0.014131059346195,7.577821774753879e-06,6.284161819962454e-05,249,5.806408296163784,0.0562649490235978,7.577821774753879e-06,58,False,False
RGM_0187322,2025-07-19 12:23:44.839681410,2025-07-19 12:23:46.839681410,2025-07-19 12:23:45.014681410,2025-07-19 12:23:45,2025-07-19 12:23:00,4,372,3372,ring51,ring,2.0,60.0,20.0,98.0,S2_ring_D2_X60_Y20_Z98,S2_20250719-122002.339681410+0800.h5,368;369;370;371;372;373;374;375;376,9,10000,2.0,0.0207575823351463,0.012838794527335,0.0240746634408309,0.0008617544488007,0.0069577219059901,250,5.8271658784989295,0.0571267034723986,0.0008617544488007,11,False,False
RGM_0187339,2025-07-19 12:23:47.389681410,2025-07-19 12:23:47.464681410,2025-07-19 12:23:47.414681410,2025-07-19 12:23:47,2025-07-19 12:23:00,4,372,3372,ring51,ring,2.0,60.0,20.0,98.0,S2_ring_D2_X60_Y20_Z98,S2_20250719-122002.339681410+0800.h5,368;369;370;371;372;373;374;375;376,9,375,0.075,0.0182079494686545,0.014411637088956,0.0200408608684537,2.4864706788980927e-05,0.000223710746913,251,5.845373827967584,0.0571515681791876,2.4864706788980927e-05,11,False,False
RGM_0187374,2025-07-19 12:23:50.614681410,2025-07-19 12:23:52.164681410,2025-07-19 12:23:52.064681410,2025-07-19 12:23:52,2025-07-19 12:23:00,4,372,3372,ring51,ring,2.0,60.0,20.0,98.0,S2_ring_D2_X60_Y20_Z98,S2_20250719-122002.339681410+0800.h5,368;369;370;371;372;373;374;375;376,9,7750,1.55,0.0117339850948795,0.0096371051495702,0.0138346142784709,0.0002134139296206,0.0019324028415326,252,5.857107813062464,0.0573649821088082,0.0002134139296206,11,False,False
RGM_0187392,2025-07-19 12:23:54.489681410,2025-07-19 12:23:54.539681410,2025-07-19 12:23:54.514681410,2025-07-19 12:23:54,2025-07-19 12:23:00,4,372,3372,ring51,ring,2.0,60.0,20.0,98.0,S2_ring_D2_X60_Y20_Z98,S2_20250719-122002.339681410+0800.h5,368;369;370;371;372;373;374;375;376,9,250,0.05,0.0202346387622632,0.0168706704957792,0.022251863957585,2.047203029196428e-05,0.0001842623744755,253,5.877342451824727,0.0573854541391001,2.047203029196428e-05,11,False,False
RGM_0187509,2025-07-19 12:24:16.339681410,2025-07-19 12:24:16.439681410,2025-07-19 12:24:16.414681410,2025-07-19 12:24:16,2025-07-19 12:24:00,4,372,3372,ring51,ring,2.0,60.0,20.0,98.0,S2_ring_D2_X60_Y20_Z98,S2_20250719-122002.339681410+0800.h5,368;369;370;371;372;373;374;375;376,9,500,0.1,0.025365305533034,0.0154412760896231,0.0282402113161918,6.433987247841682e-05,0.0005039100403628,254,5.902707757357761,0.0574497940115786,6.433987247841682e-05,11,False,False
RGM_0187582,2025-07-19 12:24:26.339681410,2025-07-19 12:24:28.589681410,2025-07-19 12:24:26.689681410,2025-07-19 12:24:26,2025-07-19 12:24:00,4,372,3372,ring51,ring,2.0,60.0,20.0,98.0,S2_ring_D2_X60_Y20_Z98,S2_20250719-122002.339681410+0800.h5,368;369;370;371;372;373;374;375;376,9,11250,2.25,0.0251219808197155,0.0126368350796701,0.0286576849410792,0.0014200063206888,0.0108327447041159,255,5.9278297381774765,0.0588698003322674,0.0014200063206888,11,False,False
RGM_0187614,2025-07-19 12:24:31.064681410,2025-07-19 12:24:31.114681410,2025-07-19 12:24:31.089681410,2025-07-19 12:24:31,2025-07-19 12:24:00,4,373,3373,ring51,ring,2.0,60.0,20.0,98.0,S2_ring_D2_X60_Y20_Z98,S2_20250719-122002.339681410+0800.h5,369;370;371;372;373;374;375;376;377,9,250,0.05,0.0177205519735774,0.0120863113455808,0.020362724363937,1.5700898112412895e-05,0.0001372716469713,256,5.945550290151054,0.0588855012303798,1.5700898112412895e-05,11,False,False
RGM_0187618,2025-07-19 12:24:31.839681410,2025-07-19 12:24:31.914681410,2025-07-19 12:24:31.889681410,2025-07-19 12:24:31,2025-07-19 12:24:00,4,372,3372,ring51,ring,2.0,60.0,20.0,98.0,S2_ring_D2_X60_Y20_Z98,S2_20250719-122002.339681410+0800.h5,368;369;370;371;372;373;374;375;376,9,375,0.075,0.0179732435283473,0.011374497785099,0.0205772872557594,2.4227811219695856e-05,0.0002013441704905,257,5.9635235336794015,0.0589097290415995,2.4227811219695856e-05,11,False,False
RGM_0187645,2025-07-19 12:24:36.414681410,2025-07-19 12:24:36.464681410,2025-07-19 12:24:36.439681410,2025-07-19 12:24:36,2025-07-19 12:24:00,4,372,3372,ring51,ring,2.0,60.0,20.0,98.0,S2_ring_D2_X60_Y20_Z98,S2_20250719-122002.339681410+0800.h5,368;369;370;371;372;373;374;375;376,9,250,0.05,0.0179300386023074,0.0105238031962377,0.0203489660707272,1.6074314214011823e-05,0.0001307714814497,258,5.981453572281709,0.0589258033558135,1.6074314214011823e-05,11,False,False
RGM_0187667,2025-07-19 12:24:38.664681410,2025-07-19 12:24:38.764681410,2025-07-19 12:24:38.739681410,2025-07-19 12:24:38,2025-07-19 12:24:00,4,372,3372,ring51,ring,2.0,60.0,20.0,98.0,S2_ring_D2_X60_Y20_Z98,S2_20250719-122002.339681410+0800.h5,368;369;370;371;372;373;374;375;376,9,500,0.1,0.0212541510104427,0.0097744772887755,0.0252674061910124,4.517389351747064e-05,0.0003533936517459,259,6.002707723292152,0.058970977249331,4.517389351747064e-05,11,False,False
RGM_0187819,2025-07-19 12:24:54.339681410,2025-07-19 12:24:57.089681410,2025-07-19 12:24:55.739681410,2025-07-19 12:24:55,2025-07-19 12:24:00,4,372,3372,ring51,ring,2.0,60.0,20.0,98.0,S2_ring_D2_X60_Y20_Z98,S2_20250719-122002.339681410+0800.h5,368;369;370;371;372;373;374;375;376,9,13750,2.75,0.0191461919541323,0.0086853642987049,0.0229709425025385,0.0010080858324473,0.008088944082737,260,6.021853915246285,0.0599790630817783,0.0010080858324473,11,False,False
RGM_0187879,2025-07-19 12:24:58.589681410,2025-07-19 12:24:59.589681410,2025-07-19 12:24:59.539681410,2025-07-19 12:24:59,2025-07-19 12:24:00,4,372,3372,ring51,ring,2.0,60.0,20.0,98.0,S2_ring_D2_X60_Y20_Z98,S2_20250719-122002.339681410+0800.h5,368;369;370;371;372;373;374;375;376,9,5000,1.0,0.0236480043993697,0.0119851188721141,0.0265046749964702,0.0005592281120726,0.0041792101220548,261,6.045501919645655,0.0605382911938509,0.0005592281120726,11,False,False
RGM_0188052,2025-07-19 12:25:20.014681410,2025-07-19 12:25:20.439681410,2025-07-19 12:25:20.039681410,2025-07-19 12:25:20,2025-07-19 12:25:00,4,437,3437,ring55,ring,2.0,127.0,20.0,64.0,S2_ring_D2_X127_Y20_Z64,S2_20250719-122002.339681410+0800.h5,433;434;435;436;437;438;439;440;441,9,2125,0.425,0.0116511680402254,0.004534735069892,0.0134643201382802,5.769362959816813e-05,0.0004335508072778,262,6.05715308768588,0.0605959848234491,5.769362959816813e-05,40,False,False
RGM_0188338,2025-07-19 12:25:59.964681410,2025-07-19 12:26:00.014681410,2025-07-19 12:25:59.989681410,2025-07-19 12:25:59,2025-07-19 12:25:00,4,372,3372,ring51,ring,2.0,60.0,20.0,98.0,S2_ring_D2_X60_Y20_Z98,S2_20250719-122002.339681410+0800.h5,368;369;370;371;372;373;374;375;376,9,250,0.05,0.0177770842795623,0.0080737361688966,0.0209186977320539,1.58012362741332e-05,0.0001220327491777,263,6.074930171965443,0.0606117860597232,1.58012362741332e-05,11,False,False
RGM_0188483,2025-07-19 12:26:28.814681410,2025-07-19 12:26:28.864681410,2025-07-19 12:26:28.839681410,2025-07-19 12:26:28,2025-07-19 12:26:00,4,437,3437,ring55,ring,2.0,127.0,20.0,64.0,S2_ring_D2_X127_Y20_Z64,S2_20250719-122002.339681410+0800.h5,433;434;435;436;437;438;439;440;441,9,250,0.05,0.0177128722910207,0.0076222127513547,0.021471639905118,1.568729223990053e-05,0.0001289379446917,264,6.092643044256464,0.0606274733519631,1.568729223990053e-05,40,False,False
RGM_0188656,2025-07-19 12:27:04.464681410,2025-07-19 12:27:05.539681410,2025-07-19 12:27:05.164681410,2025-07-19 12:27:05,2025-07-19 12:27:00,4,372,3372,ring51,ring,2.0,60.0,20.0,98.0,S2_ring_D2_X60_Y20_Z98,S2_20250719-122002.339681410+0800.h5,368;369;370;371;372;373;374;375;376,9,5375,1.075,0.0160182125841104,0.0091539171729545,0.0182487408086684,0.0002758268694689,0.0022259099472439,265,6.108661256840574,0.0609033002214321,0.0002758268694689,11,False,False
RGM_0188730,2025-07-19 12:27:19.639681410,2025-07-19 12:27:19.689681410,2025-07-19 12:27:19.664681410,2025-07-19 12:27:19,2025-07-19 12:27:00,4,489,3489,ring58,ring,2.0,163.0,120.0,16.0,S2_ring_D2_X163_Y120_Z16,S2_20250719-122002.339681410+0800.h5,485;486;487;488;489;490;491;492;493,9,250,0.05,0.0210749747631242,0.0125572935542843,0.0241414872954192,2.2207728063316256e-05,0.0001846197308442,266,6.129736231603698,0.0609255079494954,2.2207728063316256e-05,58,False,False
RGM_0188752,2025-07-19 12:27:24.314681410,2025-07-19 12:27:24.439681410,2025-07-19 12:27:24.364681410,2025-07-19 12:27:24,2025-07-19 12:27:00,4,372,3372,ring51,ring,2.0,60.0,20.0,98.0,S2_ring_D2_X60_Y20_Z98,S2_20250719-122002.339681410+0800.h5,368;369;370;371;372;373;374;375;376,9,625,0.125,0.0188006596809488,0.0136913700632131,0.0213901640670353,4.418310055485709e-05,0.0003797127303138,267,6.148536891284647,0.0609696910500503,4.418310055485709e-05,11,False,False
RGM_0188785,2025-07-19 12:27:32.514681410,2025-07-19 12:27:32.564681410,2025-07-19 12:27:32.539681410,2025-07-19 12:27:32,2025-07-19 12:27:00,4,372,3372,ring51,ring,2.0,60.0,20.0,98.0,S2_ring_D2_X60_Y20_Z98,S2_20250719-122002.339681410+0800.h5,368;369;370;371;372;373;374;375;376,9,250,0.05,0.0202906558163627,0.0145714165041,0.0224936966989427,2.058553567290478e-05,0.0001703490113263,268,6.16882754710101,0.0609902765857232,2.058553567290478e-05,11,False,False
RGM_0188814,2025-07-19 12:27:37.389681410,2025-07-19 12:27:37.489681410,2025-07-19 12:27:37.414681410,2025-07-19 12:27:37,2025-07-19 12:27:00,4,437,3437,ring55,ring,2.0,127.0,20.0,64.0,S2_ring_D2_X127_Y20_Z64,S2_20250719-122002.339681410+0800.h5,433;434;435;436;437;438;439;440;441,9,500,0.1,0.0190528522345066,0.0056422867175463,0.020582920105827,3.630111782699461e-05,0.0002572079158124,269,6.1878803993355165,0.0610265777035502,3.630111782699461e-05,40,False,False
RGM_0188818,2025-07-19 12:27:37.614681410,2025-07-19 12:27:37.664681410,2025-07-19 12:27:37.639681410,2025-07-19 12:27:37,2025-07-19 12:27:00,4,489,3489,ring58,ring,2.0,163.0,120.0,16.0,S2_ring_D2_X163_Y120_Z16,S2_20250719-122002.339681410+0800.h5,485;486;487;488;489;490;491;492;493,9,250,0.05,0.015288723323566,0.00972455655341,0.0170416257303822,1.1687253043227634e-05,9.822920793450388e-05,270,6.203169122659083,0.0610382649565934,1.1687253043227634e-05,58,False,False
RGM_0188833,2025-07-19 12:27:38.939681410,2025-07-19 12:27:39.039681410,2025-07-19 12:27:39.014681410,2025-07-19 12:27:39,2025-07-19 12:27:00,4,372,3372,ring51,ring,2.0,60.0,20.0,98.0,S2_ring_D2_X60_Y20_Z98,S2_20250719-122002.339681410+0800.h5,368;369;370;371;372;373;374;375;376,9,500,0.1,0.0224929124804063,0.010446883985324,0.0259629248772451,5.0593111185121766e-05,0.0004076846275407,271,6.225662035139489,0.0610888580677786,5.0593111185121766e-05,11,False,False
RGM_0188892,2025-07-19 12:27:49.914681410,2025-07-19 12:27:49.964681410,2025-07-19 12:27:49.939681410,2025-07-19 12:27:49,2025-07-19 12:27:00,4,340,3340,ring49,ring,2.0,20.0,20.0,98.0,S2_ring_D2_X20_Y20_Z98,S2_20250719-122002.339681410+0800.h5,336;337;338;339;340;341;342;343;344,9,250,0.05,0.0188114090647233,0.0124046732653266,0.0210253897677463,1.7693455550017862e-05,0.0001470924539757,272,6.244473444204213,0.0611065515233286,1.7693455550017862e-05,0,False,False
RGM_0189000,2025-07-19 12:28:14.389681410,2025-07-19 12:28:14.764681410,2025-07-19 12:28:14.739681410,2025-07-19 12:28:14,2025-07-19 12:28:00,4,489,3489,ring58,ring,2.0,163.0,120.0,16.0,S2_ring_D2_X163_Y120_Z16,S2_20250719-122002.339681410+0800.h5,485;486;487;488;489;490;491;492;493,9,1875,0.375,0.0102025836139554,0.0045471895938616,0.0113809894814688,3.9034767149906845e-05,0.0003155965374206,273,6.254676027818168,0.0611455862904785,3.9034767149906845e-05,58,False,False
RGM_0189085,2025-07-19 12:28:34.064681410,2025-07-19 12:28:34.589681410,2025-07-19 12:28:34.089681410,2025-07-19 12:28:34,2025-07-19 12:28:00,4,437,3437,ring55,ring,2.0,127.0,20.0,64.0,S2_ring_D2_X127_Y20_Z64,S2_20250719-122002.339681410+0800.h5,433;434;435;436;437;438;439;440;441,9,2625,0.525,0.0140909808613899,0.0042631883991657,0.0160892722966785,0.0001042417643589,0.0007649866167033,274,6.268767008679558,0.0612498280548374,0.0001042417643589,40,False,False
RGM_0189107,2025-07-19 12:28:37.364681410,2025-07-19 12:28:37.739681410,2025-07-19 12:28:37.389681410,2025-07-19 12:28:37,2025-07-19 12:28:00,4,372,3372,ring51,ring,2.0,60.0,20.0,98.0,S2_ring_D2_X60_Y20_Z98,S2_20250719-122002.339681410+0800.h5,368;369;370;371;372;373;374;375;376,9,1875,0.375,0.0110984217847245,0.007903155475365,0.0124752068313988,4.619061229186816e-05,0.0003866258236403,275,6.279865430464283,0.0612960186671293,4.619061229186816e-05,11,False,False
RGM_0189314,2025-07-19 12:29:25.539681410,2025-07-19 12:29:25.789681410,2025-07-19 12:29:25.764681410,2025-07-19 12:29:25,2025-07-19 12:29:00,4,437,3437,ring55,ring,2.0,127.0,20.0,64.0,S2_ring_D2_X127_Y20_Z64,S2_20250719-122002.339681410+0800.h5,433;434;435;436;437;438;439;440;441,9,1250,0.25,0.0124245571453078,0.0038937440263484,0.0137495735036381,3.859240506425509e-05,0.0002867313162055,276,6.292289987609591,0.0613346110721935,3.859240506425509e-05,40,False,False
RGM_0189491,2025-07-19 12:29:56.639681410,2025-07-19 12:29:56.689681410,2025-07-19 12:29:56.664681410,2025-07-19 12:29:56,2025-07-19 12:29:00,4,372,3372,ring51,ring,2.0,60.0,20.0,98.0,S2_ring_D2_X60_Y20_Z98,S2_20250719-122002.339681410+0800.h5,368;369;370;371;372;373;374;375;376,9,250,0.05,0.0172488006389854,0.0141802126092223,0.0190750951798945,1.4876056174173231e-05,0.0001300444123291,277,6.3095387882485765,0.0613494871283677,1.4876056174173231e-05,11,False,False
RGM_0189580,2025-07-19 12:30:17.889834691,2025-07-19 12:30:18.189834691,2025-07-19 12:30:17.914834691,2025-07-19 12:30:17,2025-07-19 12:30:00,4,489,3489,ring58,ring,2.0,163.0,120.0,16.0,S2_ring_D2_X163_Y120_Z16,S2_20250719-123002.339834691+0800.h5,485;486;487;488;489;490;491;492;493,9,1500,0.3,0.0103374053774487,0.005801273232003,0.0124014073186695,3.205858498131203e-05,0.0002641896723879,278,6.319876193626025,0.061381545713349,3.205858498131203e-05,58,False,False
RGM_0189823,2025-07-19 12:31:07.714834691,2025-07-19 12:31:10.464834691,2025-07-19 12:31:10.364834691,2025-07-19 12:31:10,2025-07-19 12:31:00,4,372,3372,ring51,ring,2.0,60.0,20.0,98.0,S2_ring_D2_X60_Y20_Z98,S2_20250719-123002.339834691+0800.h5,368;369;370;371;372;373;374;375;376,9,13750,2.75,0.0173177152114351,0.013342624093633,0.0195760975948738,0.000824733965397,0.0071783167463037,279,6.3371939088374605,0.0622062796787461,0.000824733965397,11,False,False
RGM_0189897,2025-07-19 12:31:23.439834691,2025-07-19 12:31:24.614834691,2025-07-19 12:31:23.539834691,2025-07-19 12:31:23,2025-07-19 12:31:00,4,372,3372,ring51,ring,2.0,60.0,20.0,98.0,S2_ring_D2_X60_Y20_Z98,S2_20250719-123002.339834691+0800.h5,368;369;370;371;372;373;374;375;376,9,5875,1.175,0.0122457322544676,0.0104032678209162,0.013515717007957,0.0001762006011765,0.0015156960699846,280,6.349439641091928,0.0623824802799226,0.0001762006011765,11,False,False
RGM_0190108,2025-07-19 12:31:57.314834691,2025-07-19 12:31:57.364834691,2025-07-19 12:31:57.339834691,2025-07-19 12:31:57,2025-07-19 12:31:00,4,437,3437,ring55,ring,2.0,127.0,20.0,64.0,S2_ring_D2_X127_Y20_Z64,S2_20250719-123002.339834691+0800.h5,433;434;435;436;437;438;439;440;441,9,250,0.05,0.0217402382809232,0.0110850607195148,0.0247597564530037,2.363189802556611e-05,0.000187087525743,281,6.371179879372852,0.0624061121779482,2.363189802556611e-05,40,False,False
RGM_0190335,2025-07-19 12:32:40.139834691,2025-07-19 12:32:40.189834691,2025-07-19 12:32:40.164834691,2025-07-19 12:32:40,2025-07-19 12:32:00,4,372,3372,ring51,ring,2.0,60.0,20.0,98.0,S2_ring_D2_X60_Y20_Z98,S2_20250719-123002.339834691+0800.h5,368;369;370;371;372;373;374;375;376,9,250,0.05,0.0173746272554267,0.0147567322427372,0.0201359286051486,1.5093883613250856e-05,0.0001394594312489,282,6.388554506628278,0.0624212060615614,1.5093883613250856e-05,11,False,False
RGM_0190530,2025-07-19 12:33:08.189834691,2025-07-19 12:33:09.339834691,2025-07-19 12:33:08.214834691,2025-07-19 12:33:08,2025-07-19 12:33:00,4,372,3372,ring51,ring,2.0,60.0,20.0,98.0,S2_ring_D2_X60_Y20_Z98,S2_20250719-123002.339834691+0800.h5,368;369;370;371;372;373;374;375;376,9,5750,1.15,0.0122925410510522,0.010646720658756,0.0147623047252677,0.0001737725503155,0.0016049686235136,283,6.40084704767933,0.062594978611877,0.0001737725503155,11,False,False
RGM_0190908,2025-07-19 12:34:01.964834691,2025-07-19 12:34:02.014834691,2025-07-19 12:34:01.989834691,2025-07-19 12:34:01,2025-07-19 12:34:00,4,372,3372,ring51,ring,2.0,60.0,20.0,98.0,S2_ring_D2_X60_Y20_Z98,S2_20250719-123002.339834691+0800.h5,368;369;370;371;372;373;374;375;376,9,250,0.05,0.0176734654751498,0.015454268612578,0.0184990532720561,1.561756909506576e-05,0.0001328033925549,284,6.418520513154481,0.0626105961809721,1.561756909506576e-05,11,False,False
RGM_0190984,2025-07-19 12:34:12.764834691,2025-07-19 12:34:12.814834691,2025-07-19 12:34:12.789834691,2025-07-19 12:34:12,2025-07-19 12:34:00,4,372,3372,ring51,ring,2.0,60.0,20.0,98.0,S2_ring_D2_X60_Y20_Z98,S2_20250719-123002.339834691+0800.h5,368;369;370;371;372;373;374;375;376,9,250,0.05,0.0224599961602364,0.019649869349541,0.0237262618962135,2.522257137589184e-05,0.0002213169317954,285,6.440980509314717,0.062635818752348,2.522257137589184e-05,11,False,False
RGM_0191729,2025-07-19 12:36:13.364834691,2025-07-19 12:36:13.414834691,2025-07-19 12:36:13.389834691,2025-07-19 12:36:13,2025-07-19 12:36:00,4,413,3413,ring53andring54,line,2.0,95.0,40.0,98.0,S2_line_D2_X95_Y40_Z98,S2_20250719-123002.339834691+0800.h5,409;410;411;412;413;414;415;416;417,9,250,0.05,0.0206732723639672,0.0050303564798068,0.0257807519723418,2.136920951173869e-05,0.0001702855012649,286,6.4616537816786845,0.0626571879618597,2.136920951173869e-05,30,False,False
RGM_0191918,2025-07-19 12:36:46.039834691,2025-07-19 12:36:46.214834691,2025-07-19 12:36:46.114834691,2025-07-19 12:36:46,2025-07-19 12:36:00,4,79,3079,ring01,ring,80.0,150.0,121.6,20.0,S2_ring_D80_X150_Y121.6_Z20,S2_20250719-123002.339834691+0800.h5,79;80;81;82;83,5,875,0.175,0.0062438859996837,0.0040889792160148,0.0082584718188312,6.822569665983273e-06,3.582778128188312e-05,287,6.467897667678368,0.0626640105315257,6.822569665983273e-06,112,False,False
RGM_0192033,2025-07-19 12:37:02.214834691,2025-07-19 12:37:03.964834691,2025-07-19 12:37:03.939834691,2025-07-19 12:37:03,2025-07-19 12:37:00,4,372,3372,ring51,ring,2.0,60.0,20.0,98.0,S2_ring_D2_X60_Y20_Z98,S2_20250719-123002.339834691+0800.h5,368;369;370;371;372;373;374;375;376,9,8750,1.75,0.0099428122728681,0.0062990935534738,0.0177490551939296,0.0001730041528136,0.0020783369912496,288,6.477840479951237,0.0628370146843393,0.0001730041528136,11,False,False
RGM_0192054,2025-07-19 12:37:08.889834691,2025-07-19 12:37:09.364834691,2025-07-19 12:37:09.289834691,2025-07-19 12:37:09,2025-07-19 12:37:00,4,372,3372,ring51,ring,2.0,60.0,20.0,98.0,S2_ring_D2_X60_Y20_Z98,S2_20250719-123002.339834691+0800.h5,368;369;370;371;372;373;374;375;376,9,2375,0.475,0.0136101083940389,0.008218768184958,0.0189888912925585,8.798664898630715e-05,0.0008589270544281,289,6.491450588345275,0.0629250013333256,8.798664898630715e-05,11,False,False
RGM_0192233,2025-07-19 12:37:36.514834691,2025-07-19 12:37:36.639834691,2025-07-19 12:37:36.564834691,2025-07-19 12:37:36,2025-07-19 12:37:00,4,372,3372,ring51,ring,2.0,60.0,20.0,98.0,S2_ring_D2_X60_Y20_Z98,S2_20250719-123002.339834691+0800.h5,368;369;370;371;372;373;374;375;376,9,625,0.125,0.0209840352770878,0.0121489625194315,0.0275517671292066,5.504121706375852e-05,0.0005173453885164,290,6.512434623622363,0.0629800425503894,5.504121706375852e-05,11,False,False
RGM_0192281,2025-07-19 12:37:41.789834691,2025-07-19 12:37:41.839834691,2025-07-19 12:37:41.814834691,2025-07-19 12:37:41,2025-07-19 12:37:00,4,372,3372,ring51,ring,2.0,60.0,20.0,98.0,S2_ring_D2_X60_Y20_Z98,S2_20250719-123002.339834691+0800.h5,368;369;370;371;372;373;374;375;376,9,250,0.05,0.020628732915519,0.0119752001071088,0.0326696588183531,2.127723108499104e-05,0.0002316107469741,291,6.533063356537882,0.0630013197814744,2.127723108499104e-05,11,False,False
RGM_0192615,2025-07-19 12:38:41.489834691,2025-07-19 12:38:41.889834691,2025-07-19 12:38:41.539834691,2025-07-19 12:38:41,2025-07-19 12:38:00,4,372,3372,ring51,ring,2.0,60.0,20.0,98.0,S2_ring_D2_X60_Y20_Z98,S2_20250719-123002.339834691+0800.h5,368;369;370;371;372;373;374;375;376,9,2000,0.4,0.0115666706800933,0.0068714645513888,0.0186308451851715,5.351514824869276e-05,0.0005865917959783,292,6.544630027217975,0.0630548349297231,5.351514824869276e-05,11,False,False
RGM_0193074,2025-07-19 12:40:11.165004172,2025-07-19 12:40:11.215004172,2025-07-19 12:40:11.190004172,2025-07-19 12:40:11,2025-07-19 12:40:00,4,372,3372,ring51,ring,2.0,60.0,20.0,98.0,S2_ring_D2_X60_Y20_Z98,S2_20250719-124002.340004172+0800.h5,368;369;370;371;372;373;374;375;376,9,250,0.05,0.0173723322485083,0.0103929504127309,0.0182510533376662,1.508989638762811e-05,0.0001237511516804,293,6.562002359466484,0.0630699248261107,1.508989638762811e-05,11,False,False
RGM_0193111,2025-07-19 12:40:15.415004172,2025-07-19 12:40:15.465004172,2025-07-19 12:40:15.440004172,2025-07-19 12:40:15,2025-07-19 12:40:00,4,372,3372,ring51,ring,2.0,60.0,20.0,98.0,S2_ring_D2_X60_Y20_Z98,S2_20250719-124002.340004172+0800.h5,368;369;370;371;372;373;374;375;376,9,250,0.05,0.0186794628258071,0.010514329357912,0.0291092961092599,1.744611657303559e-05,0.0001870811778266,294,6.580681822292291,0.0630873709426837,1.744611657303559e-05,11,False,False
RGM_0193349,2025-07-19 12:40:57.165004172,2025-07-19 12:40:58.840004172,2025-07-19 12:40:57.440004172,2025-07-19 12:40:57,2025-07-19 12:40:00,4,443,3443,ring55,ring,2.0,127.0,20.0,64.0,S2_ring_D2_X127_Y20_Z64,S2_20250719-124002.340004172+0800.h5,439;440;441;442;443;444;445;446;447,9,8375,1.675,0.0220532226267436,0.0066216521366406,0.025221927590125,0.0008146272522764,0.006057541792376,295,6.602735044919035,0.0639019981949601,0.0008146272522764,40,False,False
RGM_0193365,2025-07-19 12:40:59.240004172,2025-07-19 12:40:59.290004172,2025-07-19 12:40:59.265004172,2025-07-19 12:40:59,2025-07-19 12:40:00,4,372,3372,ring51,ring,2.0,60.0,20.0,98.0,S2_ring_D2_X60_Y20_Z98,S2_20250719-124002.340004172+0800.h5,368;369;370;371;372;373;374;375;376,9,250,0.05,0.0171838400211579,0.0100848419988722,0.0288665832727673,1.476421789363754e-05,0.0001670536108284,296,6.619918884940192,0.0639167624128538,1.476421789363754e-05,11,False,False
RGM_0193468,2025-07-19 12:41:18.165004172,2025-07-19 12:41:18.940004172,2025-07-19 12:41:18.540004172,2025-07-19 12:41:18,2025-07-19 12:41:00,4,372,3372,ring51,ring,2.0,60.0,20.0,98.0,S2_ring_D2_X60_Y20_Z98,S2_20250719-124002.340004172+0800.h5,368;369;370;371;372;373;374;375;376,9,3875,0.775,0.0088278285006485,0.0057035000859684,0.019327974661453,6.039618092856891e-05,0.0008857295989364,297,6.628746713440841,0.0639771585937823,6.039618092856891e-05,11,False,False
RGM_0193562,2025-07-19 12:41:32.790004172,2025-07-19 12:41:33.465004172,2025-07-19 12:41:32.815004172,2025-07-19 12:41:32,2025-07-19 12:41:00,4,443,3443,ring55,ring,2.0,127.0,20.0,64.0,S2_ring_D2_X127_Y20_Z64,S2_20250719-124002.340004172+0800.h5,439;440;441;442;443;444;445;446;447,9,3375,0.675,0.0115677371828123,0.0050927160779356,0.0134564265278483,9.032346688316884e-05,0.0007703180753065,298,6.640314450623653,0.0640674820606655,9.032346688316884e-05,40,False,False
RGM_0193649,2025-07-19 12:41:47.215004172,2025-07-19 12:41:47.265004172,2025-07-19 12:41:47.240004172,2025-07-19 12:41:47,2025-07-19 12:41:00,4,372,3372,ring51,ring,2.0,60.0,20.0,98.0,S2_ring_D2_X60_Y20_Z98,S2_20250719-124002.340004172+0800.h5,368;369;370;371;372;373;374;375;376,9,250,0.05,0.0176241520831594,0.0114387922237915,0.0305758994640467,1.5530536832516688e-05,0.0001827961149962,299,6.657938602706812,0.064083012597498,1.5530536832516688e-05,11,False,False
RGM_0194059,2025-07-19 12:43:04.515004172,2025-07-19 12:43:04.565004172,2025-07-19 12:43:04.540004172,2025-07-19 12:43:04,2025-07-19 12:43:00,4,411,3411,ring53,ring,2.0,85.0,20.0,98.0,S2_ring_D2_X85_Y20_Z98,S2_20250719-124002.340004172+0800.h5,407;408;409;410;411;412;413;414;415,9,250,0.05,0.0287767568907871,0.0084787068351446,0.0320537510370406,4.14050868575732e-05,0.0002965355344793,300,6.686715359597599,0.0641244176843556,4.14050868575732e-05,23,False,False
RGM_0194131,2025-07-19 12:43:16.490004172,2025-07-19 12:43:16.540004172,2025-07-19 12:43:16.515004172,2025-07-19 12:43:16,2025-07-19 12:43:00,4,372,3372,ring51,ring,2.0,60.0,20.0,98.0,S2_ring_D2_X60_Y20_Z98,S2_20250719-124002.340004172+0800.h5,368;369;370;371;372;373;374;375;376,9,250,0.05,0.0237989484151676,0.0157232607023078,0.038169955459026,2.831949728339046e-05,0.0003245412788854,301,6.710514308012767,0.064152737181639,2.831949728339046e-05,11,False,False
RGM_0194397,2025-07-19 12:44:09.340004172,2025-07-19 12:44:10.140004172,2025-07-19 12:44:09.390004172,2025-07-19 12:44:09,2025-07-19 12:44:00,4,373,3373,ring51,ring,2.0,60.0,20.0,98.0,S2_ring_D2_X60_Y20_Z98,S2_20250719-124002.340004172+0800.h5,369;370;371;372;373;374;375;376;377,9,4000,0.8,0.008798664741657,0.0057348419524728,0.019253345190091,6.193320098886352e-05,0.0008347868081886,302,6.719312972754424,0.0642146703826278,6.193320098886352e-05,11,False,False
RGM_0194610,2025-07-19 12:44:44.190004172,2025-07-19 12:44:44.615004172,2025-07-19 12:44:44.490004172,2025-07-19 12:44:44,2025-07-19 12:44:00,4,489,3489,ring58,ring,2.0,163.0,120.0,16.0,S2_ring_D2_X163_Y120_Z16,S2_20250719-124002.340004172+0800.h5,485;486;487;488;489;490;491;492;493,9,2125,0.425,0.0087089534360031,0.007553647681539,0.0141555237697231,3.2234494728950105e-05,0.0003560920301745,303,6.728021926190428,0.0642469048773568,3.2234494728950105e-05,58,False,False
RGM_0194864,2025-07-19 12:45:08.940004172,2025-07-19 12:45:08.990004172,2025-07-19 12:45:08.965004172,2025-07-19 12:45:08,2025-07-19 12:45:00,4,79,3079,ring01,ring,80.0,150.0,121.6,20.0,S2_ring_D80_X150_Y121.6_Z20,S2_20250719-124002.340004172+0800.h5,79;80;81;82;83,5,250,0.05,0.0072547318427765,0.004456858975997,0.0092684667589152,2.6315567055297847e-06,1.287290444486352e-05,304,6.735276658033204,0.0642495364340623,2.6315567055297847e-06,112,False,False
RGM_0194984,2025-07-19 12:45:25.040004172,2025-07-19 12:45:25.640004172,2025-07-19 12:45:25.290004172,2025-07-19 12:45:25,2025-07-19 12:45:00,4,415,3415,ring53andring54,line,2.0,95.0,80.0,98.0,S2_line_D2_X95_Y80_Z98,S2_20250719-124002.340004172+0800.h5,411;412;413;414;415;416;417;418;419,9,3000,0.6,0.0085810359184173,0.004993989772648,0.0121150768040736,4.418050645990116e-05,0.000420616164684,305,6.743857693951621,0.0642937169405222,4.418050645990116e-05,32,False,False
RGM_0195211,2025-07-19 12:45:59.115004172,2025-07-19 12:45:59.165004172,2025-07-19 12:45:59.140004172,2025-07-19 12:45:59,2025-07-19 12:45:00,4,373,3373,ring51,ring,2.0,60.0,20.0,98.0,S2_ring_D2_X60_Y20_Z98,S2_20250719-124002.340004172+0800.h5,369;370;371;372;373;374;375;376;377,9,250,0.05,0.0154169209171122,0.0068245114872629,0.0240453017889216,1.1884072528224703e-05,0.0001160269803376,306,6.759274614868733,0.0643056010130505,1.1884072528224703e-05,11,False,False
RGM_0195382,2025-07-19 12:46:20.765004172,2025-07-19 12:46:20.815004172,2025-07-19 12:46:20.790004172,2025-07-19 12:46:20,2025-07-19 12:46:00,4,372,3372,ring51,ring,2.0,60.0,20.0,98.0,S2_ring_D2_X60_Y20_Z98,S2_20250719-124002.340004172+0800.h5,368;369;370;371;372;373;374;375;376,9,250,0.05,0.02087643807627,0.0117701718359151,0.0337586717531447,2.1791283337616826e-05,0.0002476998782492,307,6.780151052945003,0.0643273922963881,2.1791283337616826e-05,11,False,False
RGM_0195429,2025-07-19 12:46:26.165004172,2025-07-19 12:46:26.240004172,2025-07-19 12:46:26.215004172,2025-07-19 12:46:26,2025-07-19 12:46:00,4,373,3373,ring51,ring,2.0,60.0,20.0,98.0,S2_ring_D2_X60_Y20_Z98,S2_20250719-124002.340004172+0800.h5,369;370;371;372;373;374;375;376;377,9,375,0.075,0.0138590134428538,0.0057085326420156,0.0169377978787301,1.440541902069022e-05,0.0001154854926782,308,6.794010066387857,0.0643417977154088,1.440541902069022e-05,11,False,False
RGM_0195495,2025-07-19 12:46:29.690004172,2025-07-19 12:46:29.740004172,2025-07-19 12:46:29.715004172,2025-07-19 12:46:29,2025-07-19 12:46:00,4,374,3374,ring51,ring,2.0,60.0,20.0,98.0,S2_ring_D2_X60_Y20_Z98,S2_20250719-124002.340004172+0800.h5,370;371;372;373;374;375;376;377;378,9,250,0.05,0.0274515951655926,0.0089922875125282,0.0359121605197728,3.767950385677947e-05,0.0003029639232971,309,6.82146166155345,0.0643794772192655,3.767950385677947e-05,11,False,False
RGM_0195497,2025-07-19 12:46:29.665004172,2025-07-19 12:46:29.740004172,2025-07-19 12:46:29.715004172,2025-07-19 12:46:29,2025-07-19 12:46:00,4,373,3373,ring51,ring,2.0,60.0,20.0,98.0,S2_ring_D2_X60_Y20_Z98,S2_20250719-124002.340004172+0800.h5,369;370;371;372;373;374;375;376;377,9,375,0.075,0.023993453456756,0.0107291178705083,0.0328441784968164,4.317643565861379e-05,0.0003865843078565,310,6.845455115010205,0.0644226536549241,4.317643565861379e-05,11,False,False
RGM_0195498,2025-07-19 12:46:29.690004172,2025-07-19 12:46:29.790004172,2025-07-19 12:46:29.715004172,2025-07-19 12:46:29,2025-07-19 12:46:00,4,371,3371,ring51,ring,2.0,60.0,20.0,98.0,S2_ring_D2_X60_Y20_Z98,S2_20250719-124002.340004172+0800.h5,367;368;369;370;371;372;373;374;375,9,500,0.1,0.0250286398093978,0.0188534049469521,0.0311909678778539,6.264328107085732e-05,0.0006123367403578,311,6.870483754819603,0.064485296935995,6.264328107085732e-05,11,False,False
RGM_0195697,2025-07-19 12:46:58.265004172,2025-07-19 12:46:58.315004172,2025-07-19 12:46:58.290004172,2025-07-19 12:46:58,2025-07-19 12:46:00,4,372,3372,ring51,ring,2.0,60.0,20.0,98.0,S2_ring_D2_X60_Y20_Z98,S2_20250719-124002.340004172+0800.h5,368;369;370;371;372;373;374;375;376,9,250,0.05,0.0175675323908393,0.0087285015205501,0.0316715451308035,1.5430909715159502e-05,0.0001952151456622,312,6.888051287210443,0.0645007278457102,1.5430909715159502e-05,11,False,False
RGM_0195698,2025-07-19 12:46:58.340004172,2025-07-19 12:46:58.390004172,2025-07-19 12:46:58.365004172,2025-07-19 12:46:58,2025-07-19 12:46:00,4,373,3373,ring51,ring,2.0,60.0,20.0,98.0,S2_ring_D2_X60_Y20_Z98,S2_20250719-124002.340004172+0800.h5,369;370;371;372;373;374;375;376;377,9,250,0.05,0.0135837523813596,0.0052242690122235,0.0160344562150384,9.225916437904697e-06,7.065813123804868e-05,313,6.9016350395918025,0.0645099537621481,9.225916437904697e-06,11,False,False
RGM_0195719,2025-07-19 12:47:01.090004172,2025-07-19 12:47:01.140004172,2025-07-19 12:47:01.115004172,2025-07-19 12:47:01,2025-07-19 12:47:00,4,373,3373,ring51,ring,2.0,60.0,20.0,98.0,S2_ring_D2_X60_Y20_Z98,S2_20250719-124002.340004172+0800.h5,369;370;371;372;373;374;375;376;377,9,250,0.05,0.0158010020577662,0.0058913494730727,0.0161293042045157,1.2483583301476733e-05,9.02188254732614e-05,314,6.917436041649569,0.0645224373454495,1.2483583301476733e-05,11,False,False
RGM_0195823,2025-07-19 12:47:16.040004172,2025-07-19 12:47:16.465004172,2025-07-19 12:47:16.440004172,2025-07-19 12:47:16,2025-07-19 12:47:00,4,372,3372,ring51,ring,2.0,60.0,20.0,98.0,S2_ring_D2_X60_Y20_Z98,S2_20250719-124002.340004172+0800.h5,368;369;370;371;372;373;374;375;376,9,2125,0.425,0.0110821260101853,0.0058550812474086,0.0203213683186907,5.2195744684891454e-05,0.0006558493699864,315,6.928518167659754,0.0645746330901344,5.2195744684891454e-05,11,False,False
RGM_0196145,2025-07-19 12:48:04.790004172,2025-07-19 12:48:04.840004172,2025-07-19 12:48:04.815004172,2025-07-19 12:48:04,2025-07-19 12:48:00,4,79,3079,ring01,ring,80.0,150.0,121.6,20.0,S2_ring_D80_X150_Y121.6_Z20,S2_20250719-124002.340004172+0800.h5,79;80;81;82;83,5,250,0.05,0.0081636154047314,0.0042020569795502,0.014456918399197,3.332230823818469e-06,2.2707448640108684e-05,316,6.936681783064485,0.0645779653209582,3.332230823818469e-06,112,False,False
RGM_0196573,2025-07-19 12:49:04.415004172,2025-07-19 12:49:04.490004172,2025-07-19 12:49:04.465004172,2025-07-19 12:49:04,2025-07-19 12:49:00,4,372,3372,ring51,ring,2.0,60.0,20.0,98.0,S2_ring_D2_X60_Y20_Z98,S2_20250719-124002.340004172+0800.h5,368;369;370;371;372;373;374;375;376,9,375,0.075,0.016310611952441,0.0111980082427836,0.0265063310351901,1.9952704669733563e-05,0.0002199657671728,317,6.952992395016927,0.064597918025628,1.9952704669733563e-05,11,False,False
RGM_0196686,2025-07-19 12:49:17.015004172,2025-07-19 12:49:17.090004172,2025-07-19 12:49:17.065004172,2025-07-19 12:49:17,2025-07-19 12:49:00,4,372,3372,ring51,ring,2.0,60.0,20.0,98.0,S2_ring_D2_X60_Y20_Z98,S2_20250719-124002.340004172+0800.h5,368;369;370;371;372;373;374;375;376,9,375,0.075,0.0202264905224757,0.0133719145632289,0.0276413792295167,3.068331891418502e-05,0.0002930491513592,318,6.973218885539403,0.0646286013445422,3.068331891418502e-05,11,False,False
RGM_0196740,2025-07-19 12:49:23.565004172,2025-07-19 12:49:23.790004172,2025-07-19 12:49:23.615004172,2025-07-19 12:49:23,2025-07-19 12:49:00,4,336,3336,andring49,line,2.0,20.0,20.0,98.0,S2_line_D2_X20_Y20_Z98,S2_20250719-124002.340004172+0800.h5,332;333;334;335;336;337;338;339;340,9,1125,0.225,0.029769209333157,0.0112356326548893,0.040459256873916,0.0001993963104722,0.0017606449454822,319,7.00298809487256,0.0648279976550144,0.0001993963104722,0,False,False
RGM_0196772,2025-07-19 12:49:27.540004172,2025-07-19 12:49:27.965004172,2025-07-19 12:49:27.565004172,2025-07-19 12:49:27,2025-07-19 12:49:00,4,372,3372,ring51,ring,2.0,60.0,20.0,98.0,S2_ring_D2_X60_Y20_Z98,S2_20250719-124002.340004172+0800.h5,368;369;370;371;372;373;374;375;376,9,2125,0.425,0.0101037316737387,0.0073916178265987,0.019013752300331,4.33862923373375e-05,0.0005441111501356,320,7.013091826546298,0.0648713839473518,4.33862923373375e-05,11,False,False
RGM_0196976,2025-07-19 12:49:52.190004172,2025-07-19 12:49:52.240004172,2025-07-19 12:49:52.215004172,2025-07-19 12:49:52,2025-07-19 12:49:00,4,437,3437,ring55,ring,2.0,127.0,20.0,64.0,S2_ring_D2_X127_Y20_Z64,S2_20250719-124002.340004172+0800.h5,433;434;435;436;437;438;439;440;441,9,250,0.05,0.0207789012076797,0.0103795583230045,0.0242320464467612,2.158813676992572e-05,0.000183890995965,321,7.033870727753978,0.0648929720841217,2.158813676992572e-05,40,False,False
RGM_0197176,2025-07-19 12:50:14.740169862,2025-07-19 12:50:14.890169862,2025-07-19 12:50:14.865169862,2025-07-19 12:50:14,2025-07-19 12:50:00,4,79,3079,ring01,ring,80.0,150.0,121.6,20.0,S2_ring_D80_X150_Y121.6_Z20,S2_20250719-125002.340169862+0800.h5,79;80;81;82;83,5,750,0.15,0.0057881776333097,0.0027551725107137,0.0089337905874211,5.025450047212059e-06,2.895664684876628e-05,322,7.039658905387288,0.0648979975341689,5.025450047212059e-06,112,False,False
RGM_0197369,2025-07-19 12:50:38.615169862,2025-07-19 12:50:38.690169862,2025-07-19 12:50:38.640169862,2025-07-19 12:50:38,2025-07-19 12:50:00,4,373,3373,ring51,ring,2.0,60.0,20.0,98.0,S2_ring_D2_X60_Y20_Z98,S2_20250719-125002.340169862+0800.h5,369;370;371;372;373;374;375;376;377,9,375,0.075,0.0140340909555491,0.0094920660860847,0.018751929552523,1.4771678171147074e-05,0.0001315210409803,323,7.053692996342837,0.0649127692123401,1.4771678171147074e-05,11,False,False
RGM_0197374,2025-07-19 12:50:39.315169862,2025-07-19 12:50:39.365169862,2025-07-19 12:50:39.340169862,2025-07-19 12:50:39,2025-07-19 12:50:00,4,373,3373,ring51,ring,2.0,60.0,20.0,98.0,S2_ring_D2_X60_Y20_Z98,S2_20250719-125002.340169862+0800.h5,369;370;371;372;373;374;375;376;377,9,250,0.05,0.0166542273257081,0.0110516865519963,0.0245747666075418,1.3868164390818265e-05,0.0001327686974218,324,7.070347223668546,0.0649266373767309,1.3868164390818265e-05,11,False,False
RGM_0197539,2025-07-19 12:51:03.365169862,2025-07-19 12:51:03.440169862,2025-07-19 12:51:03.390169862,2025-07-19 12:51:03,2025-07-19 12:51:00,4,373,3373,ring51,ring,2.0,60.0,20.0,98.0,S2_ring_D2_X60_Y20_Z98,S2_20250719-125002.340169862+0800.h5,369;370;371;372;373;374;375;376;377,9,375,0.075,0.0177453643084357,0.0127613015316564,0.0214227284216019,2.361734658293292e-05,0.0002045828515777,325,7.088092587976981,0.0649502547233138,2.361734658293292e-05,11,False,False
RGM_0197541,2025-07-19 12:51:02.940169862,2025-07-19 12:51:04.065169862,2025-07-19 12:51:03.465169862,2025-07-19 12:51:03,2025-07-19 12:51:00,4,440,3440,ring55,ring,2.0,127.0,20.0,64.0,S2_ring_D2_X127_Y20_Z64,S2_20250719-125002.340169862+0800.h5,436;437;438;439;440;441;442;443;444,9,5625,1.125,0.0138059116314884,0.0042079241692884,0.0151873434627371,0.0002144285954735,0.0014994606361195,326,7.1018984996084695,0.0651646833187873,0.0002144285954735,40,False,False
RGM_0197721,2025-07-19 12:51:32.465169862,2025-07-19 12:51:32.515169862,2025-07-19 12:51:32.490169862,2025-07-19 12:51:32,2025-07-19 12:51:00,4,440,3440,ring55,ring,2.0,127.0,20.0,64.0,S2_ring_D2_X127_Y20_Z64,S2_20250719-125002.340169862+0800.h5,436;437;438;439;440;441;442;443;444,9,250,0.05,0.0224318025677014,0.0061986969315839,0.0266963182565587,2.515928832181683e-05,0.0001991102002188,327,7.124330302176171,0.0651898426071092,2.515928832181683e-05,40,False,False
RGM_0197934,2025-07-19 12:52:10.790169862,2025-07-19 12:52:10.840169862,2025-07-19 12:52:10.815169862,2025-07-19 12:52:10,2025-07-19 12:52:00,4,336,3336,andring49,line,2.0,20.0,20.0,98.0,S2_line_D2_X20_Y20_Z98,S2_20250719-125002.340169862+0800.h5,332;333;334;335;336;337;338;339;340,9,250,0.05,0.0404245263813778,0.0115671764392933,0.0593330959580905,8.170711665793584e-05,0.0007695858928713,328,7.164754828557549,0.0652715497237671,8.170711665793584e-05,0,False,False
RGM_0198152,2025-07-19 12:52:44.890169862,2025-07-19 12:52:44.940169862,2025-07-19 12:52:44.915169862,2025-07-19 12:52:44,2025-07-19 12:52:00,4,437,3437,ring55,ring,2.0,127.0,20.0,64.0,S2_ring_D2_X127_Y20_Z64,S2_20250719-125002.340169862+0800.h5,433;434;435;436;437;438;439;440;441,9,250,0.05,0.0217607186629037,0.0098529827227348,0.0256792017210996,2.3676443836302463e-05,0.0001917259980699,329,7.186515547220453,0.0652952261676034,2.3676443836302463e-05,40,False,False
RGM_0198216,2025-07-19 12:52:55.890169862,2025-07-19 12:52:56.290169862,2025-07-19 12:52:55.915169862,2025-07-19 12:52:55,2025-07-19 12:52:00,4,372,3372,ring51,ring,2.0,60.0,20.0,98.0,S2_ring_D2_X60_Y20_Z98,S2_20250719-125002.340169862+0800.h5,368;369;370;371;372;373;374;375;376,9,2000,0.4,0.011183647774072,0.0079016835505044,0.0135899525183932,5.0029591013803e-05,0.0004363743128281,330,7.197699194994525,0.0653452557586172,5.0029591013803e-05,11,False,False
RGM_0198233,2025-07-19 12:52:58.315169862,2025-07-19 12:52:58.390169862,2025-07-19 12:52:58.365169862,2025-07-19 12:52:58,2025-07-19 12:52:00,4,372,3372,ring51,ring,2.0,60.0,20.0,98.0,S2_ring_D2_X60_Y20_Z98,S2_20250719-125002.340169862+0800.h5,368;369;370;371;372;373;374;375;376,9,375,0.075,0.0154373519371693,0.0105172001995084,0.0197694922884913,1.7873387612402085e-05,0.0001639585609881,331,7.213136546931694,0.0653631291462296,1.7873387612402085e-05,11,False,False
RGM_0198264,2025-07-19 12:53:02.540169862,2025-07-19 12:53:02.615169862,2025-07-19 12:53:02.590169862,2025-07-19 12:53:02,2025-07-19 12:53:00,4,373,3373,ring51,ring,2.0,60.0,20.0,98.0,S2_ring_D2_X60_Y20_Z98,S2_20250719-125002.340169862+0800.h5,369;370;371;372;373;374;375;376;377,9,375,0.075,0.0141652152350534,0.0074308231597427,0.0155661850286388,1.5048999199154214e-05,0.0001168226644392,332,7.227301762166747,0.0653781781454288,1.5048999199154214e-05,11,False,False
RGM_0198312,2025-07-19 12:53:09.315169862,2025-07-19 12:53:09.365169862,2025-07-19 12:53:09.340169862,2025-07-19 12:53:09,2025-07-19 12:53:00,4,489,3489,ring58,ring,2.0,163.0,120.0,16.0,S2_ring_D2_X163_Y120_Z16,S2_20250719-125002.340169862+0800.h5,485;486;487;488;489;490;491;492;493,9,250,0.05,0.0145490746849445,0.007339741647781,0.0157008858576731,1.0583778709404696e-05,8.239655587951241e-05,333,7.241850836851691,0.0653887619241382,1.0583778709404696e-05,58,False,False
RGM_0198342,2025-07-19 12:53:14.640169862,2025-07-19 12:53:15.040169862,2025-07-19 12:53:14.990169862,2025-07-19 12:53:14,2025-07-19 12:53:00,4,373,3373,ring51,ring,2.0,60.0,20.0,98.0,S2_ring_D2_X60_Y20_Z98,S2_20250719-125002.340169862+0800.h5,369;370;371;372;373;374;375;376;377,9,2000,0.4,0.0111243473432869,0.0058585994539104,0.0124360354023733,4.95004415256381e-05,0.0003879584941473,334,7.252975184194978,0.0654382623656638,4.95004415256381e-05,11,False,False
RGM_0198400,2025-07-19 12:53:24.665169862,2025-07-19 12:53:24.790169862,2025-07-19 12:53:24.740169862,2025-07-19 12:53:24,2025-07-19 12:53:00,4,373,3373,ring51,ring,2.0,60.0,20.0,98.0,S2_ring_D2_X60_Y20_Z98,S2_20250719-125002.340169862+0800.h5,369;370;371;372;373;374;375;376;377,9,625,0.125,0.0230591785632795,0.0127606513805556,0.0252212366456949,6.646571450165165e-05,0.0005512835851493,335,7.276034362758258,0.0655047280801655,6.646571450165165e-05,11,False,False
RGM_0198402,2025-07-19 12:53:24.740169862,2025-07-19 12:53:24.790169862,2025-07-19 12:53:24.765169862,2025-07-19 12:53:24,2025-07-19 12:53:00,4,372,3372,ring51,ring,2.0,60.0,20.0,98.0,S2_ring_D2_X60_Y20_Z98,S2_20250719-125002.340169862+0800.h5,368;369;370;371;372;373;374;375;376,9,250,0.05,0.036087367053131,0.0278858097318482,0.0396209429309363,6.511490304137027e-05,0.0005735595403104,336,7.312121729811389,0.0655698429832068,6.511490304137027e-05,11,False,False
RGM_0198403,2025-07-19 12:53:24.740169862,2025-07-19 12:53:25.140169862,2025-07-19 12:53:24.790169862,2025-07-19 12:53:24,2025-07-19 12:53:00,4,375,3375,ring51,ring,2.0,60.0,20.0,98.0,S2_ring_D2_X60_Y20_Z98,S2_20250719-125002.340169862+0800.h5,371;372;373;374;375;376;377;378;379,9,2000,0.4,0.0141573217567489,0.0065676169969427,0.0164985256717118,8.017190372964738e-05,0.0006167714097618,337,7.326279051568139,0.0656500148869365,8.017190372964738e-05,11,False,False
RGM_0198409,2025-07-19 12:53:25.090169862,2025-07-19 12:53:25.840169862,2025-07-19 12:53:25.115169862,2025-07-19 12:53:25,2025-07-19 12:53:00,4,372,3372,ring51,ring,2.0,60.0,20.0,98.0,S2_ring_D2_X60_Y20_Z98,S2_20250719-125002.340169862+0800.h5,368;369;370;371;372;373;374;375;376,9,3750,0.75,0.0101342322928135,0.0069213817539986,0.0128520227948935,7.702699812352916e-05,0.0006937878759583,338,7.336413283860952,0.06572704188506,7.702699812352916e-05,11,False,False
RGM_0198634,2025-07-19 12:54:02.490169862,2025-07-19 12:54:02.540169862,2025-07-19 12:54:02.515169862,2025-07-19 12:54:02,2025-07-19 12:54:00,4,440,3440,ring55,ring,2.0,127.0,20.0,64.0,S2_ring_D2_X127_Y20_Z64,S2_20250719-125002.340169862+0800.h5,436;437;438;439;440;441;442;443;444,9,250,0.05,0.0177513211643788,0.0112354137871805,0.0202512401104846,1.575547015404626e-05,0.000135310595531,339,7.354164605025331,0.0657427973552141,1.575547015404626e-05,40,False,False
RGM_0198935,2025-07-19 12:54:41.140169862,2025-07-19 12:54:41.215169862,2025-07-19 12:54:41.165169862,2025-07-19 12:54:41,2025-07-19 12:54:00,4,373,3373,ring51,ring,2.0,60.0,20.0,98.0,S2_ring_D2_X60_Y20_Z98,S2_20250719-125002.340169862+0800.h5,369;370;371;372;373;374;375;376;377,9,375,0.075,0.0186571425884836,0.0079896908645711,0.0209044959850715,2.610667271752588e-05,0.0002022272117022,340,7.3728217476138145,0.0657689040279316,2.610667271752588e-05,11,False,False
RGM_0199294,2025-07-19 12:55:38.565169862,2025-07-19 12:55:38.615169862,2025-07-19 12:55:38.590169862,2025-07-19 12:55:38,2025-07-19 12:55:00,4,437,3437,ring55,ring,2.0,127.0,20.0,64.0,S2_ring_D2_X127_Y20_Z64,S2_20250719-125002.340169862+0800.h5,433;434;435;436;437;438;439;440;441,9,250,0.05,0.0195078540653236,0.0129368116931474,0.021673902217919,1.9027818511698197e-05,0.0001556312121875,341,7.392329601679138,0.0657879318464433,1.9027818511698197e-05,40,False,False
RGM_0199308,2025-07-19 12:55:40.290169862,2025-07-19 12:55:40.340169862,2025-07-19 12:55:40.315169862,2025-07-19 12:55:40,2025-07-19 12:55:00,4,79,3079,ring01,ring,80.0,150.0,121.6,20.0,S2_ring_D80_X150_Y121.6_Z20,S2_20250719-125002.340169862+0800.h5,79;80;81;82;83,5,250,0.05,0.0079473732447393,0.0051765782348088,0.0097476218578033,3.158037074559967e-06,1.5418784995062284e-05,342,7.400276974923877,0.0657910898835179,3.158037074559967e-06,112,False,False
RGM_0199464,2025-07-19 12:56:05.040169862,2025-07-19 12:56:05.090169862,2025-07-19 12:56:05.065169862,2025-07-19 12:56:05,2025-07-19 12:56:00,4,489,3489,ring58,ring,2.0,163.0,120.0,16.0,S2_ring_D2_X163_Y120_Z16,S2_20250719-125002.340169862+0800.h5,485;486;487;488;489;490;491;492;493,9,250,0.05,0.0140950995338174,0.0054157936928944,0.0213289540726201,9.933591543411102e-06,9.993756863220858e-05,343,7.414372074457695,0.0658010234750613,9.933591543411102e-06,58,False,False
RGM_0199505,2025-07-19 12:56:12.515169862,2025-07-19 12:56:12.565169862,2025-07-19 12:56:12.540169862,2025-07-19 12:56:12,2025-07-19 12:56:00,4,372,3372,ring51,ring,2.0,60.0,20.0,98.0,S2_ring_D2_X60_Y20_Z98,S2_20250719-125002.340169862+0800.h5,368;369;370;371;372;373;374;375;376,9,250,0.05,0.0205917538331882,0.0102501304319564,0.0223825460864731,2.12010162963312e-05,0.0001641497393262,344,7.434963828290884,0.0658222244913576,2.12010162963312e-05,11,False,False
RGM_0200027,2025-07-19 12:57:15.090169862,2025-07-19 12:57:15.140169862,2025-07-19 12:57:15.115169862,2025-07-19 12:57:15,2025-07-19 12:57:00,4,489,3489,ring58,ring,2.0,163.0,120.0,16.0,S2_ring_D2_X163_Y120_Z16,S2_20250719-125002.340169862+0800.h5,485;486;487;488;489;490;491;492;493,9,250,0.05,0.0142412886719156,0.0056949556100841,0.0181103284119133,1.0140715151841717e-05,8.763156072721196e-05,345,7.449205116962799,0.0658323652065095,1.0140715151841717e-05,58,False,False
RGM_0200049,2025-07-19 12:57:18.440169862,2025-07-19 12:57:18.765169862,2025-07-19 12:57:18.490169862,2025-07-19 12:57:18,2025-07-19 12:57:00,4,416,3416,ring53andring54,line,2.0,95.0,100.0,98.0,S2_line_D2_X95_Y100_Z98,S2_20250719-125002.340169862+0800.h5,412;413;414;415;416;417;418;419;420,9,1625,0.325,0.0109253590432434,0.0051581545877377,0.0207044527613181,3.879312782272898e-05,0.0005216230910243,346,7.460130476006043,0.0658711583343322,3.879312782272898e-05,33,False,False
RGM_0200188,2025-07-19 12:57:33.015169862,2025-07-19 12:57:33.065169862,2025-07-19 12:57:33.040169862,2025-07-19 12:57:33,2025-07-19 12:57:00,4,373,3373,ring51,ring,2.0,60.0,20.0,98.0,S2_ring_D2_X60_Y20_Z98,S2_20250719-125002.340169862+0800.h5,369;370;371;372;373;374;375;376;377,9,250,0.05,0.0274706465010516,0.0114625293336545,0.0301276182360125,3.773182095928695e-05,0.0002838204423295,347,7.487601122507095,0.0659088901552915,3.773182095928695e-05,11,False,False
RGM_0200258,2025-07-19 12:57:37.790169862,2025-07-19 12:57:37.890169862,2025-07-19 12:57:37.815169862,2025-07-19 12:57:37,2025-07-19 12:57:00,4,372,3372,ring51,ring,2.0,60.0,20.0,98.0,S2_ring_D2_X60_Y20_Z98,S2_20250719-125002.340169862+0800.h5,368;369;370;371;372;373;374;375;376,9,500,0.1,0.0245920908534924,0.0126937868715798,0.026690656306263,6.047709325464244e-05,0.0004601987934234,348,7.512193213360587,0.0659693672485461,6.047709325464244e-05,11,False,False
RGM_0200280,2025-07-19 12:57:40.215169862,2025-07-19 12:57:40.265169862,2025-07-19 12:57:40.240169862,2025-07-19 12:57:40,2025-07-19 12:57:00,4,372,3372,ring51,ring,2.0,60.0,20.0,98.0,S2_ring_D2_X60_Y20_Z98,S2_20250719-125002.340169862+0800.h5,368;369;370;371;372;373;374;375;376,9,250,0.05,0.0186893609397808,0.0101039371803285,0.0203111605043468,1.7464610616870358e-05,0.0001381505400029,349,7.530882574300367,0.065986831859163,1.7464610616870358e-05,11,False,False
RGM_0200341,2025-07-19 12:57:45.140169862,2025-07-19 12:57:45.215169862,2025-07-19 12:57:45.190169862,2025-07-19 12:57:45,2025-07-19 12:57:00,4,372,3372,ring51,ring,2.0,60.0,20.0,98.0,S2_ring_D2_X60_Y20_Z98,S2_20250719-125002.340169862+0800.h5,368;369;370;371;372;373;374;375;376,9,375,0.075,0.0187203222554762,0.0099814624091198,0.0198960733057084,2.6283784901165912e-05,0.0002023327410061,350,7.549602896555844,0.0660131156440641,2.6283784901165912e-05,11,False,False
RGM_0200369,2025-07-19 12:57:49.165169862,2025-07-19 12:57:49.215169862,2025-07-19 12:57:49.190169862,2025-07-19 12:57:49,2025-07-19 12:57:00,4,372,3372,ring51,ring,2.0,60.0,20.0,98.0,S2_ring_D2_X60_Y20_Z98,S2_20250719-125002.340169862+0800.h5,368;369;370;371;372;373;374;375;376,9,250,0.05,0.0305650156588602,0.0155596325739849,0.0333555308745558,4.671100911131852e-05,0.0003568164089705,351,7.580167912214704,0.0660598266531755,4.671100911131852e-05,11,False,False
RGM_0200585,2025-07-19 12:58:03.840169862,2025-07-19 12:58:03.890169862,2025-07-19 12:58:03.865169862,2025-07-19 12:58:03,2025-07-19 12:58:00,4,372,3372,ring51,ring,2.0,60.0,20.0,98.0,S2_ring_D2_X60_Y20_Z98,S2_20250719-125002.340169862+0800.h5,368;369;370;371;372;373;374;375;376,9,250,0.05,0.0733763203116759,0.0428798543755013,0.0817202455327953,0.000269204219124,0.0022366885523149,352,7.65354423252638,0.0663290308722995,0.000269204219124,11,False,False
RGM_0200586,2025-07-19 12:58:03.840169862,2025-07-19 12:58:03.890169862,2025-07-19 12:58:03.865169862,2025-07-19 12:58:03,2025-07-19 12:58:00,4,373,3373,ring51,ring,2.0,60.0,20.0,98.0,S2_ring_D2_X60_Y20_Z98,S2_20250719-125002.340169862+0800.h5,369;370;371;372;373;374;375;376;377,9,250,0.05,0.0733763203116759,0.0329455364245888,0.0817202455327953,0.000269204219124,0.0020528661194801,353,7.726920552838055,0.0665982350914236,0.000269204219124,11,False,False
RGM_0200610,2025-07-19 12:58:06.915169862,2025-07-19 12:58:06.965169862,2025-07-19 12:58:06.940169862,2025-07-19 12:58:06,2025-07-19 12:58:00,4,373,3373,ring51,ring,2.0,60.0,20.0,98.0,S2_ring_D2_X60_Y20_Z98,S2_20250719-125002.340169862+0800.h5,369;370;371;372;373;374;375;376;377,9,250,0.05,0.0184043308980244,0.0083589089658633,0.0201617162190566,1.6935969790198914e-05,0.0001278171717389,354,7.74532488373608,0.0666151710612138,1.6935969790198914e-05,11,False,False
RGM_0200662,2025-07-19 12:58:09.065169862,2025-07-19 12:58:09.115169862,2025-07-19 12:58:09.090169862,2025-07-19 12:58:09,2025-07-19 12:58:00,4,372,3372,ring51,ring,2.0,60.0,20.0,98.0,S2_ring_D2_X60_Y20_Z98,S2_20250719-125002.340169862+0800.h5,368;369;370;371;372;373;374;375;376,9,250,0.05,0.0181949085253281,0.0093789119814552,0.0203850881002658,1.655273481225289e-05,0.0001333876720824,355,7.763519792261408,0.0666317237960261,1.655273481225289e-05,11,False,False
RGM_0200755,2025-07-19 12:58:20.465169862,2025-07-19 12:58:20.965169862,2025-07-19 12:58:20.815169862,2025-07-19 12:58:20,2025-07-19 12:58:00,4,373,3373,ring51,ring,2.0,60.0,20.0,98.0,S2_ring_D2_X60_Y20_Z98,S2_20250719-125002.340169862+0800.h5,369;370;371;372;373;374;375;376;377,9,2500,0.5,0.0213469330104128,0.010803490608981,0.0236451951765175,0.0002278457744755,0.0017855797750551,356,7.784866725271821,0.0668595695705016,0.0002278457744755,11,False,False
RGM_0200756,2025-07-19 12:58:20.765169862,2025-07-19 12:58:20.990169862,2025-07-19 12:58:20.840169862,2025-07-19 12:58:20,2025-07-19 12:58:00,4,372,3372,ring51,ring,2.0,60.0,20.0,98.0,S2_ring_D2_X60_Y20_Z98,S2_20250719-125002.340169862+0800.h5,368;369;370;371;372;373;374;375;376,9,1125,0.225,0.0136044764350541,0.008022239669047,0.0156671773707803,4.164340029118735e-05,0.0003475637630422,357,7.798471201706875,0.0669012129707928,4.164340029118735e-05,11,False,False
RGM_0200823,2025-07-19 12:58:21.440169862,2025-07-19 12:58:22.890169862,2025-07-19 12:58:22.865169862,2025-07-19 12:58:22,2025-07-19 12:58:00,4,415,3415,ring53andring54,line,2.0,95.0,80.0,98.0,S2_line_D2_X95_Y80_Z98,S2_20250719-125002.340169862+0800.h5,411;412;413;414;415;416;417;418;419,9,7250,1.45,0.0077182710048616,0.0051979117765138,0.0109024145252115,8.637897559150703e-05,0.0008230219407055,358,7.806189472711737,0.0669875919463843,8.637897559150703e-05,32,False,False
RGM_0201000,2025-07-19 12:58:38.190169862,2025-07-19 12:58:38.265169862,2025-07-19 12:58:38.240169862,2025-07-19 12:58:38,2025-07-19 12:58:00,4,372,3372,ring51,ring,2.0,60.0,20.0,98.0,S2_ring_D2_X60_Y20_Z98,S2_20250719-125002.340169862+0800.h5,368;369;370;371;372;373;374;375;376,9,375,0.075,0.0235641001747052,0.0119247043010021,0.0262374478998232,4.164501127826573e-05,0.0003282492635766,359,7.829753572886442,0.0670292369576626,4.164501127826573e-05,11,False,False
RGM_0201044,2025-07-19 12:58:42.215169862,2025-07-19 12:58:42.315169862,2025-07-19 12:58:42.265169862,2025-07-19 12:58:42,2025-07-19 12:58:00,4,373,3373,ring51,ring,2.0,60.0,20.0,98.0,S2_ring_D2_X60_Y20_Z98,S2_20250719-125002.340169862+0800.h5,369;370;371;372;373;374;375;376;377,9,500,0.1,0.0157382887853652,0.0073157943721352,0.019220597959944,2.4769373389155332e-05,0.0002076256369637,360,7.845491861671808,0.0670540063310517,2.4769373389155332e-05,11,False,False
RGM_0201158,2025-07-19 12:58:51.440169862,2025-07-19 12:58:51.640169862,2025-07-19 12:58:51.490169862,2025-07-19 12:58:51,2025-07-19 12:58:00,4,372,3372,ring51,ring,2.0,60.0,20.0,98.0,S2_ring_D2_X60_Y20_Z98,S2_20250719-125002.340169862+0800.h5,368;369;370;371;372;373;374;375;376,9,1000,0.2,0.0143149642476014,0.0077696508500664,0.0156707280534418,4.098364028202133e-05,0.000315163815339,361,7.859806825919409,0.0670949899713338,4.098364028202133e-05,11,False,False
RGM_0201218,2025-07-19 12:58:53.840169862,2025-07-19 12:58:54.340169862,2025-07-19 12:58:54.165169862,2025-07-19 12:58:54,2025-07-19 12:58:00,4,372,3372,ring51,ring,2.0,60.0,20.0,98.0,S2_ring_D2_X60_Y20_Z98,S2_20250719-125002.340169862+0800.h5,368;369;370;371;372;373;374;375;376,9,2500,0.5,0.0162992475865968,0.0080471089617493,0.017395128523281,0.0001328327359445,0.0009718029235985,362,7.876106073506006,0.0672278227072784,0.0001328327359445,11,False,False
RGM_0201276,2025-07-19 12:58:59.315169862,2025-07-19 12:58:59.365169862,2025-07-19 12:58:59.340169862,2025-07-19 12:58:59,2025-07-19 12:58:00,4,371,3371,ring51,ring,2.0,60.0,20.0,98.0,S2_ring_D2_X60_Y20_Z98,S2_20250719-125002.340169862+0800.h5,367;368;369;370;371;372;373;374;375,9,250,0.05,0.0172912859507187,0.0083871796039738,0.0203307687675535,1.4949428491476102e-05,0.000118032843079,363,7.893397359456724,0.0672427721357698,1.4949428491476102e-05,11,False,False
RGM_0201281,2025-07-19 12:58:58.840169862,2025-07-19 12:59:00.840169862,2025-07-19 12:58:59.965169862,2025-07-19 12:58:59,2025-07-19 12:58:00,4,371,3371,ring51,ring,2.0,60.0,20.0,98.0,S2_ring_D2_X60_Y20_Z98,S2_20250719-125002.340169862+0800.h5,367;368;369;370;371;372;373;374;375,9,10000,2.0,0.0307914143844058,0.0223502270534623,0.0366632943115124,0.0018962223995843,0.0173048060146748,364,7.92418877384113,0.0691389945353542,0.0018962223995843,11,False,False
RGM_0201284,2025-07-19 12:58:59.840169862,2025-07-19 12:59:00.840169862,2025-07-19 12:59:00.265169862,2025-07-19 12:59:00,2025-07-19 12:59:00,4,371,3371,ring51,ring,2.0,60.0,20.0,98.0,S2_ring_D2_X60_Y20_Z98,S2_20250719-125002.340169862+0800.h5,367;368;369;370;371;372;373;374;375,9,5000,1.0,0.0425708793095768,0.0275416249701495,0.0500945762107971,0.0018122797651905,0.0155484381322095,365,7.966759653150706,0.0709512743005448,0.0018122797651905,11,False,False
RGM_0201398,2025-07-19 12:59:02.890169862,2025-07-19 12:59:02.965169862,2025-07-19 12:59:02.940169862,2025-07-19 12:59:02,2025-07-19 12:59:00,4,372,3372,ring51,ring,2.0,60.0,20.0,98.0,S2_ring_D2_X60_Y20_Z98,S2_20250719-125002.340169862+0800.h5,368;369;370;371;372;373;374;375;376,9,375,0.075,0.0177442119486206,0.00739968860241,0.0201486039513432,2.361427932581785e-05,0.0001781247893431,366,7.984503865099327,0.0709748885798706,2.361427932581785e-05,11,False,False
RGM_0201430,2025-07-19 12:59:05.940169862,2025-07-19 12:59:06.290169862,2025-07-19 12:59:06.265169862,2025-07-19 12:59:06,2025-07-19 12:59:00,4,371,3371,ring51,ring,2.0,60.0,20.0,98.0,S2_ring_D2_X60_Y20_Z98,S2_20250719-125002.340169862+0800.h5,367;368;369;370;371;372;373;374;375,9,1750,0.35,0.013967518174349,0.0066707884811392,0.0166537750376376,6.828204738276996e-05,0.0005410821358537,367,7.998471383273676,0.0710431706272534,6.828204738276996e-05,11,False,False
RGM_0201501,2025-07-19 12:59:13.815169862,2025-07-19 12:59:13.865169862,2025-07-19 12:59:13.840169862,2025-07-19 12:59:13,2025-07-19 12:59:00,4,433,3433,ring55,ring,2.0,127.0,20.0,64.0,S2_ring_D2_X127_Y20_Z64,S2_20250719-125002.340169862+0800.h5,429;430;431;432;433;434;435;436;437,9,250,0.05,0.0168099604872081,0.0141677798570223,0.0215244664670191,1.412873857907504e-05,0.0001321844095468,368,8.015281343760885,0.0710572993658325,1.412873857907504e-05,40,False,False
RGM_0202006,2025-07-19 12:59:37.340169862,2025-07-19 12:59:37.765169862,2025-07-19 12:59:37.640169862,2025-07-19 12:59:37,2025-07-19 12:59:00,4,371,3371,ring51,ring,2.0,60.0,20.0,98.0,S2_ring_D2_X60_Y20_Z98,S2_20250719-125002.340169862+0800.h5,367;368;369;370;371;372;373;374;375,9,2125,0.425,0.012087884065512,0.0069073120408666,0.014635532620596,6.209970000203587e-05,0.0005065310804603,369,8.027369227826396,0.0711193990658345,6.209970000203587e-05,11,False,False
RGM_0202125,2025-07-19 12:59:42.540169862,2025-07-19 12:59:42.590169862,2025-07-19 12:59:42.565169862,2025-07-19 12:59:42,2025-07-19 12:59:00,4,373,3373,ring51,ring,2.0,60.0,20.0,98.0,S2_ring_D2_X60_Y20_Z98,S2_20250719-125002.340169862+0800.h5,369;370;371;372;373;374;375;376;377,9,250,0.05,0.0182787199652886,0.0122396212930492,0.0214075304664458,1.670558017847217e-05,0.0001507242180012,370,8.045647947791684,0.071136104646013,1.670558017847217e-05,11,False,False
RGM_0202261,2025-07-19 12:59:55.640169862,2025-07-19 12:59:55.765169862,2025-07-19 12:59:55.665169862,2025-07-19 12:59:55,2025-07-19 12:59:00,4,373,3373,ring51,ring,2.0,60.0,20.0,98.0,S2_ring_D2_X60_Y20_Z98,S2_20250719-125002.340169862+0800.h5,369;370;371;372;373;374;375;376;377,9,625,0.125,0.0189044420565926,0.0130270469667014,0.0208084423353209,4.467224118388361e-05,0.0003666514974488,371,8.064552389848277,0.0711807768871968,4.467224118388361e-05,11,False,False
RGM_0202329,2025-07-19 13:00:00.940169862,2025-07-19 13:00:01.615169862,2025-07-19 13:00:00.965169862,2025-07-19 13:00:00,2025-07-19 13:00:00,4,373,3373,ring51,ring,2.0,60.0,20.0,98.0,S2_ring_D2_X60_Y20_Z98,S2_20250719-125002.340169862+0800.h5,369;370;371;372;373;374;375;376;377,9,3375,0.675,0.0093916848722511,0.0065361762735221,0.0102184531413017,5.9537527699277385e-05,0.0004877716054487,372,8.073944074720528,0.0712403144148961,5.9537527699277385e-05,11,False,False
RGM_0202334,2025-07-19 13:00:01.715169862,2025-07-19 13:00:01.790169862,2025-07-19 13:00:01.740169862,2025-07-19 13:00:01,2025-07-19 13:00:00,4,343,3343,ring49,ring,2.0,20.0,20.0,98.0,S2_ring_D2_X20_Y20_Z98,S2_20250719-125002.340169862+0800.h5,339;340;341;342;343;344;345;346;347,9,375,0.075,0.0211741683842989,0.0114048676863978,0.0230299301873355,3.362590550749849e-05,0.0002585447184547,373,8.095118243104826,0.0712739403204036,3.362590550749849e-05,0,False,False
RGM_0202362,2025-07-19 13:00:04.337967819,2025-07-19 13:00:04.437967819,2025-07-19 13:00:04.412967819,2025-07-19 13:00:04,2025-07-19 13:00:00,4,79,3079,ring01,ring,80.0,150.0,121.6,20.0,S2_ring_D80_X150_Y121.6_Z20,S2_20250719-130002.362967819+0800.h5,79;80;81;82;83,5,500,0.1,0.0085508211907043,0.0058561743757088,0.0120774418640222,7.311654303539858e-06,4.114951217764205e-05,374,8.10366906429553,0.0712812519747072,7.311654303539858e-06,112,False,False
RGM_0202594,2025-07-19 13:00:26.787967819,2025-07-19 13:00:27.012967819,2025-07-19 13:00:26.937967819,2025-07-19 13:00:26,2025-07-19 13:00:00,4,440,3440,ring55,ring,2.0,127.0,20.0,64.0,S2_ring_D2_X127_Y20_Z64,S2_20250719-130002.362967819+0800.h5,436;437;438;439;440;441;442;443;444,9,1125,0.225,0.0149189251753918,0.007899346795176,0.0185869164291973,5.007922388751143e-05,0.0004357177154005,375,8.118587989470923,0.0713313311985947,5.007922388751143e-05,40,False,False
RGM_0202597,2025-07-19 13:00:27.162967819,2025-07-19 13:00:27.212967819,2025-07-19 13:00:27.187967819,2025-07-19 13:00:27,2025-07-19 13:00:00,4,440,3440,ring55,ring,2.0,127.0,20.0,64.0,S2_ring_D2_X127_Y20_Z64,S2_20250719-130002.362967819+0800.h5,436;437;438;439;440;441;442;443;444,9,250,0.05,0.0210831402761508,0.0086738344780932,0.0264975237380977,2.2224940195192604e-05,0.0001874970304679,376,8.139671129747073,0.0713535561387899,2.2224940195192604e-05,40,False,False
RGM_0202598,2025-07-19 13:00:27.112967819,2025-07-19 13:00:27.212967819,2025-07-19 13:00:27.187967819,2025-07-19 13:00:27,2025-07-19 13:00:00,4,433,3433,ring55,ring,2.0,127.0,20.0,64.0,S2_ring_D2_X127_Y20_Z64,S2_20250719-130002.362967819+0800.h5,429;430;431;432;433;434;435;436;437,9,500,0.1,0.0210161262535739,0.01284313074128,0.0249751789910468,4.416775627061581e-05,0.0003701091383263,377,8.160687256000648,0.0713977238950605,4.416775627061581e-05,40,False,False
RGM_0202601,2025-07-19 13:00:27.262967819,2025-07-19 13:00:27.312967819,2025-07-19 13:00:27.287967819,2025-07-19 13:00:27,2025-07-19 13:00:00,4,440,3440,ring55,ring,2.0,127.0,20.0,64.0,S2_ring_D2_X127_Y20_Z64,S2_20250719-130002.362967819+0800.h5,436;437;438;439;440;441;442;443;444,9,250,0.05,0.0187828972837394,0.009492009139617,0.0233174811250157,1.7639861518575285e-05,0.0001510574428656,378,8.179470153284386,0.071415363756579,1.7639861518575285e-05,40,False,False
RGM_0202634,2025-07-19 13:00:29.787967819,2025-07-19 13:00:29.837967819,2025-07-19 13:00:29.812967819,2025-07-19 13:00:29,2025-07-19 13:00:00,4,437,3437,ring55,ring,2.0,127.0,20.0,64.0,S2_ring_D2_X127_Y20_Z64,S2_20250719-130002.362967819+0800.h5,433;434;435;436;437;438;439;440;441,9,250,0.05,0.0156374643606104,0.0091642247701598,0.017488852531142,1.2226514581468156e-05,9.848538032995044e-05,379,8.195107617644997,0.0714275902711605,1.2226514581468156e-05,40,False,False
RGM_0202736,2025-07-19 13:00:39.512967819,2025-07-19 13:00:39.562967819,2025-07-19 13:00:39.537967819,2025-07-19 13:00:39,2025-07-19 13:00:00,4,371,3371,ring51,ring,2.0,60.0,20.0,98.0,S2_ring_D2_X60_Y20_Z98,S2_20250719-130002.362967819+0800.h5,367;368;369;370;371;372;373;374;375,9,250,0.05,0.0199949844577633,0.0072338801979945,0.0297972089891873,1.998997017330996e-05,0.0001842650842516,380,8.21510260210276,0.0714475802413338,1.998997017330996e-05,11,False,False
RGM_0202738,2025-07-19 13:00:39.762967819,2025-07-19 13:00:40.162967819,2025-07-19 13:00:39.787967819,2025-07-19 13:00:39,2025-07-19 13:00:00,4,372,3372,ring51,ring,2.0,60.0,20.0,98.0,S2_ring_D2_X60_Y20_Z98,S2_20250719-130002.362967819+0800.h5,368;369;370;371;372;373;374;375;376,9,2000,0.4,0.0138890403875298,0.0057358750279896,0.0250169654685131,7.716217715457374e-05,0.0008200177633818,381,8.228991642490291,0.0715247424184884,7.716217715457374e-05,11,False,False
RGM_0202823,2025-07-19 13:00:42.237967819,2025-07-19 13:00:42.287967819,2025-07-19 13:00:42.262967819,2025-07-19 13:00:42,2025-07-19 13:00:00,4,372,3372,ring51,ring,2.0,60.0,20.0,98.0,S2_ring_D2_X60_Y20_Z98,S2_20250719-130002.362967819+0800.h5,368;369;370;371;372;373;374;375;376,9,250,0.05,0.0327726371878706,0.0165709735727781,0.0440550738986147,5.370228741239026e-05,0.0004625747868905,382,8.261764279678161,0.0715784447059008,5.370228741239026e-05,11,False,False
RGM_0203316,2025-07-19 13:01:14.687967819,2025-07-19 13:01:14.737967819,2025-07-19 13:01:14.712967819,2025-07-19 13:01:14,2025-07-19 13:01:00,4,441,3441,ring55,ring,2.0,127.0,20.0,64.0,S2_ring_D2_X127_Y20_Z64,S2_20250719-130002.362967819+0800.h5,437;438;439;440;441;442;443;444;445,9,250,0.05,0.0284719847714283,0.0097137822588683,0.0363469446484294,4.053269584122234e-05,0.0003293077148008,383,8.29023626444959,0.071618977401742,4.053269584122234e-05,40,False,False
RGM_0203318,2025-07-19 13:01:14.687967819,2025-07-19 13:01:14.737967819,2025-07-19 13:01:14.712967819,2025-07-19 13:01:14,2025-07-19 13:01:00,4,442,3442,ring55,ring,2.0,127.0,20.0,64.0,S2_ring_D2_X127_Y20_Z64,S2_20250719-130002.362967819+0800.h5,438;439;440;441;442;443;444;445;446,9,250,0.05,0.0229719643290661,0.0088093426811728,0.0363469446484294,2.6385557256794375e-05,0.000284398014497,384,8.313208228778656,0.0716453629589988,2.6385557256794375e-05,40,False,False
RGM_0203458,2025-07-19 13:01:21.537967819,2025-07-19 13:01:22.287967819,2025-07-19 13:01:21.562967819,2025-07-19 13:01:21,2025-07-19 13:01:00,4,373,3373,ring51,ring,2.0,60.0,20.0,98.0,S2_ring_D2_X60_Y20_Z98,S2_20250719-130002.362967819+0800.h5,369;370;371;372;373;374;375;376;377,9,3750,0.75,0.0100235080017828,0.009063161982783,0.0147725690840382,7.535303449635425e-05,0.0008195940580176,385,8.32323173678044,0.0717207159934952,7.535303449635425e-05,11,False,False
RGM_0203635,2025-07-19 13:01:36.912967819,2025-07-19 13:01:37.237967819,2025-07-19 13:01:36.937967819,2025-07-19 13:01:36,2025-07-19 13:01:00,4,489,3489,ring58,ring,2.0,163.0,120.0,16.0,S2_ring_D2_X163_Y120_Z16,S2_20250719-130002.362967819+0800.h5,485;486;487;488;489;490;491;492;493,9,1625,0.325,0.0089884646824218,0.0051590567248213,0.0099651749975578,2.6257561637822342e-05,0.0002103194199842,386,8.332220201462862,0.071746973555133,2.6257561637822342e-05,58,False,False
RGM_0203658,2025-07-19 13:01:39.262967819,2025-07-19 13:01:39.312967819,2025-07-19 13:01:39.287967819,2025-07-19 13:01:39,2025-07-19 13:01:00,4,343,3343,ring49,ring,2.0,20.0,20.0,98.0,S2_ring_D2_X20_Y20_Z98,S2_20250719-130002.362967819+0800.h5,339;340;341;342;343;344;345;346;347,9,250,0.05,0.0222256472711458,0.0091125513598784,0.0246571027162918,2.4698969831069544e-05,0.0001886624234357,387,8.354445848734008,0.0717716725249641,2.4698969831069544e-05,0,False,False
RGM_0203965,2025-07-19 13:02:01.287967819,2025-07-19 13:02:01.337967819,2025-07-19 13:02:01.312967819,2025-07-19 13:02:01,2025-07-19 13:02:00,4,440,3440,ring55,ring,2.0,127.0,20.0,64.0,S2_ring_D2_X127_Y20_Z64,S2_20250719-130002.362967819+0800.h5,436;437;438;439;440;441;442;443;444,9,250,0.05,0.0175350858679943,0.0072951142732076,0.0224712079961908,1.5373961819896704e-05,0.0001374693485478,388,8.371980934602002,0.071787046486784,1.5373961819896704e-05,40,False,False
RGM_0204023,2025-07-19 13:02:02.937967819,2025-07-19 13:02:03.312967819,2025-07-19 13:02:02.987967819,2025-07-19 13:02:02,2025-07-19 13:02:00,4,373,3373,ring51,ring,2.0,60.0,20.0,98.0,S2_ring_D2_X60_Y20_Z98,S2_20250719-130002.362967819+0800.h5,369;370;371;372;373;374;375;376;377,9,1875,0.375,0.0105360492840285,0.0078604578796632,0.0148303962654376,4.1628125443304434e-05,0.0004134453377142,389,8.382516983886031,0.0718286746122273,4.1628125443304434e-05,11,False,False
RGM_0204273,2025-07-19 13:02:17.812967819,2025-07-19 13:02:17.887967819,2025-07-19 13:02:17.837967819,2025-07-19 13:02:17,2025-07-19 13:02:00,4,373,3373,ring51,ring,2.0,60.0,20.0,98.0,S2_ring_D2_X60_Y20_Z98,S2_20250719-130002.362967819+0800.h5,369;370;371;372;373;374;375;376;377,9,375,0.075,0.0175252929389119,0.0148594872985497,0.0240889797904618,2.30351919446008e-05,0.0002314212708218,390,8.400042276824943,0.0718517098041719,2.30351919446008e-05,11,False,False
RGM_0204281,2025-07-19 13:02:17.887967819,2025-07-19 13:02:18.812967819,2025-07-19 13:02:18.762967819,2025-07-19 13:02:18,2025-07-19 13:02:00,4,415,3415,ring53andring54,line,2.0,95.0,80.0,98.0,S2_line_D2_X95_Y80_Z98,S2_20250719-130002.362967819+0800.h5,411;412;413;414;415;416;417;418;419,9,4625,0.925,0.010261888243708,0.0056636483281848,0.0120126931133501,9.74083740518765e-05,0.000778439762984,391,8.41030416506865,0.0719491181782237,9.74083740518765e-05,32,False,False
RGM_0204282,2025-07-19 13:02:18.712967819,2025-07-19 13:02:18.912967819,2025-07-19 13:02:18.762967819,2025-07-19 13:02:18,2025-07-19 13:02:00,4,416,3416,ring53andring54,line,2.0,95.0,100.0,98.0,S2_line_D2_X95_Y100_Z98,S2_20250719-130002.362967819+0800.h5,412;413;414;415;416;417;418;419;420,9,1000,0.2,0.0125894002878827,0.005839183907442,0.0183008424977333,3.169859992170847e-05,0.0003128636177775,392,8.422893565356533,0.0719808167781455,3.169859992170847e-05,33,False,False
RGM_0205058,2025-07-19 13:02:54.862967819,2025-07-19 13:02:55.112967819,2025-07-19 13:02:54.987967819,2025-07-19 13:02:54,2025-07-19 13:02:00,4,414,3414,ring53andring54,line,2.0,95.0,60.0,98.0,S2_line_D2_X95_Y60_Z98,S2_20250719-130002.362967819+0800.h5,410;411;412;413;414;415;416;417;418,9,1250,0.25,0.018283622656641,0.0049636430776449,0.025227555554161,8.357271436260987e-05,0.0007319581793666,393,8.441177188013175,0.0720643894925081,8.357271436260987e-05,31,False,False
RGM_0205065,2025-07-19 13:02:55.562967819,2025-07-19 13:02:55.612967819,2025-07-19 13:02:55.587967819,2025-07-19 13:02:55,2025-07-19 13:02:00,4,373,3373,ring51,ring,2.0,60.0,20.0,98.0,S2_ring_D2_X60_Y20_Z98,S2_20250719-130002.362967819+0800.h5,369;370;371;372;373;374;375;376;377,9,250,0.05,0.0150654648724327,0.0113409821166882,0.0159675775726333,1.1348411591125322e-05,9.495948420712504e-05,394,8.456242652885607,0.0720757379040992,1.1348411591125322e-05,11,False,False
RGM_0205680,2025-07-19 13:03:25.312967819,2025-07-19 13:03:25.387967819,2025-07-19 13:03:25.337967819,2025-07-19 13:03:25,2025-07-19 13:03:00,4,373,3373,ring51,ring,2.0,60.0,20.0,98.0,S2_ring_D2_X60_Y20_Z98,S2_20250719-130002.362967819+0800.h5,369;370;371;372;373;374;375;376;377,9,375,0.075,0.01211903022218,0.0086361425936599,0.0213049699519417,1.101531701445859e-05,0.000125491234696,395,8.468361683107787,0.0720867532211137,1.101531701445859e-05,11,False,False
RGM_0205712,2025-07-19 13:03:26.412967819,2025-07-19 13:03:26.612967819,2025-07-19 13:03:26.462967819,2025-07-19 13:03:26,2025-07-19 13:03:00,4,414,3414,ring53andring54,line,2.0,95.0,60.0,98.0,S2_line_D2_X95_Y60_Z98,S2_20250719-130002.362967819+0800.h5,410;411;412;413;414;415;416;417;418,9,1000,0.2,0.018874893027534,0.005594484525778,0.0232827312013828,7.125231736017036e-05,0.0005607950090301,396,8.487236576135322,0.0721580055384738,7.125231736017036e-05,31,False,False
RGM_0205758,2025-07-19 13:03:27.412967819,2025-07-19 13:03:27.462967819,2025-07-19 13:03:27.437967819,2025-07-19 13:03:27,2025-07-19 13:03:00,4,373,3373,ring51,ring,2.0,60.0,20.0,98.0,S2_ring_D2_X60_Y20_Z98,S2_20250719-130002.362967819+0800.h5,369;370;371;372;373;374;375;376;377,9,250,0.05,0.013833785665864,0.0101307626842037,0.0242787662112169,9.568681292453246e-06,0.0001103250379016,397,8.501070361801187,0.0721675742197663,9.568681292453246e-06,11,False,False
RGM_0206233,2025-07-19 13:03:50.962967819,2025-07-19 13:03:51.012967819,2025-07-19 13:03:50.987967819,2025-07-19 13:03:50,2025-07-19 13:03:00,4,440,3440,ring55,ring,2.0,127.0,20.0,64.0,S2_ring_D2_X127_Y20_Z64,S2_20250719-130002.362967819+0800.h5,436;437;438;439;440;441;442;443;444,9,250,0.05,0.0212727760405446,0.0086768430352478,0.0265909841890423,2.2626550023558603e-05,0.0001844394828376,398,8.522343137841732,0.0721902007697898,2.2626550023558603e-05,40,False,False
RGM_0206246,2025-07-19 13:03:51.487967819,2025-07-19 13:03:51.537967819,2025-07-19 13:03:51.512967819,2025-07-19 13:03:51,2025-07-19 13:03:00,4,440,3440,ring55,ring,2.0,127.0,20.0,64.0,S2_ring_D2_X127_Y20_Z64,S2_20250719-130002.362967819+0800.h5,436;437;438;439;440;441;442;443;444,9,250,0.05,0.0199979658733018,0.0073515499748664,0.0249082068811986,1.999593195348717e-05,0.0001597323002259,399,8.542341103715033,0.0722101967017433,1.999593195348717e-05,40,False,False
RGM_0206251,2025-07-19 13:03:51.662967819,2025-07-19 13:03:51.862967819,2025-07-19 13:03:51.737967819,2025-07-19 13:03:51,2025-07-19 13:03:00,4,373,3373,ring51,ring,2.0,60.0,20.0,98.0,S2_ring_D2_X60_Y20_Z98,S2_20250719-130002.362967819+0800.h5,369;370;371;372;373;374;375;376;377,9,1000,0.2,0.0130181616211894,0.0086480037177843,0.0282922025081525,3.389450639908206e-05,0.0005450325498116,400,8.555359265336223,0.0722440912081424,3.389450639908206e-05,11,False,False
RGM_0206275,2025-07-19 13:03:53.912967819,2025-07-19 13:03:53.962967819,2025-07-19 13:03:53.937967819,2025-07-19 13:03:53,2025-07-19 13:03:00,4,440,3440,ring55,ring,2.0,127.0,20.0,64.0,S2_ring_D2_X127_Y20_Z64,S2_20250719-130002.362967819+0800.h5,436;437;438;439;440;441;442;443;444,9,250,0.05,0.0207410669893095,0.0083947176518982,0.0250936731879222,2.150959299275124e-05,0.0001667819052195,401,8.576100332325533,0.0722656008011352,2.150959299275124e-05,40,False,False
RGM_0206279,2025-07-19 13:03:53.612967819,2025-07-19 13:03:54.862967819,2025-07-19 13:03:54.187967819,2025-07-19 13:03:54,2025-07-19 13:03:00,4,371,3371,ring51,ring,2.0,60.0,20.0,98.0,S2_ring_D2_X60_Y20_Z98,S2_20250719-130002.362967819+0800.h5,367;368;369;370;371;372;373;374;375,9,6250,1.25,0.0152959049646024,0.0074443892740701,0.02504274033049,0.0002924558858576,0.0031790194150457,402,8.591396237290136,0.0725580566869928,0.0002924558858576,11,False,False
RGM_0206623,2025-07-19 13:04:14.737967819,2025-07-19 13:04:14.837967819,2025-07-19 13:04:14.787967819,2025-07-19 13:04:14,2025-07-19 13:04:00,4,440,3440,ring55,ring,2.0,127.0,20.0,64.0,S2_ring_D2_X127_Y20_Z64,S2_20250719-130002.362967819+0800.h5,436;437;438;439;440;441;442;443;444,9,500,0.1,0.0235280937216192,0.0109912652800909,0.027020079197615,5.53571194173301e-05,0.0004379488512839,403,8.614924331011755,0.0726134138064102,5.53571194173301e-05,40,False,False
RGM_0206625,2025-07-19 13:04:14.762967819,2025-07-19 13:04:14.812967819,2025-07-19 13:04:14.787967819,2025-07-19 13:04:14,2025-07-19 13:04:00,4,441,3441,ring55,ring,2.0,127.0,20.0,64.0,S2_ring_D2_X127_Y20_Z64,S2_20250719-130002.362967819+0800.h5,437;438;439;440;441;442;443;444;445,9,250,0.05,0.0295024674944763,0.0123240210505855,0.0362015084588921,4.351977941313174e-05,0.0003443147068496,404,8.644426798506231,0.0726569335858233,4.351977941313174e-05,40,False,False
RGM_0206628,2025-07-19 13:04:14.762967819,2025-07-19 13:04:14.862967819,2025-07-19 13:04:14.787967819,2025-07-19 13:04:14,2025-07-19 13:04:00,4,437,3437,ring55,ring,2.0,127.0,20.0,64.0,S2_ring_D2_X127_Y20_Z64,S2_20250719-130002.362967819+0800.h5,433;434;435;436;437;438;439;440;441,9,500,0.1,0.0242837170440975,0.0100066189613696,0.0279437286440131,5.896989134777932e-05,0.0004706540796576,405,8.668710515550329,0.0727159034771711,5.896989134777932e-05,40,False,False
RGM_0207027,2025-07-19 13:04:43.187967819,2025-07-19 13:04:43.262967819,2025-07-19 13:04:43.212967819,2025-07-19 13:04:43,2025-07-19 13:04:00,4,440,3440,ring55,ring,2.0,127.0,20.0,64.0,S2_ring_D2_X127_Y20_Z64,S2_20250719-130002.362967819+0800.h5,436;437;438;439;440;441;442;443;444,9,375,0.075,0.0170592813984832,0.0073726090868187,0.0200505412464484,2.182643113744763e-05,0.0001646585136925,406,8.685769796948811,0.0727377299083085,2.182643113744763e-05,40,False,False
RGM_0207315,2025-07-19 13:05:16.162967819,2025-07-19 13:05:16.562967819,2025-07-19 13:05:16.537967819,2025-07-19 13:05:16,2025-07-19 13:05:00,4,437,3437,ring55,ring,2.0,127.0,20.0,64.0,S2_ring_D2_X127_Y20_Z64,S2_20250719-130002.362967819+0800.h5,433;434;435;436;437;438;439;440;441,9,2000,0.4,0.0154959265756085,0.0084961319778263,0.0187976754630496,9.604949617466104e-05,0.0008568468953332,407,8.70126572352442,0.0728337794044832,9.604949617466104e-05,40,False,False
RGM_0207626,2025-07-19 13:05:55.687967819,2025-07-19 13:05:57.762967819,2025-07-19 13:05:55.712967819,2025-07-19 13:05:55,2025-07-19 13:05:00,4,372,3372,ring51,ring,2.0,60.0,20.0,98.0,S2_ring_D2_X60_Y20_Z98,S2_20250719-130002.362967819+0800.h5,368;369;370;371;372;373;374;375;376,9,10375,2.075,0.0141377451439271,0.0062867776517894,0.0150983869818986,0.0004147423633408,0.0029885050645556,408,8.715403468668347,0.0732485217678241,0.0004147423633408,11,False,False
RGM_0207770,2025-07-19 13:06:19.137967819,2025-07-19 13:06:19.187967819,2025-07-19 13:06:19.162967819,2025-07-19 13:06:19,2025-07-19 13:06:00,4,372,3372,ring51,ring,2.0,60.0,20.0,98.0,S2_ring_D2_X60_Y20_Z98,S2_20250719-130002.362967819+0800.h5,368;369;370;371;372;373;374;375;376,9,250,0.05,0.0170468756159241,0.0071033786560723,0.0200478281416478,1.4529798413239444e-05,0.0001148868690149,409,8.73245034428427,0.0732630515662373,1.4529798413239444e-05,11,False,False
RGM_0207795,2025-07-19 13:06:21.637967819,2025-07-19 13:06:21.687967819,2025-07-19 13:06:21.662967819,2025-07-19 13:06:21,2025-07-19 13:06:00,4,372,3372,ring51,ring,2.0,60.0,20.0,98.0,S2_ring_D2_X60_Y20_Z98,S2_20250719-130002.362967819+0800.h5,368;369;370;371;372;373;374;375;376,9,250,0.05,0.0174634598447238,0.0072702614317415,0.0206697325893079,1.5248621487414124e-05,0.0001198548734708,410,8.749913804128994,0.0732783001877247,1.5248621487414124e-05,11,False,False
RGM_0208030,2025-07-19 13:07:04.912967819,2025-07-19 13:07:05.212967819,2025-07-19 13:07:05.037967819,2025-07-19 13:07:05,2025-07-19 13:07:00,4,337,3337,ring49,ring,2.0,20.0,20.0,98.0,S2_ring_D2_X20_Y20_Z98,S2_20250719-130002.362967819+0800.h5,333;334;335;336;337;338;339;340;341,9,1500,0.3,0.0216323526491374,0.0084748521739364,0.0273893694528412,0.0001403876043409,0.0011506555599156,411,8.77154615677813,0.0734186877920657,0.0001403876043409,0,False,False
RGM_0208168,2025-07-19 13:07:27.462967819,2025-07-19 13:07:27.562967819,2025-07-19 13:07:27.487967819,2025-07-19 13:07:27,2025-07-19 13:07:00,4,79,3079,ring01,ring,80.0,150.0,121.6,20.0,S2_ring_D80_X150_Y121.6_Z20,S2_20250719-130002.362967819+0800.h5,79;80;81;82;83,5,500,0.1,0.0064941556130747,0.0049078084562492,0.0099986312056187,4.217405712683057e-06,2.6163651448817095e-05,412,8.778040312391205,0.0734229051977784,4.217405712683057e-06,112,False,False
RGM_0208252,2025-07-19 13:07:40.312967819,2025-07-19 13:07:42.362967819,2025-07-19 13:07:41.337967819,2025-07-19 13:07:41,2025-07-19 13:07:00,4,338,3338,ring49,ring,2.0,20.0,20.0,98.0,S2_ring_D2_X20_Y20_Z98,S2_20250719-130002.362967819+0800.h5,334;335;336;337;338;339;340;341;342,9,10250,2.05,0.0194337989438217,0.0098114758403488,0.0217952072941422,0.0007742287098472,0.00623803565554,413,8.797474111335028,0.0741971339076256,0.0007742287098472,0,False,False
RGM_0208326,2025-07-19 13:07:52.137967819,2025-07-19 13:07:52.262967819,2025-07-19 13:07:52.212967819,2025-07-19 13:07:52,2025-07-19 13:07:00,4,372,3372,ring51,ring,2.0,60.0,20.0,98.0,S2_ring_D2_X60_Y20_Z98,S2_20250719-130002.362967819+0800.h5,368;369;370;371;372;373;374;375;376,9,625,0.125,0.0185677099231725,0.0134623529848589,0.0277930904504735,4.3094981473885045e-05,0.0004793794260661,414,8.8160418212582,0.0742402288890995,4.3094981473885045e-05,11,False,False
RGM_0208442,2025-07-19 13:08:08.937967819,2025-07-19 13:08:09.887967819,2025-07-19 13:08:09.562967819,2025-07-19 13:08:09,2025-07-19 13:08:00,4,79,3079,ring01,ring,80.0,150.0,121.6,20.0,S2_ring_D80_X150_Y121.6_Z20,S2_20250719-130002.362967819+0800.h5,79;80;81;82;83,5,4750,0.95,0.0055808234049485,0.0053314541190013,0.0065005999662027,2.9588310383360583e-05,0.0001586930745149,415,8.821622644663147,0.0742698171994829,2.9588310383360583e-05,112,False,False
RGM_0208461,2025-07-19 13:08:11.987967819,2025-07-19 13:08:12.087967819,2025-07-19 13:08:12.012967819,2025-07-19 13:08:12,2025-07-19 13:08:00,4,79,3079,ring01,ring,80.0,150.0,121.6,20.0,S2_ring_D80_X150_Y121.6_Z20,S2_20250719-130002.362967819+0800.h5,79;80;81;82;83,5,500,0.1,0.0080301868067013,0.0038722437039551,0.011935466285418,6.448390015051972e-06,3.5739152476156766e-05,416,8.829652831469849,0.0742762655894979,6.448390015051972e-06,112,False,False
RGM_0208525,2025-07-19 13:08:20.962967819,2025-07-19 13:08:21.012967819,2025-07-19 13:08:20.987967819,2025-07-19 13:08:20,2025-07-19 13:08:00,4,437,3437,ring55,ring,2.0,127.0,20.0,64.0,S2_ring_D2_X127_Y20_Z64,S2_20250719-130002.362967819+0800.h5,433;434;435;436;437;438;439;440;441,9,250,0.05,0.0242935418359722,0.0092188725973645,0.0302871180204617,2.9508808746806787e-05,0.0002484656273417,417,8.85394637330582,0.0743057743982447,2.9508808746806787e-05,40,False,False
RGM_0208613,2025-07-19 13:08:35.012967819,2025-07-19 13:08:35.087967819,2025-07-19 13:08:35.037967819,2025-07-19 13:08:35,2025-07-19 13:08:00,4,437,3437,ring55,ring,2.0,127.0,20.0,64.0,S2_ring_D2_X127_Y20_Z64,S2_20250719-130002.362967819+0800.h5,433;434;435;436;437;438;439;440;441,9,375,0.075,0.0224999163220114,0.007439964683118,0.0268693271999287,3.7968467587313845e-05,0.000294385339692,418,8.876446289627832,0.074343742865832,3.7968467587313845e-05,40,False,False
RGM_0208950,2025-07-19 13:09:27.912967819,2025-07-19 13:09:27.962967819,2025-07-19 13:09:27.937967819,2025-07-19 13:09:27,2025-07-19 13:09:00,4,489,3489,ring58,ring,2.0,163.0,120.0,16.0,S2_ring_D2_X163_Y120_Z16,S2_20250719-130002.362967819+0800.h5,485;486;487;488;489;490;491;492;493,9,250,0.05,0.0139359323087836,0.0071614003186782,0.0155449556053211,9.710510465749936e-06,7.541538421682692e-05,419,8.890382221936616,0.0743534533762978,9.710510465749936e-06,58,False,False
RGM_0208999,2025-07-19 13:09:35.262967819,2025-07-19 13:09:35.312967819,2025-07-19 13:09:35.287967819,2025-07-19 13:09:35,2025-07-19 13:09:00,4,79,3079,ring01,ring,80.0,150.0,121.6,20.0,S2_ring_D80_X150_Y121.6_Z20,S2_20250719-130002.362967819+0800.h5,79;80;81;82;83,5,250,0.05,0.0082529140599889,0.0048074018259287,0.0103640495224993,3.405529524078122e-06,1.6578755863896467e-05,420,8.898635135996605,0.0743568589058219,3.405529524078122e-06,112,False,False
RGM_0209536,2025-07-19 13:10:50.538132111,2025-07-19 13:10:50.688132111,2025-07-19 13:10:50.638132111,2025-07-19 13:10:50,2025-07-19 13:10:00,4,445,3445,ring55andring56,line,2.0,133.0,50.0,56.0,S2_line_D2_X133_Y50_Z56,S2_20250719-131002.363132111+0800.h5,441;442;443;444;445;446;447;448;449,9,750,0.15,0.0139981662260673,0.005758991389659,0.0176494441146221,2.9392298653891845e-05,0.0002418097576089,421,8.912633302222671,0.0743862512044758,2.9392298653891845e-05,42,False,False
RGM_0209665,2025-07-19 13:11:07.013132111,2025-07-19 13:11:07.063132111,2025-07-19 13:11:07.038132111,2025-07-19 13:11:07,2025-07-19 13:11:00,4,380,3380,ring51andring52,line,2.0,80.0,20.0,98.0,S2_line_D2_X80_Y20_Z98,S2_20250719-131002.363132111+0800.h5,376;377;378;379;380;381;382;383;384,9,250,0.05,0.0163855427358282,0.00461092727636,0.0168400274491684,1.3424300537382645e-05,8.152645045715204e-05,422,8.929018844958499,0.0743996755050131,1.3424300537382645e-05,17,False,False
RGM_0209761,2025-07-19 13:11:17.488132111,2025-07-19 13:11:17.988132111,2025-07-19 13:11:17.738132111,2025-07-19 13:11:17,2025-07-19 13:11:00,4,445,3445,ring55andring56,line,2.0,133.0,50.0,56.0,S2_line_D2_X133_Y50_Z56,S2_20250719-131002.363132111+0800.h5,441;442;443;444;445;446;447;448;449,9,2500,0.5,0.0167955540582709,0.0065197758696655,0.0217365155836524,0.0001410453180621,0.0011944535117028,423,8.94581439901677,0.0745407208230753,0.0001410453180621,42,False,False
RGM_0210114,2025-07-19 13:12:02.838132111,2025-07-19 13:12:02.888132111,2025-07-19 13:12:02.863132111,2025-07-19 13:12:02,2025-07-19 13:12:00,4,337,3337,ring49,ring,2.0,20.0,20.0,98.0,S2_ring_D2_X20_Y20_Z98,S2_20250719-131002.363132111+0800.h5,333;334;335;336;337;338;339;340;341,9,250,0.05,0.0294926987315224,0.0124001628750741,0.0426763978300237,4.349096392341724e-05,0.0004311289332825,424,8.975307097748292,0.0745842117869987,4.349096392341724e-05,0,False,False
RGM_0210269,2025-07-19 13:12:12.863132111,2025-07-19 13:12:13.863132111,2025-07-19 13:12:12.913132111,2025-07-19 13:12:12,2025-07-19 13:12:00,4,265,3265,ring37andring38,line,20.0,90.0,25.6,80.0,S2_line_D20_X90_Y25.6_Z80,S2_20250719-131002.363132111+0800.h5,262;263;264;265;266;267;268;269,8,5000,1.0,0.0107253019827147,0.0083535132302397,0.011998303281298,0.0001151998913516,0.000894769180205,425,8.986032399731007,0.0746994116783504,0.0001151998913516,84,False,False
RGM_0210281,2025-07-19 13:12:13.588132111,2025-07-19 13:12:13.688132111,2025-07-19 13:12:13.638132111,2025-07-19 13:12:13,2025-07-19 13:12:00,4,265,3265,ring37andring38,line,20.0,90.0,25.6,80.0,S2_line_D20_X90_Y25.6_Z80,S2_20250719-131002.363132111+0800.h5,262;263;264;265;266;267;268;269,8,500,0.1,0.0264462917545116,0.019940454487861,0.0298929250542294,7.0012139193224e-05,0.0005391166879892,426,9.01247869148552,0.0747694238175436,7.0012139193224e-05,84,False,False
RGM_0210284,2025-07-19 13:12:13.588132111,2025-07-19 13:12:13.688132111,2025-07-19 13:12:13.638132111,2025-07-19 13:12:13,2025-07-19 13:12:00,4,267,3267,ring38,ring,20.0,90.0,52.8,80.0,S2_ring_D20_X90_Y52.8_Z80,S2_20250719-131002.363132111+0800.h5,263;264;265;266;267;268;269;270;271,9,500,0.1,0.0256006887936081,0.0083024008928253,0.0298929250542294,6.553952667071714e-05,0.0005262805441086,427,9.038079380279129,0.0748349633442143,6.553952667071714e-05,86,False,False
RGM_0210289,2025-07-19 13:12:13.588132111,2025-07-19 13:12:13.688132111,2025-07-19 13:12:13.638132111,2025-07-19 13:12:13,2025-07-19 13:12:00,4,269,3269,ring38,ring,20.0,90.0,52.8,80.0,S2_ring_D20_X90_Y52.8_Z80,S2_20250719-131002.363132111+0800.h5,265;266;267;268;269;270;271;272;273,9,500,0.1,0.0202570891366036,0.0057304920373685,0.0298929250542294,4.103496602883059e-05,0.0003841801224686,428,9.05833646941573,0.0748759983102431,4.103496602883059e-05,86,False,False
RGM_0210294,2025-07-19 13:12:13.563132111,2025-07-19 13:12:13.763132111,2025-07-19 13:12:13.663132111,2025-07-19 13:12:13,2025-07-19 13:12:00,4,265,3265,ring37andring38,line,20.0,90.0,25.6,80.0,S2_line_D20_X90_Y25.6_Z80,S2_20250719-131002.363132111+0800.h5,262;263;264;265;266;267;268;269,8,1000,0.2,0.0198907687517935,0.0151143755624213,0.0224548629412099,7.920882385080589e-05,0.0006107989316151,429,9.078227238167525,0.0749552071340939,7.920882385080589e-05,84,False,False
RGM_0210545,2025-07-19 13:12:28.538132111,2025-07-19 13:12:28.588132111,2025-07-19 13:12:28.563132111,2025-07-19 13:12:28,2025-07-19 13:12:00,4,313,3313,ring47,ring,20.0,30.0,87.2,80.0,S2_ring_D20_X30_Y87.2_Z80,S2_20250719-131002.363132111+0800.h5,309;310;311;312;313;314;315;316;317,9,250,0.05,0.0109297301648133,0.0058464966604952,0.0121426752959412,5.97295007378153e-06,4.4919141950774514e-05,430,9.089156968332336,0.0749611800841677,5.97295007378153e-06,69,False,False
RGM_0210555,2025-07-19 13:12:28.363132111,2025-07-19 13:12:30.363132111,2025-07-19 13:12:29.363132111,2025-07-19 13:12:29,2025-07-19 13:12:00,4,268,3268,ring38,ring,20.0,90.0,52.8,80.0,S2_ring_D20_X90_Y52.8_Z80,S2_20250719-131002.363132111+0800.h5,264;265;266;267;268;269;270;271;272,9,10000,2.0,0.01450439848128,0.0040870721083494,0.0171890009810731,0.0004207551506075,0.0031534762262388,431,9.103661366813617,0.0753819352347752,0.0004207551506075,86,False,False
RGM_0210561,2025-07-19 13:12:29.588132111,2025-07-19 13:12:29.638132111,2025-07-19 13:12:29.613132111,2025-07-19 13:12:29,2025-07-19 13:12:00,4,270,3270,ring38andring39,line,20.0,90.0,60.0,80.0,S2_line_D20_X90_Y60_Z80,S2_20250719-131002.363132111+0800.h5,266;267;268;269;270;271;272;273;274,9,250,0.05,0.0097539459797923,0.0051109034244574,0.0187272280614312,4.756973108835399e-06,7.131503714730642e-05,432,9.113415312793409,0.0753866922078841,4.756973108835399e-06,87,False,False
RGM_0210806,2025-07-19 13:12:30.163132111,2025-07-19 13:12:30.213132111,2025-07-19 13:12:30.188132111,2025-07-19 13:12:30,2025-07-19 13:12:00,4,372,3372,ring51,ring,2.0,60.0,20.0,98.0,S2_ring_D2_X60_Y20_Z98,S2_20250719-131002.363132111+0800.h5,368;369;370;371;372;373;374;375;376,9,250,0.05,0.0210328373847133,0.0164743158457365,0.0280981948915786,2.2119012422589727e-05,0.0002228014913858,433,9.13444815017812,0.0754088112203067,2.2119012422589727e-05,11,False,False
RGM_0210821,2025-07-19 13:12:30.938132111,2025-07-19 13:12:30.988132111,2025-07-19 13:12:30.963132111,2025-07-19 13:12:30,2025-07-19 13:12:00,4,389,3389,ring52,ring,2.0,80.0,120.0,98.0,S2_ring_D2_X80_Y120_Z98,S2_20250719-131002.363132111+0800.h5,385;386;387;388;389;390;391;392;393,9,250,0.05,0.0123435243322024,0.0052743982757568,0.0136907764617553,7.618129646983636e-06,6.174039415577036e-05,434,9.146791674510323,0.0754164293499537,7.618129646983636e-06,22,False,False
RGM_0212277,2025-07-19 13:13:46.713132111,2025-07-19 13:13:46.763132111,2025-07-19 13:13:46.738132111,2025-07-19 13:13:46,2025-07-19 13:13:00,4,373,3373,ring51,ring,2.0,60.0,20.0,98.0,S2_ring_D2_X60_Y20_Z98,S2_20250719-131002.363132111+0800.h5,369;370;371;372;373;374;375;376;377,9,250,0.05,0.0152953189582701,0.0073894263942228,0.020695298574116,1.1697339101760918e-05,0.0001029285332345,435,9.162086993468591,0.0754281266890554,1.1697339101760918e-05,11,False,False
RGM_0214248,2025-07-19 13:15:17.863132111,2025-07-19 13:15:19.863132111,2025-07-19 13:15:18.463132111,2025-07-19 13:15:18,2025-07-19 13:15:00,4,396,3396,ring52andring53,line,2.0,89.0,120.0,98.0,S2_line_D2_X89_Y120_Z98,S2_20250719-131002.363132111+0800.h5,392;393;394;395;396;397;398;399;400,9,10000,2.0,0.0111436895374252,0.0076416434733007,0.0137297890701439,0.000248363633013,0.0023135700949699,436,9.173230683006018,0.0756764903220685,0.000248363633013,28,False,False
RGM_0216347,2025-07-19 13:18:52.238132111,2025-07-19 13:18:52.288132111,2025-07-19 13:18:52.263132111,2025-07-19 13:18:52,2025-07-19 13:18:00,4,411,3411,ring53,ring,2.0,85.0,20.0,98.0,S2_ring_D2_X85_Y20_Z98,S2_20250719-131002.363132111+0800.h5,407;408;409;410;411;412;413;414;415,9,250,0.05,0.0408237418546522,0.006194699011429,0.062392447272406,8.332889495076444e-05,0.0008412714845741,437,9.21405442486067,0.0757598192170192,8.332889495076444e-05,23,False,False
RGM_0217082,2025-07-19 13:20:46.138167543,2025-07-19 13:20:46.188167543,2025-07-19 13:20:46.163167543,2025-07-19 13:20:46,2025-07-19 13:20:00,4,489,3489,ring58,ring,2.0,163.0,120.0,16.0,S2_ring_D2_X163_Y120_Z16,S2_20250719-132002.363167543+0800.h5,485;486;487;488;489;490;491;492;493,9,250,0.05,0.0147913111523964,0.0118561732533782,0.0188518356789153,1.0939144280350442e-05,0.000102174736653,438,9.228845736013067,0.0757707583612996,1.0939144280350442e-05,58,False,False
RGM_0217861,2025-07-19 13:22:00.888167543,2025-07-19 13:22:00.988167543,2025-07-19 13:22:00.913167543,2025-07-19 13:22:00,2025-07-19 13:22:00,4,380,3380,ring51andring52,line,2.0,80.0,20.0,98.0,S2_line_D2_X80_Y20_Z98,S2_20250719-132002.363167543+0800.h5,376;377;378;379;380;381;382;383;384,9,500,0.1,0.0126966509563327,0.0068774188645496,0.0142172186299602,1.6120494550694574e-05,0.0001348829124944,439,9.2415423869694,0.0757868788558503,1.6120494550694574e-05,17,False,False
RGM_0218148,2025-07-19 13:22:25.663167543,2025-07-19 13:22:25.863167543,2025-07-19 13:22:25.763167543,2025-07-19 13:22:25,2025-07-19 13:22:00,4,383,3383,ring51andring52,line,2.0,80.0,80.0,98.0,S2_line_D2_X80_Y80_Z98,S2_20250719-132002.363167543+0800.h5,379;380;381;382;383;384;385;386;387,9,1000,0.2,0.0114637396161266,0.0022003368986043,0.0119232262895978,2.628346519727024e-05,0.0001626129128321,440,9.253006126585529,0.0758131623210476,2.628346519727024e-05,20,False,False
RGM_0219088,2025-07-19 13:24:09.938167543,2025-07-19 13:24:09.988167543,2025-07-19 13:24:09.963167543,2025-07-19 13:24:09,2025-07-19 13:24:00,4,384,3384,ring51andring52,line,2.0,80.0,100.0,98.0,S2_line_D2_X80_Y100_Z98,S2_20250719-132002.363167543+0800.h5,380;381;382;383;384;385;386;387;388,9,250,0.05,0.0119682660249771,0.0047803961781519,0.0147649662648065,7.161969582231083e-06,5.3097154158025175e-05,441,9.264974392610505,0.0758203242906298,7.161969582231083e-06,21,False,False
RGM_0219148,2025-07-19 13:24:18.788167543,2025-07-19 13:24:18.863167543,2025-07-19 13:24:18.838167543,2025-07-19 13:24:18,2025-07-19 13:24:00,4,372,3372,ring51,ring,2.0,60.0,20.0,98.0,S2_ring_D2_X60_Y20_Z98,S2_20250719-132002.363167543+0800.h5,368;369;370;371;372;373;374;375;376,9,375,0.075,0.0147695785766362,0.0068315756823966,0.0236851641079972,1.6360533849857433e-05,0.0001681434716973,442,9.27974397118714,0.0758366848244796,1.6360533849857433e-05,11,False,False
RGM_0219151,2025-07-19 13:24:19.088167543,2025-07-19 13:24:19.138167543,2025-07-19 13:24:19.113167543,2025-07-19 13:24:19,2025-07-19 13:24:00,4,371,3371,ring51,ring,2.0,60.0,20.0,98.0,S2_ring_D2_X60_Y20_Z98,S2_20250719-132002.363167543+0800.h5,367;368;369;370;371;372;373;374;375,9,250,0.05,0.0227119304772009,0.0059816239250712,0.0299702147886885,2.5791589300060387e-05,0.0002049339376216,443,9.302455901664342,0.0758624764137797,2.5791589300060387e-05,11,False,False
RGM_0219153,2025-07-19 13:24:19.113167543,2025-07-19 13:24:19.163167543,2025-07-19 13:24:19.138167543,2025-07-19 13:24:19,2025-07-19 13:24:00,4,382,3382,ring51andring52,line,2.0,80.0,60.0,98.0,S2_line_D2_X80_Y60_Z98,S2_20250719-132002.363167543+0800.h5,378;379;380;381;382;383;384;385;386,9,250,0.05,0.0151480181050657,0.0073516143630495,0.0180428020890235,1.1473122625570026e-05,9.724617077619813e-05,444,9.317603919769407,0.0758739495364053,1.1473122625570026e-05,19,False,False
RGM_0219216,2025-07-19 13:24:31.463167543,2025-07-19 13:24:31.513167543,2025-07-19 13:24:31.488167543,2025-07-19 13:24:31,2025-07-19 13:24:00,4,372,3372,ring51,ring,2.0,60.0,20.0,98.0,S2_ring_D2_X60_Y20_Z98,S2_20250719-132002.363167543+0800.h5,368;369;370;371;372;373;374;375;376,9,250,0.05,0.0173289549412364,0.0054312649968025,0.0271719886617617,1.5014633967770196e-05,0.0001437842069427,445,9.334932874710644,0.0758889641703731,1.5014633967770196e-05,11,False,False
RGM_0219239,2025-07-19 13:24:35.563167543,2025-07-19 13:24:35.663167543,2025-07-19 13:24:35.613167543,2025-07-19 13:24:35,2025-07-19 13:24:00,4,495,3495,andring58,line,2.0,169.0,50.0,8.0,S2_line_D2_X169_Y50_Z8,S2_20250719-132002.363167543+0800.h5,491;492;493;494;495,5,500,0.1,0.0229734532123087,0.0121974401350305,0.0247291704751667,5.277795524981383e-05,0.000223974519459,446,9.357906327922953,0.0759417421256229,5.277795524981383e-05,59,False,False
RGM_0220713,2025-07-19 13:27:36.338167543,2025-07-19 13:27:36.613167543,2025-07-19 13:27:36.563167543,2025-07-19 13:27:36,2025-07-19 13:27:00,4,343,3343,ring49,ring,2.0,20.0,20.0,98.0,S2_ring_D2_X20_Y20_Z98,S2_20250719-132002.363167543+0800.h5,339;340;341;342;343;344;345;346;347,9,1375,0.275,0.0185910734087438,0.0103473956224287,0.0209222251302657,9.504770288455773e-05,0.0008025775050951,447,9.376497401331696,0.0760367898285074,9.504770288455773e-05,0,False,False
RGM_0220717,2025-07-19 13:27:36.713167543,2025-07-19 13:27:36.963167543,2025-07-19 13:27:36.913167543,2025-07-19 13:27:36,2025-07-19 13:27:00,4,339,3339,ring49,ring,2.0,20.0,20.0,98.0,S2_ring_D2_X20_Y20_Z98,S2_20250719-132002.363167543+0800.h5,335;336;337;338;339;340;341;342;343,9,1250,0.25,0.0191824808490562,0.0131456540543993,0.0245308752480831,9.199189288110248e-05,0.0007973249037641,448,9.395679882180753,0.0761287817213885,9.199189288110248e-05,0,False,False
RGM_0220718,2025-07-19 13:27:36.813167543,2025-07-19 13:27:37.013167543,2025-07-19 13:27:36.913167543,2025-07-19 13:27:36,2025-07-19 13:27:00,4,343,3343,ring49,ring,2.0,20.0,20.0,98.0,S2_ring_D2_X20_Y20_Z98,S2_20250719-132002.363167543+0800.h5,339;340;341;342;343;344;345;346;347,9,1000,0.2,0.0192159355678505,0.0109800105860803,0.0210771384565766,7.385043594955694e-05,0.0006088417062602,449,9.414895817748604,0.0762026321573381,7.385043594955694e-05,0,False,False
RGM_0220981,2025-07-19 13:27:59.713167543,2025-07-19 13:28:00.363167543,2025-07-19 13:27:59.813167543,2025-07-19 13:27:59,2025-07-19 13:27:00,4,343,3343,ring49,ring,2.0,20.0,20.0,98.0,S2_ring_D2_X20_Y20_Z98,S2_20250719-132002.363167543+0800.h5,339;340;341;342;343;344;345;346;347,9,3250,0.65,0.0182574954028528,0.0118933570856731,0.0197096489052794,0.0002166684899503,0.0017154305234251,450,9.433153313151456,0.0764193006472885,0.0002166684899503,0,False,False
RGM_0221539,2025-07-19 13:28:43.588167543,2025-07-19 13:28:43.763167543,2025-07-19 13:28:43.663167543,2025-07-19 13:28:43,2025-07-19 13:28:00,4,460,3460,ring56andring57,line,2.0,145.0,110.0,40.0,S2_line_D2_X145_Y110_Z40,S2_20250719-132002.363167543+0800.h5,456;457;458;459;460;461;462;463;464,9,875,0.175,0.0062588352797364,0.0029275330506846,0.007605201197098,6.85527833530278e-06,5.716018949189126e-05,451,9.439412148431192,0.0764261559256238,6.85527833530278e-06,51,False,False
RGM_0221622,2025-07-19 13:28:47.313167543,2025-07-19 13:28:47.413167543,2025-07-19 13:28:47.363167543,2025-07-19 13:28:47,2025-07-19 13:28:00,4,492,3492,andring58,line,2.0,169.0,110.0,8.0,S2_line_D2_X169_Y110_Z8,S2_20250719-132002.363167543+0800.h5,488;489;490;491;492;493;494;495,8,500,0.1,0.0206510064317019,0.0075163338637409,0.0247558620694038,4.28597921687462e-05,0.000304585791619,452,9.460063154862894,0.0764690157177925,4.28597921687462e-05,62,False,False
RGM_0223442,2025-07-19 13:33:04.762874883,2025-07-19 13:33:04.812874883,2025-07-19 13:33:04.787874883,2025-07-19 13:33:04,2025-07-19 13:33:00,4,343,3343,ring49,ring,2.0,20.0,20.0,98.0,S2_ring_D2_X20_Y20_Z98,S2_20250719-133002.362874883+0800.h5,339;340;341;342;343;344;345;346;347,9,250,0.05,0.0250900190974119,0.0116361955109824,0.0277691088954179,3.147545291542478e-05,0.0002363883062199,453,9.485153173960306,0.0765004911707079,3.147545291542478e-05,0,False,False
RGM_0224600,2025-07-19 13:36:24.962874883,2025-07-19 13:36:25.012874883,2025-07-19 13:36:24.987874883,2025-07-19 13:36:24,2025-07-19 13:36:00,4,79,3079,ring01,ring,80.0,150.0,121.6,20.0,S2_ring_D80_X150_Y121.6_Z20,S2_20250719-133002.362874883+0800.h5,79;80;81;82;83,5,250,0.05,0.007234427228514,0.0041031148068682,0.010745845884395,2.6168468662332805e-06,1.49292116472266e-05,454,9.49238760118882,0.0765031080175741,2.6168468662332805e-06,112,False,False
RGM_0224864,2025-07-19 13:37:05.262874883,2025-07-19 13:37:05.587874883,2025-07-19 13:37:05.487874883,2025-07-19 13:37:05,2025-07-19 13:37:00,4,489,3489,ring58,ring,2.0,163.0,120.0,16.0,S2_ring_D2_X163_Y120_Z16,S2_20250719-133002.362874883+0800.h5,485;486;487;488;489;490;491;492;493,9,1625,0.325,0.0090725853312865,0.0076853245219612,0.0101033532883402,2.675133649287956e-05,0.0002420193380639,455,9.501460186520108,0.076529859354067,2.675133649287956e-05,58,False,False
RGM_0224938,2025-07-19 13:37:18.062874883,2025-07-19 13:37:18.537874883,2025-07-19 13:37:18.087874883,2025-07-19 13:37:18,2025-07-19 13:37:00,4,79,3079,ring01,ring,80.0,150.0,121.6,20.0,S2_ring_D80_X150_Y121.6_Z20,S2_20250719-133002.362874883+0800.h5,79;80;81;82;83,5,2375,0.475,0.0074257013111486,0.0058168549263893,0.0078281803727486,2.6191993982137264e-05,0.0001243241307122,456,9.508885887831257,0.0765560513480492,2.6191993982137264e-05,112,False,False
RGM_0225253,2025-07-19 13:38:01.887874883,2025-07-19 13:38:01.937874883,2025-07-19 13:38:01.912874883,2025-07-19 13:38:01,2025-07-19 13:38:00,4,79,3079,ring01,ring,80.0,150.0,121.6,20.0,S2_ring_D80_X150_Y121.6_Z20,S2_20250719-133002.362874883+0800.h5,79;80;81;82;83,5,250,0.05,0.0097126703337318,0.0062030451401904,0.0111703466135744,4.716798250587748e-06,2.1856175433361965e-05,457,9.518598558164989,0.0765607681462998,4.716798250587748e-06,112,False,False
RGM_0226157,2025-07-19 13:39:53.987874883,2025-07-19 13:39:54.487874883,2025-07-19 13:39:54.012874883,2025-07-19 13:39:54,2025-07-19 13:39:00,4,373,3373,ring51,ring,2.0,60.0,20.0,98.0,S2_ring_D2_X60_Y20_Z98,S2_20250719-133002.362874883+0800.h5,369;370;371;372;373;374;375;376;377,9,2500,0.5,0.0083331113514238,0.0072287278686859,0.01858473356565,3.472037239761457e-05,0.0004644775169443,458,9.526931669516411,0.0765954885186974,3.472037239761457e-05,11,False,False
RGM_0226518,2025-07-19 13:40:18.462414032,2025-07-19 13:40:18.512414032,2025-07-19 13:40:18.487414032,2025-07-19 13:40:18,2025-07-19 13:40:00,4,373,3373,ring51,ring,2.0,60.0,20.0,98.0,S2_ring_D2_X60_Y20_Z98,S2_20250719-134002.362414032+0800.h5,369;370;371;372;373;374;375;376;377,9,250,0.05,0.019317265476338,0.0183652616475493,0.0375185575119442,1.865783727416601e-05,0.0002328753940445,459,9.546248934992752,0.0766141463559716,1.865783727416601e-05,11,False,False
RGM_0227305,2025-07-19 13:42:10.762414032,2025-07-19 13:42:10.837414032,2025-07-19 13:42:10.787414032,2025-07-19 13:42:10,2025-07-19 13:42:00,4,372,3372,ring51,ring,2.0,60.0,20.0,98.0,S2_ring_D2_X60_Y20_Z98,S2_20250719-134002.362414032+0800.h5,368;369;370;371;372;373;374;375;376,9,375,0.075,0.0177504811432179,0.0163292882598654,0.0230706957094467,2.3630968561180223e-05,0.0002330979997538,460,9.56399941613597,0.0766377773245327,2.3630968561180223e-05,11,False,False
RGM_0227395,2025-07-19 13:42:26.587414032,2025-07-19 13:42:26.687414032,2025-07-19 13:42:26.662414032,2025-07-19 13:42:26,2025-07-19 13:42:00,4,79,3079,ring01,ring,80.0,150.0,121.6,20.0,S2_ring_D80_X150_Y121.6_Z20,S2_20250719-134002.362414032+0800.h5,79;80;81;82;83,5,500,0.1,0.0097409738590145,0.0065440560950695,0.0121876239978584,9.488657172200413e-06,4.7696637900204114e-05,461,9.573740389994985,0.0766472659817049,9.488657172200413e-06,112,False,False
RGM_0227438,2025-07-19 13:42:33.362414032,2025-07-19 13:42:33.462414032,2025-07-19 13:42:33.412414032,2025-07-19 13:42:33,2025-07-19 13:42:00,4,79,3079,ring01,ring,80.0,150.0,121.6,20.0,S2_ring_D80_X150_Y121.6_Z20,S2_20250719-134002.362414032+0800.h5,79;80;81;82;83,5,500,0.1,0.0086603455243969,0.0072156502042114,0.0103139936525077,7.500158460194232e-06,3.858816689725682e-05,462,9.58240073551938,0.0766547661401651,7.500158460194232e-06,112,False,False
RGM_0227451,2025-07-19 13:42:34.837414032,2025-07-19 13:42:34.887414032,2025-07-19 13:42:34.862414032,2025-07-19 13:42:34,2025-07-19 13:42:00,4,372,3372,ring51,ring,2.0,60.0,20.0,98.0,S2_ring_D2_X60_Y20_Z98,S2_20250719-134002.362414032+0800.h5,368;369;370;371;372;373;374;375;376,9,250,0.05,0.0161878535148017,0.0145474251168468,0.0238734346272607,1.3102330070834028e-05,0.0001398773613814,463,9.598588589034184,0.076667868470236,1.3102330070834028e-05,11,False,False
RGM_0227860,2025-07-19 13:43:48.862414032,2025-07-19 13:43:48.912414032,2025-07-19 13:43:48.887414032,2025-07-19 13:43:48,2025-07-19 13:43:00,4,371,3371,ring51,ring,2.0,60.0,20.0,98.0,S2_ring_D2_X60_Y20_Z98,S2_20250719-134002.362414032+0800.h5,367;368;369;370;371;372;373;374;375,9,250,0.05,0.0209371987436219,0.0128371028246889,0.0309981180987422,2.191831456149621e-05,0.0002362809391935,464,9.619525787777803,0.0766897867847975,2.191831456149621e-05,11,False,False
RGM_0227899,2025-07-19 13:43:56.262414032,2025-07-19 13:43:56.312414032,2025-07-19 13:43:56.287414032,2025-07-19 13:43:56,2025-07-19 13:43:00,4,343,3343,ring49,ring,2.0,20.0,20.0,98.0,S2_ring_D2_X20_Y20_Z98,S2_20250719-134002.362414032+0800.h5,339;340;341;342;343;344;345;346;347,9,250,0.05,0.0217477272759567,0.009577361538334,0.0242008453041185,2.364818208346972e-05,0.0001696628867627,465,9.64127351505376,0.0767134349668809,2.364818208346972e-05,0,False,False
RGM_0228452,2025-07-19 13:45:17.462414032,2025-07-19 13:45:17.512414032,2025-07-19 13:45:17.487414032,2025-07-19 13:45:17,2025-07-19 13:45:00,4,343,3343,ring49,ring,2.0,20.0,20.0,98.0,S2_ring_D2_X20_Y20_Z98,S2_20250719-134002.362414032+0800.h5,339;340;341;342;343;344;345;346;347,9,250,0.05,0.0209481818614013,0.0100617777116685,0.0233377348552031,2.1941316164917216e-05,0.0001715091556723,466,9.662221696915164,0.0767353762830458,2.1941316164917216e-05,0,False,False
RGM_0228547,2025-07-19 13:45:27.687414032,2025-07-19 13:45:27.737414032,2025-07-19 13:45:27.712414032,2025-07-19 13:45:27,2025-07-19 13:45:00,4,437,3437,ring55,ring,2.0,127.0,20.0,64.0,S2_ring_D2_X127_Y20_Z64,S2_20250719-134002.362414032+0800.h5,433;434;435;436;437;438;439;440;441,9,250,0.05,0.0181715793522538,0.0094176775400442,0.0214550775597654,1.651031480776284e-05,0.0001368218425705,467,9.680393276267417,0.0767518865978536,1.651031480776284e-05,40,False,False
RGM_0228601,2025-07-19 13:45:34.362414032,2025-07-19 13:45:36.362414032,2025-07-19 13:45:34.662414032,2025-07-19 13:45:34,2025-07-19 13:45:00,4,380,3380,ring51andring52,line,2.0,80.0,20.0,98.0,S2_line_D2_X80_Y20_Z98,S2_20250719-134002.362414032+0800.h5,376;377;378;379;380;381;382;383;384,9,10000,2.0,0.0135857945020903,0.0033475407999787,0.0213508814603525,0.000369147624506,0.0037866893978136,468,9.693979070769506,0.0771210342223597,0.000369147624506,17,False,False
RGM_0228666,2025-07-19 13:45:40.887414032,2025-07-19 13:45:40.937414032,2025-07-19 13:45:40.912414032,2025-07-19 13:45:40,2025-07-19 13:45:00,4,489,3489,ring58,ring,2.0,163.0,120.0,16.0,S2_ring_D2_X163_Y120_Z16,S2_20250719-134002.362414032+0800.h5,485;486;487;488;489;490;491;492;493,9,250,0.05,0.011047695188821,0.008813364576664,0.012292147184072,6.102578449254991e-06,5.345363644958093e-05,469,9.705026765958328,0.0771271368008089,6.102578449254991e-06,58,False,False
RGM_0229103,2025-07-19 13:46:48.712414032,2025-07-19 13:46:48.762414032,2025-07-19 13:46:48.737414032,2025-07-19 13:46:48,2025-07-19 13:46:00,4,489,3489,ring58,ring,2.0,163.0,120.0,16.0,S2_ring_D2_X163_Y120_Z16,S2_20250719-134002.362414032+0800.h5,485;486;487;488;489;490;491;492;493,9,250,0.05,0.0125270394967057,0.0097532512950769,0.0149451572252909,7.846335927601261e-06,6.91034212259829e-05,470,9.717553805455031,0.0771349831367365,7.846335927601261e-06,58,False,False
RGM_0229483,2025-07-19 13:47:43.612414032,2025-07-19 13:47:44.212414032,2025-07-19 13:47:44.162414032,2025-07-19 13:47:44,2025-07-19 13:47:00,4,343,3343,ring49,ring,2.0,20.0,20.0,98.0,S2_ring_D2_X20_Y20_Z98,S2_20250719-134002.362414032+0800.h5,339;340;341;342;343;344;345;346;347,9,3000,0.6,0.0172367505214297,0.0094814291792359,0.0199466414205002,0.0001782633411228,0.0015204058754397,471,9.734790555976463,0.0773132464778593,0.0001782633411228,0,False,False
RGM_0229918,2025-07-19 13:48:51.012414032,2025-07-19 13:48:51.062414032,2025-07-19 13:48:51.037414032,2025-07-19 13:48:51,2025-07-19 13:48:00,4,372,3372,ring51,ring,2.0,60.0,20.0,98.0,S2_ring_D2_X60_Y20_Z98,S2_20250719-134002.362414032+0800.h5,368;369;370;371;372;373;374;375;376,9,250,0.05,0.0167993475248019,0.0153746660143134,0.0194499134353897,1.4110903862953467e-05,0.000130704489455,472,9.751589903501266,0.0773273573817223,1.4110903862953467e-05,11,False,False
RGM_0230012,2025-07-19 13:49:07.362414032,2025-07-19 13:49:07.412414032,2025-07-19 13:49:07.387414032,2025-07-19 13:49:07,2025-07-19 13:49:00,4,343,3343,ring49,ring,2.0,20.0,20.0,98.0,S2_ring_D2_X20_Y20_Z98,S2_20250719-134002.362414032+0800.h5,339;340;341;342;343;344;345;346;347,9,250,0.05,0.0230201346262111,0.007766880005189,0.0276511398819307,2.6496329910444244e-05,0.0002011404782306,473,9.774610038127475,0.0773538537116327,2.6496329910444244e-05,0,False,False
RGM_0230019,2025-07-19 13:49:07.712414032,2025-07-19 13:49:07.762414032,2025-07-19 13:49:07.737414032,2025-07-19 13:49:07,2025-07-19 13:49:00,4,343,3343,ring49,ring,2.0,20.0,20.0,98.0,S2_ring_D2_X20_Y20_Z98,S2_20250719-134002.362414032+0800.h5,339;340;341;342;343;344;345;346;347,9,250,0.05,0.020763512061792,0.0139918502870571,0.0232985419803546,2.155617165700909e-05,0.0001779700902996,474,9.79537355018927,0.0773754098832897,2.155617165700909e-05,0,False,False
RGM_0230679,2025-07-19 13:50:48.286876748,2025-07-19 13:50:48.336876748,2025-07-19 13:50:48.311876748,2025-07-19 13:50:48,2025-07-19 13:50:00,4,79,3079,ring01,ring,80.0,150.0,121.6,20.0,S2_ring_D80_X150_Y121.6_Z20,S2_20250719-135002.361876748+0800.h5,79;80;81;82;83,5,250,0.05,0.004431636601276,0.0036829524422227,0.0121158478925569,9.81970148288473e-07,1.2290570835230783e-05,475,9.799805186790548,0.077376391853438,9.81970148288473e-07,112,False,False
RGM_0231041,2025-07-19 13:51:41.086876748,2025-07-19 13:51:41.136876748,2025-07-19 13:51:41.111876748,2025-07-19 13:51:41,2025-07-19 13:51:00,4,372,3372,ring51,ring,2.0,60.0,20.0,98.0,S2_ring_D2_X60_Y20_Z98,S2_20250719-135002.361876748+0800.h5,368;369;370;371;372;373;374;375;376,9,250,0.05,0.0190380403700526,0.0128832101914002,0.0213236819844346,1.812234905658776e-05,0.0001530399415457,476,9.8188432271606,0.0773945142024946,1.812234905658776e-05,11,False,False
RGM_0231057,2025-07-19 13:51:44.561876748,2025-07-19 13:51:44.611876748,2025-07-19 13:51:44.586876748,2025-07-19 13:51:44,2025-07-19 13:51:00,4,372,3372,ring51,ring,2.0,60.0,20.0,98.0,S2_ring_D2_X60_Y20_Z98,S2_20250719-135002.361876748+0800.h5,368;369;370;371;372;373;374;375;376,9,250,0.05,0.02346552203174,0.0153443023841711,0.0268724367307167,2.753153621110385e-05,0.0002450854648663,477,9.84230874919234,0.0774220457387057,2.753153621110385e-05,11,False,False
RGM_0231139,2025-07-19 13:51:53.911876748,2025-07-19 13:51:53.961876748,2025-07-19 13:51:53.936876748,2025-07-19 13:51:53,2025-07-19 13:51:00,4,372,3372,ring51,ring,2.0,60.0,20.0,98.0,S2_ring_D2_X60_Y20_Z98,S2_20250719-135002.361876748+0800.h5,368;369;370;371;372;373;374;375;376,9,250,0.05,0.0212568274125174,0.011674530790386,0.0223596751979841,2.2592635582277563e-05,0.0001712802888604,478,9.863565576604858,0.077444638374288,2.2592635582277563e-05,11,False,False
RGM_0231758,2025-07-19 13:53:44.536876748,2025-07-19 13:53:46.111876748,2025-07-19 13:53:44.561876748,2025-07-19 13:53:44,2025-07-19 13:53:00,4,372,3372,ring51,ring,2.0,60.0,20.0,98.0,S2_ring_D2_X60_Y20_Z98,S2_20250719-135002.361876748+0800.h5,368;369;370;371;372;373;374;375;376,9,7875,1.575,0.0102254598505006,0.0039576706034268,0.0113031818344691,0.0001646820459178,0.0011871584439238,479,9.873791036455358,0.0776093204202059,0.0001646820459178,11,False,False
RGM_0231899,2025-07-19 13:54:12.586876748,2025-07-19 13:54:12.636876748,2025-07-19 13:54:12.611876748,2025-07-19 13:54:12,2025-07-19 13:54:00,4,343,3343,ring49,ring,2.0,20.0,20.0,98.0,S2_ring_D2_X20_Y20_Z98,S2_20250719-135002.361876748+0800.h5,339;340;341;342;343;344;345;346;347,9,250,0.05,0.0205296864203793,0.0132804939314374,0.0227553789488144,2.1073401225955407e-05,0.0001684922521511,480,9.894320722875738,0.0776303938214318,2.1073401225955407e-05,0,False,False
RGM_0232236,2025-07-19 13:55:34.061876748,2025-07-19 13:55:34.111876748,2025-07-19 13:55:34.086876748,2025-07-19 13:55:34,2025-07-19 13:55:00,4,372,3372,ring51,ring,2.0,60.0,20.0,98.0,S2_ring_D2_X60_Y20_Z98,S2_20250719-135002.361876748+0800.h5,368;369;370;371;372;373;374;375;376,9,250,0.05,0.018420956980258,0.006898444083211,0.0201453583287268,1.696658280342584e-05,0.0001301080982307,481,9.912741679855996,0.0776473604042352,1.696658280342584e-05,11,False,False
RGM_0232278,2025-07-19 13:55:41.961876748,2025-07-19 13:55:42.011876748,2025-07-19 13:55:41.986876748,2025-07-19 13:55:41,2025-07-19 13:55:00,4,79,3079,ring01,ring,80.0,150.0,121.6,20.0,S2_ring_D80_X150_Y121.6_Z20,S2_20250719-135002.361876748+0800.h5,79;80;81;82;83,5,250,0.05,0.008881345947284,0.0079495579521729,0.0121708419787496,3.943915291766962e-06,2.3219372179727547e-05,482,9.92162302580328,0.077651304319527,3.943915291766962e-06,112,False,False
RGM_0232437,2025-07-19 13:56:22.311876748,2025-07-19 13:56:22.861876748,2025-07-19 13:56:22.336876748,2025-07-19 13:56:22,2025-07-19 13:56:00,4,372,3372,ring51,ring,2.0,60.0,20.0,98.0,S2_ring_D2_X60_Y20_Z98,S2_20250719-135002.361876748+0800.h5,368;369;370;371;372;373;374;375;376,9,2750,0.55,0.0100966886368577,0.0062793990159479,0.0113252723457736,5.606871678630826e-05,0.0004509904836679,483,9.931719714440138,0.0777073730363133,5.606871678630826e-05,11,False,False
RGM_0232451,2025-07-19 13:56:24.161876748,2025-07-19 13:56:24.211876748,2025-07-19 13:56:24.186876748,2025-07-19 13:56:24,2025-07-19 13:56:00,4,437,3437,ring55,ring,2.0,127.0,20.0,64.0,S2_ring_D2_X127_Y20_Z64,S2_20250719-135002.361876748+0800.h5,433;434;435;436;437;438;439;440;441,9,250,0.05,0.0181491438043664,0.0060775203956054,0.0200381618336521,1.6469571041578607e-05,0.0001124394422564,484,9.949868858244503,0.0777238426073549,1.6469571041578607e-05,40,False,False
RGM_0233013,2025-07-19 13:58:24.611876748,2025-07-19 13:58:25.611876748,2025-07-19 13:58:24.861876748,2025-07-19 13:58:24,2025-07-19 13:58:00,4,269,3269,ring38,ring,20.0,90.0,52.8,80.0,S2_ring_D20_X90_Y52.8_Z80,S2_20250719-135002.361876748+0800.h5,265;266;267;268;269;270;271;272;273,9,5000,1.0,0.0113793846352703,0.0096070348663323,0.012069186580976,0.0001294903946774,0.0011281262326672,485,9.961248242879776,0.0778533330020323,0.0001294903946774,86,False,False
RGM_0233123,2025-07-19 13:58:43.211876748,2025-07-19 13:58:43.411876748,2025-07-19 13:58:43.261876748,2025-07-19 13:58:43,2025-07-19 13:58:00,4,269,3269,ring38,ring,20.0,90.0,52.8,80.0,S2_ring_D20_X90_Y52.8_Z80,S2_20250719-135002.361876748+0800.h5,265;266;267;268;269;270;271;272;273,9,1000,0.2,0.0244746443661372,0.0210749207309029,0.0252652841389264,0.0001198016433697,0.0010380975215319,486,9.985722887245911,0.0779731346454021,0.0001198016433697,86,False,False
RGM_0233129,2025-07-19 13:58:43.211876748,2025-07-19 13:58:43.411876748,2025-07-19 13:58:43.311876748,2025-07-19 13:58:43,2025-07-19 13:58:00,4,272,3272,ring39,ring,20.0,90.0,87.2,80.0,S2_ring_D20_X90_Y87.2_Z80,S2_20250719-135002.361876748+0800.h5,268;269;270;271;272;273;274;275;276,9,1000,0.2,0.0236851601084906,0.013322803867299,0.0250497935137351,0.0001121973618729,0.0008319768700105,487,10.009408047354404,0.0780853320072751,0.0001121973618729,89,False,False
RGM_0233132,2025-07-19 13:58:43.111876748,2025-07-19 13:58:43.611876748,2025-07-19 13:58:43.361876748,2025-07-19 13:58:43,2025-07-19 13:58:00,4,270,3270,ring38andring39,line,20.0,90.0,60.0,80.0,S2_line_D20_X90_Y60_Z80,S2_20250719-135002.361876748+0800.h5,266;267;268;269;270;271;272;273;274,9,2500,0.5,0.0186189212489932,0.0142384520972338,0.0191944653131123,0.0001733321142381,0.0014705520895196,488,10.028026968603395,0.0782586641215132,0.0001733321142381,87,False,False
RGM_0233133,2025-07-19 13:58:43.111876748,2025-07-19 13:58:43.611876748,2025-07-19 13:58:43.361876748,2025-07-19 13:58:43,2025-07-19 13:58:00,4,271,3271,ring38andring39,line,20.0,90.0,80.0,80.0,S2_line_D20_X90_Y80_Z80,S2_20250719-135002.361876748+0800.h5,267;268;269;270;271;272;273;274;275,9,2500,0.5,0.0186174154498045,0.012349715693199,0.0191944653131123,0.0001733040790153,0.0013721110102379,489,10.046644384053202,0.0784319682005285,0.0001733040790153,88,False,False
RGM_0234218,2025-07-19 14:02:10.036294616,2025-07-19 14:02:10.086294616,2025-07-19 14:02:10.061294616,2025-07-19 14:02:10,2025-07-19 14:02:00,4,380,3380,ring51andring52,line,2.0,80.0,20.0,98.0,S2_line_D2_X80_Y20_Z98,S2_20250719-140002.361294616+0800.h5,376;377;378;379;380;381;382;383;384,9,250,0.05,0.0139620432428528,0.0071599840711496,0.0185232977959709,9.74693257576465e-06,8.611941864290445e-05,490,10.060606427296054,0.0784417151331042,9.74693257576465e-06,17,False,False
RGM_0234614,2025-07-19 14:03:28.211294616,2025-07-19 14:03:28.511294616,2025-07-19 14:03:28.286294616,2025-07-19 14:03:28,2025-07-19 14:03:00,4,489,3489,ring58,ring,2.0,163.0,120.0,16.0,S2_ring_D2_X163_Y120_Z16,S2_20250719-140002.361294616+0800.h5,485;486;487;488;489;490;491;492;493,9,1500,0.3,0.0133085904580306,0.0093029811429147,0.0149634841576572,5.3135573993875215e-05,0.0004612081880945,491,10.073915017754086,0.0784948507070981,5.3135573993875215e-05,58,False,False
RGM_0234960,2025-07-19 14:04:37.736294616,2025-07-19 14:04:37.786294616,2025-07-19 14:04:37.761294616,2025-07-19 14:04:37,2025-07-19 14:04:00,4,460,3460,ring56andring57,line,2.0,145.0,110.0,40.0,S2_line_D2_X145_Y110_Z40,S2_20250719-140002.361294616+0800.h5,456;457;458;459;460;461;462;463;464,9,250,0.05,0.0091283047358263,0.0041754838213343,0.0104795348281353,4.166297367505457e-06,3.231454727819212e-05,492,10.083043322489912,0.0784990170044656,4.166297367505457e-06,51,False,False
RGM_0235149,2025-07-19 14:05:16.861294616,2025-07-19 14:05:17.861294616,2025-07-19 14:05:17.361294616,2025-07-19 14:05:17,2025-07-19 14:05:00,4,391,3391,ring52,ring,2.0,80.0,120.0,98.0,S2_ring_D2_X80_Y120_Z98,S2_20250719-140002.361294616+0800.h5,387;388;389;390;391;392;393;394;395,9,5000,1.0,0.0112916929198496,0.0078225257449476,0.0128576944622621,0.0001275023289961,0.0011029938178184,493,10.094335015409762,0.0786265193334618,0.0001275023289961,22,False,False
RGM_0235187,2025-07-19 14:05:17.361294616,2025-07-19 14:05:17.861294616,2025-07-19 14:05:17.611294616,2025-07-19 14:05:17,2025-07-19 14:05:00,4,265,3265,ring37andring38,line,20.0,90.0,25.6,80.0,S2_line_D20_X90_Y25.6_Z80,S2_20250719-140002.361294616+0800.h5,262;263;264;265;266;267;268;269,8,2500,0.5,0.018838767311864,0.0149946522453768,0.0207144602288848,0.0001775620203401,0.0013783198372604,494,10.113173782721626,0.0788040813538019,0.0001775620203401,84,False,False
RGM_0235192,2025-07-19 14:05:17.486294616,2025-07-19 14:05:17.986294616,2025-07-19 14:05:17.736294616,2025-07-19 14:05:17,2025-07-19 14:05:00,4,274,3274,ring39,ring,20.0,90.0,87.2,80.0,S2_ring_D20_X90_Y87.2_Z80,S2_20250719-140002.361294616+0800.h5,270;271;272;273;274;275;276;277;278,9,2500,0.5,0.011903665627404,0.0077595091949107,0.0148231425232722,7.084862768451982e-05,0.0006257840806562,495,10.12507744834903,0.0788749299814864,7.084862768451982e-05,89,False,False
RGM_0235193,2025-07-19 14:05:17.486294616,2025-07-19 14:05:17.986294616,2025-07-19 14:05:17.736294616,2025-07-19 14:05:17,2025-07-19 14:05:00,4,266,3266,ring37andring38,line,20.0,90.0,45.6,80.0,S2_line_D20_X90_Y45.6_Z80,S2_20250719-140002.361294616+0800.h5,262;263;264;265;266;267;268;269;270,9,2500,0.5,0.0183691866176895,0.0148231425232722,0.0207262546016228,0.0001687135084977,0.001489783819352,496,10.14344663496672,0.0790436434899842,0.0001687135084977,85,False,False
RGM_0235195,2025-07-19 14:05:17.486294616,2025-07-19 14:05:17.986294616,2025-07-19 14:05:17.736294616,2025-07-19 14:05:17,2025-07-19 14:05:00,4,265,3265,ring37andring38,line,20.0,90.0,25.6,80.0,S2_line_D20_X90_Y25.6_Z80,S2_20250719-140002.361294616+0800.h5,262;263;264;265;266;267;268;269,8,2500,0.5,0.0188491423852764,0.0150051671025373,0.0207262546016228,0.0001777602630996,0.0013799210422194,497,10.162295777351996,0.0792214037530838,0.0001777602630996,84,False,False
RGM_0235469,2025-07-19 14:06:20.386294616,2025-07-19 14:06:20.436294616,2025-07-19 14:06:20.411294616,2025-07-19 14:06:20,2025-07-19 14:06:00,4,437,3437,ring55,ring,2.0,127.0,20.0,64.0,S2_ring_D2_X127_Y20_Z64,S2_20250719-140002.361294616+0800.h5,433;434;435;436;437;438;439;440;441,9,250,0.05,0.0187611097672274,0.0094523058392494,0.0212733334286396,1.7598961984897885e-05,0.0001323786642394,498,10.181056887119224,0.0792390027150687,1.7598961984897885e-05,40,False,False
RGM_0235750,2025-07-19 14:07:24.811294616,2025-07-19 14:07:24.861294616,2025-07-19 14:07:24.836294616,2025-07-19 14:07:24,2025-07-19 14:07:00,4,343,3343,ring49,ring,2.0,20.0,20.0,98.0,S2_ring_D2_X20_Y20_Z98,S2_20250719-140002.361294616+0800.h5,339;340;341;342;343;344;345;346;347,9,250,0.05,0.0212123604809589,0.0186215956743118,0.0228790358859708,2.249821185870745e-05,0.0002002501716503,499,10.202269247600183,0.0792615009269274,2.249821185870745e-05,0,False,False
RGM_0236163,2025-07-19 14:08:56.161294616,2025-07-19 14:08:56.211294616,2025-07-19 14:08:56.186294616,2025-07-19 14:08:56,2025-07-19 14:08:00,4,437,3437,ring55,ring,2.0,127.0,20.0,64.0,S2_ring_D2_X127_Y20_Z64,S2_20250719-140002.361294616+0800.h5,433;434;435;436;437;438;439;440;441,9,250,0.05,0.0238953376869111,0.0102105810137693,0.0268588683667072,2.8549358158575715e-05,0.000213085983222,500,10.226164585287094,0.079290050285086,2.8549358158575715e-05,40,False,False
RGM_0236179,2025-07-19 14:08:58.736294616,2025-07-19 14:08:58.786294616,2025-07-19 14:08:58.761294616,2025-07-19 14:08:58,2025-07-19 14:08:00,4,437,3437,ring55,ring,2.0,127.0,20.0,64.0,S2_ring_D2_X127_Y20_Z64,S2_20250719-140002.361294616+0800.h5,433;434;435;436;437;438;439;440;441,9,250,0.05,0.0164187856550017,0.0056926527100513,0.0210529113107488,1.347882611924451e-05,0.0001133596720251,501,10.242583370942096,0.0793035291112052,1.347882611924451e-05,40,False,False
RGM_0238042,2025-07-19 14:14:32.915057804,2025-07-19 14:14:33.315057804,2025-07-19 14:14:33.290057804,2025-07-19 14:14:33,2025-07-19 14:14:00,4,343,3343,ring49,ring,2.0,20.0,20.0,98.0,S2_ring_D2_X20_Y20_Z98,S2_20250719-141002.315057804+0800.h5,339;340;341;342;343;344;345;346;347,9,2000,0.4,0.0156309159926368,0.0131563954715481,0.0162900297225545,9.773021390754856e-05,0.0008274906056187,502,10.258214286934733,0.0794012593251128,9.773021390754856e-05,0,False,False
RGM_0238722,2025-07-19 14:16:25.715057804,2025-07-19 14:16:25.815057804,2025-07-19 14:16:25.790057804,2025-07-19 14:16:25,2025-07-19 14:16:00,4,372,3372,ring51,ring,2.0,60.0,20.0,98.0,S2_ring_D2_X60_Y20_Z98,S2_20250719-141002.315057804+0800.h5,368;369;370;371;372;373;374;375;376,9,500,0.1,0.0200075214211561,0.0195868054180357,0.0240271605192277,4.003009134180204e-05,0.000391689051742,503,10.27822180835589,0.0794412894164546,4.003009134180204e-05,11,False,False
RGM_0238815,2025-07-19 14:16:42.640057804,2025-07-19 14:16:42.690057804,2025-07-19 14:16:42.665057804,2025-07-19 14:16:42,2025-07-19 14:16:00,4,79,3079,ring01,ring,80.0,150.0,121.6,20.0,S2_ring_D80_X150_Y121.6_Z20,S2_20250719-141002.315057804+0800.h5,79;80;81;82;83,5,250,0.05,0.0066188834651002,0.0060670618413508,0.0111246568978701,2.190480916228886e-06,1.5405529044334453e-05,504,10.284840691820987,0.0794434798973708,2.190480916228886e-06,112,False,False
RGM_0241072,2025-07-19 14:22:06.614425410,2025-07-19 14:22:06.664425410,2025-07-19 14:22:06.639425410,2025-07-19 14:22:06,2025-07-19 14:22:00,4,79,3079,ring01,ring,80.0,150.0,121.6,20.0,S2_ring_D80_X150_Y121.6_Z20,S2_20250719-142002.314425410+0800.h5,79;80;81;82;83,5,250,0.05,0.0081534454402222,0.0067067187847639,0.0104652504163591,3.3239336273340712e-06,1.808121944611715e-05,505,10.29299413726121,0.0794468038309982,3.3239336273340712e-06,112,False,False
RGM_0242236,2025-07-19 14:24:21.689425410,2025-07-19 14:24:21.739425410,2025-07-19 14:24:21.714425410,2025-07-19 14:24:21,2025-07-19 14:24:00,4,343,3343,ring49,ring,2.0,20.0,20.0,98.0,S2_ring_D2_X20_Y20_Z98,S2_20250719-142002.314425410+0800.h5,339;340;341;342;343;344;345;346;347,9,250,0.05,0.0212532573777697,0.0114139021168758,0.0240511754478033,2.2585047458286156e-05,0.0001713041695591,506,10.31424739463898,0.0794693888784564,2.2585047458286156e-05,0,False,False
RGM_0242885,2025-07-19 14:25:46.064425410,2025-07-19 14:25:46.114425410,2025-07-19 14:25:46.089425410,2025-07-19 14:25:46,2025-07-19 14:25:00,4,343,3343,ring49,ring,2.0,20.0,20.0,98.0,S2_ring_D2_X20_Y20_Z98,S2_20250719-142002.314425410+0800.h5,339;340;341;342;343;344;345;346;347,9,250,0.05,0.0211525862647443,0.0063208742169315,0.0235273574620685,2.237159528437265e-05,0.0001498398541054,507,10.335399980903723,0.0794917604737408,2.237159528437265e-05,0,False,False
RGM_0243147,2025-07-19 14:26:21.539425410,2025-07-19 14:26:22.039425410,2025-07-19 14:26:22.014425410,2025-07-19 14:26:22,2025-07-19 14:26:00,4,343,3343,ring49,ring,2.0,20.0,20.0,98.0,S2_ring_D2_X20_Y20_Z98,S2_20250719-142002.314425410+0800.h5,339;340;341;342;343;344;345;346;347,9,2500,0.5,0.017989841260975,0.0129153249803674,0.0192306889619341,0.0001618171942975,0.0012702062282667,508,10.3533898221647,0.0796535776680384,0.0001618171942975,0,False,False
RGM_0244091,2025-07-19 14:28:26.514425410,2025-07-19 14:28:27.189425410,2025-07-19 14:28:27.139425410,2025-07-19 14:28:27,2025-07-19 14:28:00,4,381,3381,ring51andring52,line,2.0,80.0,40.0,98.0,S2_line_D2_X80_Y40_Z98,S2_20250719-142002.314425410+0800.h5,377;378;379;380;381;382;383;384;385,9,3375,0.675,0.0093115883379333,0.0032537257114973,0.0100234050046142,5.852633222821696e-05,0.0004029542345262,509,10.362701410502634,0.0797121040002666,5.852633222821696e-05,18,False,False
RGM_0244130,2025-07-19 14:28:33.689425410,2025-07-19 14:28:33.789425410,2025-07-19 14:28:33.714425410,2025-07-19 14:28:33,2025-07-19 14:28:00,4,381,3381,ring51andring52,line,2.0,80.0,40.0,98.0,S2_line_D2_X80_Y40_Z98,S2_20250719-142002.314425410+0800.h5,377;378;379;380;381;382;383;384;385,9,500,0.1,0.0136333631156165,0.0032815788948774,0.0146011509087358,1.8586858984225405e-05,0.0001215056050158,510,10.37633477361825,0.0797306908592508,1.8586858984225405e-05,18,False,False
RGM_0244302,2025-07-19 14:28:59.439425410,2025-07-19 14:28:59.814425410,2025-07-19 14:28:59.789425410,2025-07-19 14:28:59,2025-07-19 14:28:00,4,443,3443,ring55,ring,2.0,127.0,20.0,64.0,S2_ring_D2_X127_Y20_Z64,S2_20250719-142002.314425410+0800.h5,439;440;441;442;443;444;445;446;447,9,1875,0.375,0.0130689579030124,0.005447466770327,0.0143153653189581,6.40491227515166e-05,0.0004530280882379,511,10.389403731521265,0.0797947399820023,6.40491227515166e-05,40,False,False
RGM_0245804,2025-07-19 14:33:22.063786432,2025-07-19 14:33:22.113786432,2025-07-19 14:33:22.088786432,2025-07-19 14:33:22,2025-07-19 14:33:00,4,381,3381,ring51andring52,line,2.0,80.0,40.0,98.0,S2_line_D2_X80_Y40_Z98,S2_20250719-143002.313786432+0800.h5,377;378;379;380;381;382;383;384;385,9,250,0.05,0.0130301628812056,0.0037297593871349,0.0146107905230543,8.48925723553748e-06,6.225067378905018e-05,512,10.402433894402469,0.0798032292392379,8.48925723553748e-06,18,False,False
RGM_0246193,2025-07-19 14:34:18.213786432,2025-07-19 14:34:18.263786432,2025-07-19 14:34:18.238786432,2025-07-19 14:34:18,2025-07-19 14:34:00,4,381,3381,ring51andring52,line,2.0,80.0,40.0,98.0,S2_line_D2_X80_Y40_Z98,S2_20250719-143002.313786432+0800.h5,377;378;379;380;381;382;383;384;385,9,250,0.05,0.0121268106931452,0.0056524240519686,0.0139958287013188,7.35297687936905e-06,5.8855720541757294e-05,513,10.414560705095614,0.0798105822161172,7.35297687936905e-06,18,False,False
RGM_0246801,2025-07-19 14:35:51.863786432,2025-07-19 14:35:52.913786432,2025-07-19 14:35:51.988786432,2025-07-19 14:35:51,2025-07-19 14:35:00,4,489,3489,ring58,ring,2.0,163.0,120.0,16.0,S2_ring_D2_X163_Y120_Z16,S2_20250719-143002.313786432+0800.h5,485;486;487;488;489;490;491;492;493,9,5250,1.05,0.0089974071892035,0.0074014015640694,0.0094673202253708,8.500100293474905e-05,0.0007389431836764,514,10.423558112284818,0.079895583219052,8.500100293474905e-05,58,False,False
RGM_0246808,2025-07-19 14:35:53.713786432,2025-07-19 14:35:53.763786432,2025-07-19 14:35:53.738786432,2025-07-19 14:35:53,2025-07-19 14:35:00,4,343,3343,ring49,ring,2.0,20.0,20.0,98.0,S2_ring_D2_X20_Y20_Z98,S2_20250719-143002.313786432+0800.h5,339;340;341;342;343;344;345;346;347,9,250,0.05,0.0210876355407002,0.0081630083575703,0.0242551952572602,2.2234418634870155e-05,0.0001767094001946,515,10.444645747825518,0.0799178176376869,2.2234418634870155e-05,0,False,False
RGM_0246917,2025-07-19 14:36:11.863786432,2025-07-19 14:36:11.913786432,2025-07-19 14:36:11.888786432,2025-07-19 14:36:11,2025-07-19 14:36:00,4,343,3343,ring49,ring,2.0,20.0,20.0,98.0,S2_ring_D2_X20_Y20_Z98,S2_20250719-143002.313786432+0800.h5,339;340;341;342;343;344;345;346;347,9,250,0.05,0.0218561773311175,0.0103107776560886,0.0251089479224189,2.3884624376462862e-05,0.0001918049221827,516,10.466501925156637,0.0799417022620633,2.3884624376462862e-05,0,False,False
RGM_0247633,2025-07-19 14:38:11.663786432,2025-07-19 14:38:12.038786432,2025-07-19 14:38:11.988786432,2025-07-19 14:38:11,2025-07-19 14:38:00,4,489,3489,ring58,ring,2.0,163.0,120.0,16.0,S2_ring_D2_X163_Y120_Z16,S2_20250719-143002.313786432+0800.h5,485;486;487;488;489;490;491;492;493,9,1875,0.375,0.0096613671423546,0.0071050909254268,0.0106306785364655,3.500325564726407e-05,0.0003056882142951,517,10.476163292298992,0.0799767055177106,3.500325564726407e-05,58,False,False
RGM_0247649,2025-07-19 14:38:14.513786432,2025-07-19 14:38:14.613786432,2025-07-19 14:38:14.538786432,2025-07-19 14:38:14,2025-07-19 14:38:00,4,488,3488,ring58,ring,2.0,163.0,120.0,16.0,S2_ring_D2_X163_Y120_Z16,S2_20250719-143002.313786432+0800.h5,484;485;486;487;488;489;490;491;492,9,500,0.1,0.0134602590322484,0.0051810291706849,0.0161343154237879,1.8117857321522703e-05,0.0001388822751833,518,10.48962355133124,0.0799948233750321,1.8117857321522703e-05,58,False,False
RGM_0247651,2025-07-19 14:38:13.313786432,2025-07-19 14:38:15.313786432,2025-07-19 14:38:14.538786432,2025-07-19 14:38:14,2025-07-19 14:38:00,4,489,3489,ring58,ring,2.0,163.0,120.0,16.0,S2_ring_D2_X163_Y120_Z16,S2_20250719-143002.313786432+0800.h5,485;486;487;488;489;490;491;492;493,9,10000,2.0,0.0138414926029226,0.0097815627897574,0.0153783413590707,0.0003831738349535,0.0032091208381063,519,10.503465043934163,0.0803779972099856,0.0003831738349535,58,False,False
RGM_0247657,2025-07-19 14:38:15.163786432,2025-07-19 14:38:15.213786432,2025-07-19 14:38:15.188786432,2025-07-19 14:38:15,2025-07-19 14:38:00,4,440,3440,ring55,ring,2.0,127.0,20.0,64.0,S2_ring_D2_X127_Y20_Z64,S2_20250719-143002.313786432+0800.h5,436;437;438;439;440;441;442;443;444,9,250,0.05,0.0147448022423495,0.0106950871785855,0.0168776164674853,1.087045965829986e-05,9.503931993632004e-05,520,10.518209846176513,0.0803888676696439,1.087045965829986e-05,40,False,False
RGM_0247755,2025-07-19 14:38:26.738786432,2025-07-19 14:38:26.813786432,2025-07-19 14:38:26.763786432,2025-07-19 14:38:26,2025-07-19 14:38:00,4,343,3343,ring49,ring,2.0,20.0,20.0,98.0,S2_ring_D2_X20_Y20_Z98,S2_20250719-143002.313786432+0800.h5,339;340;341;342;343;344;345;346;347,9,375,0.075,0.0193226435825362,0.0114743843286527,0.0212844815048983,2.8002341626329687e-05,0.000231731944298,521,10.537532489759048,0.0804168700112702,2.8002341626329687e-05,0,False,False
RGM_0247783,2025-07-19 14:38:30.063786432,2025-07-19 14:38:30.113786432,2025-07-19 14:38:30.088786432,2025-07-19 14:38:30,2025-07-19 14:38:00,4,343,3343,ring49,ring,2.0,20.0,20.0,98.0,S2_ring_D2_X20_Y20_Z98,S2_20250719-143002.313786432+0800.h5,339;340;341;342;343;344;345;346;347,9,250,0.05,0.0202646133770995,0.0115112024678274,0.0222332776861824,2.0532727766166168e-05,0.0001671245881841,522,10.557797103136147,0.0804374027390364,2.0532727766166168e-05,0,False,False
RGM_0247808,2025-07-19 14:38:33.288786432,2025-07-19 14:38:33.338786432,2025-07-19 14:38:33.313786432,2025-07-19 14:38:33,2025-07-19 14:38:00,4,380,3380,ring51andring52,line,2.0,80.0,20.0,98.0,S2_line_D2_X80_Y20_Z98,S2_20250719-143002.313786432+0800.h5,376;377;378;379;380;381;382;383;384,9,250,0.05,0.011810925347835,0.0065215081607813,0.0139397635921979,6.974897878606667e-06,5.731480877186166e-05,523,10.569608028483982,0.080444377636915,6.974897878606667e-06,17,False,False
RGM_0248473,2025-07-19 14:40:06.638133983,2025-07-19 14:40:06.688133983,2025-07-19 14:40:06.663133983,2025-07-19 14:40:06,2025-07-19 14:40:00,4,489,3489,ring58,ring,2.0,163.0,120.0,16.0,S2_ring_D2_X163_Y120_Z16,S2_20250719-144002.313133983+0800.h5,485;486;487;488;489;490;491;492;493,9,250,0.05,0.0102210415313826,0.0062925356778902,0.0112517220972925,5.223484499312477e-06,4.195931392646644e-05,524,10.579829070015364,0.0804496011214143,5.223484499312477e-06,58,False,False
RGM_0249632,2025-07-19 14:42:24.388133983,2025-07-19 14:42:24.438133983,2025-07-19 14:42:24.413133983,2025-07-19 14:42:24,2025-07-19 14:42:00,4,373,3373,ring51,ring,2.0,60.0,20.0,98.0,S2_ring_D2_X60_Y20_Z98,S2_20250719-144002.313133983+0800.h5,369;370;371;372;373;374;375;376;377,9,250,0.05,0.0178907038035211,0.0152683685498491,0.0181094467457711,1.600386412926624e-05,0.0001349757123487,525,10.597719773818886,0.0804656049855436,1.600386412926624e-05,11,False,False
RGM_0249697,2025-07-19 14:42:33.813133983,2025-07-19 14:42:34.813133983,2025-07-19 14:42:34.313133983,2025-07-19 14:42:34,2025-07-19 14:42:00,4,270,3270,ring38andring39,line,20.0,90.0,60.0,80.0,S2_line_D20_X90_Y60_Z80,S2_20250719-144002.313133983+0800.h5,266;267;268;269;270;271;272;273;274,9,5000,1.0,0.009533805616063,0.0045854468927807,0.0098381414200693,9.089344952487452e-05,0.0006336251349602,526,10.60725357943495,0.0805564984350685,9.089344952487452e-05,87,False,False
RGM_0249702,2025-07-19 14:42:34.563133983,2025-07-19 14:42:34.788133983,2025-07-19 14:42:34.613133983,2025-07-19 14:42:34,2025-07-19 14:42:00,4,266,3266,ring37andring38,line,20.0,90.0,45.6,80.0,S2_line_D20_X90_Y45.6_Z80,S2_20250719-144002.313133983+0800.h5,262;263;264;265;266;267;268;269;270,9,1125,0.225,0.0151455053826702,0.0068423576039381,0.0161892095695534,5.1611924991711154e-05,0.0003693668299194,527,10.62239908481762,0.0806081103600602,5.1611924991711154e-05,85,False,False
RGM_0249704,2025-07-19 14:42:34.588133983,2025-07-19 14:42:34.638133983,2025-07-19 14:42:34.613133983,2025-07-19 14:42:34,2025-07-19 14:42:00,4,267,3267,ring38,ring,20.0,90.0,52.8,80.0,S2_ring_D20_X90_Y52.8_Z80,S2_20250719-144002.313133983+0800.h5,263;264;265;266;267;268;269;270;271,9,250,0.05,0.022024898479027,0.0090223462265877,0.0239438664248255,2.425480765057236e-05,0.0001880561603067,528,10.644423983296646,0.0806323651677108,2.425480765057236e-05,86,False,False
RGM_0249705,2025-07-19 14:42:34.563133983,2025-07-19 14:42:34.663133983,2025-07-19 14:42:34.613133983,2025-07-19 14:42:34,2025-07-19 14:42:00,4,270,3270,ring38andring39,line,20.0,90.0,60.0,80.0,S2_line_D20_X90_Y60_Z80,S2_20250719-144002.313133983+0800.h5,266;267;268;269;270;271;272;273;274,9,500,0.1,0.0185753583696578,0.0057815320384437,0.0201137977075022,3.4504393856121606e-05,0.0002467077164306,529,10.662999341666303,0.0806668695615669,3.4504393856121606e-05,87,False,False
RGM_0249707,2025-07-19 14:42:34.313133983,2025-07-19 14:42:34.813133983,2025-07-19 14:42:34.613133983,2025-07-19 14:42:34,2025-07-19 14:42:00,4,269,3269,ring38,ring,20.0,90.0,52.8,80.0,S2_ring_D20_X90_Y52.8_Z80,S2_20250719-144002.313133983+0800.h5,265;266;267;268;269;270;271;272;273,9,2500,0.5,0.0116537862669599,0.0050492633938129,0.0122479693221836,6.790536717799258e-05,0.0005181390405113,530,10.674653127933263,0.0807347749287449,6.790536717799258e-05,86,False,False
RGM_0249708,2025-07-19 14:42:34.563133983,2025-07-19 14:42:34.663133983,2025-07-19 14:42:34.613133983,2025-07-19 14:42:34,2025-07-19 14:42:00,4,271,3271,ring38andring39,line,20.0,90.0,80.0,80.0,S2_line_D20_X90_Y80_Z80,S2_20250719-144002.313133983+0800.h5,267;268;269;270;271;272;273;274;275,9,500,0.1,0.017545059813424,0.0057815320384437,0.0201137977075022,3.0782912385662726e-05,0.0002161395218676,531,10.692198187746689,0.0807655578411305,3.0782912385662726e-05,88,False,False
RGM_0249792,2025-07-19 14:42:47.063133983,2025-07-19 14:42:47.113133983,2025-07-19 14:42:47.088133983,2025-07-19 14:42:47,2025-07-19 14:42:00,4,437,3437,ring55,ring,2.0,127.0,20.0,64.0,S2_ring_D2_X127_Y20_Z64,S2_20250719-144002.313133983+0800.h5,433;434;435;436;437;438;439;440;441,9,250,0.05,0.0165014771992699,0.006332724790016,0.0200222133734724,1.3614937487901356e-05,0.0001125694106824,532,10.708699664945955,0.0807791727786184,1.3614937487901356e-05,40,False,False
RGM_0249947,2025-07-19 14:43:12.413133983,2025-07-19 14:43:12.463133983,2025-07-19 14:43:12.438133983,2025-07-19 14:43:12,2025-07-19 14:43:00,4,371,3371,ring51,ring,2.0,60.0,20.0,98.0,S2_ring_D2_X60_Y20_Z98,S2_20250719-144002.313133983+0800.h5,367;368;369;370;371;372;373;374;375,9,250,0.05,0.020606636039004,0.0116313378377237,0.0348796508120787,2.123167244219895e-05,0.0002493715199851,533,10.72930630098496,0.0808004044510606,2.123167244219895e-05,11,False,False
RGM_0250071,2025-07-19 14:43:31.563133983,2025-07-19 14:43:31.613133983,2025-07-19 14:43:31.588133983,2025-07-19 14:43:31,2025-07-19 14:43:00,4,489,3489,ring58,ring,2.0,163.0,120.0,16.0,S2_ring_D2_X163_Y120_Z16,S2_20250719-144002.313133983+0800.h5,485;486;487;488;489;490;491;492;493,9,250,0.05,0.0107576022328887,0.0056041274005272,0.0116432186013734,5.78630029005261e-06,4.642045883953295e-05,534,10.74006390321785,0.0808061907513507,5.78630029005261e-06,58,False,False
RGM_0250229,2025-07-19 14:43:52.588133983,2025-07-19 14:43:54.438133983,2025-07-19 14:43:54.413133983,2025-07-19 14:43:54,2025-07-19 14:43:00,4,371,3371,ring51,ring,2.0,60.0,20.0,98.0,S2_ring_D2_X60_Y20_Z98,S2_20250719-144002.313133983+0800.h5,367;368;369;370;371;372;373;374;375,9,9250,1.85,0.0100028528665783,0.0043954958728998,0.0188531928096343,0.0001851055711202,0.0023272238500727,535,10.75006675608443,0.080991296322471,0.0001851055711202,11,False,False
RGM_0250457,2025-07-19 14:44:32.538133983,2025-07-19 14:44:32.588133983,2025-07-19 14:44:32.563133983,2025-07-19 14:44:32,2025-07-19 14:44:00,4,343,3343,ring49,ring,2.0,20.0,20.0,98.0,S2_ring_D2_X20_Y20_Z98,S2_20250719-144002.313133983+0800.h5,339;340;341;342;343;344;345;346;347,9,250,0.05,0.0216217681446914,0.0144735150575987,0.025090342413166,2.3375042885139635e-05,0.0002099813621163,536,10.77168852422912,0.0810146713653561,2.3375042885139635e-05,0,False,False
RGM_0251391,2025-07-19 14:47:06.313133983,2025-07-19 14:47:06.363133983,2025-07-19 14:47:06.338133983,2025-07-19 14:47:06,2025-07-19 14:47:00,4,440,3440,ring55,ring,2.0,127.0,20.0,64.0,S2_ring_D2_X127_Y20_Z64,S2_20250719-144002.313133983+0800.h5,436;437;438;439;440;441;442;443;444,9,250,0.05,0.0161015214858964,0.0102103446116285,0.018814412912095,1.2962949708039226e-05,0.0001148257505831,537,10.787790045715017,0.0810276343150641,1.2962949708039226e-05,40,False,False
RGM_0251792,2025-07-19 14:48:04.713133983,2025-07-19 14:48:04.813133983,2025-07-19 14:48:04.788133983,2025-07-19 14:48:04,2025-07-19 14:48:00,4,373,3373,ring51,ring,2.0,60.0,20.0,98.0,S2_ring_D2_X60_Y20_Z98,S2_20250719-144002.313133983+0800.h5,369;370;371;372;373;374;375;376;377,9,500,0.1,0.0155546205081889,0.0097244530763211,0.019820240588571,2.419462191537726e-05,0.0002067771572349,538,10.803344666223206,0.0810518289369795,2.419462191537726e-05,11,False,False
RGM_0252931,2025-07-19 14:52:00.212472430,2025-07-19 14:52:02.712472430,2025-07-19 14:52:00.812472430,2025-07-19 14:52:00,2025-07-19 14:52:00,5,374,3374,ring51,ring,2.0,60.0,20.0,98.0,S2_ring_D2_X60_Y20_Z98,S2_20250719-145002.312472430+0800.h5,370;371;372;373;374;375;376;377;378,9,12500,2.5,0.0099368666311788,0.005862532537717,0.0110448578370886,0.0002468532961145,0.002085434134409,539,10.813281532854385,0.0812986822330941,0.0002468532961145,11,False,False
RGM_0252959,2025-07-19 14:52:11.237472430,2025-07-19 14:52:11.287472430,2025-07-19 14:52:11.262472430,2025-07-19 14:52:11,2025-07-19 14:52:00,5,339,3339,ring49,ring,2.0,20.0,20.0,98.0,S2_ring_D2_X20_Y20_Z98,S2_20250719-145002.312472430+0800.h5,335;336;337;338;339;340;341;342;343,9,250,0.05,0.0192821473316735,0.0085433075571928,0.0219430331849854,1.8590060286018355e-05,0.0001384626264599,540,10.83256368018606,0.0813172722933801,1.8590060286018355e-05,0,False,False
RGM_0253997,2025-07-19 14:57:05.162472430,2025-07-19 14:57:08.162472430,2025-07-19 14:57:08.137472430,2025-07-19 14:57:08,2025-07-19 14:57:00,5,374,3374,ring51,ring,2.0,60.0,20.0,98.0,S2_ring_D2_X60_Y20_Z98,S2_20250719-145002.312472430+0800.h5,370;371;372;373;374;375;376;377;378,9,15000,3.0,0.0101585559658153,0.0087712012365253,0.0160295284611678,0.0003095887779318,0.0032376714787361,541,10.842722236151875,0.0816268610713119,0.0003095887779318,11,False,False
RGM_0254100,2025-07-19 14:57:33.762472430,2025-07-19 14:57:34.212472430,2025-07-19 14:57:34.112472430,2025-07-19 14:57:34,2025-07-19 14:57:00,5,489,3489,ring58,ring,2.0,163.0,120.0,16.0,S2_ring_D2_X163_Y120_Z16,S2_20250719-145002.312472430+0800.h5,485;486;487;488;489;490;491;492;493,9,2250,0.45,0.0103570015524123,0.0074267012537653,0.0116877462041164,4.8270366520502686e-05,0.0004147679032127,542,10.853079237704288,0.0816751314378324,4.8270366520502686e-05,58,False,False
RGM_0254108,2025-07-19 14:57:35.312472430,2025-07-19 14:57:37.312472430,2025-07-19 14:57:36.462472430,2025-07-19 14:57:36,2025-07-19 14:57:00,5,489,3489,ring58,ring,2.0,163.0,120.0,16.0,S2_ring_D2_X163_Y120_Z16,S2_20250719-145002.312472430+0800.h5,485;486;487;488;489;490;491;492;493,9,10000,2.0,0.0143669941423799,0.0087135636419953,0.0166874305237755,0.0004128210413743,0.0035542174820646,543,10.867446231846667,0.0820879524792068,0.0004128210413743,58,False,False
RGM_0254183,2025-07-19 14:57:55.287472430,2025-07-19 14:57:55.337472430,2025-07-19 14:57:55.312472430,2025-07-19 14:57:55,2025-07-19 14:57:00,5,340,3340,ring49,ring,2.0,20.0,20.0,98.0,S2_ring_D2_X20_Y20_Z98,S2_20250719-145002.312472430+0800.h5,336;337;338;339;340;341;342;343;344,9,250,0.05,0.0222434413538987,0.0096092308991625,0.0297408502063023,2.473853416321665e-05,0.0002185600463741,544,10.889689673200566,0.08211269101337,2.473853416321665e-05,0,False,False
RGM_0254586,2025-07-19 14:59:56.412472430,2025-07-19 14:59:56.612472430,2025-07-19 14:59:56.512472430,2025-07-19 14:59:56,2025-07-19 14:59:00,5,266,3266,ring37andring38,line,20.0,90.0,45.6,80.0,S2_line_D20_X90_Y45.6_Z80,S2_20250719-145002.312472430+0800.h5,262;263;264;265;266;267;268;269;270,9,1000,0.2,0.0273983510961897,0.0227197217793896,0.0320036624719097,0.000150133928558,0.0014145201993546,545,10.917088024296756,0.082262824941928,0.000150133928558,85,False,False
RGM_0254588,2025-07-19 14:59:56.487472430,2025-07-19 14:59:56.537472430,2025-07-19 14:59:56.512472430,2025-07-19 14:59:56,2025-07-19 14:59:00,5,267,3267,ring38,ring,20.0,90.0,52.8,80.0,S2_ring_D20_X90_Y52.8_Z80,S2_20250719-145002.312472430+0800.h5,263;264;265;266;267;268;269;270;271,9,250,0.05,0.0387673022235727,0.0317702998701335,0.0475049402575366,7.514518608469142e-05,0.0007164966249726,546,10.955855326520329,0.0823379701280127,7.514518608469142e-05,86,False,False
RGM_0254589,2025-07-19 14:59:56.412472430,2025-07-19 14:59:56.612472430,2025-07-19 14:59:56.512472430,2025-07-19 14:59:56,2025-07-19 14:59:00,5,267,3267,ring38,ring,20.0,90.0,52.8,80.0,S2_ring_D20_X90_Y52.8_Z80,S2_20250719-145002.312472430+0800.h5,263;264;265;266;267;268;269;270;271,9,1000,0.2,0.02810950240124,0.0249173439496767,0.0320036624719097,0.000158028825049,0.0014693118728571,547,10.983964828921568,0.0824959989530618,0.000158028825049,86,False,False
RGM_0254601,2025-07-19 14:59:55.812472430,2025-07-19 14:59:57.812472430,2025-07-19 14:59:56.687472430,2025-07-19 14:59:56,2025-07-19 14:59:00,5,265,3265,ring37andring38,line,20.0,90.0,25.6,80.0,S2_line_D20_X90_Y25.6_Z80,S2_20250719-145002.312472430+0800.h5,262;263;264;265;266;267;268;269,8,10000,2.0,0.0112945870403055,0.0092206418271691,0.0132141892353511,0.0002557399503585,0.0020707988117422,548,10.995259415961874,0.0827517389034203,0.0002557399503585,84,False,False
RGM_0255221,2025-07-19 15:01:31.836816919,2025-07-19 15:01:31.961816919,2025-07-19 15:01:31.936816919,2025-07-19 15:01:31,2025-07-19 15:01:00,5,383,3383,ring51andring52,line,2.0,80.0,80.0,98.0,S2_line_D2_X80_Y80_Z98,S2_20250719-150002.311816919+0800.h5,379;380;381;382;383;384;385;386;387,9,625,0.125,0.0101604071999822,0.0058340826842025,0.0109925207329995,1.2904234308681444e-05,9.644598168163032e-05,549,11.005419823161857,0.082764643137729,1.2904234308681444e-05,20,False,False
RGM_0255337,2025-07-19 15:01:45.086816919,2025-07-19 15:01:45.211816919,2025-07-19 15:01:45.111816919,2025-07-19 15:01:45,2025-07-19 15:01:00,5,383,3383,ring51andring52,line,2.0,80.0,80.0,98.0,S2_line_D2_X80_Y80_Z98,S2_20250719-150002.311816919+0800.h5,379;380;381;382;383;384;385;386;387,9,625,0.125,0.0099934199939473,0.0058075620120511,0.0107950510152509,1.2483555396928278e-05,9.3128879547563e-05,550,11.015413243155804,0.0827771266931259,1.2483555396928278e-05,20,False,False
RGM_0255900,2025-07-19 15:02:59.336816919,2025-07-19 15:02:59.386816919,2025-07-19 15:02:59.361816919,2025-07-19 15:02:59,2025-07-19 15:02:00,5,494,3494,andring58,line,2.0,169.0,70.0,8.0,S2_line_D2_X169_Y70_Z8,S2_20250719-150002.311816919+0800.h5,490;491;492;493;494;495,6,250,0.05,0.0144090550863619,0.009906687835579,0.0155489239348079,1.0388099037788798e-05,5.673955632232276e-05,551,11.029822298242166,0.0827875147921637,1.0388099037788798e-05,60,False,False
RGM_0256223,2025-07-19 15:03:40.411816919,2025-07-19 15:03:40.461816919,2025-07-19 15:03:40.436816919,2025-07-19 15:03:40,2025-07-19 15:03:00,5,383,3383,ring51andring52,line,2.0,80.0,80.0,98.0,S2_line_D2_X80_Y80_Z98,S2_20250719-150002.311816919+0800.h5,379;380;381;382;383;384;385;386;387,9,250,0.05,0.011445625800697,0.0071477448308965,0.0139838735287411,6.550117498479084e-06,5.772932682872123e-05,552,11.041267924042865,0.0827940649096622,6.550117498479084e-06,20,False,False
RGM_0256289,2025-07-19 15:03:44.411816919,2025-07-19 15:03:44.461816919,2025-07-19 15:03:44.436816919,2025-07-19 15:03:44,2025-07-19 15:03:00,5,382,3382,ring51andring52,line,2.0,80.0,60.0,98.0,S2_line_D2_X80_Y60_Z98,S2_20250719-150002.311816919+0800.h5,378;379;380;381;382;383;384;385;386,9,250,0.05,0.0121952137566316,0.0080947703046291,0.0145708142396921,7.436161928496847e-06,6.65938686535082e-05,553,11.053463137799495,0.0828015010715907,7.436161928496847e-06,19,False,False
RGM_0256290,2025-07-19 15:03:44.361816919,2025-07-19 15:03:44.561816919,2025-07-19 15:03:44.461816919,2025-07-19 15:03:44,2025-07-19 15:03:00,5,384,3384,ring51andring52,line,2.0,80.0,100.0,98.0,S2_line_D2_X80_Y100_Z98,S2_20250719-150002.311816919+0800.h5,380;381;382;383;384;385;386;387;388,9,1000,0.2,0.009270950883862,0.0074109638853653,0.0131469469456136,1.7190106058196337e-05,0.0001872089326993,554,11.062734088683357,0.0828186911776489,1.7190106058196337e-05,21,False,False
RGM_0256294,2025-07-19 15:03:44.436816919,2025-07-19 15:03:44.486816919,2025-07-19 15:03:44.461816919,2025-07-19 15:03:44,2025-07-19 15:03:00,5,383,3383,ring51andring52,line,2.0,80.0,80.0,98.0,S2_line_D2_X80_Y80_Z98,S2_20250719-150002.311816919+0800.h5,379;380;381;382;383;384;385;386;387,9,250,0.05,0.0120985737872739,0.0079360735677776,0.0147772672974908,7.318774384305645e-06,6.42925351092565e-05,555,11.07483266247063,0.0828260099520332,7.318774384305645e-06,20,False,False
RGM_0256296,2025-07-19 15:03:44.436816919,2025-07-19 15:03:44.536816919,2025-07-19 15:03:44.486816919,2025-07-19 15:03:44,2025-07-19 15:03:00,5,383,3383,ring51andring52,line,2.0,80.0,80.0,98.0,S2_line_D2_X80_Y80_Z98,S2_20250719-150002.311816919+0800.h5,379;380;381;382;383;384;385;386;387,9,500,0.1,0.0133591221864516,0.0080444767110814,0.0167079301438249,1.7846614559254585e-05,0.0001592220665239,556,11.088191784657084,0.0828438565665924,1.7846614559254585e-05,20,False,False
RGM_0256297,2025-07-19 15:03:44.436816919,2025-07-19 15:03:44.536816919,2025-07-19 15:03:44.486816919,2025-07-19 15:03:44,2025-07-19 15:03:00,5,381,3381,ring51andring52,line,2.0,80.0,40.0,98.0,S2_line_D2_X80_Y40_Z98,S2_20250719-150002.311816919+0800.h5,377;378;379;380;381;382;383;384;385,9,500,0.1,0.0138439818044204,0.0102872841073748,0.0167079301438249,1.916558322011257e-05,0.0001786170419853,557,11.102035766461505,0.0828630221498126,1.916558322011257e-05,18,False,False
RGM_0256299,2025-07-19 15:03:44.436816919,2025-07-19 15:03:45.036816919,2025-07-19 15:03:44.511816919,2025-07-19 15:03:44,2025-07-19 15:03:00,5,383,3383,ring51andring52,line,2.0,80.0,80.0,98.0,S2_line_D2_X80_Y80_Z98,S2_20250719-150002.311816919+0800.h5,379;380;381;382;383;384;385;386;387,9,3000,0.6,0.0088717887297304,0.0073215022570004,0.0111278637560157,4.7225181158983765e-05,0.000459440878265,558,11.110907555191233,0.0829102473309715,4.7225181158983765e-05,20,False,False
RGM_0256369,2025-07-19 15:03:48.986816919,2025-07-19 15:03:49.486816919,2025-07-19 15:03:49.461816919,2025-07-19 15:03:49,2025-07-19 15:03:00,5,382,3382,ring51andring52,line,2.0,80.0,60.0,98.0,S2_line_D2_X80_Y60_Z98,S2_20250719-150002.311816919+0800.h5,378;379;380;381;382;383;384;385;386,9,2500,0.5,0.0089625354076736,0.0067323408149958,0.0101659623869982,4.016352046690191e-05,0.0003440855920467,559,11.119870090598909,0.0829504108514384,4.016352046690191e-05,19,False,False
RGM_0256635,2025-07-19 15:03:59.311816919,2025-07-19 15:03:59.661816919,2025-07-19 15:03:59.411816919,2025-07-19 15:03:59,2025-07-19 15:03:00,5,382,3382,ring51andring52,line,2.0,80.0,60.0,98.0,S2_line_D2_X80_Y60_Z98,S2_20250719-150002.311816919+0800.h5,378;379;380;381;382;383;384;385;386,9,1750,0.35,0.0098131388495733,0.0073561005202899,0.0112245306563367,3.370419292835174e-05,0.0002841846101317,560,11.12968322944848,0.0829841150443668,3.370419292835174e-05,19,False,False
RGM_0256636,2025-07-19 15:03:59.536816919,2025-07-19 15:03:59.686816919,2025-07-19 15:03:59.661816919,2025-07-19 15:03:59,2025-07-19 15:03:00,5,385,3385,ring52,ring,2.0,80.0,120.0,98.0,S2_ring_D2_X80_Y120_Z98,S2_20250719-150002.311816919+0800.h5,381;382;383;384;385;386;387;388;389,9,750,0.15,0.0082847350659832,0.0059532545482977,0.0094530900591819,1.0295525267029954e-05,8.652576664030617e-05,561,11.137967964514464,0.0829944105696338,1.0295525267029954e-05,22,False,False
RGM_0256637,2025-07-19 15:03:59.636816919,2025-07-19 15:03:59.686816919,2025-07-19 15:03:59.661816919,2025-07-19 15:03:59,2025-07-19 15:03:00,5,383,3383,ring51andring52,line,2.0,80.0,80.0,98.0,S2_line_D2_X80_Y80_Z98,S2_20250719-150002.311816919+0800.h5,379;380;381;382;383;384;385;386;387,9,250,0.05,0.0084601579724321,0.0062559538532543,0.0097633081667822,3.578713645925374e-06,3.113592061871653e-05,562,11.146428122486896,0.0829979892832798,3.578713645925374e-06,20,False,False
RGM_0256943,2025-07-19 15:04:21.211816919,2025-07-19 15:04:21.411816919,2025-07-19 15:04:21.286816919,2025-07-19 15:04:21,2025-07-19 15:04:00,5,375,3375,ring51,ring,2.0,60.0,20.0,98.0,S2_ring_D2_X60_Y20_Z98,S2_20250719-150002.311816919+0800.h5,371;372;373;374;375;376;377;378;379,9,1000,0.2,0.0106205677611595,0.0054538431364132,0.0149747066095944,2.2559291913876364e-05,0.000211848385772,563,11.157048690248056,0.0830205485751936,2.2559291913876364e-05,11,False,False
RGM_0257019,2025-07-19 15:04:27.086816919,2025-07-19 15:04:27.136816919,2025-07-19 15:04:27.111816919,2025-07-19 15:04:27,2025-07-19 15:04:00,5,381,3381,ring51andring52,line,2.0,80.0,40.0,98.0,S2_line_D2_X80_Y40_Z98,S2_20250719-150002.311816919+0800.h5,377;378;379;380;381;382;383;384;385,9,250,0.05,0.0145947418597844,0.0125518190310094,0.0162397572684609,1.0650324497687213e-05,9.717294774145324e-05,564,11.17164343210784,0.0830311988996913,1.0650324497687213e-05,18,False,False
RGM_0257023,2025-07-19 15:04:27.086816919,2025-07-19 15:04:27.186816919,2025-07-19 15:04:27.136816919,2025-07-19 15:04:27,2025-07-19 15:04:00,5,383,3383,ring51andring52,line,2.0,80.0,80.0,98.0,S2_line_D2_X80_Y80_Z98,S2_20250719-150002.311816919+0800.h5,379;380;381;382;383;384;385;386;387,9,500,0.1,0.015219225562341,0.0103180232647711,0.0166135259103042,2.316248267174157e-05,0.0001940375343444,565,11.18686265767018,0.0830543613823631,2.316248267174157e-05,20,False,False
RGM_0257026,2025-07-19 15:04:27.086816919,2025-07-19 15:04:27.186816919,2025-07-19 15:04:27.136816919,2025-07-19 15:04:27,2025-07-19 15:04:00,5,384,3384,ring51andring52,line,2.0,80.0,100.0,98.0,S2_line_D2_X80_Y100_Z98,S2_20250719-150002.311816919+0800.h5,380;381;382;383;384;385;386;387;388,9,500,0.1,0.0144344576193628,0.0084106369631775,0.0166135259103042,2.083535667651832e-05,0.0001765035698408,566,11.201297115289544,0.0830751967390396,2.083535667651832e-05,21,False,False
RGM_0257028,2025-07-19 15:04:27.086816919,2025-07-19 15:04:27.186816919,2025-07-19 15:04:27.136816919,2025-07-19 15:04:27,2025-07-19 15:04:00,5,381,3381,ring51andring52,line,2.0,80.0,40.0,98.0,S2_line_D2_X80_Y40_Z98,S2_20250719-150002.311816919+0800.h5,377;378;379;380;381;382;383;384;385,9,500,0.1,0.015219225562341,0.0131212212272263,0.0166135259103042,2.316248267174157e-05,0.0002059915909897,567,11.216516340851884,0.0830983592217113,2.316248267174157e-05,18,False,False
RGM_0257030,2025-07-19 15:04:27.086816919,2025-07-19 15:04:27.186816919,2025-07-19 15:04:27.136816919,2025-07-19 15:04:27,2025-07-19 15:04:00,5,379,3379,ring51,ring,2.0,60.0,20.0,98.0,S2_ring_D2_X60_Y20_Z98,S2_20250719-150002.311816919+0800.h5,375;376;377;378;379;380;381;382;383,9,500,0.1,0.015219225562341,0.0112092625790825,0.0166135259103042,2.316248267174157e-05,0.0001936346737405,568,11.231735566414224,0.0831215217043831,2.316248267174157e-05,11,False,False
RGM_0257033,2025-07-19 15:04:27.086816919,2025-07-19 15:04:27.186816919,2025-07-19 15:04:27.136816919,2025-07-19 15:04:27,2025-07-19 15:04:00,5,380,3380,ring51andring52,line,2.0,80.0,20.0,98.0,S2_line_D2_X80_Y20_Z98,S2_20250719-150002.311816919+0800.h5,376;377;378;379;380;381;382;383;384,9,500,0.1,0.015219225562341,0.0121066646232633,0.0166135259103042,2.316248267174157e-05,0.0002019052736603,569,11.246954791976563,0.0831446841870548,2.316248267174157e-05,17,False,False
RGM_0257036,2025-07-19 15:04:27.061816919,2025-07-19 15:04:27.261816919,2025-07-19 15:04:27.161816919,2025-07-19 15:04:27,2025-07-19 15:04:00,5,383,3383,ring51andring52,line,2.0,80.0,80.0,98.0,S2_line_D2_X80_Y80_Z98,S2_20250719-150002.311816919+0800.h5,379;380;381;382;383;384;385;386;387,9,1000,0.2,0.0117249217307417,0.0093025322790655,0.0130232543157877,2.7494757918404223e-05,0.0002440916560076,570,11.258679713707307,0.0831721789449732,2.7494757918404223e-05,20,False,False
RGM_0257037,2025-07-19 15:04:27.111816919,2025-07-19 15:04:27.211816919,2025-07-19 15:04:27.161816919,2025-07-19 15:04:27,2025-07-19 15:04:00,5,384,3384,ring51andring52,line,2.0,80.0,100.0,98.0,S2_line_D2_X80_Y100_Z98,S2_20250719-150002.311816919+0800.h5,380;381;382;383;384;385;386;387;388,9,500,0.1,0.0125856732772572,0.0084179751998311,0.0137130004437026,1.583991718418683e-05,0.000133149889969,571,11.271265386984563,0.0831880188621574,1.583991718418683e-05,21,False,False
RGM_0257830,2025-07-19 15:05:03.311816919,2025-07-19 15:05:03.811816919,2025-07-19 15:05:03.611816919,2025-07-19 15:05:03,2025-07-19 15:05:00,5,383,3383,ring51andring52,line,2.0,80.0,80.0,98.0,S2_line_D2_X80_Y80_Z98,S2_20250719-150002.311816919+0800.h5,379;380;381;382;383;384;385;386;387,9,2500,0.5,0.0090686834238365,0.0079626800737391,0.011387192554666,4.1120509520883485e-05,0.000425867944878,572,11.2803340704084,0.0832291393716783,4.1120509520883485e-05,20,False,False
RGM_0257832,2025-07-19 15:05:03.561816919,2025-07-19 15:05:04.061816919,2025-07-19 15:05:03.761816919,2025-07-19 15:05:03,2025-07-19 15:05:00,5,383,3383,ring51andring52,line,2.0,80.0,80.0,98.0,S2_line_D2_X80_Y80_Z98,S2_20250719-150002.311816919+0800.h5,379;380;381;382;383;384;385;386;387,9,2500,0.5,0.0089606682240491,0.0075897109201033,0.0110018654340084,4.014678751074193e-05,0.0003978876488143,573,11.28929473863245,0.083269286159189,4.014678751074193e-05,20,False,False
RGM_0257841,2025-07-19 15:05:04.261816919,2025-07-19 15:05:04.311816919,2025-07-19 15:05:04.286816919,2025-07-19 15:05:04,2025-07-19 15:05:00,5,489,3489,ring58,ring,2.0,163.0,120.0,16.0,S2_ring_D2_X163_Y120_Z16,S2_20250719-150002.311816919+0800.h5,485;486;487;488;489;490;491;492;493,9,250,0.05,0.011412791798867,0.0048284888810882,0.0121945429659414,6.512590832214326e-06,4.893599062168802e-05,574,11.300707530431316,0.0832757987500213,6.512590832214326e-06,58,False,False
RGM_0258025,2025-07-19 15:05:11.561816919,2025-07-19 15:05:11.611816919,2025-07-19 15:05:11.586816919,2025-07-19 15:05:11,2025-07-19 15:05:00,5,383,3383,ring51andring52,line,2.0,80.0,80.0,98.0,S2_line_D2_X80_Y80_Z98,S2_20250719-150002.311816919+0800.h5,379;380;381;382;383;384;385;386;387,9,250,0.05,0.0084427670466646,0.0062938856619218,0.0089344393499207,3.564015770212365e-06,2.8679867132197787e-05,575,11.30915029747798,0.0832793627657915,3.564015770212365e-06,20,False,False
RGM_0258027,2025-07-19 15:05:11.561816919,2025-07-19 15:05:11.761816919,2025-07-19 15:05:11.661816919,2025-07-19 15:05:11,2025-07-19 15:05:00,5,383,3383,ring51andring52,line,2.0,80.0,80.0,98.0,S2_line_D2_X80_Y80_Z98,S2_20250719-150002.311816919+0800.h5,379;380;381;382;383;384;385;386;387,9,1000,0.2,0.008350186185969,0.0063976026405563,0.0088187174344717,1.394512186806959e-05,0.0001136568463604,576,11.31750048366395,0.0832933078876595,1.394512186806959e-05,20,False,False
RGM_0258030,2025-07-19 15:05:11.661816919,2025-07-19 15:05:11.861816919,2025-07-19 15:05:11.761816919,2025-07-19 15:05:11,2025-07-19 15:05:00,5,384,3384,ring51andring52,line,2.0,80.0,100.0,98.0,S2_line_D2_X80_Y100_Z98,S2_20250719-150002.311816919+0800.h5,380;381;382;383;384;385;386;387;388,9,1000,0.2,0.0095140492984859,0.0090152241670609,0.011204360256996,1.8103426810804302e-05,0.0001764399948295,577,11.327014532962435,0.0833114113144703,1.8103426810804302e-05,21,False,False
RGM_0258033,2025-07-19 15:05:11.761816919,2025-07-19 15:05:11.961816919,2025-07-19 15:05:11.836816919,2025-07-19 15:05:11,2025-07-19 15:05:00,5,383,3383,ring51andring52,line,2.0,80.0,80.0,98.0,S2_line_D2_X80_Y80_Z98,S2_20250719-150002.311816919+0800.h5,379;380;381;382;383;384;385;386;387,9,1000,0.2,0.0100108983942936,0.0094449048266266,0.0120306075477082,2.004361733217429e-05,0.0002000290938943,578,11.33702543135673,0.0833314549318025,2.004361733217429e-05,20,False,False
RGM_0258035,2025-07-19 15:05:11.836816919,2025-07-19 15:05:11.936816919,2025-07-19 15:05:11.886816919,2025-07-19 15:05:11,2025-07-19 15:05:00,5,383,3383,ring51andring52,line,2.0,80.0,80.0,98.0,S2_line_D2_X80_Y80_Z98,S2_20250719-150002.311816919+0800.h5,379;380;381;382;383;384;385;386;387,9,500,0.1,0.0120967523259612,0.0098685020149061,0.0142644909447291,1.4633141683564771e-05,0.0001341402575611,579,11.349122183682692,0.0833460880734861,1.4633141683564771e-05,20,False,False
RGM_0258087,2025-07-19 15:05:14.236816919,2025-07-19 15:05:14.286816919,2025-07-19 15:05:14.261816919,2025-07-19 15:05:14,2025-07-19 15:05:00,5,383,3383,ring51andring52,line,2.0,80.0,80.0,98.0,S2_line_D2_X80_Y80_Z98,S2_20250719-150002.311816919+0800.h5,379;380;381;382;383;384;385;386;387,9,250,0.05,0.0085017806895023,0.0071890664174735,0.0094959254477392,3.6140137446197142e-06,3.2499433759682e-05,580,11.357623964372197,0.0833497020872307,3.6140137446197142e-06,20,False,False
RGM_0258089,2025-07-19 15:05:14.261816919,2025-07-19 15:05:14.461816919,2025-07-19 15:05:14.436816919,2025-07-19 15:05:14,2025-07-19 15:05:00,5,383,3383,ring51andring52,line,2.0,80.0,80.0,98.0,S2_line_D2_X80_Y80_Z98,S2_20250719-150002.311816919+0800.h5,379;380;381;382;383;384;385;386;387,9,1000,0.2,0.0093725817049598,0.0087608682813168,0.0112299080395707,1.756905756322947e-05,0.0001745493083132,581,11.366996546077155,0.0833672711447939,1.756905756322947e-05,20,False,False
RGM_0258091,2025-07-19 15:05:14.411816919,2025-07-19 15:05:14.511816919,2025-07-19 15:05:14.436816919,2025-07-19 15:05:14,2025-07-19 15:05:00,5,382,3382,ring51andring52,line,2.0,80.0,60.0,98.0,S2_line_D2_X80_Y60_Z98,S2_20250719-150002.311816919+0800.h5,378;379;380;381;382;383;384;385;386,9,500,0.1,0.0118695396044895,0.0102473996363961,0.0136745768292135,1.4088597042254568e-05,0.0001274024017345,582,11.378866085681643,0.0833813597418362,1.4088597042254568e-05,19,False,False
RGM_0258178,2025-07-19 15:05:19.411816919,2025-07-19 15:05:19.461816919,2025-07-19 15:05:19.436816919,2025-07-19 15:05:19,2025-07-19 15:05:00,5,383,3383,ring51andring52,line,2.0,80.0,80.0,98.0,S2_line_D2_X80_Y80_Z98,S2_20250719-150002.311816919+0800.h5,379;380;381;382;383;384;385;386;387,9,250,0.05,0.0087007301906088,0.0064812268028671,0.0095591271414101,3.785135292488631e-06,3.157411088947521e-05,583,11.387566815872256,0.0833851448771287,3.785135292488631e-06,20,False,False
RGM_0258180,2025-07-19 15:05:19.511816919,2025-07-19 15:05:19.561816919,2025-07-19 15:05:19.536816919,2025-07-19 15:05:19,2025-07-19 15:05:00,5,383,3383,ring51andring52,line,2.0,80.0,80.0,98.0,S2_line_D2_X80_Y80_Z98,S2_20250719-150002.311816919+0800.h5,379;380;381;382;383;384;385;386;387,9,250,0.05,0.0141764080702446,0.0113474632184226,0.0160145587521155,1.0048527288704949e-05,8.862722440406865e-05,584,11.4017432239425,0.0833951934044174,1.0048527288704949e-05,20,False,False
RGM_0258182,2025-07-19 15:05:19.511816919,2025-07-19 15:05:19.711816919,2025-07-19 15:05:19.561816919,2025-07-19 15:05:19,2025-07-19 15:05:00,5,384,3384,ring51andring52,line,2.0,80.0,100.0,98.0,S2_line_D2_X80_Y100_Z98,S2_20250719-150002.311816919+0800.h5,380;381;382;383;384;385;386;387;388,9,1000,0.2,0.0103632622553514,0.0096535780228492,0.0117590222236794,2.1479440914638356e-05,0.0002038608250988,585,11.412106486197851,0.083416672845332,2.1479440914638356e-05,21,False,False
RGM_0258373,2025-07-19 15:05:31.061816919,2025-07-19 15:05:31.261816919,2025-07-19 15:05:31.136816919,2025-07-19 15:05:31,2025-07-19 15:05:00,5,383,3383,ring51andring52,line,2.0,80.0,80.0,98.0,S2_line_D2_X80_Y80_Z98,S2_20250719-150002.311816919+0800.h5,379;380;381;382;383;384;385;386;387,9,1000,0.2,0.008707531220419,0.0074584970187579,0.0095490057070665,1.5164219990914427e-05,0.0001343297597145,586,11.420814017418271,0.0834318370653229,1.5164219990914427e-05,20,False,False
RGM_0258457,2025-07-19 15:05:35.336816919,2025-07-19 15:05:35.386816919,2025-07-19 15:05:35.361816919,2025-07-19 15:05:35,2025-07-19 15:05:00,5,383,3383,ring51andring52,line,2.0,80.0,80.0,98.0,S2_line_D2_X80_Y80_Z98,S2_20250719-150002.311816919+0800.h5,379;380;381;382;383;384;385;386;387,9,250,0.05,0.0083934576664602,0.0068392197140437,0.0092897949452979,3.522506579933013e-06,3.045644637749464e-05,587,11.429207475084732,0.0834353595719029,3.522506579933013e-06,20,False,False
RGM_0258462,2025-07-19 15:05:35.661816919,2025-07-19 15:05:35.861816919,2025-07-19 15:05:35.761816919,2025-07-19 15:05:35,2025-07-19 15:05:00,5,383,3383,ring51andring52,line,2.0,80.0,80.0,98.0,S2_line_D2_X80_Y80_Z98,S2_20250719-150002.311816919+0800.h5,379;380;381;382;383;384;385;386;387,9,1000,0.2,0.0099155853395281,0.008592377769123,0.0114455999631065,1.966376652509316e-05,0.0001768440759853,588,11.43912306042426,0.083455023338428,1.966376652509316e-05,20,False,False
RGM_0259350,2025-07-19 15:06:25.436816919,2025-07-19 15:06:26.561816919,2025-07-19 15:06:25.611816919,2025-07-19 15:06:25,2025-07-19 15:06:00,5,494,3494,andring58,line,2.0,169.0,70.0,8.0,S2_line_D2_X169_Y70_Z8,S2_20250719-150002.311816919+0800.h5,490;491;492;493;494;495,6,5625,1.125,0.0104700680137717,0.0092911131576457,0.0142626390823177,0.0001239361425065,0.0008699812528527,589,11.449593128438032,0.0835789594809345,0.0001239361425065,60,False,False
RGM_0259440,2025-07-19 15:06:30.536816919,2025-07-19 15:06:30.611816919,2025-07-19 15:06:30.561816919,2025-07-19 15:06:30,2025-07-19 15:06:00,5,384,3384,ring51andring52,line,2.0,80.0,100.0,98.0,S2_line_D2_X80_Y100_Z98,S2_20250719-150002.311816919+0800.h5,380;381;382;383;384;385;386;387;388,9,375,0.075,0.0091428509789956,0.0065547286338411,0.0103388891442768,6.269379301809066e-06,5.125899788877463e-05,590,11.458735979417028,0.0835852288602363,6.269379301809066e-06,21,False,False
RGM_0259443,2025-07-19 15:06:30.611816919,2025-07-19 15:06:30.736816919,2025-07-19 15:06:30.636816919,2025-07-19 15:06:30,2025-07-19 15:06:00,5,383,3383,ring51andring52,line,2.0,80.0,80.0,98.0,S2_line_D2_X80_Y80_Z98,S2_20250719-150002.311816919+0800.h5,379;380;381;382;383;384;385;386;387,9,625,0.125,0.0083665436003326,0.0057135554281092,0.0093186086134698,8.749881477033457e-06,7.002108078854531e-05,591,11.467102523017362,0.0835939787417134,8.749881477033457e-06,20,False,False
RGM_0259445,2025-07-19 15:06:30.311816919,2025-07-19 15:06:31.311816919,2025-07-19 15:06:30.836816919,2025-07-19 15:06:30,2025-07-19 15:06:00,5,383,3383,ring51andring52,line,2.0,80.0,80.0,98.0,S2_line_D2_X80_Y80_Z98,S2_20250719-150002.311816919+0800.h5,379;380;381;382;383;384;385;386;387,9,5000,1.0,0.0090912275699576,0.0068717702795913,0.0106401079095566,8.26504187287589e-05,0.0007317695649518,592,11.47619375058732,0.0836766291604421,8.26504187287589e-05,20,False,False
RGM_0260213,2025-07-19 15:07:11.461816919,2025-07-19 15:07:11.561816919,2025-07-19 15:07:11.511816919,2025-07-19 15:07:11,2025-07-19 15:07:00,5,377,3377,ring51,ring,2.0,60.0,20.0,98.0,S2_ring_D2_X60_Y20_Z98,S2_20250719-150002.311816919+0800.h5,373;374;375;376;377;378;379;380;381,9,500,0.1,0.0115323806898727,0.0043515870781323,0.0121097137003756,1.329958043761495e-05,9.1840795539631e-05,593,11.487726131277192,0.0836899287408797,1.329958043761495e-05,11,False,False
RGM_0260315,2025-07-19 15:07:19.661816919,2025-07-19 15:07:19.736816919,2025-07-19 15:07:19.711816919,2025-07-19 15:07:19,2025-07-19 15:07:00,5,383,3383,ring51andring52,line,2.0,80.0,80.0,98.0,S2_line_D2_X80_Y80_Z98,S2_20250719-150002.311816919+0800.h5,379;380;381;382;383;384;385;386;387,9,375,0.075,0.0098247363828409,0.0053936478658644,0.012320380360298,7.239408374423856e-06,6.198296457279908e-05,594,11.497550867660031,0.0836971681492542,7.239408374423856e-06,20,False,False
RGM_0260415,2025-07-19 15:07:26.811816919,2025-07-19 15:07:26.911816919,2025-07-19 15:07:26.861816919,2025-07-19 15:07:26,2025-07-19 15:07:00,5,377,3377,ring51,ring,2.0,60.0,20.0,98.0,S2_ring_D2_X60_Y20_Z98,S2_20250719-150002.311816919+0800.h5,373;374;375;376;377;378;379;380;381,9,500,0.1,0.012177815942539,0.005090726358859,0.0134210210718014,1.482992011303573e-05,0.0001103864901696,595,11.509728683602573,0.0837119980693672,1.482992011303573e-05,11,False,False
RGM_0260470,2025-07-19 15:07:28.911816919,2025-07-19 15:07:29.036816919,2025-07-19 15:07:29.011816919,2025-07-19 15:07:29,2025-07-19 15:07:00,5,382,3382,ring51andring52,line,2.0,80.0,60.0,98.0,S2_line_D2_X80_Y60_Z98,S2_20250719-150002.311816919+0800.h5,378;379;380;381;382;383;384;385;386,9,625,0.125,0.0112232614339171,0.0053744437451882,0.0123946535510879,1.574519965175661e-05,0.0001155515543971,596,11.52095194503649,0.083727743269019,1.574519965175661e-05,19,False,False
RGM_0260472,2025-07-19 15:07:28.986816919,2025-07-19 15:07:29.036816919,2025-07-19 15:07:29.011816919,2025-07-19 15:07:29,2025-07-19 15:07:00,5,381,3381,ring51andring52,line,2.0,80.0,40.0,98.0,S2_line_D2_X80_Y40_Z98,S2_20250719-150002.311816919+0800.h5,377;378;379;380;381;382;383;384;385,9,250,0.05,0.0137823707106248,0.0058431429643655,0.0151033431134371,9.497687120254552e-06,7.224430080262259e-05,597,11.534734315747116,0.0837372409561392,9.497687120254552e-06,18,False,False
RGM_0260625,2025-07-19 15:07:41.361816919,2025-07-19 15:07:41.461816919,2025-07-19 15:07:41.411816919,2025-07-19 15:07:41,2025-07-19 15:07:00,5,377,3377,ring51,ring,2.0,60.0,20.0,98.0,S2_ring_D2_X60_Y20_Z98,S2_20250719-150002.311816919+0800.h5,373;374;375;376;377;378;379;380;381,9,500,0.1,0.0129071335302169,0.0050148383662974,0.0135127477178545,1.665940959668502e-05,0.0001126375281064,598,11.547641449277332,0.0837539003657359,1.665940959668502e-05,11,False,False
RGM_0260803,2025-07-19 15:07:51.561816919,2025-07-19 15:07:51.611816919,2025-07-19 15:07:51.586816919,2025-07-19 15:07:51,2025-07-19 15:07:00,5,332,3332,andring49,line,2.0,20.0,100.0,98.0,S2_line_D2_X20_Y100_Z98,S2_20250719-150002.311816919+0800.h5,332;333;334;335;336,5,250,0.05,0.0214893442333296,0.0090570619092554,0.0365450702000467,2.3089595778926826e-05,0.0001478900824018,599,11.56913079351066,0.0837769899615148,2.3089595778926826e-05,4,False,False
RGM_0261292,2025-07-19 15:08:26.811816919,2025-07-19 15:08:27.236816919,2025-07-19 15:08:27.211816919,2025-07-19 15:08:27,2025-07-19 15:08:00,5,381,3381,ring51andring52,line,2.0,80.0,40.0,98.0,S2_line_D2_X80_Y40_Z98,S2_20250719-150002.311816919+0800.h5,377;378;379;380;381;382;383;384;385,9,2125,0.425,0.0093042735494188,0.0057841202311732,0.0104079078358044,3.679204017002623e-05,0.0003069268182745,600,11.57843506706008,0.0838137820016848,3.679204017002623e-05,18,False,False
RGM_0261523,2025-07-19 15:09:15.861816919,2025-07-19 15:09:16.436816919,2025-07-19 15:09:16.411816919,2025-07-19 15:09:16,2025-07-19 15:09:00,5,382,3382,ring51andring52,line,2.0,80.0,60.0,98.0,S2_line_D2_X80_Y60_Z98,S2_20250719-150002.311816919+0800.h5,378;379;380;381;382;383;384;385;386,9,2875,0.575,0.0096620789048556,0.003529380018454,0.0109384548099616,5.367956703910249e-05,0.0003994860762018,601,11.588097145964936,0.0838674615687239,5.367956703910249e-05,19,False,False
RGM_0261646,2025-07-19 15:09:41.961816919,2025-07-19 15:09:43.111816919,2025-07-19 15:09:43.011816919,2025-07-19 15:09:43,2025-07-19 15:09:00,5,381,3381,ring51andring52,line,2.0,80.0,40.0,98.0,S2_line_D2_X80_Y40_Z98,S2_20250719-150002.311816919+0800.h5,377;378;379;380;381;382;383;384;385,9,5750,1.15,0.0082610062103833,0.0039671514378328,0.0090742367557939,7.848085714919175e-05,0.0006099317078111,602,11.596358152175318,0.0839459424258731,7.848085714919175e-05,18,False,False
RGM_0261853,2025-07-19 15:10:39.161167224,2025-07-19 15:10:39.261167224,2025-07-19 15:10:39.211167224,2025-07-19 15:10:39,2025-07-19 15:10:00,5,263,3263,ring37,ring,20.0,90.0,18.4,80.0,S2_ring_D20_X90_Y18.4_Z80,S2_20250719-151002.311167224+0800.h5,262;263;264;265;266;267,6,500,0.1,0.0310761653807064,0.022334807352809,0.0353920148718905,9.6669314241917e-05,0.0005533624307013,603,11.627434317556023,0.0840426117401151,9.6669314241917e-05,83,False,False
RGM_0261868,2025-07-19 15:10:39.161167224,2025-07-19 15:10:39.261167224,2025-07-19 15:10:39.211167224,2025-07-19 15:10:39,2025-07-19 15:10:00,5,270,3270,ring38andring39,line,20.0,90.0,60.0,80.0,S2_line_D20_X90_Y60_Z80,S2_20250719-151002.311167224+0800.h5,266;267;268;269;270;271;272;273;274,9,500,0.1,0.0333894637993485,0.0215232342811214,0.0369427778423367,0.0001114856292808,0.0008742051249688,604,11.660823781355374,0.0841540973693959,0.0001114856292808,87,False,False
RGM_0261875,2025-07-19 15:10:39.161167224,2025-07-19 15:10:39.361167224,2025-07-19 15:10:39.261167224,2025-07-19 15:10:39,2025-07-19 15:10:00,5,264,3264,ring37,ring,20.0,90.0,18.4,80.0,S2_ring_D20_X90_Y18.4_Z80,S2_20250719-151002.311167224+0800.h5,262;263;264;265;266;267;268,7,1000,0.2,0.0240184646648787,0.0170107556606088,0.027276918322928,0.0001153773289716,0.0007701710559531,605,11.684842246020253,0.0842694746983675,0.0001153773289716,83,False,False
RGM_0261877,2025-07-19 15:10:39.161167224,2025-07-19 15:10:39.361167224,2025-07-19 15:10:39.261167224,2025-07-19 15:10:39,2025-07-19 15:10:00,5,266,3266,ring37andring38,line,20.0,90.0,45.6,80.0,S2_line_D20_X90_Y45.6_Z80,S2_20250719-151002.311167224+0800.h5,262;263;264;265;266;267;268;269;270,9,1000,0.2,0.0245840296513548,0.0170107556606088,0.027276918322928,0.0001208749027797,0.0010356551122461,606,11.709426275671609,0.0843903496011472,0.0001208749027797,85,False,False
RGM_0261879,2025-07-19 15:10:39.061167224,2025-07-19 15:10:39.561167224,2025-07-19 15:10:39.311167224,2025-07-19 15:10:39,2025-07-19 15:10:00,5,264,3264,ring37,ring,20.0,90.0,18.4,80.0,S2_ring_D20_X90_Y18.4_Z80,S2_20250719-151002.311167224+0800.h5,262;263;264;265;266;267;268,7,2500,0.5,0.0160740775085665,0.0116536839154264,0.0179657667318395,0.0001291879838757,0.0008575042574444,607,11.725500353180172,0.0845195375850229,0.0001291879838757,83,False,False
RGM_0261882,2025-07-19 15:10:38.811167224,2025-07-19 15:10:40.811167224,2025-07-19 15:10:39.561167224,2025-07-19 15:10:39,2025-07-19 15:10:00,5,266,3266,ring37andring38,line,20.0,90.0,45.6,80.0,S2_line_D20_X90_Y45.6_Z80,S2_20250719-151002.311167224+0800.h5,262;263;264;265;266;267;268;269;270,9,10000,2.0,0.0118162773996712,0.0088331338749254,0.012673484336565,0.0002792488231719,0.0024092058900854,608,11.737316630579844,0.0847987864081949,0.0002792488231719,85,False,False
RGM_0261927,2025-07-19 15:10:39.911167224,2025-07-19 15:10:39.961167224,2025-07-19 15:10:39.936167224,2025-07-19 15:10:39,2025-07-19 15:10:00,5,268,3268,ring38,ring,20.0,90.0,52.8,80.0,S2_ring_D20_X90_Y52.8_Z80,S2_20250719-151002.311167224+0800.h5,264;265;266;267;268;269;270;271;272,9,250,0.05,0.0297416128032716,0.0213307806776193,0.0316007859976208,4.422817660698675e-05,0.0003620347357971,609,11.767058243383117,0.0848430145848018,4.422817660698675e-05,86,False,False
RGM_0261936,2025-07-19 15:10:39.911167224,2025-07-19 15:10:39.961167224,2025-07-19 15:10:39.936167224,2025-07-19 15:10:39,2025-07-19 15:10:00,5,267,3267,ring38,ring,20.0,90.0,52.8,80.0,S2_ring_D20_X90_Y52.8_Z80,S2_20250719-151002.311167224+0800.h5,263;264;265;266;267;268;269;270;271,9,250,0.05,0.0297416128032716,0.0234661642082737,0.0316007859976208,4.422817660698675e-05,0.0003716507018382,610,11.796799856186386,0.0848872427614088,4.422817660698675e-05,86,False,False
RGM_0261940,2025-07-19 15:10:39.861167224,2025-07-19 15:10:40.061167224,2025-07-19 15:10:39.961167224,2025-07-19 15:10:39,2025-07-19 15:10:00,5,266,3266,ring37andring38,line,20.0,90.0,45.6,80.0,S2_line_D20_X90_Y45.6_Z80,S2_20250719-151002.311167224+0800.h5,262;263;264;265;266;267;268;269;270,9,1000,0.2,0.0218991012770349,0.0160041639278562,0.0236746776530416,9.591412734836676e-05,0.000830101778055,611,11.81869895746342,0.0849831568887572,9.591412734836676e-05,85,False,False
RGM_0262089,2025-07-19 15:11:15.386167224,2025-07-19 15:11:15.561167224,2025-07-19 15:11:15.461167224,2025-07-19 15:11:15,2025-07-19 15:11:00,5,265,3265,ring37andring38,line,20.0,90.0,25.6,80.0,S2_line_D20_X90_Y25.6_Z80,S2_20250719-151002.311167224+0800.h5,262;263;264;265;266;267;268;269,8,875,0.175,0.0156207368313094,0.0118136897306039,0.0183473005260644,4.272028791944745e-05,0.0003446553213457,612,11.834319694294727,0.0850258771766766,4.272028791944745e-05,84,False,False
RGM_0262096,2025-07-19 15:11:15.061167224,2025-07-19 15:11:16.061167224,2025-07-19 15:11:15.561167224,2025-07-19 15:11:15,2025-07-19 15:11:00,5,267,3267,ring38,ring,20.0,90.0,52.8,80.0,S2_ring_D20_X90_Y52.8_Z80,S2_20250719-151002.311167224+0800.h5,263;264;265;266;267;268;269;270;271,9,5000,1.0,0.0124652579092372,0.0105871696615958,0.0137408797408973,0.0001553826547438,0.0013949990091081,613,11.846784952203969,0.0851812598314204,0.0001553826547438,86,False,False
RGM_0262097,2025-07-19 15:11:15.311167224,2025-07-19 15:11:15.811167224,2025-07-19 15:11:15.561167224,2025-07-19 15:11:15,2025-07-19 15:11:00,5,270,3270,ring38andring39,line,20.0,90.0,60.0,80.0,S2_line_D20_X90_Y60_Z80,S2_20250719-151002.311167224+0800.h5,266;267;268;269;270;271;272;273;274,9,2500,0.5,0.0165593546020255,0.0144966376523794,0.0184993290060708,0.0001371061124178,0.0012601243612657,614,11.863344306805992,0.0853183659438382,0.0001371061124178,87,False,False
RGM_0262098,2025-07-19 15:11:15.061167224,2025-07-19 15:11:16.061167224,2025-07-19 15:11:15.561167224,2025-07-19 15:11:15,2025-07-19 15:11:00,5,263,3263,ring37,ring,20.0,90.0,18.4,80.0,S2_ring_D20_X90_Y18.4_Z80,S2_20250719-151002.311167224+0800.h5,262;263;264;265;266;267,6,5000,1.0,0.0115428350380577,0.009506235251582,0.012837945145402,0.0001332895348039,0.0007830109749207,615,11.87488714184405,0.0854516554786422,0.0001332895348039,83,False,False
RGM_0262099,2025-07-19 15:11:15.311167224,2025-07-19 15:11:15.811167224,2025-07-19 15:11:15.561167224,2025-07-19 15:11:15,2025-07-19 15:11:00,5,268,3268,ring38,ring,20.0,90.0,52.8,80.0,S2_ring_D20_X90_Y52.8_Z80,S2_20250719-151002.311167224+0800.h5,264;265;266;267;268;269;270;271;272,9,2500,0.5,0.0165593546020255,0.0152107177053542,0.0184993290060708,0.0001371061124178,0.0012808512740868,616,11.891446496446076,0.08558876159106,0.0001371061124178,86,False,False
RGM_0262100,2025-07-19 15:11:15.311167224,2025-07-19 15:11:15.811167224,2025-07-19 15:11:15.561167224,2025-07-19 15:11:15,2025-07-19 15:11:00,5,266,3266,ring37andring38,line,20.0,90.0,45.6,80.0,S2_line_D20_X90_Y45.6_Z80,S2_20250719-151002.311167224+0800.h5,262;263;264;265;266;267;268;269;270,9,2500,0.5,0.0164349533579337,0.0126645786467077,0.0184993290060708,0.0001350538459387,0.0012016586084894,617,11.907881449804009,0.0857238154369987,0.0001350538459387,85,False,False
RGM_0262119,2025-07-19 15:11:15.561167224,2025-07-19 15:11:15.611167224,2025-07-19 15:11:15.586167224,2025-07-19 15:11:15,2025-07-19 15:11:00,5,265,3265,ring37andring38,line,20.0,90.0,25.6,80.0,S2_line_D20_X90_Y25.6_Z80,S2_20250719-151002.311167224+0800.h5,262;263;264;265;266;267;268;269,8,250,0.05,0.0287641542495722,0.0235668913295835,0.0300731051215768,4.136898976604013e-05,0.0003164637352981,618,11.93664560405358,0.0857651844267648,4.136898976604013e-05,84,False,False
RGM_0262122,2025-07-19 15:11:15.561167224,2025-07-19 15:11:15.661167224,2025-07-19 15:11:15.611167224,2025-07-19 15:11:15,2025-07-19 15:11:00,5,263,3263,ring37,ring,20.0,90.0,18.4,80.0,S2_ring_D20_X90_Y18.4_Z80,S2_20250719-151002.311167224+0800.h5,262;263;264;265;266;267,6,500,0.1,0.0256601118511435,0.0210153885687958,0.0286542536987479,6.586831061558028e-05,0.000387305241261,619,11.962305715904725,0.0858310527373803,6.586831061558028e-05,83,False,False
RGM_0262128,2025-07-19 15:11:15.611167224,2025-07-19 15:11:15.711167224,2025-07-19 15:11:15.636167224,2025-07-19 15:11:15,2025-07-19 15:11:00,5,268,3268,ring38,ring,20.0,90.0,52.8,80.0,S2_ring_D20_X90_Y52.8_Z80,S2_20250719-151002.311167224+0800.h5,264;265;266;267;268;269;270;271;272,9,500,0.1,0.021973383595172,0.0172635322690347,0.0241789654775156,4.828295866205767e-05,0.000411666007651,620,11.984279099499895,0.0858793356960424,4.828295866205767e-05,86,False,False
RGM_0262174,2025-07-19 15:11:24.486167224,2025-07-19 15:11:24.536167224,2025-07-19 15:11:24.511167224,2025-07-19 15:11:24,2025-07-19 15:11:00,5,380,3380,ring51andring52,line,2.0,80.0,20.0,98.0,S2_line_D2_X80_Y20_Z98,S2_20250719-151002.311167224+0800.h5,376;377;378;379;380;381;382;383;384,9,250,0.05,0.0123850027770395,0.0049389849086858,0.0137550063139933,7.669414689363896e-06,5.5195462893204754e-05,621,11.996664102276936,0.0858870051107318,7.669414689363896e-06,17,False,False
RGM_0262430,2025-07-19 15:12:35.136167224,2025-07-19 15:12:35.186167224,2025-07-19 15:12:35.161167224,2025-07-19 15:12:35,2025-07-19 15:12:00,5,339,3339,ring49,ring,2.0,20.0,20.0,98.0,S2_ring_D2_X20_Y20_Z98,S2_20250719-151002.311167224+0800.h5,335;336;337;338;339;340;341;342;343,9,250,0.05,0.0258953107332063,0.0115201136723751,0.0292664211220529,3.3528355898465654e-05,0.0002524009808412,622,12.022559413010145,0.0859205334666302,3.3528355898465654e-05,0,False,False
RGM_0262543,2025-07-19 15:13:04.111167224,2025-07-19 15:13:04.161167224,2025-07-19 15:13:04.136167224,2025-07-19 15:13:04,2025-07-19 15:13:00,5,340,3340,ring49,ring,2.0,20.0,20.0,98.0,S2_ring_D2_X20_Y20_Z98,S2_20250719-151002.311167224+0800.h5,336;337;338;339;340;341;342;343;344,9,250,0.05,0.0196498126528535,0.0083152173234416,0.0225116220638405,1.9305756864612144e-05,0.0001424679949602,623,12.042209225662996,0.0859398392234949,1.9305756864612144e-05,0,False,False
RGM_0262596,2025-07-19 15:13:17.311167224,2025-07-19 15:13:17.361167224,2025-07-19 15:13:17.336167224,2025-07-19 15:13:17,2025-07-19 15:13:00,5,390,3390,ring52,ring,2.0,80.0,120.0,98.0,S2_ring_D2_X80_Y120_Z98,S2_20250719-151002.311167224+0800.h5,386;387;388;389;390;391;392;393;394,9,250,0.05,0.0164735417428639,0.0050657762043758,0.0185198484186249,1.356887887769411e-05,9.624416618190776e-05,624,12.05868276740586,0.0859534081023725,1.356887887769411e-05,22,False,False
RGM_0262944,2025-07-19 15:14:39.786167224,2025-07-19 15:14:40.111167224,2025-07-19 15:14:40.086167224,2025-07-19 15:14:40,2025-07-19 15:14:00,5,340,3340,ring49,ring,2.0,20.0,20.0,98.0,S2_ring_D2_X20_Y20_Z98,S2_20250719-151002.311167224+0800.h5,336;337;338;339;340;341;342;343;344,9,1625,0.325,0.0129027090357033,0.0071929739810745,0.0157638074890489,5.410596764950714e-05,0.0004637979485891,625,12.071585476441562,0.086007514070022,5.410596764950714e-05,0,False,False
RGM_0263126,2025-07-19 15:15:27.786167224,2025-07-19 15:15:29.836167224,2025-07-19 15:15:29.311167224,2025-07-19 15:15:29,2025-07-19 15:15:00,5,374,3374,ring51,ring,2.0,60.0,20.0,98.0,S2_ring_D2_X60_Y20_Z98,S2_20250719-151002.311167224+0800.h5,370;371;372;373;374;375;376;377;378,9,10250,2.05,0.0082633756252992,0.0075773397397818,0.0094330401681517,0.0001399809222858,0.0013018135361748,626,12.079848852066862,0.0861474949923079,0.0001399809222858,11,False,False
RGM_0263509,2025-07-19 15:17:18.211167224,2025-07-19 15:17:20.311167224,2025-07-19 15:17:19.761167224,2025-07-19 15:17:19,2025-07-19 15:17:00,5,374,3374,ring51,ring,2.0,60.0,20.0,98.0,S2_ring_D2_X60_Y20_Z98,S2_20250719-151002.311167224+0800.h5,370;371;372;373;374;375;376;377;378,9,10500,2.1,0.0075929018661978,0.0068069910579449,0.0082152602232872,0.0001210695333743,0.0010789493769209,627,12.08744175393306,0.0862685645256823,0.0001210695333743,11,False,False
RGM_0263902,2025-07-19 15:19:33.186167224,2025-07-19 15:19:36.186167224,2025-07-19 15:19:34.661167224,2025-07-19 15:19:34,2025-07-19 15:19:00,5,373,3373,ring51,ring,2.0,60.0,20.0,98.0,S2_ring_D2_X60_Y20_Z98,S2_20250719-151002.311167224+0800.h5,369;370;371;372;373;374;375;376;377,9,15000,3.0,0.0134239272002382,0.0087794281241102,0.0155146852139536,0.0005406054644318,0.0044719511913733,628,12.100865681133298,0.0868091699901141,0.0005406054644318,11,False,False
RGM_0264041,2025-07-19 15:20:19.110512807,2025-07-19 15:20:19.360512807,2025-07-19 15:20:19.135512807,2025-07-19 15:20:19,2025-07-19 15:20:00,5,390,3390,ring52,ring,2.0,80.0,120.0,98.0,S2_ring_D2_X80_Y120_Z98,S2_20250719-152002.310512807+0800.h5,386;387;388;389;390;391;392;393;394,9,1250,0.25,0.0120269815759698,0.0040844937588471,0.0136792875793749,3.616207145717945e-05,0.0002556899781247,629,12.112892662709267,0.0868453320615713,3.616207145717945e-05,22,False,False
RGM_0264062,2025-07-19 15:20:25.985512807,2025-07-19 15:20:26.035512807,2025-07-19 15:20:26.010512807,2025-07-19 15:20:26,2025-07-19 15:20:00,5,339,3339,ring49,ring,2.0,20.0,20.0,98.0,S2_ring_D2_X20_Y20_Z98,S2_20250719-152002.310512807+0800.h5,335;336;337;338;339;340;341;342;343,9,250,0.05,0.0207582067628757,0.0089788292407679,0.0235328314891172,2.154515740051496e-05,0.0001585526339629,630,12.133650869472143,0.0868668772189718,2.154515740051496e-05,0,False,False
RGM_0264069,2025-07-19 15:20:26.810512807,2025-07-19 15:20:28.810512807,2025-07-19 15:20:28.260512807,2025-07-19 15:20:28,2025-07-19 15:20:00,5,340,3340,ring49,ring,2.0,20.0,20.0,98.0,S2_ring_D2_X20_Y20_Z98,S2_20250719-152002.310512807+0800.h5,336;337;338;339;340;341;342;343;344,9,10000,2.0,0.0161012134316867,0.0085118151339688,0.0181640978463681,0.0005184981479454,0.0043038385338776,631,12.14975208290383,0.0873853753669173,0.0005184981479454,0,False,False
RGM_0264223,2025-07-19 15:21:18.460512807,2025-07-19 15:21:21.035512807,2025-07-19 15:21:20.460512807,2025-07-19 15:21:20,2025-07-19 15:21:00,5,374,3374,ring51,ring,2.0,60.0,20.0,98.0,S2_ring_D2_X60_Y20_Z98,S2_20250719-152002.310512807+0800.h5,370;371;372;373;374;375;376;377;378,9,12875,2.575,0.0080899197697126,0.0055250767347074,0.0111174732277084,0.0001685255148419,0.0015927210501145,632,12.157842002673544,0.0875539008817593,0.0001685255148419,11,False,False
RGM_0264299,2025-07-19 15:21:41.610512807,2025-07-19 15:21:41.810512807,2025-07-19 15:21:41.710512807,2025-07-19 15:21:41,2025-07-19 15:21:00,5,395,3395,ring52,ring,2.0,80.0,120.0,98.0,S2_ring_D2_X80_Y120_Z98,S2_20250719-152002.310512807+0800.h5,391;392;393;394;395;396;397;398;399,9,1000,0.2,0.0126125307565665,0.0060020667615813,0.0159900238715946,3.181518641706728e-05,0.0002658319314254,633,12.17045453343011,0.0875857160681764,3.181518641706728e-05,22,False,False
RGM_0264873,2025-07-19 15:24:23.235512807,2025-07-19 15:24:23.635512807,2025-07-19 15:24:23.260512807,2025-07-19 15:24:23,2025-07-19 15:24:00,5,340,3340,ring49,ring,2.0,20.0,20.0,98.0,S2_ring_D2_X20_Y20_Z98,S2_20250719-152002.310512807+0800.h5,336;337;338;339;340;341;342;343;344,9,2000,0.4,0.0161492213534372,0.0120026283661275,0.0183524208666893,0.0001043189401289,0.0009186464680502,634,12.186603754783548,0.0876900350083053,0.0001043189401289,0,False,False
RGM_0265002,2025-07-19 15:24:59.535512807,2025-07-19 15:24:59.635512807,2025-07-19 15:24:59.585512807,2025-07-19 15:24:59,2025-07-19 15:24:00,5,390,3390,ring52,ring,2.0,80.0,120.0,98.0,S2_ring_D2_X80_Y120_Z98,S2_20250719-152002.310512807+0800.h5,386;387;388;389;390;391;392;393;394,9,500,0.1,0.0184277444976295,0.0119775122612761,0.0196814548088858,3.395817672699143e-05,0.0002772516027932,635,12.205031499281176,0.0877239931850323,3.395817672699143e-05,22,False,False
RGM_0265003,2025-07-19 15:24:59.560512807,2025-07-19 15:24:59.610512807,2025-07-19 15:24:59.585512807,2025-07-19 15:24:59,2025-07-19 15:24:00,5,389,3389,ring52,ring,2.0,80.0,120.0,98.0,S2_ring_D2_X80_Y120_Z98,S2_20250719-152002.310512807+0800.h5,385;386;387;388;389;390;391;392;393,9,250,0.05,0.0253292782592613,0.0114442021359023,0.0271953023333309,3.207861685675452e-05,0.0002387671140892,636,12.230360777540438,0.087756071801889,3.207861685675452e-05,22,False,False
RGM_0265004,2025-07-19 15:24:59.560512807,2025-07-19 15:24:59.610512807,2025-07-19 15:24:59.585512807,2025-07-19 15:24:59,2025-07-19 15:24:00,5,393,3393,ring52,ring,2.0,80.0,120.0,98.0,S2_ring_D2_X80_Y120_Z98,S2_20250719-152002.310512807+0800.h5,389;390;391;392;393;394;395;396;397,9,250,0.05,0.0253292782592613,0.0145276773367744,0.0271953023333309,3.207861685675452e-05,0.0002494578345374,637,12.2556900557997,0.0877881504187458,3.207861685675452e-05,22,False,False
RGM_0265008,2025-07-19 15:24:59.560512807,2025-07-19 15:24:59.660512807,2025-07-19 15:24:59.610512807,2025-07-19 15:24:59,2025-07-19 15:24:00,5,389,3389,ring52,ring,2.0,80.0,120.0,98.0,S2_ring_D2_X80_Y120_Z98,S2_20250719-152002.310512807+0800.h5,385;386;387;388;389;390;391;392;393,9,500,0.1,0.0184604973561199,0.0090832071247132,0.0196973290309808,3.4078996263531167e-05,0.0002563584525258,638,12.27415055315582,0.0878222294150093,3.4078996263531167e-05,22,False,False
RGM_0265306,2025-07-19 15:26:23.685512807,2025-07-19 15:26:25.510512807,2025-07-19 15:26:24.885512807,2025-07-19 15:26:24,2025-07-19 15:26:00,5,374,3374,ring51,ring,2.0,60.0,20.0,98.0,S2_ring_D2_X60_Y20_Z98,S2_20250719-152002.310512807+0800.h5,370;371;372;373;374;375;376;377;378,9,9125,1.825,0.0088978522453738,0.0052322658978608,0.0097758486697854,0.0001444884886094,0.001134375073892,639,12.283048405401194,0.0879667179036187,0.0001444884886094,11,False,False
RGM_0266333,2025-07-19 15:31:28.895724224,2025-07-19 15:31:28.945724224,2025-07-19 15:31:28.920724224,2025-07-19 15:31:28,2025-07-19 15:31:00,5,340,3340,ring49,ring,2.0,20.0,20.0,98.0,S2_ring_D2_X20_Y20_Z98,S2_20250719-153002.095724224+0800.h5,336;337;338;339;340;341;342;343;344,9,250,0.05,0.0234204420668911,0.0138556309276838,0.0272175955520831,2.7425855330430197e-05,0.00022319958341,640,12.306468847468086,0.0879941437589492,2.7425855330430197e-05,0,False,False
RGM_0266983,2025-07-19 15:34:06.295724224,2025-07-19 15:34:06.370724224,2025-07-19 15:34:06.320724224,2025-07-19 15:34:06,2025-07-19 15:34:00,5,374,3374,ring51,ring,2.0,60.0,20.0,98.0,S2_ring_D2_X60_Y20_Z98,S2_20250719-153002.095724224+0800.h5,370;371;372;373;374;375;376;377;378,9,375,0.075,0.0119046034270687,0.0088630129436067,0.0130038033410136,1.0628968706683217e-05,8.746842042491683e-05,641,12.318373450895155,0.0880047727276559,1.0628968706683217e-05,11,False,False
RGM_0267276,2025-07-19 15:35:11.120724224,2025-07-19 15:35:13.045724224,2025-07-19 15:35:12.945724224,2025-07-19 15:35:12,2025-07-19 15:35:00,5,374,3374,ring51,ring,2.0,60.0,20.0,98.0,S2_ring_D2_X60_Y20_Z98,S2_20250719-153002.095724224+0800.h5,370;371;372;373;374;375;376;377;378,9,9625,1.925,0.010235286319986,0.0063178920011549,0.0111360021576921,0.0002016650906502,0.0015093220961353,642,12.32860873721514,0.0882064378183061,0.0002016650906502,11,False,False
RGM_0268007,2025-07-19 15:38:11.395724224,2025-07-19 15:38:12.145724224,2025-07-19 15:38:11.420724224,2025-07-19 15:38:11,2025-07-19 15:38:00,5,380,3380,ring51andring52,line,2.0,80.0,20.0,98.0,S2_line_D2_X80_Y20_Z98,S2_20250719-153002.095724224+0800.h5,376;377;378;379;380;381;382;383;384,9,3750,0.75,0.0079983815425201,0.0044924308982402,0.0090650112121229,4.798058047479583e-05,0.0003723537010881,643,12.336607118757662,0.0882544183987809,4.798058047479583e-05,17,False,False
RGM_0269027,2025-07-19 15:41:04.670073060,2025-07-19 15:41:06.495073060,2025-07-19 15:41:05.320073060,2025-07-19 15:41:05,2025-07-19 15:41:00,5,382,3382,ring51andring52,line,2.0,80.0,60.0,98.0,S2_line_D2_X80_Y60_Z98,S2_20250719-154002.095073060+0800.h5,378;379;380;381;382;383;384;385;386,9,9125,1.825,0.0087858134752171,0.0064314835413753,0.0106615449241793,0.0001408726961188,0.0012610130209877,644,12.34539293223288,0.0883952910948998,0.0001408726961188,19,False,False
RGM_0269198,2025-07-19 15:41:28.120073060,2025-07-19 15:41:28.170073060,2025-07-19 15:41:28.145073060,2025-07-19 15:41:28,2025-07-19 15:41:00,5,402,3402,ring53,ring,2.0,85.0,20.0,98.0,S2_ring_D2_X85_Y20_Z98,S2_20250719-154002.095073060+0800.h5,398;399;400;401;402;403;404;405;406,9,250,0.05,0.0165022708502718,0.0064967902073196,0.0278006657356807,1.3616247160786576e-05,0.0001566864409713,645,12.36189520308315,0.0884089073420606,1.3616247160786576e-05,23,False,False
RGM_0269323,2025-07-19 15:41:44.470073060,2025-07-19 15:41:44.520073060,2025-07-19 15:41:44.495073060,2025-07-19 15:41:44,2025-07-19 15:41:00,5,402,3402,ring53,ring,2.0,85.0,20.0,98.0,S2_ring_D2_X85_Y20_Z98,S2_20250719-154002.095073060+0800.h5,398;399;400;401;402;403;404;405;406,9,250,0.05,0.0164596692346718,0.0059750353872499,0.0265688228910149,1.35460355657401e-05,0.0001496427521547,646,12.378354872317823,0.0884224533776263,1.35460355657401e-05,23,False,False
RGM_0269374,2025-07-19 15:41:47.220073060,2025-07-19 15:41:47.270073060,2025-07-19 15:41:47.245073060,2025-07-19 15:41:47,2025-07-19 15:41:00,5,407,3407,ring53,ring,2.0,85.0,20.0,98.0,S2_ring_D2_X85_Y20_Z98,S2_20250719-154002.095073060+0800.h5,403;404;405;406;407;408;409;410;411,9,250,0.05,0.0259456254916259,0.020072817504712,0.0297537942369792,3.365877410758557e-05,0.0002964332692453,647,12.40430049780945,0.0884561121517339,3.365877410758557e-05,23,False,False
RGM_0269745,2025-07-19 15:42:51.520073060,2025-07-19 15:42:52.420073060,2025-07-19 15:42:51.945073060,2025-07-19 15:42:51,2025-07-19 15:42:00,5,382,3382,ring51andring52,line,2.0,80.0,60.0,98.0,S2_line_D2_X80_Y60_Z98,S2_20250719-154002.095073060+0800.h5,378;379;380;381;382;383;384;385;386,9,4500,0.9,0.0085485080570871,0.006010661327434,0.0101203586240451,6.576929100187613e-05,0.0005691033770894,648,12.412849005866535,0.0885218814427358,6.576929100187613e-05,19,False,False
RGM_0269836,2025-07-19 15:43:04.045073060,2025-07-19 15:43:04.095073060,2025-07-19 15:43:04.070073060,2025-07-19 15:43:04,2025-07-19 15:43:00,5,379,3379,ring51,ring,2.0,60.0,20.0,98.0,S2_ring_D2_X60_Y20_Z98,S2_20250719-154002.095073060+0800.h5,375;376;377;378;379;380;381;382;383,9,250,0.05,0.0188505624654929,0.0101047698873457,0.0208247689562141,1.776718526327253e-05,0.00014301107907,649,12.43169956833203,0.0885396486279991,1.776718526327253e-05,11,False,False
RGM_0269840,2025-07-19 15:43:04.070073060,2025-07-19 15:43:04.170073060,2025-07-19 15:43:04.120073060,2025-07-19 15:43:04,2025-07-19 15:43:00,5,381,3381,ring51andring52,line,2.0,80.0,40.0,98.0,S2_line_D2_X80_Y40_Z98,S2_20250719-154002.095073060+0800.h5,377;378;379;380;381;382;383;384;385,9,500,0.1,0.0165939121680476,0.0065288507393395,0.0185145027942773,2.7535792104087992e-05,0.0001955404966852,650,12.448293480500078,0.0885671844201032,2.7535792104087992e-05,18,False,False
RGM_0269844,2025-07-19 15:43:04.120073060,2025-07-19 15:43:04.170073060,2025-07-19 15:43:04.145073060,2025-07-19 15:43:04,2025-07-19 15:43:00,5,376,3376,ring51,ring,2.0,60.0,20.0,98.0,S2_ring_D2_X60_Y20_Z98,S2_20250719-154002.095073060+0800.h5,372;373;374;375;376;377;378;379;380,9,250,0.05,0.0135055975006388,0.0054973629184898,0.0158136796187393,9.12005819246312e-06,6.886696017657295e-05,651,12.461799078000718,0.0885763044782956,9.12005819246312e-06,11,False,False
RGM_0269846,2025-07-19 15:43:04.145073060,2025-07-19 15:43:04.195073060,2025-07-19 15:43:04.170073060,2025-07-19 15:43:04,2025-07-19 15:43:00,5,377,3377,ring51,ring,2.0,60.0,20.0,98.0,S2_ring_D2_X60_Y20_Z98,S2_20250719-154002.095073060+0800.h5,373;374;375;376;377;378;379;380;381,9,250,0.05,0.0142229314985921,0.005565037893157,0.0158153242867435,1.0114589020682228e-05,7.467139971058436e-05,652,12.47602200949931,0.0885864190673163,1.0114589020682228e-05,11,False,False
RGM_0269848,2025-07-19 15:43:04.145073060,2025-07-19 15:43:04.195073060,2025-07-19 15:43:04.170073060,2025-07-19 15:43:04,2025-07-19 15:43:00,5,381,3381,ring51andring52,line,2.0,80.0,40.0,98.0,S2_line_D2_X80_Y40_Z98,S2_20250719-154002.095073060+0800.h5,377;378;379;380;381;382;383;384;385,9,250,0.05,0.0142229314985921,0.0069231757138449,0.0158153242867435,1.0114589020682228e-05,7.416634010942106e-05,653,12.490244940997902,0.088596533656337,1.0114589020682228e-05,18,False,False
RGM_0269849,2025-07-19 15:43:04.145073060,2025-07-19 15:43:04.195073060,2025-07-19 15:43:04.170073060,2025-07-19 15:43:04,2025-07-19 15:43:00,5,380,3380,ring51andring52,line,2.0,80.0,20.0,98.0,S2_line_D2_X80_Y20_Z98,S2_20250719-154002.095073060+0800.h5,376;377;378;379;380;381;382;383;384,9,250,0.05,0.0142229314985921,0.0069231757138449,0.0158153242867435,1.0114589020682228e-05,8.049655704364683e-05,654,12.504467872496496,0.0886066482453577,1.0114589020682228e-05,17,False,False
RGM_0269850,2025-07-19 15:43:04.145073060,2025-07-19 15:43:04.195073060,2025-07-19 15:43:04.170073060,2025-07-19 15:43:04,2025-07-19 15:43:00,5,382,3382,ring51andring52,line,2.0,80.0,60.0,98.0,S2_line_D2_X80_Y60_Z98,S2_20250719-154002.095073060+0800.h5,378;379;380;381;382;383;384;385;386,9,250,0.05,0.0122489125941309,0.0069231757138449,0.0158153242867435,7.501792986933045e-06,6.434900535621519e-05,655,12.516716785090626,0.0886141500383446,7.501792986933045e-06,19,False,False
RGM_0269851,2025-07-19 15:43:04.145073060,2025-07-19 15:43:04.195073060,2025-07-19 15:43:04.170073060,2025-07-19 15:43:04,2025-07-19 15:43:00,5,375,3375,ring51,ring,2.0,60.0,20.0,98.0,S2_ring_D2_X60_Y20_Z98,S2_20250719-154002.095073060+0800.h5,371;372;373;374;375;376;377;378;379,9,250,0.05,0.0119792253411111,0.005565037893157,0.0158153242867435,7.175091988656e-06,6.53813994744042e-05,656,12.528696010431736,0.0886213251303333,7.175091988656e-06,11,False,False
RGM_0269853,2025-07-19 15:43:04.145073060,2025-07-19 15:43:04.195073060,2025-07-19 15:43:04.170073060,2025-07-19 15:43:04,2025-07-19 15:43:00,5,374,3374,ring51,ring,2.0,60.0,20.0,98.0,S2_ring_D2_X60_Y20_Z98,S2_20250719-154002.095073060+0800.h5,370;371;372;373;374;375;376;377;378,9,250,0.05,0.0119792253411111,0.005565037893157,0.0158153242867435,7.175091988656e-06,6.282339287149536e-05,657,12.540675235772849,0.0886285002223219,7.175091988656e-06,11,False,False
RGM_0269910,2025-07-19 15:43:06.320073060,2025-07-19 15:43:06.370073060,2025-07-19 15:43:06.345073060,2025-07-19 15:43:06,2025-07-19 15:43:00,5,376,3376,ring51,ring,2.0,60.0,20.0,98.0,S2_ring_D2_X60_Y20_Z98,S2_20250719-154002.095073060+0800.h5,372;373;374;375;376;377;378;379;380,9,250,0.05,0.0185551402659443,0.0056255898103969,0.0217699843659467,1.721466151444345e-05,0.0001196706768775,658,12.559230376038792,0.0886457148838364,1.721466151444345e-05,11,False,False
RGM_0269912,2025-07-19 15:43:06.320073060,2025-07-19 15:43:06.370073060,2025-07-19 15:43:06.345073060,2025-07-19 15:43:06,2025-07-19 15:43:00,5,375,3375,ring51,ring,2.0,60.0,20.0,98.0,S2_ring_D2_X60_Y20_Z98,S2_20250719-154002.095073060+0800.h5,371;372;373;374;375;376;377;378;379,9,250,0.05,0.0115810029474512,0.0056255898103969,0.0217699843659467,6.7059814634437775e-06,0.0001018015697481,659,12.570811378986244,0.0886524208652998,6.7059814634437775e-06,11,False,False
RGM_0269914,2025-07-19 15:43:06.345073060,2025-07-19 15:43:06.395073060,2025-07-19 15:43:06.370073060,2025-07-19 15:43:06,2025-07-19 15:43:00,5,380,3380,ring51andring52,line,2.0,80.0,20.0,98.0,S2_line_D2_X80_Y20_Z98,S2_20250719-154002.095073060+0800.h5,376;377;378;379;380;381;382;383;384,9,250,0.05,0.0192276428797628,0.0065645486364707,0.0218064512187555,1.8485112535584756e-05,0.0001471783409874,660,12.590039021866009,0.0886709059778354,1.8485112535584756e-05,17,False,False
RGM_0269916,2025-07-19 15:43:06.345073060,2025-07-19 15:43:06.395073060,2025-07-19 15:43:06.370073060,2025-07-19 15:43:06,2025-07-19 15:43:00,5,381,3381,ring51andring52,line,2.0,80.0,40.0,98.0,S2_line_D2_X80_Y40_Z98,S2_20250719-154002.095073060+0800.h5,377;378;379;380;381;382;383;384;385,9,250,0.05,0.0192276428797628,0.0065645486364707,0.0218064512187555,1.8485112535584756e-05,0.0001322390006086,661,12.60926666474577,0.088689391090371,1.8485112535584756e-05,18,False,False
RGM_0269918,2025-07-19 15:43:06.345073060,2025-07-19 15:43:06.395073060,2025-07-19 15:43:06.370073060,2025-07-19 15:43:06,2025-07-19 15:43:00,5,379,3379,ring51,ring,2.0,60.0,20.0,98.0,S2_ring_D2_X60_Y20_Z98,S2_20250719-154002.095073060+0800.h5,375;376;377;378;379;380;381;382;383,9,250,0.05,0.0192276428797628,0.0105026785257842,0.0218064512187555,1.8485112535584756e-05,0.000151805578738,662,12.628494307625532,0.0887078762029066,1.8485112535584756e-05,11,False,False
RGM_0270059,2025-07-19 15:43:28.495073060,2025-07-19 15:43:28.695073060,2025-07-19 15:43:28.620073060,2025-07-19 15:43:28,2025-07-19 15:43:00,5,490,3490,ring58,ring,2.0,163.0,120.0,16.0,S2_ring_D2_X163_Y120_Z16,S2_20250719-154002.095073060+0800.h5,486;487;488;489;490;491;492;493;494,9,1000,0.2,0.0117940666027794,0.004648358830342,0.0132549526592088,2.782000140615953e-05,0.0002211718768353,663,12.640288374228312,0.0887356962043128,2.782000140615953e-05,58,False,False
RGM_0270317,2025-07-19 15:44:01.020073060,2025-07-19 15:44:01.170073060,2025-07-19 15:44:01.145073060,2025-07-19 15:44:01,2025-07-19 15:44:00,5,381,3381,ring51andring52,line,2.0,80.0,40.0,98.0,S2_line_D2_X80_Y40_Z98,S2_20250719-154002.095073060+0800.h5,377;378;379;380;381;382;383;384;385,9,750,0.15,0.0096471205311373,0.0065562692118464,0.010114822085818,1.3960040181343706e-05,0.000105034700564,664,12.64993549475945,0.0887496562444941,1.3960040181343706e-05,18,False,False
RGM_0270650,2025-07-19 15:45:07.420073060,2025-07-19 15:45:07.520073060,2025-07-19 15:45:07.495073060,2025-07-19 15:45:07,2025-07-19 15:45:00,5,380,3380,ring51andring52,line,2.0,80.0,20.0,98.0,S2_line_D2_X80_Y20_Z98,S2_20250719-154002.095073060+0800.h5,376;377;378;379;380;381;382;383;384,9,500,0.1,0.0112005968626887,0.0072723890850444,0.0120381887228112,1.254533700804726e-05,9.804433528484862e-05,665,12.66113609162214,0.0887622015815021,1.254533700804726e-05,17,False,False
RGM_0271098,2025-07-19 15:46:33.520073060,2025-07-19 15:46:33.895073060,2025-07-19 15:46:33.870073060,2025-07-19 15:46:33,2025-07-19 15:46:00,5,381,3381,ring51andring52,line,2.0,80.0,40.0,98.0,S2_line_D2_X80_Y40_Z98,S2_20250719-154002.095073060+0800.h5,377;378;379;380;381;382;383;384;385,9,1875,0.375,0.007825673679992,0.0065938705403862,0.0089496541673262,2.2965438204645172e-05,0.0002080079085629,666,12.668961765302132,0.0887851670197068,2.2965438204645172e-05,18,False,False
RGM_0271099,2025-07-19 15:46:33.870073060,2025-07-19 15:46:33.920073060,2025-07-19 15:46:33.895073060,2025-07-19 15:46:33,2025-07-19 15:46:00,5,379,3379,ring51,ring,2.0,60.0,20.0,98.0,S2_ring_D2_X60_Y20_Z98,S2_20250719-154002.095073060+0800.h5,375;376;377;378;379;380;381;382;383,9,250,0.05,0.013506049598037,0.0077782742315004,0.0153400688171806,9.120668787231884e-06,7.719205542180896e-05,667,12.68246781490017,0.088794287688494,9.120668787231884e-06,11,False,False
RGM_0271135,2025-07-19 15:46:41.320073060,2025-07-19 15:46:41.370073060,2025-07-19 15:46:41.345073060,2025-07-19 15:46:41,2025-07-19 15:46:00,5,349,3349,ring49andring50,line,2.0,40.0,40.0,98.0,S2_line_D2_X40_Y40_Z98,S2_20250719-154002.095073060+0800.h5,345;346;347;348;349;350;351;352;353,9,250,0.05,0.0220388754032347,0.0072374775379047,0.0253333686799199,2.4285601451965328e-05,0.0001855038590516,668,12.704506690303404,0.088818573289946,2.4285601451965328e-05,6,False,False
RGM_0272790,2025-07-19 15:51:34.244420130,2025-07-19 15:51:34.819420130,2025-07-19 15:51:34.794420130,2025-07-19 15:51:34,2025-07-19 15:51:00,5,375,3375,ring51,ring,2.0,60.0,20.0,98.0,S2_ring_D2_X60_Y20_Z98,S2_20250719-155002.094420130+0800.h5,371;372;373;374;375;376;377;378;379,9,2875,0.575,0.0073909848135057,0.0051813895427571,0.012078263301427,3.141032749524645e-05,0.0004201117018047,669,12.71189767511691,0.0888499836174412,3.141032749524645e-05,11,False,False
RGM_0272901,2025-07-19 15:51:55.244420130,2025-07-19 15:51:55.719420130,2025-07-19 15:51:55.319420130,2025-07-19 15:51:55,2025-07-19 15:51:00,5,395,3395,ring52,ring,2.0,80.0,120.0,98.0,S2_ring_D2_X80_Y120_Z98,S2_20250719-155002.094420130+0800.h5,391;392;393;394;395;396;397;398;399,9,2375,0.475,0.0121721402065171,0.005920040778104,0.0144060512925007,7.037647367337811e-05,0.0005466668470788,670,12.724069815323428,0.0889203600911146,7.037647367337811e-05,22,False,False
RGM_0272916,2025-07-19 15:51:58.244420130,2025-07-19 15:51:58.319420130,2025-07-19 15:51:58.294420130,2025-07-19 15:51:58,2025-07-19 15:51:00,5,489,3489,ring58,ring,2.0,163.0,120.0,16.0,S2_ring_D2_X163_Y120_Z16,S2_20250719-155002.094420130+0800.h5,485;486;487;488;489;490;491;492;493,9,375,0.075,0.0127892672779832,0.0092868407517297,0.0143576224034268,1.2267401813076933e-05,0.0001038861971084,671,12.736859082601413,0.0889326274929277,1.2267401813076933e-05,58,False,False
RGM_0273207,2025-07-19 15:53:00.844420130,2025-07-19 15:53:00.969420130,2025-07-19 15:53:00.869420130,2025-07-19 15:53:00,2025-07-19 15:53:00,5,382,3382,ring51andring52,line,2.0,80.0,60.0,98.0,S2_line_D2_X80_Y60_Z98,S2_20250719-155002.094420130+0800.h5,378;379;380;381;382;383;384;385;386,9,625,0.125,0.0123157826111274,0.0049960458886103,0.0169473445681939,1.895981266556877e-05,0.0001711627870394,672,12.749174865212538,0.0889515873055933,1.895981266556877e-05,19,False,False
RGM_0273281,2025-07-19 15:53:16.319420130,2025-07-19 15:53:16.444420130,2025-07-19 15:53:16.369420130,2025-07-19 15:53:16,2025-07-19 15:53:00,5,382,3382,ring51andring52,line,2.0,80.0,60.0,98.0,S2_line_D2_X80_Y60_Z98,S2_20250719-155002.094420130+0800.h5,378;379;380;381;382;383;384;385;386,9,625,0.125,0.0103625155030678,0.0054452084997547,0.013875489813301,1.34227159439151e-05,0.000122434165124,673,12.759537380715608,0.0889650100215372,1.34227159439151e-05,19,False,False
RGM_0273300,2025-07-19 15:53:17.594420130,2025-07-19 15:53:19.594420130,2025-07-19 15:53:19.094420130,2025-07-19 15:53:19,2025-07-19 15:53:00,5,381,3381,ring51andring52,line,2.0,80.0,40.0,98.0,S2_line_D2_X80_Y40_Z98,S2_20250719-155002.094420130+0800.h5,377;378;379;380;381;382;383;384;385,9,10000,2.0,0.0132787055569159,0.0057098822085535,0.014867001944573,0.0003526480425345,0.0025503483818533,674,12.772816086272522,0.0893176580640717,0.0003526480425345,18,False,False
RGM_0273383,2025-07-19 15:53:32.219420130,2025-07-19 15:53:32.444420130,2025-07-19 15:53:32.344420130,2025-07-19 15:53:32,2025-07-19 15:53:00,5,382,3382,ring51andring52,line,2.0,80.0,60.0,98.0,S2_line_D2_X80_Y60_Z98,S2_20250719-155002.094420130+0800.h5,378;379;380;381;382;383;384;385;386,9,1125,0.225,0.0133239622309532,0.0057587625726251,0.0179604317651116,3.994379314467061e-05,0.0003530186513587,675,12.786140048503476,0.0893576018572164,3.994379314467061e-05,19,False,False
RGM_0273407,2025-07-19 15:53:37.169420130,2025-07-19 15:53:37.319420130,2025-07-19 15:53:37.294420130,2025-07-19 15:53:37,2025-07-19 15:53:00,5,381,3381,ring51andring52,line,2.0,80.0,40.0,98.0,S2_line_D2_X80_Y40_Z98,S2_20250719-155002.094420130+0800.h5,377;378;379;380;381;382;383;384;385,9,750,0.15,0.0118058012305168,0.0048548788090594,0.0129708378589553,2.0906541404171023e-05,0.000147466874864,676,12.797945849733992,0.0893785083986206,2.0906541404171023e-05,18,False,False
RGM_0273583,2025-07-19 15:54:03.844420130,2025-07-19 15:54:04.194420130,2025-07-19 15:54:03.944420130,2025-07-19 15:54:03,2025-07-19 15:54:00,5,395,3395,ring52,ring,2.0,80.0,120.0,98.0,S2_ring_D2_X80_Y120_Z98,S2_20250719-155002.094420130+0800.h5,391;392;393;394;395;396;397;398;399,9,1750,0.35,0.0129644518977624,0.0044702476240648,0.0144291141295022,5.882695455328898e-05,0.0004189200571235,677,12.810910301631754,0.0894373353531739,5.882695455328898e-05,22,False,False
RGM_0273755,2025-07-19 15:54:36.169420130,2025-07-19 15:54:36.244420130,2025-07-19 15:54:36.194420130,2025-07-19 15:54:36,2025-07-19 15:54:00,5,383,3383,ring51andring52,line,2.0,80.0,80.0,98.0,S2_line_D2_X80_Y80_Z98,S2_20250719-155002.094420130+0800.h5,379;380;381;382;383;384;385;386;387,9,375,0.075,0.0088480457006104,0.0063816595041005,0.0130120138506273,5.871593454006807e-06,6.373394321797158e-05,678,12.819758347332364,0.0894432069466279,5.871593454006807e-06,20,False,False
RGM_0273898,2025-07-19 15:55:04.119420130,2025-07-19 15:55:04.794420130,2025-07-19 15:55:04.219420130,2025-07-19 15:55:04,2025-07-19 15:55:00,5,380,3380,ring51andring52,line,2.0,80.0,20.0,98.0,S2_line_D2_X80_Y20_Z98,S2_20250719-155002.094420130+0800.h5,376;377;378;379;380;381;382;383;384,9,3375,0.675,0.00797083423664,0.0053401959862782,0.0085304892390996,4.2885583938895725e-05,0.0003340520738134,679,12.827729181569005,0.0894860925305668,4.2885583938895725e-05,17,False,False
RGM_0274560,2025-07-19 15:57:03.944420130,2025-07-19 15:57:03.994420130,2025-07-19 15:57:03.969420130,2025-07-19 15:57:03,2025-07-19 15:57:00,5,332,3332,andring49,line,2.0,20.0,100.0,98.0,S2_line_D2_X20_Y100_Z98,S2_20250719-155002.094420130+0800.h5,332;333;334;335;336,5,250,0.05,0.0240306844848733,0.0163349527645042,0.0301075349287527,2.8873689840576623e-05,0.0001455063325481,680,12.85175986605388,0.0895149662204073,2.8873689840576623e-05,4,False,False
RGM_0274763,2025-07-19 15:57:39.594420130,2025-07-19 15:57:39.894420130,2025-07-19 15:57:39.844420130,2025-07-19 15:57:39,2025-07-19 15:57:00,5,488,3488,ring58,ring,2.0,163.0,120.0,16.0,S2_ring_D2_X163_Y120_Z16,S2_20250719-155002.094420130+0800.h5,484;485;486;487;488;489;490;491;492,9,1500,0.3,0.0090654323692725,0.0085040222640954,0.0093635502732378,2.465461921255619e-05,0.00021994812347,681,12.860825298423151,0.0895396208396199,2.465461921255619e-05,58,False,False
RGM_0275009,2025-07-19 15:58:40.944420130,2025-07-19 15:58:40.994420130,2025-07-19 15:58:40.969420130,2025-07-19 15:58:40,2025-07-19 15:58:00,5,375,3375,ring51,ring,2.0,60.0,20.0,98.0,S2_ring_D2_X60_Y20_Z98,S2_20250719-155002.094420130+0800.h5,371;372;373;374;375;376;377;378;379,9,250,0.05,0.0154447394167127,0.0133040816230394,0.0170123415713914,1.1926998782508063e-05,0.0001049179218674,682,12.876270037839864,0.0895515478384024,1.1926998782508063e-05,11,False,False
RGM_0276436,2025-07-19 16:05:20.618757030,2025-07-19 16:05:20.718757030,2025-07-19 16:05:20.643757030,2025-07-19 16:05:20,2025-07-19 16:05:00,5,382,3382,ring51andring52,line,2.0,80.0,60.0,98.0,S2_line_D2_X80_Y60_Z98,S2_20250719-160002.093757030+0800.h5,378;379;380;381;382;383;384;385;386,9,500,0.1,0.0122286323894407,0.005869660067569,0.0158405375492899,1.4953945011608042e-05,0.0001277812746448,683,12.888498670229303,0.089566501783414,1.4953945011608042e-05,19,False,False
RGM_0276437,2025-07-19 16:05:20.618757030,2025-07-19 16:05:20.668757030,2025-07-19 16:05:20.643757030,2025-07-19 16:05:20,2025-07-19 16:05:00,5,380,3380,ring51andring52,line,2.0,80.0,20.0,98.0,S2_line_D2_X80_Y20_Z98,S2_20250719-160002.093757030+0800.h5,376;377;378;379;380;381;382;383;384,9,250,0.05,0.0163934677939294,0.0068195673429329,0.0186468533594035,1.3437289315530138e-05,0.000107372197322,684,12.904892138023234,0.0895799390727296,1.3437289315530138e-05,17,False,False
RGM_0276450,2025-07-19 16:05:23.343757030,2025-07-19 16:05:23.443757030,2025-07-19 16:05:23.418757030,2025-07-19 16:05:23,2025-07-19 16:05:00,5,339,3339,ring49,ring,2.0,20.0,20.0,98.0,S2_ring_D2_X20_Y20_Z98,S2_20250719-160002.093757030+0800.h5,335;336;337;338;339;340;341;342;343,9,500,0.1,0.0203115112999963,0.0174199359992203,0.0225357346062354,4.125574912898785e-05,0.0003764713875038,685,12.92520364932323,0.0896211948218585,4.125574912898785e-05,0,False,False
RGM_0276490,2025-07-19 16:05:36.693757030,2025-07-19 16:05:36.793757030,2025-07-19 16:05:36.718757030,2025-07-19 16:05:36,2025-07-19 16:05:00,5,339,3339,ring49,ring,2.0,20.0,20.0,98.0,S2_ring_D2_X20_Y20_Z98,S2_20250719-160002.093757030+0800.h5,335;336;337;338;339;340;341;342;343,9,500,0.1,0.0206893272221444,0.0153384737660782,0.0252625846781532,4.2804826090496666e-05,0.0003981141179634,686,12.945892976545371,0.089663999647949,4.2804826090496666e-05,0,False,False
RGM_0277369,2025-07-19 16:09:55.368757030,2025-07-19 16:09:55.418757030,2025-07-19 16:09:55.393757030,2025-07-19 16:09:55,2025-07-19 16:09:00,5,339,3339,ring49,ring,2.0,20.0,20.0,98.0,S2_ring_D2_X20_Y20_Z98,S2_20250719-160002.093757030+0800.h5,335;336;337;338;339;340;341;342;343,9,250,0.05,0.0242387029075717,0.0203981849585551,0.026238248657505,2.9375735932076475e-05,0.0002656470367118,687,12.970131679452946,0.0896933753838811,2.9375735932076475e-05,0,False,False
RGM_0277382,2025-07-19 16:09:56.593757030,2025-07-19 16:09:58.593757030,2025-07-19 16:09:58.268757030,2025-07-19 16:09:58,2025-07-19 16:09:00,5,339,3339,ring49,ring,2.0,20.0,20.0,98.0,S2_ring_D2_X20_Y20_Z98,S2_20250719-160002.093757030+0800.h5,335;336;337;338;339;340;341;342;343,9,10000,2.0,0.0225091705419502,0.0113348484166534,0.0266008828164601,0.0010133255169732,0.0085428596886109,688,12.992640849994896,0.0907067009008543,0.0010133255169732,0,False,False
RGM_0277400,2025-07-19 16:10:02.993092312,2025-07-19 16:10:03.743092312,2025-07-19 16:10:03.593092312,2025-07-19 16:10:03,2025-07-19 16:10:00,5,488,3488,ring58,ring,2.0,163.0,120.0,16.0,S2_ring_D2_X163_Y120_Z16,S2_20250719-161002.093092312+0800.h5,484;485;486;487;488;489;490;491;492,9,3750,0.75,0.0079953841441312,0.0073710613144516,0.0086153473073632,4.794462570916891e-05,0.0004364816291138,689,13.000636234139026,0.0907546455265635,4.794462570916891e-05,58,False,False
RGM_0277725,2025-07-19 16:12:30.618092312,2025-07-19 16:12:30.668092312,2025-07-19 16:12:30.643092312,2025-07-19 16:12:30,2025-07-19 16:12:00,5,490,3490,ring58,ring,2.0,163.0,120.0,16.0,S2_ring_D2_X163_Y120_Z16,S2_20250719-161002.093092312+0800.h5,486;487;488;489;490;491;492;493;494,9,250,0.05,0.0120161783596198,0.0073347831433534,0.0137322408068982,7.219427118509783e-06,6.006018934694193e-05,690,13.012652412498646,0.090761864953682,7.219427118509783e-06,58,False,False
RGM_0278569,2025-07-19 16:17:06.468092312,2025-07-19 16:17:06.518092312,2025-07-19 16:17:06.493092312,2025-07-19 16:17:06,2025-07-19 16:17:00,5,373,3373,ring51,ring,2.0,60.0,20.0,98.0,S2_ring_D2_X60_Y20_Z98,S2_20250719-161002.093092312+0800.h5,369;370;371;372;373;374;375;376;377,9,250,0.05,0.0125367551507737,0.0059795255242375,0.0164538212491604,7.858511485522656e-06,6.879855410648424e-05,691,13.02518916764942,0.0907697234651675,7.858511485522656e-06,11,False,False
RGM_0279203,2025-07-19 16:20:22.292422715,2025-07-19 16:20:23.092422715,2025-07-19 16:20:23.017422715,2025-07-19 16:20:23,2025-07-19 16:20:00,5,383,3383,ring51andring52,line,2.0,80.0,80.0,98.0,S2_line_D2_X80_Y80_Z98,S2_20250719-162002.092422715+0800.h5,379;380;381;382;383;384;385;386;387,9,4000,0.8,0.0069305379216755,0.0062619215499707,0.0102013024148086,3.842588470702631e-05,0.0004545188548981,692,13.032119705571096,0.0908081493498745,3.842588470702631e-05,20,False,False
RGM_0280396,2025-07-19 16:23:04.817422715,2025-07-19 16:23:04.892422715,2025-07-19 16:23:04.842422715,2025-07-19 16:23:04,2025-07-19 16:23:00,5,340,3340,ring49,ring,2.0,20.0,20.0,98.0,S2_ring_D2_X20_Y20_Z98,S2_20250719-162002.092422715+0800.h5,336;337;338;339;340;341;342;343;344,9,375,0.075,0.0210004064733392,0.0052755160277371,0.023614895341219,3.307628040341016e-05,0.0002354444974841,693,13.053120112044434,0.090841225630278,3.307628040341016e-05,0,False,False
RGM_0280849,2025-07-19 16:24:46.492422715,2025-07-19 16:24:46.542422715,2025-07-19 16:24:46.517422715,2025-07-19 16:24:46,2025-07-19 16:24:00,5,373,3373,ring51,ring,2.0,60.0,20.0,98.0,S2_ring_D2_X60_Y20_Z98,S2_20250719-162002.092422715+0800.h5,369;370;371;372;373;374;375;376;377,9,250,0.05,0.0135646005960067,0.0086472165350958,0.0191355073805015,9.199919466459331e-06,8.689980058146977e-05,694,13.06668471264044,0.0908504255497444,9.199919466459331e-06,11,False,False
RGM_0280950,2025-07-19 16:25:06.117422715,2025-07-19 16:25:06.167422715,2025-07-19 16:25:06.142422715,2025-07-19 16:25:06,2025-07-19 16:25:00,5,373,3373,ring51,ring,2.0,60.0,20.0,98.0,S2_ring_D2_X60_Y20_Z98,S2_20250719-162002.092422715+0800.h5,369;370;371;372;373;374;375;376;377,9,250,0.05,0.0137317625739765,0.0094378510962035,0.0181353883004969,9.428065169403093e-06,8.598755953896201e-05,695,13.08041647521442,0.0908598536149138,9.428065169403093e-06,11,False,False
RGM_0281299,2025-07-19 16:26:23.942422715,2025-07-19 16:26:23.992422715,2025-07-19 16:26:23.967422715,2025-07-19 16:26:23,2025-07-19 16:26:00,5,373,3373,ring51,ring,2.0,60.0,20.0,98.0,S2_ring_D2_X60_Y20_Z98,S2_20250719-162002.092422715+0800.h5,369;370;371;372;373;374;375;376;377,9,250,0.05,0.01397828197897,0.0113732075694718,0.0196920084848783,9.769618354179872e-06,9.971329562490844e-05,696,13.094394757193388,0.090869623233268,9.769618354179872e-06,11,False,False
RGM_0281440,2025-07-19 16:26:55.792422715,2025-07-19 16:26:55.842422715,2025-07-19 16:26:55.817422715,2025-07-19 16:26:55,2025-07-19 16:26:00,5,373,3373,ring51,ring,2.0,60.0,20.0,98.0,S2_ring_D2_X60_Y20_Z98,S2_20250719-162002.092422715+0800.h5,369;370;371;372;373;374;375;376;377,9,250,0.05,0.0139590181344708,0.0089983194680454,0.0205228158829303,9.74270936392433e-06,9.63621429007707e-05,697,13.10835377532786,0.0908793659426319,9.74270936392433e-06,11,False,False
RGM_0281526,2025-07-19 16:27:17.292422715,2025-07-19 16:27:17.342422715,2025-07-19 16:27:17.317422715,2025-07-19 16:27:17,2025-07-19 16:27:00,5,374,3374,ring51,ring,2.0,60.0,20.0,98.0,S2_ring_D2_X60_Y20_Z98,S2_20250719-162002.092422715+0800.h5,370;371;372;373;374;375;376;377;378,9,250,0.05,0.0151187865859536,0.0105896969688018,0.019408369413478,1.1428885391580667e-05,0.0001010673434894,698,13.123472561913813,0.0908907948280235,1.1428885391580667e-05,11,False,False
RGM_0281634,2025-07-19 16:27:38.292422715,2025-07-19 16:27:38.342422715,2025-07-19 16:27:38.317422715,2025-07-19 16:27:38,2025-07-19 16:27:00,5,374,3374,ring51,ring,2.0,60.0,20.0,98.0,S2_ring_D2_X60_Y20_Z98,S2_20250719-162002.092422715+0800.h5,370;371;372;373;374;375;376;377;378,9,250,0.05,0.0168494695151128,0.0111187894586807,0.0201669060435847,1.4195231147035908e-05,0.000119279676217,699,13.140322031428926,0.0909049900591705,1.4195231147035908e-05,11,False,False
RGM_0281738,2025-07-19 16:27:56.067422715,2025-07-19 16:27:56.192422715,2025-07-19 16:27:56.167422715,2025-07-19 16:27:56,2025-07-19 16:27:00,5,374,3374,ring51,ring,2.0,60.0,20.0,98.0,S2_ring_D2_X60_Y20_Z98,S2_20250719-162002.092422715+0800.h5,370;371;372;373;374;375;376;377;378,9,625,0.125,0.0134337228253574,0.009895074783873,0.0167817258511346,2.2558113618566368e-05,0.0001974681808833,700,13.153755754254284,0.0909275481727891,2.2558113618566368e-05,11,False,False
RGM_0281775,2025-07-19 16:28:04.967422715,2025-07-19 16:28:05.042422715,2025-07-19 16:28:04.992422715,2025-07-19 16:28:04,2025-07-19 16:28:00,5,374,3374,ring51,ring,2.0,60.0,20.0,98.0,S2_ring_D2_X60_Y20_Z98,S2_20250719-162002.092422715+0800.h5,370;371;372;373;374;375;376;377;378,9,375,0.075,0.0120097959092425,0.0089291729319712,0.0170044657338687,1.0817639833624434e-05,0.0001017816919018,701,13.165765550163528,0.0909383658126227,1.0817639833624434e-05,11,False,False
RGM_0281901,2025-07-19 16:28:31.117422715,2025-07-19 16:28:31.167422715,2025-07-19 16:28:31.142422715,2025-07-19 16:28:31,2025-07-19 16:28:00,5,374,3374,ring51,ring,2.0,60.0,20.0,98.0,S2_ring_D2_X60_Y20_Z98,S2_20250719-162002.092422715+0800.h5,370;371;372;373;374;375;376;377;378,9,250,0.05,0.0148382552724902,0.010797803669351,0.0161566466315497,1.1008690976579275e-05,8.807067817700239e-05,702,13.180603805436018,0.0909493745035993,1.1008690976579275e-05,11,False,False
RGM_0282055,2025-07-19 16:29:12.642422715,2025-07-19 16:29:12.767422715,2025-07-19 16:29:12.667422715,2025-07-19 16:29:12,2025-07-19 16:29:00,5,374,3374,ring51,ring,2.0,60.0,20.0,98.0,S2_ring_D2_X60_Y20_Z98,S2_20250719-162002.092422715+0800.h5,370;371;372;373;374;375;376;377;378,9,625,0.125,0.0131064734570135,0.0109767183432846,0.0178268619913357,2.1472455809924964e-05,0.0002040514297602,703,13.19371027889303,0.0909708469594092,2.1472455809924964e-05,11,False,False
RGM_0282074,2025-07-19 16:29:18.542422715,2025-07-19 16:29:18.617422715,2025-07-19 16:29:18.592422715,2025-07-19 16:29:18,2025-07-19 16:29:00,5,374,3374,ring51,ring,2.0,60.0,20.0,98.0,S2_ring_D2_X60_Y20_Z98,S2_20250719-162002.092422715+0800.h5,370;371;372;373;374;375;376;377;378,9,375,0.075,0.0127471810993662,0.0114278030117252,0.0181987844335783,1.218679694850308e-05,0.000123849437424,704,13.206457459992397,0.0909830337563577,1.218679694850308e-05,11,False,False
RGM_0282128,2025-07-19 16:29:29.117422715,2025-07-19 16:29:29.242422715,2025-07-19 16:29:29.192422715,2025-07-19 16:29:29,2025-07-19 16:29:00,5,374,3374,ring51,ring,2.0,60.0,20.0,98.0,S2_ring_D2_X60_Y20_Z98,S2_20250719-162002.092422715+0800.h5,370;371;372;373;374;375;376;377;378,9,625,0.125,0.0114777275570539,0.0081451343197428,0.0163071230525723,1.646727873424432e-05,0.0001523555150336,705,13.21793518754945,0.090999501035092,1.646727873424432e-05,11,False,False
RGM_0282135,2025-07-19 16:29:31.792422715,2025-07-19 16:29:31.842422715,2025-07-19 16:29:31.817422715,2025-07-19 16:29:31,2025-07-19 16:29:00,5,373,3373,ring51,ring,2.0,60.0,20.0,98.0,S2_ring_D2_X60_Y20_Z98,S2_20250719-162002.092422715+0800.h5,369;370;371;372;373;374;375;376;377,9,250,0.05,0.0133986666198053,0.0094246776569569,0.021575728943513,8.976213359434309e-06,9.841235059561788e-05,706,13.231333854169256,0.0910084772484514,8.976213359434309e-06,11,False,False
RGM_0282386,2025-07-19 16:30:17.541756887,2025-07-19 16:30:17.616756887,2025-07-19 16:30:17.566756887,2025-07-19 16:30:17,2025-07-19 16:30:00,5,373,3373,ring51,ring,2.0,60.0,20.0,98.0,S2_ring_D2_X60_Y20_Z98,S2_20250719-163002.091756887+0800.h5,369;370;371;372;373;374;375;376;377,9,375,0.075,0.0111826240661721,0.0080032142466001,0.0198146645876555,9.37883107539996e-06,0.000114643283622,707,13.242516478235428,0.0910178560795268,9.37883107539996e-06,11,False,False
RGM_0282430,2025-07-19 16:30:26.866756887,2025-07-19 16:30:26.916756887,2025-07-19 16:30:26.891756887,2025-07-19 16:30:26,2025-07-19 16:30:00,5,373,3373,ring51,ring,2.0,60.0,20.0,98.0,S2_ring_D2_X60_Y20_Z98,S2_20250719-163002.091756887+0800.h5,369;370;371;372;373;374;375;376;377,9,250,0.05,0.0121425979620503,0.0085853550410036,0.0205262163297964,7.372134263399491e-06,8.600041654847649e-05,708,13.25465907619748,0.0910252282137902,7.372134263399491e-06,11,False,False
RGM_0282622,2025-07-19 16:31:13.341756887,2025-07-19 16:31:14.141756887,2025-07-19 16:31:14.041756887,2025-07-19 16:31:14,2025-07-19 16:31:00,5,373,3373,ring51,ring,2.0,60.0,20.0,98.0,S2_ring_D2_X60_Y20_Z98,S2_20250719-163002.091756887+0800.h5,369;370;371;372;373;374;375;376;377,9,4000,0.8,0.0081357565191671,0.0056866152716964,0.0156556971787017,5.295242731133604e-05,0.0007086988149522,709,13.262794832716644,0.0910781806411016,5.295242731133604e-05,11,False,False
RGM_0282648,2025-07-19 16:31:20.166756887,2025-07-19 16:31:20.216756887,2025-07-19 16:31:20.191756887,2025-07-19 16:31:20,2025-07-19 16:31:00,5,373,3373,ring51,ring,2.0,60.0,20.0,98.0,S2_ring_D2_X60_Y20_Z98,S2_20250719-163002.091756887+0800.h5,369;370;371;372;373;374;375;376;377,9,250,0.05,0.0123849963663776,0.007357994787972,0.0226429974763163,7.669406749759419e-06,9.626131328026496e-05,710,13.275179829083022,0.0910858500478513,7.669406749759419e-06,11,False,False
RGM_0283003,2025-07-19 16:32:51.991756887,2025-07-19 16:32:52.716756887,2025-07-19 16:32:52.016756887,2025-07-19 16:32:52,2025-07-19 16:32:00,5,373,3373,ring51,ring,2.0,60.0,20.0,98.0,S2_ring_D2_X60_Y20_Z98,S2_20250719-163002.091756887+0800.h5,369;370;371;372;373;374;375;376;377,9,3625,0.725,0.0075875851001627,0.004795039329831,0.0143186438650257,4.173929954785359e-05,0.000538690203256,711,13.282767414183184,0.0911275893473992,4.173929954785359e-05,11,False,False
RGM_0283040,2025-07-19 16:33:03.666756887,2025-07-19 16:33:03.791756887,2025-07-19 16:33:03.766756887,2025-07-19 16:33:03,2025-07-19 16:33:00,5,373,3373,ring51,ring,2.0,60.0,20.0,98.0,S2_ring_D2_X60_Y20_Z98,S2_20250719-163002.091756887+0800.h5,369;370;371;372;373;374;375;376;377,9,625,0.125,0.0129552063342066,0.0071230193358021,0.0171347347526771,2.097967139523345e-05,0.0001849228564834,712,13.295722620517392,0.0911485690187944,2.097967139523345e-05,11,False,False
RGM_0283084,2025-07-19 16:33:17.416756887,2025-07-19 16:33:18.066756887,2025-07-19 16:33:17.441756887,2025-07-19 16:33:17,2025-07-19 16:33:00,5,373,3373,ring51,ring,2.0,60.0,20.0,98.0,S2_ring_D2_X60_Y20_Z98,S2_20250719-163002.091756887+0800.h5,369;370;371;372;373;374;375;376;377,9,3250,0.65,0.0074933222577379,0.0044173588850997,0.0146397662602602,3.649742099790168e-05,0.000484567815371,713,13.303215942775129,0.0911850664397923,3.649742099790168e-05,11,False,False
RGM_0283130,2025-07-19 16:33:30.741756887,2025-07-19 16:33:31.441756887,2025-07-19 16:33:30.841756887,2025-07-19 16:33:30,2025-07-19 16:33:00,5,373,3373,ring51,ring,2.0,60.0,20.0,98.0,S2_ring_D2_X60_Y20_Z98,S2_20250719-163002.091756887+0800.h5,369;370;371;372;373;374;375;376;377,9,3500,0.7,0.0087335959808363,0.0048229836727434,0.0135718924183982,5.339298912953619e-05,0.00054159450302,714,13.311949538755965,0.0912384594289218,5.339298912953619e-05,11,False,False
RGM_0283139,2025-07-19 16:33:33.341756887,2025-07-19 16:33:33.391756887,2025-07-19 16:33:33.366756887,2025-07-19 16:33:33,2025-07-19 16:33:00,5,373,3373,ring51,ring,2.0,60.0,20.0,98.0,S2_ring_D2_X60_Y20_Z98,S2_20250719-163002.091756887+0800.h5,369;370;371;372;373;374;375;376;377,9,250,0.05,0.0131267753594192,0.0060632750170359,0.0194387920775502,8.61561156683285e-06,8.211104298251022e-05,715,13.325076314115384,0.0912470750404887,8.61561156683285e-06,11,False,False
RGM_0283150,2025-07-19 16:33:36.041756887,2025-07-19 16:33:36.091756887,2025-07-19 16:33:36.066756887,2025-07-19 16:33:36,2025-07-19 16:33:00,5,373,3373,ring51,ring,2.0,60.0,20.0,98.0,S2_ring_D2_X60_Y20_Z98,S2_20250719-163002.091756887+0800.h5,369;370;371;372;373;374;375;376;377,9,250,0.05,0.0116557856388348,0.0063329656275018,0.0182308599956863,6.792866942923451e-06,6.944575656413809e-05,716,13.33673209975422,0.0912538679074316,6.792866942923451e-06,11,False,False
RGM_0283207,2025-07-19 16:33:53.316756887,2025-07-19 16:33:54.016756887,2025-07-19 16:33:53.441756887,2025-07-19 16:33:53,2025-07-19 16:33:00,5,373,3373,ring51,ring,2.0,60.0,20.0,98.0,S2_ring_D2_X60_Y20_Z98,S2_20250719-163002.091756887+0800.h5,369;370;371;372;373;374;375;376;377,9,3500,0.7,0.0103449700624068,0.0051314026767707,0.0150266254398077,7.491288391446604e-05,0.0007051692473941,717,13.347077069816626,0.0913287807913461,7.491288391446604e-05,11,False,False
RGM_0283218,2025-07-19 16:33:56.466756887,2025-07-19 16:33:57.166756887,2025-07-19 16:33:56.566756887,2025-07-19 16:33:56,2025-07-19 16:33:00,5,373,3373,ring51,ring,2.0,60.0,20.0,98.0,S2_ring_D2_X60_Y20_Z98,S2_20250719-163002.091756887+0800.h5,369;370;371;372;373;374;375;376;377,9,3500,0.7,0.0098961637063001,0.0052583988203897,0.0149164694624694,6.855383927132426e-05,0.0006734579987011,718,13.356973233522924,0.0913973346306174,6.855383927132426e-05,11,False,False
RGM_0283230,2025-07-19 16:33:58.991756887,2025-07-19 16:33:59.041756887,2025-07-19 16:33:59.016756887,2025-07-19 16:33:59,2025-07-19 16:33:00,5,373,3373,ring51,ring,2.0,60.0,20.0,98.0,S2_ring_D2_X60_Y20_Z98,S2_20250719-163002.091756887+0800.h5,369;370;371;372;373;374;375;376;377,9,250,0.05,0.0148608457333671,0.0068942270359618,0.0196650949852565,1.1042236795546864e-05,9.477720809785376e-05,719,13.371834079256292,0.0914083768674129,1.1042236795546864e-05,11,False,False
RGM_0283274,2025-07-19 16:34:16.516756887,2025-07-19 16:34:17.191756887,2025-07-19 16:34:16.541756887,2025-07-19 16:34:16,2025-07-19 16:34:00,5,373,3373,ring51,ring,2.0,60.0,20.0,98.0,S2_ring_D2_X60_Y20_Z98,S2_20250719-163002.091756887+0800.h5,369;370;371;372;373;374;375;376;377,9,3375,0.675,0.008737877103338,0.005742694370648,0.0130818615773118,5.1536584984302016e-05,0.0005247273527147,720,13.38057195635963,0.0914599134523972,5.1536584984302016e-05,11,False,False
RGM_0283462,2025-07-19 16:35:14.666756887,2025-07-19 16:35:14.791756887,2025-07-19 16:35:14.691756887,2025-07-19 16:35:14,2025-07-19 16:35:00,5,373,3373,ring51,ring,2.0,60.0,20.0,98.0,S2_ring_D2_X60_Y20_Z98,S2_20250719-163002.091756887+0800.h5,369;370;371;372;373;374;375;376;377,9,625,0.125,0.0133076955418013,0.0063911748597743,0.0158799933532911,2.213684507915999e-05,0.0001736023745091,721,13.39387965190143,0.0914820502974764,2.213684507915999e-05,11,False,False
RGM_0283477,2025-07-19 16:35:20.191756887,2025-07-19 16:35:20.241756887,2025-07-19 16:35:20.216756887,2025-07-19 16:35:20,2025-07-19 16:35:00,5,373,3373,ring51,ring,2.0,60.0,20.0,98.0,S2_ring_D2_X60_Y20_Z98,S2_20250719-163002.091756887+0800.h5,369;370;371;372;373;374;375;376;377,9,250,0.05,0.0170347924355086,0.0071605121558732,0.0203157698832298,1.4509207666043185e-05,0.0001110457663972,722,13.41091444433694,0.0914965595051424,1.4509207666043185e-05,11,False,False
RGM_0283487,2025-07-19 16:35:22.241756887,2025-07-19 16:35:22.291756887,2025-07-19 16:35:22.266756887,2025-07-19 16:35:22,2025-07-19 16:35:00,5,373,3373,ring51,ring,2.0,60.0,20.0,98.0,S2_ring_D2_X60_Y20_Z98,S2_20250719-163002.091756887+0800.h5,369;370;371;372;373;374;375;376;377,9,250,0.05,0.0139721635782159,0.0065320417834109,0.0168007083562054,9.761067752821256e-06,7.673095789266973e-05,723,13.424886607915155,0.0915063205728953,9.761067752821256e-06,11,False,False
RGM_0283489,2025-07-19 16:35:22.916756887,2025-07-19 16:35:22.966756887,2025-07-19 16:35:22.941756887,2025-07-19 16:35:22,2025-07-19 16:35:00,5,373,3373,ring51,ring,2.0,60.0,20.0,98.0,S2_ring_D2_X60_Y20_Z98,S2_20250719-163002.091756887+0800.h5,369;370;371;372;373;374;375;376;377,9,250,0.05,0.0132651752698586,0.006244676329335,0.0161321701967614,8.798243747003409e-06,6.968133744409236e-05,724,13.438151783185011,0.0915151188166423,8.798243747003409e-06,11,False,False
RGM_0283713,2025-07-19 16:36:28.816756887,2025-07-19 16:36:28.916756887,2025-07-19 16:36:28.891756887,2025-07-19 16:36:28,2025-07-19 16:36:00,5,373,3373,ring51,ring,2.0,60.0,20.0,98.0,S2_ring_D2_X60_Y20_Z98,S2_20250719-163002.091756887+0800.h5,369;370;371;372;373;374;375;376;377,9,500,0.1,0.020105153984571,0.00958742160859,0.0229361418037996,4.042172167433147e-05,0.0003091291291602,725,13.458256937169583,0.0915555405383166,4.042172167433147e-05,11,False,False
RGM_0283724,2025-07-19 16:36:31.366756887,2025-07-19 16:36:31.416756887,2025-07-19 16:36:31.391756887,2025-07-19 16:36:31,2025-07-19 16:36:00,5,373,3373,ring51,ring,2.0,60.0,20.0,98.0,S2_ring_D2_X60_Y20_Z98,S2_20250719-163002.091756887+0800.h5,369;370;371;372;373;374;375;376;377,9,250,0.05,0.0194369652680638,0.0089307022259395,0.0217695613466142,1.888978094159593e-05,0.0001412688360294,726,13.477693902437649,0.0915744303192582,1.888978094159593e-05,11,False,False
RGM_0283753,2025-07-19 16:36:40.341756887,2025-07-19 16:36:40.391756887,2025-07-19 16:36:40.366756887,2025-07-19 16:36:40,2025-07-19 16:36:00,5,373,3373,ring51,ring,2.0,60.0,20.0,98.0,S2_ring_D2_X60_Y20_Z98,S2_20250719-163002.091756887+0800.h5,369;370;371;372;373;374;375;376;377,9,250,0.05,0.0147920766506853,0.0079554589258179,0.0166003789242471,1.0940276581987551e-05,8.426764256626746e-05,727,13.492485979088334,0.0915853705958402,1.0940276581987551e-05,11,False,False
RGM_0283763,2025-07-19 16:36:42.866756887,2025-07-19 16:36:42.916756887,2025-07-19 16:36:42.891756887,2025-07-19 16:36:42,2025-07-19 16:36:00,5,373,3373,ring51,ring,2.0,60.0,20.0,98.0,S2_ring_D2_X60_Y20_Z98,S2_20250719-163002.091756887+0800.h5,369;370;371;372;373;374;375;376;377,9,250,0.05,0.0168290095980613,0.0089816887535877,0.0183455426708104,1.416077820258198e-05,0.000104952899627,728,13.509314988686397,0.0915995313740428,1.416077820258198e-05,11,False,False
RGM_0283764,2025-07-19 16:36:42.916756887,2025-07-19 16:36:42.966756887,2025-07-19 16:36:42.941756887,2025-07-19 16:36:42,2025-07-19 16:36:00,5,373,3373,ring51,ring,2.0,60.0,20.0,98.0,S2_ring_D2_X60_Y20_Z98,S2_20250719-163002.091756887+0800.h5,369;370;371;372;373;374;375;376;377,9,250,0.05,0.0147674264949779,0.0080184464358989,0.0163644907851236,1.0903844264228873e-05,8.389163532256858e-05,729,13.524082415181372,0.091610435218307,1.0903844264228873e-05,11,False,False
RGM_0283933,2025-07-19 16:37:21.766756887,2025-07-19 16:37:21.816756887,2025-07-19 16:37:21.791756887,2025-07-19 16:37:21,2025-07-19 16:37:00,5,373,3373,ring51,ring,2.0,60.0,20.0,98.0,S2_ring_D2_X60_Y20_Z98,S2_20250719-163002.091756887+0800.h5,369;370;371;372;373;374;375;376;377,9,250,0.05,0.0202993530771507,0.0093036392028811,0.0220151734792711,2.0603186767541407e-05,0.0001494202422995,730,13.544381768258525,0.0916310384050746,2.0603186767541407e-05,11,False,False
RGM_0283940,2025-07-19 16:37:24.291756887,2025-07-19 16:37:24.341756887,2025-07-19 16:37:24.316756887,2025-07-19 16:37:24,2025-07-19 16:37:00,5,373,3373,ring51,ring,2.0,60.0,20.0,98.0,S2_ring_D2_X60_Y20_Z98,S2_20250719-163002.091756887+0800.h5,369;370;371;372;373;374;375;376;377,9,250,0.05,0.0149834623542829,0.0070229494793418,0.0161470654151139,1.1225207206110756e-05,8.042962029045261e-05,731,13.559365230612809,0.0916422636122807,1.1225207206110756e-05,11,False,False
RGM_0283943,2025-07-19 16:37:24.916756887,2025-07-19 16:37:25.591756887,2025-07-19 16:37:25.016756887,2025-07-19 16:37:25,2025-07-19 16:37:00,5,374,3374,ring51,ring,2.0,60.0,20.0,98.0,S2_ring_D2_X60_Y20_Z98,S2_20250719-163002.091756887+0800.h5,370;371;372;373;374;375;376;377;378,9,3375,0.675,0.0094200370473738,0.0057950915344962,0.011580318528045,5.9897541132380095e-05,0.0005195593869957,732,13.56878526766018,0.091702161153413,5.9897541132380095e-05,11,False,False
RGM_0283958,2025-07-19 16:37:29.341756887,2025-07-19 16:37:29.466756887,2025-07-19 16:37:29.441756887,2025-07-19 16:37:29,2025-07-19 16:37:00,5,374,3374,ring51,ring,2.0,60.0,20.0,98.0,S2_ring_D2_X60_Y20_Z98,S2_20250719-163002.091756887+0800.h5,370;371;372;373;374;375;376;377;378,9,625,0.125,0.0175909277627799,0.0096117699813016,0.0195883897215475,3.86800924444178e-05,0.0002929840633285,733,13.58637619542296,0.0917408412458575,3.86800924444178e-05,11,False,False
RGM_0284004,2025-07-19 16:37:40.091756887,2025-07-19 16:37:40.816756887,2025-07-19 16:37:40.741756887,2025-07-19 16:37:40,2025-07-19 16:37:00,5,373,3373,ring51,ring,2.0,60.0,20.0,98.0,S2_ring_D2_X60_Y20_Z98,S2_20250719-163002.091756887+0800.h5,369;370;371;372;373;374;375;376;377,9,3625,0.725,0.0093805279705519,0.0049669167763446,0.0107583522747695,6.379587112957322e-05,0.0004991997142972,734,13.595756723393514,0.091804637116987,6.379587112957322e-05,11,False,False
RGM_0284015,2025-07-19 16:37:42.591756887,2025-07-19 16:37:42.641756887,2025-07-19 16:37:42.616756887,2025-07-19 16:37:42,2025-07-19 16:37:00,5,494,3494,andring58,line,2.0,169.0,70.0,8.0,S2_line_D2_X169_Y70_Z8,S2_20250719-163002.091756887+0800.h5,490;491;492;493;494;495,6,250,0.05,0.0106023408529354,0.0093349105355287,0.0163471046947998,5.630870201273633e-06,4.2701210761391294e-05,735,13.60635906424645,0.0918102679871883,5.630870201273633e-06,60,False,False
RGM_0284033,2025-07-19 16:37:45.666756887,2025-07-19 16:37:45.716756887,2025-07-19 16:37:45.691756887,2025-07-19 16:37:45,2025-07-19 16:37:00,5,436,3436,ring55,ring,2.0,127.0,20.0,64.0,S2_ring_D2_X127_Y20_Z64,S2_20250719-163002.091756887+0800.h5,432;433;434;435;436;437;438;439;440,9,250,0.05,0.0376749602229039,0.0088595921733507,0.0432860682580305,7.097013138986976e-05,0.0004915103775243,736,13.644034024469354,0.0918812381185782,7.097013138986976e-05,40,False,False
RGM_0284107,2025-07-19 16:38:01.216756887,2025-07-19 16:38:01.341756887,2025-07-19 16:38:01.266756887,2025-07-19 16:38:01,2025-07-19 16:38:00,5,373,3373,ring51,ring,2.0,60.0,20.0,98.0,S2_ring_D2_X60_Y20_Z98,S2_20250719-163002.091756887+0800.h5,369;370;371;372;373;374;375;376;377,9,625,0.125,0.0162069644205366,0.006487615219297,0.0177198442191134,3.2833211966067496e-05,0.0002346033379086,737,13.66024098888989,0.0919140713305443,3.2833211966067496e-05,11,False,False
RGM_0284175,2025-07-19 16:38:19.116756887,2025-07-19 16:38:19.841756887,2025-07-19 16:38:19.141756887,2025-07-19 16:38:19,2025-07-19 16:38:00,5,373,3373,ring51,ring,2.0,60.0,20.0,98.0,S2_ring_D2_X60_Y20_Z98,S2_20250719-163002.091756887+0800.h5,369;370;371;372;373;374;375;376;377,9,3625,0.725,0.0100033979098551,0.0048240145648352,0.0114230731733414,7.254927806359877e-05,0.0005561177334824,738,13.670244386799746,0.0919866206086079,7.254927806359877e-05,11,False,False
RGM_0284178,2025-07-19 16:38:19.166756887,2025-07-19 16:38:19.216756887,2025-07-19 16:38:19.191756887,2025-07-19 16:38:19,2025-07-19 16:38:00,5,373,3373,ring51,ring,2.0,60.0,20.0,98.0,S2_ring_D2_X60_Y20_Z98,S2_20250719-163002.091756887+0800.h5,369;370;371;372;373;374;375;376;377,9,250,0.05,0.0219890243910911,0.0086228284190422,0.024029783856259,2.4175859683600137e-05,0.0001720392660949,739,13.692233411190838,0.0920107964682915,2.4175859683600137e-05,11,False,False
RGM_0284242,2025-07-19 16:38:36.316756887,2025-07-19 16:38:37.591756887,2025-07-19 16:38:36.966756887,2025-07-19 16:38:36,2025-07-19 16:38:00,5,373,3373,ring51,ring,2.0,60.0,20.0,98.0,S2_ring_D2_X60_Y20_Z98,S2_20250719-163002.091756887+0800.h5,369;370;371;372;373;374;375;376;377,9,6375,1.275,0.0076045309494769,0.0040906020741642,0.0089442089229816,7.373183597598054e-05,0.0005853200380466,740,13.699837942140316,0.0920845283042674,7.373183597598054e-05,11,False,False
RGM_0284315,2025-07-19 16:38:51.691756887,2025-07-19 16:38:51.741756887,2025-07-19 16:38:51.716756887,2025-07-19 16:38:51,2025-07-19 16:38:00,5,373,3373,ring51,ring,2.0,60.0,20.0,98.0,S2_ring_D2_X60_Y20_Z98,S2_20250719-163002.091756887+0800.h5,369;370;371;372;373;374;375;376;377,9,250,0.05,0.0217924674490664,0.0082087999652836,0.0241930251276201,2.3745581875931085e-05,0.0001728617002482,741,13.72163040958938,0.0921082738861434,2.3745581875931085e-05,11,False,False
RGM_0284440,2025-07-19 16:39:21.066756887,2025-07-19 16:39:21.791756887,2025-07-19 16:39:21.691756887,2025-07-19 16:39:21,2025-07-19 16:39:00,5,374,3374,ring51,ring,2.0,60.0,20.0,98.0,S2_ring_D2_X60_Y20_Z98,S2_20250719-163002.091756887+0800.h5,370;371;372;373;374;375;376;377;378,9,3625,0.725,0.00809651513477,0.0060007333777783,0.0096094913604241,4.752632906248154e-05,0.000413499465989,742,13.729726924724153,0.0921558002152058,4.752632906248154e-05,11,False,False
RGM_0284514,2025-07-19 16:39:37.066756887,2025-07-19 16:39:37.716756887,2025-07-19 16:39:37.091756887,2025-07-19 16:39:37,2025-07-19 16:39:00,5,374,3374,ring51,ring,2.0,60.0,20.0,98.0,S2_ring_D2_X60_Y20_Z98,S2_20250719-163002.091756887+0800.h5,370;371;372;373;374;375;376;377;378,9,3250,0.65,0.007512529572411,0.0052521710066154,0.008540398522057,3.668476537462766e-05,0.0003052095753794,743,13.737239454296562,0.0921924849805805,3.668476537462766e-05,11,False,False
RGM_0284544,2025-07-19 16:39:42.041756887,2025-07-19 16:39:44.841756887,2025-07-19 16:39:43.341756887,2025-07-19 16:39:43,2025-07-19 16:39:00,5,374,3374,ring51,ring,2.0,60.0,20.0,98.0,S2_ring_D2_X60_Y20_Z98,S2_20250719-163002.091756887+0800.h5,370;371;372;373;374;375;376;377;378,9,14000,2.8,0.0316539682701936,0.0158906159054617,0.0357580856976812,0.0028055263803011,0.0219630418797392,744,13.768893422566755,0.0949980113608817,0.0028055263803011,11,False,False
RGM_0284569,2025-07-19 16:39:48.866756887,2025-07-19 16:39:48.916756887,2025-07-19 16:39:48.891756887,2025-07-19 16:39:48,2025-07-19 16:39:00,5,374,3374,ring51,ring,2.0,60.0,20.0,98.0,S2_ring_D2_X60_Y20_Z98,S2_20250719-163002.091756887+0800.h5,370;371;372;373;374;375;376;377;378,9,250,0.05,0.0141294247305347,0.0072569866833023,0.0157283544448427,9.982032160792288e-06,7.507660614714406e-05,745,13.783022847297287,0.0950079933930425,9.982032160792288e-06,11,False,False
RGM_0284587,2025-07-19 16:39:52.641756887,2025-07-19 16:39:52.691756887,2025-07-19 16:39:52.666756887,2025-07-19 16:39:52,2025-07-19 16:39:00,5,374,3374,ring51,ring,2.0,60.0,20.0,98.0,S2_ring_D2_X60_Y20_Z98,S2_20250719-163002.091756887+0800.h5,370;371;372;373;374;375;376;377;378,9,250,0.05,0.0142380715609419,0.0067737089049883,0.015927867705077,1.013613408872516e-05,7.536397747527721e-05,746,13.797260918858232,0.0950181295271312,1.013613408872516e-05,11,False,False
RGM_0284612,2025-07-19 16:39:58.291756887,2025-07-19 16:39:58.341756887,2025-07-19 16:39:58.316756887,2025-07-19 16:39:58,2025-07-19 16:39:00,5,374,3374,ring51,ring,2.0,60.0,20.0,98.0,S2_ring_D2_X60_Y20_Z98,S2_20250719-163002.091756887+0800.h5,370;371;372;373;374;375;376;377;378,9,250,0.05,0.0177703036331372,0.0070459870245676,0.0197204517181245,1.5789184560694612e-05,0.0001118993641951,747,13.815031222491369,0.0950339187116919,1.5789184560694612e-05,11,False,False
RGM_0284648,2025-07-19 16:40:06.466098588,2025-07-19 16:40:06.516098588,2025-07-19 16:40:06.491098588,2025-07-19 16:40:06,2025-07-19 16:40:00,5,374,3374,ring51,ring,2.0,60.0,20.0,98.0,S2_ring_D2_X60_Y20_Z98,S2_20250719-164002.091098588+0800.h5,370;371;372;373;374;375;376;377;378,9,250,0.05,0.0173898666263342,0.0074540773979671,0.0192237824115611,1.5120373064084723e-05,0.0001077515863991,748,13.832421089117704,0.095049039084756,1.5120373064084723e-05,11,False,False
RGM_0284660,2025-07-19 16:40:08.991098588,2025-07-19 16:40:10.291098588,2025-07-19 16:40:09.066098588,2025-07-19 16:40:09,2025-07-19 16:40:00,5,374,3374,ring51,ring,2.0,60.0,20.0,98.0,S2_ring_D2_X60_Y20_Z98,S2_20250719-164002.091098588+0800.h5,370;371;372;373;374;375;376;377;378,9,6500,1.3,0.0130209593282363,0.0061477494718834,0.0142568416880946,0.0002204089963758,0.0015857489712785,749,13.84544204844594,0.0952694480811318,0.0002204089963758,11,False,False
RGM_0284814,2025-07-19 16:40:41.916098588,2025-07-19 16:40:42.016098588,2025-07-19 16:40:41.941098588,2025-07-19 16:40:41,2025-07-19 16:40:00,5,374,3374,ring51,ring,2.0,60.0,20.0,98.0,S2_ring_D2_X60_Y20_Z98,S2_20250719-164002.091098588+0800.h5,370;371;372;373;374;375;376;377;378,9,500,0.1,0.0127422163963818,0.0065666239676703,0.0146249006335861,1.6236407869222204e-05,0.0001253727394009,750,13.85818426484232,0.095285684489001,1.6236407869222204e-05,11,False,False
RGM_0284901,2025-07-19 16:41:01.291098588,2025-07-19 16:41:01.491098588,2025-07-19 16:41:01.466098588,2025-07-19 16:41:01,2025-07-19 16:41:00,5,373,3373,ring51,ring,2.0,60.0,20.0,98.0,S2_ring_D2_X60_Y20_Z98,S2_20250719-164002.091098588+0800.h5,369;370;371;372;373;374;375;376;377,9,1000,0.2,0.0261194684870297,0.0109280461051884,0.0284898251963171,0.0001364453268089,0.0010108888052122,751,13.88430373332935,0.09542212981581,0.0001364453268089,11,False,False
RGM_0284902,2025-07-19 16:41:01.341098588,2025-07-19 16:41:02.716098588,2025-07-19 16:41:01.466098588,2025-07-19 16:41:01,2025-07-19 16:41:00,5,374,3374,ring51,ring,2.0,60.0,20.0,98.0,S2_ring_D2_X60_Y20_Z98,S2_20250719-164002.091098588+0800.h5,370;371;372;373;374;375;376;377;378,9,6875,1.375,0.0343805216613972,0.0124696746256738,0.0387051952938157,0.0016252778708509,0.0115641528756337,752,13.918684254990747,0.097047407686661,0.0016252778708509,11,False,False
RGM_0284923,2025-07-19 16:41:03.841098588,2025-07-19 16:41:03.966098588,2025-07-19 16:41:03.941098588,2025-07-19 16:41:03,2025-07-19 16:41:00,5,374,3374,ring51,ring,2.0,60.0,20.0,98.0,S2_ring_D2_X60_Y20_Z98,S2_20250719-164002.091098588+0800.h5,370;371;372;373;374;375;376;377;378,9,625,0.125,0.0138732727391333,0.0065483037572622,0.0153878112963103,2.405846206179744e-05,0.0001755035936106,753,13.93255752772988,0.0970714661487228,2.405846206179744e-05,11,False,False
RGM_0284962,2025-07-19 16:41:11.916098588,2025-07-19 16:41:13.191098588,2025-07-19 16:41:12.541098588,2025-07-19 16:41:12,2025-07-19 16:41:00,5,373,3373,ring51,ring,2.0,60.0,20.0,98.0,S2_ring_D2_X60_Y20_Z98,S2_20250719-164002.091098588+0800.h5,369;370;371;372;373;374;375;376;377,9,6375,1.275,0.0059647284748913,0.0034967810806465,0.0067087030764652,4.536193186845379e-05,0.0003554579732734,754,13.938522256204772,0.0971168280805913,4.536193186845379e-05,11,False,False
RGM_0285064,2025-07-19 16:41:22.416098588,2025-07-19 16:41:23.091098588,2025-07-19 16:41:22.516098588,2025-07-19 16:41:22,2025-07-19 16:41:00,5,374,3374,ring51,ring,2.0,60.0,20.0,98.0,S2_ring_D2_X60_Y20_Z98,S2_20250719-164002.091098588+0800.h5,370;371;372;373;374;375;376;377;378,9,3375,0.675,0.0077915045619064,0.0045910458603652,0.0086311376667176,4.097759175329068e-05,0.0003112899072382,755,13.946313760766678,0.0971578056723446,4.097759175329068e-05,11,False,False
RGM_0285207,2025-07-19 16:41:35.491098588,2025-07-19 16:41:35.541098588,2025-07-19 16:41:35.516098588,2025-07-19 16:41:35,2025-07-19 16:41:00,5,374,3374,ring51,ring,2.0,60.0,20.0,98.0,S2_ring_D2_X60_Y20_Z98,S2_20250719-164002.091098588+0800.h5,370;371;372;373;374;375;376;377;378,9,250,0.05,0.0139455283816499,0.0069479987259623,0.0157062354501997,9.723888092170172e-06,7.277541645278386e-05,756,13.960259289148327,0.0971675295604367,9.723888092170172e-06,11,False,False
RGM_0285246,2025-07-19 16:41:38.041098588,2025-07-19 16:41:38.116098588,2025-07-19 16:41:38.066098588,2025-07-19 16:41:38,2025-07-19 16:41:00,5,374,3374,ring51,ring,2.0,60.0,20.0,98.0,S2_ring_D2_X60_Y20_Z98,S2_20250719-164002.091098588+0800.h5,370;371;372;373;374;375;376;377;378,9,375,0.075,0.0141913622561879,0.0065812189247597,0.0158802391795367,1.510460720147662e-05,0.0001106795573744,757,13.974450651404515,0.0971826341676382,1.510460720147662e-05,11,False,False
RGM_0285338,2025-07-19 16:41:48.741098588,2025-07-19 16:41:48.791098588,2025-07-19 16:41:48.766098588,2025-07-19 16:41:48,2025-07-19 16:41:00,5,374,3374,ring51,ring,2.0,60.0,20.0,98.0,S2_ring_D2_X60_Y20_Z98,S2_20250719-164002.091098588+0800.h5,370;371;372;373;374;375;376;377;378,9,250,0.05,0.0147522494427122,0.0068308505730986,0.0169778233353034,1.0881443181000136e-05,8.187843791735004e-05,758,13.989202900847229,0.0971935156108192,1.0881443181000136e-05,11,False,False
RGM_0285339,2025-07-19 16:41:48.791098588,2025-07-19 16:41:48.841098588,2025-07-19 16:41:48.816098588,2025-07-19 16:41:48,2025-07-19 16:41:00,5,374,3374,ring51,ring,2.0,60.0,20.0,98.0,S2_ring_D2_X60_Y20_Z98,S2_20250719-164002.091098588+0800.h5,370;371;372;373;374;375;376;377;378,9,250,0.05,0.0111416781466759,0.0058815218357937,0.012102639059173,6.206849596205847e-06,4.4723014997424775e-05,759,14.000344578993902,0.0971997224604154,6.206849596205847e-06,11,False,False
RGM_0285359,2025-07-19 16:41:52.966098588,2025-07-19 16:41:53.016098588,2025-07-19 16:41:52.991098588,2025-07-19 16:41:52,2025-07-19 16:41:00,5,436,3436,ring55,ring,2.0,127.0,20.0,64.0,S2_ring_D2_X127_Y20_Z64,S2_20250719-164002.091098588+0800.h5,432;433;434;435;436;437;438;439;440,9,250,0.05,0.0323599422585679,0.0079330382806193,0.0443940786859282,5.235829314889261e-05,0.0004598277593015,760,14.03270452125247,0.0972520807535643,5.235829314889261e-05,40,False,False
RGM_0285391,2025-07-19 16:41:59.016098588,2025-07-19 16:41:59.066098588,2025-07-19 16:41:59.041098588,2025-07-19 16:41:59,2025-07-19 16:41:00,5,436,3436,ring55,ring,2.0,127.0,20.0,64.0,S2_ring_D2_X127_Y20_Z64,S2_20250719-164002.091098588+0800.h5,432;433;434;435;436;437;438;439;440,9,250,0.05,0.0317813323912562,0.0079683650996769,0.0449012056250568,5.050265442817571e-05,0.0004613580395475,761,14.064485853643726,0.0973025834079925,5.050265442817571e-05,40,False,False
RGM_0285402,2025-07-19 16:42:01.316098588,2025-07-19 16:42:01.991098588,2025-07-19 16:42:01.416098588,2025-07-19 16:42:01,2025-07-19 16:42:00,5,373,3373,ring51,ring,2.0,60.0,20.0,98.0,S2_ring_D2_X60_Y20_Z98,S2_20250719-164002.091098588+0800.h5,369;370;371;372;373;374;375;376;377,9,3375,0.675,0.0086671722073665,0.0044950585039131,0.0092235680998661,5.070591499869901e-05,0.0003724364444266,762,14.073153025851092,0.0973532893229912,5.070591499869901e-05,11,False,False
RGM_0285418,2025-07-19 16:42:05.141098588,2025-07-19 16:42:05.191098588,2025-07-19 16:42:05.166098588,2025-07-19 16:42:05,2025-07-19 16:42:00,5,374,3374,ring51,ring,2.0,60.0,20.0,98.0,S2_ring_D2_X60_Y20_Z98,S2_20250719-164002.091098588+0800.h5,370;371;372;373;374;375;376;377;378,9,250,0.05,0.017807072852505,0.007136092246132,0.0207424791687621,1.585459217872113e-05,0.0001195583747579,763,14.090960098703595,0.0973691439151699,1.585459217872113e-05,11,False,False
RGM_0285419,2025-07-19 16:42:05.191098588,2025-07-19 16:42:05.241098588,2025-07-19 16:42:05.216098588,2025-07-19 16:42:05,2025-07-19 16:42:00,5,374,3374,ring51,ring,2.0,60.0,20.0,98.0,S2_ring_D2_X60_Y20_Z98,S2_20250719-164002.091098588+0800.h5,370;371;372;373;374;375;376;377;378,9,250,0.05,0.0134486604801524,0.0071793176251094,0.0153034559440424,9.043323435520663e-06,7.189312914939785e-05,764,14.10440875918375,0.0973781872386054,9.043323435520663e-06,11,False,False
RGM_0285474,2025-07-19 16:42:16.541098588,2025-07-19 16:42:17.266098588,2025-07-19 16:42:16.566098588,2025-07-19 16:42:16,2025-07-19 16:42:00,5,373,3373,ring51,ring,2.0,60.0,20.0,98.0,S2_ring_D2_X60_Y20_Z98,S2_20250719-164002.091098588+0800.h5,369;370;371;372;373;374;375;376;377,9,3625,0.725,0.0087610814843725,0.004442627437103,0.0093138803187129,5.5648497862466016e-05,0.000406890395435,765,14.113169840668125,0.0974338357364679,5.5648497862466016e-05,11,False,False
RGM_0285553,2025-07-19 16:42:38.616098588,2025-07-19 16:42:38.666098588,2025-07-19 16:42:38.641098588,2025-07-19 16:42:38,2025-07-19 16:42:00,5,374,3374,ring51,ring,2.0,60.0,20.0,98.0,S2_ring_D2_X60_Y20_Z98,S2_20250719-164002.091098588+0800.h5,370;371;372;373;374;375;376;377;378,9,250,0.05,0.015857523198809,0.0101265464947143,0.0180236678380696,1.2573052100038434e-05,0.0001066926831736,766,14.129027363866932,0.0974464087885679,1.2573052100038434e-05,11,False,False
RGM_0285563,2025-07-19 16:42:41.091098588,2025-07-19 16:42:41.141098588,2025-07-19 16:42:41.116098588,2025-07-19 16:42:41,2025-07-19 16:42:00,5,374,3374,ring51,ring,2.0,60.0,20.0,98.0,S2_ring_D2_X60_Y20_Z98,S2_20250719-164002.091098588+0800.h5,370;371;372;373;374;375;376;377;378,9,250,0.05,0.0171524936701284,0.0107658213746006,0.0195421983656763,1.4710401955189856e-05,0.0001249127968672,767,14.14617985753706,0.0974611191905231,1.4710401955189856e-05,11,False,False
RGM_0285564,2025-07-19 16:42:41.141098588,2025-07-19 16:42:41.191098588,2025-07-19 16:42:41.166098588,2025-07-19 16:42:41,2025-07-19 16:42:00,5,374,3374,ring51,ring,2.0,60.0,20.0,98.0,S2_ring_D2_X60_Y20_Z98,S2_20250719-164002.091098588+0800.h5,370;371;372;373;374;375;376;377;378,9,250,0.05,0.0149789102304346,0.0111376516681485,0.0176256929450694,1.121838758457102e-05,9.949389227026972e-05,768,14.161158767767494,0.0974723375781077,1.121838758457102e-05,11,False,False
RGM_0285654,2025-07-19 16:43:02.666098588,2025-07-19 16:43:02.716098588,2025-07-19 16:43:02.691098588,2025-07-19 16:43:02,2025-07-19 16:43:00,5,374,3374,ring51,ring,2.0,60.0,20.0,98.0,S2_ring_D2_X60_Y20_Z98,S2_20250719-164002.091098588+0800.h5,370;371;372;373;374;375;376;377;378,9,250,0.05,0.0131175741441458,0.0079042115851327,0.0145097759717623,8.603537571358208e-06,6.577285336076777e-05,769,14.17427634191164,0.097480941115679,8.603537571358208e-06,11,False,False
RGM_0285678,2025-07-19 16:43:08.291098588,2025-07-19 16:43:08.941098588,2025-07-19 16:43:08.316098588,2025-07-19 16:43:08,2025-07-19 16:43:00,5,374,3374,ring51,ring,2.0,60.0,20.0,98.0,S2_ring_D2_X60_Y20_Z98,S2_20250719-164002.091098588+0800.h5,370;371;372;373;374;375;376;377;378,9,3250,0.65,0.0070483667206271,0.0051192719794203,0.0077823447480537,3.229165772848912e-05,0.0002656742841127,770,14.181324708632268,0.0975132327734075,3.229165772848912e-05,11,False,False
RGM_0285726,2025-07-19 16:43:19.391098588,2025-07-19 16:43:19.441098588,2025-07-19 16:43:19.416098588,2025-07-19 16:43:19,2025-07-19 16:43:00,5,374,3374,ring51,ring,2.0,60.0,20.0,98.0,S2_ring_D2_X60_Y20_Z98,S2_20250719-164002.091098588+0800.h5,370;371;372;373;374;375;376;377;378,9,250,0.05,0.0167623473440212,0.0083440812984114,0.0191535120621256,1.4048814424080764e-05,0.0001067517399047,771,14.19808705597629,0.0975272815878316,1.4048814424080764e-05,11,False,False
RGM_0285831,2025-07-19 16:43:47.966098588,2025-07-19 16:43:48.041098588,2025-07-19 16:43:48.016098588,2025-07-19 16:43:48,2025-07-19 16:43:00,5,340,3340,ring49,ring,2.0,20.0,20.0,98.0,S2_ring_D2_X20_Y20_Z98,S2_20250719-164002.091098588+0800.h5,336;337;338;339;340;341;342;343;344,9,375,0.075,0.0223961089442747,0.0111312531948099,0.0266323315139708,3.761892718828664e-05,0.0003021174544101,772,14.220483164920564,0.0975649005150199,3.761892718828664e-05,0,False,False
RGM_0285844,2025-07-19 16:43:49.716098588,2025-07-19 16:43:49.841098588,2025-07-19 16:43:49.816098588,2025-07-19 16:43:49,2025-07-19 16:43:00,5,374,3374,ring51,ring,2.0,60.0,20.0,98.0,S2_ring_D2_X60_Y20_Z98,S2_20250719-164002.091098588+0800.h5,370;371;372;373;374;375;376;377;378,9,625,0.125,0.012320649775704,0.0103162626114957,0.0135412635081899,1.89748013619445e-05,0.0001672802853394,773,14.232803814696268,0.0975838753163818,1.89748013619445e-05,11,False,False
RGM_0285911,2025-07-19 16:44:05.716098588,2025-07-19 16:44:05.766098588,2025-07-19 16:44:05.741098588,2025-07-19 16:44:05,2025-07-19 16:44:00,5,374,3374,ring51,ring,2.0,60.0,20.0,98.0,S2_ring_D2_X60_Y20_Z98,S2_20250719-164002.091098588+0800.h5,370;371;372;373;374;375;376;377;378,9,250,0.05,0.0142913574563879,0.0116300032732641,0.0155199948046222,1.0212144897312796e-05,8.70037729936126e-05,774,14.247095172152656,0.0975940874612791,1.0212144897312796e-05,11,False,False
RGM_0285932,2025-07-19 16:44:10.041098588,2025-07-19 16:44:12.541098588,2025-07-19 16:44:11.891098588,2025-07-19 16:44:11,2025-07-19 16:44:00,5,374,3374,ring51,ring,2.0,60.0,20.0,98.0,S2_ring_D2_X60_Y20_Z98,S2_20250719-164002.091098588+0800.h5,370;371;372;373;374;375;376;377;378,9,12500,2.5,0.0068349031671664,0.0058533984722169,0.0071917042854483,0.0001167897532613,0.000993946378266,775,14.253930075319824,0.0977108772145405,0.0001167897532613,11,False,False
RGM_0286014,2025-07-19 16:44:32.591098588,2025-07-19 16:44:33.191098588,2025-07-19 16:44:33.166098588,2025-07-19 16:44:33,2025-07-19 16:44:00,5,374,3374,ring51,ring,2.0,60.0,20.0,98.0,S2_ring_D2_X60_Y20_Z98,S2_20250719-164002.091098588+0800.h5,370;371;372;373;374;375;376;377;378,9,3000,0.6,0.0075270361316254,0.0058984805812875,0.0082809833292556,3.39937637560767e-05,0.0002845850149178,776,14.261457111451447,0.0977448709782966,3.39937637560767e-05,11,False,False
RGM_0286051,2025-07-19 16:44:42.566098588,2025-07-19 16:44:42.616098588,2025-07-19 16:44:42.591098588,2025-07-19 16:44:42,2025-07-19 16:44:00,5,374,3374,ring51,ring,2.0,60.0,20.0,98.0,S2_ring_D2_X60_Y20_Z98,S2_20250719-164002.091098588+0800.h5,370;371;372;373;374;375;376;377;378,9,250,0.05,0.014658056801682,0.0102370369922352,0.0164542138879004,1.0742931460066846e-05,8.68148098289399e-05,777,14.276115168253131,0.0977556139097566,1.0742931460066846e-05,11,False,False
RGM_0286086,2025-07-19 16:44:53.341098588,2025-07-19 16:44:54.641098588,2025-07-19 16:44:54.591098588,2025-07-19 16:44:54,2025-07-19 16:44:00,5,374,3374,ring51,ring,2.0,60.0,20.0,98.0,S2_ring_D2_X60_Y20_Z98,S2_20250719-164002.091098588+0800.h5,370;371;372;373;374;375;376;377;378,9,6500,1.3,0.008115712483804,0.0064409143888775,0.0086726814142098,8.562422585570386e-05,0.000698388515967,778,14.284230880736937,0.0978412381356124,8.562422585570386e-05,11,False,False
RGM_0286180,2025-07-19 16:45:22.291098588,2025-07-19 16:45:22.341098588,2025-07-19 16:45:22.316098588,2025-07-19 16:45:22,2025-07-19 16:45:00,5,374,3374,ring51,ring,2.0,60.0,20.0,98.0,S2_ring_D2_X60_Y20_Z98,S2_20250719-164002.091098588+0800.h5,370;371;372;373;374;375;376;377;378,9,250,0.05,0.0120634237374232,0.0091637657038088,0.0136198961065904,7.276309613431393e-06,6.196908745254579e-05,779,14.296294304474358,0.0978485144452258,7.276309613431393e-06,11,False,False
RGM_0287130,2025-07-19 16:49:21.216098588,2025-07-19 16:49:21.966098588,2025-07-19 16:49:21.666098588,2025-07-19 16:49:21,2025-07-19 16:49:00,5,374,3374,ring51,ring,2.0,60.0,20.0,98.0,S2_ring_D2_X60_Y20_Z98,S2_20250719-164002.091098588+0800.h5,370;371;372;373;374;375;376;377;378,9,3750,0.75,0.0188075793419105,0.0149737240786627,0.0198285144911748,0.0002652937805266,0.0022533058377553,780,14.315101883816268,0.0981138082257525,0.0002652937805266,11,False,False
RGM_0287391,2025-07-19 16:50:16.169133566,2025-07-19 16:50:16.269133566,2025-07-19 16:50:16.219133566,2025-07-19 16:50:16,2025-07-19 16:50:00,5,395,3395,ring52,ring,2.0,80.0,120.0,98.0,S2_ring_D2_X80_Y120_Z98,S2_20250719-165002.694133566+0800.h5,391;392;393;394;395;396;397;398;399,9,500,0.1,0.0150282202803108,0.0047525155546985,0.0173864388567705,2.2584740479354627e-05,0.00016212214373,781,14.33013010409658,0.0981363929662318,2.2584740479354627e-05,22,False,False
RGM_0287499,2025-07-19 16:50:40.944133566,2025-07-19 16:50:41.044133566,2025-07-19 16:50:40.994133566,2025-07-19 16:50:40,2025-07-19 16:50:00,5,490,3490,ring58,ring,2.0,163.0,120.0,16.0,S2_ring_D2_X163_Y120_Z16,S2_20250719-165002.694133566+0800.h5,486;487;488;489;490;491;492;493;494,9,500,0.1,0.0093766577810219,0.0062902965272826,0.0103930631908592,8.792171114239977e-06,7.27537461404704e-05,782,14.3395067618776,0.0981451851373461,8.792171114239977e-06,58,False,False
RGM_0287810,2025-07-19 16:51:11.919133566,2025-07-19 16:51:12.044133566,2025-07-19 16:51:11.944133566,2025-07-19 16:51:11,2025-07-19 16:51:00,5,374,3374,ring51,ring,2.0,60.0,20.0,98.0,S2_ring_D2_X60_Y20_Z98,S2_20250719-165002.694133566+0800.h5,370;371;372;373;374;375;376;377;378,9,625,0.125,0.0122805075158912,0.0115959711439469,0.0245265114538011,1.8851358105982726e-05,0.0002859413253221,783,14.351787269393492,0.0981640364954521,1.8851358105982726e-05,11,False,False
RGM_0287875,2025-07-19 16:51:14.519133566,2025-07-19 16:51:14.669133566,2025-07-19 16:51:14.544133566,2025-07-19 16:51:14,2025-07-19 16:51:00,5,376,3376,ring51,ring,2.0,60.0,20.0,98.0,S2_ring_D2_X60_Y20_Z98,S2_20250719-165002.694133566+0800.h5,372;373;374;375;376;377;378;379;380,9,750,0.15,0.0117016260842901,0.0090122374866625,0.0215013092728279,2.053920795248083e-05,0.0002397543290496,784,14.363488895477785,0.0981845757034045,2.053920795248083e-05,11,False,False
RGM_0288691,2025-07-19 16:51:57.994133566,2025-07-19 16:51:58.119133566,2025-07-19 16:51:58.019133566,2025-07-19 16:51:58,2025-07-19 16:51:00,5,373,3373,ring51,ring,2.0,60.0,20.0,98.0,S2_ring_D2_X60_Y20_Z98,S2_20250719-165002.694133566+0800.h5,369;370;371;372;373;374;375;376;377,9,625,0.125,0.0126387570617042,0.0081777065867811,0.0267673589073757,1.996727250809752e-05,0.0002997155406091,785,14.376127652539488,0.0982045429759126,1.996727250809752e-05,11,False,False
RGM_0289012,2025-07-19 16:52:35.894133566,2025-07-19 16:52:35.944133566,2025-07-19 16:52:35.919133566,2025-07-19 16:52:35,2025-07-19 16:52:00,5,373,3373,ring51,ring,2.0,60.0,20.0,98.0,S2_ring_D2_X60_Y20_Z98,S2_20250719-165002.694133566+0800.h5,369;370;371;372;373;374;375;376;377,9,250,0.05,0.0124516496594874,0.0075742287045059,0.0175536696722881,7.752178962130744e-06,7.538059438743661e-05,786,14.388579302198975,0.0982122951548748,7.752178962130744e-06,11,False,False
RGM_0289014,2025-07-19 16:52:35.769133566,2025-07-19 16:52:36.044133566,2025-07-19 16:52:35.994133566,2025-07-19 16:52:35,2025-07-19 16:52:00,5,373,3373,ring51,ring,2.0,60.0,20.0,98.0,S2_ring_D2_X60_Y20_Z98,S2_20250719-165002.694133566+0800.h5,369;370;371;372;373;374;375;376;377,9,1375,0.275,0.0124407884154432,0.0069891223897058,0.0189556306225075,4.256263450940264e-05,0.0004359832636423,787,14.401020090614418,0.0982548577893842,4.256263450940264e-05,11,False,False
RGM_0289334,2025-07-19 16:53:17.669133566,2025-07-19 16:53:18.319133566,2025-07-19 16:53:18.294133566,2025-07-19 16:53:18,2025-07-19 16:53:00,5,373,3373,ring51,ring,2.0,60.0,20.0,98.0,S2_ring_D2_X60_Y20_Z98,S2_20250719-165002.694133566+0800.h5,369;370;371;372;373;374;375;376;377,9,3250,0.65,0.0091955612684093,0.0045634996486535,0.0119282107110125,5.496292557669516e-05,0.0004915601347516,788,14.410215651882828,0.0983098207149609,5.496292557669516e-05,11,False,False
RGM_0289569,2025-07-19 16:53:55.594133566,2025-07-19 16:53:55.719133566,2025-07-19 16:53:55.644133566,2025-07-19 16:53:55,2025-07-19 16:53:00,5,373,3373,ring51,ring,2.0,60.0,20.0,98.0,S2_ring_D2_X60_Y20_Z98,S2_20250719-165002.694133566+0800.h5,369;370;371;372;373;374;375;376;377,9,625,0.125,0.0148011791162747,0.0067914235657396,0.022748458697644,2.738436290400601e-05,0.0002547749165678,789,14.425016830999102,0.0983372050778649,2.738436290400601e-05,11,False,False
RGM_0290181,2025-07-19 16:55:50.069133566,2025-07-19 16:55:50.569133566,2025-07-19 16:55:50.294133566,2025-07-19 16:55:50,2025-07-19 16:55:00,5,373,3373,ring51,ring,2.0,60.0,20.0,98.0,S2_ring_D2_X60_Y20_Z98,S2_20250719-165002.694133566+0800.h5,369;370;371;372;373;374;375;376;377,9,2500,0.5,0.0134578671827122,0.0067336451225786,0.0239736620561588,9.055709455376114e-05,0.0010121131351675,790,14.438474698181814,0.0984277621724186,9.055709455376114e-05,11,False,False
RGM_0290183,2025-07-19 16:55:50.369133566,2025-07-19 16:55:50.419133566,2025-07-19 16:55:50.394133566,2025-07-19 16:55:50,2025-07-19 16:55:00,5,373,3373,ring51,ring,2.0,60.0,20.0,98.0,S2_ring_D2_X60_Y20_Z98,S2_20250719-165002.694133566+0800.h5,369;370;371;372;373;374;375;376;377,9,250,0.05,0.0205033455104551,0.0114990309169006,0.0268847204788746,2.101935885605502e-05,0.0001779491464619,791,14.45897804369227,0.0984487815312747,2.101935885605502e-05,11,False,False
RGM_0290185,2025-07-19 16:55:50.419133566,2025-07-19 16:55:50.469133566,2025-07-19 16:55:50.444133566,2025-07-19 16:55:50,2025-07-19 16:55:00,5,375,3375,ring51,ring,2.0,60.0,20.0,98.0,S2_ring_D2_X60_Y20_Z98,S2_20250719-165002.694133566+0800.h5,371;372;373;374;375;376;377;378;379,9,250,0.05,0.0115723283595118,0.0056589967703125,0.0195830792361986,6.695939183018074e-06,7.778852585364117e-05,792,14.47055037205178,0.0984554774704577,6.695939183018074e-06,11,False,False
RGM_0290190,2025-07-19 16:55:50.519133566,2025-07-19 16:55:50.569133566,2025-07-19 16:55:50.544133566,2025-07-19 16:55:50,2025-07-19 16:55:00,5,373,3373,ring51,ring,2.0,60.0,20.0,98.0,S2_ring_D2_X60_Y20_Z98,S2_20250719-165002.694133566+0800.h5,369;370;371;372;373;374;375;376;377,9,250,0.05,0.0153855405542263,0.0082534766844786,0.0332503196497756,1.1835742907287164e-05,0.0001673427717522,793,14.485935912606006,0.098467313213365,1.1835742907287164e-05,11,False,False
RGM_0290317,2025-07-19 16:56:11.619133566,2025-07-19 16:56:11.719133566,2025-07-19 16:56:11.644133566,2025-07-19 16:56:11,2025-07-19 16:56:00,5,373,3373,ring51,ring,2.0,60.0,20.0,98.0,S2_ring_D2_X60_Y20_Z98,S2_20250719-165002.694133566+0800.h5,369;370;371;372;373;374;375;376;377,9,500,0.1,0.0151263219759328,0.0086645205073154,0.0248648697095413,2.2880561651958843e-05,0.0002282317371635,794,14.50106223458194,0.098490193775017,2.2880561651958843e-05,11,False,False
RGM_0290367,2025-07-19 16:56:14.044133566,2025-07-19 16:56:14.244133566,2025-07-19 16:56:14.119133566,2025-07-19 16:56:14,2025-07-19 16:56:00,5,373,3373,ring51,ring,2.0,60.0,20.0,98.0,S2_ring_D2_X60_Y20_Z98,S2_20250719-165002.694133566+0800.h5,369;370;371;372;373;374;375;376;377,9,1000,0.2,0.0137632869123316,0.0070406030387623,0.0269880038608682,3.788561332623204e-05,0.0004513684604094,795,14.51482552149427,0.0985280793883432,3.788561332623204e-05,11,False,False
RGM_0290600,2025-07-19 16:56:40.469133566,2025-07-19 16:56:40.669133566,2025-07-19 16:56:40.619133566,2025-07-19 16:56:40,2025-07-19 16:56:00,5,373,3373,ring51,ring,2.0,60.0,20.0,98.0,S2_ring_D2_X60_Y20_Z98,S2_20250719-165002.694133566+0800.h5,369;370;371;372;373;374;375;376;377,9,1000,0.2,0.0142704691275108,0.0077680439576005,0.0295619346256,4.072925782384793e-05,0.0005002929740284,796,14.52909599062178,0.098568808646167,4.072925782384793e-05,11,False,False
RGM_0290706,2025-07-19 16:56:48.794133566,2025-07-19 16:56:48.844133566,2025-07-19 16:56:48.819133566,2025-07-19 16:56:48,2025-07-19 16:56:00,5,372,3372,ring51,ring,2.0,60.0,20.0,98.0,S2_ring_D2_X60_Y20_Z98,S2_20250719-165002.694133566+0800.h5,368;369;370;371;372;373;374;375;376,9,250,0.05,0.0235855697539933,0.0034356283724071,0.0831038665360932,2.78139550310242e-05,0.000696158856423,797,14.552681560375774,0.0985966226011981,2.78139550310242e-05,11,False,False
RGM_0290710,2025-07-19 16:56:48.694133566,2025-07-19 16:56:49.194133566,2025-07-19 16:56:48.894133566,2025-07-19 16:56:48,2025-07-19 16:56:00,5,373,3373,ring51,ring,2.0,60.0,20.0,98.0,S2_ring_D2_X60_Y20_Z98,S2_20250719-165002.694133566+0800.h5,369;370;371;372;373;374;375;376;377,9,2500,0.5,0.0111739872835913,0.0047003975553742,0.0385917802021612,6.242899590693085e-05,0.0015902910783806,798,14.563855547659363,0.098659051597105,6.242899590693085e-05,11,False,False
RGM_0290712,2025-07-19 16:56:49.019133566,2025-07-19 16:56:49.069133566,2025-07-19 16:56:49.044133566,2025-07-19 16:56:49,2025-07-19 16:56:00,5,372,3372,ring51,ring,2.0,60.0,20.0,98.0,S2_ring_D2_X60_Y20_Z98,S2_20250719-165002.694133566+0800.h5,368;369;370;371;372;373;374;375;376,9,250,0.05,0.0165374998947125,0.0033612637035963,0.0645541271008775,1.3674445138380934e-05,0.0004274250384703,799,14.580393047554075,0.0986727260422434,1.3674445138380934e-05,11,False,False
RGM_0290750,2025-07-19 16:56:51.294133566,2025-07-19 16:56:51.369133566,2025-07-19 16:56:51.319133566,2025-07-19 16:56:51,2025-07-19 16:56:00,5,373,3373,ring51,ring,2.0,60.0,20.0,98.0,S2_ring_D2_X60_Y20_Z98,S2_20250719-165002.694133566+0800.h5,369;370;371;372;373;374;375;376;377,9,375,0.075,0.0180924872534383,0.0079230188380285,0.0552323176593173,2.455035712618705e-05,0.0005416581563648,800,14.598485534807516,0.0986972763993696,2.455035712618705e-05,11,False,False
RGM_0291131,2025-07-19 16:57:16.694133566,2025-07-19 16:57:16.744133566,2025-07-19 16:57:16.719133566,2025-07-19 16:57:16,2025-07-19 16:57:00,5,373,3373,ring51,ring,2.0,60.0,20.0,98.0,S2_ring_D2_X60_Y20_Z98,S2_20250719-165002.694133566+0800.h5,369;370;371;372;373;374;375;376;377,9,250,0.05,0.0196024155359207,0.0072196089977234,0.0387989261369484,1.921273474214536e-05,0.0002529068140042,801,14.618087950343437,0.0987164891341117,1.921273474214536e-05,11,False,False
RGM_0291389,2025-07-19 16:57:29.844133566,2025-07-19 16:57:30.219133566,2025-07-19 16:57:30.194133566,2025-07-19 16:57:30,2025-07-19 16:57:00,5,372,3372,ring51,ring,2.0,60.0,20.0,98.0,S2_ring_D2_X60_Y20_Z98,S2_20250719-165002.694133566+0800.h5,368;369;370;371;372;373;374;375;376,9,1875,0.375,0.0254031364868109,0.0052919538810405,0.0350253174447605,0.0002419947537628,0.0020440361840964,802,14.643491086830249,0.0989584838878745,0.0002419947537628,11,False,False
RGM_0291390,2025-07-19 16:57:30.169133566,2025-07-19 16:57:30.294133566,2025-07-19 16:57:30.269133566,2025-07-19 16:57:30,2025-07-19 16:57:00,5,373,3373,ring51,ring,2.0,60.0,20.0,98.0,S2_ring_D2_X60_Y20_Z98,S2_20250719-165002.694133566+0800.h5,369;370;371;372;373;374;375;376;377,9,625,0.125,0.0286326823513828,0.0083701926960357,0.0454047294341391,0.0001024788123293,0.0010312231705611,803,14.67212376918163,0.0990609627002039,0.0001024788123293,11,False,False
RGM_0291392,2025-07-19 16:57:30.194133566,2025-07-19 16:57:30.694133566,2025-07-19 16:57:30.394133566,2025-07-19 16:57:30,2025-07-19 16:57:00,5,373,3373,ring51,ring,2.0,60.0,20.0,98.0,S2_ring_D2_X60_Y20_Z98,S2_20250719-165002.694133566+0800.h5,369;370;371;372;373;374;375;376;377,9,2500,0.5,0.0226202675764398,0.0058931239265358,0.0391827767865853,0.0002558382526148,0.0028634251640252,804,14.694744036758069,0.0993168009528188,0.0002558382526148,11,False,False
RGM_0291394,2025-07-19 16:57:30.369133566,2025-07-19 16:57:30.419133566,2025-07-19 16:57:30.394133566,2025-07-19 16:57:30,2025-07-19 16:57:00,5,374,3374,ring51,ring,2.0,60.0,20.0,98.0,S2_ring_D2_X60_Y20_Z98,S2_20250719-165002.694133566+0800.h5,370;371;372;373;374;375;376;377;378,9,250,0.05,0.0118894839914019,0.0048158266620133,0.0345112300565065,7.067991479090177e-06,0.0001794889030418,805,14.70663352074947,0.0993238689442979,7.067991479090177e-06,11,False,False
RGM_0291467,2025-07-19 16:57:32.444133566,2025-07-19 16:57:32.719133566,2025-07-19 16:57:32.644133566,2025-07-19 16:57:32,2025-07-19 16:57:00,5,373,3373,ring51,ring,2.0,60.0,20.0,98.0,S2_ring_D2_X60_Y20_Z98,S2_20250719-165002.694133566+0800.h5,369;370;371;372;373;374;375;376;377,9,1375,0.275,0.0235951829842705,0.0063081309417978,0.03978018058478,0.0001531014815168,0.0016558080894303,806,14.73022870373374,0.0994769704258147,0.0001531014815168,11,False,False
RGM_0291471,2025-07-19 16:57:32.694133566,2025-07-19 16:57:32.894133566,2025-07-19 16:57:32.819133566,2025-07-19 16:57:32,2025-07-19 16:57:00,5,372,3372,ring51,ring,2.0,60.0,20.0,98.0,S2_ring_D2_X60_Y20_Z98,S2_20250719-165002.694133566+0800.h5,368;369;370;371;372;373;374;375;376,9,1000,0.2,0.0269641348813918,0.0046834328477148,0.0357053786534487,0.0001454129139803,0.0011813316157113,807,14.757192838615133,0.0996223833397951,0.0001454129139803,11,False,False
RGM_0291509,2025-07-19 16:57:33.969133566,2025-07-19 16:57:34.019133566,2025-07-19 16:57:33.994133566,2025-07-19 16:57:33,2025-07-19 16:57:00,5,375,3375,ring51,ring,2.0,60.0,20.0,98.0,S2_ring_D2_X60_Y20_Z98,S2_20250719-165002.694133566+0800.h5,371;372;373;374;375;376;377;378;379,9,250,0.05,0.012132309659012,0.0054252148716666,0.0514136122302418,7.359646883107841e-06,0.0003335029796798,808,14.769325148274143,0.0996297429866782,7.359646883107841e-06,11,False,False
RGM_0292336,2025-07-19 16:58:18.044133566,2025-07-19 16:58:18.094133566,2025-07-19 16:58:18.069133566,2025-07-19 16:58:18,2025-07-19 16:58:00,5,374,3374,ring51,ring,2.0,60.0,20.0,98.0,S2_ring_D2_X60_Y20_Z98,S2_20250719-165002.694133566+0800.h5,370;371;372;373;374;375;376;377;378,9,250,0.05,0.0163500006806808,0.0068623007592414,0.0299529698768956,1.336612611291322e-05,0.0001788347567144,809,14.785675148954828,0.0996431091127911,1.336612611291322e-05,11,False,False
RGM_0292951,2025-07-19 16:58:52.644133566,2025-07-19 16:58:52.744133566,2025-07-19 16:58:52.694133566,2025-07-19 16:58:52,2025-07-19 16:58:00,5,377,3377,ring51,ring,2.0,60.0,20.0,98.0,S2_ring_D2_X60_Y20_Z98,S2_20250719-165002.694133566+0800.h5,373;374;375;376;377;378;379;380;381,9,500,0.1,0.0137413493958635,0.0106920029739992,0.0267991645246601,1.8882468321919903e-05,0.0002293180281081,810,14.79941649835069,0.099661991581113,1.8882468321919903e-05,11,False,False
RGM_0293106,2025-07-19 16:58:59.719133566,2025-07-19 16:58:59.819133566,2025-07-19 16:58:59.769133566,2025-07-19 16:58:59,2025-07-19 16:58:00,5,378,3378,ring51,ring,2.0,60.0,20.0,98.0,S2_ring_D2_X60_Y20_Z98,S2_20250719-165002.694133566+0800.h5,374;375;376;377;378;379;380;381;382,9,500,0.1,0.0154433736355708,0.0087458567467748,0.0251945842803727,2.384977892478448e-05,0.0002231960960716,811,14.81485987198626,0.0996858413600378,2.384977892478448e-05,11,False,False
RGM_0293107,2025-07-19 16:58:59.719133566,2025-07-19 16:58:59.819133566,2025-07-19 16:58:59.769133566,2025-07-19 16:58:59,2025-07-19 16:58:00,5,379,3379,ring51,ring,2.0,60.0,20.0,98.0,S2_ring_D2_X60_Y20_Z98,S2_20250719-165002.694133566+0800.h5,375;376;377;378;379;380;381;382;383,9,500,0.1,0.01429488653901,0.0064753334126424,0.01753617026098,2.0434378116317036e-05,0.000163912382646,812,14.829154758525272,0.0997062757381541,2.0434378116317036e-05,11,False,False
RGM_0293115,2025-07-19 16:58:59.694133566,2025-07-19 16:58:59.894133566,2025-07-19 16:58:59.794133566,2025-07-19 16:58:59,2025-07-19 16:58:00,5,377,3377,ring51,ring,2.0,60.0,20.0,98.0,S2_ring_D2_X60_Y20_Z98,S2_20250719-165002.694133566+0800.h5,373;374;375;376;377;378;379;380;381,9,1000,0.2,0.0130605449218663,0.0089833837642345,0.0297978252625741,3.4115566731217566e-05,0.0004777088100073,813,14.84221530344714,0.0997403913048853,3.4115566731217566e-05,11,False,False
RGM_0293118,2025-07-19 16:58:59.769133566,2025-07-19 16:58:59.869133566,2025-07-19 16:58:59.819133566,2025-07-19 16:58:59,2025-07-19 16:58:00,5,377,3377,ring51,ring,2.0,60.0,20.0,98.0,S2_ring_D2_X60_Y20_Z98,S2_20250719-165002.694133566+0800.h5,373;374;375;376;377;378;379;380;381,9,500,0.1,0.0160857690477415,0.0115107670127115,0.0360560173792178,2.587519658572808e-05,0.0003600423334376,814,14.85830107249488,0.0997662665014711,2.587519658572808e-05,11,False,False
RGM_0294946,2025-07-19 17:03:07.544001433,2025-07-19 17:03:07.594001433,2025-07-19 17:03:07.569001433,2025-07-19 17:03:07,2025-07-19 17:03:00,5,373,3373,ring51,ring,2.0,60.0,20.0,98.0,S2_ring_D2_X60_Y20_Z98,S2_20250719-170002.694001433+0800.h5,369;370;371;372;373;374;375;376;377,9,250,0.05,0.0129590019547646,0.0089742119267766,0.0187277191488155,8.39678658317969e-06,8.435820254950075e-05,815,14.871260074449644,0.0997746632880543,8.39678658317969e-06,11,False,False
RGM_0294996,2025-07-19 17:03:18.594001433,2025-07-19 17:03:18.769001433,2025-07-19 17:03:18.694001433,2025-07-19 17:03:18,2025-07-19 17:03:00,5,373,3373,ring51,ring,2.0,60.0,20.0,98.0,S2_ring_D2_X60_Y20_Z98,S2_20250719-170002.694001433+0800.h5,369;370;371;372;373;374;375;376;377,9,875,0.175,0.0223016226722012,0.0140966439436374,0.0254978349837815,8.70384154173168e-05,0.000692372241509,816,14.893561697121845,0.0998617017034716,8.70384154173168e-05,11,False,False
RGM_0295040,2025-07-19 17:03:21.119001433,2025-07-19 17:03:21.169001433,2025-07-19 17:03:21.144001433,2025-07-19 17:03:21,2025-07-19 17:03:00,5,381,3381,ring51andring52,line,2.0,80.0,40.0,98.0,S2_line_D2_X80_Y40_Z98,S2_20250719-170002.694001433+0800.h5,377;378;379;380;381;382;383;384;385,9,250,0.05,0.015025761676926,0.0052809640787204,0.0165484867670669,1.1288675698588949e-05,8.150209855850055e-05,817,14.90858745879877,0.0998729903791702,1.1288675698588949e-05,18,False,False
RGM_0295042,2025-07-19 17:03:21.044001433,2025-07-19 17:03:21.169001433,2025-07-19 17:03:21.144001433,2025-07-19 17:03:21,2025-07-19 17:03:00,5,373,3373,ring51,ring,2.0,60.0,20.0,98.0,S2_ring_D2_X60_Y20_Z98,S2_20250719-170002.694001433+0800.h5,369;370;371;372;373;374;375;376;377,9,625,0.125,0.0203979121591168,0.0114846188398636,0.0271430391075774,5.200935255638095e-05,0.0004569231976436,818,14.928985370957887,0.0999249997317266,5.200935255638095e-05,11,False,False
RGM_0295043,2025-07-19 17:03:21.144001433,2025-07-19 17:03:21.269001433,2025-07-19 17:03:21.244001433,2025-07-19 17:03:21,2025-07-19 17:03:00,5,373,3373,ring51,ring,2.0,60.0,20.0,98.0,S2_ring_D2_X60_Y20_Z98,S2_20250719-170002.694001433+0800.h5,369;370;371;372;373;374;375;376;377,9,625,0.125,0.0107487933711422,0.0051366244970245,0.0178335515319196,1.4442069866938817e-05,0.0001563957657183,819,14.93973416432903,0.0999394418015935,1.4442069866938817e-05,11,False,False
RGM_0295174,2025-07-19 17:03:42.994001433,2025-07-19 17:03:43.394001433,2025-07-19 17:03:43.319001433,2025-07-19 17:03:43,2025-07-19 17:03:00,5,373,3373,ring51,ring,2.0,60.0,20.0,98.0,S2_ring_D2_X60_Y20_Z98,S2_20250719-170002.694001433+0800.h5,369;370;371;372;373;374;375;376;377,9,2000,0.4,0.010674335301374,0.0056891953536527,0.0174725468746098,4.557657365046375e-05,0.0004958620617952,820,14.950408499630404,0.099985018375244,4.557657365046375e-05,11,False,False
RGM_0295186,2025-07-19 17:03:43.794001433,2025-07-19 17:03:43.994001433,2025-07-19 17:03:43.894001433,2025-07-19 17:03:43,2025-07-19 17:03:00,5,377,3377,ring51,ring,2.0,60.0,20.0,98.0,S2_ring_D2_X60_Y20_Z98,S2_20250719-170002.694001433+0800.h5,373;374;375;376;377;378;379;380;381,9,1000,0.2,0.0184648666012044,0.0163488716888813,0.039010575276869,6.819025972005537e-05,0.0009764002350728,821,14.968873366231607,0.100053208634964,6.819025972005537e-05,11,False,False
RGM_0295187,2025-07-19 17:03:43.844001433,2025-07-19 17:03:43.944001433,2025-07-19 17:03:43.894001433,2025-07-19 17:03:43,2025-07-19 17:03:00,5,381,3381,ring51andring52,line,2.0,80.0,40.0,98.0,S2_line_D2_X80_Y40_Z98,S2_20250719-170002.694001433+0800.h5,377;378;379;380;381;382;383;384;385,9,500,0.1,0.0224498785647172,0.007865096880286,0.0256048579179433,5.039970475705512e-05,0.000378402622494,822,14.991323244796328,0.1001036083397211,5.039970475705512e-05,18,False,False
RGM_0295258,2025-07-19 17:03:46.319001433,2025-07-19 17:03:46.469001433,2025-07-19 17:03:46.394001433,2025-07-19 17:03:46,2025-07-19 17:03:00,5,373,3373,ring51,ring,2.0,60.0,20.0,98.0,S2_ring_D2_X60_Y20_Z98,S2_20250719-170002.694001433+0800.h5,369;370;371;372;373;374;375;376;377,9,750,0.15,0.0201416843707565,0.0117293012806574,0.0247595322488668,6.085311739367688e-05,0.0005106271374694,823,15.011464929167085,0.1001644614571147,6.085311739367688e-05,11,False,False
RGM_0295260,2025-07-19 17:03:46.894001433,2025-07-19 17:03:46.944001433,2025-07-19 17:03:46.919001433,2025-07-19 17:03:46,2025-07-19 17:03:00,5,373,3373,ring51,ring,2.0,60.0,20.0,98.0,S2_ring_D2_X60_Y20_Z98,S2_20250719-170002.694001433+0800.h5,369;370;371;372;373;374;375;376;377,9,250,0.05,0.0158777759307367,0.0080905247092768,0.0245153911557646,1.260518842533423e-05,0.0001261545645162,824,15.02734270509782,0.1001770666455401,1.260518842533423e-05,11,False,False
RGM_0295372,2025-07-19 17:03:51.744001433,2025-07-19 17:03:51.794001433,2025-07-19 17:03:51.769001433,2025-07-19 17:03:51,2025-07-19 17:03:00,5,373,3373,ring51,ring,2.0,60.0,20.0,98.0,S2_ring_D2_X60_Y20_Z98,S2_20250719-170002.694001433+0800.h5,369;370;371;372;373;374;375;376;377,9,250,0.05,0.0152412738707641,0.0043936201636681,0.0261299486467331,1.1614821460181857e-05,0.0001255063022245,825,15.042583978968583,0.1001886814670003,1.1614821460181857e-05,11,False,False
RGM_0295373,2025-07-19 17:03:51.894001433,2025-07-19 17:03:52.019001433,2025-07-19 17:03:51.994001433,2025-07-19 17:03:51,2025-07-19 17:03:00,5,373,3373,ring51,ring,2.0,60.0,20.0,98.0,S2_ring_D2_X60_Y20_Z98,S2_20250719-170002.694001433+0800.h5,369;370;371;372;373;374;375;376;377,9,625,0.125,0.0215655726389203,0.0116096029413328,0.0270968512457671,5.813424040556877e-05,0.0004808554690098,826,15.064149551607503,0.1002468157074058,5.813424040556877e-05,11,False,False
RGM_0295419,2025-07-19 17:03:54.069001433,2025-07-19 17:03:54.569001433,2025-07-19 17:03:54.394001433,2025-07-19 17:03:54,2025-07-19 17:03:00,5,373,3373,ring51,ring,2.0,60.0,20.0,98.0,S2_ring_D2_X60_Y20_Z98,S2_20250719-170002.694001433+0800.h5,369;370;371;372;373;374;375;376;377,9,2500,0.5,0.0189886430385155,0.0083446826377445,0.0235456694792336,0.000180284282222,0.0014185144243443,827,15.083138194646018,0.1004270999896279,0.000180284282222,11,False,False
RGM_0295420,2025-07-19 17:03:54.369001433,2025-07-19 17:03:54.469001433,2025-07-19 17:03:54.419001433,2025-07-19 17:03:54,2025-07-19 17:03:00,5,374,3374,ring51,ring,2.0,60.0,20.0,98.0,S2_ring_D2_X60_Y20_Z98,S2_20250719-170002.694001433+0800.h5,370;371;372;373;374;375;376;377;378,9,500,0.1,0.0297236128630054,0.0163427692338783,0.0424971815263039,8.834931616298241e-05,0.0008895998598895,828,15.112861807509024,0.1005154493057909,8.834931616298241e-05,11,False,False
RGM_0295422,2025-07-19 17:03:54.369001433,2025-07-19 17:03:54.469001433,2025-07-19 17:03:54.444001433,2025-07-19 17:03:54,2025-07-19 17:03:00,5,374,3374,ring51,ring,2.0,60.0,20.0,98.0,S2_ring_D2_X60_Y20_Z98,S2_20250719-170002.694001433+0800.h5,370;371;372;373;374;375;376;377;378,9,500,0.1,0.0297236128630054,0.0163427692338783,0.0424971815263039,8.834931616298241e-05,0.0008895998598895,829,15.14258542037203,0.1006037986219539,8.834931616298241e-05,11,False,False
RGM_0295423,2025-07-19 17:03:54.344001433,2025-07-19 17:03:54.544001433,2025-07-19 17:03:54.444001433,2025-07-19 17:03:54,2025-07-19 17:03:00,5,373,3373,ring51,ring,2.0,60.0,20.0,98.0,S2_ring_D2_X60_Y20_Z98,S2_20250719-170002.694001433+0800.h5,369;370;371;372;373;374;375;376;377,9,1000,0.2,0.0273898804146455,0.0120671511851597,0.0310239516692917,0.0001500411098257,0.0010944090168138,830,15.169975300786676,0.1007538397317796,0.0001500411098257,11,False,False
RGM_0295424,2025-07-19 17:03:54.444001433,2025-07-19 17:03:54.494001433,2025-07-19 17:03:54.469001433,2025-07-19 17:03:54,2025-07-19 17:03:00,5,375,3375,ring51,ring,2.0,60.0,20.0,98.0,S2_ring_D2_X60_Y20_Z98,S2_20250719-170002.694001433+0800.h5,371;372;373;374;375;376;377;378;379,9,250,0.05,0.0260164084150768,0.0211305805792724,0.0543476781429287,3.384267534100398e-05,0.0006304860277944,831,15.195991709201753,0.1007876824071206,3.384267534100398e-05,11,False,False
RGM_0295435,2025-07-19 17:03:55.519001433,2025-07-19 17:03:55.644001433,2025-07-19 17:03:55.619001433,2025-07-19 17:03:55,2025-07-19 17:03:00,5,372,3372,ring51,ring,2.0,60.0,20.0,98.0,S2_ring_D2_X60_Y20_Z98,S2_20250719-170002.694001433+0800.h5,368;369;370;371;372;373;374;375;376,9,625,0.125,0.0188524883464098,0.0073220506658604,0.0239800703522877,4.4427039606439744e-05,0.0003603841902969,832,15.21484419754816,0.100832109446727,4.4427039606439744e-05,11,False,False
RGM_0295437,2025-07-19 17:03:55.594001433,2025-07-19 17:03:55.644001433,2025-07-19 17:03:55.619001433,2025-07-19 17:03:55,2025-07-19 17:03:00,5,373,3373,ring51,ring,2.0,60.0,20.0,98.0,S2_ring_D2_X60_Y20_Z98,S2_20250719-170002.694001433+0800.h5,369;370;371;372;373;374;375;376;377,9,250,0.05,0.0205108905160486,0.0099555120967166,0.0279892871914891,2.103483148806669e-05,0.0001834413797545,833,15.235355088064209,0.1008531442782151,2.103483148806669e-05,11,False,False
RGM_0295438,2025-07-19 17:03:55.594001433,2025-07-19 17:03:55.894001433,2025-07-19 17:03:55.694001433,2025-07-19 17:03:55,2025-07-19 17:03:00,5,373,3373,ring51,ring,2.0,60.0,20.0,98.0,S2_ring_D2_X60_Y20_Z98,S2_20250719-170002.694001433+0800.h5,369;370;371;372;373;374;375;376;377,9,1500,0.3,0.0134245080438023,0.0065472466631803,0.0191126816315458,5.406522486543392e-05,0.0004910735390063,834,15.248779596108012,0.1009072095030805,5.406522486543392e-05,11,False,False
RGM_0295498,2025-07-19 17:03:59.744001433,2025-07-19 17:03:59.969001433,2025-07-19 17:03:59.944001433,2025-07-19 17:03:59,2025-07-19 17:03:00,5,373,3373,ring51,ring,2.0,60.0,20.0,98.0,S2_ring_D2_X60_Y20_Z98,S2_20250719-170002.694001433+0800.h5,369;370;371;372;373;374;375;376;377,9,1125,0.225,0.0126588775539552,0.006379830023347,0.0183276195790201,3.60556157083571e-05,0.0003373863676947,835,15.261438473661968,0.1009432651187889,3.60556157083571e-05,11,False,False
RGM_0295500,2025-07-19 17:03:59.994001433,2025-07-19 17:04:00.344001433,2025-07-19 17:04:00.194001433,2025-07-19 17:04:00,2025-07-19 17:04:00,5,373,3373,ring51,ring,2.0,60.0,20.0,98.0,S2_ring_D2_X60_Y20_Z98,S2_20250719-170002.694001433+0800.h5,369;370;371;372;373;374;375;376;377,9,1750,0.35,0.0118890123457196,0.0050052266424933,0.0190780599448825,4.94720150948361e-05,0.0005052510367649,836,15.273327486007686,0.1009927371338837,4.94720150948361e-05,11,False,False
RGM_0295551,2025-07-19 17:04:02.194001433,2025-07-19 17:04:02.444001433,2025-07-19 17:04:02.344001433,2025-07-19 17:04:02,2025-07-19 17:04:00,5,373,3373,ring51,ring,2.0,60.0,20.0,98.0,S2_ring_D2_X60_Y20_Z98,S2_20250719-170002.694001433+0800.h5,369;370;371;372;373;374;375;376;377,9,1250,0.25,0.0125832151939871,0.0060462210351457,0.018353839757618,3.95843261545475e-05,0.0003681156533279,837,15.285910701201672,0.1010323214600383,3.95843261545475e-05,11,False,False
RGM_0295552,2025-07-19 17:04:02.419001433,2025-07-19 17:04:02.469001433,2025-07-19 17:04:02.444001433,2025-07-19 17:04:02,2025-07-19 17:04:00,5,382,3382,ring51andring52,line,2.0,80.0,60.0,98.0,S2_line_D2_X80_Y60_Z98,S2_20250719-170002.694001433+0800.h5,378;379;380;381;382;383;384;385;386,9,250,0.05,0.0088969234712146,0.0054209114103935,0.0102404290814697,3.95776236263252e-06,3.235455497256558e-05,838,15.294807624672886,0.1010362792224009,3.95776236263252e-06,19,False,False
RGM_0295554,2025-07-19 17:04:02.469001433,2025-07-19 17:04:02.569001433,2025-07-19 17:04:02.519001433,2025-07-19 17:04:02,2025-07-19 17:04:00,5,373,3373,ring51,ring,2.0,60.0,20.0,98.0,S2_ring_D2_X60_Y20_Z98,S2_20250719-170002.694001433+0800.h5,369;370;371;372;373;374;375;376;377,9,500,0.1,0.0204173666899096,0.005976047658121,0.0309852457495497,4.168688625502332e-05,0.0003833429197779,839,15.315224991362795,0.1010779661086559,4.168688625502332e-05,11,False,False
RGM_0295556,2025-07-19 17:04:02.444001433,2025-07-19 17:04:02.644001433,2025-07-19 17:04:02.519001433,2025-07-19 17:04:02,2025-07-19 17:04:00,5,374,3374,ring51,ring,2.0,60.0,20.0,98.0,S2_ring_D2_X60_Y20_Z98,S2_20250719-170002.694001433+0800.h5,370;371;372;373;374;375;376;377;378,9,1000,0.2,0.0109440568950023,0.0054303108365288,0.0226479237900229,2.3954476264209505e-05,0.0003623081798296,840,15.326169048257798,0.1011019205849202,2.3954476264209505e-05,11,False,False
RGM_0295558,2025-07-19 17:04:02.644001433,2025-07-19 17:04:02.694001433,2025-07-19 17:04:02.669001433,2025-07-19 17:04:02,2025-07-19 17:04:00,5,373,3373,ring51,ring,2.0,60.0,20.0,98.0,S2_ring_D2_X60_Y20_Z98,S2_20250719-170002.694001433+0800.h5,369;370;371;372;373;374;375;376;377,9,250,0.05,0.0161078561572992,0.0049822309630207,0.0252811445425968,1.297315149921218e-05,0.0001250488519814,841,15.342276904415098,0.1011148937364194,1.297315149921218e-05,11,False,False
RGM_0295586,2025-07-19 17:04:04.869001433,2025-07-19 17:04:04.919001433,2025-07-19 17:04:04.894001433,2025-07-19 17:04:04,2025-07-19 17:04:00,5,373,3373,ring51,ring,2.0,60.0,20.0,98.0,S2_ring_D2_X60_Y20_Z98,S2_20250719-170002.694001433+0800.h5,369;370;371;372;373;374;375;376;377,9,250,0.05,0.0163792977961714,0.0093355756316818,0.0208856237125328,1.3414069814783333e-05,0.0001142543059991,842,15.35865620221127,0.1011283078062341,1.3414069814783333e-05,11,False,False
RGM_0295648,2025-07-19 17:04:08.994001433,2025-07-19 17:04:09.619001433,2025-07-19 17:04:09.194001433,2025-07-19 17:04:09,2025-07-19 17:04:00,5,373,3373,ring51,ring,2.0,60.0,20.0,98.0,S2_ring_D2_X60_Y20_Z98,S2_20250719-170002.694001433+0800.h5,369;370;371;372;373;374;375;376;377,9,3125,0.625,0.0117057195247022,0.0052170459182685,0.0184735478576589,8.563991849437214e-05,0.0008538369160638,843,15.370361921735972,0.1012139477247285,8.563991849437214e-05,11,False,False
RGM_0295654,2025-07-19 17:04:09.794001433,2025-07-19 17:04:09.994001433,2025-07-19 17:04:09.969001433,2025-07-19 17:04:09,2025-07-19 17:04:00,5,373,3373,ring51,ring,2.0,60.0,20.0,98.0,S2_ring_D2_X60_Y20_Z98,S2_20250719-170002.694001433+0800.h5,369;370;371;372;373;374;375;376;377,9,1000,0.2,0.0133261697083224,0.0065890533058985,0.0190638003361499,3.5517359819002e-05,0.0003246877976159,844,15.383688091444297,0.1012494650845475,3.5517359819002e-05,11,False,False
RGM_0295708,2025-07-19 17:04:11.469001433,2025-07-19 17:04:11.694001433,2025-07-19 17:04:11.669001433,2025-07-19 17:04:11,2025-07-19 17:04:00,5,373,3373,ring51,ring,2.0,60.0,20.0,98.0,S2_ring_D2_X60_Y20_Z98,S2_20250719-170002.694001433+0800.h5,369;370;371;372;373;374;375;376;377,9,1125,0.225,0.0112940282120509,0.0056099820748469,0.0176908620347369,2.869989148228585e-05,0.0002905251776457,845,15.394982119656346,0.1012781649760298,2.869989148228585e-05,11,False,False
RGM_0295709,2025-07-19 17:04:10.694001433,2025-07-19 17:04:12.694001433,2025-07-19 17:04:11.694001433,2025-07-19 17:04:11,2025-07-19 17:04:00,5,380,3380,ring51andring52,line,2.0,80.0,20.0,98.0,S2_line_D2_X80_Y20_Z98,S2_20250719-170002.694001433+0800.h5,376;377;378;379;380;381;382;383;384,9,10000,2.0,0.0191916565022787,0.0084435947575487,0.0233329834694723,0.0007366393586029,0.0059019133460992,846,15.414173776158623,0.1020148043346327,0.0007366393586029,17,False,False
RGM_0295751,2025-07-19 17:04:13.469001433,2025-07-19 17:04:13.619001433,2025-07-19 17:04:13.494001433,2025-07-19 17:04:13,2025-07-19 17:04:00,5,373,3373,ring51,ring,2.0,60.0,20.0,98.0,S2_ring_D2_X60_Y20_Z98,S2_20250719-170002.694001433+0800.h5,369;370;371;372;373;374;375;376;377,9,750,0.15,0.0169756086576143,0.0088790335687745,0.0215035416401975,4.3225693394470666e-05,0.000355244963164,847,15.43114938481624,0.1020580300280272,4.3225693394470666e-05,11,False,False
RGM_0295753,2025-07-19 17:04:13.744001433,2025-07-19 17:04:13.819001433,2025-07-19 17:04:13.769001433,2025-07-19 17:04:13,2025-07-19 17:04:00,5,373,3373,ring51,ring,2.0,60.0,20.0,98.0,S2_ring_D2_X60_Y20_Z98,S2_20250719-170002.694001433+0800.h5,369;370;371;372;373;374;375;376;377,9,375,0.075,0.0131999870616083,0.0046717165952867,0.0198856181045773,1.3067974381996992e-05,0.0001206118004125,848,15.444349371877848,0.1020710980024092,1.3067974381996992e-05,11,False,False
RGM_0295759,2025-07-19 17:04:14.094001433,2025-07-19 17:04:14.144001433,2025-07-19 17:04:14.119001433,2025-07-19 17:04:14,2025-07-19 17:04:00,5,373,3373,ring51,ring,2.0,60.0,20.0,98.0,S2_ring_D2_X60_Y20_Z98,S2_20250719-170002.694001433+0800.h5,369;370;371;372;373;374;375;376;377,9,250,0.05,0.0159153793122632,0.0096639312822897,0.0195436270592982,1.2664964932660822e-05,0.0001053594128259,849,15.46026475119011,0.1020837629673419,1.2664964932660822e-05,11,False,False
RGM_0295762,2025-07-19 17:04:14.194001433,2025-07-19 17:04:14.244001433,2025-07-19 17:04:14.219001433,2025-07-19 17:04:14,2025-07-19 17:04:00,5,373,3373,ring51,ring,2.0,60.0,20.0,98.0,S2_ring_D2_X60_Y20_Z98,S2_20250719-170002.694001433+0800.h5,369;370;371;372;373;374;375;376;377,9,250,0.05,0.0242420437559749,0.0070039797717053,0.0367937199549217,2.938383427333029e-05,0.0002716494181019,850,15.484506794946086,0.1021131468016152,2.938383427333029e-05,11,False,False
RGM_0295812,2025-07-19 17:04:17.819001433,2025-07-19 17:04:17.869001433,2025-07-19 17:04:17.844001433,2025-07-19 17:04:17,2025-07-19 17:04:00,5,373,3373,ring51,ring,2.0,60.0,20.0,98.0,S2_ring_D2_X60_Y20_Z98,S2_20250719-170002.694001433+0800.h5,369;370;371;372;373;374;375;376;377,9,250,0.05,0.015230452268235,0.0064689509050399,0.0230403807418286,1.1598333814749266e-05,0.0001126980361621,851,15.49973724721432,0.1021247451354299,1.1598333814749266e-05,11,False,False
RGM_0295817,2025-07-19 17:04:17.819001433,2025-07-19 17:04:17.994001433,2025-07-19 17:04:17.969001433,2025-07-19 17:04:17,2025-07-19 17:04:00,5,373,3373,ring51,ring,2.0,60.0,20.0,98.0,S2_ring_D2_X60_Y20_Z98,S2_20250719-170002.694001433+0800.h5,369;370;371;372;373;374;375;376;377,9,875,0.175,0.0146085074612286,0.007553631491911,0.019890771432004,3.734648579283552e-05,0.0003295513594372,852,15.51434575467555,0.1021620916212228,3.734648579283552e-05,11,False,False
RGM_0295818,2025-07-19 17:04:17.944001433,2025-07-19 17:04:18.144001433,2025-07-19 17:04:18.044001433,2025-07-19 17:04:18,2025-07-19 17:04:00,5,374,3374,ring51,ring,2.0,60.0,20.0,98.0,S2_ring_D2_X60_Y20_Z98,S2_20250719-170002.694001433+0800.h5,370;371;372;373;374;375;376;377;378,9,1000,0.2,0.0138044385357709,0.0077026708573884,0.0248066971378106,3.811250465757543e-05,0.0004844459018761,853,15.52815019321132,0.1022002041258803,3.811250465757543e-05,11,False,False
RGM_0295857,2025-07-19 17:04:20.344001433,2025-07-19 17:04:20.394001433,2025-07-19 17:04:20.369001433,2025-07-19 17:04:20,2025-07-19 17:04:00,5,373,3373,ring51,ring,2.0,60.0,20.0,98.0,S2_ring_D2_X60_Y20_Z98,S2_20250719-170002.694001433+0800.h5,369;370;371;372;373;374;375;376;377,9,250,0.05,0.0141728516816465,0.0051180999526097,0.0205404077979237,1.0043486239497612e-05,8.980808314829942e-05,854,15.542323044892967,0.1022102476121198,1.0043486239497612e-05,11,False,False
RGM_0295859,2025-07-19 17:04:20.344001433,2025-07-19 17:04:20.594001433,2025-07-19 17:04:20.519001433,2025-07-19 17:04:20,2025-07-19 17:04:00,5,373,3373,ring51,ring,2.0,60.0,20.0,98.0,S2_ring_D2_X60_Y20_Z98,S2_20250719-170002.694001433+0800.h5,369;370;371;372;373;374;375;376;377,9,1250,0.25,0.0134231172143006,0.0079845435431105,0.0173645072753398,4.504501893721367e-05,0.0003863770306184,855,15.555746162107267,0.1022552926310571,4.504501893721367e-05,11,False,False
RGM_0295861,2025-07-19 17:04:20.544001433,2025-07-19 17:04:20.644001433,2025-07-19 17:04:20.594001433,2025-07-19 17:04:20,2025-07-19 17:04:00,5,373,3373,ring51,ring,2.0,60.0,20.0,98.0,S2_ring_D2_X60_Y20_Z98,S2_20250719-170002.694001433+0800.h5,369;370;371;372;373;374;375;376;377,9,500,0.1,0.018713135797027,0.0086983324149315,0.0261273202832386,3.501814513579734e-05,0.0003079675989507,856,15.574459297904294,0.1022903107761929,3.501814513579734e-05,11,False,False
RGM_0295862,2025-07-19 17:04:20.569001433,2025-07-19 17:04:20.619001433,2025-07-19 17:04:20.594001433,2025-07-19 17:04:20,2025-07-19 17:04:00,5,374,3374,ring51,ring,2.0,60.0,20.0,98.0,S2_ring_D2_X60_Y20_Z98,S2_20250719-170002.694001433+0800.h5,370;371;372;373;374;375;376;377;378,9,250,0.05,0.0167371696571826,0.0112334860816504,0.0282313842421722,1.400664240666584e-05,0.0001717985160779,857,15.591196467561478,0.1023043174185995,1.400664240666584e-05,11,False,False
RGM_0295864,2025-07-19 17:04:20.744001433,2025-07-19 17:04:20.894001433,2025-07-19 17:04:20.769001433,2025-07-19 17:04:20,2025-07-19 17:04:00,5,373,3373,ring51,ring,2.0,60.0,20.0,98.0,S2_ring_D2_X60_Y20_Z98,S2_20250719-170002.694001433+0800.h5,369;370;371;372;373;374;375;376;377,9,750,0.15,0.013423842546746,0.0051177636881053,0.0204271047547478,2.7029932307974493e-05,0.000254023399531,858,15.604620310108224,0.1023313473509075,2.7029932307974493e-05,11,False,False
RGM_0295959,2025-07-19 17:04:26.819001433,2025-07-19 17:04:27.044001433,2025-07-19 17:04:26.919001433,2025-07-19 17:04:26,2025-07-19 17:04:00,5,373,3373,ring51,ring,2.0,60.0,20.0,98.0,S2_ring_D2_X60_Y20_Z98,S2_20250719-170002.694001433+0800.h5,369;370;371;372;373;374;375;376;377,9,1125,0.225,0.0165301363447555,0.0087754976681862,0.0214459548626309,6.148021670464696e-05,0.0005207262564801,859,15.62115044645298,0.1023928275676121,6.148021670464696e-05,11,False,False
RGM_0296011,2025-07-19 17:04:29.244001433,2025-07-19 17:04:29.344001433,2025-07-19 17:04:29.294001433,2025-07-19 17:04:29,2025-07-19 17:04:00,5,372,3372,ring51,ring,2.0,60.0,20.0,98.0,S2_ring_D2_X60_Y20_Z98,S2_20250719-170002.694001433+0800.h5,368;369;370;371;372;373;374;375;376,9,500,0.1,0.0187978500003974,0.0090913477457015,0.022934269771589,3.533591646374416e-05,0.0002903649665931,860,15.639948296453378,0.1024281634840759,3.533591646374416e-05,11,False,False
RGM_0296012,2025-07-19 17:04:29.294001433,2025-07-19 17:04:29.344001433,2025-07-19 17:04:29.319001433,2025-07-19 17:04:29,2025-07-19 17:04:00,5,381,3381,ring51andring52,line,2.0,80.0,40.0,98.0,S2_line_D2_X80_Y40_Z98,S2_20250719-170002.694001433+0800.h5,377;378;379;380;381;382;383;384;385,9,250,0.05,0.0111517620638473,0.0065092981030077,0.0115372641543066,6.218089856433238e-06,4.64650888998445e-05,861,15.651100058517224,0.1024343815739323,6.218089856433238e-06,18,False,False
RGM_0296015,2025-07-19 17:04:29.244001433,2025-07-19 17:04:29.444001433,2025-07-19 17:04:29.319001433,2025-07-19 17:04:29,2025-07-19 17:04:00,5,373,3373,ring51,ring,2.0,60.0,20.0,98.0,S2_ring_D2_X60_Y20_Z98,S2_20250719-170002.694001433+0800.h5,369;370;371;372;373;374;375;376;377,9,1000,0.2,0.0156758626231211,0.008616614713315,0.0208471988617109,4.914653379579304e-05,0.0004275948824415,862,15.666775921140346,0.1024835281077281,4.914653379579304e-05,11,False,False
RGM_0296017,2025-07-19 17:04:29.344001433,2025-07-19 17:04:29.469001433,2025-07-19 17:04:29.369001433,2025-07-19 17:04:29,2025-07-19 17:04:00,5,375,3375,ring51,ring,2.0,60.0,20.0,98.0,S2_ring_D2_X60_Y20_Z98,S2_20250719-170002.694001433+0800.h5,371;372;373;374;375;376;377;378;379,9,625,0.125,0.0090084245075666,0.0071321893459703,0.0165340711129691,1.0143964013566005e-05,0.000145077811671,863,15.675784345647912,0.1024936720717417,1.0143964013566005e-05,11,False,False
RGM_0296018,2025-07-19 17:04:29.419001433,2025-07-19 17:04:29.469001433,2025-07-19 17:04:29.444001433,2025-07-19 17:04:29,2025-07-19 17:04:00,5,374,3374,ring51,ring,2.0,60.0,20.0,98.0,S2_ring_D2_X60_Y20_Z98,S2_20250719-170002.694001433+0800.h5,370;371;372;373;374;375;376;377;378,9,250,0.05,0.0128152571934128,0.0055914172397333,0.0216811788510069,8.211540846666033e-06,9.358790200333736e-05,864,15.688599602841323,0.1025018836125884,8.211540846666033e-06,11,False,False
RGM_0296021,2025-07-19 17:04:29.519001433,2025-07-19 17:04:29.719001433,2025-07-19 17:04:29.544001433,2025-07-19 17:04:29,2025-07-19 17:04:00,5,373,3373,ring51,ring,2.0,60.0,20.0,98.0,S2_ring_D2_X60_Y20_Z98,S2_20250719-170002.694001433+0800.h5,369;370;371;372;373;374;375;376;377,9,1000,0.2,0.0129029933506589,0.0055595839125888,0.0173793023616549,3.3297447481429986e-05,0.0002853221058953,865,15.701502596191984,0.1025351810600698,3.3297447481429986e-05,11,False,False
RGM_0296068,2025-07-19 17:04:32.269001433,2025-07-19 17:04:32.369001433,2025-07-19 17:04:32.319001433,2025-07-19 17:04:32,2025-07-19 17:04:00,5,373,3373,ring51,ring,2.0,60.0,20.0,98.0,S2_ring_D2_X60_Y20_Z98,S2_20250719-170002.694001433+0800.h5,369;370;371;372;373;374;375;376;377,9,500,0.1,0.013604609781669,0.0054692405270041,0.0183316849695433,1.8508540731148408e-05,0.0001567209045304,866,15.715107205973654,0.1025536896008009,1.8508540731148408e-05,11,False,False
RGM_0296070,2025-07-19 17:04:32.394001433,2025-07-19 17:04:32.669001433,2025-07-19 17:04:32.419001433,2025-07-19 17:04:32,2025-07-19 17:04:00,5,373,3373,ring51,ring,2.0,60.0,20.0,98.0,S2_ring_D2_X60_Y20_Z98,S2_20250719-170002.694001433+0800.h5,369;370;371;372;373;374;375;376;377,9,1375,0.275,0.01315927686342,0.0073775302762252,0.0165602558880751,4.762080608123893e-05,0.0003964292717126,867,15.728266482837071,0.1026013104068822,4.762080608123893e-05,11,False,False
RGM_0296071,2025-07-19 17:04:32.394001433,2025-07-19 17:04:32.444001433,2025-07-19 17:04:32.419001433,2025-07-19 17:04:32,2025-07-19 17:04:00,5,374,3374,ring51,ring,2.0,60.0,20.0,98.0,S2_ring_D2_X60_Y20_Z98,S2_20250719-170002.694001433+0800.h5,370;371;372;373;374;375;376;377;378,9,250,0.05,0.0141895329579534,0.0106878082043368,0.0202471914504748,1.0067142278242377e-05,0.0001072119889277,868,15.742456015795026,0.1026113775491604,1.0067142278242377e-05,11,False,False
RGM_0296080,2025-07-19 17:04:32.994001433,2025-07-19 17:04:33.069001433,2025-07-19 17:04:33.044001433,2025-07-19 17:04:33,2025-07-19 17:04:00,5,373,3373,ring51,ring,2.0,60.0,20.0,98.0,S2_ring_D2_X60_Y20_Z98,S2_20250719-170002.694001433+0800.h5,369;370;371;372;373;374;375;376;377,9,375,0.075,0.0141110552451764,0.0103939291993113,0.015597551688813,1.4934141009931604e-05,0.0001214849010252,869,15.756567071040203,0.1026263116901704,1.4934141009931604e-05,11,False,False
RGM_0296168,2025-07-19 17:04:36.094001433,2025-07-19 17:04:36.144001433,2025-07-19 17:04:36.119001433,2025-07-19 17:04:36,2025-07-19 17:04:00,5,381,3381,ring51andring52,line,2.0,80.0,40.0,98.0,S2_line_D2_X80_Y40_Z98,S2_20250719-170002.694001433+0800.h5,377;378;379;380;381;382;383;384;385,9,250,0.05,0.0111404283994765,0.0063860896598934,0.0117426481954232,6.205457246193169e-06,4.556745786706011e-05,870,15.76770749943968,0.1026325171474166,6.205457246193169e-06,18,False,False
RGM_0296174,2025-07-19 17:04:36.094001433,2025-07-19 17:04:36.144001433,2025-07-19 17:04:36.119001433,2025-07-19 17:04:36,2025-07-19 17:04:00,5,373,3373,ring51,ring,2.0,60.0,20.0,98.0,S2_ring_D2_X60_Y20_Z98,S2_20250719-170002.694001433+0800.h5,369;370;371;372;373;374;375;376;377,9,250,0.05,0.0178060041156436,0.0110793042027711,0.0222652320791896,1.585268912831598e-05,0.0001347089914171,871,15.785513503555324,0.1026483698365449,1.585268912831598e-05,11,False,False
RGM_0296196,2025-07-19 17:04:37.794001433,2025-07-19 17:04:37.844001433,2025-07-19 17:04:37.819001433,2025-07-19 17:04:37,2025-07-19 17:04:00,5,373,3373,ring51,ring,2.0,60.0,20.0,98.0,S2_ring_D2_X60_Y20_Z98,S2_20250719-170002.694001433+0800.h5,369;370;371;372;373;374;375;376;377,9,250,0.05,0.0130485018647849,0.0047266677816675,0.0182893436593773,8.513170045764773e-06,7.457438154660649e-05,872,15.79856200542011,0.1026568830065906,8.513170045764773e-06,11,False,False
RGM_0296198,2025-07-19 17:04:37.944001433,2025-07-19 17:04:37.994001433,2025-07-19 17:04:37.969001433,2025-07-19 17:04:37,2025-07-19 17:04:00,5,373,3373,ring51,ring,2.0,60.0,20.0,98.0,S2_ring_D2_X60_Y20_Z98,S2_20250719-170002.694001433+0800.h5,369;370;371;372;373;374;375;376;377,9,250,0.05,0.0148357316506785,0.0102179450214543,0.0180643628049327,1.100494668054731e-05,9.508628766603143e-05,873,15.813397737070789,0.1026678879532712,1.100494668054731e-05,11,False,False
RGM_0296259,2025-07-19 17:04:40.494001433,2025-07-19 17:04:40.594001433,2025-07-19 17:04:40.544001433,2025-07-19 17:04:40,2025-07-19 17:04:00,5,374,3374,ring51,ring,2.0,60.0,20.0,98.0,S2_ring_D2_X60_Y20_Z98,S2_20250719-170002.694001433+0800.h5,370;371;372;373;374;375;376;377;378,9,500,0.1,0.0122252022922159,0.0097360369948671,0.0185576776226526,1.4945557108560291e-05,0.0001787265212915,874,15.825622939363004,0.1026828335103798,1.4945557108560291e-05,11,False,False
RGM_0296260,2025-07-19 17:04:40.519001433,2025-07-19 17:04:40.569001433,2025-07-19 17:04:40.544001433,2025-07-19 17:04:40,2025-07-19 17:04:00,5,375,3375,ring51,ring,2.0,60.0,20.0,98.0,S2_ring_D2_X60_Y20_Z98,S2_20250719-170002.694001433+0800.h5,371;372;373;374;375;376;377;378;379,9,250,0.05,0.0148120867271485,0.0126044123382223,0.0238825448248151,1.096989566062849e-05,0.0001364614473516,875,15.840435026090152,0.1026938034060404,1.096989566062849e-05,11,False,False
RGM_0296261,2025-07-19 17:04:40.519001433,2025-07-19 17:04:40.569001433,2025-07-19 17:04:40.544001433,2025-07-19 17:04:40,2025-07-19 17:04:00,5,373,3373,ring51,ring,2.0,60.0,20.0,98.0,S2_ring_D2_X60_Y20_Z98,S2_20250719-170002.694001433+0800.h5,369;370;371;372;373;374;375;376;377,9,250,0.05,0.0202906228298468,0.0126044123382223,0.0247004626712453,2.058546874115513e-05,0.000175247159939,876,15.86072564892,0.1027143888747815,2.058546874115513e-05,11,False,False
RGM_0296267,2025-07-19 17:04:40.944001433,2025-07-19 17:04:41.169001433,2025-07-19 17:04:41.119001433,2025-07-19 17:04:41,2025-07-19 17:04:00,5,372,3372,ring51,ring,2.0,60.0,20.0,98.0,S2_ring_D2_X60_Y20_Z98,S2_20250719-170002.694001433+0800.h5,368;369;370;371;372;373;374;375;376,9,1125,0.225,0.0146962291773768,0.0072296049992177,0.0160381632087686,4.859530920764588e-05,0.0003641134568521,877,15.875421878097375,0.1027629841839892,4.859530920764588e-05,11,False,False
RGM_0296268,2025-07-19 17:04:41.069001433,2025-07-19 17:04:41.169001433,2025-07-19 17:04:41.119001433,2025-07-19 17:04:41,2025-07-19 17:04:00,5,373,3373,ring51,ring,2.0,60.0,20.0,98.0,S2_ring_D2_X60_Y20_Z98,S2_20250719-170002.694001433+0800.h5,369;370;371;372;373;374;375;376;377,9,500,0.1,0.0162561778142381,0.0091426884340217,0.0185499629772059,2.642633171281272e-05,0.0002031748613269,878,15.891678055911616,0.102789410515702,2.642633171281272e-05,11,False,False
RGM_0296270,2025-07-19 17:04:41.144001433,2025-07-19 17:04:41.219001433,2025-07-19 17:04:41.169001433,2025-07-19 17:04:41,2025-07-19 17:04:00,5,374,3374,ring51,ring,2.0,60.0,20.0,98.0,S2_ring_D2_X60_Y20_Z98,S2_20250719-170002.694001433+0800.h5,370;371;372;373;374;375;376;377;378,9,375,0.075,0.0129251273710238,0.011071605456777,0.0151829917758662,1.2529418816789316e-05,0.0001174036319523,879,15.90460318328264,0.1028019399345188,1.2529418816789316e-05,11,False,False
RGM_0296310,2025-07-19 17:04:43.494001433,2025-07-19 17:04:43.544001433,2025-07-19 17:04:43.519001433,2025-07-19 17:04:43,2025-07-19 17:04:00,5,373,3373,ring51,ring,2.0,60.0,20.0,98.0,S2_ring_D2_X60_Y20_Z98,S2_20250719-170002.694001433+0800.h5,369;370;371;372;373;374;375;376;377,9,250,0.05,0.0167763272315856,0.0056780370726116,0.0225737684186196,1.407225776906219e-05,0.0001156862628765,880,15.921379510514225,0.1028160121922878,1.407225776906219e-05,11,False,False
RGM_0296312,2025-07-19 17:04:43.569001433,2025-07-19 17:04:43.619001433,2025-07-19 17:04:43.594001433,2025-07-19 17:04:43,2025-07-19 17:04:00,5,373,3373,ring51,ring,2.0,60.0,20.0,98.0,S2_ring_D2_X60_Y20_Z98,S2_20250719-170002.694001433+0800.h5,369;370;371;372;373;374;375;376;377,9,250,0.05,0.0189965170004515,0.0098710035705674,0.0233897528554167,1.804338290742218e-05,0.0001465027665154,881,15.940376027514676,0.1028340555751953,1.804338290742218e-05,11,False,False
RGM_0296313,2025-07-19 17:04:43.594001433,2025-07-19 17:04:43.644001433,2025-07-19 17:04:43.619001433,2025-07-19 17:04:43,2025-07-19 17:04:00,5,375,3375,ring51,ring,2.0,60.0,20.0,98.0,S2_ring_D2_X60_Y20_Z98,S2_20250719-170002.694001433+0800.h5,371;372;373;374;375;376;377;378;379,9,250,0.05,0.0116211024287426,0.0102577415775237,0.0193154899907575,6.752501082966422e-06,8.99596502624403e-05,882,15.951997129943418,0.1028408080762782,6.752501082966422e-06,11,False,False
RGM_0296316,2025-07-19 17:04:43.594001433,2025-07-19 17:04:43.694001433,2025-07-19 17:04:43.644001433,2025-07-19 17:04:43,2025-07-19 17:04:00,5,377,3377,ring51,ring,2.0,60.0,20.0,98.0,S2_ring_D2_X60_Y20_Z98,S2_20250719-170002.694001433+0800.h5,373;374;375;376;377;378;379;380;381,9,500,0.1,0.0142564040227391,0.011581415798698,0.0234077953441193,2.0324505565957395e-05,0.0002372678572815,883,15.966253533966157,0.1028611325818442,2.0324505565957395e-05,11,False,False
RGM_0296319,2025-07-19 17:04:43.644001433,2025-07-19 17:04:43.694001433,2025-07-19 17:04:43.669001433,2025-07-19 17:04:43,2025-07-19 17:04:00,5,376,3376,ring51,ring,2.0,60.0,20.0,98.0,S2_ring_D2_X60_Y20_Z98,S2_20250719-170002.694001433+0800.h5,372;373;374;375;376;377;378;379;380,9,250,0.05,0.0185073087407721,0.0147387291603883,0.0289231028199018,1.7126023841313003e-05,0.0002064833811074,884,15.98476084270693,0.1028782586056855,1.7126023841313003e-05,11,False,False
RGM_0296320,2025-07-19 17:04:43.644001433,2025-07-19 17:04:43.694001433,2025-07-19 17:04:43.669001433,2025-07-19 17:04:43,2025-07-19 17:04:00,5,374,3374,ring51,ring,2.0,60.0,20.0,98.0,S2_ring_D2_X60_Y20_Z98,S2_20250719-170002.694001433+0800.h5,370;371;372;373;374;375;376;377;378,9,250,0.05,0.025768981467719,0.0163609916980271,0.0289452575503491,3.320202029418243e-05,0.0002667342084163,885,16.01052982417465,0.1029114606259797,3.320202029418243e-05,11,False,False
RGM_0296322,2025-07-19 17:04:43.644001433,2025-07-19 17:04:43.719001433,2025-07-19 17:04:43.694001433,2025-07-19 17:04:43,2025-07-19 17:04:00,5,381,3381,ring51andring52,line,2.0,80.0,40.0,98.0,S2_line_D2_X80_Y40_Z98,S2_20250719-170002.694001433+0800.h5,377;378;379;380;381;382;383;384;385,9,375,0.075,0.0112750429665574,0.0066633539768221,0.0143786118150679,9.53449454232879e-06,8.257650691251941e-05,886,16.021804867141206,0.102920995120522,9.53449454232879e-06,18,False,False
RGM_0296388,2025-07-19 17:04:46.094001433,2025-07-19 17:04:46.194001433,2025-07-19 17:04:46.119001433,2025-07-19 17:04:46,2025-07-19 17:04:00,5,375,3375,ring51,ring,2.0,60.0,20.0,98.0,S2_ring_D2_X60_Y20_Z98,S2_20250719-170002.694001433+0800.h5,371;372;373;374;375;376;377;378;379,9,500,0.1,0.0140759129558246,0.013141775868158,0.0258626711182454,1.9813132553995176e-05,0.0003054273592631,887,16.03588078009703,0.102940808253076,1.9813132553995176e-05,11,False,False
RGM_0296389,2025-07-19 17:04:46.094001433,2025-07-19 17:04:46.194001433,2025-07-19 17:04:46.144001433,2025-07-19 17:04:46,2025-07-19 17:04:00,5,377,3377,ring51,ring,2.0,60.0,20.0,98.0,S2_ring_D2_X60_Y20_Z98,S2_20250719-170002.694001433+0800.h5,373;374;375;376;377;378;379;380;381,9,500,0.1,0.0134502324582727,0.0121379532502425,0.0227273596308033,1.8090875318157496e-05,0.0002089393347398,888,16.049331012555303,0.1029588991283941,1.8090875318157496e-05,11,False,False
RGM_0296394,2025-07-19 17:04:46.169001433,2025-07-19 17:04:46.219001433,2025-07-19 17:04:46.194001433,2025-07-19 17:04:46,2025-07-19 17:04:00,5,375,3375,ring51,ring,2.0,60.0,20.0,98.0,S2_ring_D2_X60_Y20_Z98,S2_20250719-170002.694001433+0800.h5,371;372;373;374;375;376;377;378;379,9,250,0.05,0.0162891305231978,0.014209343514192,0.0321711856220275,1.3266788660088776e-05,0.0002183823538068,889,16.0656201430785,0.1029721659170542,1.3266788660088776e-05,11,False,False
RGM_0296395,2025-07-19 17:04:46.169001433,2025-07-19 17:04:46.219001433,2025-07-19 17:04:46.194001433,2025-07-19 17:04:46,2025-07-19 17:04:00,5,381,3381,ring51andring52,line,2.0,80.0,40.0,98.0,S2_line_D2_X80_Y40_Z98,S2_20250719-170002.694001433+0800.h5,377;378;379;380;381;382;383;384;385,9,250,0.05,0.0126306165048633,0.0068005100755924,0.0146987434048741,7.976623664646302e-06,6.419760749228114e-05,890,16.078250759583366,0.1029801425407189,7.976623664646302e-06,18,False,False
RGM_0296396,2025-07-19 17:04:46.169001433,2025-07-19 17:04:46.219001433,2025-07-19 17:04:46.194001433,2025-07-19 17:04:46,2025-07-19 17:04:00,5,373,3373,ring51,ring,2.0,60.0,20.0,98.0,S2_ring_D2_X60_Y20_Z98,S2_20250719-170002.694001433+0800.h5,369;370;371;372;373;374;375;376;377,9,250,0.05,0.0279255392375479,0.0145275153526416,0.0343650654682755,3.899178708539145e-05,0.0003128969063713,891,16.106176298820913,0.1030191343278043,3.899178708539145e-05,11,False,False
RGM_0296398,2025-07-19 17:04:46.169001433,2025-07-19 17:04:46.219001433,2025-07-19 17:04:46.194001433,2025-07-19 17:04:46,2025-07-19 17:04:00,5,374,3374,ring51,ring,2.0,60.0,20.0,98.0,S2_ring_D2_X60_Y20_Z98,S2_20250719-170002.694001433+0800.h5,370;371;372;373;374;375;376;377;378,9,250,0.05,0.0226235045721675,0.0145275153526416,0.0335154305837533,2.5591147956344285e-05,0.0002644512860123,892,16.12879980339308,0.1030447254757606,2.5591147956344285e-05,11,False,False
RGM_0296402,2025-07-19 17:04:46.194001433,2025-07-19 17:04:46.319001433,2025-07-19 17:04:46.294001433,2025-07-19 17:04:46,2025-07-19 17:04:00,5,373,3373,ring51,ring,2.0,60.0,20.0,98.0,S2_ring_D2_X60_Y20_Z98,S2_20250719-170002.694001433+0800.h5,369;370;371;372;373;374;375;376;377,9,625,0.125,0.0182122294130217,0.0051429312977519,0.0246306509816157,4.146066252406676e-05,0.00033899947896,893,16.1470120328061,0.1030861861382847,4.146066252406676e-05,11,False,False
RGM_0296723,2025-07-19 17:05:00.869001433,2025-07-19 17:05:00.919001433,2025-07-19 17:05:00.894001433,2025-07-19 17:05:00,2025-07-19 17:05:00,5,373,3373,ring51,ring,2.0,60.0,20.0,98.0,S2_ring_D2_X60_Y20_Z98,S2_20250719-170002.694001433+0800.h5,369;370;371;372;373;374;375;376;377,9,250,0.05,0.0204557410000743,0.0104910939597283,0.0249015464901778,2.0921866993106077e-05,0.000166488230934,894,16.167467773806173,0.1031071080052778,2.0921866993106077e-05,11,False,False
RGM_0296724,2025-07-19 17:05:00.869001433,2025-07-19 17:05:01.119001433,2025-07-19 17:05:00.894001433,2025-07-19 17:05:00,2025-07-19 17:05:00,5,374,3374,ring51,ring,2.0,60.0,20.0,98.0,S2_ring_D2_X60_Y20_Z98,S2_20250719-170002.694001433+0800.h5,370;371;372;373;374;375;376;377;378,9,1250,0.25,0.0106182512341892,0.006635176158442,0.0171494811974402,2.818681481809043e-05,0.0003207377468059,895,16.17808602504036,0.1031352948200959,2.818681481809043e-05,11,False,False
RGM_0296841,2025-07-19 17:05:07.019001433,2025-07-19 17:05:07.219001433,2025-07-19 17:05:07.194001433,2025-07-19 17:05:07,2025-07-19 17:05:00,5,373,3373,ring51,ring,2.0,60.0,20.0,98.0,S2_ring_D2_X60_Y20_Z98,S2_20250719-170002.694001433+0800.h5,369;370;371;372;373;374;375;376;377,9,1000,0.2,0.0126010319969237,0.0047926601566364,0.0206635748282209,3.175720147749916e-05,0.0003291827148609,896,16.190687057037284,0.1031670520215734,3.175720147749916e-05,11,False,False
RGM_0296843,2025-07-19 17:05:07.244001433,2025-07-19 17:05:07.294001433,2025-07-19 17:05:07.269001433,2025-07-19 17:05:07,2025-07-19 17:05:00,5,374,3374,ring51,ring,2.0,60.0,20.0,98.0,S2_ring_D2_X60_Y20_Z98,S2_20250719-170002.694001433+0800.h5,370;371;372;373;374;375;376;377;378,9,250,0.05,0.0133266308105828,0.0111383984516669,0.0186173932038691,8.879954438078866e-06,9.583736955903268e-05,897,16.204013687847866,0.1031759319760114,8.879954438078866e-06,11,False,False
RGM_0296846,2025-07-19 17:05:07.294001433,2025-07-19 17:05:07.394001433,2025-07-19 17:05:07.319001433,2025-07-19 17:05:07,2025-07-19 17:05:00,5,373,3373,ring51,ring,2.0,60.0,20.0,98.0,S2_ring_D2_X60_Y20_Z98,S2_20250719-170002.694001433+0800.h5,369;370;371;372;373;374;375;376;377,9,500,0.1,0.0176237208802915,0.0083343395581634,0.0241371347611142,3.1059553766642454e-05,0.0002699887274558,898,16.221637408728157,0.1032069915297781,3.1059553766642454e-05,11,False,False
RGM_0296847,2025-07-19 17:05:07.294001433,2025-07-19 17:05:07.494001433,2025-07-19 17:05:07.419001433,2025-07-19 17:05:07,2025-07-19 17:05:00,5,373,3373,ring51,ring,2.0,60.0,20.0,98.0,S2_ring_D2_X60_Y20_Z98,S2_20250719-170002.694001433+0800.h5,369;370;371;372;373;374;375;376;377,9,1000,0.2,0.0153199054888613,0.0070069370130115,0.021964727614499,4.693990083752881e-05,0.0004258918539207,899,16.23695731421702,0.1032539314306156,4.693990083752881e-05,11,False,False
RGM_0296848,2025-07-19 17:05:07.519001433,2025-07-19 17:05:07.569001433,2025-07-19 17:05:07.544001433,2025-07-19 17:05:07,2025-07-19 17:05:00,5,373,3373,ring51,ring,2.0,60.0,20.0,98.0,S2_ring_D2_X60_Y20_Z98,S2_20250719-170002.694001433+0800.h5,369;370;371;372;373;374;375;376;377,9,250,0.05,0.0134857189420772,0.005125587103711,0.0207001657426279,9.093230769235048e-06,8.688579492695042e-05,900,16.250443033159097,0.1032630246613849,9.093230769235048e-06,11,False,False
RGM_0296893,2025-07-19 17:05:09.719001433,2025-07-19 17:05:09.869001433,2025-07-19 17:05:09.844001433,2025-07-19 17:05:09,2025-07-19 17:05:00,5,373,3373,ring51,ring,2.0,60.0,20.0,98.0,S2_ring_D2_X60_Y20_Z98,S2_20250719-170002.694001433+0800.h5,369;370;371;372;373;374;375;376;377,9,750,0.15,0.01615147948536,0.0072040165655193,0.0218967135114882,3.913054343490091e-05,0.0003358793566566,901,16.266594512644456,0.1033021552048198,3.913054343490091e-05,11,False,False
RGM_0296895,2025-07-19 17:05:09.794001433,2025-07-19 17:05:09.894001433,2025-07-19 17:05:09.844001433,2025-07-19 17:05:09,2025-07-19 17:05:00,5,374,3374,ring51,ring,2.0,60.0,20.0,98.0,S2_ring_D2_X60_Y20_Z98,S2_20250719-170002.694001433+0800.h5,370;371;372;373;374;375;376;377;378,9,500,0.1,0.0136529795592142,0.0078812678882387,0.0233952323211453,1.8640385084432123e-05,0.0002248573015688,902,16.28024749220367,0.1033207955899042,1.8640385084432123e-05,11,False,False
RGM_0296897,2025-07-19 17:05:09.944001433,2025-07-19 17:05:09.994001433,2025-07-19 17:05:09.969001433,2025-07-19 17:05:09,2025-07-19 17:05:00,5,373,3373,ring51,ring,2.0,60.0,20.0,98.0,S2_ring_D2_X60_Y20_Z98,S2_20250719-170002.694001433+0800.h5,369;370;371;372;373;374;375;376;377,9,250,0.05,0.0191631482785664,0.0057422975116726,0.0270660783604375,1.8361312597316195e-05,0.0001580951429156,903,16.299410640482236,0.1033391569025015,1.8361312597316195e-05,11,False,False
RGM_0297000,2025-07-19 17:05:15.469001433,2025-07-19 17:05:15.794001433,2025-07-19 17:05:15.619001433,2025-07-19 17:05:15,2025-07-19 17:05:00,5,373,3373,ring51,ring,2.0,60.0,20.0,98.0,S2_ring_D2_X60_Y20_Z98,S2_20250719-170002.694001433+0800.h5,369;370;371;372;373;374;375;376;377,9,1625,0.325,0.013041447829402,0.0067724321781267,0.0185638723411168,5.5275792483280254e-05,0.000507200175737,904,16.312452088311638,0.1033944326949848,5.5275792483280254e-05,11,False,False
RGM_0297258,2025-07-19 17:05:32.919001433,2025-07-19 17:05:33.294001433,2025-07-19 17:05:32.944001433,2025-07-19 17:05:32,2025-07-19 17:05:00,5,373,3373,ring51,ring,2.0,60.0,20.0,98.0,S2_ring_D2_X60_Y20_Z98,S2_20250719-170002.694001433+0800.h5,369;370;371;372;373;374;375;376;377,9,1875,0.375,0.0105726515821648,0.0062041290888764,0.0149839432034113,4.191786055419512e-05,0.0003899150345161,905,16.323024739893803,0.103436350555539,4.191786055419512e-05,11,False,False
RGM_0297299,2025-07-19 17:05:35.219001433,2025-07-19 17:05:35.494001433,2025-07-19 17:05:35.419001433,2025-07-19 17:05:35,2025-07-19 17:05:00,5,373,3373,ring51,ring,2.0,60.0,20.0,98.0,S2_ring_D2_X60_Y20_Z98,S2_20250719-170002.694001433+0800.h5,369;370;371;372;373;374;375;376;377,9,1375,0.275,0.0139878788957492,0.0068309309002044,0.0201849537979098,5.38067079005908e-05,0.0004980896225269,906,16.337012618789554,0.1034901572634396,5.38067079005908e-05,11,False,False
RGM_0297302,2025-07-19 17:05:35.544001433,2025-07-19 17:05:35.844001433,2025-07-19 17:05:35.594001433,2025-07-19 17:05:35,2025-07-19 17:05:00,5,373,3373,ring51,ring,2.0,60.0,20.0,98.0,S2_ring_D2_X60_Y20_Z98,S2_20250719-170002.694001433+0800.h5,369;370;371;372;373;374;375;376;377,9,1500,0.3,0.0110596524678185,0.0046074343743723,0.0176589233044041,3.66947738126778e-05,0.0003754094438968,907,16.348072271257372,0.1035268520372523,3.66947738126778e-05,11,False,False
RGM_0297526,2025-07-19 17:05:48.294001433,2025-07-19 17:05:48.369001433,2025-07-19 17:05:48.344001433,2025-07-19 17:05:48,2025-07-19 17:05:00,5,372,3372,ring51,ring,2.0,60.0,20.0,98.0,S2_ring_D2_X60_Y20_Z98,S2_20250719-170002.694001433+0800.h5,368;369;370;371;372;373;374;375;376,9,375,0.075,0.017695324576345,0.0094450527032053,0.0188598866030244,2.3484338389665106e-05,0.0001781479978051,908,16.365767595833717,0.1035503363756419,2.3484338389665106e-05,11,False,False
RGM_0297528,2025-07-19 17:05:48.244001433,2025-07-19 17:05:48.444001433,2025-07-19 17:05:48.344001433,2025-07-19 17:05:48,2025-07-19 17:05:00,5,373,3373,ring51,ring,2.0,60.0,20.0,98.0,S2_ring_D2_X60_Y20_Z98,S2_20250719-170002.694001433+0800.h5,369;370;371;372;373;374;375;376;377,9,1000,0.2,0.0248564675524625,0.0141337038187658,0.0269116171232704,0.0001235687958373,0.0009117265565275,909,16.39062406338618,0.1036739051714793,0.0001235687958373,11,False,False
RGM_0297529,2025-07-19 17:05:48.319001433,2025-07-19 17:05:48.419001433,2025-07-19 17:05:48.344001433,2025-07-19 17:05:48,2025-07-19 17:05:00,5,374,3374,ring51,ring,2.0,60.0,20.0,98.0,S2_ring_D2_X60_Y20_Z98,S2_20250719-170002.694001433+0800.h5,370;371;372;373;374;375;376;377;378,9,500,0.1,0.0282528135782204,0.0188717303252342,0.0339822079220126,7.98221475085679e-05,0.0006882180875502,910,16.4188768769644,0.1037537273189878,7.98221475085679e-05,11,False,False
RGM_0297530,2025-07-19 17:05:48.319001433,2025-07-19 17:05:48.444001433,2025-07-19 17:05:48.419001433,2025-07-19 17:05:48,2025-07-19 17:05:00,5,374,3374,ring51,ring,2.0,60.0,20.0,98.0,S2_ring_D2_X60_Y20_Z98,S2_20250719-170002.694001433+0800.h5,370;371;372;373;374;375;376;377;378,9,625,0.125,0.0254906479559521,0.0171655466471137,0.0310044612443131,8.122164165178599e-05,0.0007100472645034,911,16.444367524920352,0.1038349489606396,8.122164165178599e-05,11,False,False
RGM_0297586,2025-07-19 17:05:50.694001433,2025-07-19 17:05:50.744001433,2025-07-19 17:05:50.719001433,2025-07-19 17:05:50,2025-07-19 17:05:00,5,381,3381,ring51andring52,line,2.0,80.0,40.0,98.0,S2_line_D2_X80_Y40_Z98,S2_20250719-170002.694001433+0800.h5,377;378;379;380;381;382;383;384;385,9,250,0.05,0.0110726401693959,0.005592635997572,0.0125452966419801,6.1301680160460144e-06,4.751837737518887e-05,912,16.455440165089747,0.1038410791286557,6.1301680160460144e-06,18,False,False
RGM_0297588,2025-07-19 17:05:50.744001433,2025-07-19 17:05:50.794001433,2025-07-19 17:05:50.769001433,2025-07-19 17:05:50,2025-07-19 17:05:00,5,372,3372,ring51,ring,2.0,60.0,20.0,98.0,S2_ring_D2_X60_Y20_Z98,S2_20250719-170002.694001433+0800.h5,368;369;370;371;372;373;374;375;376,9,250,0.05,0.0243575048903272,0.0136364620751861,0.0261379150808845,2.966440222411588e-05,0.0002380972213548,913,16.479797669980076,0.1038707435308798,2.966440222411588e-05,11,False,False
RGM_0297590,2025-07-19 17:05:50.644001433,2025-07-19 17:05:50.844001433,2025-07-19 17:05:50.769001433,2025-07-19 17:05:50,2025-07-19 17:05:00,5,373,3373,ring51,ring,2.0,60.0,20.0,98.0,S2_ring_D2_X60_Y20_Z98,S2_20250719-170002.694001433+0800.h5,369;370;371;372;373;374;375;376;377,9,1000,0.2,0.0175959695933138,0.0095907138891532,0.020854169660001,6.192362918576495e-05,0.0004891950925773,914,16.49739363957339,0.1039326671600655,6.192362918576495e-05,11,False,False
RGM_0297594,2025-07-19 17:05:51.019001433,2025-07-19 17:05:51.069001433,2025-07-19 17:05:51.044001433,2025-07-19 17:05:51,2025-07-19 17:05:00,5,373,3373,ring51,ring,2.0,60.0,20.0,98.0,S2_ring_D2_X60_Y20_Z98,S2_20250719-170002.694001433+0800.h5,369;370;371;372;373;374;375;376;377,9,250,0.05,0.0135095108334951,0.0044433178566865,0.0195592767142414,9.125344148016198e-06,8.144921150182879e-05,915,16.510903150406882,0.1039417925042136,9.125344148016198e-06,11,False,False
RGM_0297709,2025-07-19 17:05:57.269001433,2025-07-19 17:05:57.394001433,2025-07-19 17:05:57.319001433,2025-07-19 17:05:57,2025-07-19 17:05:00,5,373,3373,ring51,ring,2.0,60.0,20.0,98.0,S2_ring_D2_X60_Y20_Z98,S2_20250719-170002.694001433+0800.h5,369;370;371;372;373;374;375;376;377,9,625,0.125,0.0180536478256208,0.0092294493606645,0.0220853606096483,4.074177497644306e-05,0.0003282058539422,916,16.528956798232503,0.10398253427919,4.074177497644306e-05,11,False,False
RGM_0297711,2025-07-19 17:05:57.344001433,2025-07-19 17:05:57.544001433,2025-07-19 17:05:57.369001433,2025-07-19 17:05:57,2025-07-19 17:05:00,5,373,3373,ring51,ring,2.0,60.0,20.0,98.0,S2_ring_D2_X60_Y20_Z98,S2_20250719-170002.694001433+0800.h5,369;370;371;372;373;374;375;376;377,9,1000,0.2,0.0141525548395578,0.0061182785616488,0.0196227659784728,4.005896169733856e-05,0.0003518065446324,917,16.54310935307206,0.1040225932408873,4.005896169733856e-05,11,False,False
RGM_0297767,2025-07-19 17:05:59.694001433,2025-07-19 17:05:59.744001433,2025-07-19 17:05:59.719001433,2025-07-19 17:05:59,2025-07-19 17:05:00,5,372,3372,ring51,ring,2.0,60.0,20.0,98.0,S2_ring_D2_X60_Y20_Z98,S2_20250719-170002.694001433+0800.h5,368;369;370;371;372;373;374;375;376,9,250,0.05,0.0198708865265125,0.0103553008753522,0.0228358766954917,1.974260656747694e-05,0.0001540701678752,918,16.562980239598573,0.1040423358474548,1.974260656747694e-05,11,False,False
RGM_0297768,2025-07-19 17:05:59.669001433,2025-07-19 17:05:59.769001433,2025-07-19 17:05:59.719001433,2025-07-19 17:05:59,2025-07-19 17:05:00,5,373,3373,ring51,ring,2.0,60.0,20.0,98.0,S2_ring_D2_X60_Y20_Z98,S2_20250719-170002.694001433+0800.h5,369;370;371;372;373;374;375;376;377,9,500,0.1,0.0148309258052924,0.007985425484703,0.0208358799598773,2.199563602420892e-05,0.0002016850333009,919,16.577811165403865,0.104064331483479,2.199563602420892e-05,11,False,False
RGM_0297803,2025-07-19 17:06:02.119001433,2025-07-19 17:06:02.319001433,2025-07-19 17:06:02.144001433,2025-07-19 17:06:02,2025-07-19 17:06:00,5,373,3373,ring51,ring,2.0,60.0,20.0,98.0,S2_ring_D2_X60_Y20_Z98,S2_20250719-170002.694001433+0800.h5,369;370;371;372;373;374;375;376;377,9,1000,0.2,0.0125555198126753,0.0073668750892244,0.015964543835601,3.1528215553296695e-05,0.0002692452858535,920,16.59036668521654,0.1040958596990323,3.1528215553296695e-05,11,False,False
RGM_0297918,2025-07-19 17:06:09.844001433,2025-07-19 17:06:09.894001433,2025-07-19 17:06:09.869001433,2025-07-19 17:06:09,2025-07-19 17:06:00,5,373,3373,ring51,ring,2.0,60.0,20.0,98.0,S2_ring_D2_X60_Y20_Z98,S2_20250719-170002.694001433+0800.h5,369;370;371;372;373;374;375;376;377,9,250,0.05,0.013277854438385,0.0050754748314115,0.0199001349212852,8.815070924347048e-06,8.28717556739522e-05,921,16.603644539654926,0.1041046747699567,8.815070924347048e-06,11,False,False
RGM_0297920,2025-07-19 17:06:09.944001433,2025-07-19 17:06:10.069001433,2025-07-19 17:06:09.969001433,2025-07-19 17:06:09,2025-07-19 17:06:00,5,373,3373,ring51,ring,2.0,60.0,20.0,98.0,S2_ring_D2_X60_Y20_Z98,S2_20250719-170002.694001433+0800.h5,369;370;371;372;373;374;375;376;377,9,625,0.125,0.0151489462996509,0.009025809697296,0.0197959921069565,2.8686321748713555e-05,0.0002513304684083,922,16.618793485954576,0.1041333610917054,2.8686321748713555e-05,11,False,False
RGM_0297923,2025-07-19 17:06:10.044001433,2025-07-19 17:06:10.094001433,2025-07-19 17:06:10.069001433,2025-07-19 17:06:10,2025-07-19 17:06:00,5,373,3373,ring51,ring,2.0,60.0,20.0,98.0,S2_ring_D2_X60_Y20_Z98,S2_20250719-170002.694001433+0800.h5,369;370;371;372;373;374;375;376;377,9,250,0.05,0.0175016544086141,0.0078310526314928,0.0248001353344841,1.5315395351928175e-05,0.0001383978147019,923,16.636295140363192,0.1041486764870573,1.5315395351928175e-05,11,False,False
RGM_0297924,2025-07-19 17:06:10.044001433,2025-07-19 17:06:10.094001433,2025-07-19 17:06:10.069001433,2025-07-19 17:06:10,2025-07-19 17:06:00,5,374,3374,ring51,ring,2.0,60.0,20.0,98.0,S2_ring_D2_X60_Y20_Z98,S2_20250719-170002.694001433+0800.h5,370;371;372;373;374;375;376;377;378,9,250,0.05,0.0134166894546298,0.0074486849019923,0.0235766169653267,9.000377796098845e-06,0.0001104196244099,924,16.64971182981782,0.1041576768648534,9.000377796098845e-06,11,False,False
RGM_0297963,2025-07-19 17:06:12.369001433,2025-07-19 17:06:12.444001433,2025-07-19 17:06:12.419001433,2025-07-19 17:06:12,2025-07-19 17:06:00,5,375,3375,ring51,ring,2.0,60.0,20.0,98.0,S2_ring_D2_X60_Y20_Z98,S2_20250719-170002.694001433+0800.h5,371;372;373;374;375;376;377;378;379,9,375,0.075,0.011071770942588,0.0106021056882728,0.0195078807315866,9.193808385385222e-06,0.000133281342191,925,16.66078360076041,0.1041668706732388,9.193808385385222e-06,11,False,False
RGM_0297966,2025-07-19 17:06:12.394001433,2025-07-19 17:06:12.494001433,2025-07-19 17:06:12.444001433,2025-07-19 17:06:12,2025-07-19 17:06:00,5,374,3374,ring51,ring,2.0,60.0,20.0,98.0,S2_ring_D2_X60_Y20_Z98,S2_20250719-170002.694001433+0800.h5,370;371;372;373;374;375;376;377;378,9,500,0.1,0.0231713173167588,0.015873388533486,0.0317414100849581,5.3690994619392905e-05,0.0005295953790079,926,16.68395491807717,0.1042205616678582,5.3690994619392905e-05,11,False,False
RGM_0298082,2025-07-19 17:06:18.994001433,2025-07-19 17:06:19.044001433,2025-07-19 17:06:19.019001433,2025-07-19 17:06:19,2025-07-19 17:06:00,5,494,3494,andring58,line,2.0,169.0,70.0,8.0,S2_line_D2_X169_Y70_Z8,S2_20250719-170002.694001433+0800.h5,490;491;492;493;494;495,6,250,0.05,0.0110239765215257,0.0074060356413738,0.0133577536625792,6.087899082695036e-06,3.576766025694906e-05,927,16.694978894598695,0.1042266495669409,6.087899082695036e-06,60,False,False
RGM_0298169,2025-07-19 17:06:25.744001433,2025-07-19 17:06:25.944001433,2025-07-19 17:06:25.819001433,2025-07-19 17:06:25,2025-07-19 17:06:00,5,374,3374,ring51,ring,2.0,60.0,20.0,98.0,S2_ring_D2_X60_Y20_Z98,S2_20250719-170002.694001433+0800.h5,370;371;372;373;374;375;376;377;378,9,1000,0.2,0.0129865621482291,0.0090574543246688,0.0227473836151454,3.373015928596357e-05,0.0004384345537892,928,16.707965456746923,0.1042603797262269,3.373015928596357e-05,11,False,False
RGM_0298171,2025-07-19 17:06:25.819001433,2025-07-19 17:06:25.919001433,2025-07-19 17:06:25.894001433,2025-07-19 17:06:25,2025-07-19 17:06:00,5,373,3373,ring51,ring,2.0,60.0,20.0,98.0,S2_ring_D2_X60_Y20_Z98,S2_20250719-170002.694001433+0800.h5,369;370;371;372;373;374;375;376;377,9,500,0.1,0.0197211166038829,0.0098364991964354,0.0271807396031099,3.889224401039495e-05,0.0003474363763339,929,16.727686573350805,0.1042992719702373,3.889224401039495e-05,11,False,False
RGM_0298234,2025-07-19 17:06:28.219001433,2025-07-19 17:06:28.269001433,2025-07-19 17:06:28.244001433,2025-07-19 17:06:28,2025-07-19 17:06:00,5,375,3375,ring51,ring,2.0,60.0,20.0,98.0,S2_ring_D2_X60_Y20_Z98,S2_20250719-170002.694001433+0800.h5,371;372;373;374;375;376;377;378;379,9,250,0.05,0.0119210124729329,0.0089717275905449,0.0238247248225136,7.105526918991151e-06,0.0001136379768528,930,16.739607585823737,0.1043063774971563,7.105526918991151e-06,11,False,False
RGM_0298235,2025-07-19 17:06:28.219001433,2025-07-19 17:06:28.269001433,2025-07-19 17:06:28.244001433,2025-07-19 17:06:28,2025-07-19 17:06:00,5,374,3374,ring51,ring,2.0,60.0,20.0,98.0,S2_ring_D2_X60_Y20_Z98,S2_20250719-170002.694001433+0800.h5,370;371;372;373;374;375;376;377;378,9,250,0.05,0.0166621553339922,0.0091830402841748,0.0247772074851997,1.3881371018704334e-05,0.0001403088825931,931,16.75626974115773,0.104320258868175,1.3881371018704334e-05,11,False,False
RGM_0298236,2025-07-19 17:06:27.694001433,2025-07-19 17:06:28.694001433,2025-07-19 17:06:28.244001433,2025-07-19 17:06:28,2025-07-19 17:06:00,5,373,3373,ring51,ring,2.0,60.0,20.0,98.0,S2_ring_D2_X60_Y20_Z98,S2_20250719-170002.694001433+0800.h5,369;370;371;372;373;374;375;376;377,9,5000,1.0,0.0140740501345464,0.0069803769853261,0.0194071248657672,0.0001980788871897,0.0017496757007872,932,16.770343791292277,0.1045183377553647,0.0001980788871897,11,False,False
RGM_0298240,2025-07-19 17:06:28.319001433,2025-07-19 17:06:28.369001433,2025-07-19 17:06:28.344001433,2025-07-19 17:06:28,2025-07-19 17:06:00,5,372,3372,ring51,ring,2.0,60.0,20.0,98.0,S2_ring_D2_X60_Y20_Z98,S2_20250719-170002.694001433+0800.h5,368;369;370;371;372;373;374;375;376,9,250,0.05,0.0328762232774889,0.0174339055160466,0.0357401747560157,5.4042302849565326e-05,0.0004259015606969,933,16.803220014569767,0.1045723800582143,5.4042302849565326e-05,11,False,False
RGM_0298241,2025-07-19 17:06:28.294001433,2025-07-19 17:06:28.394001433,2025-07-19 17:06:28.344001433,2025-07-19 17:06:28,2025-07-19 17:06:00,5,371,3371,ring51,ring,2.0,60.0,20.0,98.0,S2_ring_D2_X60_Y20_Z98,S2_20250719-170002.694001433+0800.h5,367;368;369;370;371;372;373;374;375,9,500,0.1,0.0255792519108785,0.0147422008923635,0.0272700723056979,6.542981283201857e-05,0.000517818253959,934,16.828799266480647,0.1046378098710463,6.542981283201857e-05,11,False,False
RGM_0298242,2025-07-19 17:06:28.244001433,2025-07-19 17:06:28.369001433,2025-07-19 17:06:28.344001433,2025-07-19 17:06:28,2025-07-19 17:06:00,5,373,3373,ring51,ring,2.0,60.0,20.0,98.0,S2_ring_D2_X60_Y20_Z98,S2_20250719-170002.694001433+0800.h5,369;370;371;372;373;374;375;376;377,9,625,0.125,0.0234032649750625,0.0132027077640172,0.0261352983651825,6.846410143662353e-05,0.0005197596564868,935,16.85220253145571,0.1047062739724829,6.846410143662353e-05,11,False,False
RGM_0298245,2025-07-19 17:06:28.319001433,2025-07-19 17:06:28.369001433,2025-07-19 17:06:28.344001433,2025-07-19 17:06:28,2025-07-19 17:06:00,5,381,3381,ring51andring52,line,2.0,80.0,40.0,98.0,S2_line_D2_X80_Y40_Z98,S2_20250719-170002.694001433+0800.h5,377;378;379;380;381;382;383;384;385,9,250,0.05,0.0152208215774876,0.0054949566881747,0.0176291260923544,1.1583670474685614e-05,8.713118206813446e-05,936,16.867423353033196,0.1047178576429576,1.1583670474685614e-05,18,False,False
RGM_0298246,2025-07-19 17:06:28.319001433,2025-07-19 17:06:28.419001433,2025-07-19 17:06:28.369001433,2025-07-19 17:06:28,2025-07-19 17:06:00,5,377,3377,ring51,ring,2.0,60.0,20.0,98.0,S2_ring_D2_X60_Y20_Z98,S2_20250719-170002.694001433+0800.h5,373;374;375;376;377;378;379;380;381,9,500,0.1,0.0129888006946465,0.0112979737159162,0.0231721135135087,1.687089434852512e-05,0.0002066843567355,937,16.880412153727843,0.1047347285373061,1.687089434852512e-05,11,False,False
RGM_0298247,2025-07-19 17:06:28.294001433,2025-07-19 17:06:28.494001433,2025-07-19 17:06:28.469001433,2025-07-19 17:06:28,2025-07-19 17:06:00,5,373,3373,ring51,ring,2.0,60.0,20.0,98.0,S2_ring_D2_X60_Y20_Z98,S2_20250719-170002.694001433+0800.h5,369;370;371;372;373;374;375;376;377,9,1000,0.2,0.01978609803515,0.009817313141791,0.0244207669329402,7.829793509131375e-05,0.0006275342915044,938,16.900198251762994,0.1048130264723974,7.829793509131375e-05,11,False,False
RGM_0298249,2025-07-19 17:06:28.444001433,2025-07-19 17:06:28.494001433,2025-07-19 17:06:28.469001433,2025-07-19 17:06:28,2025-07-19 17:06:00,5,372,3372,ring51,ring,2.0,60.0,20.0,98.0,S2_ring_D2_X60_Y20_Z98,S2_20250719-170002.694001433+0800.h5,368;369;370;371;372;373;374;375;376,9,250,0.05,0.0224563843745528,0.0054203255478766,0.0290653786860797,2.521445995888316e-05,0.0002049049083793,939,16.922654636137548,0.1048382409323563,2.521445995888316e-05,11,False,False
RGM_0298551,2025-07-19 17:06:44.144001433,2025-07-19 17:06:44.319001433,2025-07-19 17:06:44.169001433,2025-07-19 17:06:44,2025-07-19 17:06:00,5,373,3373,ring51,ring,2.0,60.0,20.0,98.0,S2_ring_D2_X60_Y20_Z98,S2_20250719-170002.694001433+0800.h5,369;370;371;372;373;374;375;376;377,9,875,0.175,0.0119259647951445,0.0085737234409657,0.0130639690411426,2.489001135162994e-05,0.0002000961293582,940,16.93458060093269,0.1048631309437079,2.489001135162994e-05,11,False,False
RGM_0298614,2025-07-19 17:06:46.594001433,2025-07-19 17:06:46.744001433,2025-07-19 17:06:46.644001433,2025-07-19 17:06:46,2025-07-19 17:06:00,5,374,3374,ring51,ring,2.0,60.0,20.0,98.0,S2_ring_D2_X60_Y20_Z98,S2_20250719-170002.694001433+0800.h5,370;371;372;373;374;375;376;377;378,9,750,0.15,0.0107752651489714,0.0085369442027126,0.0141094420944977,1.741595085459585e-05,0.0001739274198945,941,16.945355866081663,0.1048805468945625,1.741595085459585e-05,11,False,False
RGM_0298617,2025-07-19 17:06:46.944001433,2025-07-19 17:06:47.044001433,2025-07-19 17:06:46.969001433,2025-07-19 17:06:46,2025-07-19 17:06:00,5,373,3373,ring51,ring,2.0,60.0,20.0,98.0,S2_ring_D2_X60_Y20_Z98,S2_20250719-170002.694001433+0800.h5,369;370;371;372;373;374;375;376;377,9,500,0.1,0.0134211318205582,0.0050202332071737,0.0196849455994968,1.8012677934480176e-05,0.0001652748856463,942,16.95877699790222,0.104898559572497,1.8012677934480176e-05,11,False,False
RGM_0298738,2025-07-19 17:06:56.319001433,2025-07-19 17:06:56.819001433,2025-07-19 17:06:56.519001433,2025-07-19 17:06:56,2025-07-19 17:06:00,5,373,3373,ring51,ring,2.0,60.0,20.0,98.0,S2_ring_D2_X60_Y20_Z98,S2_20250719-170002.694001433+0800.h5,369;370;371;372;373;374;375;376;377,9,2500,0.5,0.0084456331799867,0.006914266767405,0.0092620487783644,3.566435990544616e-05,0.0003060097797395,943,16.96722263108221,0.1049342239324025,3.566435990544616e-05,11,False,False
RGM_0298796,2025-07-19 17:06:58.969001433,2025-07-19 17:06:59.069001433,2025-07-19 17:06:59.044001433,2025-07-19 17:06:59,2025-07-19 17:06:00,5,374,3374,ring51,ring,2.0,60.0,20.0,98.0,S2_ring_D2_X60_Y20_Z98,S2_20250719-170002.694001433+0800.h5,370;371;372;373;374;375;376;377;378,9,500,0.1,0.0263048641251,0.0184278895577161,0.0306655407971373,6.919458766399737e-05,0.0005921234173008,944,16.993527495207307,0.1050034185200665,6.919458766399737e-05,11,False,False
RGM_0298797,2025-07-19 17:06:59.019001433,2025-07-19 17:06:59.069001433,2025-07-19 17:06:59.044001433,2025-07-19 17:06:59,2025-07-19 17:06:00,5,373,3373,ring51,ring,2.0,60.0,20.0,98.0,S2_ring_D2_X60_Y20_Z98,S2_20250719-170002.694001433+0800.h5,369;370;371;372;373;374;375;376;377,9,250,0.05,0.037240288325375,0.0244444439878977,0.0411761515550694,6.93419537278533e-05,0.0005657071236511,945,17.03076778353268,0.1050727604737943,6.93419537278533e-05,11,False,False
RGM_0298803,2025-07-19 17:06:59.619001433,2025-07-19 17:06:59.694001433,2025-07-19 17:06:59.644001433,2025-07-19 17:06:59,2025-07-19 17:06:00,5,374,3374,ring51,ring,2.0,60.0,20.0,98.0,S2_ring_D2_X60_Y20_Z98,S2_20250719-170002.694001433+0800.h5,370;371;372;373;374;375;376;377;378,9,375,0.075,0.0157167429031151,0.0123748625491246,0.0212084315534052,1.8526200561196443e-05,0.0001957368483198,946,17.046484526435798,0.1050912866743555,1.8526200561196443e-05,11,False,False
RGM_0298804,2025-07-19 17:06:59.569001433,2025-07-19 17:06:59.669001433,2025-07-19 17:06:59.644001433,2025-07-19 17:06:59,2025-07-19 17:06:00,5,373,3373,ring51,ring,2.0,60.0,20.0,98.0,S2_ring_D2_X60_Y20_Z98,S2_20250719-170002.694001433+0800.h5,369;370;371;372;373;374;375;376;377,9,500,0.1,0.0199210412547458,0.013808269413882,0.0216268813526053,3.968478846732842e-05,0.0003068689754354,947,17.066405567690545,0.1051309714628228,3.968478846732842e-05,11,False,False
RGM_0298812,2025-07-19 17:07:00.219001433,2025-07-19 17:07:00.319001433,2025-07-19 17:07:00.269001433,2025-07-19 17:07:00,2025-07-19 17:07:00,5,375,3375,ring51,ring,2.0,60.0,20.0,98.0,S2_ring_D2_X60_Y20_Z98,S2_20250719-170002.694001433+0800.h5,371;372;373;374;375;376;377;378;379,9,500,0.1,0.010891363659827,0.0093495170079027,0.0145888794204447,1.1862180237060204e-05,0.0001252786228577,948,17.07729693135037,0.1051428336430599,1.1862180237060204e-05,11,False,False
RGM_0298814,2025-07-19 17:07:00.244001433,2025-07-19 17:07:00.319001433,2025-07-19 17:07:00.294001433,2025-07-19 17:07:00,2025-07-19 17:07:00,5,373,3373,ring51,ring,2.0,60.0,20.0,98.0,S2_ring_D2_X60_Y20_Z98,S2_20250719-170002.694001433+0800.h5,369;370;371;372;373;374;375;376;377,9,375,0.075,0.0143231734983336,0.0103374802477017,0.0159205926479527,1.5386497429752595e-05,0.0001272995507173,949,17.091620104848705,0.1051582201404897,1.5386497429752595e-05,11,False,False
RGM_0298892,2025-07-19 17:07:02.044001433,2025-07-19 17:07:02.094001433,2025-07-19 17:07:02.069001433,2025-07-19 17:07:02,2025-07-19 17:07:00,5,381,3381,ring51andring52,line,2.0,80.0,40.0,98.0,S2_line_D2_X80_Y40_Z98,S2_20250719-170002.694001433+0800.h5,377;378;379;380;381;382;383;384;385,9,250,0.05,0.0107241651017717,0.0056600680951517,0.0117535716543244,5.7503858565029855e-06,4.335696060531938e-05,950,17.102344269950475,0.1051639705263462,5.7503858565029855e-06,18,False,False
RGM_0298895,2025-07-19 17:07:02.644001433,2025-07-19 17:07:02.844001433,2025-07-19 17:07:02.669001433,2025-07-19 17:07:02,2025-07-19 17:07:00,5,373,3373,ring51,ring,2.0,60.0,20.0,98.0,S2_ring_D2_X60_Y20_Z98,S2_20250719-170002.694001433+0800.h5,369;370;371;372;373;374;375;376;377,9,1000,0.2,0.0116529336794592,0.0086035395981436,0.012666568552102,2.7158172667575164e-05,0.0002184123731055,951,17.113997203629935,0.1051911286990137,2.7158172667575164e-05,11,False,False
RGM_0298919,2025-07-19 17:07:04.519001433,2025-07-19 17:07:04.569001433,2025-07-19 17:07:04.544001433,2025-07-19 17:07:04,2025-07-19 17:07:00,5,374,3374,ring51,ring,2.0,60.0,20.0,98.0,S2_ring_D2_X60_Y20_Z98,S2_20250719-170002.694001433+0800.h5,370;371;372;373;374;375;376;377;378,9,250,0.05,0.0151827131013992,0.0136501814132092,0.0189196192001101,1.1525738855970096e-05,0.0001195252805513,952,17.129179916731335,0.1052026544378697,1.1525738855970096e-05,11,False,False
RGM_0298920,2025-07-19 17:07:04.494001433,2025-07-19 17:07:04.594001433,2025-07-19 17:07:04.544001433,2025-07-19 17:07:04,2025-07-19 17:07:00,5,373,3373,ring51,ring,2.0,60.0,20.0,98.0,S2_ring_D2_X60_Y20_Z98,S2_20250719-170002.694001433+0800.h5,369;370;371;372;373;374;375;376;377,9,500,0.1,0.0132346323727271,0.0103364479980298,0.0144466972519361,1.751554940412384e-05,0.0001470768683334,953,17.14241454910406,0.1052201699872738,1.751554940412384e-05,11,False,False
RGM_0298922,2025-07-19 17:07:04.519001433,2025-07-19 17:07:04.619001433,2025-07-19 17:07:04.594001433,2025-07-19 17:07:04,2025-07-19 17:07:00,5,374,3374,ring51,ring,2.0,60.0,20.0,98.0,S2_ring_D2_X60_Y20_Z98,S2_20250719-170002.694001433+0800.h5,370;371;372;373;374;375;376;377;378,9,500,0.1,0.024121123936845,0.0181603057758665,0.0278518160721627,5.8182861997663935e-05,0.0005071123419258,954,17.166535673040904,0.1052783528492715,5.8182861997663935e-05,11,False,False
RGM_0298984,2025-07-19 17:07:06.994001433,2025-07-19 17:07:07.094001433,2025-07-19 17:07:07.044001433,2025-07-19 17:07:07,2025-07-19 17:07:00,5,377,3377,ring51,ring,2.0,60.0,20.0,98.0,S2_ring_D2_X60_Y20_Z98,S2_20250719-170002.694001433+0800.h5,373;374;375;376;377;378;379;380;381,9,500,0.1,0.0175482114952397,0.014177643643786,0.0284746152339915,3.079397266816661e-05,0.0003528667331854,955,17.184083884536143,0.1053091468219397,3.079397266816661e-05,11,False,False
RGM_0299182,2025-07-19 17:07:23.069001433,2025-07-19 17:07:23.119001433,2025-07-19 17:07:23.094001433,2025-07-19 17:07:23,2025-07-19 17:07:00,5,373,3373,ring51,ring,2.0,60.0,20.0,98.0,S2_ring_D2_X60_Y20_Z98,S2_20250719-170002.694001433+0800.h5,369;370;371;372;373;374;375;376;377,9,250,0.05,0.0191061982002194,0.0132215545498147,0.0207874770794511,1.825234048330345e-05,0.0001432096758343,956,17.203190082736363,0.105327399162423,1.825234048330345e-05,11,False,False
RGM_0299185,2025-07-19 17:07:23.094001433,2025-07-19 17:07:23.144001433,2025-07-19 17:07:23.119001433,2025-07-19 17:07:23,2025-07-19 17:07:00,5,380,3380,ring51andring52,line,2.0,80.0,20.0,98.0,S2_line_D2_X80_Y20_Z98,S2_20250719-170002.694001433+0800.h5,376;377;378;379;380;381;382;383;384,9,250,0.05,0.0131818520062246,0.0071320633595118,0.0139561379842719,8.688061115700415e-06,6.642311613346086e-05,957,17.216371934742586,0.1053360872235387,8.688061115700415e-06,17,False,False
RGM_0299186,2025-07-19 17:07:23.094001433,2025-07-19 17:07:23.194001433,2025-07-19 17:07:23.169001433,2025-07-19 17:07:23,2025-07-19 17:07:00,5,373,3373,ring51,ring,2.0,60.0,20.0,98.0,S2_ring_D2_X60_Y20_Z98,S2_20250719-170002.694001433+0800.h5,369;370;371;372;373;374;375;376;377,9,500,0.1,0.0182096795366269,0.0131116311764848,0.019387421091782,3.315924288266502e-05,0.0002583367033511,958,17.234581614279215,0.1053692464664213,3.315924288266502e-05,11,False,False
RGM_0299188,2025-07-19 17:07:23.194001433,2025-07-19 17:07:23.394001433,2025-07-19 17:07:23.269001433,2025-07-19 17:07:23,2025-07-19 17:07:00,5,373,3373,ring51,ring,2.0,60.0,20.0,98.0,S2_ring_D2_X60_Y20_Z98,S2_20250719-170002.694001433+0800.h5,369;370;371;372;373;374;375;376;377,9,1000,0.2,0.0105736770291966,0.0049551071536127,0.0146817911200225,2.2360529183551985e-05,0.0001997273789451,959,17.24515529130841,0.1053916069956049,2.2360529183551985e-05,11,False,False
RGM_0299193,2025-07-19 17:07:23.544001433,2025-07-19 17:07:23.644001433,2025-07-19 17:07:23.594001433,2025-07-19 17:07:23,2025-07-19 17:07:00,5,373,3373,ring51,ring,2.0,60.0,20.0,98.0,S2_ring_D2_X60_Y20_Z98,S2_20250719-170002.694001433+0800.h5,369;370;371;372;373;374;375;376;377,9,500,0.1,0.0137231157160327,0.0055757862586057,0.0194593424892694,1.8832390495562517e-05,0.0001688217977261,960,17.258878407024444,0.1054104393861005,1.8832390495562517e-05,11,False,False
RGM_0299195,2025-07-19 17:07:23.694001433,2025-07-19 17:07:23.744001433,2025-07-19 17:07:23.719001433,2025-07-19 17:07:23,2025-07-19 17:07:00,5,373,3373,ring51,ring,2.0,60.0,20.0,98.0,S2_ring_D2_X60_Y20_Z98,S2_20250719-170002.694001433+0800.h5,369;370;371;372;373;374;375;376;377,9,250,0.05,0.0247768114984947,0.0167017873403985,0.02772576202898,3.0694519401597146e-05,0.0002461693980974,961,17.283655218522938,0.1054411339055021,3.0694519401597146e-05,11,False,False
RGM_0299196,2025-07-19 17:07:23.694001433,2025-07-19 17:07:23.744001433,2025-07-19 17:07:23.719001433,2025-07-19 17:07:23,2025-07-19 17:07:00,5,375,3375,ring51,ring,2.0,60.0,20.0,98.0,S2_ring_D2_X60_Y20_Z98,S2_20250719-170002.694001433+0800.h5,371;372;373;374;375;376;377;378;379,9,250,0.05,0.0175010888146038,0.016117431120418,0.0274746068588044,1.531440548483259e-05,0.000197048499771,962,17.301156307337543,0.1054564483109869,1.531440548483259e-05,11,False,False
RGM_0299287,2025-07-19 17:07:27.344001433,2025-07-19 17:07:27.394001433,2025-07-19 17:07:27.369001433,2025-07-19 17:07:27,2025-07-19 17:07:00,5,373,3373,ring51,ring,2.0,60.0,20.0,98.0,S2_ring_D2_X60_Y20_Z98,S2_20250719-170002.694001433+0800.h5,369;370;371;372;373;374;375;376;377,9,250,0.05,0.0173251294660132,0.0116407177681662,0.0208739158507096,1.5008005550706016e-05,0.0001283206428452,963,17.318481436803555,0.1054714563165376,1.5008005550706016e-05,11,False,False
RGM_0299288,2025-07-19 17:07:27.344001433,2025-07-19 17:07:27.519001433,2025-07-19 17:07:27.369001433,2025-07-19 17:07:27,2025-07-19 17:07:00,5,374,3374,ring51,ring,2.0,60.0,20.0,98.0,S2_ring_D2_X60_Y20_Z98,S2_20250719-170002.694001433+0800.h5,370;371;372;373;374;375;376;377;378,9,875,0.175,0.0099721017926575,0.0081242941750575,0.0149437860157604,1.740249247854673e-05,0.0002048576595361,964,17.328453538596214,0.1054888588090161,1.740249247854673e-05,11,False,False
RGM_0299289,2025-07-19 17:07:27.394001433,2025-07-19 17:07:27.444001433,2025-07-19 17:07:27.419001433,2025-07-19 17:07:27,2025-07-19 17:07:00,5,373,3373,ring51,ring,2.0,60.0,20.0,98.0,S2_ring_D2_X60_Y20_Z98,S2_20250719-170002.694001433+0800.h5,369;370;371;372;373;374;375;376;377,9,250,0.05,0.0119485342550203,0.007975296666053,0.0133372642535783,7.138373542169775e-06,5.689133009959026e-05,965,17.340402072851234,0.1054959971825583,7.138373542169775e-06,11,False,False
RGM_0299301,2025-07-19 17:07:28.569001433,2025-07-19 17:07:28.619001433,2025-07-19 17:07:28.594001433,2025-07-19 17:07:28,2025-07-19 17:07:00,5,373,3373,ring51,ring,2.0,60.0,20.0,98.0,S2_ring_D2_X60_Y20_Z98,S2_20250719-170002.694001433+0800.h5,369;370;371;372;373;374;375;376;377,9,250,0.05,0.0151367955797407,0.0105345851789996,0.0180350525869372,1.1456129021142925e-05,9.920702761650132e-05,966,17.355538868430973,0.1055074533115795,1.1456129021142925e-05,11,False,False
RGM_0299302,2025-07-19 17:07:28.494001433,2025-07-19 17:07:28.694001433,2025-07-19 17:07:28.644001433,2025-07-19 17:07:28,2025-07-19 17:07:00,5,373,3373,ring51,ring,2.0,60.0,20.0,98.0,S2_ring_D2_X60_Y20_Z98,S2_20250719-170002.694001433+0800.h5,369;370;371;372;373;374;375;376;377,9,1000,0.2,0.0119660111935026,0.0073635808647561,0.0163836039898603,2.8637084776606183e-05,0.0002664342572411,967,17.367504879624477,0.1055360903963561,2.8637084776606183e-05,11,False,False
RGM_0299345,2025-07-19 17:07:30.994001433,2025-07-19 17:07:31.094001433,2025-07-19 17:07:31.044001433,2025-07-19 17:07:31,2025-07-19 17:07:00,5,373,3373,ring51,ring,2.0,60.0,20.0,98.0,S2_ring_D2_X60_Y20_Z98,S2_20250719-170002.694001433+0800.h5,369;370;371;372;373;374;375;376;377,9,500,0.1,0.0120201749695726,0.0080794653391606,0.0159268968436127,1.4448460629914043e-05,0.000134439930628,968,17.379525054594048,0.105550538856986,1.4448460629914043e-05,11,False,False
RGM_0299843,2025-07-19 17:09:12.619001433,2025-07-19 17:09:12.744001433,2025-07-19 17:09:12.669001433,2025-07-19 17:09:12,2025-07-19 17:09:00,5,373,3373,ring51,ring,2.0,60.0,20.0,98.0,S2_ring_D2_X60_Y20_Z98,S2_20250719-170002.694001433+0800.h5,369;370;371;372;373;374;375;376;377,9,625,0.125,0.0128301255213189,0.0085813523846969,0.0182364466512805,2.0576515111600036e-05,0.0002047939221382,969,17.392355180115366,0.1055711153720976,2.0576515111600036e-05,11,False,False
RGM_0299873,2025-07-19 17:09:14.469001433,2025-07-19 17:09:14.594001433,2025-07-19 17:09:14.569001433,2025-07-19 17:09:14,2025-07-19 17:09:00,5,373,3373,ring51,ring,2.0,60.0,20.0,98.0,S2_ring_D2_X60_Y20_Z98,S2_20250719-170002.694001433+0800.h5,369;370;371;372;373;374;375;376;377,9,625,0.125,0.0148433772902857,0.0106859916062066,0.0165818407892518,2.7540731172721165e-05,0.0002275903855213,970,17.407198557405653,0.1055986561032703,2.7540731172721165e-05,11,False,False
RGM_0299877,2025-07-19 17:09:15.069001433,2025-07-19 17:09:15.119001433,2025-07-19 17:09:15.094001433,2025-07-19 17:09:15,2025-07-19 17:09:00,5,373,3373,ring51,ring,2.0,60.0,20.0,98.0,S2_ring_D2_X60_Y20_Z98,S2_20250719-170002.694001433+0800.h5,369;370;371;372;373;374;375;376;377,9,250,0.05,0.0152861101773969,0.0107908385072078,0.0168331345952724,1.1683258217775864e-05,9.384935324279976e-05,971,17.42248466758305,0.1056103393614881,1.1683258217775864e-05,11,False,False
RGM_0299935,2025-07-19 17:09:29.869001433,2025-07-19 17:09:29.919001433,2025-07-19 17:09:29.894001433,2025-07-19 17:09:29,2025-07-19 17:09:00,5,373,3373,ring51,ring,2.0,60.0,20.0,98.0,S2_ring_D2_X60_Y20_Z98,S2_20250719-170002.694001433+0800.h5,369;370;371;372;373;374;375;376;377,9,250,0.05,0.0143828987760359,0.0110270487787238,0.0152238211950615,1.0343388860084794e-05,8.238027674330794e-05,972,17.436867566359084,0.1056206827503482,1.0343388860084794e-05,11,False,False
RGM_0299964,2025-07-19 17:09:40.769001433,2025-07-19 17:09:40.844001433,2025-07-19 17:09:40.794001433,2025-07-19 17:09:40,2025-07-19 17:09:00,5,373,3373,ring51,ring,2.0,60.0,20.0,98.0,S2_ring_D2_X60_Y20_Z98,S2_20250719-170002.694001433+0800.h5,369;370;371;372;373;374;375;376;377,9,375,0.075,0.0116175587819863,0.0086418438573643,0.0158645061315838,1.012257540396812e-05,9.938161431193464e-05,973,17.44848512514107,0.1056308053257521,1.012257540396812e-05,11,False,False
RGM_0300231,2025-07-19 17:11:05.593983049,2025-07-19 17:11:05.643983049,2025-07-19 17:11:05.618983049,2025-07-19 17:11:05,2025-07-19 17:11:00,5,373,3373,ring51,ring,2.0,60.0,20.0,98.0,S2_ring_D2_X60_Y20_Z98,S2_20250719-171002.693983049+0800.h5,369;370;371;372;373;374;375;376;377,9,250,0.05,0.0163970700394781,0.010653646115192,0.0178873111213614,1.3443195293977636e-05,0.0001064135346205,974,17.464882195180547,0.1056442485210461,1.3443195293977636e-05,11,False,False
RGM_0300375,2025-07-19 17:11:44.893983049,2025-07-19 17:11:45.568983049,2025-07-19 17:11:44.993983049,2025-07-19 17:11:44,2025-07-19 17:11:00,5,373,3373,ring51,ring,2.0,60.0,20.0,98.0,S2_ring_D2_X60_Y20_Z98,S2_20250719-171002.693983049+0800.h5,369;370;371;372;373;374;375;376;377,9,3375,0.675,0.0102814499069667,0.0068695518065505,0.0156340678083897,7.135304322788954e-05,0.000756567441846,975,17.475163645087513,0.105715601564274,7.135304322788954e-05,11,False,False
RGM_0300393,2025-07-19 17:11:46.718983049,2025-07-19 17:11:46.768983049,2025-07-19 17:11:46.743983049,2025-07-19 17:11:46,2025-07-19 17:11:00,5,375,3375,ring51,ring,2.0,60.0,20.0,98.0,S2_ring_D2_X60_Y20_Z98,S2_20250719-171002.693983049+0800.h5,371;372;373;374;375;376;377;378;379,9,250,0.05,0.012821510438939,0.0087017012776947,0.022889128348511,8.219556496791205e-06,0.000104009449374,976,17.487985155526452,0.1057238211207708,8.219556496791205e-06,11,False,False
RGM_0300396,2025-07-19 17:11:46.718983049,2025-07-19 17:11:46.768983049,2025-07-19 17:11:46.743983049,2025-07-19 17:11:46,2025-07-19 17:11:00,5,373,3373,ring51,ring,2.0,60.0,20.0,98.0,S2_ring_D2_X60_Y20_Z98,S2_20250719-171002.693983049+0800.h5,369;370;371;372;373;374;375;376;377,9,250,0.05,0.018556205608123,0.0095348039464098,0.0255240345829223,1.7216638328546883e-05,0.0001586126248764,977,17.506541361134577,0.1057410377590993,1.7216638328546883e-05,11,False,False
RGM_0300398,2025-07-19 17:11:46.818983049,2025-07-19 17:11:46.868983049,2025-07-19 17:11:46.843983049,2025-07-19 17:11:46,2025-07-19 17:11:00,5,373,3373,ring51,ring,2.0,60.0,20.0,98.0,S2_ring_D2_X60_Y20_Z98,S2_20250719-171002.693983049+0800.h5,369;370;371;372;373;374;375;376;377,9,250,0.05,0.0153646950591977,0.0072575430724082,0.0210026341404036,1.1803692713106843e-05,0.0001063320597581,978,17.521906056193775,0.1057528414518124,1.1803692713106843e-05,11,False,False
RGM_0300399,2025-07-19 17:11:46.818983049,2025-07-19 17:11:46.868983049,2025-07-19 17:11:46.843983049,2025-07-19 17:11:46,2025-07-19 17:11:00,5,374,3374,ring51,ring,2.0,60.0,20.0,98.0,S2_ring_D2_X60_Y20_Z98,S2_20250719-171002.693983049+0800.h5,370;371;372;373;374;375;376;377;378,9,250,0.05,0.0129651698197844,0.0070665205528603,0.0200880540408574,8.40478142279249e-06,8.677331335257386e-05,979,17.53487122601356,0.1057612462332352,8.40478142279249e-06,11,False,False
RGM_0300435,2025-07-19 17:11:49.218983049,2025-07-19 17:11:49.268983049,2025-07-19 17:11:49.243983049,2025-07-19 17:11:49,2025-07-19 17:11:00,5,373,3373,ring51,ring,2.0,60.0,20.0,98.0,S2_ring_D2_X60_Y20_Z98,S2_20250719-171002.693983049+0800.h5,369;370;371;372;373;374;375;376;377,9,250,0.05,0.0187619606106843,0.0107221215026755,0.0240853423817996,1.7600558297843602e-05,0.0001573810872188,980,17.553633186624246,0.1057788467915331,1.7600558297843602e-05,11,False,False
RGM_0300440,2025-07-19 17:11:49.243983049,2025-07-19 17:11:49.343983049,2025-07-19 17:11:49.293983049,2025-07-19 17:11:49,2025-07-19 17:11:00,5,374,3374,ring51,ring,2.0,60.0,20.0,98.0,S2_ring_D2_X60_Y20_Z98,S2_20250719-171002.693983049+0800.h5,370;371;372;373;374;375;376;377;378,9,500,0.1,0.0129935426494611,0.006739872302349,0.0242009971435936,1.6883215058336462e-05,0.0002108449003051,981,17.566626729273707,0.1057957300065914,1.6883215058336462e-05,11,False,False
RGM_0300442,2025-07-19 17:11:49.293983049,2025-07-19 17:11:49.368983049,2025-07-19 17:11:49.318983049,2025-07-19 17:11:49,2025-07-19 17:11:00,5,372,3372,ring51,ring,2.0,60.0,20.0,98.0,S2_ring_D2_X60_Y20_Z98,S2_20250719-171002.693983049+0800.h5,368;369;370;371;372;373;374;375;376,9,375,0.075,0.0181578599817159,0.0094148688274297,0.0258996198367742,2.472809093367009e-05,0.0002397334091544,982,17.584784589255424,0.1058204580975251,2.472809093367009e-05,11,False,False
RGM_0300443,2025-07-19 17:11:49.293983049,2025-07-19 17:11:49.343983049,2025-07-19 17:11:49.318983049,2025-07-19 17:11:49,2025-07-19 17:11:00,5,375,3375,ring51,ring,2.0,60.0,20.0,98.0,S2_ring_D2_X60_Y20_Z98,S2_20250719-171002.693983049+0800.h5,371;372;373;374;375;376;377;378;379,9,250,0.05,0.0124797888143732,0.0071366589284185,0.0235769298459107,7.787256442567812e-06,9.865488281981406e-05,983,17.5972643780698,0.1058282453539676,7.787256442567812e-06,11,False,False
RGM_0300733,2025-07-19 17:12:04.618983049,2025-07-19 17:12:04.668983049,2025-07-19 17:12:04.643983049,2025-07-19 17:12:04,2025-07-19 17:12:00,5,374,3374,ring51,ring,2.0,60.0,20.0,98.0,S2_ring_D2_X60_Y20_Z98,S2_20250719-171002.693983049+0800.h5,370;371;372;373;374;375;376;377;378,9,250,0.05,0.0161215878072747,0.0118334140116561,0.0182473927706513,1.2995279671383449e-05,0.0001101749420413,984,17.61338596587707,0.105841240633639,1.2995279671383449e-05,11,False,False
RGM_0300735,2025-07-19 17:12:04.618983049,2025-07-19 17:12:04.668983049,2025-07-19 17:12:04.643983049,2025-07-19 17:12:04,2025-07-19 17:12:00,5,373,3373,ring51,ring,2.0,60.0,20.0,98.0,S2_ring_D2_X60_Y20_Z98,S2_20250719-171002.693983049+0800.h5,369;370;371;372;373;374;375;376;377,9,250,0.05,0.0173341499477282,0.0122533433121199,0.0182473927706513,1.502363772051638e-05,0.0001181970954033,985,17.6307201158248,0.1058562642713595,1.502363772051638e-05,11,False,False
RGM_0300800,2025-07-19 17:12:08.318983049,2025-07-19 17:12:08.368983049,2025-07-19 17:12:08.343983049,2025-07-19 17:12:08,2025-07-19 17:12:00,5,374,3374,ring51,ring,2.0,60.0,20.0,98.0,S2_ring_D2_X60_Y20_Z98,S2_20250719-171002.693983049+0800.h5,370;371;372;373;374;375;376;377;378,9,250,0.05,0.0171623028476598,0.0124110707500094,0.0189324906440843,1.4727231951739725e-05,0.0001233271471632,986,17.64788241867246,0.1058709915033113,1.4727231951739725e-05,11,False,False
RGM_0300801,2025-07-19 17:12:08.318983049,2025-07-19 17:12:08.393983049,2025-07-19 17:12:08.343983049,2025-07-19 17:12:08,2025-07-19 17:12:00,5,373,3373,ring51,ring,2.0,60.0,20.0,98.0,S2_ring_D2_X60_Y20_Z98,S2_20250719-171002.693983049+0800.h5,369;370;371;372;373;374;375;376;377,9,375,0.075,0.0155834349291356,0.0115070185729548,0.0161147177968306,1.821325831429544e-05,0.0001446140357224,987,17.663465853601593,0.1058892047616256,1.821325831429544e-05,11,False,False
RGM_0300802,2025-07-19 17:12:08.343983049,2025-07-19 17:12:08.393983049,2025-07-19 17:12:08.368983049,2025-07-19 17:12:08,2025-07-19 17:12:00,5,375,3375,ring51,ring,2.0,60.0,20.0,98.0,S2_ring_D2_X60_Y20_Z98,S2_20250719-171002.693983049+0800.h5,371;372;373;374;375;376;377;378;379,9,250,0.05,0.0146711128034585,0.0113049372646397,0.0177355258890483,1.076207754459026e-05,0.00010195630915,988,17.678136966405052,0.1058999668391702,1.076207754459026e-05,11,False,False
RGM_0300805,2025-07-19 17:12:08.343983049,2025-07-19 17:12:08.443983049,2025-07-19 17:12:08.418983049,2025-07-19 17:12:08,2025-07-19 17:12:00,5,374,3374,ring51,ring,2.0,60.0,20.0,98.0,S2_ring_D2_X60_Y20_Z98,S2_20250719-171002.693983049+0800.h5,370;371;372;373;374;375;376;377;378,9,500,0.1,0.0155469526992238,0.0103782011797059,0.0171088535752425,2.4170773823190357e-05,0.0001961984249329,989,17.693683919104277,0.1059241376129934,2.4170773823190357e-05,11,False,False
RGM_0300811,2025-07-19 17:12:08.918983049,2025-07-19 17:12:08.968983049,2025-07-19 17:12:08.943983049,2025-07-19 17:12:08,2025-07-19 17:12:00,5,374,3374,ring51,ring,2.0,60.0,20.0,98.0,S2_ring_D2_X60_Y20_Z98,S2_20250719-171002.693983049+0800.h5,370;371;372;373;374;375;376;377;378,9,250,0.05,0.0166902823783414,0.0117558135812968,0.019571376951455,1.3928276293438748e-05,0.0001219205088558,990,17.71037420148262,0.1059380658892868,1.3928276293438748e-05,11,False,False
RGM_0300813,2025-07-19 17:12:08.918983049,2025-07-19 17:12:09.043983049,2025-07-19 17:12:08.943983049,2025-07-19 17:12:08,2025-07-19 17:12:00,5,375,3375,ring51,ring,2.0,60.0,20.0,98.0,S2_ring_D2_X60_Y20_Z98,S2_20250719-171002.693983049+0800.h5,371;372;373;374;375;376;377;378;379,9,625,0.125,0.0129614208945818,0.0095882681343869,0.0182918404904726,2.0999803950812915e-05,0.0002212629022212,991,17.7233356223772,0.1059590656932376,2.0999803950812915e-05,11,False,False
RGM_0300814,2025-07-19 17:12:08.993983049,2025-07-19 17:12:09.143983049,2025-07-19 17:12:09.018983049,2025-07-19 17:12:09,2025-07-19 17:12:00,5,375,3375,ring51,ring,2.0,60.0,20.0,98.0,S2_ring_D2_X60_Y20_Z98,S2_20250719-171002.693983049+0800.h5,371;372;373;374;375;376;377;378;379,9,750,0.15,0.0099690541587889,0.006415278699541,0.0155585524018074,1.4907306123130036e-05,0.0001624784559972,992,17.733304676535987,0.1059739729993608,1.4907306123130036e-05,11,False,False
RGM_0300815,2025-07-19 17:12:08.993983049,2025-07-19 17:12:09.043983049,2025-07-19 17:12:09.018983049,2025-07-19 17:12:09,2025-07-19 17:12:00,5,373,3373,ring51,ring,2.0,60.0,20.0,98.0,S2_ring_D2_X60_Y20_Z98,S2_20250719-171002.693983049+0800.h5,369;370;371;372;373;374;375;376;377,9,250,0.05,0.0173668462292978,0.0096952054948063,0.0197424627776548,1.5080367397603898e-05,0.0001213780668363,993,17.750671522765284,0.1059890533667584,1.5080367397603898e-05,11,False,False
RGM_0300912,2025-07-19 17:12:12.668983049,2025-07-19 17:12:12.768983049,2025-07-19 17:12:12.693983049,2025-07-19 17:12:12,2025-07-19 17:12:00,5,374,3374,ring51,ring,2.0,60.0,20.0,98.0,S2_ring_D2_X60_Y20_Z98,S2_20250719-171002.693983049+0800.h5,370;371;372;373;374;375;376;377;378,9,500,0.1,0.0173228564785783,0.0105474438102236,0.020253014135018,3.0008135657742392e-05,0.0002506215775357,994,17.767994379243863,0.1060190615024161,3.0008135657742392e-05,11,False,False
RGM_0300913,2025-07-19 17:12:12.718983049,2025-07-19 17:12:12.768983049,2025-07-19 17:12:12.743983049,2025-07-19 17:12:12,2025-07-19 17:12:00,5,376,3376,ring51,ring,2.0,60.0,20.0,98.0,S2_ring_D2_X60_Y20_Z98,S2_20250719-171002.693983049+0800.h5,372;373;374;375;376;377;378;379;380,9,250,0.05,0.0123383184327223,0.0088289067739491,0.0203225002223622,7.611705087362836e-06,9.311613729494722e-05,995,17.780332697676585,0.1060266732075035,7.611705087362836e-06,11,False,False
RGM_0300914,2025-07-19 17:12:12.668983049,2025-07-19 17:12:12.768983049,2025-07-19 17:12:12.743983049,2025-07-19 17:12:12,2025-07-19 17:12:00,5,374,3374,ring51,ring,2.0,60.0,20.0,98.0,S2_ring_D2_X60_Y20_Z98,S2_20250719-171002.693983049+0800.h5,370;371;372;373;374;375;376;377;378,9,500,0.1,0.0173228564785783,0.0105474438102236,0.020253014135018,3.0008135657742392e-05,0.0002506215775357,996,17.797655554155163,0.1060566813431612,3.0008135657742392e-05,11,False,False
RGM_0300915,2025-07-19 17:12:12.718983049,2025-07-19 17:12:12.768983049,2025-07-19 17:12:12.743983049,2025-07-19 17:12:12,2025-07-19 17:12:00,5,373,3373,ring51,ring,2.0,60.0,20.0,98.0,S2_ring_D2_X60_Y20_Z98,S2_20250719-171002.693983049+0800.h5,369;370;371;372;373;374;375;376;377,9,250,0.05,0.0194554708005195,0.0109885256112466,0.0205069742413495,1.8925767203493364e-05,0.0001403011267545,997,17.817111024955683,0.1060756071103647,1.8925767203493364e-05,11,False,False
RGM_0300916,2025-07-19 17:12:12.743983049,2025-07-19 17:12:12.793983049,2025-07-19 17:12:12.768983049,2025-07-19 17:12:12,2025-07-19 17:12:00,5,375,3375,ring51,ring,2.0,60.0,20.0,98.0,S2_ring_D2_X60_Y20_Z98,S2_20250719-171002.693983049+0800.h5,371;372;373;374;375;376;377;378;379,9,250,0.05,0.0141949381467617,0.0090913921993003,0.0193971214890672,1.0074813449519612e-05,0.0001004817551132,998,17.831305963102444,0.1060856819238142,1.0074813449519612e-05,11,False,False
RGM_0300988,2025-07-19 17:12:14.493983049,2025-07-19 17:12:14.568983049,2025-07-19 17:12:14.518983049,2025-07-19 17:12:14,2025-07-19 17:12:00,5,375,3375,ring51,ring,2.0,60.0,20.0,98.0,S2_ring_D2_X60_Y20_Z98,S2_20250719-171002.693983049+0800.h5,371;372;373;374;375;376;377;378;379,9,375,0.075,0.0133864482237443,0.009774550925263,0.0183199672337342,1.3439774703524207e-05,0.0001364965766413,999,17.84469241132619,0.1060991216985178,1.3439774703524207e-05,11,False,False
RGM_0300990,2025-07-19 17:12:14.518983049,2025-07-19 17:12:14.568983049,2025-07-19 17:12:14.543983049,2025-07-19 17:12:14,2025-07-19 17:12:00,5,374,3374,ring51,ring,2.0,60.0,20.0,98.0,S2_ring_D2_X60_Y20_Z98,S2_20250719-171002.693983049+0800.h5,370;371;372;373;374;375;376;377;378,9,250,0.05,0.0168150456990668,0.0122461267544097,0.0197283972143775,1.4137288093085404e-05,0.0001247680812488,1000,17.861507457025255,0.1061132589866108,1.4137288093085404e-05,11,False,False
RGM_0300991,2025-07-19 17:12:14.568983049,2025-07-19 17:12:14.693983049,2025-07-19 17:12:14.593983049,2025-07-19 17:12:14,2025-07-19 17:12:00,5,374,3374,ring51,ring,2.0,60.0,20.0,98.0,S2_ring_D2_X60_Y20_Z98,S2_20250719-171002.693983049+0800.h5,370;371;372;373;374;375;376;377;378,9,625,0.125,0.009832105061204,0.0060047877770955,0.0130153191329508,1.208378624181931e-05,0.000112288372491,1001,17.871339562086458,0.1061253427728527,1.208378624181931e-05,11,False,False
RGM_0300996,2025-07-19 17:12:15.093983049,2025-07-19 17:12:15.268983049,2025-07-19 17:12:15.143983049,2025-07-19 17:12:15,2025-07-19 17:12:00,5,374,3374,ring51,ring,2.0,60.0,20.0,98.0,S2_ring_D2_X60_Y20_Z98,S2_20250719-171002.693983049+0800.h5,370;371;372;373;374;375;376;377;378,9,875,0.175,0.0154031383224197,0.00886614216727,0.0207703617761091,4.151991728142904e-05,0.0003897675827264,1002,17.886742700408877,0.1061668626901341,4.151991728142904e-05,11,False,False
RGM_0300997,2025-07-19 17:12:15.193983049,2025-07-19 17:12:15.243983049,2025-07-19 17:12:15.218983049,2025-07-19 17:12:15,2025-07-19 17:12:00,5,373,3373,ring51,ring,2.0,60.0,20.0,98.0,S2_ring_D2_X60_Y20_Z98,S2_20250719-171002.693983049+0800.h5,369;370;371;372;373;374;375;376;377,9,250,0.05,0.0217243768242559,0.0105235583859226,0.0267588273080843,2.359742742011343e-05,0.0001977732136457,1003,17.908467077233134,0.1061904601175542,2.359742742011343e-05,11,False,False
RGM_0301000,2025-07-19 17:12:15.343983049,2025-07-19 17:12:15.393983049,2025-07-19 17:12:15.368983049,2025-07-19 17:12:15,2025-07-19 17:12:00,5,373,3373,ring51,ring,2.0,60.0,20.0,98.0,S2_ring_D2_X60_Y20_Z98,S2_20250719-171002.693983049+0800.h5,369;370;371;372;373;374;375;376;377,9,250,0.05,0.0152645931207219,0.0068951677368735,0.0231732735570607,1.1650390157059552e-05,0.0001169014308085,1004,17.923731670353856,0.1062021105077113,1.1650390157059552e-05,11,False,False
RGM_0301191,2025-07-19 17:12:21.943983049,2025-07-19 17:12:21.993983049,2025-07-19 17:12:21.968983049,2025-07-19 17:12:21,2025-07-19 17:12:00,5,374,3374,ring51,ring,2.0,60.0,20.0,98.0,S2_ring_D2_X60_Y20_Z98,S2_20250719-171002.693983049+0800.h5,370;371;372;373;374;375;376;377;378,9,250,0.05,0.0216010464848172,0.0157984581133302,0.0241629109520668,2.333026046196189e-05,0.000198913141148,1005,17.945332716838674,0.1062254407681732,2.333026046196189e-05,11,False,False
RGM_0301193,2025-07-19 17:12:21.943983049,2025-07-19 17:12:22.043983049,2025-07-19 17:12:21.993983049,2025-07-19 17:12:21,2025-07-19 17:12:00,5,377,3377,ring51,ring,2.0,60.0,20.0,98.0,S2_ring_D2_X60_Y20_Z98,S2_20250719-171002.693983049+0800.h5,373;374;375;376;377;378;379;380;381,9,500,0.1,0.0159613548038397,0.0097629144931965,0.0235379359057711,2.547648471740568e-05,0.0002527897930212,1006,17.961294071642513,0.1062509172528906,2.547648471740568e-05,11,False,False
RGM_0301195,2025-07-19 17:12:21.943983049,2025-07-19 17:12:22.068983049,2025-07-19 17:12:22.043983049,2025-07-19 17:12:22,2025-07-19 17:12:00,5,374,3374,ring51,ring,2.0,60.0,20.0,98.0,S2_ring_D2_X60_Y20_Z98,S2_20250719-171002.693983049+0800.h5,370;371;372;373;374;375;376;377;378,9,625,0.125,0.0201403613079519,0.0136068652654472,0.02275839823721,5.070426920185618e-05,0.0004244565925937,1007,17.981434432950465,0.1063016215220925,5.070426920185618e-05,11,False,False
RGM_0301200,2025-07-19 17:12:21.943983049,2025-07-19 17:12:22.443983049,2025-07-19 17:12:22.193983049,2025-07-19 17:12:22,2025-07-19 17:12:00,5,373,3373,ring51,ring,2.0,60.0,20.0,98.0,S2_ring_D2_X60_Y20_Z98,S2_20250719-171002.693983049+0800.h5,369;370;371;372;373;374;375;376;377,9,2500,0.5,0.0150420647949079,0.0098977342668325,0.0174977042114139,0.0001131318566471,0.0009649387202314,1008,17.996476497745373,0.1064147533787396,0.0001131318566471,11,False,False
RGM_0301201,2025-07-19 17:12:22.168983049,2025-07-19 17:12:22.243983049,2025-07-19 17:12:22.193983049,2025-07-19 17:12:22,2025-07-19 17:12:00,5,374,3374,ring51,ring,2.0,60.0,20.0,98.0,S2_ring_D2_X60_Y20_Z98,S2_20250719-171002.693983049+0800.h5,370;371;372;373;374;375;376;377;378,9,375,0.075,0.0128338531763595,0.0076470219560161,0.0205651720449163,1.2353084051426464e-05,0.0001406748307366,1009,18.009310350921734,0.106427106462791,1.2353084051426464e-05,11,False,False
RGM_0301291,2025-07-19 17:12:24.368983049,2025-07-19 17:12:24.518983049,2025-07-19 17:12:24.468983049,2025-07-19 17:12:24,2025-07-19 17:12:00,5,373,3373,ring51,ring,2.0,60.0,20.0,98.0,S2_ring_D2_X60_Y20_Z98,S2_20250719-171002.693983049+0800.h5,369;370;371;372;373;374;375;376;377,9,750,0.15,0.0134513234017812,0.0098574473956858,0.0168355067343319,2.714071518889633e-05,0.0002482571822753,1010,18.022761674323515,0.1064542471779799,2.714071518889633e-05,11,False,False
RGM_0301294,2025-07-19 17:12:24.493983049,2025-07-19 17:12:24.543983049,2025-07-19 17:12:24.518983049,2025-07-19 17:12:24,2025-07-19 17:12:00,5,374,3374,ring51,ring,2.0,60.0,20.0,98.0,S2_ring_D2_X60_Y20_Z98,S2_20250719-171002.693983049+0800.h5,370;371;372;373;374;375;376;377;378,9,250,0.05,0.0129309681046599,0.0078346833689058,0.0153997394776687,8.36049680618668e-06,7.080338635974425e-05,1011,18.03569264242817,0.1064626076747861,8.36049680618668e-06,11,False,False
RGM_0301373,2025-07-19 17:12:26.218983049,2025-07-19 17:12:26.318983049,2025-07-19 17:12:26.293983049,2025-07-19 17:12:26,2025-07-19 17:12:00,5,373,3373,ring51,ring,2.0,60.0,20.0,98.0,S2_ring_D2_X60_Y20_Z98,S2_20250719-171002.693983049+0800.h5,369;370;371;372;373;374;375;376;377,9,500,0.1,0.0138814870240204,0.0074694440788785,0.0186922074549297,1.9269568199804947e-05,0.0001793051414006,1012,18.049574129452196,0.1064818772429859,1.9269568199804947e-05,11,False,False
RGM_0301374,2025-07-19 17:12:26.268983049,2025-07-19 17:12:26.443983049,2025-07-19 17:12:26.368983049,2025-07-19 17:12:26,2025-07-19 17:12:00,5,375,3375,ring51,ring,2.0,60.0,20.0,98.0,S2_ring_D2_X60_Y20_Z98,S2_20250719-171002.693983049+0800.h5,371;372;373;374;375;376;377;378;379,9,875,0.175,0.0138796007153182,0.0084316299968376,0.019176068592762,3.371258030291613e-05,0.0003312495428085,1013,18.06345373016751,0.1065155898232888,3.371258030291613e-05,11,False,False
RGM_0301376,2025-07-19 17:12:26.418983049,2025-07-19 17:12:26.468983049,2025-07-19 17:12:26.443983049,2025-07-19 17:12:26,2025-07-19 17:12:00,5,373,3373,ring51,ring,2.0,60.0,20.0,98.0,S2_ring_D2_X60_Y20_Z98,S2_20250719-171002.693983049+0800.h5,369;370;371;372;373;374;375;376;377,9,250,0.05,0.0234185045347168,0.0125465554098032,0.026195331637582,2.7421317732127654e-05,0.0002149471219188,1014,18.086872234702227,0.106543011141021,2.7421317732127654e-05,11,False,False
RGM_0301620,2025-07-19 17:12:33.443983049,2025-07-19 17:12:33.493983049,2025-07-19 17:12:33.468983049,2025-07-19 17:12:33,2025-07-19 17:12:00,5,375,3375,ring51,ring,2.0,60.0,20.0,98.0,S2_ring_D2_X60_Y20_Z98,S2_20250719-171002.693983049+0800.h5,371;372;373;374;375;376;377;378;379,9,250,0.05,0.0097086135993945,0.0046303555704966,0.0214446377448331,4.712858901117419e-06,7.151568633044783e-05,1015,18.09658084830162,0.1065477239999221,4.712858901117419e-06,11,False,False
RGM_0301674,2025-07-19 17:12:35.618983049,2025-07-19 17:12:35.668983049,2025-07-19 17:12:35.643983049,2025-07-19 17:12:35,2025-07-19 17:12:00,5,373,3373,ring51,ring,2.0,60.0,20.0,98.0,S2_ring_D2_X60_Y20_Z98,S2_20250719-171002.693983049+0800.h5,369;370;371;372;373;374;375;376;377,9,250,0.05,0.0143835130732956,0.0065635727478874,0.0234160690082073,1.034427241648333e-05,0.0001152451278782,1016,18.110964361374915,0.1065580682723386,1.034427241648333e-05,11,False,False
RGM_0301677,2025-07-19 17:12:35.718983049,2025-07-19 17:12:35.793983049,2025-07-19 17:12:35.743983049,2025-07-19 17:12:35,2025-07-19 17:12:00,5,373,3373,ring51,ring,2.0,60.0,20.0,98.0,S2_ring_D2_X60_Y20_Z98,S2_20250719-171002.693983049+0800.h5,369;370;371;372;373;374;375;376;377,9,375,0.075,0.0182003385911106,0.0104327637069786,0.022901020946439,2.4843924362330385e-05,0.0002209770780207,1017,18.129164699966022,0.1065829121967009,2.4843924362330385e-05,11,False,False
RGM_0301680,2025-07-19 17:12:35.793983049,2025-07-19 17:12:35.843983049,2025-07-19 17:12:35.818983049,2025-07-19 17:12:35,2025-07-19 17:12:00,5,374,3374,ring51,ring,2.0,60.0,20.0,98.0,S2_ring_D2_X60_Y20_Z98,S2_20250719-171002.693983049+0800.h5,370;371;372;373;374;375;376;377;378,9,250,0.05,0.0172096819436451,0.0087656887457346,0.0236827019104704,1.480865763007128e-05,0.0001378029924872,1018,18.14637438190967,0.106597720854331,1.480865763007128e-05,11,False,False
RGM_0301682,2025-07-19 17:12:35.793983049,2025-07-19 17:12:35.843983049,2025-07-19 17:12:35.818983049,2025-07-19 17:12:35,2025-07-19 17:12:00,5,375,3375,ring51,ring,2.0,60.0,20.0,98.0,S2_ring_D2_X60_Y20_Z98,S2_20250719-171002.693983049+0800.h5,371;372;373;374;375;376;377;378;379,9,250,0.05,0.0146302200696353,0.007926213150409,0.0228991814467423,1.0702166964298026e-05,0.0001129007167435,1019,18.161004601979304,0.1066084230212953,1.0702166964298026e-05,11,False,False
RGM_0301683,2025-07-19 17:12:35.793983049,2025-07-19 17:12:35.843983049,2025-07-19 17:12:35.818983049,2025-07-19 17:12:35,2025-07-19 17:12:00,5,373,3373,ring51,ring,2.0,60.0,20.0,98.0,S2_ring_D2_X60_Y20_Z98,S2_20250719-171002.693983049+0800.h5,369;370;371;372;373;374;375;376;377,9,250,0.05,0.0194740609359758,0.0100348667441662,0.0238084388989667,1.896195246690501e-05,0.0001623032156682,1020,18.18047866291528,0.1066273849737622,1.896195246690501e-05,11,False,False
RGM_0301686,2025-07-19 17:12:35.868983049,2025-07-19 17:12:35.918983049,2025-07-19 17:12:35.893983049,2025-07-19 17:12:35,2025-07-19 17:12:00,5,375,3375,ring51,ring,2.0,60.0,20.0,98.0,S2_ring_D2_X60_Y20_Z98,S2_20250719-171002.693983049+0800.h5,371;372;373;374;375;376;377;378;379,9,250,0.05,0.0092341386815162,0.0046102406118613,0.0111248461075834,4.263465859473743e-06,3.355275604570657e-05,1021,18.1897128015968,0.1066316484396217,4.263465859473743e-06,11,False,False
RGM_0301687,2025-07-19 17:12:35.843983049,2025-07-19 17:12:35.943983049,2025-07-19 17:12:35.918983049,2025-07-19 17:12:35,2025-07-19 17:12:00,5,374,3374,ring51,ring,2.0,60.0,20.0,98.0,S2_ring_D2_X60_Y20_Z98,S2_20250719-171002.693983049+0800.h5,370;371;372;373;374;375;376;377;378,9,500,0.1,0.0109475013976483,0.0060204476236634,0.0190973827188424,1.1984778685151152e-05,0.0001455504822726,1022,18.200660302994446,0.1066436332183068,1.1984778685151152e-05,11,False,False
RGM_0301689,2025-07-19 17:12:35.918983049,2025-07-19 17:12:35.968983049,2025-07-19 17:12:35.943983049,2025-07-19 17:12:35,2025-07-19 17:12:00,5,373,3373,ring51,ring,2.0,60.0,20.0,98.0,S2_ring_D2_X60_Y20_Z98,S2_20250719-171002.693983049+0800.h5,369;370;371;372;373;374;375;376;377,9,250,0.05,0.0147002872263996,0.0070665744907746,0.0235928608017179,1.0804922226932392e-05,0.0001187675725297,1023,18.215360590220847,0.1066544381405338,1.0804922226932392e-05,11,False,False
RGM_0301690,2025-07-19 17:12:35.918983049,2025-07-19 17:12:35.968983049,2025-07-19 17:12:35.943983049,2025-07-19 17:12:35,2025-07-19 17:12:00,5,372,3372,ring51,ring,2.0,60.0,20.0,98.0,S2_ring_D2_X60_Y20_Z98,S2_20250719-171002.693983049+0800.h5,368;369;370;371;372;373;374;375;376,9,250,0.05,0.0177930902716186,0.0086209184472422,0.0243260812086278,1.5829703070698557e-05,0.0001458586601264,1024,18.233153680492464,0.1066702678436045,1.5829703070698557e-05,11,False,False
RGM_0301778,2025-07-19 17:12:39.318983049,2025-07-19 17:12:39.368983049,2025-07-19 17:12:39.343983049,2025-07-19 17:12:39,2025-07-19 17:12:00,5,375,3375,ring51,ring,2.0,60.0,20.0,98.0,S2_ring_D2_X60_Y20_Z98,S2_20250719-171002.693983049+0800.h5,371;372;373;374;375;376;377;378;379,9,250,0.05,0.0095133243763606,0.0049343603199253,0.0140930503798796,4.525167034492911e-06,4.297576724794232e-05,1025,18.242667004868824,0.106674793010639,4.525167034492911e-06,11,False,False
RGM_0301780,2025-07-19 17:12:39.418983049,2025-07-19 17:12:39.468983049,2025-07-19 17:12:39.443983049,2025-07-19 17:12:39,2025-07-19 17:12:00,5,375,3375,ring51,ring,2.0,60.0,20.0,98.0,S2_ring_D2_X60_Y20_Z98,S2_20250719-171002.693983049+0800.h5,371;372;373;374;375;376;377;378;379,9,250,0.05,0.0134787233476166,0.0082950746422303,0.0187667713160971,9.083799154079255e-06,8.844553820853835e-05,1026,18.25614572821644,0.106683876809793,9.083799154079255e-06,11,False,False
RGM_0301782,2025-07-19 17:12:39.443983049,2025-07-19 17:12:39.493983049,2025-07-19 17:12:39.468983049,2025-07-19 17:12:39,2025-07-19 17:12:00,5,373,3373,ring51,ring,2.0,60.0,20.0,98.0,S2_ring_D2_X60_Y20_Z98,S2_20250719-171002.693983049+0800.h5,369;370;371;372;373;374;375;376;377,9,250,0.05,0.0172101740661404,0.010707029239386,0.0195621039377025,1.4809504569342718e-05,0.0001229846081088,1027,18.27335590228258,0.1066986863143624,1.4809504569342718e-05,11,False,False
RGM_0301784,2025-07-19 17:12:39.443983049,2025-07-19 17:12:39.493983049,2025-07-19 17:12:39.468983049,2025-07-19 17:12:39,2025-07-19 17:12:00,5,374,3374,ring51,ring,2.0,60.0,20.0,98.0,S2_ring_D2_X60_Y20_Z98,S2_20250719-171002.693983049+0800.h5,370;371;372;373;374;375;376;377;378,9,250,0.05,0.0156725849099939,0.0095998431138534,0.0195621039377025,1.2281495888048489e-05,0.0001090388589514,1028,18.28902848719257,0.1067109678102504,1.2281495888048489e-05,11,False,False
RGM_0301786,2025-07-19 17:12:39.493983049,2025-07-19 17:12:39.568983049,2025-07-19 17:12:39.518983049,2025-07-19 17:12:39,2025-07-19 17:12:00,5,374,3374,ring51,ring,2.0,60.0,20.0,98.0,S2_ring_D2_X60_Y20_Z98,S2_20250719-171002.693983049+0800.h5,370;371;372;373;374;375;376;377;378,9,375,0.075,0.0126955148458718,0.007215043989758,0.0163182242739519,1.2088207290131524e-05,0.0001087953030546,1029,18.301724002038448,0.1067230560175406,1.2088207290131524e-05,11,False,False
RGM_0301863,2025-07-19 17:12:41.793983049,2025-07-19 17:12:41.893983049,2025-07-19 17:12:41.843983049,2025-07-19 17:12:41,2025-07-19 17:12:00,5,373,3373,ring51,ring,2.0,60.0,20.0,98.0,S2_ring_D2_X60_Y20_Z98,S2_20250719-171002.693983049+0800.h5,369;370;371;372;373;374;375;376;377,9,500,0.1,0.0116494107159678,0.007393027625035,0.0164858294247691,1.3570877002930568e-05,0.0001385565720195,1030,18.313373412754416,0.1067366268945435,1.3570877002930568e-05,11,False,False
RGM_0301866,2025-07-19 17:12:41.968983049,2025-07-19 17:12:42.043983049,2025-07-19 17:12:41.993983049,2025-07-19 17:12:41,2025-07-19 17:12:00,5,374,3374,ring51,ring,2.0,60.0,20.0,98.0,S2_ring_D2_X60_Y20_Z98,S2_20250719-171002.693983049+0800.h5,370;371;372;373;374;375;376;377;378,9,375,0.075,0.0174698877213606,0.0088107521542006,0.0247252404622203,2.2889773274771127e-05,0.000219920224894,1031,18.330843300475777,0.1067595166678183,2.2889773274771127e-05,11,False,False
RGM_0301867,2025-07-19 17:12:41.868983049,2025-07-19 17:12:42.018983049,2025-07-19 17:12:41.993983049,2025-07-19 17:12:41,2025-07-19 17:12:00,5,373,3373,ring51,ring,2.0,60.0,20.0,98.0,S2_ring_D2_X60_Y20_Z98,S2_20250719-171002.693983049+0800.h5,369;370;371;372;373;374;375;376;377,9,750,0.15,0.0181295765739508,0.0102137279317923,0.0216070802085127,4.930223201261203e-05,0.0004184286188339,1032,18.34897287704973,0.1068088188998309,4.930223201261203e-05,11,False,False
RGM_0301871,2025-07-19 17:12:42.168983049,2025-07-19 17:12:42.218983049,2025-07-19 17:12:42.193983049,2025-07-19 17:12:42,2025-07-19 17:12:00,5,375,3375,ring51,ring,2.0,60.0,20.0,98.0,S2_ring_D2_X60_Y20_Z98,S2_20250719-171002.693983049+0800.h5,371;372;373;374;375;376;377;378;379,9,250,0.05,0.0093789607933809,0.0053796965341109,0.0157551651435895,4.398245278188815e-06,4.775159406438086e-05,1033,18.35835183784311,0.1068132171451091,4.398245278188815e-06,11,False,False
RGM_0302160,2025-07-19 17:12:52.143983049,2025-07-19 17:12:52.393983049,2025-07-19 17:12:52.168983049,2025-07-19 17:12:52,2025-07-19 17:12:00,5,374,3374,ring51,ring,2.0,60.0,20.0,98.0,S2_ring_D2_X60_Y20_Z98,S2_20250719-171002.693983049+0800.h5,370;371;372;373;374;375;376;377;378,9,1250,0.25,0.0123947170185044,0.0080526889553714,0.0173683109162198,3.840725249220105e-05,0.0003774259105226,1034,18.37074655486161,0.1068516243976013,3.840725249220105e-05,11,False,False
RGM_0302168,2025-07-19 17:12:52.468983049,2025-07-19 17:12:52.518983049,2025-07-19 17:12:52.493983049,2025-07-19 17:12:52,2025-07-19 17:12:00,5,373,3373,ring51,ring,2.0,60.0,20.0,98.0,S2_ring_D2_X60_Y20_Z98,S2_20250719-171002.693983049+0800.h5,369;370;371;372;373;374;375;376;377,9,250,0.05,0.0142352296110061,0.0076757582749118,0.0275072515899504,1.0132088103903304e-05,0.0001369554359269,1035,18.38498178447262,0.1068617564857052,1.0132088103903304e-05,11,False,False
RGM_0302230,2025-07-19 17:12:54.318983049,2025-07-19 17:12:54.818983049,2025-07-19 17:12:54.568983049,2025-07-19 17:12:54,2025-07-19 17:12:00,5,371,3371,ring51,ring,2.0,60.0,20.0,98.0,S2_ring_D2_X60_Y20_Z98,S2_20250719-171002.693983049+0800.h5,367;368;369;370;371;372;373;374;375,9,2500,0.5,0.0206456049208506,0.0140289933309231,0.0217069462346582,0.0002131205012739,0.0016871707748798,1036,18.405627389393477,0.1070748769869791,0.0002131205012739,11,False,False
RGM_0302234,2025-07-19 17:12:54.593983049,2025-07-19 17:12:54.643983049,2025-07-19 17:12:54.618983049,2025-07-19 17:12:54,2025-07-19 17:12:00,5,371,3371,ring51,ring,2.0,60.0,20.0,98.0,S2_ring_D2_X60_Y20_Z98,S2_20250719-171002.693983049+0800.h5,367;368;369;370;371;372;373;374;375,9,250,0.05,0.0260258975835347,0.020974533064775,0.0287751159757086,3.386736725143212e-05,0.0003070265994297,1037,18.431653286977006,0.1071087443542305,3.386736725143212e-05,11,False,False
RGM_0302235,2025-07-19 17:12:54.593983049,2025-07-19 17:12:54.693983049,2025-07-19 17:12:54.643983049,2025-07-19 17:12:54,2025-07-19 17:12:00,5,377,3377,ring51,ring,2.0,60.0,20.0,98.0,S2_ring_D2_X60_Y20_Z98,S2_20250719-171002.693983049+0800.h5,373;374;375;376;377;378;379;380;381,9,500,0.1,0.0159565709305386,0.0096378199470287,0.0285738482329249,2.5461215586131008e-05,0.0003233645379821,1038,18.447609857907544,0.1071342055698167,2.5461215586131008e-05,11,False,False
RGM_0302237,2025-07-19 17:12:54.593983049,2025-07-19 17:12:54.693983049,2025-07-19 17:12:54.643983049,2025-07-19 17:12:54,2025-07-19 17:12:00,5,374,3374,ring51,ring,2.0,60.0,20.0,98.0,S2_ring_D2_X60_Y20_Z98,S2_20250719-171002.693983049+0800.h5,370;371;372;373;374;375;376;377;378,9,500,0.1,0.0266427071401297,0.0130021934032929,0.0306674208981972,7.098338437547227e-05,0.0005671305469302,1039,18.474252565047674,0.1072051889541921,7.098338437547227e-05,11,False,False
RGM_0302239,2025-07-19 17:12:54.618983049,2025-07-19 17:12:54.718983049,2025-07-19 17:12:54.668983049,2025-07-19 17:12:54,2025-07-19 17:12:00,5,376,3376,ring51,ring,2.0,60.0,20.0,98.0,S2_ring_D2_X60_Y20_Z98,S2_20250719-171002.693983049+0800.h5,372;373;374;375;376;377;378;379;380,9,500,0.1,0.0171681580212093,0.0085123210457757,0.0275415512169656,2.94745649841216e-05,0.0003133723759994,1040,18.491420723068885,0.1072346635191763,2.94745649841216e-05,11,False,False
RGM_0302241,2025-07-19 17:12:54.618983049,2025-07-19 17:12:54.718983049,2025-07-19 17:12:54.693983049,2025-07-19 17:12:54,2025-07-19 17:12:00,5,374,3374,ring51,ring,2.0,60.0,20.0,98.0,S2_ring_D2_X60_Y20_Z98,S2_20250719-171002.693983049+0800.h5,370;371;372;373;374;375;376;377;378,9,500,0.1,0.0233349082260553,0.0107804098996194,0.0296621822116986,5.445179419184263e-05,0.0004698960494148,1041,18.51475563129494,0.1072891153133681,5.445179419184263e-05,11,False,False
RGM_0302243,2025-07-19 17:12:54.593983049,2025-07-19 17:12:54.793983049,2025-07-19 17:12:54.693983049,2025-07-19 17:12:54,2025-07-19 17:12:00,5,373,3373,ring51,ring,2.0,60.0,20.0,98.0,S2_ring_D2_X60_Y20_Z98,S2_20250719-171002.693983049+0800.h5,369;370;371;372;373;374;375;376;377,9,1000,0.2,0.0233185261374986,0.0125059335333414,0.0273995941183403,0.000108750732245,0.0009169573683099,1042,18.53807415743244,0.1073978660456132,0.000108750732245,11,False,False
RGM_0302245,2025-07-19 17:12:54.568983049,2025-07-19 17:12:55.068983049,2025-07-19 17:12:54.818983049,2025-07-19 17:12:54,2025-07-19 17:12:00,5,371,3371,ring51,ring,2.0,60.0,20.0,98.0,S2_ring_D2_X60_Y20_Z98,S2_20250719-171002.693983049+0800.h5,367;368;369;370;371;372;373;374;375,9,2500,0.5,0.020686825606896,0.0141574157361834,0.0216680234256467,0.000213972376845,0.0016929583558741,1043,18.55876098303933,0.1076118384224582,0.000213972376845,11,False,False
RGM_0302251,2025-07-19 17:12:54.893983049,2025-07-19 17:12:55.018983049,2025-07-19 17:12:54.918983049,2025-07-19 17:12:54,2025-07-19 17:12:00,5,373,3373,ring51,ring,2.0,60.0,20.0,98.0,S2_ring_D2_X60_Y20_Z98,S2_20250719-171002.693983049+0800.h5,369;370;371;372;373;374;375;376;377,9,625,0.125,0.0134795539598173,0.0072110654684239,0.0195828911951171,2.2712296869453396e-05,0.0002317658295796,1044,18.57224053699915,0.1076345507193277,2.2712296869453396e-05,11,False,False
RGM_0302286,2025-07-19 17:12:56.068983049,2025-07-19 17:12:56.568983049,2025-07-19 17:12:56.493983049,2025-07-19 17:12:56,2025-07-19 17:12:00,5,374,3374,ring51,ring,2.0,60.0,20.0,98.0,S2_ring_D2_X60_Y20_Z98,S2_20250719-171002.693983049+0800.h5,370;371;372;373;374;375;376;377;378,9,2500,0.5,0.015026904107203,0.0073032121379905,0.0215375367491225,0.0001129039235235,0.001100260655165,1045,18.587267441106352,0.1077474546428512,0.0001129039235235,11,False,False
RGM_0302287,2025-07-19 17:12:56.493983049,2025-07-19 17:12:56.543983049,2025-07-19 17:12:56.518983049,2025-07-19 17:12:56,2025-07-19 17:12:00,5,374,3374,ring51,ring,2.0,60.0,20.0,98.0,S2_ring_D2_X60_Y20_Z98,S2_20250719-171002.693983049+0800.h5,370;371;372;373;374;375;376;377;378,9,250,0.05,0.0298610764744188,0.0115256253977807,0.0366050937607227,4.458419441055468e-05,0.0003644885439011,1046,18.61712851758077,0.1077920388372618,4.458419441055468e-05,11,False,False
RGM_0302288,2025-07-19 17:12:56.468983049,2025-07-19 17:12:56.568983049,2025-07-19 17:12:56.518983049,2025-07-19 17:12:56,2025-07-19 17:12:00,5,372,3372,ring51,ring,2.0,60.0,20.0,98.0,S2_ring_D2_X60_Y20_Z98,S2_20250719-171002.693983049+0800.h5,368;369;370;371;372;373;374;375;376,9,500,0.1,0.0258900966283179,0.014968575295676,0.0277546453317079,6.702971034236404e-05,0.0005334846064556,1047,18.643018614209087,0.1078590685476041,6.702971034236404e-05,11,False,False
RGM_0302290,2025-07-19 17:12:56.493983049,2025-07-19 17:12:56.543983049,2025-07-19 17:12:56.518983049,2025-07-19 17:12:56,2025-07-19 17:12:00,5,373,3373,ring51,ring,2.0,60.0,20.0,98.0,S2_ring_D2_X60_Y20_Z98,S2_20250719-171002.693983049+0800.h5,369;370;371;372;373;374;375;376;377,9,250,0.05,0.0334305228329676,0.014816190492867,0.0366050937607227,5.58799928442784e-05,0.0004186762370277,1048,18.676449137042056,0.1079149485404484,5.58799928442784e-05,11,False,False
RGM_0302362,2025-07-19 17:12:58.918983049,2025-07-19 17:12:58.968983049,2025-07-19 17:12:58.943983049,2025-07-19 17:12:58,2025-07-19 17:12:00,5,376,3376,ring51,ring,2.0,60.0,20.0,98.0,S2_ring_D2_X60_Y20_Z98,S2_20250719-171002.693983049+0800.h5,372;373;374;375;376;377;378;379;380,9,250,0.05,0.0195670263493566,0.0078064770171398,0.031265304693879,1.9143426007820945e-05,0.0002051252360202,1049,18.696016163391413,0.1079340919664562,1.9143426007820945e-05,11,False,False
RGM_0302363,2025-07-19 17:12:58.893983049,2025-07-19 17:12:58.993983049,2025-07-19 17:12:58.943983049,2025-07-19 17:12:58,2025-07-19 17:12:00,5,374,3374,ring51,ring,2.0,60.0,20.0,98.0,S2_ring_D2_X60_Y20_Z98,S2_20250719-171002.693983049+0800.h5,370;371;372;373;374;375;376;377;378,9,500,0.1,0.0212346991313888,0.0092978572971104,0.0253019316314488,4.509124472006081e-05,0.0003677817351272,1050,18.7172508625228,0.1079791832111763,4.509124472006081e-05,11,False,False
RGM_0302365,2025-07-19 17:12:58.918983049,2025-07-19 17:12:58.968983049,2025-07-19 17:12:58.943983049,2025-07-19 17:12:58,2025-07-19 17:12:00,5,373,3373,ring51,ring,2.0,60.0,20.0,98.0,S2_ring_D2_X60_Y20_Z98,S2_20250719-171002.693983049+0800.h5,369;370;371;372;373;374;375;376;377,9,250,0.05,0.0298752228221094,0.0151078219415974,0.0317481807843029,4.462644693353437e-05,0.0003357044067482,1051,18.74712608534491,0.1080238096581098,4.462644693353437e-05,11,False,False
RGM_0302366,2025-07-19 17:12:58.918983049,2025-07-19 17:12:58.968983049,2025-07-19 17:12:58.943983049,2025-07-19 17:12:58,2025-07-19 17:12:00,5,375,3375,ring51,ring,2.0,60.0,20.0,98.0,S2_ring_D2_X60_Y20_Z98,S2_20250719-171002.693983049+0800.h5,371;372;373;374;375;376;377;378;379,9,250,0.05,0.0241131511511597,0.0091625502111002,0.0317481807843029,2.907220292193388e-05,0.0002524755310049,1052,18.77123923649607,0.1080528818610318,2.907220292193388e-05,11,False,False
RGM_0302367,2025-07-19 17:12:58.868983049,2025-07-19 17:12:58.968983049,2025-07-19 17:12:58.943983049,2025-07-19 17:12:58,2025-07-19 17:12:00,5,372,3372,ring51,ring,2.0,60.0,20.0,98.0,S2_ring_D2_X60_Y20_Z98,S2_20250719-171002.693983049+0800.h5,368;369;370;371;372;373;374;375;376,9,500,0.1,0.0254252533249218,0.0181318140333778,0.0272698737881248,6.464435066364486e-05,0.0005480658291848,1053,18.79666448982099,0.1081175262116954,6.464435066364486e-05,11,False,False
RGM_0302918,2025-07-19 17:13:19.593983049,2025-07-19 17:13:19.643983049,2025-07-19 17:13:19.618983049,2025-07-19 17:13:19,2025-07-19 17:13:00,5,375,3375,ring51,ring,2.0,60.0,20.0,98.0,S2_ring_D2_X60_Y20_Z98,S2_20250719-171002.693983049+0800.h5,371;372;373;374;375;376;377;378;379,9,250,0.05,0.0191899561272506,0.0111347565513427,0.0208002351867861,1.8412720808290235e-05,0.0001446935468807,1054,18.81585444594824,0.1081359389325037,1.8412720808290235e-05,11,False,False
RGM_0302920,2025-07-19 17:13:19.618983049,2025-07-19 17:13:19.668983049,2025-07-19 17:13:19.643983049,2025-07-19 17:13:19,2025-07-19 17:13:00,5,373,3373,ring51,ring,2.0,60.0,20.0,98.0,S2_ring_D2_X60_Y20_Z98,S2_20250719-171002.693983049+0800.h5,369;370;371;372;373;374;375;376;377,9,250,0.05,0.0192438235945401,0.0154297213917199,0.020786345786372,1.851623732688895e-05,0.0001605411739118,1055,18.83509826954278,0.1081544551698306,1.851623732688895e-05,11,False,False
RGM_0302921,2025-07-19 17:13:19.543983049,2025-07-19 17:13:19.743983049,2025-07-19 17:13:19.643983049,2025-07-19 17:13:19,2025-07-19 17:13:00,5,374,3374,ring51,ring,2.0,60.0,20.0,98.0,S2_ring_D2_X60_Y20_Z98,S2_20250719-171002.693983049+0800.h5,370;371;372;373;374;375;376;377;378,9,1000,0.2,0.0194897827702874,0.0108128418638057,0.0217137644368536,7.59703264865989e-05,0.0006110983268867,1056,18.854588052313066,0.1082304254963172,7.59703264865989e-05,11,False,False
RGM_0302923,2025-07-19 17:13:19.618983049,2025-07-19 17:13:19.718983049,2025-07-19 17:13:19.668983049,2025-07-19 17:13:19,2025-07-19 17:13:00,5,377,3377,ring51,ring,2.0,60.0,20.0,98.0,S2_ring_D2_X60_Y20_Z98,S2_20250719-171002.693983049+0800.h5,373;374;375;376;377;378;379;380;381,9,500,0.1,0.0167358186400618,0.0084146173667938,0.0258036507828828,2.8008762555304288e-05,0.000298230106446,1057,18.871323870953127,0.1082584342588725,2.8008762555304288e-05,11,False,False
RGM_0303084,2025-07-19 17:13:25.643983049,2025-07-19 17:13:25.793983049,2025-07-19 17:13:25.693983049,2025-07-19 17:13:25,2025-07-19 17:13:00,5,374,3374,ring51,ring,2.0,60.0,20.0,98.0,S2_ring_D2_X60_Y20_Z98,S2_20250719-171002.693983049+0800.h5,370;371;372;373;374;375;376;377;378,9,750,0.15,0.0173394790220546,0.0109541393448644,0.018948574520104,4.509862991344117e-05,0.0003686820515458,1058,18.888663349975182,0.1083035328887859,4.509862991344117e-05,11,False,False
RGM_0303085,2025-07-19 17:13:25.718983049,2025-07-19 17:13:25.818983049,2025-07-19 17:13:25.768983049,2025-07-19 17:13:25,2025-07-19 17:13:00,5,374,3374,ring51,ring,2.0,60.0,20.0,98.0,S2_ring_D2_X60_Y20_Z98,S2_20250719-171002.693983049+0800.h5,370;371;372;373;374;375;376;377;378,9,500,0.1,0.0157707645266908,0.0094193792727464,0.0174184204437815,2.487170137563312e-05,0.000199801826875,1059,18.904434114501875,0.1083284045901615,2.487170137563312e-05,11,False,False
RGM_0303086,2025-07-19 17:13:25.743983049,2025-07-19 17:13:25.893983049,2025-07-19 17:13:25.793983049,2025-07-19 17:13:25,2025-07-19 17:13:00,5,375,3375,ring51,ring,2.0,60.0,20.0,98.0,S2_ring_D2_X60_Y20_Z98,S2_20250719-171002.693983049+0800.h5,371;372;373;374;375;376;377;378;379,9,750,0.15,0.0139229793023143,0.0079096258407167,0.0156990007632356,2.9077402897901137e-05,0.0002315492874937,1060,18.91835709380419,0.1083574819930594,2.9077402897901137e-05,11,False,False
RGM_0303087,2025-07-19 17:13:25.843983049,2025-07-19 17:13:25.918983049,2025-07-19 17:13:25.868983049,2025-07-19 17:13:25,2025-07-19 17:13:00,5,374,3374,ring51,ring,2.0,60.0,20.0,98.0,S2_ring_D2_X60_Y20_Z98,S2_20250719-171002.693983049+0800.h5,370;371;372;373;374;375;376;377;378,9,375,0.075,0.0114304685501435,0.0075016984467559,0.0123538942165486,9.799170845686564e-06,8.069438225438334e-05,1061,18.92978756235433,0.1083672811639051,9.799170845686564e-06,11,False,False
RGM_0303648,2025-07-19 17:13:52.193983049,2025-07-19 17:13:52.543983049,2025-07-19 17:13:52.518983049,2025-07-19 17:13:52,2025-07-19 17:13:00,5,374,3374,ring51,ring,2.0,60.0,20.0,98.0,S2_ring_D2_X60_Y20_Z98,S2_20250719-171002.693983049+0800.h5,370;371;372;373;374;375;376;377;378,9,1750,0.35,0.0117138112661752,0.0082678898093058,0.0125432875174627,4.802468103285124e-05,0.0004054392011539,1062,18.94150137362051,0.108415305844938,4.802468103285124e-05,11,False,False
RGM_0303649,2025-07-19 17:13:52.493983049,2025-07-19 17:13:52.618983049,2025-07-19 17:13:52.593983049,2025-07-19 17:13:52,2025-07-19 17:13:00,5,375,3375,ring51,ring,2.0,60.0,20.0,98.0,S2_ring_D2_X60_Y20_Z98,S2_20250719-171002.693983049+0800.h5,371;372;373;374;375;376;377;378;379,9,625,0.125,0.0171214991510297,0.0092229550770341,0.0191373606889167,3.664321664733925e-05,0.0002985224231808,1063,18.958622872771542,0.1084519490615853,3.664321664733925e-05,11,False,False
RGM_0303651,2025-07-19 17:13:52.568983049,2025-07-19 17:13:52.618983049,2025-07-19 17:13:52.593983049,2025-07-19 17:13:52,2025-07-19 17:13:00,5,374,3374,ring51,ring,2.0,60.0,20.0,98.0,S2_ring_D2_X60_Y20_Z98,S2_20250719-171002.693983049+0800.h5,370;371;372;373;374;375;376;377;378,9,250,0.05,0.0205820639803448,0.0117714548277143,0.0226645226211452,2.1181067884550404e-05,0.0001738964157332,1064,18.979204936751888,0.1084731301294699,2.1181067884550404e-05,11,False,False
RGM_0303707,2025-07-19 17:13:54.918983049,2025-07-19 17:13:55.093983049,2025-07-19 17:13:54.968983049,2025-07-19 17:13:54,2025-07-19 17:13:00,5,374,3374,ring51,ring,2.0,60.0,20.0,98.0,S2_ring_D2_X60_Y20_Z98,S2_20250719-171002.693983049+0800.h5,370;371;372;373;374;375;376;377;378,9,875,0.175,0.0188610956525219,0.0096800647522359,0.0202570285900735,6.22546626123767e-05,0.0004686590431174,1065,18.99806603240441,0.1085353847920823,6.22546626123767e-05,11,False,False
RGM_0303711,2025-07-19 17:13:55.243983049,2025-07-19 17:13:55.293983049,2025-07-19 17:13:55.268983049,2025-07-19 17:13:55,2025-07-19 17:13:00,5,375,3375,ring51,ring,2.0,60.0,20.0,98.0,S2_ring_D2_X60_Y20_Z98,S2_20250719-171002.693983049+0800.h5,371;372;373;374;375;376;377;378;379,9,250,0.05,0.0107952856637272,0.007221793219222,0.0160550196811841,5.826909628073745e-06,6.257644968005966e-05,1066,19.00886131806814,0.1085412117017103,5.826909628073745e-06,11,False,False
RGM_0303724,2025-07-19 17:13:56.018983049,2025-07-19 17:13:56.068983049,2025-07-19 17:13:56.043983049,2025-07-19 17:13:56,2025-07-19 17:13:00,5,375,3375,ring51,ring,2.0,60.0,20.0,98.0,S2_ring_D2_X60_Y20_Z98,S2_20250719-171002.693983049+0800.h5,371;372;373;374;375;376;377;378;379,9,250,0.05,0.0117138019419222,0.0060571760429281,0.0151850802636159,6.860657796729017e-06,6.094226588260338e-05,1067,19.02057512001006,0.1085480723595071,6.860657796729017e-06,11,False,False
RGM_0303726,2025-07-19 17:13:55.993983049,2025-07-19 17:13:56.193983049,2025-07-19 17:13:56.043983049,2025-07-19 17:13:56,2025-07-19 17:13:00,5,373,3373,ring51,ring,2.0,60.0,20.0,98.0,S2_ring_D2_X60_Y20_Z98,S2_20250719-171002.693983049+0800.h5,369;370;371;372;373;374;375;376;377,9,1000,0.2,0.0111825436432805,0.0086253437183715,0.0133075751934259,2.500985646677468e-05,0.00022978707576,1068,19.03175766365334,0.1085730822159738,2.500985646677468e-05,11,False,False
RGM_0303727,2025-07-19 17:13:56.193983049,2025-07-19 17:13:56.293983049,2025-07-19 17:13:56.243983049,2025-07-19 17:13:56,2025-07-19 17:13:00,5,375,3375,ring51,ring,2.0,60.0,20.0,98.0,S2_ring_D2_X60_Y20_Z98,S2_20250719-171002.693983049+0800.h5,371;372;373;374;375;376;377;378;379,9,500,0.1,0.0197765555614442,0.0103763837885548,0.0224971813345621,3.911121498748929e-05,0.0003121910874495,1069,19.051534219214787,0.1086121934309613,3.911121498748929e-05,11,False,False
RGM_0303729,2025-07-19 17:13:56.193983049,2025-07-19 17:13:56.293983049,2025-07-19 17:13:56.268983049,2025-07-19 17:13:56,2025-07-19 17:13:00,5,376,3376,ring51,ring,2.0,60.0,20.0,98.0,S2_ring_D2_X60_Y20_Z98,S2_20250719-171002.693983049+0800.h5,372;373;374;375;376;377;378;379;380,9,500,0.1,0.0175354639113723,0.0091121676383686,0.0224971813345621,3.074924945870416e-05,0.0002733631687378,1070,19.06906968312616,0.10864294268042,3.074924945870416e-05,11,False,False
RGM_0303730,2025-07-19 17:13:56.243983049,2025-07-19 17:13:56.293983049,2025-07-19 17:13:56.268983049,2025-07-19 17:13:56,2025-07-19 17:13:00,5,374,3374,ring51,ring,2.0,60.0,20.0,98.0,S2_ring_D2_X60_Y20_Z98,S2_20250719-171002.693983049+0800.h5,370;371;372;373;374;375;376;377;378,9,250,0.05,0.02438411316095,0.0137591473104195,0.0272553210002609,2.972924873230088e-05,0.0002426760917815,1071,19.093453796287108,0.1086726719291523,2.972924873230088e-05,11,False,False
RGM_0303732,2025-07-19 17:13:56.343983049,2025-07-19 17:13:56.443983049,2025-07-19 17:13:56.368983049,2025-07-19 17:13:56,2025-07-19 17:13:00,5,373,3373,ring51,ring,2.0,60.0,20.0,98.0,S2_ring_D2_X60_Y20_Z98,S2_20250719-171002.693983049+0800.h5,369;370;371;372;373;374;375;376;377,9,500,0.1,0.0150800964951517,0.0090715357566333,0.016093183008284,2.2740931030308905e-05,0.0001789064891586,1072,19.10853389278226,0.1086954128601827,2.2740931030308905e-05,11,False,False
RGM_0303734,2025-07-19 17:13:56.343983049,2025-07-19 17:13:56.618983049,2025-07-19 17:13:56.418983049,2025-07-19 17:13:56,2025-07-19 17:13:00,5,374,3374,ring51,ring,2.0,60.0,20.0,98.0,S2_ring_D2_X60_Y20_Z98,S2_20250719-171002.693983049+0800.h5,370;371;372;373;374;375;376;377;378,9,1375,0.275,0.0118057395079656,0.006818267884859,0.0140976739064497,3.832825846573373e-05,0.0003334168919239,1073,19.120339632290225,0.1087337411186484,3.832825846573373e-05,11,False,False
RGM_0303801,2025-07-19 17:13:58.618983049,2025-07-19 17:13:58.718983049,2025-07-19 17:13:58.693983049,2025-07-19 17:13:58,2025-07-19 17:13:00,5,374,3374,ring51,ring,2.0,60.0,20.0,98.0,S2_ring_D2_X60_Y20_Z98,S2_20250719-171002.693983049+0800.h5,370;371;372;373;374;375;376;377;378,9,500,0.1,0.0198433399734868,0.0103690310750634,0.0219101630542032,3.937581413033814e-05,0.0003102875834738,1074,19.140182972263712,0.1087731169327787,3.937581413033814e-05,11,False,False
RGM_0303804,2025-07-19 17:13:58.818983049,2025-07-19 17:13:58.918983049,2025-07-19 17:13:58.868983049,2025-07-19 17:13:58,2025-07-19 17:13:00,5,372,3372,ring51,ring,2.0,60.0,20.0,98.0,S2_ring_D2_X60_Y20_Z98,S2_20250719-171002.693983049+0800.h5,368;369;370;371;372;373;374;375;376,9,500,0.1,0.0200508534952528,0.0101860557544952,0.0245438187442837,4.020367258880936e-05,0.0003341487690013,1075,19.160233825758965,0.1088133206053675,4.020367258880936e-05,11,False,False
RGM_0303956,2025-07-19 17:14:04.693983049,2025-07-19 17:14:04.743983049,2025-07-19 17:14:04.718983049,2025-07-19 17:14:04,2025-07-19 17:14:00,5,374,3374,ring51,ring,2.0,60.0,20.0,98.0,S2_ring_D2_X60_Y20_Z98,S2_20250719-171002.693983049+0800.h5,370;371;372;373;374;375;376;377;378,9,250,0.05,0.0226643915501508,0.0147001563105315,0.0240218184661316,2.5683732216927503e-05,0.0002089035569325,1076,19.18289821730912,0.1088390043375845,2.5683732216927503e-05,11,False,False
RGM_0303957,2025-07-19 17:14:04.693983049,2025-07-19 17:14:04.793983049,2025-07-19 17:14:04.743983049,2025-07-19 17:14:04,2025-07-19 17:14:00,5,376,3376,ring51,ring,2.0,60.0,20.0,98.0,S2_ring_D2_X60_Y20_Z98,S2_20250719-171002.693983049+0800.h5,372;373;374;375;376;377;378;379;380,9,500,0.1,0.0348634918360031,0.0105888387077302,0.0410910269925729,0.0001215463062999,0.0009070855286147,1077,19.21776170914512,0.1089605506438844,0.0001215463062999,11,False,False
RGM_0303960,2025-07-19 17:14:04.643983049,2025-07-19 17:14:04.843983049,2025-07-19 17:14:04.743983049,2025-07-19 17:14:04,2025-07-19 17:14:00,5,376,3376,ring51,ring,2.0,60.0,20.0,98.0,S2_ring_D2_X60_Y20_Z98,S2_20250719-171002.693983049+0800.h5,372;373;374;375;376;377;378;379;380,9,1000,0.2,0.0253744706319545,0.0084760966661797,0.0298012775121733,0.0001287727519703,0.0009739234999262,1078,19.243136179777075,0.1090893233958548,0.0001287727519703,11,False,False
RGM_0303962,2025-07-19 17:14:04.768983049,2025-07-19 17:14:04.818983049,2025-07-19 17:14:04.793983049,2025-07-19 17:14:04,2025-07-19 17:14:00,5,375,3375,ring51,ring,2.0,60.0,20.0,98.0,S2_ring_D2_X60_Y20_Z98,S2_20250719-171002.693983049+0800.h5,371;372;373;374;375;376;377;378;379,9,250,0.05,0.0449907545092736,0.016541303043972,0.0535736436431193,0.0001012083995656,0.0008301590088738,1079,19.28812693428635,0.1091905317954204,0.0001012083995656,11,False,False
RGM_0303963,2025-07-19 17:14:04.643983049,2025-07-19 17:14:04.843983049,2025-07-19 17:14:04.793983049,2025-07-19 17:14:04,2025-07-19 17:14:00,5,374,3374,ring51,ring,2.0,60.0,20.0,98.0,S2_ring_D2_X60_Y20_Z98,S2_20250719-171002.693983049+0800.h5,370;371;372;373;374;375;376;377;378,9,1000,0.2,0.0262130777760221,0.0152669521891536,0.0298012775121733,0.0001374250892983,0.0011824624239535,1080,19.31434001206237,0.1093279568847188,0.0001374250892983,11,False,False
RGM_0303964,2025-07-19 17:14:04.693983049,2025-07-19 17:14:04.893983049,2025-07-19 17:14:04.793983049,2025-07-19 17:14:04,2025-07-19 17:14:00,5,372,3372,ring51,ring,2.0,60.0,20.0,98.0,S2_ring_D2_X60_Y20_Z98,S2_20250719-171002.693983049+0800.h5,368;369;370;371;372;373;374;375;376,9,1000,0.2,0.0261483037723804,0.0193935106842385,0.0296877072670589,0.0001367467580345,0.0012089683992272,1081,19.34048831583475,0.1094647036427533,0.0001367467580345,11,False,False
RGM_0303965,2025-07-19 17:14:04.568983049,2025-07-19 17:14:05.068983049,2025-07-19 17:14:04.818983049,2025-07-19 17:14:04,2025-07-19 17:14:00,5,376,3376,ring51,ring,2.0,60.0,20.0,98.0,S2_ring_D2_X60_Y20_Z98,S2_20250719-171002.693983049+0800.h5,372;373;374;375;376;377;378;379;380,9,2500,0.5,0.0172727559648649,0.0068654587255266,0.0197314851062803,0.0001491740493108,0.0011219428024678,1082,19.35776107179961,0.1096138776920642,0.0001491740493108,11,False,False
RGM_0303967,2025-07-19 17:14:04.693983049,2025-07-19 17:14:05.193983049,2025-07-19 17:14:04.943983049,2025-07-19 17:14:04,2025-07-19 17:14:00,5,374,3374,ring51,ring,2.0,60.0,20.0,98.0,S2_ring_D2_X60_Y20_Z98,S2_20250719-171002.693983049+0800.h5,370;371;372;373;374;375;376;377;378,9,2500,0.5,0.0187730267659542,0.0110725782531182,0.019952997773477,0.0001762132669776,0.0014170492970838,1083,19.376534098565568,0.1097900909590418,0.0001762132669776,11,False,False
RGM_0304027,2025-07-19 17:14:07.118983049,2025-07-19 17:14:07.168983049,2025-07-19 17:14:07.143983049,2025-07-19 17:14:07,2025-07-19 17:14:00,5,372,3372,ring51,ring,2.0,60.0,20.0,98.0,S2_ring_D2_X60_Y20_Z98,S2_20250719-171002.693983049+0800.h5,368;369;370;371;372;373;374;375;376,9,250,0.05,0.0215494123470986,0.0155623274623429,0.023744547877297,2.321885862526449e-05,0.0001990584635887,1084,19.398083510912667,0.1098133098176671,2.321885862526449e-05,11,False,False
RGM_0304028,2025-07-19 17:14:07.118983049,2025-07-19 17:14:07.168983049,2025-07-19 17:14:07.143983049,2025-07-19 17:14:07,2025-07-19 17:14:00,5,374,3374,ring51,ring,2.0,60.0,20.0,98.0,S2_ring_D2_X60_Y20_Z98,S2_20250719-171002.693983049+0800.h5,370;371;372;373;374;375;376;377;378,9,250,0.05,0.0215494123470986,0.013615369635733,0.023744547877297,2.321885862526449e-05,0.0001958069311135,1085,19.41963292325977,0.1098365286762924,2.321885862526449e-05,11,False,False
RGM_0304029,2025-07-19 17:14:07.118983049,2025-07-19 17:14:07.168983049,2025-07-19 17:14:07.143983049,2025-07-19 17:14:07,2025-07-19 17:14:00,5,375,3375,ring51,ring,2.0,60.0,20.0,98.0,S2_ring_D2_X60_Y20_Z98,S2_20250719-171002.693983049+0800.h5,371;372;373;374;375;376;377;378;379,9,250,0.05,0.0215494123470986,0.0110894848308599,0.023744547877297,2.321885862526449e-05,0.0001828650150392,1086,19.441182335606864,0.1098597475349176,2.321885862526449e-05,11,False,False
RGM_0304031,2025-07-19 17:14:07.143983049,2025-07-19 17:14:07.193983049,2025-07-19 17:14:07.168983049,2025-07-19 17:14:07,2025-07-19 17:14:00,5,376,3376,ring51,ring,2.0,60.0,20.0,98.0,S2_ring_D2_X60_Y20_Z98,S2_20250719-171002.693983049+0800.h5,372;373;374;375;376;377;378;379;380,9,250,0.05,0.02068335187293,0.0098558357858678,0.0236366977465127,2.1390052234972045e-05,0.0001647666582304,1087,19.461865687479797,0.1098811375871526,2.1390052234972045e-05,11,False,False
RGM_0304033,2025-07-19 17:14:07.143983049,2025-07-19 17:14:07.268983049,2025-07-19 17:14:07.218983049,2025-07-19 17:14:07,2025-07-19 17:14:00,5,375,3375,ring51,ring,2.0,60.0,20.0,98.0,S2_ring_D2_X60_Y20_Z98,S2_20250719-171002.693983049+0800.h5,371;372;373;374;375;376;377;378;379,9,625,0.125,0.0170941734700424,0.0098981568921007,0.0183326449468242,3.652634582798791e-05,0.0002865412156793,1088,19.47895986094984,0.1099176639329806,3.652634582798791e-05,11,False,False
RGM_0304035,2025-07-19 17:14:07.218983049,2025-07-19 17:14:07.368983049,2025-07-19 17:14:07.243983049,2025-07-19 17:14:07,2025-07-19 17:14:00,5,373,3373,ring51,ring,2.0,60.0,20.0,98.0,S2_ring_D2_X60_Y20_Z98,S2_20250719-171002.693983049+0800.h5,369;370;371;372;373;374;375;376;377,9,750,0.15,0.013006063095455,0.0099190226647406,0.014522100319824,2.5373651586443613e-05,0.0002224744641878,1089,19.49196592404529,0.109943037584567,2.5373651586443613e-05,11,False,False
RGM_0304127,2025-07-19 17:14:11.418983049,2025-07-19 17:14:11.493983049,2025-07-19 17:14:11.443983049,2025-07-19 17:14:11,2025-07-19 17:14:00,5,375,3375,ring51,ring,2.0,60.0,20.0,98.0,S2_ring_D2_X60_Y20_Z98,S2_20250719-171002.693983049+0800.h5,371;372;373;374;375;376;377;378;379,9,375,0.075,0.0156074997989731,0.0087893415318605,0.0176676895008836,1.826955374812111e-05,0.0001506939958666,1090,19.507573423844267,0.1099613071383151,1.826955374812111e-05,11,False,False
RGM_0304129,2025-07-19 17:14:11.443983049,2025-07-19 17:14:11.568983049,2025-07-19 17:14:11.543983049,2025-07-19 17:14:11,2025-07-19 17:14:00,5,374,3374,ring51,ring,2.0,60.0,20.0,98.0,S2_ring_D2_X60_Y20_Z98,S2_20250719-171002.693983049+0800.h5,370;371;372;373;374;375;376;377;378,9,625,0.125,0.0177156825262071,0.0107223226256553,0.0197648940482282,3.923067592117036e-05,0.0003285102359867,1091,19.52528910637048,0.1100005378142363,3.923067592117036e-05,11,False,False
RGM_0304325,2025-07-19 17:14:22.418983049,2025-07-19 17:14:22.518983049,2025-07-19 17:14:22.493983049,2025-07-19 17:14:22,2025-07-19 17:14:00,5,373,3373,ring51,ring,2.0,60.0,20.0,98.0,S2_ring_D2_X60_Y20_Z98,S2_20250719-171002.693983049+0800.h5,369;370;371;372;373;374;375;376;377,9,500,0.1,0.0185504303965733,0.0147023511180677,0.0203981877164595,3.44118467898113e-05,0.0002946800523305,1092,19.54383953676705,0.1100349496610261,3.44118467898113e-05,11,False,False
RGM_0304326,2025-07-19 17:14:22.468983049,2025-07-19 17:14:22.568983049,2025-07-19 17:14:22.493983049,2025-07-19 17:14:22,2025-07-19 17:14:00,5,374,3374,ring51,ring,2.0,60.0,20.0,98.0,S2_ring_D2_X60_Y20_Z98,S2_20250719-171002.693983049+0800.h5,370;371;372;373;374;375;376;377;378,9,500,0.1,0.0186463099095425,0.012651399716541,0.0216453028327312,3.476848732427044e-05,0.0003128269667595,1093,19.56248584667659,0.1100697181483504,3.476848732427044e-05,11,False,False
RGM_0304393,2025-07-19 17:14:25.543983049,2025-07-19 17:14:25.643983049,2025-07-19 17:14:25.593983049,2025-07-19 17:14:25,2025-07-19 17:14:00,5,376,3376,ring51,ring,2.0,60.0,20.0,98.0,S2_ring_D2_X60_Y20_Z98,S2_20250719-171002.693983049+0800.h5,372;373;374;375;376;377;378;379;380,9,500,0.1,0.0181556096743789,0.0090005049143633,0.0205124818582837,3.2962616264840286e-05,0.0002526368702045,1094,19.58064145635097,0.1101026807646152,3.2962616264840286e-05,11,False,False
RGM_0304398,2025-07-19 17:14:25.618983049,2025-07-19 17:14:25.668983049,2025-07-19 17:14:25.643983049,2025-07-19 17:14:25,2025-07-19 17:14:00,5,374,3374,ring51,ring,2.0,60.0,20.0,98.0,S2_ring_D2_X60_Y20_Z98,S2_20250719-171002.693983049+0800.h5,370;371;372;373;374;375;376;377;378,9,250,0.05,0.0173769538194534,0.012655107854844,0.0189865966446642,1.5097926202170846e-05,0.0001319810512464,1095,19.598018410170425,0.1101177786908174,1.5097926202170846e-05,11,False,False
RGM_0304913,2025-07-19 17:14:49.393983049,2025-07-19 17:14:49.443983049,2025-07-19 17:14:49.418983049,2025-07-19 17:14:49,2025-07-19 17:14:00,5,374,3374,ring51,ring,2.0,60.0,20.0,98.0,S2_ring_D2_X60_Y20_Z98,S2_20250719-171002.693983049+0800.h5,370;371;372;373;374;375;376;377;378,9,250,0.05,0.0164810011453662,0.0104950248901382,0.0184751973742364,1.3581169937678142e-05,0.0001185000839206,1096,19.61449941131579,0.1101313598607551,1.3581169937678142e-05,11,False,False
RGM_0304915,2025-07-19 17:14:49.393983049,2025-07-19 17:14:49.593983049,2025-07-19 17:14:49.493983049,2025-07-19 17:14:49,2025-07-19 17:14:00,5,374,3374,ring51,ring,2.0,60.0,20.0,98.0,S2_ring_D2_X60_Y20_Z98,S2_20250719-171002.693983049+0800.h5,370;371;372;373;374;375;376;377;378,9,1000,0.2,0.012986105980178,0.0084250833888729,0.014253260529675,3.372778970568329e-05,0.0002867337730616,1097,19.62748551729597,0.1101650876504608,3.372778970568329e-05,11,False,False
RGM_0304982,2025-07-19 17:14:51.868983049,2025-07-19 17:14:51.968983049,2025-07-19 17:14:51.943983049,2025-07-19 17:14:51,2025-07-19 17:14:00,5,374,3374,ring51,ring,2.0,60.0,20.0,98.0,S2_ring_D2_X60_Y20_Z98,S2_20250719-171002.693983049+0800.h5,370;371;372;373;374;375;376;377;378,9,500,0.1,0.0174409358158369,0.0102140824095394,0.019151084758327,3.041862421321439e-05,0.0002538866221603,1098,19.644926453111808,0.110195506274674,3.041862421321439e-05,11,False,False
RGM_0304988,2025-07-19 17:14:52.143983049,2025-07-19 17:14:52.193983049,2025-07-19 17:14:52.168983049,2025-07-19 17:14:52,2025-07-19 17:14:00,5,375,3375,ring51,ring,2.0,60.0,20.0,98.0,S2_ring_D2_X60_Y20_Z98,S2_20250719-171002.693983049+0800.h5,371;372;373;374;375;376;377;378;379,9,250,0.05,0.0114009999478194,0.0050117550214785,0.0131611181298996,6.499139990508937e-06,4.973014318963064e-05,1099,19.656327453059628,0.1102020054146645,6.499139990508937e-06,11,False,False
RGM_0305060,2025-07-19 17:14:55.968983049,2025-07-19 17:14:56.018983049,2025-07-19 17:14:55.993983049,2025-07-19 17:14:55,2025-07-19 17:14:00,5,374,3374,ring51,ring,2.0,60.0,20.0,98.0,S2_ring_D2_X60_Y20_Z98,S2_20250719-171002.693983049+0800.h5,370;371;372;373;374;375;376;377;378,9,250,0.05,0.0112645761547176,0.0063719798498271,0.015054710980115,6.34453379727165e-06,6.034907370796865e-05,1100,19.667592029214347,0.1102083499484618,6.34453379727165e-06,11,False,False
RGM_0305062,2025-07-19 17:14:55.968983049,2025-07-19 17:14:56.168983049,2025-07-19 17:14:55.993983049,2025-07-19 17:14:55,2025-07-19 17:14:00,5,375,3375,ring51,ring,2.0,60.0,20.0,98.0,S2_ring_D2_X60_Y20_Z98,S2_20250719-171002.693983049+0800.h5,371;372;373;374;375;376;377;378;379,9,1000,0.2,0.0097133135393041,0.0052622469798254,0.0106501432458048,1.886969198256579e-05,0.000144811672439,1101,19.67730534275365,0.1102272196404443,1.886969198256579e-05,11,False,False
RGM_0305066,2025-07-19 17:14:56.143983049,2025-07-19 17:14:56.193983049,2025-07-19 17:14:56.168983049,2025-07-19 17:14:56,2025-07-19 17:14:00,5,374,3374,ring51,ring,2.0,60.0,20.0,98.0,S2_ring_D2_X60_Y20_Z98,S2_20250719-171002.693983049+0800.h5,370;371;372;373;374;375;376;377;378,9,250,0.05,0.0195735472884613,0.0114526964593852,0.0209760044783662,1.915618767268156e-05,0.000155053606297,1102,19.696878890042115,0.110246375828117,1.915618767268156e-05,11,False,False
RGM_0305067,2025-07-19 17:14:56.143983049,2025-07-19 17:14:56.343983049,2025-07-19 17:14:56.268983049,2025-07-19 17:14:56,2025-07-19 17:14:00,5,374,3374,ring51,ring,2.0,60.0,20.0,98.0,S2_ring_D2_X60_Y20_Z98,S2_20250719-171002.693983049+0800.h5,370;371;372;373;374;375;376;377;378,9,1000,0.2,0.0156725972900907,0.008935936591069,0.016038032293922,4.912606116347221e-05,0.0003809371562356,1103,19.71255148733221,0.1102955018892805,4.912606116347221e-05,11,False,False
RGM_0305238,2025-07-19 17:15:04.618983049,2025-07-19 17:15:04.718983049,2025-07-19 17:15:04.643983049,2025-07-19 17:15:04,2025-07-19 17:15:00,5,374,3374,ring51,ring,2.0,60.0,20.0,98.0,S2_ring_D2_X60_Y20_Z98,S2_20250719-171002.693983049+0800.h5,370;371;372;373;374;375;376;377;378,9,500,0.1,0.0154860498070335,0.0098725189979813,0.0161939148544694,2.39817738625923e-05,0.0001929081426437,1104,19.72803753713924,0.1103194836631431,2.39817738625923e-05,11,False,False
RGM_0305592,2025-07-19 17:15:20.468983049,2025-07-19 17:15:20.668983049,2025-07-19 17:15:20.643983049,2025-07-19 17:15:20,2025-07-19 17:15:00,5,374,3374,ring51,ring,2.0,60.0,20.0,98.0,S2_ring_D2_X60_Y20_Z98,S2_20250719-171002.693983049+0800.h5,370;371;372;373;374;375;376;377;378,9,1000,0.2,0.0210793593651294,0.0114246257640744,0.0245947325567286,8.886787824885419e-05,0.0007810279734304,1105,19.74911689650437,0.1104083515413919,8.886787824885419e-05,11,False,False
RGM_0305594,2025-07-19 17:15:20.693983049,2025-07-19 17:15:20.743983049,2025-07-19 17:15:20.718983049,2025-07-19 17:15:20,2025-07-19 17:15:00,5,373,3373,ring51,ring,2.0,60.0,20.0,98.0,S2_ring_D2_X60_Y20_Z98,S2_20250719-171002.693983049+0800.h5,369;370;371;372;373;374;375;376;377,9,250,0.05,0.0128050481842704,0.0080819532021157,0.0151324098597432,8.198462950074367e-06,7.347975664300994e-05,1106,19.76192194468864,0.110416550004342,8.198462950074367e-06,11,False,False
RGM_0305630,2025-07-19 17:15:22.043983049,2025-07-19 17:15:22.243983049,2025-07-19 17:15:22.143983049,2025-07-19 17:15:22,2025-07-19 17:15:00,5,276,3276,ring39andring40,line,20.0,90.0,114.4,80.0,S2_line_D20_X90_Y114.4_Z80,S2_20250719-171002.693983049+0800.h5,272;273;274;275;276;277;278;279;280,9,1000,0.2,0.0174202447092367,0.0109889850436914,0.0182656788062162,6.0692985145938514e-05,0.000485065270987,1107,19.779342189397877,0.1104772429894879,6.0692985145938514e-05,91,True,True
RGM_0305636,2025-07-19 17:15:22.093983049,2025-07-19 17:15:22.293983049,2025-07-19 17:15:22.193983049,2025-07-19 17:15:22,2025-07-19 17:15:00,5,263,3263,ring37,ring,20.0,90.0,18.4,80.0,S2_ring_D20_X90_Y18.4_Z80,S2_20250719-171002.693983049+0800.h5,262;263;264;265;266;267,6,1000,0.2,0.0153479172952819,0.0149431880383429,0.0155307314691329,4.711201477431921e-05,0.0002807101920083,1109,19.804457320449966,0.1105720542365479,4.711201477431921e-05,83,False,False
RGM_0305639,2025-07-19 17:15:22.093983049,2025-07-19 17:15:22.293983049,2025-07-19 17:15:22.218983049,2025-07-19 17:15:22,2025-07-19 17:15:00,5,267,3267,ring38,ring,20.0,90.0,52.8,80.0,S2_ring_D20_X90_Y52.8_Z80,S2_20250719-171002.693983049+0800.h5,263;264;265;266;267;268;269;270;271,9,1000,0.2,0.0151930385056685,0.014661819158405,0.0167730588212295,4.616568380694543e-05,0.00042234542061,1110,19.819650358955634,0.1106182199203548,4.616568380694543e-05,86,False,False
RGM_0305640,2025-07-19 17:15:22.068983049,2025-07-19 17:15:22.568983049,2025-07-19 17:15:22.218983049,2025-07-19 17:15:22,2025-07-19 17:15:00,5,263,3263,ring37,ring,20.0,90.0,18.4,80.0,S2_ring_D20_X90_Y18.4_Z80,S2_20250719-171002.693983049+0800.h5,262;263;264;265;266;267,6,2500,0.5,0.0120864999545526,0.0119850945323227,0.0125283220832234,7.304460727348473e-05,0.0004425290739235,1111,19.831736858910187,0.1106912645276283,7.304460727348473e-05,83,False,False
RGM_0306145,2025-07-19 17:15:51.068983049,2025-07-19 17:15:51.168983049,2025-07-19 17:15:51.118983049,2025-07-19 17:15:51,2025-07-19 17:15:00,5,375,3375,ring51,ring,2.0,60.0,20.0,98.0,S2_ring_D2_X60_Y20_Z98,S2_20250719-171002.693983049+0800.h5,371;372;373;374;375;376;377;378;379,9,500,0.1,0.0179726543427986,0.0076866465788887,0.0186795271371004,3.2301630412571817e-05,0.0002322968413643,1112,19.849709513252986,0.1107235661580409,3.2301630412571817e-05,11,False,False
RGM_0306146,2025-07-19 17:15:51.093983049,2025-07-19 17:15:51.193983049,2025-07-19 17:15:51.168983049,2025-07-19 17:15:51,2025-07-19 17:15:00,5,373,3373,ring51,ring,2.0,60.0,20.0,98.0,S2_ring_D2_X60_Y20_Z98,S2_20250719-171002.693983049+0800.h5,369;370;371;372;373;374;375;376;377,9,500,0.1,0.0174328735961087,0.0135600422111744,0.018177125652521,3.039050818179059e-05,0.0002586526784475,1113,19.867142386849096,0.1107539566662227,3.039050818179059e-05,11,False,False
RGM_0306147,2025-07-19 17:15:51.143983049,2025-07-19 17:15:51.193983049,2025-07-19 17:15:51.168983049,2025-07-19 17:15:51,2025-07-19 17:15:00,5,374,3374,ring51,ring,2.0,60.0,20.0,98.0,S2_ring_D2_X60_Y20_Z98,S2_20250719-171002.693983049+0800.h5,370;371;372;373;374;375;376;377;378,9,250,0.05,0.0204139463475956,0.0128213351205752,0.022915827646685,2.083646027412567e-05,0.000181914880706,1114,19.88755633319669,0.1107747931264968,2.083646027412567e-05,11,False,False
RGM_0306149,2025-07-19 17:15:51.143983049,2025-07-19 17:15:51.268983049,2025-07-19 17:15:51.168983049,2025-07-19 17:15:51,2025-07-19 17:15:00,5,375,3375,ring51,ring,2.0,60.0,20.0,98.0,S2_ring_D2_X60_Y20_Z98,S2_20250719-171002.693983049+0800.h5,371;372;373;374;375;376;377;378;379,9,625,0.125,0.0165183020467249,0.0080273927598697,0.0182473776597862,3.410678781335474e-05,0.0002699487015521,1115,19.90407463524341,0.1108088999143101,3.410678781335474e-05,11,False,False
RGM_0306190,2025-07-19 17:15:53.568983049,2025-07-19 17:15:53.693983049,2025-07-19 17:15:53.618983049,2025-07-19 17:15:53,2025-07-19 17:15:00,5,374,3374,ring51,ring,2.0,60.0,20.0,98.0,S2_ring_D2_X60_Y20_Z98,S2_20250719-171002.693983049+0800.h5,370;371;372;373;374;375;376;377;378,9,625,0.125,0.0130526879760311,0.0085796678302664,0.0142493764156617,2.129658292495366e-05,0.0001821966936208,1116,19.917127323219447,0.1108301964972351,2.129658292495366e-05,11,False,False
RGM_0306192,2025-07-19 17:15:53.668983049,2025-07-19 17:15:53.793983049,2025-07-19 17:15:53.693983049,2025-07-19 17:15:53,2025-07-19 17:15:00,5,375,3375,ring51,ring,2.0,60.0,20.0,98.0,S2_ring_D2_X60_Y20_Z98,S2_20250719-171002.693983049+0800.h5,371;372;373;374;375;376;377;378;379,9,625,0.125,0.0095700467170374,0.0056297872181886,0.0108738912197096,1.1448224270784916e-05,9.617629724663582e-05,1117,19.926697369936484,0.1108416447215059,1.1448224270784916e-05,11,False,False
RGM_0306314,2025-07-19 17:16:19.693983049,2025-07-19 17:16:22.443983049,2025-07-19 17:16:21.268983049,2025-07-19 17:16:21,2025-07-19 17:16:00,5,374,3374,ring51,ring,2.0,60.0,20.0,98.0,S2_ring_D2_X60_Y20_Z98,S2_20250719-171002.693983049+0800.h5,370;371;372;373;374;375;376;377;378,9,13750,2.75,0.0199344004392574,0.0108823929321208,0.0238942783789316,0.0010927958823998,0.009773946168534,1118,19.946631770375745,0.1119344406039057,0.0010927958823998,11,False,False
RGM_0306456,2025-07-19 17:17:05.543983049,2025-07-19 17:17:05.593983049,2025-07-19 17:17:05.568983049,2025-07-19 17:17:05,2025-07-19 17:17:00,5,494,3494,andring58,line,2.0,169.0,70.0,8.0,S2_line_D2_X169_Y70_Z8,S2_20250719-171002.693983049+0800.h5,490;491;492;493;494;495,6,250,0.05,0.0140469011930629,0.0110792131593095,0.0147745512831082,9.866130317318856e-06,5.560411014313219e-05,1119,19.960678671568804,0.111944306734223,9.866130317318856e-06,60,False,False
RGM_0306545,2025-07-19 17:17:25.193983049,2025-07-19 17:17:28.143983049,2025-07-19 17:17:26.868983049,2025-07-19 17:17:26,2025-07-19 17:17:00,5,374,3374,ring51,ring,2.0,60.0,20.0,98.0,S2_ring_D2_X60_Y20_Z98,S2_20250719-171002.693983049+0800.h5,370;371;372;373;374;375;376;377;378,9,14750,2.95,0.0209521198087146,0.0137142032436785,0.025718043296113,0.0012950244072122,0.0119735835828077,1120,19.98163079137752,0.1132393311414353,0.0012950244072122,11,False,False
RGM_0306558,2025-07-19 17:17:31.243983049,2025-07-19 17:17:31.318983049,2025-07-19 17:17:31.293983049,2025-07-19 17:17:31,2025-07-19 17:17:00,5,494,3494,andring58,line,2.0,169.0,70.0,8.0,S2_line_D2_X169_Y70_Z8,S2_20250719-171002.693983049+0800.h5,490;491;492;493;494;495,6,375,0.075,0.0125205241132651,0.0107420423186182,0.0129600490847169,1.175778603264534e-05,6.871395189274668e-05,1121,19.994151315490782,0.1132510889274679,1.175778603264534e-05,60,False,False
RGM_0307294,2025-07-19 17:20:00.043983049,2025-07-19 17:20:00.343983049,2025-07-19 17:20:00.193983049,2025-07-19 17:20:00,2025-07-19 17:20:00,5,494,3494,andring58,line,2.0,169.0,70.0,8.0,S2_line_D2_X169_Y70_Z8,S2_20250719-171002.693983049+0800.h5,490;491;492;493;494;495,6,1500,0.3,0.0102520401839189,0.0059771761254573,0.0141629727729643,3.1744442332883523e-05,0.0002020394490323,1122,20.004403355674704,0.1132828333698008,3.1744442332883523e-05,60,False,False
RGM_0307357,2025-07-19 17:20:12.194027077,2025-07-19 17:20:14.219027077,2025-07-19 17:20:13.644027077,2025-07-19 17:20:13,2025-07-19 17:20:00,5,374,3374,ring51,ring,2.0,60.0,20.0,98.0,S2_ring_D2_X60_Y20_Z98,S2_20250719-172002.694027077+0800.h5,370;371;372;373;374;375;376;377;378,9,10125,2.025,0.0175966674808908,0.0131503701247248,0.020511299477504,0.0006270264805269,0.0056756042708734,1123,20.022000023155595,0.1139098598503277,0.0006270264805269,11,False,False
RGM_0307467,2025-07-19 17:20:33.344027077,2025-07-19 17:20:35.919027077,2025-07-19 17:20:35.269027077,2025-07-19 17:20:35,2025-07-19 17:20:00,5,374,3374,ring51,ring,2.0,60.0,20.0,98.0,S2_ring_D2_X60_Y20_Z98,S2_20250719-172002.694027077+0800.h5,370;371;372;373;374;375;376;377;378,9,12875,2.575,0.0098274557882648,0.007163670371617,0.0108130537837824,0.000248690634721,0.0021526711558956,1124,20.03182747894386,0.1141585504850487,0.000248690634721,11,False,False
RGM_0307541,2025-07-19 17:20:51.244027077,2025-07-19 17:20:51.369027077,2025-07-19 17:20:51.269027077,2025-07-19 17:20:51,2025-07-19 17:20:00,5,374,3374,ring51,ring,2.0,60.0,20.0,98.0,S2_ring_D2_X60_Y20_Z98,S2_20250719-172002.694027077+0800.h5,370;371;372;373;374;375;376;377;378,9,625,0.125,0.0129237728732587,0.0093800976859634,0.0142866427161505,2.087798815994723e-05,0.0001803920608571,1125,20.04475125181712,0.1141794284732087,2.087798815994723e-05,11,False,False
RGM_0307545,2025-07-19 17:20:51.919027077,2025-07-19 17:20:52.019027077,2025-07-19 17:20:51.994027077,2025-07-19 17:20:51,2025-07-19 17:20:00,5,374,3374,ring51,ring,2.0,60.0,20.0,98.0,S2_ring_D2_X60_Y20_Z98,S2_20250719-172002.694027077+0800.h5,370;371;372;373;374;375;376;377;378,9,500,0.1,0.018592070235387,0.0125698144153008,0.0209535403993923,3.456650756375661e-05,0.0002976589009438,1126,20.063343322052503,0.1142139949807724,3.456650756375661e-05,11,False,False
RGM_0307599,2025-07-19 17:20:53.694027077,2025-07-19 17:20:53.894027077,2025-07-19 17:20:53.769027077,2025-07-19 17:20:53,2025-07-19 17:20:00,5,374,3374,ring51,ring,2.0,60.0,20.0,98.0,S2_ring_D2_X60_Y20_Z98,S2_20250719-172002.694027077+0800.h5,370;371;372;373;374;375;376;377;378,9,1000,0.2,0.0108152963839794,0.0072975521258539,0.0129974124933718,2.3394127174663612e-05,0.0002062150166062,1127,20.07415861843648,0.1142373891079471,2.3394127174663612e-05,11,False,False
RGM_0307607,2025-07-19 17:20:54.369027077,2025-07-19 17:20:54.419027077,2025-07-19 17:20:54.394027077,2025-07-19 17:20:54,2025-07-19 17:20:00,5,375,3375,ring51,ring,2.0,60.0,20.0,98.0,S2_ring_D2_X60_Y20_Z98,S2_20250719-172002.694027077+0800.h5,371;372;373;374;375;376;377;378;379,9,250,0.05,0.0137819600772235,0.0081871604487696,0.0160505475304885,9.497121178509244e-06,7.795893794392401e-05,1128,20.087940578513702,0.1142468862291256,9.497121178509244e-06,11,False,False
RGM_0307609,2025-07-19 17:20:54.344027077,2025-07-19 17:20:54.494027077,2025-07-19 17:20:54.444027077,2025-07-19 17:20:54,2025-07-19 17:20:00,5,374,3374,ring51,ring,2.0,60.0,20.0,98.0,S2_ring_D2_X60_Y20_Z98,S2_20250719-172002.694027077+0800.h5,370;371;372;373;374;375;376;377;378,9,750,0.15,0.0253017996259752,0.0154342490499265,0.0274188487319927,9.60271596469503e-05,0.0007746632212095,1129,20.11324237813968,0.1143429133887726,9.60271596469503e-05,11,False,False
RGM_0307611,2025-07-19 17:20:54.444027077,2025-07-19 17:20:54.519027077,2025-07-19 17:20:54.469027077,2025-07-19 17:20:54,2025-07-19 17:20:00,5,374,3374,ring51,ring,2.0,60.0,20.0,98.0,S2_ring_D2_X60_Y20_Z98,S2_20250719-172002.694027077+0800.h5,370;371;372;373;374;375;376;377;378,9,375,0.075,0.0325478960555541,0.0201301170483831,0.0366220869346091,7.94524153232368e-05,0.0006691444994461,1130,20.145790274195235,0.1144223658040958,7.94524153232368e-05,11,False,False
RGM_0307639,2025-07-19 17:20:56.044027077,2025-07-19 17:20:56.094027077,2025-07-19 17:20:56.069027077,2025-07-19 17:20:56,2025-07-19 17:20:00,5,345,3345,ring49,ring,2.0,20.0,20.0,98.0,S2_ring_D2_X20_Y20_Z98,S2_20250719-172002.694027077+0800.h5,341;342;343;344;345;346;347;348;349,9,250,0.05,0.0215508091850441,0.0091669182385772,0.023614884690207,2.322186882650909e-05,0.0001749330227564,1131,20.16734108338028,0.1144455876729223,2.322186882650909e-05,0,False,False
RGM_0307652,2025-07-19 17:20:57.469027077,2025-07-19 17:20:57.569027077,2025-07-19 17:20:57.519027077,2025-07-19 17:20:57,2025-07-19 17:20:00,5,374,3374,ring51,ring,2.0,60.0,20.0,98.0,S2_ring_D2_X60_Y20_Z98,S2_20250719-172002.694027077+0800.h5,370;371;372;373;374;375;376;377;378,9,500,0.1,0.0114630014469978,0.0083953494554781,0.0117906375158886,1.3140040217387478e-05,0.000109154384717,1132,20.17880408482728,0.1144587277131397,1.3140040217387478e-05,11,False,False
RGM_0307813,2025-07-19 17:20:59.894027077,2025-07-19 17:21:00.094027077,2025-07-19 17:20:59.994027077,2025-07-19 17:20:59,2025-07-19 17:20:00,5,376,3376,ring51,ring,2.0,60.0,20.0,98.0,S2_ring_D2_X60_Y20_Z98,S2_20250719-172002.694027077+0800.h5,372;373;374;375;376;377;378;379;380,9,1000,0.2,0.032595225454431,0.0108461423018923,0.0390165086549046,0.000212489744485,0.0016675661705778,1133,20.21139931028171,0.1146712174576248,0.000212489744485,11,False,False
RGM_0307814,2025-07-19 17:20:59.894027077,2025-07-19 17:21:00.094027077,2025-07-19 17:20:59.994027077,2025-07-19 17:20:59,2025-07-19 17:20:00,5,374,3374,ring51,ring,2.0,60.0,20.0,98.0,S2_ring_D2_X60_Y20_Z98,S2_20250719-172002.694027077+0800.h5,370;371;372;373;374;375;376;377;378,9,1000,0.2,0.0348531702577801,0.0207045314297029,0.0390165086549046,0.0002429486954035,0.0020271798403335,1134,20.24625248053949,0.1149141661530283,0.0002429486954035,11,False,False
RGM_0307849,2025-07-19 17:21:00.594027077,2025-07-19 17:21:00.644027077,2025-07-19 17:21:00.619027077,2025-07-19 17:21:00,2025-07-19 17:21:00,5,373,3373,ring51,ring,2.0,60.0,20.0,98.0,S2_ring_D2_X60_Y20_Z98,S2_20250719-172002.694027077+0800.h5,369;370;371;372;373;374;375;376;377,9,250,0.05,0.0158484058388433,0.0126607975917856,0.0180136695625276,1.2558598381634125e-05,0.0001142398784445,1135,20.26210088637833,0.11492672475141,1.2558598381634125e-05,11,False,False
RGM_0307850,2025-07-19 17:21:00.569027077,2025-07-19 17:21:00.669027077,2025-07-19 17:21:00.619027077,2025-07-19 17:21:00,2025-07-19 17:21:00,5,374,3374,ring51,ring,2.0,60.0,20.0,98.0,S2_ring_D2_X60_Y20_Z98,S2_20250719-172002.694027077+0800.h5,370;371;372;373;374;375;376;377;378,9,500,0.1,0.0123805690650293,0.0084697111647411,0.013647446658199,1.532784903739628e-05,0.0001327723361472,1136,20.27448145544336,0.1149420526004473,1.532784903739628e-05,11,False,False
RGM_0307852,2025-07-19 17:21:00.594027077,2025-07-19 17:21:00.719027077,2025-07-19 17:21:00.619027077,2025-07-19 17:21:00,2025-07-19 17:21:00,5,375,3375,ring51,ring,2.0,60.0,20.0,98.0,S2_ring_D2_X60_Y20_Z98,S2_20250719-172002.694027077+0800.h5,371;372;373;374;375;376;377;378;379,9,625,0.125,0.013565035544795,0.0072626650657441,0.0146781960212432,2.300127366644422e-05,0.0001804917154971,1137,20.288046490988155,0.1149650538741138,2.300127366644422e-05,11,False,False
RGM_0307854,2025-07-19 17:21:00.669027077,2025-07-19 17:21:00.719027077,2025-07-19 17:21:00.694027077,2025-07-19 17:21:00,2025-07-19 17:21:00,5,374,3374,ring51,ring,2.0,60.0,20.0,98.0,S2_ring_D2_X60_Y20_Z98,S2_20250719-172002.694027077+0800.h5,370;371;372;373;374;375;376;377;378,9,250,0.05,0.0138760374214091,0.0087833655367138,0.0140583920427847,9.627220726017378e-06,7.491484846024021e-05,1138,20.301922528409563,0.1149746810948398,9.627220726017378e-06,11,False,False
RGM_0307856,2025-07-19 17:21:00.669027077,2025-07-19 17:21:00.719027077,2025-07-19 17:21:00.694027077,2025-07-19 17:21:00,2025-07-19 17:21:00,5,375,3375,ring51,ring,2.0,60.0,20.0,98.0,S2_ring_D2_X60_Y20_Z98,S2_20250719-172002.694027077+0800.h5,371;372;373;374;375;376;377;378;379,9,250,0.05,0.0133337672201018,0.0069944071740969,0.0140583920427847,8.889467413993079e-06,6.762196322586353e-05,1139,20.315256295629663,0.1149835705622538,8.889467413993079e-06,11,False,False
RGM_0307888,2025-07-19 17:21:01.219027077,2025-07-19 17:21:01.269027077,2025-07-19 17:21:01.244027077,2025-07-19 17:21:01,2025-07-19 17:21:00,5,373,3373,ring51,ring,2.0,60.0,20.0,98.0,S2_ring_D2_X60_Y20_Z98,S2_20250719-172002.694027077+0800.h5,369;370;371;372;373;374;375;376;377,9,250,0.05,0.0162502154887316,0.0124225382367094,0.0183611996210831,1.3203475171510636e-05,0.000117771886562,1140,20.331506511118395,0.1149967740374253,1.3203475171510636e-05,11,False,False
RGM_0307890,2025-07-19 17:21:01.219027077,2025-07-19 17:21:01.269027077,2025-07-19 17:21:01.244027077,2025-07-19 17:21:01,2025-07-19 17:21:00,5,377,3377,ring51,ring,2.0,60.0,20.0,98.0,S2_ring_D2_X60_Y20_Z98,S2_20250719-172002.694027077+0800.h5,373;374;375;376;377;378;379;380;381,9,250,0.05,0.0141185991075234,0.0071497005897165,0.0183611996210831,9.966742037948122e-06,8.90853672455705e-05,1141,20.34562511022592,0.1150067407794633,9.966742037948122e-06,11,False,False
RGM_0307893,2025-07-19 17:21:01.219027077,2025-07-19 17:21:01.269027077,2025-07-19 17:21:01.244027077,2025-07-19 17:21:01,2025-07-19 17:21:00,5,376,3376,ring51,ring,2.0,60.0,20.0,98.0,S2_ring_D2_X60_Y20_Z98,S2_20250719-172002.694027077+0800.h5,372;373;374;375;376;377;378;379;380,9,250,0.05,0.0162502154887316,0.0077983241519716,0.0183611996210831,1.3203475171510636e-05,0.0001016696702347,1142,20.36187532571465,0.1150199442546348,1.3203475171510636e-05,11,False,False
RGM_0307895,2025-07-19 17:21:01.219027077,2025-07-19 17:21:01.269027077,2025-07-19 17:21:01.244027077,2025-07-19 17:21:01,2025-07-19 17:21:00,5,375,3375,ring51,ring,2.0,60.0,20.0,98.0,S2_ring_D2_X60_Y20_Z98,S2_20250719-172002.694027077+0800.h5,371;372;373;374;375;376;377;378;379,9,250,0.05,0.0162502154887316,0.009344032058409,0.0183611996210831,1.3203475171510636e-05,0.0001112808119916,1143,20.37812554120338,0.1150331477298063,1.3203475171510636e-05,11,False,False
RGM_0307896,2025-07-19 17:21:01.219027077,2025-07-19 17:21:01.269027077,2025-07-19 17:21:01.244027077,2025-07-19 17:21:01,2025-07-19 17:21:00,5,372,3372,ring51,ring,2.0,60.0,20.0,98.0,S2_ring_D2_X60_Y20_Z98,S2_20250719-172002.694027077+0800.h5,368;369;370;371;372;373;374;375;376,9,250,0.05,0.0162502154887316,0.0111945752923449,0.0183611996210831,1.3203475171510636e-05,0.0001140710703228,1144,20.394375756692117,0.1150463512049778,1.3203475171510636e-05,11,False,False
RGM_0307901,2025-07-19 17:21:01.219027077,2025-07-19 17:21:01.269027077,2025-07-19 17:21:01.244027077,2025-07-19 17:21:01,2025-07-19 17:21:00,5,374,3374,ring51,ring,2.0,60.0,20.0,98.0,S2_ring_D2_X60_Y20_Z98,S2_20250719-172002.694027077+0800.h5,370;371;372;373;374;375;376;377;378,9,250,0.05,0.0162502154887316,0.01164073585119,0.0183611996210831,1.3203475171510636e-05,0.0001168312503077,1145,20.41062597218085,0.1150595546801493,1.3203475171510636e-05,11,False,False
RGM_0307903,2025-07-19 17:21:01.244027077,2025-07-19 17:21:01.344027077,2025-07-19 17:21:01.319027077,2025-07-19 17:21:01,2025-07-19 17:21:00,5,374,3374,ring51,ring,2.0,60.0,20.0,98.0,S2_ring_D2_X60_Y20_Z98,S2_20250719-172002.694027077+0800.h5,370;371;372;373;374;375;376;377;378,9,500,0.1,0.0179337046086693,0.0123577882823374,0.0206593357327406,3.216177609910076e-05,0.0002840346170727,1146,20.428559676789515,0.1150917164562484,3.216177609910076e-05,11,False,False
RGM_0307904,2025-07-19 17:21:01.319027077,2025-07-19 17:21:01.369027077,2025-07-19 17:21:01.344027077,2025-07-19 17:21:01,2025-07-19 17:21:00,5,377,3377,ring51,ring,2.0,60.0,20.0,98.0,S2_ring_D2_X60_Y20_Z98,S2_20250719-172002.694027077+0800.h5,373;374;375;376;377;378;379;380;381,9,250,0.05,0.0167381189811816,0.0078227623946949,0.0226284070029351,1.40082313514097e-05,0.0001289041933685,1147,20.445297795770696,0.1151057246875998,1.40082313514097e-05,11,False,False
RGM_0308001,2025-07-19 17:21:03.769027077,2025-07-19 17:21:03.819027077,2025-07-19 17:21:03.794027077,2025-07-19 17:21:03,2025-07-19 17:21:00,5,374,3374,ring51,ring,2.0,60.0,20.0,98.0,S2_ring_D2_X60_Y20_Z98,S2_20250719-172002.694027077+0800.h5,370;371;372;373;374;375;376;377;378,9,250,0.05,0.0116457974313904,0.0088701735243792,0.0127597139431892,6.781229890649035e-06,5.945284701760209e-05,1148,20.456943593202087,0.1151125059174905,6.781229890649035e-06,11,False,False
RGM_0308003,2025-07-19 17:21:03.819027077,2025-07-19 17:21:03.894027077,2025-07-19 17:21:03.844027077,2025-07-19 17:21:03,2025-07-19 17:21:00,5,374,3374,ring51,ring,2.0,60.0,20.0,98.0,S2_ring_D2_X60_Y20_Z98,S2_20250719-172002.694027077+0800.h5,370;371;372;373;374;375;376;377;378,9,375,0.075,0.0119955246537176,0.0085645046342624,0.0132846891033884,1.0791945878846169e-05,9.48048977996992e-05,1149,20.468939117855804,0.1151232978633693,1.0791945878846169e-05,11,False,False
RGM_0308995,2025-07-19 17:23:19.844027077,2025-07-19 17:23:22.469027077,2025-07-19 17:23:19.944027077,2025-07-19 17:23:19,2025-07-19 17:23:00,5,374,3374,ring51,ring,2.0,60.0,20.0,98.0,S2_ring_D2_X60_Y20_Z98,S2_20250719-172002.694027077+0800.h5,370;371;372;373;374;375;376;377;378,9,13125,2.625,0.01019226708894,0.0085680563714126,0.0113071154251378,0.0002726910595822,0.0024218845461983,1150,20.479131384944743,0.1153959889229516,0.0002726910595822,11,False,False
RGM_0309177,2025-07-19 17:24:02.469027077,2025-07-19 17:24:02.569027077,2025-07-19 17:24:02.544027077,2025-07-19 17:24:02,2025-07-19 17:24:00,5,489,3489,ring58,ring,2.0,163.0,120.0,16.0,S2_ring_D2_X163_Y120_Z16,S2_20250719-172002.694027077+0800.h5,485;486;487;488;489;490;491;492;493,9,500,0.1,0.0096188831576534,0.0070927532333117,0.0129683763868411,9.252291320058958e-06,8.381856862270703e-05,1151,20.4887502681024,0.1154052412142716,9.252291320058958e-06,58,False,False
RGM_0309190,2025-07-19 17:24:05.919027077,2025-07-19 17:24:06.694027077,2025-07-19 17:24:06.669027077,2025-07-19 17:24:06,2025-07-19 17:24:00,5,374,3374,ring51,ring,2.0,60.0,20.0,98.0,S2_ring_D2_X60_Y20_Z98,S2_20250719-172002.694027077+0800.h5,370;371;372;373;374;375;376;377;378,9,3875,0.775,0.0106772884147142,0.0084193869134859,0.0121588957380108,8.835347811551891e-05,0.0007831534808109,1152,20.499427556517112,0.1154935946923872,8.835347811551891e-05,11,False,False
RGM_0309448,2025-07-19 17:25:00.694027077,2025-07-19 17:25:03.694027077,2025-07-19 17:25:02.419027077,2025-07-19 17:25:02,2025-07-19 17:25:00,5,374,3374,ring51,ring,2.0,60.0,20.0,98.0,S2_ring_D2_X60_Y20_Z98,S2_20250719-172002.694027077+0800.h5,370;371;372;373;374;375;376;377;378,9,15000,3.0,0.0182527713920966,0.013945131755522,0.0202924013193214,0.0009994909904764,0.0084262736950171,1153,20.517680327909208,0.1164930856828636,0.0009994909904764,11,False,False
RGM_0309476,2025-07-19 17:25:10.944027077,2025-07-19 17:25:11.044027077,2025-07-19 17:25:10.994027077,2025-07-19 17:25:10,2025-07-19 17:25:00,5,95,3095,ring04,ring,80.0,150.0,18.4,20.0,S2_ring_D80_X150_Y18.4_Z20,S2_20250719-172002.694027077+0800.h5,91;92;93;94;95;96;97;98;99,9,500,0.1,0.00979009574123,0.0042318626886993,0.0108959483587713,9.584597462245009e-06,7.004026083065219e-05,1154,20.52747042365044,0.1165026702803258,9.584597462245009e-06,103,True,True
RGM_0309670,2025-07-19 17:25:53.594027077,2025-07-19 17:25:53.644027077,2025-07-19 17:25:53.619027077,2025-07-19 17:25:53,2025-07-19 17:25:00,5,430,3430,ring54andring55,line,2.0,121.0,70.0,72.0,S2_line_D2_X121_Y70_Z72,S2_20250719-172002.694027077+0800.h5,426;427;428;429;430;431;432;433;434,9,250,0.05,0.0225043511364931,0.0113660907896914,0.0276452861507722,2.5322291003729125e-05,0.0002110939352627,1155,20.54997477478693,0.1165279925713296,2.5322291003729125e-05,37,False,False
RGM_0309702,2025-07-19 17:26:00.169027077,2025-07-19 17:26:02.819027077,2025-07-19 17:26:02.769027077,2025-07-19 17:26:02,2025-07-19 17:26:00,5,374,3374,ring51,ring,2.0,60.0,20.0,98.0,S2_ring_D2_X60_Y20_Z98,S2_20250719-172002.694027077+0800.h5,370;371;372;373;374;375;376;377;378,9,13250,2.65,0.0108397153529603,0.0096237875180216,0.0118550468486907,0.0003113734866729,0.0027305913351474,1156,20.560814490139894,0.1168393660580025,0.0003113734866729,11,False,False
RGM_0309818,2025-07-19 17:26:30.419027077,2025-07-19 17:26:30.469027077,2025-07-19 17:26:30.444027077,2025-07-19 17:26:30,2025-07-19 17:26:00,5,374,3374,ring51,ring,2.0,60.0,20.0,98.0,S2_ring_D2_X60_Y20_Z98,S2_20250719-172002.694027077+0800.h5,370;371;372;373;374;375;376;377;378,9,250,0.05,0.0129691849419297,0.0093051090711944,0.0141387905640284,8.409987902898862e-06,6.74648176776842e-05,1157,20.573783675081824,0.1168477760459054,8.409987902898862e-06,11,False,False
RGM_0309865,2025-07-19 17:26:41.994027077,2025-07-19 17:26:42.194027077,2025-07-19 17:26:42.069027077,2025-07-19 17:26:42,2025-07-19 17:26:00,5,494,3494,andring58,line,2.0,169.0,70.0,8.0,S2_line_D2_X169_Y70_Z8,S2_20250719-172002.694027077+0800.h5,490;491;492;493;494;495,6,1000,0.2,0.012831032767207,0.0056250235325955,0.014718097974251,3.310318421872742e-05,0.0001730389723636,1158,20.58661470784903,0.1168808792301242,3.310318421872742e-05,60,False,False
RGM_0309909,2025-07-19 17:26:54.044027077,2025-07-19 17:26:54.094027077,2025-07-19 17:26:54.069027077,2025-07-19 17:26:54,2025-07-19 17:26:00,5,373,3373,ring51,ring,2.0,60.0,20.0,98.0,S2_ring_D2_X60_Y20_Z98,S2_20250719-172002.694027077+0800.h5,369;370;371;372;373;374;375;376;377,9,250,0.05,0.0123650816312376,0.008620705937493,0.0206777935534421,7.644762187358481e-06,8.960863554895281e-05,1159,20.598979789480268,0.1168885239923115,7.644762187358481e-06,11,False,False
RGM_0309910,2025-07-19 17:26:54.444027077,2025-07-19 17:26:54.519027077,2025-07-19 17:26:54.494027077,2025-07-19 17:26:54,2025-07-19 17:26:00,5,374,3374,ring51,ring,2.0,60.0,20.0,98.0,S2_ring_D2_X60_Y20_Z98,S2_20250719-172002.694027077+0800.h5,370;371;372;373;374;375;376;377;378,9,375,0.075,0.0119990439287514,0.0105054384587639,0.0158985403143555,1.0798279140308022e-05,0.0001041074458871,1160,20.610978833409018,0.1168993222714518,1.0798279140308022e-05,11,False,False
RGM_0309911,2025-07-19 17:26:54.519027077,2025-07-19 17:26:54.569027077,2025-07-19 17:26:54.544027077,2025-07-19 17:26:54,2025-07-19 17:26:00,5,374,3374,ring51,ring,2.0,60.0,20.0,98.0,S2_ring_D2_X60_Y20_Z98,S2_20250719-172002.694027077+0800.h5,370;371;372;373;374;375;376;377;378,9,250,0.05,0.0144240058788222,0.0125311979390888,0.015640408478503,1.0402597279614984e-05,9.449651443386311e-05,1161,20.62540283928784,0.1169097248687315,1.0402597279614984e-05,11,False,False
RGM_0310005,2025-07-19 17:27:20.644027077,2025-07-19 17:27:20.694027077,2025-07-19 17:27:20.669027077,2025-07-19 17:27:20,2025-07-19 17:27:00,5,374,3374,ring51,ring,2.0,60.0,20.0,98.0,S2_ring_D2_X60_Y20_Z98,S2_20250719-172002.694027077+0800.h5,370;371;372;373;374;375;376;377;378,9,250,0.05,0.0141391032166094,0.0105386975261494,0.0157525047567081,9.995711988496833e-06,8.567081922212468e-05,1162,20.63954194250445,0.11691972058072,9.995711988496833e-06,11,False,False
RGM_0310115,2025-07-19 17:27:44.669027077,2025-07-19 17:27:45.394027077,2025-07-19 17:27:45.369027077,2025-07-19 17:27:45,2025-07-19 17:27:00,5,426,3426,ring54,ring,2.0,115.0,120.0,80.0,S2_ring_D2_X115_Y120_Z80,S2_20250719-172002.694027077+0800.h5,422;423;424;425;426;427;428;429;430,9,3625,0.725,0.021008697802303,0.0118726097230995,0.0255002336182759,0.0003199899029276,0.0028147189529357,1163,20.660550640306752,0.1172397104836476,0.0003199899029276,34,False,False
RGM_0310165,2025-07-19 17:27:54.494027077,2025-07-19 17:27:57.094027077,2025-07-19 17:27:55.119027077,2025-07-19 17:27:55,2025-07-19 17:27:00,5,374,3374,ring51,ring,2.0,60.0,20.0,98.0,S2_ring_D2_X60_Y20_Z98,S2_20250719-172002.694027077+0800.h5,370;371;372;373;374;375;376;377;378,9,13000,2.6,0.008465679161052,0.0070652268491215,0.0116609338972317,0.0001863360815104,0.0018754332714394,1164,20.669016319467804,0.1174260465651581,0.0001863360815104,11,False,False
RGM_0310170,2025-07-19 17:27:56.119027077,2025-07-19 17:27:56.169027077,2025-07-19 17:27:56.144027077,2025-07-19 17:27:56,2025-07-19 17:27:00,5,426,3426,ring54,ring,2.0,115.0,120.0,80.0,S2_ring_D2_X115_Y120_Z80,S2_20250719-172002.694027077+0800.h5,422;423;424;425;426;427;428;429;430,9,250,0.05,0.0402332868058636,0.022234343238308,0.0468499304107629,8.09358683601442e-05,0.0006748161249037,1165,20.70924960627367,0.1175069824335182,8.09358683601442e-05,34,False,False
RGM_0310255,2025-07-19 17:28:09.944027077,2025-07-19 17:28:10.694027077,2025-07-19 17:28:10.519027077,2025-07-19 17:28:10,2025-07-19 17:28:00,5,408,3408,ring53,ring,2.0,85.0,20.0,98.0,S2_ring_D2_X85_Y20_Z98,S2_20250719-172002.694027077+0800.h5,404;405;406;407;408;409;410;411;412,9,3750,0.75,0.0216675158706175,0.0052034989255606,0.0258575513011887,0.0003521109330025,0.002600708252121,1166,20.730917122144287,0.1178590933665208,0.0003521109330025,23,False,False
RGM_0310841,2025-07-19 17:28:28.294027077,2025-07-19 17:28:28.419027077,2025-07-19 17:28:28.344027077,2025-07-19 17:28:28,2025-07-19 17:28:00,5,374,3374,ring51,ring,2.0,60.0,20.0,98.0,S2_ring_D2_X60_Y20_Z98,S2_20250719-172002.694027077+0800.h5,370;371;372;373;374;375;376;377;378,9,625,0.125,0.0131453199104758,0.0098406256578084,0.0135817668736358,2.1599929443594088e-05,0.0001742981638213,1167,20.74406244205476,0.1178806932959644,2.1599929443594088e-05,11,False,False
RGM_0310843,2025-07-19 17:28:28.369027077,2025-07-19 17:28:28.419027077,2025-07-19 17:28:28.394027077,2025-07-19 17:28:28,2025-07-19 17:28:00,5,375,3375,ring51,ring,2.0,60.0,20.0,98.0,S2_ring_D2_X60_Y20_Z98,S2_20250719-172002.694027077+0800.h5,371;372;373;374;375;376;377;378;379,9,250,0.05,0.0134351002862963,0.0093349702557862,0.0153071300519485,9.025095985142027e-06,7.894240806967296e-05,1168,20.75749754234106,0.1178897183919495,9.025095985142027e-06,11,False,False
RGM_0310846,2025-07-19 17:28:27.694027077,2025-07-19 17:28:29.694027077,2025-07-19 17:28:28.394027077,2025-07-19 17:28:28,2025-07-19 17:28:00,5,374,3374,ring51,ring,2.0,60.0,20.0,98.0,S2_ring_D2_X60_Y20_Z98,S2_20250719-172002.694027077+0800.h5,370;371;372;373;374;375;376;377;378,9,10000,2.0,0.0187384476000815,0.0149088416232567,0.0210615643046152,0.000702258836922,0.0061122111325594,1169,20.776235989941146,0.1185919772288715,0.000702258836922,11,False,False
RGM_0310982,2025-07-19 17:28:37.069027077,2025-07-19 17:28:38.294027077,2025-07-19 17:28:37.719027077,2025-07-19 17:28:37,2025-07-19 17:28:00,5,374,3374,ring51,ring,2.0,60.0,20.0,98.0,S2_ring_D2_X60_Y20_Z98,S2_20250719-172002.694027077+0800.h5,370;371;372;373;374;375;376;377;378,9,6125,1.225,0.0089375890498591,0.007381209448547,0.0093434354924881,9.785361007959912e-05,0.0008326417213676,1170,20.785173578991003,0.1186898308389511,9.785361007959912e-05,11,False,False
RGM_0311017,2025-07-19 17:28:46.094027077,2025-07-19 17:28:46.219027077,2025-07-19 17:28:46.169027077,2025-07-19 17:28:46,2025-07-19 17:28:00,5,428,3428,ring54andring55,line,2.0,121.0,110.0,72.0,S2_line_D2_X121_Y110_Z72,S2_20250719-172002.694027077+0800.h5,424;425;426;427;428;429;430;431;432,9,625,0.125,0.0317131352029682,0.0062590644228409,0.0428901461727358,0.0001257153680502,0.0010275525449232,1171,20.81688671419397,0.1188155462070014,0.0001257153680502,39,False,False
RGM_0311044,2025-07-19 17:28:54.419027077,2025-07-19 17:28:56.919027077,2025-07-19 17:28:54.444027077,2025-07-19 17:28:54,2025-07-19 17:28:00,5,374,3374,ring51,ring,2.0,60.0,20.0,98.0,S2_ring_D2_X60_Y20_Z98,S2_20250719-172002.694027077+0800.h5,370;371;372;373;374;375;376;377;378,9,12500,2.5,0.0066470404473371,0.0060882891320508,0.0070195768195694,0.0001104578667713,0.0009873918675208,1172,20.823533754641307,0.1189260040737727,0.0001104578667713,11,False,False
RGM_0311126,2025-07-19 17:29:12.219027077,2025-07-19 17:29:12.344027077,2025-07-19 17:29:12.319027077,2025-07-19 17:29:12,2025-07-19 17:29:00,5,374,3374,ring51,ring,2.0,60.0,20.0,98.0,S2_ring_D2_X60_Y20_Z98,S2_20250719-172002.694027077+0800.h5,370;371;372;373;374;375;376;377;378,9,625,0.125,0.0123735062477712,0.0096777536718189,0.0143643921216206,1.9137957107954177e-05,0.000174773326291,1173,20.83590726088908,0.1189451420308806,1.9137957107954177e-05,11,False,False
RGM_0311166,2025-07-19 17:29:15.294027077,2025-07-19 17:29:15.394027077,2025-07-19 17:29:15.369027077,2025-07-19 17:29:15,2025-07-19 17:29:00,5,374,3374,ring51,ring,2.0,60.0,20.0,98.0,S2_ring_D2_X60_Y20_Z98,S2_20250719-172002.694027077+0800.h5,370;371;372;373;374;375;376;377;378,9,500,0.1,0.0172224625681653,0.0130809164822053,0.020215300828458,2.966132169118564e-05,0.0002591162189273,1174,20.853129723457243,0.1189748033525718,2.966132169118564e-05,11,False,False
RGM_0311171,2025-07-19 17:29:15.894027077,2025-07-19 17:29:15.969027077,2025-07-19 17:29:15.944027077,2025-07-19 17:29:15,2025-07-19 17:29:00,5,374,3374,ring51,ring,2.0,60.0,20.0,98.0,S2_ring_D2_X60_Y20_Z98,S2_20250719-172002.694027077+0800.h5,370;371;372;373;374;375;376;377;378,9,375,0.075,0.011683039268949,0.0098219358242238,0.0133309194283655,1.0237005491985464e-05,9.230709181395066e-05,1175,20.864812762726192,0.1189850403580638,1.0237005491985464e-05,11,False,False
RGM_0311173,2025-07-19 17:29:15.919027077,2025-07-19 17:29:16.019027077,2025-07-19 17:29:15.969027077,2025-07-19 17:29:15,2025-07-19 17:29:00,5,377,3377,ring51,ring,2.0,60.0,20.0,98.0,S2_ring_D2_X60_Y20_Z98,S2_20250719-172002.694027077+0800.h5,373;374;375;376;377;378;379;380;381,9,500,0.1,0.0173530394770714,0.0091989084380294,0.0237674519460899,3.0112797909279887e-05,0.0002925474184866,1176,20.882165802203264,0.1190151531559731,3.0112797909279887e-05,11,False,False
RGM_0311175,2025-07-19 17:29:15.694027077,2025-07-19 17:29:16.694027077,2025-07-19 17:29:16.019027077,2025-07-19 17:29:16,2025-07-19 17:29:00,5,374,3374,ring51,ring,2.0,60.0,20.0,98.0,S2_ring_D2_X60_Y20_Z98,S2_20250719-172002.694027077+0800.h5,370;371;372;373;374;375;376;377;378,9,5000,1.0,0.014580848310861,0.0111641115836344,0.0176183698568152,0.0002126011374643,0.0020185346909512,1177,20.896746650514125,0.1192277542934374,0.0002126011374643,11,False,False
RGM_0311251,2025-07-19 17:29:30.694027077,2025-07-19 17:29:31.344027077,2025-07-19 17:29:30.719027077,2025-07-19 17:29:30,2025-07-19 17:29:00,5,374,3374,ring51,ring,2.0,60.0,20.0,98.0,S2_ring_D2_X60_Y20_Z98,S2_20250719-172002.694027077+0800.h5,370;371;372;373;374;375;376;377;378,9,3250,0.65,0.0079299976908505,0.0066082571183338,0.0089820022680945,4.087516119498215e-05,0.0003701846058679,1178,20.904676648204976,0.1192686294546324,4.087516119498215e-05,11,False,False
RGM_0311324,2025-07-19 17:29:49.794027077,2025-07-19 17:29:52.394027077,2025-07-19 17:29:49.894027077,2025-07-19 17:29:49,2025-07-19 17:29:00,5,374,3374,ring51,ring,2.0,60.0,20.0,98.0,S2_ring_D2_X60_Y20_Z98,S2_20250719-172002.694027077+0800.h5,370;371;372;373;374;375;376;377;378,9,13000,2.6,0.0094800190802492,0.0068112100634851,0.0102769595593528,0.0002336639805809,0.0020028037491838,1179,20.914156667285223,0.1195022934352133,0.0002336639805809,11,False,False
RGM_0311335,2025-07-19 17:29:51.694027077,2025-07-19 17:29:53.794027077,2025-07-19 17:29:53.169027077,2025-07-19 17:29:53,2025-07-19 17:29:00,5,87,3087,ring02andring03,line,80.0,150.0,80.0,20.0,S2_line_D80_X150_Y80_Z20,S2_20250719-172002.694027077+0800.h5,83;84;85;86;87;88;89;90;91,9,10500,2.1,0.0116874378179938,0.0045615763016905,0.0133988800324335,0.0002868520257738,0.0021739202956605,1180,20.92584410510322,0.1197891454609872,0.0002868520257738,108,False,False
RGM_0311691,2025-07-19 17:31:33.194107986,2025-07-19 17:31:35.194107986,2025-07-19 17:31:34.569107986,2025-07-19 17:31:34,2025-07-19 17:31:00,5,374,3374,ring51,ring,2.0,60.0,20.0,98.0,S2_ring_D2_X60_Y20_Z98,S2_20250719-173002.694107986+0800.h5,370;371;372;373;374;375;376;377;378,9,10000,2.0,0.0286244042656581,0.0148169193954962,0.0306949427188039,0.0016387130391276,0.0126557161936341,1181,20.95446850936888,0.1214278585001149,0.0016387130391276,11,False,False
RGM_0311709,2025-07-19 17:31:38.969107986,2025-07-19 17:31:39.069107986,2025-07-19 17:31:38.994107986,2025-07-19 17:31:38,2025-07-19 17:31:00,5,374,3374,ring51,ring,2.0,60.0,20.0,98.0,S2_ring_D2_X60_Y20_Z98,S2_20250719-173002.694107986+0800.h5,370;371;372;373;374;375;376;377;378,9,500,0.1,0.0148280122278445,0.0094335587510902,0.015661932690426,2.1986994662910826e-05,0.0001798937475192,1182,20.969296521596725,0.1214498454947778,2.1986994662910826e-05,11,False,False
RGM_0311742,2025-07-19 17:31:46.694107986,2025-07-19 17:31:49.669107986,2025-07-19 17:31:48.394107986,2025-07-19 17:31:48,2025-07-19 17:31:00,5,374,3374,ring51,ring,2.0,60.0,20.0,98.0,S2_ring_D2_X60_Y20_Z98,S2_20250719-173002.694107986+0800.h5,370;371;372;373;374;375;376;377;378,9,14875,2.975,0.0175771328480369,0.0116846918076381,0.0188567391547704,0.0009191429074936,0.007397010179304,1183,20.98687365444476,0.1223689884022715,0.0009191429074936,11,False,False
RGM_0312037,2025-07-19 17:33:18.294107986,2025-07-19 17:33:20.844107986,2025-07-19 17:33:18.994107986,2025-07-19 17:33:18,2025-07-19 17:33:00,5,374,3374,ring51,ring,2.0,60.0,20.0,98.0,S2_ring_D2_X60_Y20_Z98,S2_20250719-173002.694107986+0800.h5,370;371;372;373;374;375;376;377;378,9,12750,2.55,0.0088276070931706,0.0073660145187596,0.009464950751836,0.000198712949828,0.0017048718518449,1184,20.99570126153793,0.1225677013520995,0.000198712949828,11,False,False
RGM_0312281,2025-07-19 17:34:20.019107986,2025-07-19 17:34:20.669107986,2025-07-19 17:34:20.644107986,2025-07-19 17:34:20,2025-07-19 17:34:00,5,374,3374,ring51,ring,2.0,60.0,20.0,98.0,S2_ring_D2_X60_Y20_Z98,S2_20250719-173002.694107986+0800.h5,370;371;372;373;374;375;376;377;378,9,3250,0.65,0.0084407136604918,0.006720363175339,0.0092424106999885,4.630967061396872e-05,0.000407241551792,1185,21.004141975198426,0.1226140110227135,4.630967061396872e-05,11,False,False
RGM_0312282,2025-07-19 17:34:18.169107986,2025-07-19 17:34:20.744107986,2025-07-19 17:34:20.719107986,2025-07-19 17:34:20,2025-07-19 17:34:00,5,374,3374,ring51,ring,2.0,60.0,20.0,98.0,S2_ring_D2_X60_Y20_Z98,S2_20250719-173002.694107986+0800.h5,370;371;372;373;374;375;376;377;378,9,12875,2.575,0.009853483348369,0.0068832390478583,0.0108127752584511,0.0002500096702987,0.0021248581369223,1186,21.01399545854679,0.1228640206930122,0.0002500096702987,11,False,False
RGM_0312347,2025-07-19 17:34:38.194107986,2025-07-19 17:34:40.444107986,2025-07-19 17:34:39.769107986,2025-07-19 17:34:39,2025-07-19 17:34:00,5,374,3374,ring51,ring,2.0,60.0,20.0,98.0,S2_ring_D2_X60_Y20_Z98,S2_20250719-173002.694107986+0800.h5,370;371;372;373;374;375;376;377;378,9,11250,2.25,0.0377641675356451,0.0185702160136457,0.0420339704278766,0.0032087977867356,0.0254129412105376,1187,21.05175962608244,0.1260728184797478,0.0032087977867356,11,False,False
RGM_0312358,2025-07-19 17:34:43.769107986,2025-07-19 17:34:43.869107986,2025-07-19 17:34:43.819107986,2025-07-19 17:34:43,2025-07-19 17:34:00,5,488,3488,ring58,ring,2.0,163.0,120.0,16.0,S2_ring_D2_X163_Y120_Z16,S2_20250719-173002.694107986+0800.h5,484;485;486;487;488;489;490;491;492,9,500,0.1,0.0102225626796602,0.0044935596045598,0.0116383454804081,1.045007877395816e-05,7.752415138747996e-05,1188,21.061982188762094,0.1260832685585218,1.045007877395816e-05,58,False,False
RGM_0312536,2025-07-19 17:35:30.694107986,2025-07-19 17:35:32.694107986,2025-07-19 17:35:32.419107986,2025-07-19 17:35:32,2025-07-19 17:35:00,5,374,3374,ring51,ring,2.0,60.0,20.0,98.0,S2_ring_D2_X60_Y20_Z98,S2_20250719-173002.694107986+0800.h5,370;371;372;373;374;375;376;377;378,9,10000,2.0,0.0207765594424413,0.0106325562324852,0.0223398701063429,0.0008633308445305,0.0068930781233692,1189,21.08275874820454,0.1269465994030524,0.0008633308445305,11,False,False
RGM_0312612,2025-07-19 17:35:50.769107986,2025-07-19 17:35:50.869107986,2025-07-19 17:35:50.794107986,2025-07-19 17:35:50,2025-07-19 17:35:00,5,374,3374,ring51,ring,2.0,60.0,20.0,98.0,S2_ring_D2_X60_Y20_Z98,S2_20250719-173002.694107986+0800.h5,370;371;372;373;374;375;376;377;378,9,500,0.1,0.0187686268718596,0.0091514400858744,0.0198703625386686,3.5226135465509264e-05,0.0002817585642794,1190,21.1015273750764,0.1269818255385179,3.5226135465509264e-05,11,False,False
RGM_0312635,2025-07-19 17:35:56.194107986,2025-07-19 17:35:56.319107986,2025-07-19 17:35:56.219107986,2025-07-19 17:35:56,2025-07-19 17:35:00,5,374,3374,ring51,ring,2.0,60.0,20.0,98.0,S2_ring_D2_X60_Y20_Z98,S2_20250719-173002.694107986+0800.h5,370;371;372;373;374;375;376;377;378,9,625,0.125,0.0184971139498719,0.0125036658822077,0.0205695518335915,4.276790305931856e-05,0.0003553901292507,1191,21.120024489026274,0.1270245934415772,4.276790305931856e-05,11,False,False
RGM_0312680,2025-07-19 17:36:05.744107986,2025-07-19 17:36:05.944107986,2025-07-19 17:36:05.919107986,2025-07-19 17:36:05,2025-07-19 17:36:00,5,374,3374,ring51,ring,2.0,60.0,20.0,98.0,S2_ring_D2_X60_Y20_Z98,S2_20250719-173002.694107986+0800.h5,370;371;372;373;374;375;376;377;378,9,1000,0.2,0.0205988900124105,0.0122655889791358,0.0210807343479051,8.486285394867721e-05,0.0006721902155766,1192,21.140623379038686,0.1271094562955259,8.486285394867721e-05,11,False,False
RGM_0312692,2025-07-19 17:36:08.544107986,2025-07-19 17:36:08.669107986,2025-07-19 17:36:08.644107986,2025-07-19 17:36:08,2025-07-19 17:36:00,5,374,3374,ring51,ring,2.0,60.0,20.0,98.0,S2_ring_D2_X60_Y20_Z98,S2_20250719-173002.694107986+0800.h5,370;371;372;373;374;375;376;377;378,9,625,0.125,0.0243265515343803,0.0118600857401772,0.0252070584406408,7.397263869435789e-05,0.00057399741552,1193,21.164949930573066,0.1271834289342202,7.397263869435789e-05,11,False,False
RGM_0312777,2025-07-19 17:36:28.819107986,2025-07-19 17:36:29.569107986,2025-07-19 17:36:29.469107986,2025-07-19 17:36:29,2025-07-19 17:36:00,5,374,3374,ring51,ring,2.0,60.0,20.0,98.0,S2_ring_D2_X60_Y20_Z98,S2_20250719-173002.694107986+0800.h5,370;371;372;373;374;375;376;377;378,9,3750,0.75,0.0107978029592679,0.0087624410686641,0.0115280537907673,8.74444115603818e-05,0.0007758390490939,1194,21.175747733532333,0.1272708733457806,8.74444115603818e-05,11,False,False
RGM_0312981,2025-07-19 17:37:23.744107986,2025-07-19 17:37:23.869107986,2025-07-19 17:37:23.794107986,2025-07-19 17:37:23,2025-07-19 17:37:00,5,374,3374,ring51,ring,2.0,60.0,20.0,98.0,S2_ring_D2_X60_Y20_Z98,S2_20250719-173002.694107986+0800.h5,370;371;372;373;374;375;376;377;378,9,625,0.125,0.0158317837781161,0.0096865843504616,0.0182620635639462,3.133067219962773e-05,0.0002674013573538,1195,21.191579517310448,0.1273022040179802,3.133067219962773e-05,11,False,False
RGM_0313121,2025-07-19 17:38:00.294107986,2025-07-19 17:38:00.344107986,2025-07-19 17:38:00.319107986,2025-07-19 17:38:00,2025-07-19 17:38:00,5,374,3374,ring51,ring,2.0,60.0,20.0,98.0,S2_ring_D2_X60_Y20_Z98,S2_20250719-173002.694107986+0800.h5,370;371;372;373;374;375;376;377;378,9,250,0.05,0.0119849923297767,0.0097201999982451,0.0136288729489222,7.18200205724042e-06,6.432342617700577e-05,1196,21.203564509640223,0.1273093860200375,7.18200205724042e-06,11,False,False
RGM_0313229,2025-07-19 17:38:31.694107986,2025-07-19 17:38:34.519107986,2025-07-19 17:38:33.794107986,2025-07-19 17:38:33,2025-07-19 17:38:00,5,374,3374,ring51,ring,2.0,60.0,20.0,98.0,S2_ring_D2_X60_Y20_Z98,S2_20250719-173002.694107986+0800.h5,370;371;372;373;374;375;376;377;378,9,14125,2.825,0.0307939531684914,0.0135518668102746,0.0324482230520381,0.0026788558336746,0.0202836498806555,1197,21.234358462808714,0.1299882418537122,0.0026788558336746,11,False,False
RGM_0313396,2025-07-19 17:39:18.844107986,2025-07-19 17:39:20.719107986,2025-07-19 17:39:20.669107986,2025-07-19 17:39:20,2025-07-19 17:39:00,5,374,3374,ring51,ring,2.0,60.0,20.0,98.0,S2_ring_D2_X60_Y20_Z98,S2_20250719-173002.694107986+0800.h5,370;371;372;373;374;375;376;377;378,9,9375,1.875,0.0089353989055915,0.0082559119985028,0.0098580369065932,0.0001497025380038,0.0013554078435955,1198,21.243293861714307,0.130137944391716,0.0001497025380038,11,False,False
RGM_0313558,2025-07-19 17:40:04.294208117,2025-07-19 17:40:05.544208117,2025-07-19 17:40:04.969208117,2025-07-19 17:40:04,2025-07-19 17:40:00,5,374,3374,ring51,ring,2.0,60.0,20.0,98.0,S2_ring_D2_X60_Y20_Z98,S2_20250719-174002.694208117+0800.h5,370;371;372;373;374;375;376;377;378,9,6250,1.25,0.0090477813090965,0.0086290562299073,0.0102254094383675,0.0001023279332715,0.0009588263000181,1199,21.252341643023403,0.1302402723249875,0.0001023279332715,11,False,False
RGM_0313572,2025-07-19 17:40:09.219208117,2025-07-19 17:40:09.269208117,2025-07-19 17:40:09.244208117,2025-07-19 17:40:09,2025-07-19 17:40:00,5,375,3375,ring51,ring,2.0,60.0,20.0,98.0,S2_ring_D2_X60_Y20_Z98,S2_20250719-174002.694208117+0800.h5,371;372;373;374;375;376;377;378;379,9,250,0.05,0.0109044917929229,0.008749387071075,0.012232755458197,5.94539706309619e-06,5.400962970808137e-05,1200,21.263246134816328,0.1302462177220506,5.94539706309619e-06,11,False,False
RGM_0313575,2025-07-19 17:40:09.169208117,2025-07-19 17:40:09.819208117,2025-07-19 17:40:09.794208117,2025-07-19 17:40:09,2025-07-19 17:40:00,5,374,3374,ring51,ring,2.0,60.0,20.0,98.0,S2_ring_D2_X60_Y20_Z98,S2_20250719-174002.694208117+0800.h5,370;371;372;373;374;375;376;377;378,9,3250,0.65,0.0100479495645393,0.0093703660798406,0.0109171485410816,6.562483879349177e-05,0.0005927165919318,1201,21.27329408438087,0.1303118425608441,6.562483879349177e-05,11,False,False
RGM_0313820,2025-07-19 17:41:21.994208117,2025-07-19 17:41:22.044208117,2025-07-19 17:41:22.019208117,2025-07-19 17:41:22,2025-07-19 17:41:00,5,374,3374,ring51,ring,2.0,60.0,20.0,98.0,S2_ring_D2_X60_Y20_Z98,S2_20250719-174002.694208117+0800.h5,370;371;372;373;374;375;376;377;378,9,250,0.05,0.0144781966400718,0.0078914355084777,0.0157242011073701,1.0480908897429395e-05,8.613270378524126e-05,1202,21.287772281020946,0.1303223234697416,1.0480908897429395e-05,11,False,False
RGM_0313821,2025-07-19 17:41:21.994208117,2025-07-19 17:41:22.094208117,2025-07-19 17:41:22.069208117,2025-07-19 17:41:22,2025-07-19 17:41:00,5,374,3374,ring51,ring,2.0,60.0,20.0,98.0,S2_ring_D2_X60_Y20_Z98,S2_20250719-174002.694208117+0800.h5,370;371;372;373;374;375;376;377;378,9,500,0.1,0.0200832917706004,0.010837302728265,0.0216460325007208,4.033386083430688e-05,0.0003114856593895,1203,21.307855572791546,0.1303626573305759,4.033386083430688e-05,11,False,False
RGM_0313942,2025-07-19 17:41:58.069208117,2025-07-19 17:41:58.169208117,2025-07-19 17:41:58.119208117,2025-07-19 17:41:58,2025-07-19 17:41:00,5,488,3488,ring58,ring,2.0,163.0,120.0,16.0,S2_ring_D2_X163_Y120_Z16,S2_20250719-174002.694208117+0800.h5,484;485;486;487;488;489;490;491;492,9,500,0.1,0.0106959023470759,0.0050292996611335,0.0110483508224833,1.1440232701818452e-05,8.434590436462103e-05,1204,21.31855147513862,0.1303740975632777,1.1440232701818452e-05,58,False,False
RGM_0314233,2025-07-19 17:43:21.719208117,2025-07-19 17:43:21.769208117,2025-07-19 17:43:21.744208117,2025-07-19 17:43:21,2025-07-19 17:43:00,5,374,3374,ring51,ring,2.0,60.0,20.0,98.0,S2_ring_D2_X60_Y20_Z98,S2_20250719-174002.694208117+0800.h5,370;371;372;373;374;375;376;377;378,9,250,0.05,0.0146423242001821,0.0102328319824659,0.015482445346161,1.0719882899161995e-05,8.85582563112951e-05,1205,21.3331937993388,0.1303848174461769,1.0719882899161995e-05,11,False,False
RGM_0314342,2025-07-19 17:43:51.219208117,2025-07-19 17:43:53.944208117,2025-07-19 17:43:53.144208117,2025-07-19 17:43:53,2025-07-19 17:43:00,5,374,3374,ring51,ring,2.0,60.0,20.0,98.0,S2_ring_D2_X60_Y20_Z98,S2_20250719-174002.694208117+0800.h5,370;371;372;373;374;375;376;377;378,9,13625,2.725,0.0179379313353478,0.0113033040376707,0.0194830560455946,0.0008768215621122,0.0071289042566342,1206,21.351131730674147,0.1312616390082891,0.0008768215621122,11,False,False
RGM_0314351,2025-07-19 17:43:55.444208117,2025-07-19 17:43:56.269208117,2025-07-19 17:43:56.169208117,2025-07-19 17:43:56,2025-07-19 17:43:00,5,374,3374,ring51,ring,2.0,60.0,20.0,98.0,S2_ring_D2_X60_Y20_Z98,S2_20250719-174002.694208117+0800.h5,370;371;372;373;374;375;376;377;378,9,4125,0.825,0.0153784728601935,0.009317916220896,0.0165971580980767,0.0001951103776971,0.0015728026949,1207,21.36651020353434,0.1314567493859862,0.0001951103776971,11,False,False
RGM_0314353,2025-07-19 17:43:56.769208117,2025-07-19 17:43:56.819208117,2025-07-19 17:43:56.794208117,2025-07-19 17:43:56,2025-07-19 17:43:00,5,374,3374,ring51,ring,2.0,60.0,20.0,98.0,S2_ring_D2_X60_Y20_Z98,S2_20250719-174002.694208117+0800.h5,370;371;372;373;374;375;376;377;378,9,250,0.05,0.0168249887875134,0.0086612271769959,0.0181001206574734,1.415401238499763e-05,0.0001140235374043,1208,21.38333519232185,0.1314709033983712,1.415401238499763e-05,11,False,False
RGM_0314373,2025-07-19 17:44:00.494208117,2025-07-19 17:44:01.144208117,2025-07-19 17:44:01.119208117,2025-07-19 17:44:01,2025-07-19 17:44:00,5,374,3374,ring51,ring,2.0,60.0,20.0,98.0,S2_ring_D2_X60_Y20_Z98,S2_20250719-174002.694208117+0800.h5,370;371;372;373;374;375;376;377;378,9,3250,0.65,0.0102739810484533,0.0069581282998047,0.0107874172786848,6.861054627958543e-05,0.000555384344811,1209,21.393609173370304,0.1315395139446508,6.861054627958543e-05,11,False,False
RGM_0314491,2025-07-19 17:44:33.694208117,2025-07-19 17:44:36.344208117,2025-07-19 17:44:35.094208117,2025-07-19 17:44:35,2025-07-19 17:44:00,5,374,3374,ring51,ring,2.0,60.0,20.0,98.0,S2_ring_D2_X60_Y20_Z98,S2_20250719-174002.694208117+0800.h5,370;371;372;373;374;375;376;377;378,9,13250,2.65,0.0198701701579841,0.0074535803914303,0.0219094107723884,0.0010462827045841,0.0082913812162592,1210,21.413479343528287,0.132585796649235,0.0010462827045841,11,False,False
RGM_0314566,2025-07-19 17:44:55.294208117,2025-07-19 17:44:57.819208117,2025-07-19 17:44:55.994208117,2025-07-19 17:44:55,2025-07-19 17:44:00,5,374,3374,ring51,ring,2.0,60.0,20.0,98.0,S2_ring_D2_X60_Y20_Z98,S2_20250719-174002.694208117+0800.h5,370;371;372;373;374;375;376;377;378,9,12625,2.525,0.0117292314559385,0.0055296486125129,0.012500712904058,0.0003473765481311,0.002711655463252,1211,21.425208574984225,0.1329331731973661,0.0003473765481311,11,False,False
RGM_0314911,2025-07-19 17:46:16.494208117,2025-07-19 17:46:16.544208117,2025-07-19 17:46:16.519208117,2025-07-19 17:46:16,2025-07-19 17:46:00,5,426,3426,ring54,ring,2.0,115.0,120.0,80.0,S2_ring_D2_X115_Y120_Z80,S2_20250719-174002.694208117+0800.h5,422;423;424;425;426;427;428;429;430,9,250,0.05,0.0321992786861883,0.0125225204282857,0.0365964254757234,5.183967739554122e-05,0.0004016112659302,1212,21.45740785367041,0.1329850128747617,5.183967739554122e-05,34,False,False
RGM_0314932,2025-07-19 17:46:21.469208117,2025-07-19 17:46:21.519208117,2025-07-19 17:46:21.494208117,2025-07-19 17:46:21,2025-07-19 17:46:00,5,374,3374,ring51,ring,2.0,60.0,20.0,98.0,S2_ring_D2_X60_Y20_Z98,S2_20250719-174002.694208117+0800.h5,370;371;372;373;374;375;376;377;378,9,250,0.05,0.0137632685176842,0.0058346004891694,0.0143118821794524,9.471378014493893e-06,7.096152509764992e-05,1213,21.4711711221881,0.1329944842527762,9.471378014493893e-06,11,False,False
RGM_0315228,2025-07-19 17:47:38.094208117,2025-07-19 17:47:38.244208117,2025-07-19 17:47:38.169208117,2025-07-19 17:47:38,2025-07-19 17:47:00,5,374,3374,ring51,ring,2.0,60.0,20.0,98.0,S2_ring_D2_X60_Y20_Z98,S2_20250719-174002.694208117+0800.h5,370;371;372;373;374;375;376;377;378,9,750,0.15,0.0233792886663357,0.0090119608296006,0.0242954350242892,8.198867078157814e-05,0.0006027637227262,1214,21.49455041085444,0.1330764729235578,8.198867078157814e-05,11,False,False
RGM_0315575,2025-07-19 17:48:49.544208117,2025-07-19 17:48:49.644208117,2025-07-19 17:48:49.569208117,2025-07-19 17:48:49,2025-07-19 17:48:00,5,374,3374,ring51,ring,2.0,60.0,20.0,98.0,S2_ring_D2_X60_Y20_Z98,S2_20250719-174002.694208117+0800.h5,370;371;372;373;374;375;376;377;378,9,500,0.1,0.0183294023546748,0.0080534560187236,0.0196488632438706,3.3596699067955814e-05,0.0002613424937949,1215,21.51287981320911,0.1331100696226257,3.3596699067955814e-05,11,False,False
RGM_0315639,2025-07-19 17:48:53.069208117,2025-07-19 17:48:53.569208117,2025-07-19 17:48:53.294208117,2025-07-19 17:48:53,2025-07-19 17:48:00,5,374,3374,ring51,ring,2.0,60.0,20.0,98.0,S2_ring_D2_X60_Y20_Z98,S2_20250719-174002.694208117+0800.h5,370;371;372;373;374;375;376;377;378,9,2500,0.5,0.0106215688683646,0.0085029846047574,0.0131544054554767,5.640886261270705e-05,0.000522567001741,1216,21.52350138207748,0.1331664784852384,5.640886261270705e-05,11,False,False
RGM_0315641,2025-07-19 17:48:53.269208117,2025-07-19 17:48:53.419208117,2025-07-19 17:48:53.369208117,2025-07-19 17:48:53,2025-07-19 17:48:00,5,374,3374,ring51,ring,2.0,60.0,20.0,98.0,S2_ring_D2_X60_Y20_Z98,S2_20250719-174002.694208117+0800.h5,370;371;372;373;374;375;376;377;378,9,750,0.15,0.0159813543819847,0.009201122245557,0.0192568879846289,3.831055318238752e-05,0.0003373546170101,1217,21.539482736459465,0.1332047890384208,3.831055318238752e-05,11,False,False
RGM_0315714,2025-07-19 17:48:56.944208117,2025-07-19 17:48:57.294208117,2025-07-19 17:48:57.094208117,2025-07-19 17:48:57,2025-07-19 17:48:00,5,374,3374,ring51,ring,2.0,60.0,20.0,98.0,S2_ring_D2_X60_Y20_Z98,S2_20250719-174002.694208117+0800.h5,370;371;372;373;374;375;376;377;378,9,1750,0.35,0.01520675826541,0.0098659830209127,0.0194391490710834,8.09359239299156e-05,0.0007286140522854,1218,21.554689494724872,0.1332857249623507,8.09359239299156e-05,11,False,False
RGM_0315844,2025-07-19 17:49:06.919208117,2025-07-19 17:49:06.969208117,2025-07-19 17:49:06.944208117,2025-07-19 17:49:06,2025-07-19 17:49:00,5,374,3374,ring51,ring,2.0,60.0,20.0,98.0,S2_ring_D2_X60_Y20_Z98,S2_20250719-174002.694208117+0800.h5,370;371;372;373;374;375;376;377;378,9,250,0.05,0.023631600148523,0.0135362618559008,0.0311519286725443,2.7922626278983797e-05,0.0002488170379001,1219,21.578321094873395,0.1333136475886297,2.7922626278983797e-05,11,False,False
RGM_0315845,2025-07-19 17:49:06.919208117,2025-07-19 17:49:06.969208117,2025-07-19 17:49:06.944208117,2025-07-19 17:49:06,2025-07-19 17:49:00,5,375,3375,ring51,ring,2.0,60.0,20.0,98.0,S2_ring_D2_X60_Y20_Z98,S2_20250719-174002.694208117+0800.h5,371;372;373;374;375;376;377;378;379,9,250,0.05,0.02228731936172,0.0135362618559008,0.0311519286725443,2.483623021656509e-05,0.000223224075946,1220,21.600608414235115,0.1333384838188463,2.483623021656509e-05,11,False,False
RGM_0315848,2025-07-19 17:49:06.919208117,2025-07-19 17:49:07.019208117,2025-07-19 17:49:06.969208117,2025-07-19 17:49:06,2025-07-19 17:49:00,5,377,3377,ring51,ring,2.0,60.0,20.0,98.0,S2_ring_D2_X60_Y20_Z98,S2_20250719-174002.694208117+0800.h5,373;374;375;376;377;378;379;380;381,9,500,0.1,0.0129389912564094,0.0070974247203319,0.018937787167671,1.6741749473344068e-05,0.0001790414761227,1221,21.613547405491524,0.1333552255683196,1.6741749473344068e-05,11,False,False
RGM_0315850,2025-07-19 17:49:06.919208117,2025-07-19 17:49:07.019208117,2025-07-19 17:49:06.969208117,2025-07-19 17:49:06,2025-07-19 17:49:00,5,376,3376,ring51,ring,2.0,60.0,20.0,98.0,S2_ring_D2_X60_Y20_Z98,S2_20250719-174002.694208117+0800.h5,372;373;374;375;376;377;378;379;380,9,500,0.1,0.0157114564398178,0.0086777965258091,0.0207733639987357,2.4684986346029385e-05,0.000217157397539,1222,21.62925886193134,0.1333799105546656,2.4684986346029385e-05,11,False,False
RGM_0315853,2025-07-19 17:49:06.944208117,2025-07-19 17:49:07.119208117,2025-07-19 17:49:07.019208117,2025-07-19 17:49:07,2025-07-19 17:49:00,5,374,3374,ring51,ring,2.0,60.0,20.0,98.0,S2_ring_D2_X60_Y20_Z98,S2_20250719-174002.694208117+0800.h5,370;371;372;373;374;375;376;377;378,9,875,0.175,0.0170010743686011,0.0118696105182304,0.0231393713336225,5.058139269517361e-05,0.0004797400847842,1223,21.64625993629994,0.1334304919473608,5.058139269517361e-05,11,False,False
RGM_0315898,2025-07-19 17:49:09.419208117,2025-07-19 17:49:09.519208117,2025-07-19 17:49:09.444208117,2025-07-19 17:49:09,2025-07-19 17:49:00,5,375,3375,ring51,ring,2.0,60.0,20.0,98.0,S2_ring_D2_X60_Y20_Z98,S2_20250719-174002.694208117+0800.h5,371;372;373;374;375;376;377;378;379,9,500,0.1,0.0305914005520791,0.0161100176249559,0.0468047944483885,9.358337877377462e-05,0.0009011419504076,1224,21.67685133685202,0.1335240753261346,9.358337877377462e-05,11,False,False
RGM_0315900,2025-07-19 17:49:09.469208117,2025-07-19 17:49:09.569208117,2025-07-19 17:49:09.519208117,2025-07-19 17:49:09,2025-07-19 17:49:00,5,374,3374,ring51,ring,2.0,60.0,20.0,98.0,S2_ring_D2_X60_Y20_Z98,S2_20250719-174002.694208117+0800.h5,370;371;372;373;374;375;376;377;378,9,500,0.1,0.0283704533365438,0.0148597819623524,0.0412088425293446,8.04882622521011e-05,0.000762376412951,1225,21.705221790188563,0.1336045635883867,8.04882622521011e-05,11,False,False
RGM_0315984,2025-07-19 17:49:15.069208117,2025-07-19 17:49:15.794208117,2025-07-19 17:49:15.719208117,2025-07-19 17:49:15,2025-07-19 17:49:00,5,374,3374,ring51,ring,2.0,60.0,20.0,98.0,S2_ring_D2_X60_Y20_Z98,S2_20250719-174002.694208117+0800.h5,370;371;372;373;374;375;376;377;378,9,3625,0.725,0.0122399775134311,0.009710086553254,0.0169971323630589,0.0001086173609087,0.0011179275869824,1226,21.717461767701995,0.1337131809492954,0.0001086173609087,11,False,False
RGM_0316133,2025-07-19 17:49:42.919208117,2025-07-19 17:49:42.969208117,2025-07-19 17:49:42.944208117,2025-07-19 17:49:42,2025-07-19 17:49:00,5,374,3374,ring51,ring,2.0,60.0,20.0,98.0,S2_ring_D2_X60_Y20_Z98,S2_20250719-174002.694208117+0800.h5,370;371;372;373;374;375;376;377;378,9,250,0.05,0.016516587686853,0.0115601194240083,0.0172523750949974,1.3639883440875258e-05,0.0001099348175222,1227,21.73397835538885,0.1337268208327363,1.3639883440875258e-05,11,False,False
RGM_0316209,2025-07-19 17:49:52.744208117,2025-07-19 17:49:52.794208117,2025-07-19 17:49:52.769208117,2025-07-19 17:49:52,2025-07-19 17:49:00,5,374,3374,ring51,ring,2.0,60.0,20.0,98.0,S2_ring_D2_X60_Y20_Z98,S2_20250719-174002.694208117+0800.h5,370;371;372;373;374;375;376;377;378,9,250,0.05,0.0167964867372726,0.0108680909063124,0.0184860969186623,1.410609833576874e-05,0.0001155629319673,1228,21.75077484212612,0.1337409269310721,1.410609833576874e-05,11,False,False
RGM_0316223,2025-07-19 17:49:55.444208117,2025-07-19 17:49:55.569208117,2025-07-19 17:49:55.544208117,2025-07-19 17:49:55,2025-07-19 17:49:00,5,374,3374,ring51,ring,2.0,60.0,20.0,98.0,S2_ring_D2_X60_Y20_Z98,S2_20250719-174002.694208117+0800.h5,370;371;372;373;374;375;376;377;378,9,625,0.125,0.0252073044622124,0.0126508139851779,0.0304013236246243,7.942602478133423e-05,0.00068927128446,1229,21.775982146588333,0.1338203529558534,7.942602478133423e-05,11,False,False
RGM_0316418,2025-07-19 17:50:23.394296068,2025-07-19 17:50:23.444296068,2025-07-19 17:50:23.419296068,2025-07-19 17:50:23,2025-07-19 17:50:00,5,374,3374,ring51,ring,2.0,60.0,20.0,98.0,S2_ring_D2_X60_Y20_Z98,S2_20250719-175002.694296068+0800.h5,370;371;372;373;374;375;376;377;378,9,250,0.05,0.020277085456502,0.0105641051891616,0.0223506754363203,2.0558009730514323e-05,0.0001582172252557,1230,21.79625923204484,0.1338409109655839,2.0558009730514323e-05,11,False,False
RGM_0316419,2025-07-19 17:50:23.419296068,2025-07-19 17:50:23.519296068,2025-07-19 17:50:23.444296068,2025-07-19 17:50:23,2025-07-19 17:50:00,5,375,3375,ring51,ring,2.0,60.0,20.0,98.0,S2_ring_D2_X60_Y20_Z98,S2_20250719-175002.694296068+0800.h5,371;372;373;374;375;376;377;378;379,9,500,0.1,0.0159871968775336,0.0085801342013777,0.0193084553176173,2.555904640010214e-05,0.0002097667063461,1231,21.812246428922368,0.1338664700119841,2.555904640010214e-05,11,False,False
RGM_0316465,2025-07-19 17:50:26.169296068,2025-07-19 17:50:26.269296068,2025-07-19 17:50:26.194296068,2025-07-19 17:50:26,2025-07-19 17:50:00,5,374,3374,ring51,ring,2.0,60.0,20.0,98.0,S2_ring_D2_X60_Y20_Z98,S2_20250719-175002.694296068+0800.h5,370;371;372;373;374;375;376;377;378,9,500,0.1,0.016535382555354,0.0099593736860279,0.0182518974931127,2.7341887625190737e-05,0.000224144350722,1232,21.82878181147772,0.1338938118996092,2.7341887625190737e-05,11,False,False
RGM_0316483,2025-07-19 17:50:28.244296068,2025-07-19 17:50:28.369296068,2025-07-19 17:50:28.344296068,2025-07-19 17:50:28,2025-07-19 17:50:00,5,374,3374,ring51,ring,2.0,60.0,20.0,98.0,S2_ring_D2_X60_Y20_Z98,S2_20250719-175002.694296068+0800.h5,370;371;372;373;374;375;376;377;378,9,625,0.125,0.016716199172306,0.0112464396955659,0.0183301745292543,3.492891434602571e-05,0.0002890684459441,1233,21.84549801065003,0.1339287408139553,3.492891434602571e-05,11,False,False
RGM_0316506,2025-07-19 17:50:32.469296068,2025-07-19 17:50:32.594296068,2025-07-19 17:50:32.494296068,2025-07-19 17:50:32,2025-07-19 17:50:00,5,374,3374,ring51,ring,2.0,60.0,20.0,98.0,S2_ring_D2_X60_Y20_Z98,S2_20250719-175002.694296068+0800.h5,370;371;372;373;374;375;376;377;378,9,625,0.125,0.0151328828094001,0.0102707176346904,0.0164721775765544,2.8625517765379997e-05,0.0002374865895269,1234,21.86063089345943,0.1339573663317207,2.8625517765379997e-05,11,False,False
RGM_0316531,2025-07-19 17:50:36.719296068,2025-07-19 17:50:36.894296068,2025-07-19 17:50:36.819296068,2025-07-19 17:50:36,2025-07-19 17:50:00,5,374,3374,ring51,ring,2.0,60.0,20.0,98.0,S2_ring_D2_X60_Y20_Z98,S2_20250719-175002.694296068+0800.h5,370;371;372;373;374;375;376;377;378,9,875,0.175,0.0201514164623357,0.0098585832308467,0.0228448372930952,7.106392745173712e-05,0.0005740473238962,1235,21.880782309921766,0.1340284302591724,7.106392745173712e-05,11,False,False
RGM_0316577,2025-07-19 17:50:45.219296068,2025-07-19 17:50:45.344296068,2025-07-19 17:50:45.244296068,2025-07-19 17:50:45,2025-07-19 17:50:00,5,374,3374,ring51,ring,2.0,60.0,20.0,98.0,S2_ring_D2_X60_Y20_Z98,S2_20250719-175002.694296068+0800.h5,370;371;372;373;374;375;376;377;378,9,625,0.125,0.0155381652896136,0.0100377631979295,0.0169840090910214,3.0179322570919137e-05,0.0002484197075707,1236,21.89632047521138,0.1340586095817433,3.0179322570919137e-05,11,False,False
RGM_0316581,2025-07-19 17:50:45.819296068,2025-07-19 17:50:46.469296068,2025-07-19 17:50:45.844296068,2025-07-19 17:50:45,2025-07-19 17:50:00,5,426,3426,ring54,ring,2.0,115.0,120.0,80.0,S2_ring_D2_X115_Y120_Z80,S2_20250719-175002.694296068+0800.h5,422;423;424;425;426;427;428;429;430,9,3250,0.65,0.0231533196393672,0.00901308661239,0.0275117222018201,0.0003484495367097,0.0027682740428483,1237,21.919473794850745,0.1344070591184531,0.0003484495367097,34,False,False
RGM_0316598,2025-07-19 17:50:48.069296068,2025-07-19 17:50:48.169296068,2025-07-19 17:50:48.094296068,2025-07-19 17:50:48,2025-07-19 17:50:00,5,374,3374,ring51,ring,2.0,60.0,20.0,98.0,S2_ring_D2_X60_Y20_Z98,S2_20250719-175002.694296068+0800.h5,370;371;372;373;374;375;376;377;378,9,500,0.1,0.0143348291614915,0.0104211537582423,0.0159961678618411,2.0548732708914748e-05,0.0001797002642391,1238,21.93380862401224,0.134427607851162,2.0548732708914748e-05,11,False,False
RGM_0316627,2025-07-19 17:50:53.769296068,2025-07-19 17:50:53.894296068,2025-07-19 17:50:53.794296068,2025-07-19 17:50:53,2025-07-19 17:50:00,5,374,3374,ring51,ring,2.0,60.0,20.0,98.0,S2_ring_D2_X60_Y20_Z98,S2_20250719-175002.694296068+0800.h5,370;371;372;373;374;375;376;377;378,9,625,0.125,0.0123824929030257,0.0092318993870551,0.0134089916957922,1.916576631168548e-05,0.0001639643905106,1239,21.946191116915266,0.1344467736174737,1.916576631168548e-05,11,False,False
RGM_0316783,2025-07-19 17:51:08.869296068,2025-07-19 17:51:08.994296068,2025-07-19 17:51:08.894296068,2025-07-19 17:51:08,2025-07-19 17:51:00,5,374,3374,ring51,ring,2.0,60.0,20.0,98.0,S2_ring_D2_X60_Y20_Z98,S2_20250719-175002.694296068+0800.h5,370;371;372;373;374;375;376;377;378,9,625,0.125,0.0146625266706261,0.0097363656112669,0.0162059449802654,2.6873711045852983e-05,0.0002235713220118,1240,21.96085364358589,0.1344736473285195,2.6873711045852983e-05,11,False,False
RGM_0317074,2025-07-19 17:51:56.344296068,2025-07-19 17:51:56.469296068,2025-07-19 17:51:56.444296068,2025-07-19 17:51:56,2025-07-19 17:51:00,5,374,3374,ring51,ring,2.0,60.0,20.0,98.0,S2_ring_D2_X60_Y20_Z98,S2_20250719-175002.694296068+0800.h5,370;371;372;373;374;375;376;377;378,9,625,0.125,0.0167989360673089,0.0100245900917956,0.0190735967995325,3.527553162419165e-05,0.0002992757228402,1241,21.9776525796532,0.1345089228601437,3.527553162419165e-05,11,False,False
RGM_0317093,2025-07-19 17:52:00.669296068,2025-07-19 17:52:00.794296068,2025-07-19 17:52:00.769296068,2025-07-19 17:52:00,2025-07-19 17:52:00,5,374,3374,ring51,ring,2.0,60.0,20.0,98.0,S2_ring_D2_X60_Y20_Z98,S2_20250719-175002.694296068+0800.h5,370;371;372;373;374;375;376;377;378,9,625,0.125,0.0208360936162371,0.0117271118919791,0.0241467036549938,5.426784964807459e-05,0.0004618321879958,1242,21.998488673269435,0.1345631907097918,5.426784964807459e-05,11,False,False
RGM_0317126,2025-07-19 17:52:07.019296068,2025-07-19 17:52:07.119296068,2025-07-19 17:52:07.094296068,2025-07-19 17:52:07,2025-07-19 17:52:00,5,374,3374,ring51,ring,2.0,60.0,20.0,98.0,S2_ring_D2_X60_Y20_Z98,S2_20250719-175002.694296068+0800.h5,370;371;372;373;374;375;376;377;378,9,500,0.1,0.018295251283116,0.0110077622510183,0.0214392748109247,3.3471621951235866e-05,0.0002938276874496,1243,22.016783924552552,0.134596662331743,3.3471621951235866e-05,11,False,False
RGM_0317137,2025-07-19 17:52:09.819296068,2025-07-19 17:52:09.994296068,2025-07-19 17:52:09.919296068,2025-07-19 17:52:09,2025-07-19 17:52:00,5,374,3374,ring51,ring,2.0,60.0,20.0,98.0,S2_ring_D2_X60_Y20_Z98,S2_20250719-175002.694296068+0800.h5,370;371;372;373;374;375;376;377;378,9,875,0.175,0.0213123412675,0.0086593586219662,0.0235333432846719,7.948778080291732e-05,0.0005957973763934,1244,22.03809626582005,0.1346761501125459,7.948778080291732e-05,11,False,False
RGM_0317141,2025-07-19 17:52:10.519296068,2025-07-19 17:52:10.569296068,2025-07-19 17:52:10.544296068,2025-07-19 17:52:10,2025-07-19 17:52:00,5,374,3374,ring51,ring,2.0,60.0,20.0,98.0,S2_ring_D2_X60_Y20_Z98,S2_20250719-175002.694296068+0800.h5,370;371;372;373;374;375;376;377;378,9,250,0.05,0.0171319173925294,0.0114702256214638,0.0193890645759711,1.4675129677222662e-05,0.0001208685691847,1245,22.05522818321258,0.1346908252422232,1.4675129677222662e-05,11,False,False
RGM_0317142,2025-07-19 17:52:10.569296068,2025-07-19 17:52:10.619296068,2025-07-19 17:52:10.594296068,2025-07-19 17:52:10,2025-07-19 17:52:00,5,374,3374,ring51,ring,2.0,60.0,20.0,98.0,S2_ring_D2_X60_Y20_Z98,S2_20250719-175002.694296068+0800.h5,370;371;372;373;374;375;376;377;378,9,250,0.05,0.0155692899181976,0.0078750556797792,0.0173823820371488,1.2120139427844556e-05,9.659238793346882e-05,1246,22.070797473130774,0.134702945381651,1.2120139427844556e-05,11,False,False
RGM_0317185,2025-07-19 17:52:19.019296068,2025-07-19 17:52:19.144296068,2025-07-19 17:52:19.044296068,2025-07-19 17:52:19,2025-07-19 17:52:00,5,374,3374,ring51,ring,2.0,60.0,20.0,98.0,S2_ring_D2_X60_Y20_Z98,S2_20250719-175002.694296068+0800.h5,370;371;372;373;374;375;376;377;378,9,625,0.125,0.0161355096678853,0.0082934650516083,0.0176264060462807,3.2544334030302786e-05,0.0002559100026606,1247,22.086932982798665,0.1347354897156813,3.2544334030302786e-05,11,False,False
RGM_0317211,2025-07-19 17:52:23.969296068,2025-07-19 17:52:24.069296068,2025-07-19 17:52:24.044296068,2025-07-19 17:52:24,2025-07-19 17:52:00,5,374,3374,ring51,ring,2.0,60.0,20.0,98.0,S2_ring_D2_X60_Y20_Z98,S2_20250719-175002.694296068+0800.h5,370;371;372;373;374;375;376;377;378,9,500,0.1,0.0187110732202427,0.0080447247454208,0.0207469327276822,3.501042610532871e-05,0.0002705074067645,1248,22.105644056018907,0.1347705001417866,3.501042610532871e-05,11,False,False
RGM_0317252,2025-07-19 17:52:31.019296068,2025-07-19 17:52:31.169296068,2025-07-19 17:52:31.119296068,2025-07-19 17:52:31,2025-07-19 17:52:00,5,374,3374,ring51,ring,2.0,60.0,20.0,98.0,S2_ring_D2_X60_Y20_Z98,S2_20250719-175002.694296068+0800.h5,370;371;372;373;374;375;376;377;378,9,750,0.15,0.0179665502974648,0.007262793451447,0.0199662828236907,4.841953943870008e-05,0.0003766705500262,1249,22.12361060631637,0.1348189196812253,4.841953943870008e-05,11,False,False
RGM_0317268,2025-07-19 17:52:33.694296068,2025-07-19 17:52:34.444296068,2025-07-19 17:52:33.719296068,2025-07-19 17:52:33,2025-07-19 17:52:00,5,374,3374,ring51,ring,2.0,60.0,20.0,98.0,S2_ring_D2_X60_Y20_Z98,S2_20250719-175002.694296068+0800.h5,370;371;372;373;374;375;376;377;378,9,3750,0.75,0.0118543863942707,0.0061990089966667,0.0129266772667751,0.0001053948575885,0.0008315662263596,1250,22.13546499271064,0.1349243145388138,0.0001053948575885,11,False,False
RGM_0317364,2025-07-19 17:52:50.544296068,2025-07-19 17:52:50.594296068,2025-07-19 17:52:50.569296068,2025-07-19 17:52:50,2025-07-19 17:52:00,5,374,3374,ring51,ring,2.0,60.0,20.0,98.0,S2_ring_D2_X60_Y20_Z98,S2_20250719-175002.694296068+0800.h5,370;371;372;373;374;375;376;377;378,9,250,0.05,0.0117808740779985,0.0066627189188979,0.012921750280885,6.939449702082862e-06,5.543816074469046e-05,1251,22.14724586678864,0.1349312539885159,6.939449702082862e-06,11,False,False
RGM_0317404,2025-07-19 17:53:00.344296068,2025-07-19 17:53:00.394296068,2025-07-19 17:53:00.369296068,2025-07-19 17:53:00,2025-07-19 17:53:00,5,374,3374,ring51,ring,2.0,60.0,20.0,98.0,S2_ring_D2_X60_Y20_Z98,S2_20250719-175002.694296068+0800.h5,370;371;372;373;374;375;376;377;378,9,250,0.05,0.0163752055338254,0.010987848210782,0.0186461001682498,1.3407367813751306e-05,0.0001185648369123,1252,22.163621072322467,0.1349446613563297,1.3407367813751306e-05,11,False,False
RGM_0317616,2025-07-19 17:53:41.644296068,2025-07-19 17:53:41.719296068,2025-07-19 17:53:41.694296068,2025-07-19 17:53:41,2025-07-19 17:53:00,5,374,3374,ring51,ring,2.0,60.0,20.0,98.0,S2_ring_D2_X60_Y20_Z98,S2_20250719-175002.694296068+0800.h5,370;371;372;373;374;375;376;377;378,9,375,0.075,0.0137529900690236,0.0072028264830252,0.0157388508289996,1.4185855187899758e-05,0.0001190378347369,1253,22.17737406239149,0.1349588472115176,1.4185855187899758e-05,11,False,False
RGM_0317617,2025-07-19 17:53:41.669296068,2025-07-19 17:53:41.769296068,2025-07-19 17:53:41.719296068,2025-07-19 17:53:41,2025-07-19 17:53:00,5,375,3375,ring51,ring,2.0,60.0,20.0,98.0,S2_ring_D2_X60_Y20_Z98,S2_20250719-175002.694296068+0800.h5,371;372;373;374;375;376;377;378;379,9,500,0.1,0.0175723303629881,0.0065745638111935,0.0207187595629537,3.0878679438599395e-05,0.0002344588675563,1254,22.19494639275448,0.1349897258909562,3.0878679438599395e-05,11,False,False
RGM_0317620,2025-07-19 17:53:41.719296068,2025-07-19 17:53:41.769296068,2025-07-19 17:53:41.744296068,2025-07-19 17:53:41,2025-07-19 17:53:00,5,374,3374,ring51,ring,2.0,60.0,20.0,98.0,S2_ring_D2_X60_Y20_Z98,S2_20250719-175002.694296068+0800.h5,370;371;372;373;374;375;376;377;378,9,250,0.05,0.0186412038011655,0.0070737257670447,0.0223342786120938,1.737472395782952e-05,0.0001465441199007,1255,22.213587596555644,0.135007100614914,1.737472395782952e-05,11,False,False
RGM_0317743,2025-07-19 17:53:56.444296068,2025-07-19 17:53:56.494296068,2025-07-19 17:53:56.469296068,2025-07-19 17:53:56,2025-07-19 17:53:00,5,376,3376,ring51,ring,2.0,60.0,20.0,98.0,S2_ring_D2_X60_Y20_Z98,S2_20250719-175002.694296068+0800.h5,372;373;374;375;376;377;378;379;380,9,250,0.05,0.0155754443192334,0.006513027881631,0.0235938396852847,1.2129723287077057e-05,0.0001211072153976,1256,22.22916304087488,0.1350192303382011,1.2129723287077057e-05,11,False,False
RGM_0317744,2025-07-19 17:53:56.419296068,2025-07-19 17:53:56.519296068,2025-07-19 17:53:56.469296068,2025-07-19 17:53:56,2025-07-19 17:53:00,5,373,3373,ring51,ring,2.0,60.0,20.0,98.0,S2_ring_D2_X60_Y20_Z98,S2_20250719-175002.694296068+0800.h5,369;370;371;372;373;374;375;376;377,9,500,0.1,0.0167132389717839,0.0098612921847175,0.0194314471881892,2.7933235692795933e-05,0.0002359424497958,1257,22.245876279846662,0.1350471635738939,2.7933235692795933e-05,11,False,False
RGM_0317745,2025-07-19 17:53:56.394296068,2025-07-19 17:53:56.594296068,2025-07-19 17:53:56.469296068,2025-07-19 17:53:56,2025-07-19 17:53:00,5,374,3374,ring51,ring,2.0,60.0,20.0,98.0,S2_ring_D2_X60_Y20_Z98,S2_20250719-175002.694296068+0800.h5,370;371;372;373;374;375;376;377;378,9,1000,0.2,0.0189419969120327,0.0075768035863029,0.0216971026162149,7.175984940309128e-05,0.0005533046266416,1258,22.264818276758696,0.1351189234232969,7.175984940309128e-05,11,False,False
RGM_0317747,2025-07-19 17:53:56.469296068,2025-07-19 17:53:56.569296068,2025-07-19 17:53:56.519296068,2025-07-19 17:53:56,2025-07-19 17:53:00,5,374,3374,ring51,ring,2.0,60.0,20.0,98.0,S2_ring_D2_X60_Y20_Z98,S2_20250719-175002.694296068+0800.h5,370;371;372;373;374;375;376;377;378,9,500,0.1,0.0220829838448208,0.0084056081831809,0.0255809217675954,4.876581754906189e-05,0.0003784434524058,1259,22.28690126060352,0.135167689240846,4.876581754906189e-05,11,False,False
RGM_0317749,2025-07-19 17:53:56.444296068,2025-07-19 17:53:56.569296068,2025-07-19 17:53:56.519296068,2025-07-19 17:53:56,2025-07-19 17:53:00,5,372,3372,ring51,ring,2.0,60.0,20.0,98.0,S2_ring_D2_X60_Y20_Z98,S2_20250719-175002.694296068+0800.h5,368;369;370;371;372;373;374;375;376,9,625,0.125,0.02366360698572,0.0167490150027579,0.0266775074029281,6.999578694682754e-05,0.0005908533947864,1260,22.31056486758924,0.1352376850277928,6.999578694682754e-05,11,False,False
RGM_0317750,2025-07-19 17:53:56.519296068,2025-07-19 17:53:56.569296068,2025-07-19 17:53:56.544296068,2025-07-19 17:53:56,2025-07-19 17:53:00,5,375,3375,ring51,ring,2.0,60.0,20.0,98.0,S2_ring_D2_X60_Y20_Z98,S2_20250719-175002.694296068+0800.h5,371;372;373;374;375;376;377;378;379,9,250,0.05,0.0268205995363431,0.0076457382561204,0.0338454546176171,3.5967227974444515e-05,0.0002866861138824,1261,22.337385467125586,0.1352736522557673,3.5967227974444515e-05,11,False,False
RGM_0317753,2025-07-19 17:53:56.644296068,2025-07-19 17:53:57.044296068,2025-07-19 17:53:56.919296068,2025-07-19 17:53:56,2025-07-19 17:53:00,5,407,3407,ring53,ring,2.0,85.0,20.0,98.0,S2_ring_D2_X85_Y20_Z98,S2_20250719-175002.694296068+0800.h5,403;404;405;406;407;408;409;410;411,9,2000,0.4,0.0237545487016528,0.0080405059116034,0.0279262081181316,0.0002257114336076,0.0018379929070803,1262,22.361140015827235,0.1354993636893749,0.0002257114336076,23,False,False
RGM_0317781,2025-07-19 17:53:58.894296068,2025-07-19 17:53:58.944296068,2025-07-19 17:53:58.919296068,2025-07-19 17:53:58,2025-07-19 17:53:00,5,374,3374,ring51,ring,2.0,60.0,20.0,98.0,S2_ring_D2_X60_Y20_Z98,S2_20250719-175002.694296068+0800.h5,370;371;372;373;374;375;376;377;378,9,250,0.05,0.0161439051926922,0.0077399447882979,0.0190421643535081,1.3031283743531823e-05,0.0001072800009976,1263,22.377283921019927,0.1355123949731185,1.3031283743531823e-05,11,False,False
RGM_0317784,2025-07-19 17:53:58.944296068,2025-07-19 17:53:59.069296068,2025-07-19 17:53:58.994296068,2025-07-19 17:53:58,2025-07-19 17:53:00,5,374,3374,ring51,ring,2.0,60.0,20.0,98.0,S2_ring_D2_X60_Y20_Z98,S2_20250719-175002.694296068+0800.h5,370;371;372;373;374;375;376;377;378,9,625,0.125,0.0126270677915616,0.0059080064719317,0.0155396456149084,1.993035512658661e-05,0.0001685920043776,1264,22.38991098881149,0.1355323253282451,1.993035512658661e-05,11,False,False
RGM_0317917,2025-07-19 17:54:09.894296068,2025-07-19 17:54:10.094296068,2025-07-19 17:54:10.019296068,2025-07-19 17:54:10,2025-07-19 17:54:00,5,374,3374,ring51,ring,2.0,60.0,20.0,98.0,S2_ring_D2_X60_Y20_Z98,S2_20250719-175002.694296068+0800.h5,370;371;372;373;374;375;376;377;378,9,1000,0.2,0.0187825678745895,0.0095740196055867,0.0232821681097918,7.05569711927126e-05,0.0006146717778216,1265,22.40869355668608,0.1356028822994378,7.05569711927126e-05,11,False,False
RGM_0317918,2025-07-19 17:54:09.969296068,2025-07-19 17:54:10.094296068,2025-07-19 17:54:10.044296068,2025-07-19 17:54:10,2025-07-19 17:54:00,5,374,3374,ring51,ring,2.0,60.0,20.0,98.0,S2_ring_D2_X60_Y20_Z98,S2_20250719-175002.694296068+0800.h5,370;371;372;373;374;375;376;377;378,9,625,0.125,0.0235280890196498,0.0105230504001109,0.0275492701019227,6.919637161457122e-05,0.0005641156733009,1266,22.432221645705727,0.1356720786710523,6.919637161457122e-05,11,False,False
RGM_0317919,2025-07-19 17:54:10.044296068,2025-07-19 17:54:10.169296068,2025-07-19 17:54:10.069296068,2025-07-19 17:54:10,2025-07-19 17:54:00,5,377,3377,ring51,ring,2.0,60.0,20.0,98.0,S2_ring_D2_X60_Y20_Z98,S2_20250719-175002.694296068+0800.h5,373;374;375;376;377;378;379;380;381,9,625,0.125,0.0128238751455981,0.0057601224113099,0.023510786444243,2.0556471718736203e-05,0.0002625825981183,1267,22.445045520851327,0.1356926351427711,2.0556471718736203e-05,11,False,False
RGM_0317956,2025-07-19 17:54:12.444296068,2025-07-19 17:54:13.094296068,2025-07-19 17:54:12.519296068,2025-07-19 17:54:12,2025-07-19 17:54:00,5,374,3374,ring51,ring,2.0,60.0,20.0,98.0,S2_ring_D2_X60_Y20_Z98,S2_20250719-175002.694296068+0800.h5,370;371;372;373;374;375;376;377;378,9,3250,0.65,0.0088567512631126,0.0062965593871475,0.0107649904424746,5.098732790882098e-05,0.0004634406261314,1268,22.45390227211444,0.1357436224706799,5.098732790882098e-05,11,False,False
RGM_0318102,2025-07-19 17:54:38.244296068,2025-07-19 17:54:40.819296068,2025-07-19 17:54:39.569296068,2025-07-19 17:54:39,2025-07-19 17:54:00,5,374,3374,ring51,ring,2.0,60.0,20.0,98.0,S2_ring_D2_X60_Y20_Z98,S2_20250719-175002.694296068+0800.h5,370;371;372;373;374;375;376;377;378,9,12875,2.575,0.0218148502164338,0.0124572003888464,0.0243837681015647,0.001225410801661,0.0098731380888004,1269,22.475717122330877,0.1369690332723409,0.001225410801661,11,False,False
RGM_0318706,2025-07-19 17:56:07.744296068,2025-07-19 17:56:07.944296068,2025-07-19 17:56:07.844296068,2025-07-19 17:56:07,2025-07-19 17:56:00,5,374,3374,ring51,ring,2.0,60.0,20.0,98.0,S2_ring_D2_X60_Y20_Z98,S2_20250719-175002.694296068+0800.h5,370;371;372;373;374;375;376;377;378,9,1000,0.2,0.012477194366866,0.0071252612720231,0.0141790089334075,3.1136075853710535e-05,0.000239034990522,1270,22.48819431669774,0.1370001693481946,3.1136075853710535e-05,11,False,False
RGM_0318708,2025-07-19 17:56:07.894296068,2025-07-19 17:56:07.944296068,2025-07-19 17:56:07.919296068,2025-07-19 17:56:07,2025-07-19 17:56:00,5,375,3375,ring51,ring,2.0,60.0,20.0,98.0,S2_ring_D2_X60_Y20_Z98,S2_20250719-175002.694296068+0800.h5,371;372;373;374;375;376;377;378;379,9,250,0.05,0.0135493313105255,0.0071926496546202,0.0193618160388558,9.179218948119392e-06,9.260703157030776e-05,1271,22.501743648008265,0.1370093485671427,9.179218948119392e-06,11,False,False
RGM_0318710,2025-07-19 17:56:07.869296068,2025-07-19 17:56:07.969296068,2025-07-19 17:56:07.919296068,2025-07-19 17:56:07,2025-07-19 17:56:00,5,374,3374,ring51,ring,2.0,60.0,20.0,98.0,S2_ring_D2_X60_Y20_Z98,S2_20250719-175002.694296068+0800.h5,370;371;372;373;374;375;376;377;378,9,500,0.1,0.012765468210749,0.0067035552528301,0.014686889496541,1.6295717863964553e-05,0.0001244841606376,1272,22.514509116219013,0.1370256442850067,1.6295717863964553e-05,11,False,False
RGM_0318751,2025-07-19 17:56:09.944296068,2025-07-19 17:56:10.944296068,2025-07-19 17:56:10.394296068,2025-07-19 17:56:10,2025-07-19 17:56:00,5,374,3374,ring51,ring,2.0,60.0,20.0,98.0,S2_ring_D2_X60_Y20_Z98,S2_20250719-175002.694296068+0800.h5,370;371;372;373;374;375;376;377;378,9,5000,1.0,0.0077555535787845,0.0056126439915599,0.0084097500895218,6.014861131339723e-05,0.0004817388924558,1273,22.5222646697978,0.1370857928963201,6.014861131339723e-05,11,False,False
RGM_0318754,2025-07-19 17:56:10.919296068,2025-07-19 17:56:10.969296068,2025-07-19 17:56:10.944296068,2025-07-19 17:56:10,2025-07-19 17:56:00,5,374,3374,ring51,ring,2.0,60.0,20.0,98.0,S2_ring_D2_X60_Y20_Z98,S2_20250719-175002.694296068+0800.h5,370;371;372;373;374;375;376;377;378,9,250,0.05,0.0182082321472081,0.0091958533490511,0.0198303471630757,1.6576985896331145e-05,0.0001190685664758,1274,22.54047290194501,0.1371023698822164,1.6576985896331145e-05,11,False,False
RGM_0318756,2025-07-19 17:56:10.994296068,2025-07-19 17:56:11.044296068,2025-07-19 17:56:11.019296068,2025-07-19 17:56:11,2025-07-19 17:56:00,5,374,3374,ring51,ring,2.0,60.0,20.0,98.0,S2_ring_D2_X60_Y20_Z98,S2_20250719-175002.694296068+0800.h5,370;371;372;373;374;375;376;377;378,9,250,0.05,0.0186702009256988,0.0073946596242308,0.0215401044154113,1.7428820130298217e-05,0.000133367245597,1275,22.559143102870703,0.1371197987023467,1.7428820130298217e-05,11,False,False
RGM_0318811,2025-07-19 17:56:13.819296068,2025-07-19 17:56:14.319296068,2025-07-19 17:56:14.119296068,2025-07-19 17:56:14,2025-07-19 17:56:00,5,374,3374,ring51,ring,2.0,60.0,20.0,98.0,S2_ring_D2_X60_Y20_Z98,S2_20250719-175002.694296068+0800.h5,370;371;372;373;374;375;376;377;378,9,2500,0.5,0.0096658022687162,0.0066336596066835,0.0104710305542926,4.671386674895968e-05,0.0003780922211809,1276,22.568808905139424,0.1371665125690957,4.671386674895968e-05,11,False,False
RGM_0318812,2025-07-19 17:56:14.119296068,2025-07-19 17:56:14.244296068,2025-07-19 17:56:14.144296068,2025-07-19 17:56:14,2025-07-19 17:56:00,5,375,3375,ring51,ring,2.0,60.0,20.0,98.0,S2_ring_D2_X60_Y20_Z98,S2_20250719-175002.694296068+0800.h5,371;372;373;374;375;376;377;378;379,9,625,0.125,0.0119137872487491,0.0057671679261477,0.0149105000028019,1.774229082605716e-05,0.0001507605316447,1277,22.58072269238817,0.1371842548599217,1.774229082605716e-05,11,False,False
RGM_0318817,2025-07-19 17:56:14.669296068,2025-07-19 17:56:14.719296068,2025-07-19 17:56:14.694296068,2025-07-19 17:56:14,2025-07-19 17:56:00,5,374,3374,ring51,ring,2.0,60.0,20.0,98.0,S2_ring_D2_X60_Y20_Z98,S2_20250719-175002.694296068+0800.h5,370;371;372;373;374;375;376;377;378,9,250,0.05,0.0134616045156277,0.0080020010819663,0.0148882570980591,9.060739806758516e-06,6.849282441218067e-05,1278,22.5941842969038,0.1371933155997285,9.060739806758516e-06,11,False,False
RGM_0318821,2025-07-19 17:56:14.694296068,2025-07-19 17:56:14.894296068,2025-07-19 17:56:14.744296068,2025-07-19 17:56:14,2025-07-19 17:56:00,5,374,3374,ring51,ring,2.0,60.0,20.0,98.0,S2_ring_D2_X60_Y20_Z98,S2_20250719-175002.694296068+0800.h5,370;371;372;373;374;375;376;377;378,9,1000,0.2,0.0111196321844992,0.0065608363996375,0.0124333763594138,2.4729243983710425e-05,0.0001922347331709,1279,22.605303929088297,0.1372180448437122,2.4729243983710425e-05,11,False,False
RGM_0318856,2025-07-19 17:56:16.544296068,2025-07-19 17:56:16.619296068,2025-07-19 17:56:16.569296068,2025-07-19 17:56:16,2025-07-19 17:56:00,5,374,3374,ring51,ring,2.0,60.0,20.0,98.0,S2_ring_D2_X60_Y20_Z98,S2_20250719-175002.694296068+0800.h5,370;371;372;373;374;375;376;377;378,9,375,0.075,0.0129279144442724,0.006515389433841,0.0143147152682171,1.2534822890882051e-05,8.980895317970216e-05,1280,22.61823184353257,0.1372305796666031,1.2534822890882051e-05,11,False,False
RGM_0318857,2025-07-19 17:56:16.444296068,2025-07-19 17:56:16.644296068,2025-07-19 17:56:16.569296068,2025-07-19 17:56:16,2025-07-19 17:56:00,5,373,3373,ring51,ring,2.0,60.0,20.0,98.0,S2_ring_D2_X60_Y20_Z98,S2_20250719-175002.694296068+0800.h5,369;370;371;372;373;374;375;376;377,9,1000,0.2,0.0108833950057813,0.006198543189622,0.0117518700951098,2.3689657370373325e-05,0.0001827046274757,1281,22.62911523853835,0.1372542693239734,2.3689657370373325e-05,11,False,False
RGM_0318860,2025-07-19 17:56:17.169296068,2025-07-19 17:56:17.219296068,2025-07-19 17:56:17.194296068,2025-07-19 17:56:17,2025-07-19 17:56:00,5,374,3374,ring51,ring,2.0,60.0,20.0,98.0,S2_ring_D2_X60_Y20_Z98,S2_20250719-175002.694296068+0800.h5,370;371;372;373;374;375;376;377;378,9,250,0.05,0.0154616183516405,0.0078713788412713,0.0170477210614074,1.1953082102589391e-05,8.687529562228664e-05,1282,22.64457685688999,0.137266222406076,1.1953082102589391e-05,11,False,False
RGM_0318882,2025-07-19 17:56:20.894296068,2025-07-19 17:56:23.844296068,2025-07-19 17:56:21.069296068,2025-07-19 17:56:21,2025-07-19 17:56:00,5,374,3374,ring51,ring,2.0,60.0,20.0,98.0,S2_ring_D2_X60_Y20_Z98,S2_20250719-175002.694296068+0800.h5,370;371;372;373;374;375;376;377;378,9,14750,2.95,0.0124399109842945,0.005612519579172,0.0167068371603076,0.0004565165866266,0.0040584543572417,1283,22.65701676787429,0.1377227389927027,0.0004565165866266,11,False,False
RGM_0319022,2025-07-19 17:56:40.619296068,2025-07-19 17:56:40.744296068,2025-07-19 17:56:40.669296068,2025-07-19 17:56:40,2025-07-19 17:56:00,5,374,3374,ring51,ring,2.0,60.0,20.0,98.0,S2_ring_D2_X60_Y20_Z98,S2_20250719-175002.694296068+0800.h5,370;371;372;373;374;375;376;377;378,9,625,0.125,0.021602831414249,0.0082214817905332,0.0248943042438675,5.83352906390584e-05,0.0004154267027948,1284,22.67861959928853,0.1377810742833417,5.83352906390584e-05,11,False,False
RGM_0319023,2025-07-19 17:56:40.644296068,2025-07-19 17:56:40.844296068,2025-07-19 17:56:40.719296068,2025-07-19 17:56:40,2025-07-19 17:56:00,5,374,3374,ring51,ring,2.0,60.0,20.0,98.0,S2_ring_D2_X60_Y20_Z98,S2_20250719-175002.694296068+0800.h5,370;371;372;373;374;375;376;377;378,9,1000,0.2,0.0173558196336814,0.0069798946415081,0.0200286946833571,6.024489503137664e-05,0.0004330957992173,1285,22.695975418922217,0.1378413191783731,6.024489503137664e-05,11,False,False
RGM_0319024,2025-07-19 17:56:40.644296068,2025-07-19 17:56:40.744296068,2025-07-19 17:56:40.719296068,2025-07-19 17:56:40,2025-07-19 17:56:00,5,373,3373,ring51,ring,2.0,60.0,20.0,98.0,S2_ring_D2_X60_Y20_Z98,S2_20250719-175002.694296068+0800.h5,369;370;371;372;373;374;375;376;377,9,500,0.1,0.0240576918449698,0.0093613936203261,0.0277402999102178,5.787725369075302e-05,0.0004582458608919,1286,22.720033110767183,0.1378991964320639,5.787725369075302e-05,11,False,False
RGM_0319060,2025-07-19 17:56:43.094296068,2025-07-19 17:56:43.169296068,2025-07-19 17:56:43.119296068,2025-07-19 17:56:43,2025-07-19 17:56:00,5,374,3374,ring51,ring,2.0,60.0,20.0,98.0,S2_ring_D2_X60_Y20_Z98,S2_20250719-175002.694296068+0800.h5,370;371;372;373;374;375;376;377;378,9,375,0.075,0.016376860592217,0.0078260645731029,0.0183759489374972,2.011511721426831e-05,0.0001426498614041,1287,22.736409971359404,0.1379193115492781,2.011511721426831e-05,11,False,False
RGM_0319062,2025-07-19 17:56:43.194296068,2025-07-19 17:56:43.244296068,2025-07-19 17:56:43.219296068,2025-07-19 17:56:43,2025-07-19 17:56:00,5,374,3374,ring51,ring,2.0,60.0,20.0,98.0,S2_ring_D2_X60_Y20_Z98,S2_20250719-175002.694296068+0800.h5,370;371;372;373;374;375;376;377;378,9,250,0.05,0.0118519931401404,0.0057323731797917,0.0136686434186358,7.023487069696795e-06,5.195594062797454e-05,1288,22.748261964499545,0.1379263350363478,7.023487069696795e-06,11,False,False
RGM_0319091,2025-07-19 17:56:46.244296068,2025-07-19 17:56:46.294296068,2025-07-19 17:56:46.269296068,2025-07-19 17:56:46,2025-07-19 17:56:00,5,374,3374,ring51,ring,2.0,60.0,20.0,98.0,S2_ring_D2_X60_Y20_Z98,S2_20250719-175002.694296068+0800.h5,370;371;372;373;374;375;376;377;378,9,250,0.05,0.0187299136233111,0.0068620950843204,0.0220042526082808,1.7540483216834776e-05,0.0001256579459574,1289,22.76699187812285,0.1379438755195647,1.7540483216834776e-05,11,False,False
RGM_0319093,2025-07-19 17:56:45.944296068,2025-07-19 17:56:46.944296068,2025-07-19 17:56:46.344296068,2025-07-19 17:56:46,2025-07-19 17:56:00,5,374,3374,ring51,ring,2.0,60.0,20.0,98.0,S2_ring_D2_X60_Y20_Z98,S2_20250719-175002.694296068+0800.h5,370;371;372;373;374;375;376;377;378,9,5000,1.0,0.0112979675123238,0.0055803343305957,0.0133707831147436,0.0001276440699095,0.0009664640262024,1290,22.77828984563518,0.1380715195894742,0.0001276440699095,11,False,False
RGM_0319128,2025-07-19 17:56:48.744296068,2025-07-19 17:56:48.819296068,2025-07-19 17:56:48.769296068,2025-07-19 17:56:48,2025-07-19 17:56:00,5,374,3374,ring51,ring,2.0,60.0,20.0,98.0,S2_ring_D2_X60_Y20_Z98,S2_20250719-175002.694296068+0800.h5,370;371;372;373;374;375;376;377;378,9,375,0.075,0.0197621154962274,0.0085400037241386,0.022860555567915,2.9290590666467596e-05,0.0002127959039554,1291,22.798051961131407,0.1381008101801407,2.9290590666467596e-05,11,False,False
RGM_0319168,2025-07-19 17:56:52.419296068,2025-07-19 17:56:52.544296068,2025-07-19 17:56:52.444296068,2025-07-19 17:56:52,2025-07-19 17:56:00,5,374,3374,ring51,ring,2.0,60.0,20.0,98.0,S2_ring_D2_X60_Y20_Z98,S2_20250719-175002.694296068+0800.h5,370;371;372;373;374;375;376;377;378,9,625,0.125,0.0174132716975558,0.0089307975584592,0.0192274307149178,3.790275390161235e-05,0.0002730991322873,1292,22.815465232828963,0.1381387129340423,3.790275390161235e-05,11,False,False
RGM_0319169,2025-07-19 17:56:52.444296068,2025-07-19 17:56:52.544296068,2025-07-19 17:56:52.494296068,2025-07-19 17:56:52,2025-07-19 17:56:00,5,373,3373,ring51,ring,2.0,60.0,20.0,98.0,S2_ring_D2_X60_Y20_Z98,S2_20250719-175002.694296068+0800.h5,369;370;371;372;373;374;375;376;377,9,500,0.1,0.0123584253869901,0.0086504030206168,0.0137591603032469,1.5273067804580372e-05,0.0001274749162944,1293,22.82782365821595,0.1381539860018469,1.5273067804580372e-05,11,False,False
RGM_0319195,2025-07-19 17:56:54.894296068,2025-07-19 17:56:55.144296068,2025-07-19 17:56:54.994296068,2025-07-19 17:56:54,2025-07-19 17:56:00,5,374,3374,ring51,ring,2.0,60.0,20.0,98.0,S2_ring_D2_X60_Y20_Z98,S2_20250719-175002.694296068+0800.h5,370;371;372;373;374;375;376;377;378,9,1250,0.25,0.0127124386363139,0.0079134431660272,0.0134257577353729,4.0401524020512e-05,0.0003035113395599,1294,22.840536096852265,0.1381943875258674,4.0401524020512e-05,11,False,False
RGM_0319481,2025-07-19 17:57:12.844296068,2025-07-19 17:57:13.044296068,2025-07-19 17:57:12.919296068,2025-07-19 17:57:12,2025-07-19 17:57:00,5,374,3374,ring51,ring,2.0,60.0,20.0,98.0,S2_ring_D2_X60_Y20_Z98,S2_20250719-175002.694296068+0800.h5,370;371;372;373;374;375;376;377;378,9,1000,0.2,0.0162542395818618,0.0077639422857128,0.019408722162467,5.284006087691256e-05,0.0004138557780367,1295,22.856790336434127,0.1382472275867443,5.284006087691256e-05,11,False,False
RGM_0319482,2025-07-19 17:57:12.844296068,2025-07-19 17:57:12.944296068,2025-07-19 17:57:12.919296068,2025-07-19 17:57:12,2025-07-19 17:57:00,5,372,3372,ring51,ring,2.0,60.0,20.0,98.0,S2_ring_D2_X60_Y20_Z98,S2_20250719-175002.694296068+0800.h5,368;369;370;371;372;373;374;375;376,9,500,0.1,0.0194070872908064,0.0119280674670855,0.0207915540008272,3.7663503711298e-05,0.0003080090409731,1296,22.87619742372493,0.1382848910904556,3.7663503711298e-05,11,False,False
RGM_0319483,2025-07-19 17:57:12.819296068,2025-07-19 17:57:13.319296068,2025-07-19 17:57:12.994296068,2025-07-19 17:57:12,2025-07-19 17:57:00,5,374,3374,ring51,ring,2.0,60.0,20.0,98.0,S2_ring_D2_X60_Y20_Z98,S2_20250719-175002.694296068+0800.h5,370;371;372;373;374;375;376;377;378,9,2500,0.5,0.013036015411506,0.0071281922039982,0.0178958500114518,8.496884890451164e-05,0.0007603484313131,1297,22.88923343913644,0.1383698599393601,8.496884890451164e-05,11,False,False
RGM_0319533,2025-07-19 17:57:15.369296068,2025-07-19 17:57:15.419296068,2025-07-19 17:57:15.394296068,2025-07-19 17:57:15,2025-07-19 17:57:00,5,374,3374,ring51,ring,2.0,60.0,20.0,98.0,S2_ring_D2_X60_Y20_Z98,S2_20250719-175002.694296068+0800.h5,370;371;372;373;374;375;376;377;378,9,250,0.05,0.0292454349665037,0.0110071031923205,0.0315168124780263,4.276477331899988e-05,0.0003010459693846,1298,22.91847887410294,0.1384126247126791,4.276477331899988e-05,11,False,False
RGM_0319534,2025-07-19 17:57:15.394296068,2025-07-19 17:57:15.619296068,2025-07-19 17:57:15.444296068,2025-07-19 17:57:15,2025-07-19 17:57:00,5,375,3375,ring51,ring,2.0,60.0,20.0,98.0,S2_ring_D2_X60_Y20_Z98,S2_20250719-175002.694296068+0800.h5,371;372;373;374;375;376;377;378;379,9,1125,0.225,0.0173833957863378,0.0082810661814481,0.021546059443141,6.799105103950505e-05,0.0005561221173121,1299,22.93586226988928,0.1384806157637186,6.799105103950505e-05,11,False,False
RGM_0319535,2025-07-19 17:57:15.194296068,2025-07-19 17:57:15.694296068,2025-07-19 17:57:15.444296068,2025-07-19 17:57:15,2025-07-19 17:57:00,5,374,3374,ring51,ring,2.0,60.0,20.0,98.0,S2_ring_D2_X60_Y20_Z98,S2_20250719-175002.694296068+0800.h5,370;371;372;373;374;375;376;377;378,9,2500,0.5,0.0156620524491157,0.0070231203867687,0.0178337398452829,0.0001226499434594,0.0009164639426705,1300,22.9515243223384,0.138603265707178,0.0001226499434594,11,False,False
RGM_0319643,2025-07-19 17:57:20.994296068,2025-07-19 17:57:21.119296068,2025-07-19 17:57:21.019296068,2025-07-19 17:57:21,2025-07-19 17:57:00,5,374,3374,ring51,ring,2.0,60.0,20.0,98.0,S2_ring_D2_X60_Y20_Z98,S2_20250719-175002.694296068+0800.h5,370;371;372;373;374;375;376;377;378,9,625,0.125,0.0209773973940898,0.0078170781031651,0.0224850175437599,5.500640017869577e-05,0.000386146482974,1301,22.972501719732488,0.1386582721073567,5.500640017869577e-05,11,False,False
RGM_0319849,2025-07-19 17:57:31.444296068,2025-07-19 17:57:31.494296068,2025-07-19 17:57:31.469296068,2025-07-19 17:57:31,2025-07-19 17:57:00,5,373,3373,ring51,ring,2.0,60.0,20.0,98.0,S2_ring_D2_X60_Y20_Z98,S2_20250719-175002.694296068+0800.h5,369;370;371;372;373;374;375;376;377,9,250,0.05,0.0141982069103637,0.0076415637050241,0.0189392556026086,1.0079453973475007e-05,9.117226542173804e-05,1302,22.986699926642853,0.1386683515613302,1.0079453973475007e-05,11,False,False
RGM_0319852,2025-07-19 17:57:31.444296068,2025-07-19 17:57:31.644296068,2025-07-19 17:57:31.544296068,2025-07-19 17:57:31,2025-07-19 17:57:00,5,372,3372,ring51,ring,2.0,60.0,20.0,98.0,S2_ring_D2_X60_Y20_Z98,S2_20250719-175002.694296068+0800.h5,368;369;370;371;372;373;374;375;376,9,1000,0.2,0.0290341188013364,0.0182360611476772,0.0312665835046286,0.000168596010914,0.0013357808954023,1303,23.01573404544419,0.1388369475722442,0.000168596010914,11,False,False
RGM_0319853,2025-07-19 17:57:31.519296068,2025-07-19 17:57:31.569296068,2025-07-19 17:57:31.544296068,2025-07-19 17:57:31,2025-07-19 17:57:00,5,373,3373,ring51,ring,2.0,60.0,20.0,98.0,S2_ring_D2_X60_Y20_Z98,S2_20250719-175002.694296068+0800.h5,369;370;371;372;373;374;375;376;377,9,250,0.05,0.029425844678174,0.0143354902318014,0.0314812782613879,4.329401675120115e-05,0.0003354050160211,1304,23.045159890122363,0.1388802415889954,4.329401675120115e-05,11,False,False
RGM_0319921,2025-07-19 17:57:33.994296068,2025-07-19 17:57:34.244296068,2025-07-19 17:57:34.019296068,2025-07-19 17:57:34,2025-07-19 17:57:00,5,374,3374,ring51,ring,2.0,60.0,20.0,98.0,S2_ring_D2_X60_Y20_Z98,S2_20250719-175002.694296068+0800.h5,370;371;372;373;374;375;376;377;378,9,1250,0.25,0.0214041555378912,0.0090067339243267,0.0227418750595052,0.0001145344685725,0.0008104801793896,1305,23.06656404566025,0.138994776057568,0.0001145344685725,11,False,False
RGM_0319922,2025-07-19 17:57:33.444296068,2025-07-19 17:57:34.444296068,2025-07-19 17:57:34.019296068,2025-07-19 17:57:34,2025-07-19 17:57:00,5,373,3373,ring51,ring,2.0,60.0,20.0,98.0,S2_ring_D2_X60_Y20_Z98,S2_20250719-175002.694296068+0800.h5,369;370;371;372;373;374;375;376;377,9,5000,1.0,0.0160550768033824,0.0084400481792911,0.016992966698951,0.0002577654911625,0.001982124597648,1306,23.08261912246364,0.1392525415487305,0.0002577654911625,11,False,False
RGM_0319995,2025-07-19 17:57:37.644296068,2025-07-19 17:57:37.744296068,2025-07-19 17:57:37.694296068,2025-07-19 17:57:37,2025-07-19 17:57:00,5,377,3377,ring51,ring,2.0,60.0,20.0,98.0,S2_ring_D2_X60_Y20_Z98,S2_20250719-175002.694296068+0800.h5,373;374;375;376;377;378;379;380;381,9,500,0.1,0.0140397413449535,0.0085636773045455,0.0296148650076398,1.9711433703319692e-05,0.000326572209649,1307,23.09665886380859,0.1392722529824338,1.9711433703319692e-05,11,False,False
RGM_0319996,2025-07-19 17:57:37.694296068,2025-07-19 17:57:37.794296068,2025-07-19 17:57:37.719296068,2025-07-19 17:57:37,2025-07-19 17:57:00,5,374,3374,ring51,ring,2.0,60.0,20.0,98.0,S2_ring_D2_X60_Y20_Z98,S2_20250719-175002.694296068+0800.h5,370;371;372;373;374;375;376;377;378,9,500,0.1,0.0291026175293413,0.0117175704055267,0.0316396223278084,8.469623470591279e-05,0.0006117050371186,1308,23.12576148133793,0.1393569492171397,8.469623470591279e-05,11,False,False
RGM_0319998,2025-07-19 17:57:37.694296068,2025-07-19 17:57:37.744296068,2025-07-19 17:57:37.719296068,2025-07-19 17:57:37,2025-07-19 17:57:00,5,376,3376,ring51,ring,2.0,60.0,20.0,98.0,S2_ring_D2_X60_Y20_Z98,S2_20250719-175002.694296068+0800.h5,372;373;374;375;376;377;378;379;380,9,250,0.05,0.0263281685775122,0.0109545499846745,0.0407875548252455,3.465862303229515e-05,0.0003688194780122,1309,23.15208964991544,0.139391607840172,3.465862303229515e-05,11,False,False
RGM_0319999,2025-07-19 17:57:37.694296068,2025-07-19 17:57:37.869296068,2025-07-19 17:57:37.744296068,2025-07-19 17:57:37,2025-07-19 17:57:00,5,374,3374,ring51,ring,2.0,60.0,20.0,98.0,S2_ring_D2_X60_Y20_Z98,S2_20250719-175002.694296068+0800.h5,370;371;372;373;374;375;376;377;378,9,875,0.175,0.0228929425912446,0.0101726336248746,0.0253032873178247,9.171519358505415e-05,0.0006814839880754,1310,23.174982592506684,0.1394833230337571,9.171519358505415e-05,11,False,False
RGM_0320003,2025-07-19 17:57:37.919296068,2025-07-19 17:57:37.969296068,2025-07-19 17:57:37.944296068,2025-07-19 17:57:37,2025-07-19 17:57:00,5,374,3374,ring51,ring,2.0,60.0,20.0,98.0,S2_ring_D2_X60_Y20_Z98,S2_20250719-175002.694296068+0800.h5,370;371;372;373;374;375;376;377;378,9,250,0.05,0.0115634129193544,0.0073280090362787,0.014282169822506,6.68562591717462e-06,5.695469849872932e-05,1311,23.18654600542604,0.1394900086596742,6.68562591717462e-06,11,False,False
RGM_0320078,2025-07-19 17:57:41.369296068,2025-07-19 17:57:41.494296068,2025-07-19 17:57:41.394296068,2025-07-19 17:57:41,2025-07-19 17:57:00,5,374,3374,ring51,ring,2.0,60.0,20.0,98.0,S2_ring_D2_X60_Y20_Z98,S2_20250719-175002.694296068+0800.h5,370;371;372;373;374;375;376;377;378,9,625,0.125,0.0231532479011169,0.0101791163889181,0.0242455313707778,6.700911104632213e-05,0.0004791377854626,1312,23.209699253327155,0.1395570177707206,6.700911104632213e-05,11,False,False
RGM_0320079,2025-07-19 17:57:41.219296068,2025-07-19 17:57:41.419296068,2025-07-19 17:57:41.394296068,2025-07-19 17:57:41,2025-07-19 17:57:00,5,373,3373,ring51,ring,2.0,60.0,20.0,98.0,S2_ring_D2_X60_Y20_Z98,S2_20250719-175002.694296068+0800.h5,369;370;371;372;373;374;375;376;377,9,1000,0.2,0.0177269485882738,0.0097580837522236,0.018871765742979,6.284894125026065e-05,0.0004974159809265,1313,23.227426201915428,0.1396198667119708,6.284894125026065e-05,11,False,False
RGM_0320081,2025-07-19 17:57:41.444296068,2025-07-19 17:57:41.544296068,2025-07-19 17:57:41.494296068,2025-07-19 17:57:41,2025-07-19 17:57:00,5,375,3375,ring51,ring,2.0,60.0,20.0,98.0,S2_ring_D2_X60_Y20_Z98,S2_20250719-175002.694296068+0800.h5,371;372;373;374;375;376;377;378;379,9,500,0.1,0.0170685514662532,0.0077708098201049,0.0219282356105884,2.9133544915613707e-05,0.0002394327015096,1314,23.24449475338168,0.1396490002568864,2.9133544915613707e-05,11,False,False
RGM_0320085,2025-07-19 17:57:41.594296068,2025-07-19 17:57:41.644296068,2025-07-19 17:57:41.619296068,2025-07-19 17:57:41,2025-07-19 17:57:00,5,374,3374,ring51,ring,2.0,60.0,20.0,98.0,S2_ring_D2_X60_Y20_Z98,S2_20250719-175002.694296068+0800.h5,370;371;372;373;374;375;376;377;378,9,250,0.05,0.0126685755629769,0.0079169888469547,0.0192606038916558,8.024640339742788e-06,7.8844143383479e-05,1315,23.257163328944657,0.1396570248972262,8.024640339742788e-06,11,False,False
RGM_0320264,2025-07-19 17:57:50.769296068,2025-07-19 17:57:50.869296068,2025-07-19 17:57:50.794296068,2025-07-19 17:57:50,2025-07-19 17:57:00,5,374,3374,ring51,ring,2.0,60.0,20.0,98.0,S2_ring_D2_X60_Y20_Z98,S2_20250719-175002.694296068+0800.h5,370;371;372;373;374;375;376;377;378,9,500,0.1,0.0189252146876101,0.0109012572274372,0.0195663431236728,3.581637509721366e-05,0.000275358753419,1316,23.276088543632262,0.1396928412723234,3.581637509721366e-05,11,False,False
RGM_0320267,2025-07-19 17:57:50.769296068,2025-07-19 17:57:50.994296068,2025-07-19 17:57:50.844296068,2025-07-19 17:57:50,2025-07-19 17:57:00,5,374,3374,ring51,ring,2.0,60.0,20.0,98.0,S2_ring_D2_X60_Y20_Z98,S2_20250719-175002.694296068+0800.h5,370;371;372;373;374;375;376;377;378,9,1125,0.225,0.0134551973660926,0.0094076269962073,0.0137373479530732,4.073452563611417e-05,0.0003275129900285,1317,23.28954374099836,0.1397335757979595,4.073452563611417e-05,11,False,False
RGM_0320479,2025-07-19 17:58:04.344296068,2025-07-19 17:58:04.394296068,2025-07-19 17:58:04.369296068,2025-07-19 17:58:04,2025-07-19 17:58:00,5,374,3374,ring51,ring,2.0,60.0,20.0,98.0,S2_ring_D2_X60_Y20_Z98,S2_20250719-175002.694296068+0800.h5,370;371;372;373;374;375;376;377;378,9,250,0.05,0.0285801211508686,0.0131240640652422,0.0299071988742516,4.084116624991639e-05,0.0002968897523987,1318,23.318123862149225,0.1397744169642094,4.084116624991639e-05,11,False,False
RGM_0320480,2025-07-19 17:58:04.344296068,2025-07-19 17:58:04.394296068,2025-07-19 17:58:04.369296068,2025-07-19 17:58:04,2025-07-19 17:58:00,5,372,3372,ring51,ring,2.0,60.0,20.0,98.0,S2_ring_D2_X60_Y20_Z98,S2_20250719-175002.694296068+0800.h5,368;369;370;371;372;373;374;375;376,9,250,0.05,0.0285801211508686,0.0153995424709879,0.0299071988742516,4.084116624991639e-05,0.0003126057060809,1319,23.34670398330009,0.1398152581304594,4.084116624991639e-05,11,False,False
RGM_0320482,2025-07-19 17:58:04.344296068,2025-07-19 17:58:04.394296068,2025-07-19 17:58:04.369296068,2025-07-19 17:58:04,2025-07-19 17:58:00,5,375,3375,ring51,ring,2.0,60.0,20.0,98.0,S2_ring_D2_X60_Y20_Z98,S2_20250719-175002.694296068+0800.h5,371;372;373;374;375;376;377;378;379,9,250,0.05,0.0269885590391143,0.0109429922933499,0.0299071988742516,3.641911595038808e-05,0.0002620360401654,1320,23.373692542339207,0.1398516772464098,3.641911595038808e-05,11,False,False
RGM_0320483,2025-07-19 17:58:04.419296068,2025-07-19 17:58:04.469296068,2025-07-19 17:58:04.444296068,2025-07-19 17:58:04,2025-07-19 17:58:00,5,374,3374,ring51,ring,2.0,60.0,20.0,98.0,S2_ring_D2_X60_Y20_Z98,S2_20250719-175002.694296068+0800.h5,370;371;372;373;374;375;376;377;378,9,250,0.05,0.0180211040434605,0.0097434710810434,0.0193639864028497,1.6238009547261557e-05,0.0001246128868734,1321,23.391713646382662,0.139867915255957,1.6238009547261557e-05,11,False,False
RGM_0320484,2025-07-19 17:58:04.344296068,2025-07-19 17:58:04.544296068,2025-07-19 17:58:04.444296068,2025-07-19 17:58:04,2025-07-19 17:58:00,5,375,3375,ring51,ring,2.0,60.0,20.0,98.0,S2_ring_D2_X60_Y20_Z98,S2_20250719-175002.694296068+0800.h5,371;372;373;374;375;376;377;378;379,9,1000,0.2,0.0168542184902916,0.0090992473892371,0.0194305094166476,5.681293618369792e-05,0.0004415347525574,1322,23.40856786487296,0.1399247281921407,5.681293618369792e-05,11,False,False
RGM_0320687,2025-07-19 17:58:19.169296068,2025-07-19 17:58:19.269296068,2025-07-19 17:58:19.194296068,2025-07-19 17:58:19,2025-07-19 17:58:00,5,375,3375,ring51,ring,2.0,60.0,20.0,98.0,S2_ring_D2_X60_Y20_Z98,S2_20250719-175002.694296068+0800.h5,371;372;373;374;375;376;377;378;379,9,500,0.1,0.0253529318857392,0.0091416918008522,0.0296186863524619,6.427711552029314e-05,0.000483504640743,1323,23.43392079675869,0.139989005307661,6.427711552029314e-05,11,False,False
RGM_0320688,2025-07-19 17:58:19.219296068,2025-07-19 17:58:19.519296068,2025-07-19 17:58:19.244296068,2025-07-19 17:58:19,2025-07-19 17:58:00,5,375,3375,ring51,ring,2.0,60.0,20.0,98.0,S2_ring_D2_X60_Y20_Z98,S2_20250719-175002.694296068+0800.h5,371;372;373;374;375;376;377;378;379,9,1500,0.3,0.0132387161351463,0.0076286633671668,0.0163744071926527,5.257908147209543e-05,0.0004592548905221,1324,23.44715951289384,0.1400415843891331,5.257908147209543e-05,11,False,False
RGM_0320690,2025-07-19 17:58:19.144296068,2025-07-19 17:58:19.344296068,2025-07-19 17:58:19.244296068,2025-07-19 17:58:19,2025-07-19 17:58:00,5,374,3374,ring51,ring,2.0,60.0,20.0,98.0,S2_ring_D2_X60_Y20_Z98,S2_20250719-175002.694296068+0800.h5,370;371;372;373;374;375;376;377;378,9,1000,0.2,0.0203161963450791,0.0099548575807684,0.0221060805565682,8.254956678636167e-05,0.0006240594900734,1325,23.46747570923892,0.1401241339559195,8.254956678636167e-05,11,False,False
RGM_0320745,2025-07-19 17:58:21.644296068,2025-07-19 17:58:21.694296068,2025-07-19 17:58:21.669296068,2025-07-19 17:58:21,2025-07-19 17:58:00,5,374,3374,ring51,ring,2.0,60.0,20.0,98.0,S2_ring_D2_X60_Y20_Z98,S2_20250719-175002.694296068+0800.h5,370;371;372;373;374;375;376;377;378,9,250,0.05,0.0187899024347781,0.0094180843143903,0.0207295295328492,1.765302167542415e-05,0.0001361968849052,1326,23.486265611673694,0.1401417869775949,1.765302167542415e-05,11,False,False
RGM_0320746,2025-07-19 17:58:21.194296068,2025-07-19 17:58:22.194296068,2025-07-19 17:58:21.694296068,2025-07-19 17:58:21,2025-07-19 17:58:00,5,375,3375,ring51,ring,2.0,60.0,20.0,98.0,S2_ring_D2_X60_Y20_Z98,S2_20250719-175002.694296068+0800.h5,371;372;373;374;375;376;377;378;379,9,5000,1.0,0.0128787811436517,0.0070186403698942,0.0155319780276518,0.000165863003746,0.0013896342961015,1327,23.49914439281735,0.140307649981341,0.000165863003746,11,False,False
RGM_0320749,2025-07-19 17:58:21.194296068,2025-07-19 17:58:22.194296068,2025-07-19 17:58:21.719296068,2025-07-19 17:58:21,2025-07-19 17:58:00,5,375,3375,ring51,ring,2.0,60.0,20.0,98.0,S2_ring_D2_X60_Y20_Z98,S2_20250719-175002.694296068+0800.h5,371;372;373;374;375;376;377;378;379,9,5000,1.0,0.0128787811436517,0.0070186403698942,0.0155319780276518,0.000165863003746,0.0013896342961015,1328,23.512023173961,0.140473512985087,0.000165863003746,11,False,False
RGM_0320750,2025-07-19 17:58:21.694296068,2025-07-19 17:58:21.844296068,2025-07-19 17:58:21.719296068,2025-07-19 17:58:21,2025-07-19 17:58:00,5,374,3374,ring51,ring,2.0,60.0,20.0,98.0,S2_ring_D2_X60_Y20_Z98,S2_20250719-175002.694296068+0800.h5,370;371;372;373;374;375;376;377;378,9,750,0.15,0.0286829961687834,0.0118698154336951,0.0301124923407826,0.0001234071403827,0.0009276089744277,1329,23.540706170129784,0.1405969201254698,0.0001234071403827,11,False,False
RGM_0320787,2025-07-19 17:58:23.919296068,2025-07-19 17:58:24.069296068,2025-07-19 17:58:23.994296068,2025-07-19 17:58:23,2025-07-19 17:58:00,5,408,3408,ring53,ring,2.0,85.0,20.0,98.0,S2_ring_D2_X85_Y20_Z98,S2_20250719-175002.694296068+0800.h5,404;405;406;407;408;409;410;411;412,9,750,0.15,0.0286200899687187,0.0116536970934479,0.0315656671632448,0.0001228664324726,0.0008854386243659,1330,23.569326260098503,0.1407197865579424,0.0001228664324726,23,False,False
RGM_0320864,2025-07-19 17:58:30.144296068,2025-07-19 17:58:30.344296068,2025-07-19 17:58:30.269296068,2025-07-19 17:58:30,2025-07-19 17:58:00,5,374,3374,ring51,ring,2.0,60.0,20.0,98.0,S2_ring_D2_X60_Y20_Z98,S2_20250719-175002.694296068+0800.h5,370;371;372;373;374;375;376;377;378,9,1000,0.2,0.0154180058074912,0.0090766749745922,0.0162214908391456,4.754298061596653e-05,0.0003672101483898,1331,23.584744265905996,0.1407673295385584,4.754298061596653e-05,11,False,False
RGM_0320897,2025-07-19 17:58:33.294296068,2025-07-19 17:58:33.444296068,2025-07-19 17:58:33.319296068,2025-07-19 17:58:33,2025-07-19 17:58:00,5,374,3374,ring51,ring,2.0,60.0,20.0,98.0,S2_ring_D2_X60_Y20_Z98,S2_20250719-175002.694296068+0800.h5,370;371;372;373;374;375;376;377;378,9,750,0.15,0.0204579077724841,0.0101407115722361,0.0216572774910932,6.277889856411988e-05,0.0004814857481306,1332,23.60520217367848,0.1408301084371225,6.277889856411988e-05,11,False,False
RGM_0320935,2025-07-19 17:58:35.769296068,2025-07-19 17:58:35.819296068,2025-07-19 17:58:35.794296068,2025-07-19 17:58:35,2025-07-19 17:58:00,5,373,3373,ring51,ring,2.0,60.0,20.0,98.0,S2_ring_D2_X60_Y20_Z98,S2_20250719-175002.694296068+0800.h5,369;370;371;372;373;374;375;376;377,9,250,0.05,0.0243787959097405,0.0159756475722716,0.02584058548831,2.9716284500439085e-05,0.0002310342270205,1333,23.62958096958822,0.140859824721623,2.9716284500439085e-05,11,False,False
RGM_0320937,2025-07-19 17:58:35.769296068,2025-07-19 17:58:35.869296068,2025-07-19 17:58:35.794296068,2025-07-19 17:58:35,2025-07-19 17:58:00,5,374,3374,ring51,ring,2.0,60.0,20.0,98.0,S2_ring_D2_X60_Y20_Z98,S2_20250719-175002.694296068+0800.h5,370;371;372;373;374;375;376;377;378,9,500,0.1,0.0234861937911784,0.0112826170090932,0.0246967373308816,5.5160129879678735e-05,0.0004178791295897,1334,23.6530671633794,0.1409149848515027,5.5160129879678735e-05,11,False,False
RGM_0320939,2025-07-19 17:58:35.844296068,2025-07-19 17:58:35.944296068,2025-07-19 17:58:35.869296068,2025-07-19 17:58:35,2025-07-19 17:58:00,5,374,3374,ring51,ring,2.0,60.0,20.0,98.0,S2_ring_D2_X60_Y20_Z98,S2_20250719-175002.694296068+0800.h5,370;371;372;373;374;375;376;377;378,9,500,0.1,0.0169505809946751,0.0107677131114757,0.0178592479307035,2.873221960570432e-05,0.0002349450106942,1335,23.67001774437407,0.1409437170711084,2.873221960570432e-05,11,False,False
RGM_0323109,2025-07-19 18:04:44.105305397,2025-07-19 18:04:44.155305397,2025-07-19 18:04:44.130305397,2025-07-19 18:04:44,2025-07-19 18:04:00,5,374,3374,ring51,ring,2.0,60.0,20.0,98.0,S2_ring_D2_X60_Y20_Z98,S2_20250719-180002.430305397+0800.h5,370;371;372;373;374;375;376;377;378,9,250,0.05,0.0169996918834773,0.0130406104621668,0.0186684071985014,1.444947620665824e-05,0.0001259678287003,1336,23.68701743625755,0.140958166547315,1.444947620665824e-05,11,False,False
RGM_0323562,2025-07-19 18:06:04.330305397,2025-07-19 18:06:04.380305397,2025-07-19 18:06:04.355305397,2025-07-19 18:06:04,2025-07-19 18:06:00,5,374,3374,ring51,ring,2.0,60.0,20.0,98.0,S2_ring_D2_X60_Y20_Z98,S2_20250719-180002.430305397+0800.h5,370;371;372;373;374;375;376;377;378,9,250,0.05,0.0156635973626671,0.0112258731955618,0.0167096889866654,1.226741411698763e-05,0.0001000740019563,1337,23.702681033620216,0.140970433961432,1.226741411698763e-05,11,False,False
RGM_0323711,2025-07-19 18:06:36.055305397,2025-07-19 18:06:36.105305397,2025-07-19 18:06:36.080305397,2025-07-19 18:06:36,2025-07-19 18:06:00,5,374,3374,ring51,ring,2.0,60.0,20.0,98.0,S2_ring_D2_X60_Y20_Z98,S2_20250719-180002.430305397+0800.h5,370;371;372;373;374;375;376;377;378,9,250,0.05,0.01242840535913,0.0097986348904405,0.013332704981291,7.723262988542595e-06,6.50574393012171e-05,1338,23.715109438979347,0.1409781572244205,7.723262988542595e-06,11,False,False
RGM_0323750,2025-07-19 18:06:43.680305397,2025-07-19 18:06:44.355305397,2025-07-19 18:06:43.755305397,2025-07-19 18:06:43,2025-07-19 18:06:00,5,374,3374,ring51,ring,2.0,60.0,20.0,98.0,S2_ring_D2_X60_Y20_Z98,S2_20250719-180002.430305397+0800.h5,370;371;372;373;374;375;376;377;378,9,3375,0.675,0.0093882303142346,0.0083454294530454,0.0099751361264869,5.9493736192352056e-05,0.0005218832165733,1339,23.72449766929358,0.1410376509606129,5.9493736192352056e-05,11,False,False
RGM_0323792,2025-07-19 18:06:51.455305397,2025-07-19 18:06:51.530305397,2025-07-19 18:06:51.505305397,2025-07-19 18:06:51,2025-07-19 18:06:00,5,419,3419,ring54,ring,2.0,115.0,120.0,80.0,S2_ring_D2_X115_Y120_Z80,S2_20250719-180002.430305397+0800.h5,415;416;417;418;419;420;421;422;423,9,375,0.075,0.0261309217098281,0.0071804867206327,0.0386431379672185,5.121188020538745e-05,0.000474104433509,1340,23.75062859100341,0.1410888628408183,5.121188020538745e-05,34,False,False
RGM_0323864,2025-07-19 18:07:05.530305397,2025-07-19 18:07:05.580305397,2025-07-19 18:07:05.555305397,2025-07-19 18:07:05,2025-07-19 18:07:00,5,466,3466,ring57,ring,2.0,151.0,20.0,32.0,S2_ring_D2_X151_Y20_Z32,S2_20250719-180002.430305397+0800.h5,462;463;464;465;466;467;468;469;470,9,250,0.05,0.007443051653432,0.0053207190192386,0.0085610100333292,2.7699508957828545e-06,2.3164354900769265e-05,1341,23.75807164265684,0.1410916327917141,2.7699508957828545e-06,52,False,False
RGM_0323865,2025-07-19 18:07:03.055305397,2025-07-19 18:07:05.580305397,2025-07-19 18:07:05.555305397,2025-07-19 18:07:05,2025-07-19 18:07:00,5,374,3374,ring51,ring,2.0,60.0,20.0,98.0,S2_ring_D2_X60_Y20_Z98,S2_20250719-180002.430305397+0800.h5,370;371;372;373;374;375;376;377;378,9,12625,2.525,0.0080993049071313,0.0070715547809925,0.0085922446841673,0.0001656368184461,0.0014730075366078,1342,23.76617094756397,0.1412572696101602,0.0001656368184461,11,False,False
RGM_0323885,2025-07-19 18:07:09.180305397,2025-07-19 18:07:09.230305397,2025-07-19 18:07:09.205305397,2025-07-19 18:07:09,2025-07-19 18:07:00,5,374,3374,ring51,ring,2.0,60.0,20.0,98.0,S2_ring_D2_X60_Y20_Z98,S2_20250719-180002.430305397+0800.h5,370;371;372;373;374;375;376;377;378,9,250,0.05,0.0157640038877982,0.0117619547229663,0.0170666496727469,1.2425190928725857e-05,0.0001035937392507,1343,23.78193495145177,0.141269694801089,1.2425190928725857e-05,11,False,False
RGM_0323937,2025-07-19 18:07:15.330305397,2025-07-19 18:07:17.955305397,2025-07-19 18:07:17.905305397,2025-07-19 18:07:17,2025-07-19 18:07:00,5,374,3374,ring51,ring,2.0,60.0,20.0,98.0,S2_ring_D2_X60_Y20_Z98,S2_20250719-180002.430305397+0800.h5,370;371;372;373;374;375;376;377;378,9,13125,2.625,0.0122647106840321,0.0090660367712107,0.0139434500352089,0.0003948607114279,0.0034168335429116,1344,23.794199662135803,0.1416645555125169,0.0003948607114279,11,False,False
RGM_0323998,2025-07-19 18:07:27.105305397,2025-07-19 18:07:27.155305397,2025-07-19 18:07:27.130305397,2025-07-19 18:07:27,2025-07-19 18:07:00,5,374,3374,ring51,ring,2.0,60.0,20.0,98.0,S2_ring_D2_X60_Y20_Z98,S2_20250719-180002.430305397+0800.h5,370;371;372;373;374;375;376;377;378,9,250,0.05,0.0134315132896608,0.0099875030840296,0.0148479608360865,9.020277462516789e-06,7.636036234047519e-05,1345,23.807631175425463,0.1416735757899794,9.020277462516789e-06,11,False,False
RGM_0324034,2025-07-19 18:07:32.655305397,2025-07-19 18:07:32.705305397,2025-07-19 18:07:32.680305397,2025-07-19 18:07:32,2025-07-19 18:07:00,5,374,3374,ring51,ring,2.0,60.0,20.0,98.0,S2_ring_D2_X60_Y20_Z98,S2_20250719-180002.430305397+0800.h5,370;371;372;373;374;375;376;377;378,9,250,0.05,0.0126555305692281,0.0089521374134377,0.0142673658753218,8.008122699433359e-06,6.726915889066194e-05,1346,23.82028670599469,0.1416815839126788,8.008122699433359e-06,11,False,False
RGM_0324066,2025-07-19 18:07:37.605305397,2025-07-19 18:07:37.655305397,2025-07-19 18:07:37.630305397,2025-07-19 18:07:37,2025-07-19 18:07:00,5,374,3374,ring51,ring,2.0,60.0,20.0,98.0,S2_ring_D2_X60_Y20_Z98,S2_20250719-180002.430305397+0800.h5,370;371;372;373;374;375;376;377;378,9,250,0.05,0.0136732365739969,0.0099340222484262,0.0158328032402791,9.347869920424358e-06,8.311998991640257e-05,1347,23.833959942568686,0.1416909317825993,9.347869920424358e-06,11,False,False
RGM_0324072,2025-07-19 18:07:38.230305397,2025-07-19 18:07:38.280305397,2025-07-19 18:07:38.255305397,2025-07-19 18:07:38,2025-07-19 18:07:00,5,374,3374,ring51,ring,2.0,60.0,20.0,98.0,S2_ring_D2_X60_Y20_Z98,S2_20250719-180002.430305397+0800.h5,370;371;372;373;374;375;376;377;378,9,250,0.05,0.0133065637750175,0.0102134032688816,0.0143928899113141,8.853231974930508e-06,7.37949632716265e-05,1348,23.847266506343704,0.1416997850145742,8.853231974930508e-06,11,False,False
RGM_0324088,2025-07-19 18:07:40.680305397,2025-07-19 18:07:42.605305397,2025-07-19 18:07:41.430305397,2025-07-19 18:07:41,2025-07-19 18:07:00,5,374,3374,ring51,ring,2.0,60.0,20.0,98.0,S2_ring_D2_X60_Y20_Z98,S2_20250719-180002.430305397+0800.h5,370;371;372;373;374;375;376;377;378,9,9625,1.925,0.0133366870689646,0.0082758187087462,0.0149589251514997,0.0003423944023028,0.0028010628778034,1349,23.86060319341267,0.142042179416877,0.0003423944023028,11,False,False
RGM_0324219,2025-07-19 18:08:05.055305397,2025-07-19 18:08:05.105305397,2025-07-19 18:08:05.080305397,2025-07-19 18:08:05,2025-07-19 18:08:00,5,374,3374,ring51,ring,2.0,60.0,20.0,98.0,S2_ring_D2_X60_Y20_Z98,S2_20250719-180002.430305397+0800.h5,370;371;372;373;374;375;376;377;378,9,250,0.05,0.0117292900482637,0.0097901224039972,0.0132917284127603,6.878812251814894e-06,6.293259783033149e-05,1350,23.872332483460934,0.1420490582291289,6.878812251814894e-06,11,False,False
RGM_0324575,2025-07-19 18:09:09.755305397,2025-07-19 18:09:12.430305397,2025-07-19 18:09:11.055305397,2025-07-19 18:09:11,2025-07-19 18:09:00,5,374,3374,ring51,ring,2.0,60.0,20.0,98.0,S2_ring_D2_X60_Y20_Z98,S2_20250719-180002.430305397+0800.h5,370;371;372;373;374;375;376;377;378,9,13375,2.675,0.0265750111030519,0.0113987969330173,0.0315365796402551,0.0018891685004656,0.0158602822714059,1351,23.898907494563986,0.1439382267295945,0.0018891685004656,11,False,False
RGM_0324696,2025-07-19 18:09:32.330305397,2025-07-19 18:09:34.955305397,2025-07-19 18:09:34.930305397,2025-07-19 18:09:34,2025-07-19 18:09:00,5,374,3374,ring51,ring,2.0,60.0,20.0,98.0,S2_ring_D2_X60_Y20_Z98,S2_20250719-180002.430305397+0800.h5,370;371;372;373;374;375;376;377;378,9,13125,2.625,0.0085038627248914,0.0069092966439393,0.0095789109620553,0.0001898286632649,0.0016646552776117,1352,23.90741135728888,0.1441280553928594,0.0001898286632649,11,False,False
RGM_0324708,2025-07-19 18:09:37.355305397,2025-07-19 18:09:37.405305397,2025-07-19 18:09:37.380305397,2025-07-19 18:09:37,2025-07-19 18:09:00,5,374,3374,ring51,ring,2.0,60.0,20.0,98.0,S2_ring_D2_X60_Y20_Z98,S2_20250719-180002.430305397+0800.h5,370;371;372;373;374;375;376;377;378,9,250,0.05,0.016159250838029,0.011410491132604,0.0182358978344489,1.305606938231716e-05,0.0001093529759216,1353,23.923570608126905,0.1441411114622418,1.305606938231716e-05,11,False,False
RGM_0325005,2025-07-19 18:10:28.905469954,2025-07-19 18:10:30.255469954,2025-07-19 18:10:30.230469954,2025-07-19 18:10:30,2025-07-19 18:10:00,5,374,3374,ring51,ring,2.0,60.0,20.0,98.0,S2_ring_D2_X60_Y20_Z98,S2_20250719-181002.430469954+0800.h5,370;371;372;373;374;375;376;377;378,9,6750,1.35,0.0081971731666364,0.0066861631485922,0.0093578929487759,9.071142469716384e-05,0.0008223995184333,1354,23.93176778129354,0.1442318228869389,9.071142469716384e-05,11,False,False
RGM_0325023,2025-07-19 18:10:32.755469954,2025-07-19 18:10:32.805469954,2025-07-19 18:10:32.780469954,2025-07-19 18:10:32,2025-07-19 18:10:00,5,374,3374,ring51,ring,2.0,60.0,20.0,98.0,S2_ring_D2_X60_Y20_Z98,S2_20250719-181002.430469954+0800.h5,370;371;372;373;374;375;376;377;378,9,250,0.05,0.0147584413621603,0.0105630197465458,0.0164878230375265,1.0890579572016228e-05,9.032446603026688e-05,1355,23.946526222655702,0.1442427134665109,1.0890579572016228e-05,11,False,False
RGM_0325053,2025-07-19 18:10:37.305469954,2025-07-19 18:10:37.355469954,2025-07-19 18:10:37.330469954,2025-07-19 18:10:37,2025-07-19 18:10:00,5,374,3374,ring51,ring,2.0,60.0,20.0,98.0,S2_ring_D2_X60_Y20_Z98,S2_20250719-181002.430469954+0800.h5,370;371;372;373;374;375;376;377;378,9,250,0.05,0.0129041373810434,0.0093595057098481,0.0143770697830553,8.325838077442137e-06,6.907159674668333e-05,1356,23.959430360036745,0.1442510393045884,8.325838077442137e-06,11,False,False
RGM_0325149,2025-07-19 18:10:52.680469954,2025-07-19 18:10:52.730469954,2025-07-19 18:10:52.705469954,2025-07-19 18:10:52,2025-07-19 18:10:00,5,374,3374,ring51,ring,2.0,60.0,20.0,98.0,S2_ring_D2_X60_Y20_Z98,S2_20250719-181002.430469954+0800.h5,370;371;372;373;374;375;376;377;378,9,250,0.05,0.0146918727947943,0.0112514727848746,0.0163133436370603,1.0792556310920948e-05,9.15294302338097e-05,1357,23.97412223283154,0.1442618318608993,1.0792556310920948e-05,11,False,False
RGM_0325315,2025-07-19 18:11:18.955469954,2025-07-19 18:11:19.005469954,2025-07-19 18:11:18.980469954,2025-07-19 18:11:18,2025-07-19 18:11:00,5,421,3421,ring54,ring,2.0,115.0,120.0,80.0,S2_ring_D2_X115_Y120_Z80,S2_20250719-181002.430469954+0800.h5,417;418;419;420;421;422;423;424;425,9,250,0.05,0.0311090740976979,0.0083863528767216,0.0350268180664362,4.8388724560803024e-05,0.0003388828211957,1358,24.00523130692924,0.1443102205854601,4.8388724560803024e-05,34,False,False
RGM_0325333,2025-07-19 18:11:21.855469954,2025-07-19 18:11:21.905469954,2025-07-19 18:11:21.880469954,2025-07-19 18:11:21,2025-07-19 18:11:00,5,374,3374,ring51,ring,2.0,60.0,20.0,98.0,S2_ring_D2_X60_Y20_Z98,S2_20250719-181002.430469954+0800.h5,370;371;372;373;374;375;376;377;378,9,250,0.05,0.0147215023143987,0.0115795890362986,0.0167565293923271,1.0836131519642412e-05,9.832785953869958e-05,1359,24.01995280924364,0.1443210567169797,1.0836131519642412e-05,11,False,False
RGM_0325461,2025-07-19 18:11:43.855469954,2025-07-19 18:11:46.605469954,2025-07-19 18:11:45.830469954,2025-07-19 18:11:45,2025-07-19 18:11:00,5,374,3374,ring51,ring,2.0,60.0,20.0,98.0,S2_ring_D2_X60_Y20_Z98,S2_20250719-181002.430469954+0800.h5,370;371;372;373;374;375;376;377;378,9,13750,2.75,0.008873594061641,0.0066679215696506,0.0097738162296289,0.0002165368468196,0.0017754512961909,1360,24.02882640330528,0.1445375935637994,0.0002165368468196,11,False,False
RGM_0325503,2025-07-19 18:11:54.455469954,2025-07-19 18:11:54.505469954,2025-07-19 18:11:54.480469954,2025-07-19 18:11:54,2025-07-19 18:11:00,5,374,3374,ring51,ring,2.0,60.0,20.0,98.0,S2_ring_D2_X60_Y20_Z98,S2_20250719-181002.430469954+0800.h5,370;371;372;373;374;375;376;377;378,9,250,0.05,0.0140618720685963,0.0088798582561516,0.0158955719955399,9.886812303678574e-06,7.994215394745929e-05,1361,24.042888275373876,0.1445474803761031,9.886812303678574e-06,11,False,False
RGM_0325626,2025-07-19 18:12:19.580469954,2025-07-19 18:12:19.630469954,2025-07-19 18:12:19.605469954,2025-07-19 18:12:19,2025-07-19 18:12:00,5,374,3374,ring51,ring,2.0,60.0,20.0,98.0,S2_ring_D2_X60_Y20_Z98,S2_20250719-181002.430469954+0800.h5,370;371;372;373;374;375;376;377;378,9,250,0.05,0.015753112783336,0.0109285389476411,0.0181212030635011,1.2408028118225342e-05,0.0001082266415483,1362,24.05864138815721,0.1445598884042213,1.2408028118225342e-05,11,False,False
RGM_0325627,2025-07-19 18:12:19.780469954,2025-07-19 18:12:19.880469954,2025-07-19 18:12:19.830469954,2025-07-19 18:12:19,2025-07-19 18:12:00,5,410,3410,ring53,ring,2.0,85.0,20.0,98.0,S2_ring_D2_X85_Y20_Z98,S2_20250719-181002.430469954+0800.h5,406;407;408;409;410;411;412;413;414,9,500,0.1,0.0326719671854811,0.0146213582766792,0.0376083054024117,0.0001067457439769,0.0008671620884717,1363,24.09131335534269,0.1446666341481983,0.0001067457439769,23,False,False
RGM_0325651,2025-07-19 18:12:25.305469954,2025-07-19 18:12:25.430469954,2025-07-19 18:12:25.330469954,2025-07-19 18:12:25,2025-07-19 18:12:00,5,374,3374,ring51,ring,2.0,60.0,20.0,98.0,S2_ring_D2_X60_Y20_Z98,S2_20250719-181002.430469954+0800.h5,370;371;372;373;374;375;376;377;378,9,625,0.125,0.0127401305890912,0.0088415469558056,0.0141419078569891,2.028886592838724e-05,0.0001672975333704,1364,24.104053485931782,0.1446869230141267,2.028886592838724e-05,11,False,False
RGM_0325704,2025-07-19 18:12:38.105469954,2025-07-19 18:12:38.155469954,2025-07-19 18:12:38.130469954,2025-07-19 18:12:38,2025-07-19 18:12:00,5,374,3374,ring51,ring,2.0,60.0,20.0,98.0,S2_ring_D2_X60_Y20_Z98,S2_20250719-181002.430469954+0800.h5,370;371;372;373;374;375;376;377;378,9,250,0.05,0.0153792687759001,0.0096459141888236,0.0171417677960191,1.1826095404068804e-05,9.513633878350356e-05,1365,24.11943275470768,0.1446987491095307,1.1826095404068804e-05,11,False,False
RGM_0325788,2025-07-19 18:12:57.855469954,2025-07-19 18:12:57.980469954,2025-07-19 18:12:57.880469954,2025-07-19 18:12:57,2025-07-19 18:12:00,5,374,3374,ring51,ring,2.0,60.0,20.0,98.0,S2_ring_D2_X60_Y20_Z98,S2_20250719-181002.430469954+0800.h5,370;371;372;373;374;375;376;377;378,9,625,0.125,0.0139446001797688,0.0081707066550876,0.0159417268564289,2.4306484271701045e-05,0.0001931607541227,1366,24.13337735488745,0.1447230555938024,2.4306484271701045e-05,11,False,False
RGM_0325855,2025-07-19 18:13:13.755469954,2025-07-19 18:13:13.805469954,2025-07-19 18:13:13.780469954,2025-07-19 18:13:13,2025-07-19 18:13:00,5,374,3374,ring51,ring,2.0,60.0,20.0,98.0,S2_ring_D2_X60_Y20_Z98,S2_20250719-181002.430469954+0800.h5,370;371;372;373;374;375;376;377;378,9,250,0.05,0.0148275534377466,0.0113915234564074,0.015639057391131,1.0992817047461684e-05,9.18972799848578e-05,1367,24.1482049083252,0.1447340484108499,1.0992817047461684e-05,11,False,False
RGM_0325932,2025-07-19 18:13:31.005469954,2025-07-19 18:13:31.055469954,2025-07-19 18:13:31.030469954,2025-07-19 18:13:31,2025-07-19 18:13:00,5,374,3374,ring51,ring,2.0,60.0,20.0,98.0,S2_ring_D2_X60_Y20_Z98,S2_20250719-181002.430469954+0800.h5,370;371;372;373;374;375;376;377;378,9,250,0.05,0.0140655201082283,0.0109457228035918,0.0149515864914605,9.891942795748793e-06,8.332905176642387e-05,1368,24.162270428433427,0.1447439403536456,9.891942795748793e-06,11,False,False
RGM_0325961,2025-07-19 18:13:39.405469954,2025-07-19 18:13:39.455469954,2025-07-19 18:13:39.430469954,2025-07-19 18:13:39,2025-07-19 18:13:00,5,374,3374,ring51,ring,2.0,60.0,20.0,98.0,S2_ring_D2_X60_Y20_Z98,S2_20250719-181002.430469954+0800.h5,370;371;372;373;374;375;376;377;378,9,250,0.05,0.0143239192335622,0.0103294496210747,0.0149367931434732,1.025873311048073e-05,8.501203789552716e-05,1369,24.17659434766699,0.1447541990867561,1.025873311048073e-05,11,False,False
RGM_0326004,2025-07-19 18:13:50.730469954,2025-07-19 18:13:50.780469954,2025-07-19 18:13:50.755469954,2025-07-19 18:13:50,2025-07-19 18:13:00,5,374,3374,ring51,ring,2.0,60.0,20.0,98.0,S2_ring_D2_X60_Y20_Z98,S2_20250719-181002.430469954+0800.h5,370;371;372;373;374;375;376;377;378,9,250,0.05,0.0129908884606482,0.009720287938671,0.0136753922980914,8.43815914985014e-06,7.101073203862987e-05,1370,24.18958523612764,0.144762637245906,8.43815914985014e-06,11,False,False
RGM_0326212,2025-07-19 18:14:39.255469954,2025-07-19 18:14:40.005469954,2025-07-19 18:14:39.980469954,2025-07-19 18:14:39,2025-07-19 18:14:00,5,374,3374,ring51,ring,2.0,60.0,20.0,98.0,S2_ring_D2_X60_Y20_Z98,S2_20250719-181002.430469954+0800.h5,370;371;372;373;374;375;376;377;378,9,3750,0.75,0.0080685365918555,0.0076684200900557,0.0088913397735442,4.882596205058437e-05,0.0004566059850272,1371,24.19765377271949,0.1448114632079566,4.882596205058437e-05,11,False,False
RGM_0326222,2025-07-19 18:14:42.455469954,2025-07-19 18:14:42.505469954,2025-07-19 18:14:42.480469954,2025-07-19 18:14:42,2025-07-19 18:14:00,5,374,3374,ring51,ring,2.0,60.0,20.0,98.0,S2_ring_D2_X60_Y20_Z98,S2_20250719-181002.430469954+0800.h5,370;371;372;373;374;375;376;377;378,9,250,0.05,0.0134386004675488,0.0113614771357126,0.0146481779574703,9.029799126320268e-06,7.941480344960854e-05,1372,24.211092373187043,0.1448204930070829,9.029799126320268e-06,11,False,False
RGM_0326368,2025-07-19 18:15:18.680469954,2025-07-19 18:15:18.730469954,2025-07-19 18:15:18.705469954,2025-07-19 18:15:18,2025-07-19 18:15:00,5,374,3374,ring51,ring,2.0,60.0,20.0,98.0,S2_ring_D2_X60_Y20_Z98,S2_20250719-181002.430469954+0800.h5,370;371;372;373;374;375;376;377;378,9,250,0.05,0.0163719179709103,0.0114789576221812,0.0180853958104903,1.3401984902310828e-05,0.0001089047370168,1373,24.227464291157958,0.1448338949919852,1.3401984902310828e-05,11,False,False
RGM_0326381,2025-07-19 18:15:21.230469954,2025-07-19 18:15:21.280469954,2025-07-19 18:15:21.255469954,2025-07-19 18:15:21,2025-07-19 18:15:00,5,374,3374,ring51,ring,2.0,60.0,20.0,98.0,S2_ring_D2_X60_Y20_Z98,S2_20250719-181002.430469954+0800.h5,370;371;372;373;374;375;376;377;378,9,250,0.05,0.0158294400360492,0.0122683440700973,0.0177773037107165,1.2528558592743964e-05,0.0001099300896415,1374,24.243293731194004,0.1448464235505779,1.2528558592743964e-05,11,False,False
RGM_0326635,2025-07-19 18:16:16.030469954,2025-07-19 18:16:16.080469954,2025-07-19 18:16:16.055469954,2025-07-19 18:16:16,2025-07-19 18:16:00,5,374,3374,ring51,ring,2.0,60.0,20.0,98.0,S2_ring_D2_X60_Y20_Z98,S2_20250719-181002.430469954+0800.h5,370;371;372;373;374;375;376;377;378,9,250,0.05,0.0132123574818646,0.0115219173347891,0.014228080124887,8.728319511429182e-06,7.741040650280464e-05,1375,24.25650608867587,0.1448551518700894,8.728319511429182e-06,11,False,False
RGM_0326690,2025-07-19 18:16:26.105469954,2025-07-19 18:16:26.155469954,2025-07-19 18:16:26.130469954,2025-07-19 18:16:26,2025-07-19 18:16:00,5,374,3374,ring51,ring,2.0,60.0,20.0,98.0,S2_ring_D2_X60_Y20_Z98,S2_20250719-181002.430469954+0800.h5,370;371;372;373;374;375;376;377;378,9,250,0.05,0.0139730834964837,0.0125120742679135,0.0148915172361935,9.762353119985378e-06,8.634530403883718e-05,1376,24.270479172172355,0.1448649142232093,9.762353119985378e-06,11,False,False
RGM_0326691,2025-07-19 18:16:26.155469954,2025-07-19 18:16:26.780469954,2025-07-19 18:16:26.180469954,2025-07-19 18:16:26,2025-07-19 18:16:00,5,374,3374,ring51,ring,2.0,60.0,20.0,98.0,S2_ring_D2_X60_Y20_Z98,S2_20250719-181002.430469954+0800.h5,370;371;372;373;374;375;376;377;378,9,3125,0.625,0.0060136496344847,0.0055644016287975,0.0069798482107725,2.2602488703961784e-05,0.0002126462534496,1377,24.27649282180684,0.1448875167119133,2.2602488703961784e-05,11,False,False
RGM_0326854,2025-07-19 18:17:00.505469954,2025-07-19 18:17:01.230469954,2025-07-19 18:17:01.130469954,2025-07-19 18:17:01,2025-07-19 18:17:00,5,373,3373,ring51,ring,2.0,60.0,20.0,98.0,S2_ring_D2_X60_Y20_Z98,S2_20250719-181002.430469954+0800.h5,369;370;371;372;373;374;375;376;377,9,3625,0.725,0.0072539829230646,0.0060110814150507,0.0089773100616103,3.814969447988259e-05,0.0003674828524124,1378,24.283746804729905,0.1449256664063932,3.814969447988259e-05,11,False,False
RGM_0326978,2025-07-19 18:17:24.030469954,2025-07-19 18:17:24.105469954,2025-07-19 18:17:24.055469954,2025-07-19 18:17:24,2025-07-19 18:17:00,5,374,3374,ring51,ring,2.0,60.0,20.0,98.0,S2_ring_D2_X60_Y20_Z98,S2_20250719-181002.430469954+0800.h5,370;371;372;373;374;375;376;377;378,9,375,0.075,0.0117206890026621,0.0108687568978423,0.0121914845886701,1.0303091302284351e-05,9.102777742632222e-05,1379,24.295467493732566,0.1449359694976955,1.0303091302284351e-05,11,False,False
RGM_0327298,2025-07-19 18:18:41.455469954,2025-07-19 18:18:41.580469954,2025-07-19 18:18:41.555469954,2025-07-19 18:18:41,2025-07-19 18:18:00,5,374,3374,ring51,ring,2.0,60.0,20.0,98.0,S2_ring_D2_X60_Y20_Z98,S2_20250719-181002.430469954+0800.h5,370;371;372;373;374;375;376;377;378,9,625,0.125,0.0183896459803235,0.0121823009090315,0.0200928065063873,4.22723849102037e-05,0.0003377301685694,1380,24.31385713971289,0.1449782418826057,4.22723849102037e-05,11,False,False
RGM_0327313,2025-07-19 18:18:42.955469954,2025-07-19 18:18:43.055469954,2025-07-19 18:18:43.030469954,2025-07-19 18:18:43,2025-07-19 18:18:00,5,419,3419,ring54,ring,2.0,115.0,120.0,80.0,S2_ring_D2_X115_Y120_Z80,S2_20250719-181002.430469954+0800.h5,415;416;417;418;419;420;421;422;423,9,500,0.1,0.0316220546066538,0.0051589568516298,0.0398693236516638,9.99954337546195e-05,0.0007699933547928,1381,24.345479194319545,0.1450782373163603,9.99954337546195e-05,34,False,False
RGM_0327346,2025-07-19 18:18:50.130469954,2025-07-19 18:18:50.180469954,2025-07-19 18:18:50.155469954,2025-07-19 18:18:50,2025-07-19 18:18:00,5,374,3374,ring51,ring,2.0,60.0,20.0,98.0,S2_ring_D2_X60_Y20_Z98,S2_20250719-181002.430469954+0800.h5,370;371;372;373;374;375;376;377;378,9,250,0.05,0.0113835813963543,0.0099341575383347,0.0120395716089735,6.479296270371267e-06,5.5201784702018576e-05,1382,24.3568627757159,0.1450847166126306,6.479296270371267e-06,11,False,False
RGM_0327347,2025-07-19 18:18:50.180469954,2025-07-19 18:18:50.230469954,2025-07-19 18:18:50.205469954,2025-07-19 18:18:50,2025-07-19 18:18:00,5,374,3374,ring51,ring,2.0,60.0,20.0,98.0,S2_ring_D2_X60_Y20_Z98,S2_20250719-181002.430469954+0800.h5,370;371;372;373;374;375;376;377;378,9,250,0.05,0.0113791855227156,0.0095914643816245,0.0124337524917073,6.4742931580191175e-06,5.754521124726243e-05,1383,24.368241961238617,0.1450911909057887,6.4742931580191175e-06,11,False,False
RGM_0327455,2025-07-19 18:19:14.130469954,2025-07-19 18:19:14.180469954,2025-07-19 18:19:14.155469954,2025-07-19 18:19:14,2025-07-19 18:19:00,5,373,3373,ring51,ring,2.0,60.0,20.0,98.0,S2_ring_D2_X60_Y20_Z98,S2_20250719-181002.430469954+0800.h5,369;370;371;372;373;374;375;376;377,9,250,0.05,0.0153136121775152,0.009905936597715,0.0165760259197271,1.1725335896167162e-05,9.266868378459966e-05,1384,24.38355557341613,0.1451029162416848,1.1725335896167162e-05,11,False,False
RGM_0327456,2025-07-19 18:19:14.180469954,2025-07-19 18:19:14.230469954,2025-07-19 18:19:14.205469954,2025-07-19 18:19:14,2025-07-19 18:19:00,5,374,3374,ring51,ring,2.0,60.0,20.0,98.0,S2_ring_D2_X60_Y20_Z98,S2_20250719-181002.430469954+0800.h5,370;371;372;373;374;375;376;377;378,9,250,0.05,0.0106152181301327,0.0072368138407397,0.011099419882378,5.634142797514903e-06,4.417216113331733e-05,1385,24.394170791546266,0.1451085503844824,5.634142797514903e-06,11,False,False
RGM_0327526,2025-07-19 18:19:28.305469954,2025-07-19 18:19:28.355469954,2025-07-19 18:19:28.330469954,2025-07-19 18:19:28,2025-07-19 18:19:00,5,374,3374,ring51,ring,2.0,60.0,20.0,98.0,S2_ring_D2_X60_Y20_Z98,S2_20250719-181002.430469954+0800.h5,370;371;372;373;374;375;376;377;378,9,250,0.05,0.0117288477404988,0.0090829181232692,0.0130335715231339,6.878293465990279e-06,5.858618544449942e-05,1386,24.40589963928677,0.1451154286779483,6.878293465990279e-06,11,False,False
RGM_0327538,2025-07-19 18:19:30.780469954,2025-07-19 18:19:30.830469954,2025-07-19 18:19:30.805469954,2025-07-19 18:19:30,2025-07-19 18:19:00,5,374,3374,ring51,ring,2.0,60.0,20.0,98.0,S2_ring_D2_X60_Y20_Z98,S2_20250719-181002.430469954+0800.h5,370;371;372;373;374;375;376;377;378,9,250,0.05,0.0146050676397954,0.0106508975077716,0.016459703948729,1.0665400038150006e-05,9.133663401050872e-05,1387,24.42050470692656,0.1451260940779865,1.0665400038150006e-05,11,False,False
RGM_0327554,2025-07-19 18:19:33.880469954,2025-07-19 18:19:34.005469954,2025-07-19 18:19:33.980469954,2025-07-19 18:19:33,2025-07-19 18:19:00,5,374,3374,ring51,ring,2.0,60.0,20.0,98.0,S2_ring_D2_X60_Y20_Z98,S2_20250719-181002.430469954+0800.h5,370;371;372;373;374;375;376;377;378,9,625,0.125,0.0112197475302874,0.0088357734076499,0.0126631477704647,1.5735341830424034e-05,0.0001407329898328,1388,24.431724454456848,0.1451418294198169,1.5735341830424034e-05,11,False,False
RGM_0327695,2025-07-19 18:20:03.805629094,2025-07-19 18:20:05.305629094,2025-07-19 18:20:03.905629094,2025-07-19 18:20:03,2025-07-19 18:20:00,5,374,3374,ring51,ring,2.0,60.0,20.0,98.0,S2_ring_D2_X60_Y20_Z98,S2_20250719-182002.430629094+0800.h5,370;371;372;373;374;375;376;377;378,9,7500,1.5,0.0075334461895583,0.0067719430613068,0.0100652133245005,8.512921723645738e-05,0.000913813837386,1389,24.439257900646407,0.1452269586370534,8.512921723645738e-05,11,False,False
RGM_0327758,2025-07-19 18:20:20.630629094,2025-07-19 18:20:20.680629094,2025-07-19 18:20:20.655629094,2025-07-19 18:20:20,2025-07-19 18:20:00,5,374,3374,ring51,ring,2.0,60.0,20.0,98.0,S2_ring_D2_X60_Y20_Z98,S2_20250719-182002.430629094+0800.h5,370;371;372;373;374;375;376;377;378,9,250,0.05,0.0128917476123293,0.0124442645026212,0.0136652685266709,8.309857824999935e-06,7.601179413207454e-05,1390,24.452149648258736,0.1452352684948784,8.309857824999935e-06,11,False,False
RGM_0327816,2025-07-19 18:20:33.630629094,2025-07-19 18:20:33.680629094,2025-07-19 18:20:33.655629094,2025-07-19 18:20:33,2025-07-19 18:20:00,5,374,3374,ring51,ring,2.0,60.0,20.0,98.0,S2_ring_D2_X60_Y20_Z98,S2_20250719-182002.430629094+0800.h5,370;371;372;373;374;375;376;377;378,9,250,0.05,0.0137970420688794,0.0118130349537124,0.0146822985479508,9.517918492521483e-06,8.241763911360413e-05,1391,24.465946690327616,0.1452447864133709,9.517918492521483e-06,11,False,False
RGM_0327834,2025-07-19 18:20:36.730629094,2025-07-19 18:20:36.780629094,2025-07-19 18:20:36.755629094,2025-07-19 18:20:36,2025-07-19 18:20:00,5,374,3374,ring51,ring,2.0,60.0,20.0,98.0,S2_ring_D2_X60_Y20_Z98,S2_20250719-182002.430629094+0800.h5,370;371;372;373;374;375;376;377;378,9,250,0.05,0.012474225504469,0.0112153622707948,0.0128270748155138,7.780315096817253e-06,6.743058815587898e-05,1392,24.47842091583209,0.1452525667284677,7.780315096817253e-06,11,False,False
RGM_0328089,2025-07-19 18:21:28.380629094,2025-07-19 18:21:29.030629094,2025-07-19 18:21:29.005629094,2025-07-19 18:21:29,2025-07-19 18:21:00,5,374,3374,ring51,ring,2.0,60.0,20.0,98.0,S2_ring_D2_X60_Y20_Z98,S2_20250719-182002.430629094+0800.h5,370;371;372;373;374;375;376;377;378,9,3250,0.65,0.0070030847969076,0.0063792714980427,0.0073970875768945,3.187807783724157e-05,0.0002861163462445,1393,24.485424000628992,0.145284444806305,3.187807783724157e-05,11,False,False
RGM_0328282,2025-07-19 18:22:12.605629094,2025-07-19 18:22:12.655629094,2025-07-19 18:22:12.630629094,2025-07-19 18:22:12,2025-07-19 18:22:00,5,374,3374,ring51,ring,2.0,60.0,20.0,98.0,S2_ring_D2_X60_Y20_Z98,S2_20250719-182002.430629094+0800.h5,370;371;372;373;374;375;376;377;378,9,250,0.05,0.0147346998806825,0.0090991874503401,0.0156160583833435,1.0855569028689248e-05,8.49874885015035e-05,1394,24.50015870050968,0.1452953003753337,1.0855569028689248e-05,11,False,False
RGM_0328284,2025-07-19 18:22:12.055629094,2025-07-19 18:22:13.280629094,2025-07-19 18:22:12.680629094,2025-07-19 18:22:12,2025-07-19 18:22:00,5,374,3374,ring51,ring,2.0,60.0,20.0,98.0,S2_ring_D2_X60_Y20_Z98,S2_20250719-182002.430629094+0800.h5,370;371;372;373;374;375;376;377;378,9,6125,1.225,0.0083457580657672,0.0064990996262242,0.0087584149977422,8.532330517309125e-05,0.0007159352561861,1395,24.508504458575445,0.1453806236805067,8.532330517309125e-05,11,False,False
RGM_0328373,2025-07-19 18:22:37.105629094,2025-07-19 18:22:37.155629094,2025-07-19 18:22:37.130629094,2025-07-19 18:22:37,2025-07-19 18:22:00,5,426,3426,ring54,ring,2.0,115.0,120.0,80.0,S2_ring_D2_X115_Y120_Z80,S2_20250719-182002.430629094+0800.h5,422;423;424;425;426;427;428;429;430,9,250,0.05,0.0351561024565518,0.0045735660603687,0.0391892604356045,6.17975769967785e-05,0.0004636844725392,1396,24.543660561031995,0.1454424212575035,6.17975769967785e-05,34,False,False
RGM_0328384,2025-07-19 18:22:39.380629094,2025-07-19 18:22:39.430629094,2025-07-19 18:22:39.405629094,2025-07-19 18:22:39,2025-07-19 18:22:00,5,374,3374,ring51,ring,2.0,60.0,20.0,98.0,S2_ring_D2_X60_Y20_Z98,S2_20250719-182002.430629094+0800.h5,370;371;372;373;374;375;376;377;378,9,250,0.05,0.0181026795571224,0.0106266559378921,0.0201430440736965,1.6385350357392878e-05,0.000131573369183,1397,24.56176324058912,0.1454588066078609,1.6385350357392878e-05,11,False,False
RGM_0328488,2025-07-19 18:23:04.780629094,2025-07-19 18:23:05.455629094,2025-07-19 18:23:05.005629094,2025-07-19 18:23:05,2025-07-19 18:23:00,5,374,3374,ring51,ring,2.0,60.0,20.0,98.0,S2_ring_D2_X60_Y20_Z98,S2_20250719-182002.430629094+0800.h5,370;371;372;373;374;375;376;377;378,9,3375,0.675,0.0084338792109764,0.0073580039167105,0.0089839424540472,4.8012965018105045e-05,0.0004207919714512,1398,24.57019711980009,0.145506819572879,4.8012965018105045e-05,11,False,False
RGM_0328517,2025-07-19 18:23:11.005629094,2025-07-19 18:23:11.655629094,2025-07-19 18:23:11.630629094,2025-07-19 18:23:11,2025-07-19 18:23:00,5,374,3374,ring51,ring,2.0,60.0,20.0,98.0,S2_ring_D2_X60_Y20_Z98,S2_20250719-182002.430629094+0800.h5,370;371;372;373;374;375;376;377;378,9,3250,0.65,0.0100763665629421,0.0076544229962404,0.010796160576724,6.599655602200652e-05,0.0005667121677292,1399,24.580273486363037,0.145572816128901,6.599655602200652e-05,11,False,False
RGM_0328635,2025-07-19 18:23:36.180629094,2025-07-19 18:23:36.230629094,2025-07-19 18:23:36.205629094,2025-07-19 18:23:36,2025-07-19 18:23:00,5,374,3374,ring51,ring,2.0,60.0,20.0,98.0,S2_ring_D2_X60_Y20_Z98,S2_20250719-182002.430629094+0800.h5,370;371;372;373;374;375;376;377;378,9,250,0.05,0.0117120083020485,0.0096359637421397,0.0127885825593744,6.858556923362749e-06,6.003522814696716e-05,1400,24.59198549466508,0.1455796746858244,6.858556923362749e-06,11,False,False
RGM_0328724,2025-07-19 18:23:56.530629094,2025-07-19 18:23:56.580629094,2025-07-19 18:23:56.555629094,2025-07-19 18:23:56,2025-07-19 18:23:00,5,374,3374,ring51,ring,2.0,60.0,20.0,98.0,S2_ring_D2_X60_Y20_Z98,S2_20250719-182002.430629094+0800.h5,370;371;372;373;374;375;376;377;378,9,250,0.05,0.0153395969191949,0.0098114632958543,0.0170584789296963,1.1765161682168752e-05,9.479292531838536e-05,1401,24.60732509158428,0.1455914398475066,1.1765161682168752e-05,11,False,False
RGM_0328738,2025-07-19 18:23:59.580629094,2025-07-19 18:24:00.230629094,2025-07-19 18:23:59.605629094,2025-07-19 18:23:59,2025-07-19 18:23:00,5,374,3374,ring51,ring,2.0,60.0,20.0,98.0,S2_ring_D2_X60_Y20_Z98,S2_20250719-182002.430629094+0800.h5,370;371;372;373;374;375;376;377;378,9,3250,0.65,0.0072840580224764,0.0061601257566115,0.007744425803262,3.4487375828622e-05,0.000298784758782,1402,24.614609149606757,0.1456259272233352,3.4487375828622e-05,11,False,False
RGM_0328752,2025-07-19 18:24:00.430629094,2025-07-19 18:24:02.705629094,2025-07-19 18:24:02.130629094,2025-07-19 18:24:02,2025-07-19 18:24:00,5,374,3374,ring51,ring,2.0,60.0,20.0,98.0,S2_ring_D2_X60_Y20_Z98,S2_20250719-182002.430629094+0800.h5,370;371;372;373;374;375;376;377;378,9,11375,2.275,0.0257552519343798,0.0123745404472637,0.0284646216573927,0.0015090825800126,0.0114688923237816,1403,24.64036440154113,0.1471350098033479,0.0015090825800126,11,False,False
RGM_0328886,2025-07-19 18:24:29.155629094,2025-07-19 18:24:31.705629094,2025-07-19 18:24:31.030629094,2025-07-19 18:24:31,2025-07-19 18:24:00,5,374,3374,ring51,ring,2.0,60.0,20.0,98.0,S2_ring_D2_X60_Y20_Z98,S2_20250719-182002.430629094+0800.h5,370;371;372;373;374;375;376;377;378,9,12750,2.55,0.008574406693918,0.0069943417146774,0.0091546794328252,0.0001874771478894,0.0016027596950299,1404,24.64893880823505,0.1473224869512373,0.0001874771478894,11,False,False
RGM_0329048,2025-07-19 18:25:05.555629094,2025-07-19 18:25:05.605629094,2025-07-19 18:25:05.580629094,2025-07-19 18:25:05,2025-07-19 18:25:00,5,374,3374,ring51,ring,2.0,60.0,20.0,98.0,S2_ring_D2_X60_Y20_Z98,S2_20250719-182002.430629094+0800.h5,370;371;372;373;374;375;376;377;378,9,250,0.05,0.01378886656164,0.0105337566830041,0.0167003076576251,9.506642052735709e-06,8.765230194781401e-05,1405,24.66272767479669,0.14733199359329,9.506642052735709e-06,11,False,False
RGM_0329095,2025-07-19 18:25:16.730629094,2025-07-19 18:25:16.780629094,2025-07-19 18:25:16.755629094,2025-07-19 18:25:16,2025-07-19 18:25:00,5,374,3374,ring51,ring,2.0,60.0,20.0,98.0,S2_ring_D2_X60_Y20_Z98,S2_20250719-182002.430629094+0800.h5,370;371;372;373;374;375;376;377;378,9,250,0.05,0.0154477465073975,0.0103495876166823,0.0167098228270518,1.1931643607840643e-05,9.755784385373818e-05,1406,24.67817542130409,0.1473439252368979,1.1931643607840643e-05,11,False,False
RGM_0329131,2025-07-19 18:25:24.155629094,2025-07-19 18:25:24.205629094,2025-07-19 18:25:24.180629094,2025-07-19 18:25:24,2025-07-19 18:25:00,5,374,3374,ring51,ring,2.0,60.0,20.0,98.0,S2_ring_D2_X60_Y20_Z98,S2_20250719-182002.430629094+0800.h5,370;371;372;373;374;375;376;377;378,9,250,0.05,0.0123024257020249,0.0094801253439409,0.0135499519335489,7.56748390769225e-06,6.580437777642796e-05,1407,24.690477847006115,0.1473514927208056,7.56748390769225e-06,11,False,False
RGM_0329154,2025-07-19 18:25:28.530629094,2025-07-19 18:25:28.580629094,2025-07-19 18:25:28.555629094,2025-07-19 18:25:28,2025-07-19 18:25:00,5,374,3374,ring51,ring,2.0,60.0,20.0,98.0,S2_ring_D2_X60_Y20_Z98,S2_20250719-182002.430629094+0800.h5,370;371;372;373;374;375;376;377;378,9,250,0.05,0.0156931327185913,0.0121808896624044,0.017002712942341,1.2313720726166148e-05,0.0001033493544806,1408,24.706170979724707,0.1473638064415317,1.2313720726166148e-05,11,False,False
RGM_0329192,2025-07-19 18:25:37.230629094,2025-07-19 18:25:37.280629094,2025-07-19 18:25:37.255629094,2025-07-19 18:25:37,2025-07-19 18:25:00,5,374,3374,ring51,ring,2.0,60.0,20.0,98.0,S2_ring_D2_X60_Y20_Z98,S2_20250719-182002.430629094+0800.h5,370;371;372;373;374;375;376;377;378,9,250,0.05,0.0145052970683562,0.011926808509086,0.0156670912602143,1.052018215206317e-05,9.325076089785648e-05,1409,24.720676276793064,0.1473743266236838,1.052018215206317e-05,11,False,False
RGM_0329216,2025-07-19 18:25:39.130629094,2025-07-19 18:25:40.355629094,2025-07-19 18:25:39.780629094,2025-07-19 18:25:39,2025-07-19 18:25:00,5,374,3374,ring51,ring,2.0,60.0,20.0,98.0,S2_ring_D2_X60_Y20_Z98,S2_20250719-182002.430629094+0800.h5,370;371;372;373;374;375;376;377;378,9,6125,1.225,0.0072550835289707,0.0062166543060203,0.007603310118452,6.447939034012011e-05,0.0005552652536503,1410,24.727931360322035,0.1474388060140239,6.447939034012011e-05,11,False,False
RGM_0329274,2025-07-19 18:25:49.530629094,2025-07-19 18:25:49.580629094,2025-07-19 18:25:49.555629094,2025-07-19 18:25:49,2025-07-19 18:25:00,5,374,3374,ring51,ring,2.0,60.0,20.0,98.0,S2_ring_D2_X60_Y20_Z98,S2_20250719-182002.430629094+0800.h5,370;371;372;373;374;375;376;377;378,9,250,0.05,0.0124543192467772,0.0097795310934831,0.0130758625142957,7.75550339503229e-06,6.526278757798251e-05,1411,24.740385679568814,0.147446561517419,7.75550339503229e-06,11,False,False
RGM_0329357,2025-07-19 18:26:06.805629094,2025-07-19 18:26:08.080629094,2025-07-19 18:26:06.905629094,2025-07-19 18:26:06,2025-07-19 18:26:00,5,374,3374,ring51,ring,2.0,60.0,20.0,98.0,S2_ring_D2_X60_Y20_Z98,S2_20250719-182002.430629094+0800.h5,370;371;372;373;374;375;376;377;378,9,6375,1.275,0.0076516044876053,0.0066871082656829,0.0082241865378859,7.46474903242969e-05,0.0006653659629417,1412,24.74803728405642,0.1475212090077433,7.46474903242969e-05,11,False,False
RGM_0329407,2025-07-19 18:26:16.705629094,2025-07-19 18:26:16.755629094,2025-07-19 18:26:16.730629094,2025-07-19 18:26:16,2025-07-19 18:26:00,5,374,3374,ring51,ring,2.0,60.0,20.0,98.0,S2_ring_D2_X60_Y20_Z98,S2_20250719-182002.430629094+0800.h5,370;371;372;373;374;375;376;377;378,9,250,0.05,0.0110331396896168,0.0094900612239292,0.0115924888701037,6.086508570529913e-06,5.418115044319124e-05,1413,24.759070423746035,0.1475272955163138,6.086508570529913e-06,11,False,False
RGM_0329530,2025-07-19 18:26:31.430629094,2025-07-19 18:26:33.430629094,2025-07-19 18:26:32.605629094,2025-07-19 18:26:32,2025-07-19 18:26:00,5,95,3095,ring04,ring,80.0,150.0,18.4,20.0,S2_ring_D80_X150_Y18.4_Z20,S2_20250719-182002.430629094+0800.h5,91;92;93;94;95;96;97;98;99,9,10000,2.0,0.0074448175695668,0.0050137245648529,0.0164524971312381,0.0001108506172882,0.0018797636983588,1414,24.7665152413156,0.1476381461336021,0.0001108506172882,103,True,True
RGM_0329544,2025-07-19 18:26:34.655629094,2025-07-19 18:26:34.755629094,2025-07-19 18:26:34.680629094,2025-07-19 18:26:34,2025-07-19 18:26:00,5,470,3470,ring57,ring,2.0,151.0,20.0,32.0,S2_ring_D2_X151_Y20_Z32,S2_20250719-182002.430629094+0800.h5,466;467;468;469;470;471;472;473;474,9,500,0.1,0.0094042592297977,0.0074157339810019,0.0103636754013316,8.84400916612353e-06,7.75218805013063e-05,1415,24.7759195005454,0.1476469901427682,8.84400916612353e-06,52,False,False
RGM_0329565,2025-07-19 18:26:37.330629094,2025-07-19 18:26:37.655629094,2025-07-19 18:26:37.355629094,2025-07-19 18:26:37,2025-07-19 18:26:00,5,467,3467,ring57,ring,2.0,151.0,20.0,32.0,S2_ring_D2_X151_Y20_Z32,S2_20250719-182002.430629094+0800.h5,463;464;465;466;467;468;469;470;471,9,1625,0.325,0.0069548537504623,0.0052700663203778,0.0080340952341342,1.5720246974354286e-05,0.0001407415946057,1416,24.78287435429586,0.1476627103897425,1.5720246974354286e-05,52,False,False
RGM_0329606,2025-07-19 18:26:40.430629094,2025-07-19 18:26:43.230629094,2025-07-19 18:26:43.130629094,2025-07-19 18:26:43,2025-07-19 18:26:00,5,340,3340,ring49,ring,2.0,20.0,20.0,98.0,S2_ring_D2_X20_Y20_Z98,S2_20250719-182002.430629094+0800.h5,336;337;338;339;340;341;342;343;344,9,14000,2.8,0.0217722423511738,0.01374517708694,0.024552959059089,0.001327285503595,0.0115324667653521,1417,24.804646596647032,0.1489899958933376,0.001327285503595,0,False,False
RGM_0329646,2025-07-19 18:26:47.255629094,2025-07-19 18:26:47.380629094,2025-07-19 18:26:47.355629094,2025-07-19 18:26:47,2025-07-19 18:26:00,5,374,3374,ring51,ring,2.0,60.0,20.0,98.0,S2_ring_D2_X60_Y20_Z98,S2_20250719-182002.430629094+0800.h5,370;371;372;373;374;375;376;377;378,9,625,0.125,0.0136627164734877,0.0105054282567095,0.0148720711467242,2.333372767936409e-05,0.0001986696860904,1418,24.81830931312052,0.149013329621017,2.333372767936409e-05,11,False,False
RGM_0329792,2025-07-19 18:27:09.330629094,2025-07-19 18:27:09.380629094,2025-07-19 18:27:09.355629094,2025-07-19 18:27:09,2025-07-19 18:27:00,5,374,3374,ring51,ring,2.0,60.0,20.0,98.0,S2_ring_D2_X60_Y20_Z98,S2_20250719-182002.430629094+0800.h5,370;371;372;373;374;375;376;377;378,9,250,0.05,0.0106095498549846,0.0073849016987924,0.0112785567098478,5.628127406270219e-06,4.5571274869494856e-05,1419,24.828918862975502,0.1490189577484233,5.628127406270219e-06,11,False,False
RGM_0329797,2025-07-19 18:27:09.880629094,2025-07-19 18:27:09.930629094,2025-07-19 18:27:09.905629094,2025-07-19 18:27:09,2025-07-19 18:27:00,5,374,3374,ring51,ring,2.0,60.0,20.0,98.0,S2_ring_D2_X60_Y20_Z98,S2_20250719-182002.430629094+0800.h5,370;371;372;373;374;375;376;377;378,9,250,0.05,0.0128681496960553,0.0118687253611743,0.0141393067038615,8.279463830004435e-06,7.548258045330208e-05,1420,24.84178701267156,0.1490272372122533,8.279463830004435e-06,11,False,False
RGM_0329799,2025-07-19 18:27:09.880629094,2025-07-19 18:27:09.930629094,2025-07-19 18:27:09.905629094,2025-07-19 18:27:09,2025-07-19 18:27:00,5,373,3373,ring51,ring,2.0,60.0,20.0,98.0,S2_ring_D2_X60_Y20_Z98,S2_20250719-182002.430629094+0800.h5,369;370;371;372;373;374;375;376;377,9,250,0.05,0.0129502551098506,0.0124679705551691,0.0145366700980702,8.385455370510666e-06,7.900498724535943e-05,1421,24.85473726778141,0.1490356226676238,8.385455370510666e-06,11,False,False
RGM_0329801,2025-07-19 18:27:09.930629094,2025-07-19 18:27:10.205629094,2025-07-19 18:27:09.955629094,2025-07-19 18:27:09,2025-07-19 18:27:00,5,374,3374,ring51,ring,2.0,60.0,20.0,98.0,S2_ring_D2_X60_Y20_Z98,S2_20250719-182002.430629094+0800.h5,370;371;372;373;374;375;376;377;378,9,1375,0.275,0.0072769452914154,0.0069977120218708,0.0083718902870468,1.4562331512919869e-05,0.0001397588643345,1422,24.862014213072825,0.1490501849991367,1.4562331512919869e-05,11,False,False
RGM_0329819,2025-07-19 18:27:12.330629094,2025-07-19 18:27:12.380629094,2025-07-19 18:27:12.355629094,2025-07-19 18:27:12,2025-07-19 18:27:00,5,374,3374,ring51,ring,2.0,60.0,20.0,98.0,S2_ring_D2_X60_Y20_Z98,S2_20250719-182002.430629094+0800.h5,370;371;372;373;374;375;376;377;378,9,250,0.05,0.0128083454795734,0.0116449979593694,0.0153118543144781,8.202685696205498e-06,7.847845644563131e-05,1423,24.874822558552395,0.1490583876848329,8.202685696205498e-06,11,False,False
RGM_0329840,2025-07-19 18:27:15.980629094,2025-07-19 18:27:16.055629094,2025-07-19 18:27:16.005629094,2025-07-19 18:27:16,2025-07-19 18:27:00,5,374,3374,ring51,ring,2.0,60.0,20.0,98.0,S2_ring_D2_X60_Y20_Z98,S2_20250719-182002.430629094+0800.h5,370;371;372;373;374;375;376;377;378,9,375,0.075,0.0096615844894543,0.009336472869617,0.0125862110648084,7.000966113514804e-06,7.221179880881286e-05,1424,24.88448414304185,0.1490653886509464,7.000966113514804e-06,11,False,False
RGM_0329886,2025-07-19 18:27:20.880629094,2025-07-19 18:27:20.930629094,2025-07-19 18:27:20.905629094,2025-07-19 18:27:20,2025-07-19 18:27:00,5,374,3374,ring51,ring,2.0,60.0,20.0,98.0,S2_ring_D2_X60_Y20_Z98,S2_20250719-182002.430629094+0800.h5,370;371;372;373;374;375;376;377;378,9,250,0.05,0.0142190159609993,0.0126799813148748,0.0168291990687921,1.0109020744957658e-05,9.7444607795815e-05,1425,24.89870315900285,0.1490754976716914,1.0109020744957658e-05,11,False,False
RGM_0330016,2025-07-19 18:27:38.605629094,2025-07-19 18:27:38.655629094,2025-07-19 18:27:38.630629094,2025-07-19 18:27:38,2025-07-19 18:27:00,5,374,3374,ring51,ring,2.0,60.0,20.0,98.0,S2_ring_D2_X60_Y20_Z98,S2_20250719-182002.430629094+0800.h5,370;371;372;373;374;375;376;377;378,9,250,0.05,0.0130799453847933,0.011922022725659,0.0149071066317025,8.554248563458856e-06,7.709040623518875e-05,1426,24.91178310438764,0.1490840519202549,8.554248563458856e-06,11,False,False
RGM_0330020,2025-07-19 18:27:38.680629094,2025-07-19 18:27:38.730629094,2025-07-19 18:27:38.705629094,2025-07-19 18:27:38,2025-07-19 18:27:00,5,374,3374,ring51,ring,2.0,60.0,20.0,98.0,S2_ring_D2_X60_Y20_Z98,S2_20250719-182002.430629094+0800.h5,370;371;372;373;374;375;376;377;378,9,250,0.05,0.0179756282413721,0.0131460143288988,0.020155208680562,1.6156160533600887e-05,0.0001375456220994,1427,24.92975873262901,0.1491002080807885,1.6156160533600887e-05,11,False,False
RGM_0330055,2025-07-19 18:27:43.505629094,2025-07-19 18:27:43.555629094,2025-07-19 18:27:43.530629094,2025-07-19 18:27:43,2025-07-19 18:27:00,5,374,3374,ring51,ring,2.0,60.0,20.0,98.0,S2_ring_D2_X60_Y20_Z98,S2_20250719-182002.430629094+0800.h5,370;371;372;373;374;375;376;377;378,9,250,0.05,0.0129624454627828,0.012258919044462,0.0175820482569149,8.401249618781035e-06,8.996748339497645e-05,1428,24.9427211780918,0.1491086093304073,8.401249618781035e-06,11,False,False
RGM_0330100,2025-07-19 18:27:52.105629094,2025-07-19 18:27:52.205629094,2025-07-19 18:27:52.180629094,2025-07-19 18:27:52,2025-07-19 18:27:00,5,374,3374,ring51,ring,2.0,60.0,20.0,98.0,S2_ring_D2_X60_Y20_Z98,S2_20250719-182002.430629094+0800.h5,370;371;372;373;374;375;376;377;378,9,500,0.1,0.0132128894059819,0.0116822085386113,0.0166851980473214,1.7458044645471034e-05,0.0001711651336079,1429,24.95593406749778,0.1491260673750527,1.7458044645471034e-05,11,False,False
RGM_0330159,2025-07-19 18:27:58.230629094,2025-07-19 18:27:58.280629094,2025-07-19 18:27:58.255629094,2025-07-19 18:27:58,2025-07-19 18:27:00,5,374,3374,ring51,ring,2.0,60.0,20.0,98.0,S2_ring_D2_X60_Y20_Z98,S2_20250719-182002.430629094+0800.h5,370;371;372;373;374;375;376;377;378,9,250,0.05,0.011575241843467,0.0104113320255858,0.0133800743924496,6.699311186737552e-06,6.040179459535758e-05,1430,24.96750930934125,0.1491327666862395,6.699311186737552e-06,11,False,False
RGM_0330177,2025-07-19 18:28:00.680629094,2025-07-19 18:28:00.730629094,2025-07-19 18:28:00.705629094,2025-07-19 18:28:00,2025-07-19 18:28:00,5,374,3374,ring51,ring,2.0,60.0,20.0,98.0,S2_ring_D2_X60_Y20_Z98,S2_20250719-182002.430629094+0800.h5,370;371;372;373;374;375;376;377;378,9,250,0.05,0.011510527450179,0.0111689805482258,0.0140294682452402,6.624612109066311e-06,6.52683691742589e-05,1431,24.979019836791423,0.1491393912983485,6.624612109066311e-06,11,False,False
RGM_0330274,2025-07-19 18:28:19.080629094,2025-07-19 18:28:19.405629094,2025-07-19 18:28:19.180629094,2025-07-19 18:28:19,2025-07-19 18:28:00,5,374,3374,ring51,ring,2.0,60.0,20.0,98.0,S2_ring_D2_X60_Y20_Z98,S2_20250719-182002.430629094+0800.h5,370;371;372;373;374;375;376;377;378,9,1625,0.325,0.0251112462993047,0.0201116920452609,0.0277181302412549,0.0002049367744789,0.0017788486745131,1432,25.00413108309073,0.1493443280728275,0.0002049367744789,11,False,False
RGM_0330275,2025-07-19 18:28:19.080629094,2025-07-19 18:28:19.280629094,2025-07-19 18:28:19.180629094,2025-07-19 18:28:19,2025-07-19 18:28:00,5,373,3373,ring51,ring,2.0,60.0,20.0,98.0,S2_ring_D2_X60_Y20_Z98,S2_20250719-182002.430629094+0800.h5,369;370;371;372;373;374;375;376;377,9,1000,0.2,0.0316491053772228,0.0251757046334203,0.0351108154749443,0.0002003331742357,0.0017313493306716,1433,25.035780188467957,0.1495446612470632,0.0002003331742357,11,False,False
RGM_0330649,2025-07-19 18:28:48.430629094,2025-07-19 18:28:48.680629094,2025-07-19 18:28:48.605629094,2025-07-19 18:28:48,2025-07-19 18:28:00,5,374,3374,ring51,ring,2.0,60.0,20.0,98.0,S2_ring_D2_X60_Y20_Z98,S2_20250719-182002.430629094+0800.h5,370;371;372;373;374;375;376;377;378,9,1250,0.25,0.0219418925418289,0.0156664853378669,0.0245300340363737,0.0001203616620792,0.0010310502235649,1434,25.057722081009786,0.1496650229091425,0.0001203616620792,11,False,False
RGM_0330791,2025-07-19 18:29:01.905629094,2025-07-19 18:29:02.080629094,2025-07-19 18:29:02.055629094,2025-07-19 18:29:02,2025-07-19 18:29:00,5,466,3466,ring57,ring,2.0,151.0,20.0,32.0,S2_ring_D2_X151_Y20_Z32,S2_20250719-182002.430629094+0800.h5,462;463;464;465;466;467;468;469;470,9,875,0.175,0.0066126418938398,0.0057893918432936,0.008103874768009,7.652230742828923e-06,7.555886499154356e-05,1435,25.06433472290362,0.1496726751398853,7.652230742828923e-06,52,False,False
RGM_0331018,2025-07-19 18:29:21.005629094,2025-07-19 18:29:21.105629094,2025-07-19 18:29:21.080629094,2025-07-19 18:29:21,2025-07-19 18:29:00,5,374,3374,ring51,ring,2.0,60.0,20.0,98.0,S2_ring_D2_X60_Y20_Z98,S2_20250719-182002.430629094+0800.h5,370;371;372;373;374;375;376;377;378,9,500,0.1,0.013817403971914,0.0110764057848984,0.0145223288898069,1.9092065252306687e-05,0.0001637388997385,1436,25.078152126875533,0.1496917672051376,1.9092065252306687e-05,11,False,False
RGM_0331021,2025-07-19 18:29:21.080629094,2025-07-19 18:29:21.130629094,2025-07-19 18:29:21.105629094,2025-07-19 18:29:21,2025-07-19 18:29:00,5,376,3376,ring51,ring,2.0,60.0,20.0,98.0,S2_ring_D2_X60_Y20_Z98,S2_20250719-182002.430629094+0800.h5,372;373;374;375;376;377;378;379;380,9,250,0.05,0.0126688259469381,0.010772284114556,0.0139998084762713,8.024957543690707e-06,7.095002811700615e-05,1437,25.090820952822472,0.1496997921626813,8.024957543690707e-06,11,False,False
RGM_0331054,2025-07-19 18:29:23.530629094,2025-07-19 18:29:23.580629094,2025-07-19 18:29:23.555629094,2025-07-19 18:29:23,2025-07-19 18:29:00,5,374,3374,ring51,ring,2.0,60.0,20.0,98.0,S2_ring_D2_X60_Y20_Z98,S2_20250719-182002.430629094+0800.h5,370;371;372;373;374;375;376;377;378,9,250,0.05,0.0147604594627887,0.0108445503125074,0.015062332431778,1.0893558177631512e-05,8.747340053227998e-05,1438,25.10558141228526,0.1497106857208589,1.0893558177631512e-05,11,False,False
RGM_0331083,2025-07-19 18:29:27.205629094,2025-07-19 18:29:27.255629094,2025-07-19 18:29:27.230629094,2025-07-19 18:29:27,2025-07-19 18:29:00,5,373,3373,ring51,ring,2.0,60.0,20.0,98.0,S2_ring_D2_X60_Y20_Z98,S2_20250719-182002.430629094+0800.h5,369;370;371;372;373;374;375;376;377,9,250,0.05,0.0273281276504055,0.0214328998877231,0.030791814637508,3.734132804384296e-05,0.0003310719087324,1439,25.132909539935667,0.1497480270489027,3.734132804384296e-05,11,False,False
RGM_0331085,2025-07-19 18:29:27.205629094,2025-07-19 18:29:27.255629094,2025-07-19 18:29:27.230629094,2025-07-19 18:29:27,2025-07-19 18:29:00,5,375,3375,ring51,ring,2.0,60.0,20.0,98.0,S2_ring_D2_X60_Y20_Z98,S2_20250719-182002.430629094+0800.h5,371;372;373;374;375;376;377;378;379,9,250,0.05,0.0273281276504055,0.017387542696012,0.030791814637508,3.734132804384296e-05,0.0003180439367617,1440,25.160237667586077,0.1497853683769466,3.734132804384296e-05,11,False,False
RGM_0331086,2025-07-19 18:29:27.205629094,2025-07-19 18:29:27.255629094,2025-07-19 18:29:27.230629094,2025-07-19 18:29:27,2025-07-19 18:29:00,5,376,3376,ring51,ring,2.0,60.0,20.0,98.0,S2_ring_D2_X60_Y20_Z98,S2_20250719-182002.430629094+0800.h5,372;373;374;375;376;377;378;379;380,9,250,0.05,0.0273281276504055,0.0160318011125857,0.030791814637508,3.734132804384296e-05,0.0002954573844338,1441,25.18756579523648,0.1498227097049904,3.734132804384296e-05,11,False,False
RGM_0331089,2025-07-19 18:29:27.155629094,2025-07-19 18:29:27.255629094,2025-07-19 18:29:27.230629094,2025-07-19 18:29:27,2025-07-19 18:29:00,5,374,3374,ring51,ring,2.0,60.0,20.0,98.0,S2_ring_D2_X60_Y20_Z98,S2_20250719-182002.430629094+0800.h5,370;371;372;373;374;375;376;377;378,9,500,0.1,0.0207390784411675,0.0159580732674844,0.0228552393202589,4.301093745889011e-05,0.0003733912235246,1442,25.208304873677648,0.1498657206424493,4.301093745889011e-05,11,False,False
RGM_0331090,2025-07-19 18:29:27.205629094,2025-07-19 18:29:27.255629094,2025-07-19 18:29:27.230629094,2025-07-19 18:29:27,2025-07-19 18:29:00,5,378,3378,ring51,ring,2.0,60.0,20.0,98.0,S2_ring_D2_X60_Y20_Z98,S2_20250719-182002.430629094+0800.h5,374;375;376;377;378;379;380;381;382,9,250,0.05,0.0199441372861564,0.0133513042220599,0.0305843543489723,1.9888430604452787e-05,0.0002237814288443,1443,25.228249010963804,0.1498856090730538,1.9888430604452787e-05,11,False,False
RGM_0331091,2025-07-19 18:29:27.230629094,2025-07-19 18:29:27.280629094,2025-07-19 18:29:27.255629094,2025-07-19 18:29:27,2025-07-19 18:29:00,5,379,3379,ring51,ring,2.0,60.0,20.0,98.0,S2_ring_D2_X60_Y20_Z98,S2_20250719-182002.430629094+0800.h5,375;376;377;378;379;380;381;382;383,9,250,0.05,0.0174291928041308,0.0111105999589355,0.0294088113877109,1.518883809017834e-05,0.0001820696266027,1444,25.24567820376793,0.149900797911144,1.518883809017834e-05,11,False,False
RGM_0331127,2025-07-19 18:29:28.430629094,2025-07-19 18:29:30.955629094,2025-07-19 18:29:29.705629094,2025-07-19 18:29:29,2025-07-19 18:29:00,5,374,3374,ring51,ring,2.0,60.0,20.0,98.0,S2_ring_D2_X60_Y20_Z98,S2_20250719-182002.430629094+0800.h5,370;371;372;373;374;375;376;377;378,9,12625,2.525,0.0248411736243716,0.0170505980039108,0.0271066047318445,0.0015581368652663,0.013070321438222,1445,25.270519377392304,0.1514589347764103,0.0015581368652663,11,False,False
RGM_0331321,2025-07-19 18:29:49.905629094,2025-07-19 18:29:49.955629094,2025-07-19 18:29:49.930629094,2025-07-19 18:29:49,2025-07-19 18:29:00,5,374,3374,ring51,ring,2.0,60.0,20.0,98.0,S2_ring_D2_X60_Y20_Z98,S2_20250719-182002.430629094+0800.h5,370;371;372;373;374;375;376;377;378,9,250,0.05,0.0119001342347463,0.0077614257231801,0.0141921985513919,7.08065974024906e-06,6.203328605212187e-05,1446,25.28241951162705,0.1514660154361506,7.08065974024906e-06,11,False,False
RGM_0332367,2025-07-19 18:32:09.330806895,2025-07-19 18:32:09.455806895,2025-07-19 18:32:09.355806895,2025-07-19 18:32:09,2025-07-19 18:32:00,5,374,3374,ring51,ring,2.0,60.0,20.0,98.0,S2_ring_D2_X60_Y20_Z98,S2_20250719-183002.430806895+0800.h5,370;371;372;373;374;375;376;377;378,9,625,0.125,0.0112183330782248,0.0077903129832367,0.0128353136744478,1.5731374631749165e-05,0.000132985837466,1447,25.29363784470528,0.1514817468107823,1.5731374631749165e-05,11,False,False
RGM_0332384,2025-07-19 18:32:11.880806895,2025-07-19 18:32:12.080806895,2025-07-19 18:32:11.905806895,2025-07-19 18:32:11,2025-07-19 18:32:00,5,374,3374,ring51,ring,2.0,60.0,20.0,98.0,S2_ring_D2_X60_Y20_Z98,S2_20250719-183002.430806895+0800.h5,370;371;372;373;374;375;376;377;378,9,1000,0.2,0.010924314077461,0.0083124511379857,0.0125656102528955,2.3868127612602515e-05,0.0002078254108797,1448,25.304562158782737,0.1515056149383949,2.3868127612602515e-05,11,False,False
RGM_0332447,2025-07-19 18:32:21.980806895,2025-07-19 18:32:22.180806895,2025-07-19 18:32:22.030806895,2025-07-19 18:32:22,2025-07-19 18:32:00,5,374,3374,ring51,ring,2.0,60.0,20.0,98.0,S2_ring_D2_X60_Y20_Z98,S2_20250719-183002.430806895+0800.h5,370;371;372;373;374;375;376;377;378,9,1000,0.2,0.0106325121682142,0.0082325008790479,0.0117774848532835,2.261006300144488e-05,0.0001910995816249,1449,25.31519467095095,0.1515282250013964,2.261006300144488e-05,11,False,False
RGM_0332467,2025-07-19 18:32:24.505806895,2025-07-19 18:32:24.555806895,2025-07-19 18:32:24.530806895,2025-07-19 18:32:24,2025-07-19 18:32:00,5,374,3374,ring51,ring,2.0,60.0,20.0,98.0,S2_ring_D2_X60_Y20_Z98,S2_20250719-183002.430806895+0800.h5,370;371;372;373;374;375;376;377;378,9,250,0.05,0.0128068654007156,0.0106801545736024,0.0138774942637979,8.200790069602365e-06,7.004387617312962e-05,1450,25.328001536351668,0.151536425791466,8.200790069602365e-06,11,False,False
RGM_0332484,2025-07-19 18:32:25.430806895,2025-07-19 18:32:27.505806895,2025-07-19 18:32:27.055806895,2025-07-19 18:32:27,2025-07-19 18:32:00,5,470,3470,ring57,ring,2.0,151.0,20.0,32.0,S2_ring_D2_X151_Y20_Z32,S2_20250719-183002.430806895+0800.h5,466;467;468;469;470;471;472;473;474,9,10375,2.075,0.0093964505063278,0.0056420333995155,0.0107662059959612,0.0001832085603945,0.0015590038767975,1451,25.337397986857997,0.1517196343518606,0.0001832085603945,52,False,False
RGM_0332496,2025-07-19 18:32:28.230806895,2025-07-19 18:32:28.280806895,2025-07-19 18:32:28.255806895,2025-07-19 18:32:28,2025-07-19 18:32:00,5,377,3377,ring51,ring,2.0,60.0,20.0,98.0,S2_ring_D2_X60_Y20_Z98,S2_20250719-183002.430806895+0800.h5,373;374;375;376;377;378;379;380;381,9,250,0.05,0.0149713460180838,0.0122341125225594,0.0166849102295531,1.120706007965976e-05,0.0001019240650147,1452,25.35236933287608,0.1517308414119402,1.120706007965976e-05,11,False,False
RGM_0332498,2025-07-19 18:32:28.205806895,2025-07-19 18:32:28.280806895,2025-07-19 18:32:28.255806895,2025-07-19 18:32:28,2025-07-19 18:32:00,5,374,3374,ring51,ring,2.0,60.0,20.0,98.0,S2_ring_D2_X60_Y20_Z98,S2_20250719-183002.430806895+0800.h5,370;371;372;373;374;375;376;377;378,9,375,0.075,0.0124557347328954,0.0110602767803733,0.0138684703567214,1.1635899580219268e-05,0.0001059508544267,1453,25.36482506760897,0.1517424773115204,1.1635899580219268e-05,11,False,False
RGM_0332499,2025-07-19 18:32:28.230806895,2025-07-19 18:32:28.280806895,2025-07-19 18:32:28.255806895,2025-07-19 18:32:28,2025-07-19 18:32:00,5,375,3375,ring51,ring,2.0,60.0,20.0,98.0,S2_ring_D2_X60_Y20_Z98,S2_20250719-183002.430806895+0800.h5,371;372;373;374;375;376;377;378;379,9,250,0.05,0.0149713460180838,0.0131492111179544,0.0166849102295531,1.120706007965976e-05,0.0001030143758107,1454,25.37979641362705,0.1517536843716001,1.120706007965976e-05,11,False,False
RGM_0332831,2025-07-19 18:33:16.430806895,2025-07-19 18:33:16.930806895,2025-07-19 18:33:16.530806895,2025-07-19 18:33:16,2025-07-19 18:33:00,5,470,3470,ring57,ring,2.0,151.0,20.0,32.0,S2_ring_D2_X151_Y20_Z32,S2_20250719-183002.430806895+0800.h5,466;467;468;469;470;471;472;473;474,9,2500,0.5,0.0073930581719651,0.0040003089639347,0.0088368237881916,2.7328654567030546e-05,0.0002426611099142,1455,25.38718947179902,0.1517810130261671,2.7328654567030546e-05,52,False,False
RGM_0332898,2025-07-19 18:33:23.555806895,2025-07-19 18:33:23.605806895,2025-07-19 18:33:23.580806895,2025-07-19 18:33:23,2025-07-19 18:33:00,5,374,3374,ring51,ring,2.0,60.0,20.0,98.0,S2_ring_D2_X60_Y20_Z98,S2_20250719-183002.430806895+0800.h5,370;371;372;373;374;375;376;377;378,9,250,0.05,0.01594656113711,0.0147339101543725,0.0169926251243334,1.2714640604979426e-05,0.0001138824476282,1456,25.40313603293613,0.1517937276667721,1.2714640604979426e-05,11,False,False
RGM_0332908,2025-07-19 18:33:24.880806895,2025-07-19 18:33:24.930806895,2025-07-19 18:33:24.905806895,2025-07-19 18:33:24,2025-07-19 18:33:00,5,383,3383,ring51andring52,line,2.0,80.0,80.0,98.0,S2_line_D2_X80_Y80_Z98,S2_20250719-183002.430806895+0800.h5,379;380;381;382;383;384;385;386;387,9,250,0.05,0.0091603253957167,0.0070101812989699,0.0121232722301851,4.195578067770644e-06,4.040987823261093e-05,1457,25.412296358331844,0.1517979232448399,4.195578067770644e-06,20,False,False
RGM_0332909,2025-07-19 18:33:24.880806895,2025-07-19 18:33:24.930806895,2025-07-19 18:33:24.905806895,2025-07-19 18:33:24,2025-07-19 18:33:00,5,373,3373,ring51,ring,2.0,60.0,20.0,98.0,S2_ring_D2_X60_Y20_Z98,S2_20250719-183002.430806895+0800.h5,369;370;371;372;373;374;375;376;377,9,250,0.05,0.0129129511085912,0.0114438017640605,0.0140605319385155,8.33721531664337e-06,7.352324456832892e-05,1458,25.42520930944044,0.1518062604601565,8.33721531664337e-06,11,False,False
RGM_0332929,2025-07-19 18:33:27.530806895,2025-07-19 18:33:27.655806895,2025-07-19 18:33:27.605806895,2025-07-19 18:33:27,2025-07-19 18:33:00,5,374,3374,ring51,ring,2.0,60.0,20.0,98.0,S2_ring_D2_X60_Y20_Z98,S2_20250719-183002.430806895+0800.h5,370;371;372;373;374;375;376;377;378,9,625,0.125,0.0139901877081137,0.0120149687225803,0.0151452739402137,2.4465669013531985e-05,0.0002128980693493,1459,25.43919949714855,0.1518307261291701,2.4465669013531985e-05,11,False,False
RGM_0332975,2025-07-19 18:33:31.480806895,2025-07-19 18:33:31.555806895,2025-07-19 18:33:31.530806895,2025-07-19 18:33:31,2025-07-19 18:33:00,5,374,3374,ring51,ring,2.0,60.0,20.0,98.0,S2_ring_D2_X60_Y20_Z98,S2_20250719-183002.430806895+0800.h5,370;371;372;373;374;375;376;377;378,9,375,0.075,0.010534886420637,0.0097616154640789,0.0113709455474585,8.323787392179234e-06,7.522310277546749e-05,1460,25.449734383569183,0.1518390499165622,8.323787392179234e-06,11,False,False
RGM_0333099,2025-07-19 18:33:50.180806895,2025-07-19 18:33:50.230806895,2025-07-19 18:33:50.205806895,2025-07-19 18:33:50,2025-07-19 18:33:00,5,389,3389,ring52,ring,2.0,80.0,120.0,98.0,S2_ring_D2_X80_Y120_Z98,S2_20250719-183002.430806895+0800.h5,385;386;387;388;389;390;391;392;393,9,250,0.05,0.0386232277370109,0.0195349367940047,0.0467343976707126,7.458768604125056e-05,0.0006316991063477,1461,25.4883576113062,0.1519136376026035,7.458768604125056e-05,22,False,False
RGM_0333101,2025-07-19 18:33:50.055806895,2025-07-19 18:33:50.555806895,2025-07-19 18:33:50.205806895,2025-07-19 18:33:50,2025-07-19 18:33:00,5,387,3387,ring52,ring,2.0,80.0,120.0,98.0,S2_ring_D2_X80_Y120_Z98,S2_20250719-183002.430806895+0800.h5,383;384;385;386;387;388;389;390;391,9,2500,0.5,0.0149604228690508,0.0067324685375836,0.0172252560501699,0.0001119071262104,0.0008556871115878,1462,25.50331803417525,0.1520255447288139,0.0001119071262104,22,False,False
RGM_0333136,2025-07-19 18:33:53.830806895,2025-07-19 18:33:53.955806895,2025-07-19 18:33:53.930806895,2025-07-19 18:33:53,2025-07-19 18:33:00,5,374,3374,ring51,ring,2.0,60.0,20.0,98.0,S2_ring_D2_X60_Y20_Z98,S2_20250719-183002.430806895+0800.h5,370;371;372;373;374;375;376;377;378,9,625,0.125,0.0116195335083297,0.0105767669024274,0.0129290499731981,1.6876694868899832e-05,0.0001543253805074,1463,25.51493756768358,0.1520424214236828,1.6876694868899832e-05,11,False,False
RGM_0333316,2025-07-19 18:34:18.655806895,2025-07-19 18:34:18.705806895,2025-07-19 18:34:18.680806895,2025-07-19 18:34:18,2025-07-19 18:34:00,5,375,3375,ring51,ring,2.0,60.0,20.0,98.0,S2_ring_D2_X60_Y20_Z98,S2_20250719-183002.430806895+0800.h5,371;372;373;374;375;376;377;378;379,9,250,0.05,0.0134626281260994,0.0108680318118883,0.0161020240913176,9.062117803082168e-06,8.468745249058582e-05,1464,25.52840019580968,0.1520514835414859,9.062117803082168e-06,11,False,False
RGM_0333321,2025-07-19 18:34:19.330806895,2025-07-19 18:34:20.180806895,2025-07-19 18:34:19.355806895,2025-07-19 18:34:19,2025-07-19 18:34:00,5,383,3383,ring51andring52,line,2.0,80.0,80.0,98.0,S2_line_D2_X80_Y80_Z98,S2_20250719-183002.430806895+0800.h5,379;380;381;382;383;384;385;386;387,9,4250,0.85,0.0094294351682237,0.0063711799124396,0.0136933435812573,7.557711045297452e-05,0.0007802732287473,1465,25.537829630977903,0.1521270606519388,7.557711045297452e-05,20,False,False
RGM_0333399,2025-07-19 18:34:28.880806895,2025-07-19 18:34:28.930806895,2025-07-19 18:34:28.905806895,2025-07-19 18:34:28,2025-07-19 18:34:00,5,374,3374,ring51,ring,2.0,60.0,20.0,98.0,S2_ring_D2_X60_Y20_Z98,S2_20250719-183002.430806895+0800.h5,370;371;372;373;374;375;376;377;378,9,250,0.05,0.0119197913450782,0.011366208952317,0.0134487383013531,7.104071285510071e-06,6.769378399087304e-05,1466,25.549749422322986,0.1521341647232243,7.104071285510071e-06,11,False,False
RGM_0333485,2025-07-19 18:34:40.880806895,2025-07-19 18:34:41.130806895,2025-07-19 18:34:40.980806895,2025-07-19 18:34:40,2025-07-19 18:34:00,5,383,3383,ring51andring52,line,2.0,80.0,80.0,98.0,S2_line_D2_X80_Y80_Z98,S2_20250719-183002.430806895+0800.h5,379;380;381;382;383;384;385;386;387,9,1250,0.25,0.010123313917738,0.0067607465945202,0.0165804432749706,2.562037116926734e-05,0.000309254222433,1467,25.55987273624072,0.1521597850943936,2.562037116926734e-05,20,False,False
RGM_0333508,2025-07-19 18:34:43.630806895,2025-07-19 18:34:44.680806895,2025-07-19 18:34:43.730806895,2025-07-19 18:34:43,2025-07-19 18:34:00,5,383,3383,ring51andring52,line,2.0,80.0,80.0,98.0,S2_line_D2_X80_Y80_Z98,S2_20250719-183002.430806895+0800.h5,379;380;381;382;383;384;385;386;387,9,5250,1.05,0.0074473020568156,0.0057183791444662,0.0113924076266503,5.823542332172316e-05,0.0006245118129813,1468,25.56732003829753,0.1522180205177153,5.823542332172316e-05,20,False,False
RGM_0333518,2025-07-19 18:34:45.030806895,2025-07-19 18:34:45.080806895,2025-07-19 18:34:45.055806895,2025-07-19 18:34:45,2025-07-19 18:34:00,5,375,3375,ring51,ring,2.0,60.0,20.0,98.0,S2_ring_D2_X60_Y20_Z98,S2_20250719-183002.430806895+0800.h5,371;372;373;374;375;376;377;378;379,9,250,0.05,0.0129857786127088,0.0101742424542488,0.0147251827536224,8.431522308914379e-06,7.399510196023915e-05,1469,25.580305816910244,0.1522264520400243,8.431522308914379e-06,11,False,False
RGM_0333533,2025-07-19 18:34:47.655806895,2025-07-19 18:34:48.580806895,2025-07-19 18:34:47.680806895,2025-07-19 18:34:47,2025-07-19 18:34:00,5,383,3383,ring51andring52,line,2.0,80.0,80.0,98.0,S2_line_D2_X80_Y80_Z98,S2_20250719-183002.430806895+0800.h5,379;380;381;382;383;384;385;386;387,9,4625,0.925,0.0065432266736678,0.0053971256855947,0.0090960906130733,3.960277915527356e-05,0.0004016108739515,1470,25.58684904358391,0.1522660548191795,3.960277915527356e-05,20,False,False
RGM_0333594,2025-07-19 18:34:59.280806895,2025-07-19 18:34:59.380806895,2025-07-19 18:34:59.330806895,2025-07-19 18:34:59,2025-07-19 18:34:00,5,383,3383,ring51andring52,line,2.0,80.0,80.0,98.0,S2_line_D2_X80_Y80_Z98,S2_20250719-183002.430806895+0800.h5,379;380;381;382;383;384;385;386;387,9,500,0.1,0.0093900275197816,0.006468155119273,0.0131554207746449,8.817261682225695e-06,8.509084536552992e-05,1471,25.59623907110369,0.1522748720808618,8.817261682225695e-06,20,False,False
RGM_0333644,2025-07-19 18:35:08.280806895,2025-07-19 18:35:08.430806895,2025-07-19 18:35:08.380806895,2025-07-19 18:35:08,2025-07-19 18:35:00,5,375,3375,ring51,ring,2.0,60.0,20.0,98.0,S2_ring_D2_X60_Y20_Z98,S2_20250719-183002.430806895+0800.h5,371;372;373;374;375;376;377;378;379,9,750,0.15,0.0121704040640783,0.0091724628105096,0.0140959064403916,2.221781026244004e-05,0.0001902792150845,1472,25.60840947516777,0.1522970898911242,2.221781026244004e-05,11,False,False
RGM_0333668,2025-07-19 18:35:12.505806895,2025-07-19 18:35:12.630806895,2025-07-19 18:35:12.605806895,2025-07-19 18:35:12,2025-07-19 18:35:00,5,375,3375,ring51,ring,2.0,60.0,20.0,98.0,S2_ring_D2_X60_Y20_Z98,S2_20250719-183002.430806895+0800.h5,371;372;373;374;375;376;377;378;379,9,625,0.125,0.0150465136352902,0.0094820057613916,0.0175441588347608,2.829969657212176e-05,0.0002336318627011,1473,25.623455988803062,0.1523253895876963,2.829969657212176e-05,11,False,False
RGM_0333675,2025-07-19 18:35:13.955806895,2025-07-19 18:35:14.005806895,2025-07-19 18:35:13.980806895,2025-07-19 18:35:13,2025-07-19 18:35:00,5,375,3375,ring51,ring,2.0,60.0,20.0,98.0,S2_ring_D2_X60_Y20_Z98,S2_20250719-183002.430806895+0800.h5,371;372;373;374;375;376;377;378;379,9,250,0.05,0.0115921417774985,0.0073931754301674,0.0138122177952987,6.7188875494813474e-06,5.7648124099441e-05,1474,25.63504813058056,0.1523321084752458,6.7188875494813474e-06,11,False,False
RGM_0333694,2025-07-19 18:35:16.730806895,2025-07-19 18:35:16.780806895,2025-07-19 18:35:16.755806895,2025-07-19 18:35:16,2025-07-19 18:35:00,5,375,3375,ring51,ring,2.0,60.0,20.0,98.0,S2_ring_D2_X60_Y20_Z98,S2_20250719-183002.430806895+0800.h5,371;372;373;374;375;376;377;378;379,9,250,0.05,0.0171556496019511,0.010168899266406,0.0207337442538344,1.47158156632463e-05,0.0001248139202062,1475,25.65220378018251,0.1523468242909091,1.47158156632463e-05,11,False,False
RGM_0333714,2025-07-19 18:35:19.530806895,2025-07-19 18:35:19.580806895,2025-07-19 18:35:19.555806895,2025-07-19 18:35:19,2025-07-19 18:35:00,5,375,3375,ring51,ring,2.0,60.0,20.0,98.0,S2_ring_D2_X60_Y20_Z98,S2_20250719-183002.430806895+0800.h5,371;372;373;374;375;376;377;378;379,9,250,0.05,0.0196629439323488,0.0115848678952226,0.0238523767697963,1.933156820433477e-05,0.0001648247978113,1476,25.67186672411486,0.1523661558591134,1.933156820433477e-05,11,False,False
RGM_0333739,2025-07-19 18:35:23.655806895,2025-07-19 18:35:23.780806895,2025-07-19 18:35:23.730806895,2025-07-19 18:35:23,2025-07-19 18:35:00,5,375,3375,ring51,ring,2.0,60.0,20.0,98.0,S2_ring_D2_X60_Y20_Z98,S2_20250719-183002.430806895+0800.h5,371;372;373;374;375;376;377;378;379,9,625,0.125,0.012331718646773,0.0091716188474,0.0144151333946157,1.900891059789616e-05,0.000167703764274,1477,25.684198442761637,0.1523851647697113,1.900891059789616e-05,11,False,False
RGM_0333765,2025-07-19 18:35:26.430806895,2025-07-19 18:35:27.205806895,2025-07-19 18:35:26.555806895,2025-07-19 18:35:26,2025-07-19 18:35:00,5,383,3383,ring51andring52,line,2.0,80.0,80.0,98.0,S2_line_D2_X80_Y80_Z98,S2_20250719-183002.430806895+0800.h5,379;380;381;382;383;384;385;386;387,9,3875,0.775,0.0079742848530834,0.006048543512347,0.0101887374472377,4.928164466153989e-05,0.0004530590254249,1478,25.69217272761472,0.1524344464143728,4.928164466153989e-05,20,False,False
RGM_0333784,2025-07-19 18:35:29.955806895,2025-07-19 18:35:30.080806895,2025-07-19 18:35:30.030806895,2025-07-19 18:35:30,2025-07-19 18:35:00,5,374,3374,ring51,ring,2.0,60.0,20.0,98.0,S2_ring_D2_X60_Y20_Z98,S2_20250719-183002.430806895+0800.h5,370;371;372;373;374;375;376;377;378,9,625,0.125,0.0124655894138665,0.0100842437444641,0.0145429508184631,1.942386492938777e-05,0.0001788078992055,1479,25.704638317028586,0.1524538702793022,1.942386492938777e-05,11,False,False
RGM_0333813,2025-07-19 18:35:34.180806895,2025-07-19 18:35:34.355806895,2025-07-19 18:35:34.255806895,2025-07-19 18:35:34,2025-07-19 18:35:00,5,383,3383,ring51andring52,line,2.0,80.0,80.0,98.0,S2_line_D2_X80_Y80_Z98,S2_20250719-183002.430806895+0800.h5,379;380;381;382;383;384;385;386;387,9,875,0.175,0.0090510032809508,0.0062045702848578,0.0127176336413478,1.4336115568561897e-05,0.0001403320500347,1480,25.713689320309538,0.1524682063948708,1.4336115568561897e-05,20,False,False
RGM_0333834,2025-07-19 18:35:37.080806895,2025-07-19 18:35:37.155806895,2025-07-19 18:35:37.105806895,2025-07-19 18:35:37,2025-07-19 18:35:00,5,374,3374,ring51,ring,2.0,60.0,20.0,98.0,S2_ring_D2_X60_Y20_Z98,S2_20250719-183002.430806895+0800.h5,370;371;372;373;374;375;376;377;378,9,375,0.075,0.0119540626173328,0.0083191042298883,0.0137231218137845,1.0717470979433672e-05,9.2779323624062e-05,1481,25.72564338292687,0.1524789238658502,1.0717470979433672e-05,11,False,False
RGM_0333877,2025-07-19 18:35:42.755806895,2025-07-19 18:35:42.805806895,2025-07-19 18:35:42.780806895,2025-07-19 18:35:42,2025-07-19 18:35:00,5,374,3374,ring51,ring,2.0,60.0,20.0,98.0,S2_ring_D2_X60_Y20_Z98,S2_20250719-183002.430806895+0800.h5,370;371;372;373;374;375;376;377;378,9,250,0.05,0.0129405571536862,0.0090009614413839,0.0143455894002729,8.372900972391063e-06,7.054796412111651e-05,1482,25.73858394008056,0.1524872967668226,8.372900972391063e-06,11,False,False
RGM_0333910,2025-07-19 18:35:46.930806895,2025-07-19 18:35:47.055806895,2025-07-19 18:35:47.005806895,2025-07-19 18:35:47,2025-07-19 18:35:00,5,374,3374,ring51,ring,2.0,60.0,20.0,98.0,S2_ring_D2_X60_Y20_Z98,S2_20250719-183002.430806895+0800.h5,370;371;372;373;374;375;376;377;378,9,625,0.125,0.0149473522200939,0.0103209785886561,0.0164154868433397,2.7927917298943467e-05,0.0002310857534616,1483,25.75353129230065,0.1525152246841215,2.7927917298943467e-05,11,False,False
RGM_0333954,2025-07-19 18:35:55.030806895,2025-07-19 18:35:55.155806895,2025-07-19 18:35:55.080806895,2025-07-19 18:35:55,2025-07-19 18:35:00,5,375,3375,ring51,ring,2.0,60.0,20.0,98.0,S2_ring_D2_X60_Y20_Z98,S2_20250719-183002.430806895+0800.h5,371;372;373;374;375;376;377;378;379,9,625,0.125,0.0089214399236472,0.0062617370382836,0.0103313044118864,9.949011288905802e-06,8.529203468701659e-05,1484,25.762452732224297,0.1525251736954104,9.949011288905802e-06,11,False,False
RGM_0333955,2025-07-19 18:35:55.080806895,2025-07-19 18:35:55.130806895,2025-07-19 18:35:55.105806895,2025-07-19 18:35:55,2025-07-19 18:35:00,5,374,3374,ring51,ring,2.0,60.0,20.0,98.0,S2_ring_D2_X60_Y20_Z98,S2_20250719-183002.430806895+0800.h5,370;371;372;373;374;375;376;377;378,9,250,0.05,0.0111778102962566,0.0076749036437412,0.0128056125324732,6.247172150955007e-06,5.393429956023389e-05,1485,25.773630542520557,0.1525314208675614,6.247172150955007e-06,11,False,False
RGM_0333971,2025-07-19 18:35:56.855806895,2025-07-19 18:35:57.580806895,2025-07-19 18:35:57.555806895,2025-07-19 18:35:57,2025-07-19 18:35:00,5,374,3374,ring51,ring,2.0,60.0,20.0,98.0,S2_ring_D2_X60_Y20_Z98,S2_20250719-183002.430806895+0800.h5,370;371;372;373;374;375;376;377;378,9,3625,0.725,0.0075820853681158,0.0062367106719819,0.0088613838586889,4.1678813433812e-05,0.0003796531378836,1486,25.78121262788867,0.1525730996809952,4.1678813433812e-05,11,False,False
RGM_0334174,2025-07-19 18:36:30.680806895,2025-07-19 18:36:30.730806895,2025-07-19 18:36:30.705806895,2025-07-19 18:36:30,2025-07-19 18:36:00,5,375,3375,ring51,ring,2.0,60.0,20.0,98.0,S2_ring_D2_X60_Y20_Z98,S2_20250719-183002.430806895+0800.h5,371;372;373;374;375;376;377;378;379,9,250,0.05,0.0141344471873295,0.0120292895839122,0.0161201601682908,9.989129864570353e-06,8.870089697297426e-05,1487,25.795347075076,0.1525830888108598,9.989129864570353e-06,11,False,False
RGM_0334178,2025-07-19 18:36:31.605806895,2025-07-19 18:36:31.680806895,2025-07-19 18:36:31.630806895,2025-07-19 18:36:31,2025-07-19 18:36:00,5,471,3471,ring57,ring,2.0,151.0,20.0,32.0,S2_ring_D2_X151_Y20_Z32,S2_20250719-183002.430806895+0800.h5,467;468;469;470;471;472;473;474;475,9,375,0.075,0.0096187692558517,0.0052685607707601,0.0112890366494415,6.939054149798859e-06,5.83497301123741e-05,1488,25.804965844331853,0.1525900278650096,6.939054149798859e-06,52,False,False
RGM_0334203,2025-07-19 18:36:33.755806895,2025-07-19 18:36:33.805806895,2025-07-19 18:36:33.780806895,2025-07-19 18:36:33,2025-07-19 18:36:00,5,374,3374,ring51,ring,2.0,60.0,20.0,98.0,S2_ring_D2_X60_Y20_Z98,S2_20250719-183002.430806895+0800.h5,370;371;372;373;374;375;376;377;378,9,250,0.05,0.012473605882739,0.0112768868921127,0.013757939458326,7.779542185895052e-06,6.966684406949983e-05,1489,25.817439450214597,0.1525978074071955,7.779542185895052e-06,11,False,False
RGM_0334229,2025-07-19 18:36:39.480806895,2025-07-19 18:36:39.780806895,2025-07-19 18:36:39.705806895,2025-07-19 18:36:39,2025-07-19 18:36:00,5,426,3426,ring54,ring,2.0,115.0,120.0,80.0,S2_ring_D2_X115_Y120_Z80,S2_20250719-183002.430806895+0800.h5,422;423;424;425;426;427;428;429;430,9,1500,0.3,0.0275589496037728,0.0138628275050901,0.0311814580026691,0.0002278487109789,0.0018948114553271,1490,25.844998399818365,0.1528256561181745,0.0002278487109789,34,False,False
RGM_0334338,2025-07-19 18:37:04.455806895,2025-07-19 18:37:04.505806895,2025-07-19 18:37:04.480806895,2025-07-19 18:37:04,2025-07-19 18:37:00,5,471,3471,ring57,ring,2.0,151.0,20.0,32.0,S2_ring_D2_X151_Y20_Z32,S2_20250719-183002.430806895+0800.h5,467;468;469;470;471;472;473;474;475,9,250,0.05,0.0097864662545438,0.0061061626676526,0.0115705470176465,4.788746087566296e-06,4.266539691234292e-05,1491,25.854784866072908,0.152830444864262,4.788746087566296e-06,52,False,False
RGM_0334593,2025-07-19 18:37:55.030806895,2025-07-19 18:37:55.155806895,2025-07-19 18:37:55.130806895,2025-07-19 18:37:55,2025-07-19 18:37:00,5,375,3375,ring51,ring,2.0,60.0,20.0,98.0,S2_ring_D2_X60_Y20_Z98,S2_20250719-183002.430806895+0800.h5,371;372;373;374;375;376;377;378;379,9,625,0.125,0.011570095116424,0.0085558720155978,0.0145815468505972,1.6733387625387497e-05,0.0001579544427856,1492,25.866354961189334,0.1528471782518874,1.6733387625387497e-05,11,False,False
RGM_0334611,2025-07-19 18:37:57.630806895,2025-07-19 18:37:57.680806895,2025-07-19 18:37:57.655806895,2025-07-19 18:37:57,2025-07-19 18:37:00,5,374,3374,ring51,ring,2.0,60.0,20.0,98.0,S2_ring_D2_X60_Y20_Z98,S2_20250719-183002.430806895+0800.h5,370;371;372;373;374;375;376;377;378,9,250,0.05,0.0128812976812017,0.0110149859198841,0.0153878588968354,8.296391497586694e-06,7.821485728948263e-05,1493,25.87923625887053,0.152855474643385,8.296391497586694e-06,11,False,False
RGM_0334628,2025-07-19 18:38:01.305806895,2025-07-19 18:38:01.355806895,2025-07-19 18:38:01.330806895,2025-07-19 18:38:01,2025-07-19 18:38:00,5,483,3483,ring58,ring,2.0,163.0,120.0,16.0,S2_ring_D2_X163_Y120_Z16,S2_20250719-183002.430806895+0800.h5,479;480;481;482;483;484;485;486;487,9,250,0.05,0.0134827271465392,0.0084224871940781,0.0142865645415336,9.08919656540134e-06,6.781281049242887e-05,1494,25.892718986017076,0.1528645638399504,9.08919656540134e-06,58,False,False
RGM_0334719,2025-07-19 18:38:16.155806895,2025-07-19 18:38:16.555806895,2025-07-19 18:38:16.380806895,2025-07-19 18:38:16,2025-07-19 18:38:00,5,96,3096,ring04,ring,80.0,150.0,18.4,20.0,S2_ring_D80_X150_Y18.4_Z20,S2_20250719-183002.430806895+0800.h5,92;93;94;95;96;97;98;99;100,9,2000,0.4,0.0139201182938527,0.007613389142055,0.015801730867175,7.75078773259416e-05,0.0006407051551872,1495,25.906639104310926,0.1529420717172763,7.75078773259416e-05,103,True,True
RGM_0334720,2025-07-19 18:38:15.430806895,2025-07-19 18:38:17.430806895,2025-07-19 18:38:16.430806895,2025-07-19 18:38:16,2025-07-19 18:38:00,5,468,3468,ring57,ring,2.0,151.0,20.0,32.0,S2_ring_D2_X151_Y20_Z32,S2_20250719-183002.430806895+0800.h5,464;465;466;467;468;469;470;471;472,9,10000,2.0,0.0302555686212009,0.0085587056815758,0.0338578061319089,0.0018307988651844,0.0129235283424441,1496,25.936894672932127,0.1547728705824607,0.0018307988651844,52,False,False
RGM_0334722,2025-07-19 18:38:15.430806895,2025-07-19 18:38:17.430806895,2025-07-19 18:38:16.430806895,2025-07-19 18:38:16,2025-07-19 18:38:00,5,470,3470,ring57,ring,2.0,151.0,20.0,32.0,S2_ring_D2_X151_Y20_Z32,S2_20250719-183002.430806895+0800.h5,466;467;468;469;470;471;472;473;474,9,10000,2.0,0.0302555686212009,0.0190781317773198,0.0338578061319089,0.0018307988651844,0.0146938582319715,1497,25.967150241553327,0.1566036694476451,0.0018307988651844,52,False,False
RGM_0334723,2025-07-19 18:38:15.430806895,2025-07-19 18:38:17.430806895,2025-07-19 18:38:16.430806895,2025-07-19 18:38:16,2025-07-19 18:38:00,5,467,3467,ring57,ring,2.0,151.0,20.0,32.0,S2_ring_D2_X151_Y20_Z32,S2_20250719-183002.430806895+0800.h5,463;464;465;466;467;468;469;470;471,9,10000,2.0,0.0255455874263216,0.0066622248341,0.0338578061319089,0.0013051540739116,0.011098092401805,1498,25.99269582897965,0.1579088235215568,0.0013051540739116,52,False,False
RGM_0334727,2025-07-19 18:38:16.480806895,2025-07-19 18:38:16.680806895,2025-07-19 18:38:16.630806895,2025-07-19 18:38:16,2025-07-19 18:38:00,5,471,3471,ring57,ring,2.0,151.0,20.0,32.0,S2_ring_D2_X151_Y20_Z32,S2_20250719-183002.430806895+0800.h5,467;468;469;470;471;472;473;474;475,9,1000,0.2,0.0399647297701084,0.0194631222183526,0.0455684352075648,0.0003194359251195,0.0026411815774788,1499,26.03266055874976,0.1582282594466764,0.0003194359251195,52,False,False
RGM_0334728,2025-07-19 18:38:16.180806895,2025-07-19 18:38:17.180806895,2025-07-19 18:38:16.630806895,2025-07-19 18:38:16,2025-07-19 18:38:00,5,470,3470,ring57,ring,2.0,151.0,20.0,32.0,S2_ring_D2_X151_Y20_Z32,S2_20250719-183002.430806895+0800.h5,466;467;468;469;470;471;472;473;474,9,5000,1.0,0.0376099195459265,0.0227669196145869,0.0421687527893122,0.001414506048251,0.0112616817190442,1500,26.070270478295683,0.1596427654949274,0.001414506048251,52,False,False
RGM_0334730,2025-07-19 18:38:16.430806895,2025-07-19 18:38:16.930806895,2025-07-19 18:38:16.680806895,2025-07-19 18:38:16,2025-07-19 18:38:00,5,96,3096,ring04,ring,80.0,150.0,18.4,20.0,S2_ring_D80_X150_Y18.4_Z20,S2_20250719-183002.430806895+0800.h5,92;93;94;95;96;97;98;99;100,9,2500,0.5,0.021053686913439,0.0113722791729749,0.0264497153163062,0.0002216288663245,0.001923095566226,1502,26.104921695345823,0.1599013729264157,0.0002216288663245,103,True,True
RGM_0334731,2025-07-19 18:38:16.430806895,2025-07-19 18:38:16.930806895,2025-07-19 18:38:16.680806895,2025-07-19 18:38:16,2025-07-19 18:38:00,5,95,3095,ring04,ring,80.0,150.0,18.4,20.0,S2_ring_D80_X150_Y18.4_Z20,S2_20250719-183002.430806895+0800.h5,91;92;93;94;95;96;97;98;99,9,2500,0.5,0.0232828772290412,0.012527187940245,0.0264497153163062,0.0002710461860313,0.0021667362273005,1503,26.128204572574862,0.160172419112447,0.0002710461860313,103,True,True
RGM_0334733,2025-07-19 18:38:16.655806895,2025-07-19 18:38:16.755806895,2025-07-19 18:38:16.705806895,2025-07-19 18:38:16,2025-07-19 18:38:00,5,96,3096,ring04,ring,80.0,150.0,18.4,20.0,S2_ring_D80_X150_Y18.4_Z20,S2_20250719-183002.430806895+0800.h5,92;93;94;95;96;97;98;99;100,9,500,0.1,0.030372023585695,0.0155099809270953,0.0431912818279022,9.224598166900156e-05,0.0008680781674246,1504,26.15857659616056,0.160264665094116,9.224598166900156e-05,103,True,True
RGM_0334734,2025-07-19 18:38:16.680806895,2025-07-19 18:38:16.780806895,2025-07-19 18:38:16.730806895,2025-07-19 18:38:16,2025-07-19 18:38:00,5,95,3095,ring04,ring,80.0,150.0,18.4,20.0,S2_ring_D80_X150_Y18.4_Z20,S2_20250719-183002.430806895+0800.h5,91;92;93;94;95;96;97;98;99,9,500,0.1,0.0377007241567834,0.0175407964769051,0.0469276714012482,0.0001421344601945,0.0012037308133608,1505,26.19627732031734,0.1604067995543106,0.0001421344601945,103,True,True
RGM_0334735,2025-07-19 18:38:15.930806895,2025-07-19 18:38:17.930806895,2025-07-19 18:38:16.930806895,2025-07-19 18:38:16,2025-07-19 18:38:00,5,92,3092,ring03andring04,line,80.0,150.0,45.6,20.0,S2_line_D80_X150_Y45.6_Z20,S2_20250719-183002.430806895+0800.h5,88;89;90;91;92;93;94;95;96,9,10000,2.0,0.0156392209973166,0.0110984367273541,0.0172836375515077,0.0004891704668058,0.0041858474562783,1506,26.21191654131465,0.1608959700211164,0.0004891704668058,105,False,False
RGM_0334736,2025-07-19 18:38:16.180806895,2025-07-19 18:38:19.155806895,2025-07-19 18:38:16.930806895,2025-07-19 18:38:16,2025-07-19 18:38:00,5,468,3468,ring57,ring,2.0,151.0,20.0,32.0,S2_ring_D2_X151_Y20_Z32,S2_20250719-183002.430806895+0800.h5,464;465;466;467;468;469;470;471;472,9,14875,2.975,0.0235597717437175,0.0057605992469066,0.0268160888140543,0.0016513119627328,0.0117575412375566,1507,26.23547631305837,0.1625472819838493,0.0016513119627328,52,False,False
RGM_0334737,2025-07-19 18:38:17.055806895,2025-07-19 18:38:17.555806895,2025-07-19 18:38:17.280806895,2025-07-19 18:38:17,2025-07-19 18:38:00,5,95,3095,ring04,ring,80.0,150.0,18.4,20.0,S2_ring_D80_X150_Y18.4_Z20,S2_20250719-183002.430806895+0800.h5,91;92;93;94;95;96;97;98;99,9,2500,0.5,0.0133665378698476,0.0094172980164508,0.0151009756237425,8.933216731303596e-05,0.000771649439992,1508,26.248842850928217,0.1626366141511623,8.933216731303596e-05,103,True,True
RGM_0334739,2025-07-19 18:38:17.055806895,2025-07-19 18:38:17.555806895,2025-07-19 18:38:17.305806895,2025-07-19 18:38:17,2025-07-19 18:38:00,5,87,3087,ring02andring03,line,80.0,150.0,80.0,20.0,S2_line_D80_X150_Y80_Z20,S2_20250719-183002.430806895+0800.h5,83;84;85;86;87;88;89;90;91,9,2500,0.5,0.0090491872033455,0.005690121047828,0.014712026395382,4.0943894520596136e-05,0.0004603536556625,1509,26.25789203813156,0.1626775580456829,4.0943894520596136e-05,108,False,False
RGM_0334743,2025-07-19 18:38:16.430806895,2025-07-19 18:38:18.430806895,2025-07-19 18:38:17.430806895,2025-07-19 18:38:17,2025-07-19 18:38:00,5,96,3096,ring04,ring,80.0,150.0,18.4,20.0,S2_ring_D80_X150_Y18.4_Z20,S2_20250719-183002.430806895+0800.h5,92;93;94;95;96;97;98;99;100,9,10000,2.0,0.0135880997398378,0.0079894252283435,0.0166950486661317,0.0003692729090795,0.0032059032748745,1511,26.28326294353037,0.1630745978566019,0.0003692729090795,103,True,True
RGM_0334744,2025-07-19 18:38:17.455806895,2025-07-19 18:38:17.780806895,2025-07-19 18:38:17.505806895,2025-07-19 18:38:17,2025-07-19 18:38:00,5,95,3095,ring04,ring,80.0,150.0,18.4,20.0,S2_ring_D80_X150_Y18.4_Z20,S2_20250719-183002.430806895+0800.h5,91;92;93;94;95;96;97;98;99,9,1625,0.325,0.0139794099019461,0.0076582478440199,0.0164545658286527,6.351276789215478e-05,0.0005207833304203,1512,26.29724235343232,0.163138110624494,6.351276789215478e-05,103,True,True
RGM_0334824,2025-07-19 18:38:32.530806895,2025-07-19 18:38:32.780806895,2025-07-19 18:38:32.680806895,2025-07-19 18:38:32,2025-07-19 18:38:00,5,94,3094,ring04,ring,80.0,150.0,18.4,20.0,S2_ring_D80_X150_Y18.4_Z20,S2_20250719-183002.430806895+0800.h5,90;91;92;93;94;95;96;97;98,9,1250,0.25,0.0078025648138803,0.0046729851161524,0.0084258344122659,1.5220004418701e-05,0.0001184012364028,1513,26.3050449182462,0.1631533306289127,1.5220004418701e-05,103,True,True
RGM_0334914,2025-07-19 18:38:48.430806895,2025-07-19 18:38:48.930806895,2025-07-19 18:38:48.680806895,2025-07-19 18:38:48,2025-07-19 18:38:00,5,93,3093,ring03andring04,line,80.0,150.0,25.6,20.0,S2_line_D80_X150_Y25.6_Z20,S2_20250719-183002.430806895+0800.h5,89;90;91;92;93;94;95;96;97,9,2500,0.5,0.0257023394817619,0.0177721844893127,0.0291434645694255,0.0003303051274178,0.0028119396609826,1514,26.33074725772796,0.1634836357563306,0.0003303051274178,104,True,True
RGM_0334916,2025-07-19 18:38:48.680806895,2025-07-19 18:38:48.780806895,2025-07-19 18:38:48.705806895,2025-07-19 18:38:48,2025-07-19 18:38:00,5,95,3095,ring04,ring,80.0,150.0,18.4,20.0,S2_ring_D80_X150_Y18.4_Z20,S2_20250719-183002.430806895+0800.h5,91;92;93;94;95;96;97;98;99,9,500,0.1,0.0486738128933256,0.0264237371303604,0.0599085036480217,0.0002369140061574,0.0020049335774184,1516,26.39344558232316,0.1637303841089118,0.0002369140061574,103,True,True
RGM_0334919,2025-07-19 18:38:48.680806895,2025-07-19 18:38:48.780806895,2025-07-19 18:38:48.730806895,2025-07-19 18:38:48,2025-07-19 18:38:00,5,89,3089,ring03,ring,80.0,150.0,52.8,20.0,S2_ring_D80_X150_Y52.8_Z20,S2_20250719-183002.430806895+0800.h5,85;86;87;88;89;90;91;92;93,9,500,0.1,0.0435783341147743,0.0236634178094533,0.0599085036480217,0.0001899071204218,0.0018565318935625,1517,26.437023916437933,0.1639202912293337,0.0001899071204218,106,False,False
RGM_0334920,2025-07-19 18:38:48.680806895,2025-07-19 18:38:48.780806895,2025-07-19 18:38:48.730806895,2025-07-19 18:38:48,2025-07-19 18:38:00,5,95,3095,ring04,ring,80.0,150.0,18.4,20.0,S2_ring_D80_X150_Y18.4_Z20,S2_20250719-183002.430806895+0800.h5,91;92;93;94;95;96;97;98;99,9,500,0.1,0.0486738128933256,0.0264237371303604,0.0599085036480217,0.0002369140061574,0.0020049335774184,1518,26.48569772933126,0.1641572052354911,0.0002369140061574,103,True,True
RGM_0334921,2025-07-19 18:38:48.680806895,2025-07-19 18:38:48.780806895,2025-07-19 18:38:48.730806895,2025-07-19 18:38:48,2025-07-19 18:38:00,5,92,3092,ring03andring04,line,80.0,150.0,45.6,20.0,S2_line_D80_X150_Y45.6_Z20,S2_20250719-183002.430806895+0800.h5,88;89;90;91;92;93;94;95;96,9,500,0.1,0.0515223971051124,0.03658087510053,0.0599085036480217,0.0002654557403456,0.0023320790704107,1519,26.53722012643637,0.1644226609758368,0.0002654557403456,105,False,False
RGM_0334922,2025-07-19 18:38:48.680806895,2025-07-19 18:38:48.880806895,2025-07-19 18:38:48.780806895,2025-07-19 18:38:48,2025-07-19 18:38:00,5,95,3095,ring04,ring,80.0,150.0,18.4,20.0,S2_ring_D80_X150_Y18.4_Z20,S2_20250719-183002.430806895+0800.h5,91;92;93;94;95;96;97;98;99,9,1000,0.2,0.0366752493140019,0.0224632304156918,0.0455052205776447,0.0002690147824488,0.0023764147844008,1520,26.57389537575037,0.1646916757582857,0.0002690147824488,103,True,True
RGM_0334924,2025-07-19 18:38:48.680806895,2025-07-19 18:38:49.680806895,2025-07-19 18:38:48.930806895,2025-07-19 18:38:48,2025-07-19 18:38:00,5,90,3090,ring03,ring,80.0,150.0,52.8,20.0,S2_ring_D80_X150_Y52.8_Z20,S2_20250719-183002.430806895+0800.h5,86;87;88;89;90;91;92;93;94,9,5000,1.0,0.0186535548936471,0.0116021282438717,0.0211224801368862,0.0003479551101703,0.0028064424732685,1521,26.59254893064402,0.165039630868456,0.0003479551101703,106,False,False
RGM_0334925,2025-07-19 18:38:47.930806895,2025-07-19 18:38:49.930806895,2025-07-19 18:38:48.930806895,2025-07-19 18:38:48,2025-07-19 18:38:00,5,96,3096,ring04,ring,80.0,150.0,18.4,20.0,S2_ring_D80_X150_Y18.4_Z20,S2_20250719-183002.430806895+0800.h5,92;93;94;95;96;97;98;99;100,9,10000,2.0,0.0122305765877395,0.0084536019291594,0.0155139438707587,0.0002991740073371,0.0028026920047826,1522,26.60477950723176,0.1653388048757931,0.0002991740073371,103,True,True
RGM_0334927,2025-07-19 18:38:48.430806895,2025-07-19 18:38:50.430806895,2025-07-19 18:38:49.180806895,2025-07-19 18:38:49,2025-07-19 18:38:00,5,92,3092,ring03andring04,line,80.0,150.0,45.6,20.0,S2_line_D80_X150_Y45.6_Z20,S2_20250719-183002.430806895+0800.h5,88;89;90;91;92;93;94;95;96,9,10000,2.0,0.0137725854196113,0.0110102067293978,0.0156562573248282,0.0003793682182809,0.0034496695116852,1523,26.61855209265137,0.1657181730940741,0.0003793682182809,105,False,False
RGM_0334949,2025-07-19 18:38:52.930806895,2025-07-19 18:38:53.030806895,2025-07-19 18:38:52.955806895,2025-07-19 18:38:52,2025-07-19 18:38:00,5,383,3383,ring51andring52,line,2.0,80.0,80.0,98.0,S2_line_D2_X80_Y80_Z98,S2_20250719-183002.430806895+0800.h5,379;380;381;382;383;384;385;386;387,9,500,0.1,0.0096566997212231,0.0076456952905476,0.0131557310118054,9.325184950587207e-06,9.706352081739632e-05,1524,26.6282087923726,0.1657274982790247,9.325184950587207e-06,20,False,False
RGM_0335037,2025-07-19 18:39:09.530806895,2025-07-19 18:39:09.830806895,2025-07-19 18:39:09.680806895,2025-07-19 18:39:09,2025-07-19 18:39:00,5,87,3087,ring02andring03,line,80.0,150.0,80.0,20.0,S2_line_D80_X150_Y80_Z20,S2_20250719-183002.430806895+0800.h5,83;84;85;86;87;88;89;90;91,9,1500,0.3,0.0084307975050621,0.0048024938980532,0.009675073620062,2.1323503971408807e-05,0.0001817766071221,1525,26.63663958987766,0.1657488217829961,2.1323503971408807e-05,108,False,False
RGM_0335053,2025-07-19 18:39:11.680806895,2025-07-19 18:39:12.430806895,2025-07-19 18:39:12.130806895,2025-07-19 18:39:12,2025-07-19 18:39:00,5,87,3087,ring02andring03,line,80.0,150.0,80.0,20.0,S2_line_D80_X150_Y80_Z20,S2_20250719-183002.430806895+0800.h5,83;84;85;86;87;88;89;90;91,9,3750,0.75,0.008927913452348,0.0048909590093455,0.0100020186008149,5.978072895946292e-05,0.0004774162034963,1526,26.645567503330007,0.1658086025119556,5.978072895946292e-05,108,False,False
RGM_0335355,2025-07-19 18:39:59.255806895,2025-07-19 18:39:59.305806895,2025-07-19 18:39:59.280806895,2025-07-19 18:39:59,2025-07-19 18:39:00,5,374,3374,ring51,ring,2.0,60.0,20.0,98.0,S2_ring_D2_X60_Y20_Z98,S2_20250719-183002.430806895+0800.h5,370;371;372;373;374;375;376;377;378,9,250,0.05,0.0122029791501105,0.0104957606457108,0.0138879774723985,7.445635006901647e-06,6.606412421502354e-05,1527,26.65777048248012,0.1658160481469625,7.445635006901647e-06,11,False,False
RGM_0335379,2025-07-19 18:40:03.856003207,2025-07-19 18:40:03.906003207,2025-07-19 18:40:03.881003207,2025-07-19 18:40:03,2025-07-19 18:40:00,5,374,3374,ring51,ring,2.0,60.0,20.0,98.0,S2_ring_D2_X60_Y20_Z98,S2_20250719-184002.431003207+0800.h5,370;371;372;373;374;375;376;377;378,9,250,0.05,0.0110819773688432,0.0094272489514775,0.0125263846781484,6.140511120177695e-06,5.43598351298427e-05,1528,26.66885245984896,0.1658221886580826,6.140511120177695e-06,11,False,False
RGM_0335442,2025-07-19 18:40:12.331003207,2025-07-19 18:40:12.381003207,2025-07-19 18:40:12.356003207,2025-07-19 18:40:12,2025-07-19 18:40:00,5,87,3087,ring02andring03,line,80.0,150.0,80.0,20.0,S2_line_D80_X150_Y80_Z20,S2_20250719-184002.431003207+0800.h5,83;84;85;86;87;88;89;90;91,9,250,0.05,0.0387936021035413,0.019868632166736,0.0463353729627849,7.524717820839421e-05,0.0006563418767315,1529,26.707646061952502,0.165897435836291,7.524717820839421e-05,108,False,False
RGM_0335443,2025-07-19 18:40:11.431003207,2025-07-19 18:40:12.556003207,2025-07-19 18:40:12.356003207,2025-07-19 18:40:12,2025-07-19 18:40:00,5,89,3089,ring03,ring,80.0,150.0,52.8,20.0,S2_ring_D80_X150_Y52.8_Z20,S2_20250719-184002.431003207+0800.h5,85;86;87;88;89;90;91;92;93,9,5625,1.125,0.0096500282503844,0.0043917544030986,0.0107639264859416,0.0001047634258873,0.0007949736805695,1530,26.71729609020289,0.1660021992621784,0.0001047634258873,106,False,False
RGM_0335444,2025-07-19 18:40:12.331003207,2025-07-19 18:40:12.531003207,2025-07-19 18:40:12.381003207,2025-07-19 18:40:12,2025-07-19 18:40:00,5,87,3087,ring02andring03,line,80.0,150.0,80.0,20.0,S2_line_D80_X150_Y80_Z20,S2_20250719-184002.431003207+0800.h5,83;84;85;86;87;88;89;90;91,9,1000,0.2,0.0198333653475762,0.0109120468627453,0.0237363185244408,7.867247620208755e-05,0.0007005767671399,1531,26.737129455550463,0.1660808717383805,7.867247620208755e-05,108,False,False
RGM_0335614,2025-07-19 18:40:32.906003207,2025-07-19 18:40:33.381003207,2025-07-19 18:40:33.356003207,2025-07-19 18:40:33,2025-07-19 18:40:00,5,377,3377,ring51,ring,2.0,60.0,20.0,98.0,S2_ring_D2_X60_Y20_Z98,S2_20250719-184002.431003207+0800.h5,373;374;375;376;377;378;379;380;381,9,2375,0.475,0.0092345539523794,0.0063516764052107,0.0101957158743305,4.050656868221817e-05,0.0003315052137723,1532,26.74636400950284,0.1661213783070627,4.050656868221817e-05,11,False,False
RGM_0335654,2025-07-19 18:40:38.031003207,2025-07-19 18:40:38.156003207,2025-07-19 18:40:38.131003207,2025-07-19 18:40:38,2025-07-19 18:40:00,5,380,3380,ring51andring52,line,2.0,80.0,20.0,98.0,S2_line_D2_X80_Y20_Z98,S2_20250719-184002.431003207+0800.h5,376;377;378;379;380;381;382;383;384,9,625,0.125,0.0137069330319547,0.0063789487195634,0.0150909823230413,2.348500164281144e-05,0.0001747750839268,1533,26.7600709425348,0.1661448633087055,2.348500164281144e-05,17,False,False
RGM_0335720,2025-07-19 18:40:46.181003207,2025-07-19 18:40:47.431003207,2025-07-19 18:40:46.556003207,2025-07-19 18:40:46,2025-07-19 18:40:00,5,94,3094,ring04,ring,80.0,150.0,18.4,20.0,S2_ring_D80_X150_Y18.4_Z20,S2_20250719-184002.431003207+0800.h5,90;91;92;93;94;95;96;97;98,9,6250,1.25,0.0078267391152233,0.003961884064785,0.0099326805059023,7.657230647220947e-05,0.0006629488715879,1534,26.76789768165002,0.1662214356151777,7.657230647220947e-05,103,True,True
RGM_0335801,2025-07-19 18:40:58.556003207,2025-07-19 18:40:58.681003207,2025-07-19 18:40:58.631003207,2025-07-19 18:40:58,2025-07-19 18:40:00,5,489,3489,ring58,ring,2.0,163.0,120.0,16.0,S2_ring_D2_X163_Y120_Z16,S2_20250719-184002.431003207+0800.h5,485;486;487;488;489;490;491;492;493,9,625,0.125,0.0137009352032279,0.0075504740391171,0.0144742430731905,2.346445318038142e-05,0.0001762643917051,1535,26.78159861685325,0.1662449000683581,2.346445318038142e-05,58,False,False
RGM_0335984,2025-07-19 18:41:20.206003207,2025-07-19 18:41:21.056003207,2025-07-19 18:41:20.231003207,2025-07-19 18:41:20,2025-07-19 18:41:00,5,425,3425,ring54,ring,2.0,115.0,120.0,80.0,S2_ring_D2_X115_Y120_Z80,S2_20250719-184002.431003207+0800.h5,421;422;423;424;425;426;427;428;429,9,4250,0.85,0.0255112012211477,0.0151435268537491,0.0293381508362511,0.000553198179584,0.0045378579402267,1536,26.807109818074395,0.1667980982479421,0.000553198179584,34,False,False
RGM_0336017,2025-07-19 18:41:23.381003207,2025-07-19 18:41:23.581003207,2025-07-19 18:41:23.481003207,2025-07-19 18:41:23,2025-07-19 18:41:00,5,95,3095,ring04,ring,80.0,150.0,18.4,20.0,S2_ring_D80_X150_Y18.4_Z20,S2_20250719-184002.431003207+0800.h5,91;92;93;94;95;96;97;98;99,9,1000,0.2,0.0153173098042075,0.0060113512499959,0.0196398002450592,4.692399592761479e-05,0.0003851204306742,1537,26.8224271278786,0.1668450222438697,4.692399592761479e-05,103,True,True
RGM_0336018,2025-07-19 18:41:23.306003207,2025-07-19 18:41:25.431003207,2025-07-19 18:41:23.481003207,2025-07-19 18:41:23,2025-07-19 18:41:00,5,89,3089,ring03,ring,80.0,150.0,52.8,20.0,S2_ring_D80_X150_Y52.8_Z20,S2_20250719-184002.431003207+0800.h5,85;86;87;88;89;90;91;92;93,9,10625,2.125,0.0082240296599305,0.0071874466131154,0.009421272702181,0.0001437236606757,0.0013146170322151,1538,26.830651157538533,0.1669887459045455,0.0001437236606757,106,False,False
RGM_0336083,2025-07-19 18:41:29.781003207,2025-07-19 18:41:30.481003207,2025-07-19 18:41:30.406003207,2025-07-19 18:41:30,2025-07-19 18:41:00,5,470,3470,ring57,ring,2.0,151.0,20.0,32.0,S2_ring_D2_X151_Y20_Z32,S2_20250719-184002.431003207+0800.h5,466;467;468;469;470;471;472;473;474,9,3500,0.7,0.0066116257511029,0.0041134255922354,0.007075907398269,3.059951655085292e-05,0.0002543988813499,1539,26.837262783289635,0.1670193454210963,3.059951655085292e-05,52,False,False
RGM_0336482,2025-07-19 18:42:20.781003207,2025-07-19 18:42:21.081003207,2025-07-19 18:42:20.856003207,2025-07-19 18:42:20,2025-07-19 18:42:00,5,381,3381,ring51andring52,line,2.0,80.0,40.0,98.0,S2_line_D2_X80_Y40_Z98,S2_20250719-184002.431003207+0800.h5,377;378;379;380;381;382;383;384;385,9,1500,0.3,0.0083239942750083,0.0051787470723564,0.0093768859022325,2.078666420711143e-05,0.0001650614880636,1540,26.845586777564645,0.1670401320853034,2.078666420711143e-05,18,False,False
RGM_0336520,2025-07-19 18:42:24.931003207,2025-07-19 18:42:25.081003207,2025-07-19 18:42:25.006003207,2025-07-19 18:42:25,2025-07-19 18:42:00,5,380,3380,ring51andring52,line,2.0,80.0,20.0,98.0,S2_line_D2_X80_Y20_Z98,S2_20250719-184002.431003207+0800.h5,376;377;378;379;380;381;382;383;384,9,750,0.15,0.0121944345240248,0.005255562637066,0.0130719946294909,2.230563500410936e-05,0.0001566354787318,1541,26.85778121208867,0.1670624377203075,2.230563500410936e-05,17,False,False
RGM_0336523,2025-07-19 18:42:24.581003207,2025-07-19 18:42:27.006003207,2025-07-19 18:42:25.331003207,2025-07-19 18:42:25,2025-07-19 18:42:00,5,466,3466,ring57,ring,2.0,151.0,20.0,32.0,S2_ring_D2_X151_Y20_Z32,S2_20250719-184002.431003207+0800.h5,462;463;464;465;466;467;468;469;470,9,12125,2.425,0.00883135170545,0.0055383994966408,0.0098685681813483,0.0001891324743924,0.0015970596512327,1542,26.86661256379412,0.1672515701947,0.0001891324743924,52,False,False
RGM_0336597,2025-07-19 18:42:34.031003207,2025-07-19 18:42:34.156003207,2025-07-19 18:42:34.106003207,2025-07-19 18:42:34,2025-07-19 18:42:00,5,375,3375,ring51,ring,2.0,60.0,20.0,98.0,S2_ring_D2_X60_Y20_Z98,S2_20250719-184002.431003207+0800.h5,371;372;373;374;375;376;377;378;379,9,625,0.125,0.0142848872089642,0.0068346767851141,0.0172118471753626,2.550725032160393e-05,0.0002028823371643,1543,26.880897451003086,0.1672770774450216,2.550725032160393e-05,11,False,False
RGM_0336614,2025-07-19 18:42:36.781003207,2025-07-19 18:42:36.981003207,2025-07-19 18:42:36.931003207,2025-07-19 18:42:36,2025-07-19 18:42:00,5,381,3381,ring51andring52,line,2.0,80.0,40.0,98.0,S2_line_D2_X80_Y40_Z98,S2_20250719-184002.431003207+0800.h5,377;378;379;380;381;382;383;384;385,9,1000,0.2,0.0133676029686831,0.0053777341387623,0.0166506907655926,3.5738561825669526e-05,0.0002868967495687,1544,26.89426505397177,0.1673128160068473,3.5738561825669526e-05,18,False,False
RGM_0336766,2025-07-19 18:42:55.406003207,2025-07-19 18:42:55.456003207,2025-07-19 18:42:55.431003207,2025-07-19 18:42:55,2025-07-19 18:42:00,5,471,3471,ring57,ring,2.0,151.0,20.0,32.0,S2_ring_D2_X151_Y20_Z32,S2_20250719-184002.431003207+0800.h5,467;468;469;470;471;472;473;474;475,9,250,0.05,0.0109899884493871,0.0095116007612451,0.0129095933614945,6.038992305883148e-06,5.6858869805941184e-05,1545,26.90525504242116,0.1673188549991532,6.038992305883148e-06,52,False,False
RGM_0337002,2025-07-19 18:43:22.581003207,2025-07-19 18:43:22.681003207,2025-07-19 18:43:22.606003207,2025-07-19 18:43:22,2025-07-19 18:43:00,5,374,3374,ring51,ring,2.0,60.0,20.0,98.0,S2_ring_D2_X60_Y20_Z98,S2_20250719-184002.431003207+0800.h5,370;371;372;373;374;375;376;377;378,9,500,0.1,0.0113779540546342,0.0102936054128294,0.012308169071048,1.2945783846936835e-05,0.0001157046973104,1546,26.91663299647579,0.1673318007830001,1.2945783846936835e-05,11,False,False
RGM_0337095,2025-07-19 18:43:32.106003207,2025-07-19 18:43:32.156003207,2025-07-19 18:43:32.131003207,2025-07-19 18:43:32,2025-07-19 18:43:00,5,374,3374,ring51,ring,2.0,60.0,20.0,98.0,S2_ring_D2_X60_Y20_Z98,S2_20250719-184002.431003207+0800.h5,370;371;372;373;374;375;376;377;378,9,250,0.05,0.0140263965763499,0.0117287967425758,0.01556075051721,9.836990045852028e-06,8.506226346538466e-05,1547,26.930659393052142,0.167341637773046,9.836990045852028e-06,11,False,False
RGM_0337236,2025-07-19 18:43:49.306003207,2025-07-19 18:43:49.356003207,2025-07-19 18:43:49.331003207,2025-07-19 18:43:49,2025-07-19 18:43:00,5,375,3375,ring51,ring,2.0,60.0,20.0,98.0,S2_ring_D2_X60_Y20_Z98,S2_20250719-184002.431003207+0800.h5,371;372;373;374;375;376;377;378;379,9,250,0.05,0.0122931245847116,0.0088097235720947,0.0135302067601337,7.556045602762159e-06,6.0829109234546365e-05,1548,26.94295251763685,0.1673491938186487,7.556045602762159e-06,11,False,False
RGM_0337281,2025-07-19 18:43:55.056003207,2025-07-19 18:43:56.631003207,2025-07-19 18:43:56.481003207,2025-07-19 18:43:56,2025-07-19 18:43:00,5,494,3494,andring58,line,2.0,169.0,70.0,8.0,S2_line_D2_X169_Y70_Z8,S2_20250719-184002.431003207+0800.h5,490;491;492;493;494;495,6,7875,1.575,0.0080485379000297,0.0069233580919551,0.0090435731550384,0.0001022335994277,0.0006154094946513,1549,26.951001055536885,0.1674514274180765,0.0001022335994277,60,False,False
RGM_0337394,2025-07-19 18:44:10.681003207,2025-07-19 18:44:12.931003207,2025-07-19 18:44:11.206003207,2025-07-19 18:44:11,2025-07-19 18:44:00,5,494,3494,andring58,line,2.0,169.0,70.0,8.0,S2_line_D2_X169_Y70_Z8,S2_20250719-184002.431003207+0800.h5,490;491;492;493;494;495,6,11250,2.25,0.0138455280250919,0.0119737707561275,0.0143258250868454,0.000431484191473,0.0025139658782526,1550,26.96484658356197,0.1678829116095495,0.000431484191473,60,False,False
RGM_0337405,2025-07-19 18:44:12.381003207,2025-07-19 18:44:12.431003207,2025-07-19 18:44:12.406003207,2025-07-19 18:44:12,2025-07-19 18:44:00,5,489,3489,ring58,ring,2.0,163.0,120.0,16.0,S2_ring_D2_X163_Y120_Z16,S2_20250719-184002.431003207+0800.h5,485;486;487;488;489;490;491;492;493,9,250,0.05,0.0131687348383606,0.0087269417132104,0.0148445793494344,8.670778862152667e-06,7.46432428252706e-05,1551,26.97801531840033,0.1678915823884117,8.670778862152667e-06,58,False,False
RGM_0337422,2025-07-19 18:44:14.231003207,2025-07-19 18:44:14.331003207,2025-07-19 18:44:14.306003207,2025-07-19 18:44:14,2025-07-19 18:44:00,5,470,3470,ring57,ring,2.0,151.0,20.0,32.0,S2_ring_D2_X151_Y20_Z32,S2_20250719-184002.431003207+0800.h5,466;467;468;469;470;471;472;473;474,9,500,0.1,0.0093868476440671,0.0064384543911766,0.0113109105287578,8.81129086929288e-06,8.078351742736283e-05,1552,26.9874021660444,0.167900393679281,8.81129086929288e-06,52,False,False
RGM_0337522,2025-07-19 18:44:28.906003207,2025-07-19 18:44:28.956003207,2025-07-19 18:44:28.931003207,2025-07-19 18:44:28,2025-07-19 18:44:00,5,375,3375,ring51,ring,2.0,60.0,20.0,98.0,S2_ring_D2_X60_Y20_Z98,S2_20250719-184002.431003207+0800.h5,371;372;373;374;375;376;377;378;379,9,250,0.05,0.0120360515125212,0.0088349308668184,0.013516430339604,7.2433268006032895e-06,6.0872666260381605e-05,1553,26.99943821755692,0.1679076370060816,7.2433268006032895e-06,11,False,False
RGM_0337591,2025-07-19 18:44:38.756003207,2025-07-19 18:44:38.806003207,2025-07-19 18:44:38.781003207,2025-07-19 18:44:38,2025-07-19 18:44:00,5,489,3489,ring58,ring,2.0,163.0,120.0,16.0,S2_ring_D2_X163_Y120_Z16,S2_20250719-184002.431003207+0800.h5,485;486;487;488;489;490;491;492;493,9,250,0.05,0.011968444241612,0.0071424665964719,0.013956374161753,7.162182878228823e-06,5.9681533976612994e-05,1554,27.01140666179853,0.1679147991889598,7.162182878228823e-06,58,False,False
RGM_0337685,2025-07-19 18:44:52.431003207,2025-07-19 18:44:52.481003207,2025-07-19 18:44:52.456003207,2025-07-19 18:44:52,2025-07-19 18:44:00,5,374,3374,ring51,ring,2.0,60.0,20.0,98.0,S2_ring_D2_X60_Y20_Z98,S2_20250719-184002.431003207+0800.h5,370;371;372;373;374;375;376;377;378,9,250,0.05,0.0134072559787801,0.0102101514124785,0.0153671582444432,8.987725644026806e-06,7.641845690203865e-05,1555,27.024813917777315,0.1679237869146038,8.987725644026806e-06,11,False,False
RGM_0337714,2025-07-19 18:44:54.981003207,2025-07-19 18:44:55.031003207,2025-07-19 18:44:55.006003207,2025-07-19 18:44:55,2025-07-19 18:44:00,5,374,3374,ring51,ring,2.0,60.0,20.0,98.0,S2_ring_D2_X60_Y20_Z98,S2_20250719-184002.431003207+0800.h5,370;371;372;373;374;375;376;377;378,9,250,0.05,0.0137577917617505,0.0103268785597974,0.0162321452864515,9.463841707984516e-06,8.279760260351978e-05,1556,27.038571709539067,0.1679332507563118,9.463841707984516e-06,11,False,False
RGM_0338146,2025-07-19 18:45:53.931003207,2025-07-19 18:45:54.031003207,2025-07-19 18:45:54.006003207,2025-07-19 18:45:54,2025-07-19 18:45:00,5,380,3380,ring51andring52,line,2.0,80.0,20.0,98.0,S2_line_D2_X80_Y20_Z98,S2_20250719-184002.431003207+0800.h5,376;377;378;379;380;381;382;383;384,9,500,0.1,0.0130014879169214,0.0045834695918776,0.0143731334595952,1.6903868805385498e-05,0.0001187920539367,1557,27.051573197455987,0.1679501546251172,1.6903868805385498e-05,17,False,False
RGM_0338580,2025-07-19 18:47:00.756003207,2025-07-19 18:47:01.956003207,2025-07-19 18:47:00.856003207,2025-07-19 18:47:00,2025-07-19 18:47:00,5,421,3421,ring54,ring,2.0,115.0,120.0,80.0,S2_ring_D2_X115_Y120_Z80,S2_20250719-184002.431003207+0800.h5,417;418;419;420;421;422;423;424;425,9,6000,1.2,0.0233739464536891,0.004051478248429,0.0361458523814456,0.0006556096473839,0.0065345294616413,1558,27.074947143909675,0.1686057642725011,0.0006556096473839,34,False,False
RGM_0338583,2025-07-19 18:47:00.431003207,2025-07-19 18:47:02.431003207,2025-07-19 18:47:01.206003207,2025-07-19 18:47:01,2025-07-19 18:47:00,5,375,3375,ring51,ring,2.0,60.0,20.0,98.0,S2_ring_D2_X60_Y20_Z98,S2_20250719-184002.431003207+0800.h5,371;372;373;374;375;376;377;378;379,9,10000,2.0,0.011402958006429,0.006646078610825,0.0129978552665868,0.0002600549025927,0.0020036347875319,1559,27.086350101916103,0.1688658191750939,0.0002600549025927,11,False,False
RGM_0338589,2025-07-19 18:47:01.781003207,2025-07-19 18:47:01.831003207,2025-07-19 18:47:01.806003207,2025-07-19 18:47:01,2025-07-19 18:47:00,5,374,3374,ring51,ring,2.0,60.0,20.0,98.0,S2_ring_D2_X60_Y20_Z98,S2_20250719-184002.431003207+0800.h5,370;371;372;373;374;375;376;377;378,9,250,0.05,0.0135457068789013,0.0085436000395029,0.0154853200483925,9.174308742455772e-06,7.436861146748017e-05,1560,27.099895808795004,0.1688749934838364,9.174308742455772e-06,11,False,False
RGM_0338616,2025-07-19 18:47:04.281003207,2025-07-19 18:47:04.431003207,2025-07-19 18:47:04.381003207,2025-07-19 18:47:04,2025-07-19 18:47:00,5,380,3380,ring51andring52,line,2.0,80.0,20.0,98.0,S2_line_D2_X80_Y20_Z98,S2_20250719-184002.431003207+0800.h5,376;377;378;379;380;381;382;383;384,9,750,0.15,0.0154827263570269,0.0047679097814088,0.0185104454930616,3.5957222316986335e-05,0.0002735708419536,1561,27.115378535152036,0.1689109507061533,3.5957222316986335e-05,17,False,False
RGM_0338698,2025-07-19 18:47:15.806003207,2025-07-19 18:47:15.856003207,2025-07-19 18:47:15.831003207,2025-07-19 18:47:15,2025-07-19 18:47:00,5,380,3380,ring51andring52,line,2.0,80.0,20.0,98.0,S2_line_D2_X80_Y20_Z98,S2_20250719-184002.431003207+0800.h5,376;377;378;379;380;381;382;383;384,9,250,0.05,0.0131721693851924,0.0046327651230295,0.0142988382666841,8.67530231561008e-06,5.995628813631467e-05,1562,27.128550704537226,0.1689196260084689,8.67530231561008e-06,17,False,False
RGM_0338724,2025-07-19 18:47:17.656003207,2025-07-19 18:47:17.706003207,2025-07-19 18:47:17.681003207,2025-07-19 18:47:17,2025-07-19 18:47:00,5,376,3376,ring51,ring,2.0,60.0,20.0,98.0,S2_ring_D2_X60_Y20_Z98,S2_20250719-184002.431003207+0800.h5,372;373;374;375;376;377;378;379;380,9,250,0.05,0.0149965816970706,0.005819761723095,0.0164687013667879,1.1244873129845698e-05,7.739481769474271e-05,1563,27.14354728623429,0.1689308708815988,1.1244873129845698e-05,11,False,False
RGM_0338727,2025-07-19 18:47:17.656003207,2025-07-19 18:47:17.781003207,2025-07-19 18:47:17.756003207,2025-07-19 18:47:17,2025-07-19 18:47:00,5,380,3380,ring51andring52,line,2.0,80.0,20.0,98.0,S2_line_D2_X80_Y20_Z98,S2_20250719-184002.431003207+0800.h5,376;377;378;379;380;381;382;383;384,9,625,0.125,0.0163110069997141,0.0048335289658645,0.0183253826599938,3.325611866809056e-05,0.000234357141412,1564,27.15985829323401,0.1689641270002669,3.325611866809056e-05,17,False,False
RGM_0338728,2025-07-19 18:47:17.731003207,2025-07-19 18:47:17.781003207,2025-07-19 18:47:17.756003207,2025-07-19 18:47:17,2025-07-19 18:47:00,5,374,3374,ring51,ring,2.0,60.0,20.0,98.0,S2_ring_D2_X60_Y20_Z98,S2_20250719-184002.431003207+0800.h5,370;371;372;373;374;375;376;377;378,9,250,0.05,0.0188444367222913,0.0105639349351994,0.0236177847461078,1.775563976902217e-05,0.0001554223470783,1565,27.1787027299563,0.1689818826400359,1.775563976902217e-05,11,False,False
RGM_0338838,2025-07-19 18:47:33.056003207,2025-07-19 18:47:34.356003207,2025-07-19 18:47:33.781003207,2025-07-19 18:47:33,2025-07-19 18:47:00,5,375,3375,ring51,ring,2.0,60.0,20.0,98.0,S2_ring_D2_X60_Y20_Z98,S2_20250719-184002.431003207+0800.h5,371;372;373;374;375;376;377;378;379,9,6500,1.3,0.0074852922382661,0.003902159234728,0.0095163724173955,7.283847985992172e-05,0.0006312996002493,1566,27.186188022194564,0.1690547211198958,7.283847985992172e-05,11,False,False
RGM_0338869,2025-07-19 18:47:36.856003207,2025-07-19 18:47:37.981003207,2025-07-19 18:47:37.881003207,2025-07-19 18:47:37,2025-07-19 18:47:00,5,95,3095,ring04,ring,80.0,150.0,18.4,20.0,S2_ring_D80_X150_Y18.4_Z20,S2_20250719-184002.431003207+0800.h5,91;92;93;94;95;96;97;98;99,9,5625,1.125,0.0065584259282793,0.0050492061301933,0.0073464798853407,4.838956948881811e-05,0.0004259671859663,1567,27.192746448122843,0.1691031106893846,4.838956948881811e-05,103,True,True
RGM_0338888,2025-07-19 18:47:39.306003207,2025-07-19 18:47:39.806003207,2025-07-19 18:47:39.556003207,2025-07-19 18:47:39,2025-07-19 18:47:00,5,452,3452,ring56,ring,2.0,139.0,120.0,48.0,S2_ring_D2_X139_Y120_Z48,S2_20250719-184002.431003207+0800.h5,448;449;450;451;452;453;454;455;456,9,2500,0.5,0.0182823500667597,0.0048182430085799,0.0223516620135104,0.0001671221619817,0.0013208842004792,1568,27.2110287981896,0.1692702328513664,0.0001671221619817,46,False,False
RGM_0338897,2025-07-19 18:47:39.806003207,2025-07-19 18:47:40.931003207,2025-07-19 18:47:40.181003207,2025-07-19 18:47:40,2025-07-19 18:47:00,5,89,3089,ring03,ring,80.0,150.0,52.8,20.0,S2_ring_D80_X150_Y52.8_Z20,S2_20250719-184002.431003207+0800.h5,85;86;87;88;89;90;91;92;93,9,5625,1.125,0.0055354973434729,0.0053341296239975,0.0056247075900447,3.4471947194545965e-05,0.0003066018286893,1569,27.216564295533075,0.169304704798561,3.4471947194545965e-05,106,False,False
RGM_0338898,2025-07-19 18:47:40.181003207,2025-07-19 18:47:40.481003207,2025-07-19 18:47:40.281003207,2025-07-19 18:47:40,2025-07-19 18:47:00,5,452,3452,ring56,ring,2.0,139.0,120.0,48.0,S2_ring_D2_X139_Y120_Z48,S2_20250719-184002.431003207+0800.h5,448;449;450;451;452;453;454;455;456,9,1500,0.3,0.0099629906636722,0.0071873534294762,0.0112720275555329,2.9778354889326343e-05,0.0002529664696783,1570,27.22652728619675,0.1693344831534503,2.9778354889326343e-05,46,False,False
RGM_0338906,2025-07-19 18:47:40.431003207,2025-07-19 18:47:42.431003207,2025-07-19 18:47:41.431003207,2025-07-19 18:47:41,2025-07-19 18:47:00,5,468,3468,ring57,ring,2.0,151.0,20.0,32.0,S2_ring_D2_X151_Y20_Z32,S2_20250719-184002.431003207+0800.h5,464;465;466;467;468;469;470;471;472,9,10000,2.0,0.0151103589879392,0.0098912547451054,0.0173539277793158,0.0004566458974887,0.0038695698838205,1571,27.24163764518469,0.1697911290509391,0.0004566458974887,52,False,False
RGM_0338907,2025-07-19 18:47:40.431003207,2025-07-19 18:47:42.431003207,2025-07-19 18:47:41.431003207,2025-07-19 18:47:41,2025-07-19 18:47:00,5,458,3458,ring56,ring,2.0,139.0,120.0,48.0,S2_ring_D2_X139_Y120_Z48,S2_20250719-184002.431003207+0800.h5,454;455;456;457;458;459;460;461;462,9,10000,2.0,0.0538603070512642,0.0221108768757955,0.1032792200445389,0.0058018653513129,0.0833495348982475,1572,27.29549795223595,0.175592994402252,0.0058018653513129,46,False,False
RGM_0338908,2025-07-19 18:47:40.431003207,2025-07-19 18:47:42.431003207,2025-07-19 18:47:41.431003207,2025-07-19 18:47:41,2025-07-19 18:47:00,5,459,3459,ring56,ring,2.0,139.0,120.0,48.0,S2_ring_D2_X139_Y120_Z48,S2_20250719-184002.431003207+0800.h5,455;456;457;458;459;460;461;462;463,9,10000,2.0,0.0453857947582465,0.0145553050156901,0.1012518795834043,0.0041197407316753,0.0624400541204305,1573,27.3408837469942,0.1797127351339274,0.0041197407316753,46,False,False
RGM_0338909,2025-07-19 18:47:40.431003207,2025-07-19 18:47:42.431003207,2025-07-19 18:47:41.431003207,2025-07-19 18:47:41,2025-07-19 18:47:00,5,455,3455,ring56,ring,2.0,139.0,120.0,48.0,S2_ring_D2_X139_Y120_Z48,S2_20250719-184002.431003207+0800.h5,451;452;453;454;455;456;457;458;459,9,10000,2.0,0.090899705484848,0.0453857947582465,0.1032792200445389,0.0165255129144642,0.1328839851093005,1574,27.43178345247905,0.1962382480483916,0.0165255129144642,46,False,False
RGM_0338910,2025-07-19 18:47:40.431003207,2025-07-19 18:47:42.431003207,2025-07-19 18:47:41.431003207,2025-07-19 18:47:41,2025-07-19 18:47:00,5,457,3457,ring56,ring,2.0,139.0,120.0,48.0,S2_ring_D2_X139_Y120_Z48,S2_20250719-184002.431003207+0800.h5,453;454;455;456;457;458;459;460;461,9,10000,2.0,0.0697262486369029,0.030219388217478,0.1032792200445389,0.0097234994979504,0.1025483142190903,1575,27.50150970111595,0.205961747546342,0.0097234994979504,46,False,False
RGM_0338911,2025-07-19 18:47:40.431003207,2025-07-19 18:47:42.431003207,2025-07-19 18:47:41.431003207,2025-07-19 18:47:41,2025-07-19 18:47:00,5,448,3448,ring55andring56,line,2.0,133.0,110.0,56.0,S2_line_D2_X133_Y110_Z56,S2_20250719-184002.431003207+0800.h5,444;445;446;447;448;449;450;451;452,9,10000,2.0,0.030702465053505,0.0098825324405104,0.0961912460532294,0.0018852827207233,0.0567370328220151,1576,27.53221216616945,0.2078470302670654,0.0018852827207233,45,False,False
RGM_0338912,2025-07-19 18:47:40.431003207,2025-07-19 18:47:42.431003207,2025-07-19 18:47:41.431003207,2025-07-19 18:47:41,2025-07-19 18:47:00,5,469,3469,ring57,ring,2.0,151.0,20.0,32.0,S2_ring_D2_X151_Y20_Z32,S2_20250719-184002.431003207+0800.h5,465;466;467;468;469;470;471;472;473,9,10000,2.0,0.0151103589879392,0.0099161278056797,0.0173539277793158,0.0004566458974887,0.0039925727877594,1577,27.547322525157394,0.2083036761645542,0.0004566458974887,52,False,False
RGM_0338913,2025-07-19 18:47:40.431003207,2025-07-19 18:47:42.431003207,2025-07-19 18:47:41.431003207,2025-07-19 18:47:41,2025-07-19 18:47:00,5,449,3449,ring56,ring,2.0,139.0,120.0,48.0,S2_ring_D2_X139_Y120_Z48,S2_20250719-184002.431003207+0800.h5,445;446;447;448;449;450;451;452;453,9,10000,2.0,0.0541590216531417,0.0098825324405104,0.1004404327780301,0.0058663992528509,0.0766032854344416,1578,27.601481546810536,0.2141700754174051,0.0058663992528509,46,False,False
RGM_0338914,2025-07-19 18:47:40.431003207,2025-07-19 18:47:42.431003207,2025-07-19 18:47:41.431003207,2025-07-19 18:47:41,2025-07-19 18:47:00,5,454,3454,ring56,ring,2.0,139.0,120.0,48.0,S2_ring_D2_X139_Y120_Z48,S2_20250719-184002.431003207+0800.h5,450;451;452;453;454;455;456;457;458,9,10000,2.0,0.090899705484848,0.0538603070512642,0.1032792200445389,0.0165255129144642,0.1413609213023375,1579,27.692381252295384,0.2306955883318693,0.0165255129144642,46,False,False
RGM_0338915,2025-07-19 18:47:40.431003207,2025-07-19 18:47:42.431003207,2025-07-19 18:47:41.431003207,2025-07-19 18:47:41,2025-07-19 18:47:00,5,452,3452,ring56,ring,2.0,139.0,120.0,48.0,S2_ring_D2_X139_Y120_Z48,S2_20250719-184002.431003207+0800.h5,448;449;450;451;452;453;454;455;456,9,10000,2.0,0.090899705484848,0.030702465053505,0.1032792200445389,0.0165255129144642,0.1335872384266486,1580,27.78328095778023,0.2472211012463336,0.0165255129144642,46,False,False
RGM_0338916,2025-07-19 18:47:41.306003207,2025-07-19 18:47:41.806003207,2025-07-19 18:47:41.556003207,2025-07-19 18:47:41,2025-07-19 18:47:00,5,454,3454,ring56,ring,2.0,139.0,120.0,48.0,S2_ring_D2_X139_Y120_Z48,S2_20250719-184002.431003207+0800.h5,450;451;452;453;454;455;456;457;458,9,2500,0.5,0.1281413809423251,0.076437895097804,0.150076907811166,0.008210106754903,0.0716413359394587,1581,27.91142233872256,0.2554312080012366,0.008210106754903,46,False,False
RGM_0338917,2025-07-19 18:47:41.181003207,2025-07-19 18:47:42.181003207,2025-07-19 18:47:41.681003207,2025-07-19 18:47:41,2025-07-19 18:47:00,5,458,3458,ring56,ring,2.0,139.0,120.0,48.0,S2_ring_D2_X139_Y120_Z48,S2_20250719-184002.431003207+0800.h5,454;455;456;457;458;459;460;461;462,9,5000,1.0,0.0668970757266331,0.0298504260696493,0.1279070458941658,0.0044752187407748,0.0635207338512318,1582,27.97831941444919,0.2599064267420115,0.0044752187407748,46,False,False
RGM_0338918,2025-07-19 18:47:41.431003207,2025-07-19 18:47:41.931003207,2025-07-19 18:47:41.681003207,2025-07-19 18:47:41,2025-07-19 18:47:00,5,460,3460,ring56andring57,line,2.0,145.0,110.0,40.0,S2_line_D2_X145_Y110_Z40,S2_20250719-184002.431003207+0800.h5,456;457;458;459;460;461;462;463;464,9,2500,0.5,0.0616582251887895,0.0149052726368991,0.1220345435202522,0.0019008683667157,0.0222774662729298,1583,28.03997763963798,0.2618072951087273,0.0019008683667157,51,False,False
RGM_0338919,2025-07-19 18:47:41.181003207,2025-07-19 18:47:42.181003207,2025-07-19 18:47:41.681003207,2025-07-19 18:47:41,2025-07-19 18:47:00,5,452,3452,ring56,ring,2.0,139.0,120.0,48.0,S2_ring_D2_X139_Y120_Z48,S2_20250719-184002.431003207+0800.h5,448;449;450;451;452;453;454;455;456,9,5000,1.0,0.1122795871194648,0.0420446184209507,0.1279070458941658,0.0126067056837174,0.1026542636841152,1584,28.15225722675744,0.2744140007924447,0.0126067056837174,46,False,False
RGM_0338920,2025-07-19 18:47:41.181003207,2025-07-19 18:47:42.181003207,2025-07-19 18:47:41.681003207,2025-07-19 18:47:41,2025-07-19 18:47:00,5,457,3457,ring56,ring,2.0,139.0,120.0,48.0,S2_ring_D2_X139_Y120_Z48,S2_20250719-184002.431003207+0800.h5,453;454;455;456;457;458;459;460;461,9,5000,1.0,0.083826334818151,0.0403691221290623,0.1279070458941658,0.0070268544090447,0.078080535835746,1585,28.236083561575597,0.2814408552014895,0.0070268544090447,46,False,False
RGM_0338925,2025-07-19 18:47:41.681003207,2025-07-19 18:47:41.806003207,2025-07-19 18:47:41.731003207,2025-07-19 18:47:41,2025-07-19 18:47:00,5,454,3454,ring56,ring,2.0,139.0,120.0,48.0,S2_ring_D2_X139_Y120_Z48,S2_20250719-184002.431003207+0800.h5,450;451;452;453;454;455;456;457;458,9,625,0.125,0.2029156518849824,0.0994671836512325,0.2228489809344046,0.0051468452224884,0.0393548807976792,1586,28.438999213460576,0.2865877004239779,0.0051468452224884,46,False,False
RGM_0338929,2025-07-19 18:47:41.706003207,2025-07-19 18:47:41.806003207,2025-07-19 18:47:41.756003207,2025-07-19 18:47:41,2025-07-19 18:47:00,5,456,3456,ring56,ring,2.0,139.0,120.0,48.0,S2_ring_D2_X139_Y120_Z48,S2_20250719-184002.431003207+0800.h5,452;453;454;455;456;457;458;459;460,9,500,0.1,0.1775303899670256,0.082954636274769,0.238489817942221,0.0031517039361844,0.0291103157234435,1587,28.6165296034276,0.2897394043601624,0.0031517039361844,46,False,False
RGM_0338930,2025-07-19 18:47:41.706003207,2025-07-19 18:47:41.806003207,2025-07-19 18:47:41.756003207,2025-07-19 18:47:41,2025-07-19 18:47:00,5,464,3464,ring56andring57,line,2.0,145.0,30.0,40.0,S2_line_D2_X145_Y30_Z40,S2_20250719-184002.431003207+0800.h5,460;461;462;463;464;465;466;467;468,9,500,0.1,0.0231219163367137,0.0181474079987572,0.082954636274769,5.346230150819917e-05,0.0018030511457058,1588,28.639651519764318,0.2897928666616706,5.346230150819917e-05,47,False,False
RGM_0338931,2025-07-19 18:47:41.681003207,2025-07-19 18:47:41.881003207,2025-07-19 18:47:41.781003207,2025-07-19 18:47:41,2025-07-19 18:47:00,5,459,3459,ring56,ring,2.0,139.0,120.0,48.0,S2_ring_D2_X139_Y120_Z48,S2_20250719-184002.431003207+0800.h5,455;456;457;458;459;460;461;462;463,9,1000,0.2,0.0880635545661436,0.0339870499555465,0.1805334113604133,0.0015510379285648,0.019950334733782,1589,28.727715074330455,0.2913439045902354,0.0015510379285648,46,False,False
RGM_0338934,2025-07-19 18:47:41.556003207,2025-07-19 18:47:42.056003207,2025-07-19 18:47:41.806003207,2025-07-19 18:47:41,2025-07-19 18:47:00,5,460,3460,ring56andring57,line,2.0,145.0,110.0,40.0,S2_line_D2_X145_Y110_Z40,S2_20250719-184002.431003207+0800.h5,456;457;458;459;460;461;462;463;464,9,2500,0.5,0.0571824255942827,0.0151518335318494,0.1098233903378391,0.0016349148984228,0.0183358038467256,1590,28.784897499924742,0.2929788194886582,0.0016349148984228,51,False,False
RGM_0338935,2025-07-19 18:47:41.731003207,2025-07-19 18:47:41.931003207,2025-07-19 18:47:41.831003207,2025-07-19 18:47:41,2025-07-19 18:47:00,5,447,3447,ring55andring56,line,2.0,133.0,90.0,56.0,S2_line_D2_X133_Y90_Z56,S2_20250719-184002.431003207+0800.h5,443;444;445;446;447;448;449;450;451,9,1000,0.2,0.0478887888898514,0.0124767465855544,0.1431639834582462,0.0004586672202673,0.011701044801483,1591,28.832786288814592,0.2934374867089255,0.0004586672202673,44,False,False
RGM_0338936,2025-07-19 18:47:41.681003207,2025-07-19 18:47:42.181003207,2025-07-19 18:47:41.931003207,2025-07-19 18:47:41,2025-07-19 18:47:00,5,447,3447,ring55andring56,line,2.0,133.0,90.0,56.0,S2_line_D2_X133_Y90_Z56,S2_20250719-184002.431003207+0800.h5,443;444;445;446;447;448;449;450;451,9,2500,0.5,0.0325217860267938,0.0100579248887157,0.1198678069273811,0.0005288332831862,0.0190911673588941,1592,28.865308074841387,0.2939663199921118,0.0005288332831862,44,False,False
RGM_0338937,2025-07-19 18:47:41.431003207,2025-07-19 18:47:42.431003207,2025-07-19 18:47:41.931003207,2025-07-19 18:47:41,2025-07-19 18:47:00,5,458,3458,ring56,ring,2.0,139.0,120.0,48.0,S2_ring_D2_X139_Y120_Z48,S2_20250719-184002.431003207+0800.h5,454;455;456;457;458;459;460;461;462,9,5000,1.0,0.0677210672586293,0.0294067091008251,0.1200275317385529,0.0045861429506478,0.0579335882037598,1593,28.93302914210001,0.2985524629427596,0.0045861429506478,46,False,False
RGM_0338938,2025-07-19 18:47:41.681003207,2025-07-19 18:47:42.181003207,2025-07-19 18:47:41.931003207,2025-07-19 18:47:41,2025-07-19 18:47:00,5,448,3448,ring55andring56,line,2.0,133.0,110.0,56.0,S2_line_D2_X133_Y110_Z56,S2_20250719-184002.431003207+0800.h5,444;445;446;447;448;449;450;451;452,9,2500,0.5,0.0555906482958559,0.0106123454065138,0.1280819114344478,0.0015451600889767,0.0272430744507115,1594,28.98861979039587,0.3000976230317363,0.0015451600889767,45,False,False
RGM_0338941,2025-07-19 18:47:42.081003207,2025-07-19 18:47:42.181003207,2025-07-19 18:47:42.131003207,2025-07-19 18:47:42,2025-07-19 18:47:00,5,448,3448,ring55andring56,line,2.0,133.0,110.0,56.0,S2_line_D2_X133_Y110_Z56,S2_20250719-184002.431003207+0800.h5,444;445;446;447;448;449;450;451;452,9,500,0.1,0.0322115913394322,0.0088693838875338,0.0986153382900651,0.0001037586616618,0.0026763898348529,1595,29.020831381735302,0.3002013816933982,0.0001037586616618,45,False,False
RGM_0338960,2025-07-19 18:47:42.681003207,2025-07-19 18:47:42.881003207,2025-07-19 18:47:42.781003207,2025-07-19 18:47:42,2025-07-19 18:47:00,5,450,3450,ring56,ring,2.0,139.0,120.0,48.0,S2_ring_D2_X139_Y120_Z48,S2_20250719-184002.431003207+0800.h5,446;447;448;449;450;451;452;453;454,9,1000,0.2,0.0146460471531756,0.0039835908939097,0.0174855326332207,4.290133944260891e-05,0.0003227405626796,1596,29.03547742888848,0.3002442830328408,4.290133944260891e-05,46,False,False
RGM_0338961,2025-07-19 18:47:42.756003207,2025-07-19 18:47:42.856003207,2025-07-19 18:47:42.806003207,2025-07-19 18:47:42,2025-07-19 18:47:00,5,450,3450,ring56,ring,2.0,139.0,120.0,48.0,S2_ring_D2_X139_Y120_Z48,S2_20250719-184002.431003207+0800.h5,446;447;448;449;450;451;452;453;454,9,500,0.1,0.0158074207008739,0.0039121183991456,0.0188726794738518,2.498745492144191e-05,0.0001865167323542,1597,29.05128484958935,0.3002692704877623,2.498745492144191e-05,46,False,False
RGM_0338963,2025-07-19 18:47:42.806003207,2025-07-19 18:47:42.881003207,2025-07-19 18:47:42.831003207,2025-07-19 18:47:42,2025-07-19 18:47:00,5,451,3451,ring56,ring,2.0,139.0,120.0,48.0,S2_ring_D2_X139_Y120_Z48,S2_20250719-184002.431003207+0800.h5,447;448;449;450;451;452;453;454;455,9,375,0.075,0.0176837396722116,0.0046465027982714,0.0193509964259842,2.345359865959131e-05,0.0001659900707222,1598,29.06896858926156,0.3002927240864219,2.345359865959131e-05,46,False,False
RGM_0338968,2025-07-19 18:47:42.431003207,2025-07-19 18:47:43.431003207,2025-07-19 18:47:42.931003207,2025-07-19 18:47:42,2025-07-19 18:47:00,5,454,3454,ring56,ring,2.0,139.0,120.0,48.0,S2_ring_D2_X139_Y120_Z48,S2_20250719-184002.431003207+0800.h5,450;451;452;453;454;455;456;457;458,9,5000,1.0,0.0162940710878169,0.0123170370152656,0.018511599151714,0.0002654967526148,0.0023167498726197,1599,29.08526266034938,0.3005582208390367,0.0002654967526148,46,False,False
RGM_0338971,2025-07-19 18:47:42.981003207,2025-07-19 18:47:43.031003207,2025-07-19 18:47:43.006003207,2025-07-19 18:47:43,2025-07-19 18:47:00,5,471,3471,ring57,ring,2.0,151.0,20.0,32.0,S2_ring_D2_X151_Y20_Z32,S2_20250719-184002.431003207+0800.h5,467;468;469;470;471;472;473;474;475,9,250,0.05,0.0105180620967362,0.0045988564844793,0.0125178383208493,5.531481513539994e-06,4.2505368734408255e-05,1600,29.095780722446115,0.3005637523205502,5.531481513539994e-06,52,False,False
RGM_0338972,2025-07-19 18:47:42.806003207,2025-07-19 18:47:43.306003207,2025-07-19 18:47:43.006003207,2025-07-19 18:47:43,2025-07-19 18:47:00,5,456,3456,ring56,ring,2.0,139.0,120.0,48.0,S2_ring_D2_X139_Y120_Z48,S2_20250719-184002.431003207+0800.h5,452;453;454;455;456;457;458;459;460,9,2500,0.5,0.0180320332604018,0.0110983014456461,0.0201717263990578,0.0001625771117521,0.0012488097631874,1601,29.113812755706515,0.3007263294323024,0.0001625771117521,46,False,False
RGM_0338973,2025-07-19 18:47:42.931003207,2025-07-19 18:47:43.431003207,2025-07-19 18:47:43.156003207,2025-07-19 18:47:43,2025-07-19 18:47:00,5,466,3466,ring57,ring,2.0,151.0,20.0,32.0,S2_ring_D2_X151_Y20_Z32,S2_20250719-184002.431003207+0800.h5,462;463;464;465;466;467;468;469;470,9,2500,0.5,0.0115171259373834,0.0100862759067386,0.0126620403044567,6.632209492877507e-05,0.0005990448514776,1602,29.1253298816439,0.3007926515272311,6.632209492877507e-05,52,False,False
RGM_0338974,2025-07-19 18:47:42.931003207,2025-07-19 18:47:43.431003207,2025-07-19 18:47:43.206003207,2025-07-19 18:47:43,2025-07-19 18:47:00,5,460,3460,ring56andring57,line,2.0,145.0,110.0,40.0,S2_line_D2_X145_Y110_Z40,S2_20250719-184002.431003207+0800.h5,456;457;458;459;460;461;462;463;464,9,2500,0.5,0.012595147027126,0.0100862759067386,0.018638189213882,7.931886431746118e-05,0.0008235153316763,1603,29.137925028671027,0.3008719703915486,7.931886431746118e-05,51,False,False
RGM_0338975,2025-07-19 18:47:42.431003207,2025-07-19 18:47:44.431003207,2025-07-19 18:47:43.231003207,2025-07-19 18:47:43,2025-07-19 18:47:00,5,458,3458,ring56,ring,2.0,139.0,120.0,48.0,S2_ring_D2_X139_Y120_Z48,S2_20250719-184002.431003207+0800.h5,454;455;456;457;458;459;460;461;462,9,10000,2.0,0.0128294615618183,0.0090814946544415,0.0156945919709947,0.0003291901679323,0.0030391259864321,1604,29.150754490232845,0.301201160559481,0.0003291901679323,46,False,False
RGM_0338977,2025-07-19 18:47:42.431003207,2025-07-19 18:47:44.431003207,2025-07-19 18:47:43.431003207,2025-07-19 18:47:43,2025-07-19 18:47:00,5,377,3377,ring51,ring,2.0,60.0,20.0,98.0,S2_ring_D2_X60_Y20_Z98,S2_20250719-184002.431003207+0800.h5,373;374;375;376;377;378;379;380;381,9,10000,2.0,0.0181418376422238,0.0082831117077626,0.0213912143687445,0.0006582525460736,0.0056185798905312,1605,29.168896327875068,0.3018594131055546,0.0006582525460736,11,False,False
RGM_0338978,2025-07-19 18:47:42.431003207,2025-07-19 18:47:44.431003207,2025-07-19 18:47:43.431003207,2025-07-19 18:47:43,2025-07-19 18:47:00,5,458,3458,ring56,ring,2.0,139.0,120.0,48.0,S2_ring_D2_X139_Y120_Z48,S2_20250719-184002.431003207+0800.h5,454;455;456;457;458;459;460;461;462,9,10000,2.0,0.0128294615618183,0.0090814946544415,0.0156945919709947,0.0003291901679323,0.0030391259864321,1606,29.18172578943689,0.3021886032734869,0.0003291901679323,46,False,False
RGM_0338980,2025-07-19 18:47:42.431003207,2025-07-19 18:47:44.431003207,2025-07-19 18:47:43.456003207,2025-07-19 18:47:43,2025-07-19 18:47:00,5,459,3459,ring56,ring,2.0,139.0,120.0,48.0,S2_ring_D2_X139_Y120_Z48,S2_20250719-184002.431003207+0800.h5,455;456;457;458;459;460;461;462;463,9,10000,2.0,0.0119099091207372,0.0081742395170742,0.0156945919709947,0.0002836918705284,0.0027034589409927,1607,29.193635698557625,0.3024722951440154,0.0002836918705284,46,False,False
RGM_0338981,2025-07-19 18:47:43.306003207,2025-07-19 18:47:43.806003207,2025-07-19 18:47:43.556003207,2025-07-19 18:47:43,2025-07-19 18:47:00,5,460,3460,ring56andring57,line,2.0,145.0,110.0,40.0,S2_line_D2_X145_Y110_Z40,S2_20250719-184002.431003207+0800.h5,456;457;458;459;460;461;462;463;464,9,2500,0.5,0.0133983420439904,0.0079709723773391,0.0145268312086242,8.97577847638813e-05,0.0007200528801358,1608,29.207034040601616,0.3025620529287793,8.97577847638813e-05,51,False,False
RGM_0338983,2025-07-19 18:47:43.531003207,2025-07-19 18:47:43.731003207,2025-07-19 18:47:43.631003207,2025-07-19 18:47:43,2025-07-19 18:47:00,5,458,3458,ring56,ring,2.0,139.0,120.0,48.0,S2_ring_D2_X139_Y120_Z48,S2_20250719-184002.431003207+0800.h5,454;455;456;457;458;459;460;461;462,9,1000,0.2,0.0139165730057707,0.0116152119708146,0.0142880202268444,3.8734200844989496e-05,0.0003263709163125,1609,29.220950613607386,0.3026007871296243,3.8734200844989496e-05,46,False,False
RGM_0338987,2025-07-19 18:47:43.681003207,2025-07-19 18:47:43.881003207,2025-07-19 18:47:43.731003207,2025-07-19 18:47:43,2025-07-19 18:47:00,5,458,3458,ring56,ring,2.0,139.0,120.0,48.0,S2_ring_D2_X139_Y120_Z48,S2_20250719-184002.431003207+0800.h5,454;455;456;457;458;459;460;461;462,9,1000,0.2,0.0130660690114308,0.0110002516984118,0.0139086392211371,3.414443188229461e-05,0.00029264574243,1610,29.23401668261881,0.3026349315615066,3.414443188229461e-05,46,False,False
RGM_0339009,2025-07-19 18:47:45.481003207,2025-07-19 18:47:45.631003207,2025-07-19 18:47:45.506003207,2025-07-19 18:47:45,2025-07-19 18:47:00,5,466,3466,ring57,ring,2.0,151.0,20.0,32.0,S2_ring_D2_X151_Y20_Z32,S2_20250719-184002.431003207+0800.h5,462;463;464;465;466;467;468;469;470,9,750,0.15,0.0087866464253948,0.0051681299033486,0.0103342520005907,1.1580773310735663e-05,9.390406329358047e-05,1611,29.24280332904421,0.3026465123348174,1.1580773310735663e-05,52,False,False
RGM_0339014,2025-07-19 18:47:46.181003207,2025-07-19 18:47:47.181003207,2025-07-19 18:47:46.406003207,2025-07-19 18:47:46,2025-07-19 18:47:00,5,459,3459,ring56,ring,2.0,139.0,120.0,48.0,S2_ring_D2_X139_Y120_Z48,S2_20250719-184002.431003207+0800.h5,455;456;457;458;459;460;461;462;463,9,5000,1.0,0.0099253589413498,0.005413235434355,0.011498151272049,9.851275011463272e-05,0.0008412791271654,1612,29.25272868798556,0.302745025084932,9.851275011463272e-05,46,False,False
RGM_0339035,2025-07-19 18:47:47.831003207,2025-07-19 18:47:48.031003207,2025-07-19 18:47:47.956003207,2025-07-19 18:47:47,2025-07-19 18:47:00,5,379,3379,ring51,ring,2.0,60.0,20.0,98.0,S2_ring_D2_X60_Y20_Z98,S2_20250719-184002.431003207+0800.h5,375;376;377;378;379;380;381;382;383,9,1000,0.2,0.0259247436658119,0.0051218124103558,0.0304648322369045,0.0001344184668276,0.0010751845633057,1613,29.27865343165137,0.3028794435517596,0.0001344184668276,11,False,False
RGM_0339036,2025-07-19 18:47:47.681003207,2025-07-19 18:47:48.681003207,2025-07-19 18:47:48.006003207,2025-07-19 18:47:48,2025-07-19 18:47:00,5,375,3375,ring51,ring,2.0,60.0,20.0,98.0,S2_ring_D2_X60_Y20_Z98,S2_20250719-184002.431003207+0800.h5,371;372;373;374;375;376;377;378;379,9,5000,1.0,0.0122997464183924,0.0045503537982743,0.0156121768438908,0.0001512837619567,0.0012353641198532,1614,29.290953178069763,0.3030307273137164,0.0001512837619567,11,False,False
RGM_0339038,2025-07-19 18:47:47.531003207,2025-07-19 18:47:48.181003207,2025-07-19 18:47:48.106003207,2025-07-19 18:47:48,2025-07-19 18:47:00,5,94,3094,ring04,ring,80.0,150.0,18.4,20.0,S2_ring_D80_X150_Y18.4_Z20,S2_20250719-184002.431003207+0800.h5,90;91;92;93;94;95;96;97;98,9,3250,0.65,0.0053219847122896,0.0049956346021008,0.006473176321108,1.8410288830599037e-05,0.0001754500298589,1615,29.29627516278205,0.303049137602547,1.8410288830599037e-05,103,True,True
RGM_0339039,2025-07-19 18:47:47.431003207,2025-07-19 18:47:49.431003207,2025-07-19 18:47:48.131003207,2025-07-19 18:47:48,2025-07-19 18:47:00,5,95,3095,ring04,ring,80.0,150.0,18.4,20.0,S2_ring_D80_X150_Y18.4_Z20,S2_20250719-184002.431003207+0800.h5,91;92;93;94;95;96;97;98;99,9,10000,2.0,0.0049393634733534,0.0047164316370387,0.0057289051965176,4.879462304379741e-05,0.000460712441989,1616,29.301214526255407,0.3030979322255908,4.879462304379741e-05,103,True,True
RGM_0339043,2025-07-19 18:47:48.231003207,2025-07-19 18:47:48.306003207,2025-07-19 18:47:48.256003207,2025-07-19 18:47:48,2025-07-19 18:47:00,5,452,3452,ring56,ring,2.0,139.0,120.0,48.0,S2_ring_D2_X139_Y120_Z48,S2_20250719-184002.431003207+0800.h5,448;449;450;451;452;453;454;455;456,9,375,0.075,0.1265261890185607,0.0075976699463372,0.2303135029812099,0.001200665738067,0.0149143230071982,1617,29.427740715273966,0.3042985979636578,0.001200665738067,46,False,False
RGM_0339047,2025-07-19 18:47:48.256003207,2025-07-19 18:47:48.356003207,2025-07-19 18:47:48.306003207,2025-07-19 18:47:48,2025-07-19 18:47:00,5,452,3452,ring56,ring,2.0,139.0,120.0,48.0,S2_ring_D2_X139_Y120_Z48,S2_20250719-184002.431003207+0800.h5,448;449;450;451;452;453;454;455;456,9,500,0.1,0.1388221081612932,0.0089960684925305,0.2527500041520186,0.0019271577714345,0.0241088316434652,1618,29.56656282343526,0.3062257557350924,0.0019271577714345,46,False,False
RGM_0339049,2025-07-19 18:47:48.531003207,2025-07-19 18:47:48.656003207,2025-07-19 18:47:48.556003207,2025-07-19 18:47:48,2025-07-19 18:47:00,5,380,3380,ring51andring52,line,2.0,80.0,20.0,98.0,S2_line_D2_X80_Y20_Z98,S2_20250719-184002.431003207+0800.h5,376;377;378;379;380;381;382;383;384,9,625,0.125,0.0141336755899225,0.0048911964398925,0.0160974049266383,2.4970098210146443e-05,0.0001782142324883,1619,29.58069649902518,0.3062507258333025,2.4970098210146443e-05,17,False,False
RGM_0339052,2025-07-19 18:47:48.181003207,2025-07-19 18:47:49.181003207,2025-07-19 18:47:48.681003207,2025-07-19 18:47:48,2025-07-19 18:47:00,5,451,3451,ring56,ring,2.0,139.0,120.0,48.0,S2_ring_D2_X139_Y120_Z48,S2_20250719-184002.431003207+0800.h5,447;448;449;450;451;452;453;454;455,9,5000,1.0,0.0509386596108755,0.0070519911769764,0.1412207661283043,0.0025947470429526,0.0605916969768731,1620,29.63163515863605,0.3088454728762552,0.0025947470429526,46,False,False
RGM_0339053,2025-07-19 18:47:48.681003207,2025-07-19 18:47:48.881003207,2025-07-19 18:47:48.781003207,2025-07-19 18:47:48,2025-07-19 18:47:00,5,451,3451,ring56,ring,2.0,139.0,120.0,48.0,S2_ring_D2_X139_Y120_Z48,S2_20250719-184002.431003207+0800.h5,447;448;449;450;451;452;453;454;455,9,1000,0.2,0.0567098812279733,0.0067844074313587,0.1399143294727793,0.0006432021257781,0.0124258913327092,1621,29.68834503986403,0.3094886750020333,0.0006432021257781,46,False,False
RGM_0339054,2025-07-19 18:47:48.556003207,2025-07-19 18:47:49.056003207,2025-07-19 18:47:48.806003207,2025-07-19 18:47:48,2025-07-19 18:47:00,5,451,3451,ring56,ring,2.0,139.0,120.0,48.0,S2_ring_D2_X139_Y120_Z48,S2_20250719-184002.431003207+0800.h5,447;448;449;450;451;452;453;454;455,9,2500,0.5,0.0526915545662955,0.0068542477160108,0.1325219812392127,0.0013881999613064,0.0277111510657854,1622,29.741036594430323,0.3108768749633398,0.0013881999613064,46,False,False
RGM_0339063,2025-07-19 18:47:47.931003207,2025-07-19 18:47:50.431003207,2025-07-19 18:47:49.206003207,2025-07-19 18:47:49,2025-07-19 18:47:00,5,463,3463,ring56andring57,line,2.0,145.0,50.0,40.0,S2_line_D2_X145_Y50_Z40,S2_20250719-184002.431003207+0800.h5,459;460;461;462;463;464;465;466;467,9,12500,2.5,0.0182053935889253,0.0112464721535813,0.0715135531302631,0.0008285908893192,0.0261506739686536,1623,29.759241988019248,0.311705465852659,0.0008285908893192,48,False,False
RGM_0339117,2025-07-19 18:47:52.006003207,2025-07-19 18:47:52.781003207,2025-07-19 18:47:52.631003207,2025-07-19 18:47:52,2025-07-19 18:47:00,5,452,3452,ring56,ring,2.0,139.0,120.0,48.0,S2_ring_D2_X139_Y120_Z48,S2_20250719-184002.431003207+0800.h5,448;449;450;451;452;453;454;455;456,9,3875,0.775,0.0175375557983299,0.0059468638641584,0.0405752685902148,0.0002383635441191,0.0039374222419174,1624,29.77677954381758,0.3119438293967781,0.0002383635441191,46,False,False
RGM_0339118,2025-07-19 18:47:52.656003207,2025-07-19 18:47:53.006003207,2025-07-19 18:47:52.756003207,2025-07-19 18:47:52,2025-07-19 18:47:00,5,466,3466,ring57,ring,2.0,151.0,20.0,32.0,S2_ring_D2_X151_Y20_Z32,S2_20250719-184002.431003207+0800.h5,462;463;464;465;466;467;468;469;470,9,1750,0.35,0.0088978564148384,0.0069749605385235,0.0227934731921317,2.7710147072678737e-05,0.0004656586474645,1625,29.785677400232416,0.3119715395438509,2.7710147072678737e-05,52,False,False
RGM_0339120,2025-07-19 18:47:52.981003207,2025-07-19 18:47:53.131003207,2025-07-19 18:47:53.031003207,2025-07-19 18:47:53,2025-07-19 18:47:00,5,451,3451,ring56,ring,2.0,139.0,120.0,48.0,S2_ring_D2_X139_Y120_Z48,S2_20250719-184002.431003207+0800.h5,447;448;449;450;451;452;453;454;455,9,750,0.15,0.011305112316846,0.0070252232438925,0.0362679052952105,1.9170834674475764e-05,0.0005139436429142,1626,29.796982512549263,0.3119907103785253,1.9170834674475764e-05,46,False,False
RGM_0339121,2025-07-19 18:47:53.131003207,2025-07-19 18:47:53.281003207,2025-07-19 18:47:53.231003207,2025-07-19 18:47:53,2025-07-19 18:47:00,5,466,3466,ring57,ring,2.0,151.0,20.0,32.0,S2_ring_D2_X151_Y20_Z32,S2_20250719-184002.431003207+0800.h5,462;463;464;465;466;467;468;469;470,9,750,0.15,0.0090353985836682,0.0068745431878025,0.0284543246689525,1.2245764134863226e-05,0.0002818810398724,1627,29.806017911132933,0.3120029561426602,1.2245764134863226e-05,52,False,False
RGM_0339123,2025-07-19 18:47:52.431003207,2025-07-19 18:47:54.431003207,2025-07-19 18:47:53.431003207,2025-07-19 18:47:53,2025-07-19 18:47:00,5,438,3438,ring55,ring,2.0,127.0,20.0,64.0,S2_ring_D2_X127_Y20_Z64,S2_20250719-184002.431003207+0800.h5,434;435;436;437;438;439;440;441;442,9,10000,2.0,0.049133006376248,0.0221204411508131,0.0566516960881273,0.0048281046311368,0.037118690173454,1628,29.85515091750918,0.3168310607737971,0.0048281046311368,40,False,False
RGM_0339125,2025-07-19 18:47:53.506003207,2025-07-19 18:47:53.606003207,2025-07-19 18:47:53.556003207,2025-07-19 18:47:53,2025-07-19 18:47:00,5,445,3445,ring55andring56,line,2.0,133.0,50.0,56.0,S2_line_D2_X133_Y50_Z56,S2_20250719-184002.431003207+0800.h5,441;442;443;444;445;446;447;448;449,9,500,0.1,0.0467329185251925,0.0097773457161364,0.0776066912953635,0.0002183965673882,0.002467006733224,1629,29.901883836034376,0.3170494573411853,0.0002183965673882,42,False,False
RGM_0339127,2025-07-19 18:47:53.531003207,2025-07-19 18:47:53.631003207,2025-07-19 18:47:53.606003207,2025-07-19 18:47:53,2025-07-19 18:47:00,5,433,3433,ring55,ring,2.0,127.0,20.0,64.0,S2_ring_D2_X127_Y20_Z64,S2_20250719-184002.431003207+0800.h5,429;430;431;432;433;434;435;436;437,9,500,0.1,0.0251469672638034,0.0156575514949478,0.037840153026241,6.323699625668043e-05,0.0005845577176634,1630,29.92703080329818,0.3171126943374419,6.323699625668043e-05,40,False,False
RGM_0339129,2025-07-19 18:47:53.581003207,2025-07-19 18:47:53.681003207,2025-07-19 18:47:53.606003207,2025-07-19 18:47:53,2025-07-19 18:47:00,5,434,3434,ring55,ring,2.0,127.0,20.0,64.0,S2_ring_D2_X127_Y20_Z64,S2_20250719-184002.431003207+0800.h5,430;431;432;433;434;435;436;437;438,9,500,0.1,0.0309183748739296,0.0174586038265036,0.0672624667652714,9.559459048448435e-05,0.0013229168490632,1631,29.95794917817211,0.3172082889279264,9.559459048448435e-05,40,False,False
RGM_0339131,2025-07-19 18:47:53.581003207,2025-07-19 18:47:53.681003207,2025-07-19 18:47:53.631003207,2025-07-19 18:47:53,2025-07-19 18:47:00,5,446,3446,ring55andring56,line,2.0,133.0,70.0,56.0,S2_line_D2_X133_Y70_Z56,S2_20250719-184002.431003207+0800.h5,442;443;444;445;446;447;448;449;450,9,500,0.1,0.040559302635336,0.0121543238076609,0.0747394902071554,0.0001645057030264,0.0018175655016467,1632,29.99850848080745,0.3173727946309528,0.0001645057030264,43,False,False
RGM_0339133,2025-07-19 18:47:53.431003207,2025-07-19 18:47:53.931003207,2025-07-19 18:47:53.681003207,2025-07-19 18:47:53,2025-07-19 18:47:00,5,441,3441,ring55,ring,2.0,127.0,20.0,64.0,S2_ring_D2_X127_Y20_Z64,S2_20250719-184002.431003207+0800.h5,437;438;439;440;441;442;443;444;445,9,2500,0.5,0.07820326664194,0.051130073517121,0.0866947090442252,0.0030578754567351,0.0244715552282287,1633,30.076711747449387,0.320430670087688,0.0030578754567351,40,False,False
RGM_0339134,2025-07-19 18:47:53.631003207,2025-07-19 18:47:53.731003207,2025-07-19 18:47:53.681003207,2025-07-19 18:47:53,2025-07-19 18:47:00,5,436,3436,ring55,ring,2.0,127.0,20.0,64.0,S2_ring_D2_X127_Y20_Z64,S2_20250719-184002.431003207+0800.h5,432;433;434;435;436;437;438;439;440,9,500,0.1,0.0528204949095426,0.0155216824161481,0.0929185409910185,0.0002790004682489,0.003429615463083,1634,30.12953224235893,0.3207096705559369,0.0002790004682489,40,False,False
RGM_0339135,2025-07-19 18:47:53.581003207,2025-07-19 18:47:53.781003207,2025-07-19 18:47:53.681003207,2025-07-19 18:47:53,2025-07-19 18:47:00,5,436,3436,ring55,ring,2.0,127.0,20.0,64.0,S2_ring_D2_X127_Y20_Z64,S2_20250719-184002.431003207+0800.h5,432;433;434;435;436;437;438;439;440,9,1000,0.2,0.0436570287555963,0.0196848433620299,0.0886912002705237,0.0003811872319533,0.0057211224166513,1635,30.173189271114527,0.3210908577878903,0.0003811872319533,40,False,False
RGM_0339139,2025-07-19 18:47:53.181003207,2025-07-19 18:47:54.181003207,2025-07-19 18:47:53.681003207,2025-07-19 18:47:53,2025-07-19 18:47:00,5,439,3439,ring55,ring,2.0,127.0,20.0,64.0,S2_ring_D2_X127_Y20_Z64,S2_20250719-184002.431003207+0800.h5,435;436;437;438;439;440;441;442;443,9,5000,1.0,0.0658748635187674,0.0344305046779107,0.0767952501504298,0.0043394976436162,0.0368445130596399,1636,30.239064134633296,0.3254303554315066,0.0043394976436162,40,False,False
RGM_0339143,2025-07-19 18:47:53.756003207,2025-07-19 18:47:53.806003207,2025-07-19 18:47:53.781003207,2025-07-19 18:47:53,2025-07-19 18:47:00,5,442,3442,ring55,ring,2.0,127.0,20.0,64.0,S2_ring_D2_X127_Y20_Z64,S2_20250719-184002.431003207+0800.h5,438;439;440;441;442;443;444;445;446,9,250,0.05,0.0973239979581536,0.0390249113921286,0.108091456013544,0.0004735980289279,0.0036818357475887,1637,30.33638813259145,0.3259039534604345,0.0004735980289279,40,False,False
RGM_0339146,2025-07-19 18:47:53.756003207,2025-07-19 18:47:53.856003207,2025-07-19 18:47:53.806003207,2025-07-19 18:47:53,2025-07-19 18:47:00,5,472,3472,ring57,ring,2.0,151.0,20.0,32.0,S2_ring_D2_X151_Y20_Z32,S2_20250719-184002.431003207+0800.h5,468;469;470;471;472;473;474;475;476,9,500,0.1,0.013421059868632,0.006808884702512,0.0249304392901141,1.8012484799740493e-05,0.0002203368435377,1638,30.34980919246008,0.3259219659452343,1.8012484799740493e-05,52,False,False
RGM_0339148,2025-07-19 18:47:53.556003207,2025-07-19 18:47:54.056003207,2025-07-19 18:47:53.806003207,2025-07-19 18:47:53,2025-07-19 18:47:00,5,443,3443,ring55,ring,2.0,127.0,20.0,64.0,S2_ring_D2_X127_Y20_Z64,S2_20250719-184002.431003207+0800.h5,439;440;441;442;443;444;445;446;447,9,2500,0.5,0.0793194532425321,0.0265987169452947,0.0908787302904073,0.0031457878313471,0.0234726665176122,1639,30.429128645702612,0.3290677537765814,0.0031457878313471,40,False,False
RGM_0339149,2025-07-19 18:47:53.731003207,2025-07-19 18:47:53.981003207,2025-07-19 18:47:53.881003207,2025-07-19 18:47:53,2025-07-19 18:47:00,5,451,3451,ring56,ring,2.0,139.0,120.0,48.0,S2_ring_D2_X139_Y120_Z48,S2_20250719-184002.431003207+0800.h5,447;448;449;450;451;452;453;454;455,9,1250,0.25,0.1164907457394668,0.0314600147162316,0.2262183708215108,0.0033925234607342,0.0441114556080982,1640,30.54561939144208,0.3324602772373157,0.0033925234607342,46,False,False
RGM_0339150,2025-07-19 18:47:53.431003207,2025-07-19 18:47:54.431003207,2025-07-19 18:47:53.931003207,2025-07-19 18:47:53,2025-07-19 18:47:00,5,434,3434,ring55,ring,2.0,127.0,20.0,64.0,S2_ring_D2_X127_Y20_Z64,S2_20250719-184002.431003207+0800.h5,430;431;432;433;434;435;436;437;438,9,5000,1.0,0.0294981824847641,0.0269580497133129,0.0636975930049119,0.0008701427699044,0.0137323392599954,1641,30.57511757392685,0.3333304200072201,0.0008701427699044,40,False,False
RGM_0339151,2025-07-19 18:47:53.431003207,2025-07-19 18:47:54.431003207,2025-07-19 18:47:53.931003207,2025-07-19 18:47:53,2025-07-19 18:47:00,5,442,3442,ring55,ring,2.0,127.0,20.0,64.0,S2_ring_D2_X127_Y20_Z64,S2_20250719-184002.431003207+0800.h5,438;439;440;441;442;443;444;445;446,9,5000,1.0,0.0636975930049119,0.0327031298255436,0.0748880473693649,0.0040573833546194,0.0350261614440535,1642,30.63881516693176,0.3373878033618395,0.0040573833546194,40,False,False
RGM_0339152,2025-07-19 18:47:53.681003207,2025-07-19 18:47:54.181003207,2025-07-19 18:47:53.931003207,2025-07-19 18:47:53,2025-07-19 18:47:00,5,447,3447,ring55andring56,line,2.0,133.0,90.0,56.0,S2_line_D2_X133_Y90_Z56,S2_20250719-184002.431003207+0800.h5,443;444;445;446;447;448;449;450;451,9,2500,0.5,0.0584537613381476,0.0299849097361536,0.1259676088022137,0.0017084211072885,0.0215399030426767,1643,30.697268928269903,0.3390962244691281,0.0017084211072885,44,False,False
RGM_0339153,2025-07-19 18:47:53.431003207,2025-07-19 18:47:54.431003207,2025-07-19 18:47:53.931003207,2025-07-19 18:47:53,2025-07-19 18:47:00,5,433,3433,ring55,ring,2.0,127.0,20.0,64.0,S2_ring_D2_X127_Y20_Z64,S2_20250719-184002.431003207+0800.h5,429;430;431;432;433;434;435;436;437,9,5000,1.0,0.0277885027743942,0.0262459863987229,0.0530171403915956,0.0007722008864425,0.010363807707418,1644,30.7250574310443,0.3398684253555706,0.0007722008864425,40,False,False
RGM_0339154,2025-07-19 18:47:53.431003207,2025-07-19 18:47:54.431003207,2025-07-19 18:47:53.931003207,2025-07-19 18:47:53,2025-07-19 18:47:00,5,438,3438,ring55,ring,2.0,127.0,20.0,64.0,S2_ring_D2_X127_Y20_Z64,S2_20250719-184002.431003207+0800.h5,434;435;436;437;438;439;440;441;442,9,5000,1.0,0.0636975930049119,0.0294981824847641,0.0748880473693649,0.0040573833546194,0.0319117247942044,1645,30.78875502404921,0.3439258087101901,0.0040573833546194,40,False,False
RGM_0339155,2025-07-19 18:47:53.431003207,2025-07-19 18:47:54.431003207,2025-07-19 18:47:53.931003207,2025-07-19 18:47:53,2025-07-19 18:47:00,5,453,3453,ring56,ring,2.0,139.0,120.0,48.0,S2_ring_D2_X139_Y120_Z48,S2_20250719-184002.431003207+0800.h5,449;450;451;452;453;454;455;456;457,9,5000,1.0,0.1856811415981104,0.0598944248094144,0.3610277409391186,0.0344774863451775,0.4676315957411857,1646,30.97443616564732,0.3784032950553676,0.0344774863451775,46,False,False
RGM_0339156,2025-07-19 18:47:53.431003207,2025-07-19 18:47:54.431003207,2025-07-19 18:47:53.931003207,2025-07-19 18:47:53,2025-07-19 18:47:00,5,452,3452,ring56,ring,2.0,139.0,120.0,48.0,S2_ring_D2_X139_Y120_Z48,S2_20250719-184002.431003207+0800.h5,448;449;450;451;452;453;454;455;456,9,5000,1.0,0.1471896207928185,0.0433681542548026,0.3387021318965951,0.0216647844691337,0.3391713628170507,1647,31.121625786440138,0.4000680795245013,0.0216647844691337,46,False,False
RGM_0339157,2025-07-19 18:47:53.906003207,2025-07-19 18:47:54.006003207,2025-07-19 18:47:53.956003207,2025-07-19 18:47:53,2025-07-19 18:47:00,5,427,3427,ring54,ring,2.0,115.0,120.0,80.0,S2_ring_D2_X115_Y120_Z80,S2_20250719-184002.431003207+0800.h5,423;424;425;426;427;428;429;430;431,9,500,0.1,0.0382133627303497,0.0167934551415133,0.0447519782359917,0.0001460261091161,0.0011498003443833,1648,31.159839149170487,0.4002141056336175,0.0001460261091161,34,False,False
RGM_0339158,2025-07-19 18:47:53.931003207,2025-07-19 18:47:53.981003207,2025-07-19 18:47:53.956003207,2025-07-19 18:47:53,2025-07-19 18:47:00,5,472,3472,ring57,ring,2.0,151.0,20.0,32.0,S2_ring_D2_X151_Y20_Z32,S2_20250719-184002.431003207+0800.h5,468;469;470;471;472;473;474;475;476,9,250,0.05,0.0116960184345675,0.0091586019145569,0.0181157720575547,6.839842361087156e-06,6.927791286946678e-05,1649,31.17153516760505,0.4002209454759786,6.839842361087156e-06,52,False,False
RGM_0339159,2025-07-19 18:47:53.931003207,2025-07-19 18:47:54.031003207,2025-07-19 18:47:53.981003207,2025-07-19 18:47:53,2025-07-19 18:47:00,5,451,3451,ring56,ring,2.0,139.0,120.0,48.0,S2_ring_D2_X139_Y120_Z48,S2_20250719-184002.431003207+0800.h5,447;448;449;450;451;452;453;454;455,9,500,0.1,0.1269557027606367,0.0312713132441307,0.2625254416086388,0.0016117750463447,0.022534056717005,1650,31.29849087036569,0.4018327205223233,0.0016117750463447,46,False,False
RGM_0339161,2025-07-19 18:47:53.931003207,2025-07-19 18:47:54.131003207,2025-07-19 18:47:54.006003207,2025-07-19 18:47:54,2025-07-19 18:47:00,5,433,3433,ring55,ring,2.0,127.0,20.0,64.0,S2_ring_D2_X127_Y20_Z64,S2_20250719-184002.431003207+0800.h5,429;430;431;432;433;434;435;436;437,9,1000,0.2,0.0448587032772322,0.0420868381651446,0.079706238148514,0.0004024606519429,0.0050091588753975,1651,31.34334957364292,0.4022351811742662,0.0004024606519429,40,False,False
RGM_0339162,2025-07-19 18:47:53.931003207,2025-07-19 18:47:54.131003207,2025-07-19 18:47:54.031003207,2025-07-19 18:47:54,2025-07-19 18:47:00,5,434,3434,ring55,ring,2.0,127.0,20.0,64.0,S2_ring_D2_X127_Y20_Z64,S2_20250719-184002.431003207+0800.h5,430;431;432;433;434;435;436;437;438,9,1000,0.2,0.0450186552608554,0.0420868381651446,0.0870139079075109,0.0004053358642991,0.0061432059048806,1652,31.388368228903776,0.4026405170385653,0.0004053358642991,40,False,False
RGM_0339163,2025-07-19 18:47:53.931003207,2025-07-19 18:47:54.131003207,2025-07-19 18:47:54.031003207,2025-07-19 18:47:54,2025-07-19 18:47:00,5,452,3452,ring56,ring,2.0,139.0,120.0,48.0,S2_ring_D2_X139_Y120_Z48,S2_20250719-184002.431003207+0800.h5,448;449;450;451;452;453;454;455;456,9,1000,0.2,0.1778488127303159,0.0421556867437977,0.3259310472638731,0.0063260400379165,0.0760612591386543,1653,31.56621704163409,0.4089665570764819,0.0063260400379165,46,False,False
RGM_0339164,2025-07-19 18:47:53.806003207,2025-07-19 18:47:54.306003207,2025-07-19 18:47:54.056003207,2025-07-19 18:47:54,2025-07-19 18:47:00,5,451,3451,ring56,ring,2.0,139.0,120.0,48.0,S2_ring_D2_X139_Y120_Z48,S2_20250719-184002.431003207+0800.h5,447;448;449;450;451;452;453;454;455,9,2500,0.5,0.1333454848362834,0.0405492934178993,0.3207033013794729,0.0088905091631117,0.1432070425073385,1654,31.699562526470373,0.4178570662395937,0.0088905091631117,46,False,False
RGM_0339165,2025-07-19 18:47:53.806003207,2025-07-19 18:47:54.306003207,2025-07-19 18:47:54.056003207,2025-07-19 18:47:54,2025-07-19 18:47:00,5,453,3453,ring56,ring,2.0,139.0,120.0,48.0,S2_ring_D2_X139_Y120_Z48,S2_20250719-184002.431003207+0800.h5,449;450;451;452;453;454;455;456;457,9,2500,0.5,0.2152257713453093,0.0726964564725028,0.3987720510745866,0.0231610663255916,0.2885234527078431,1655,31.914788297815683,0.4410181325651853,0.0231610663255916,46,False,False
RGM_0339167,2025-07-19 18:47:54.031003207,2025-07-19 18:47:54.081003207,2025-07-19 18:47:54.056003207,2025-07-19 18:47:54,2025-07-19 18:47:00,5,432,3432,ring54andring55,line,2.0,121.0,30.0,72.0,S2_line_D2_X121_Y30_Z72,S2_20250719-184002.431003207+0800.h5,428;429;430;431;432;433;434;435;436,9,250,0.05,0.050269359488481,0.0429841329684339,0.0597352240618058,0.0001263504251691,0.0011025542513009,1656,31.965057657304165,0.4411444829903544,0.0001263504251691,35,False,False
RGM_0339168,2025-07-19 18:47:53.981003207,2025-07-19 18:47:54.181003207,2025-07-19 18:47:54.081003207,2025-07-19 18:47:54,2025-07-19 18:47:00,5,437,3437,ring55,ring,2.0,127.0,20.0,64.0,S2_ring_D2_X127_Y20_Z64,S2_20250719-184002.431003207+0800.h5,433;434;435;436;437;438;439;440;441,9,1000,0.2,0.071746653093203,0.041835938577387,0.0809284009028975,0.0010295164460152,0.0079176601605105,1657,32.036804310397365,0.4421739994363697,0.0010295164460152,40,False,False
RGM_0339170,2025-07-19 18:47:54.056003207,2025-07-19 18:47:54.156003207,2025-07-19 18:47:54.106003207,2025-07-19 18:47:54,2025-07-19 18:47:00,5,436,3436,ring55,ring,2.0,127.0,20.0,64.0,S2_ring_D2_X127_Y20_Z64,S2_20250719-184002.431003207+0800.h5,432;433;434;435;436;437;438;439;440,9,500,0.1,0.0694492426866261,0.0389406542968538,0.0885599853185797,0.0004823197309745,0.0042143304543397,1658,32.10625355308399,0.4426563191673443,0.0004823197309745,40,False,False
RGM_0339173,2025-07-19 18:47:54.081003207,2025-07-19 18:47:54.156003207,2025-07-19 18:47:54.131003207,2025-07-19 18:47:54,2025-07-19 18:47:00,5,452,3452,ring56,ring,2.0,139.0,120.0,48.0,S2_ring_D2_X139_Y120_Z48,S2_20250719-184002.431003207+0800.h5,448;449;450;451;452;453;454;455;456,9,375,0.075,0.2118097603721211,0.0446765089118788,0.4257869745206413,0.0033647530941671,0.0451979925602768,1659,32.31806331345611,0.4460210722615115,0.0033647530941671,46,False,False
RGM_0339174,2025-07-19 18:47:54.106003207,2025-07-19 18:47:54.156003207,2025-07-19 18:47:54.131003207,2025-07-19 18:47:54,2025-07-19 18:47:00,5,434,3434,ring55,ring,2.0,127.0,20.0,64.0,S2_ring_D2_X127_Y20_Z64,S2_20250719-184002.431003207+0800.h5,430;431;432;433;434;435;436;437;438,9,250,0.05,0.0488189537573228,0.031148813531681,0.0766421215594334,0.0001191645122979,0.001293294040997,1660,32.366882267213434,0.4461402367738095,0.0001191645122979,40,False,False
RGM_0339175,2025-07-19 18:47:54.081003207,2025-07-19 18:47:54.181003207,2025-07-19 18:47:54.131003207,2025-07-19 18:47:54,2025-07-19 18:47:00,5,453,3453,ring56,ring,2.0,139.0,120.0,48.0,S2_ring_D2_X139_Y120_Z48,S2_20250719-184002.431003207+0800.h5,449;450;451;452;453;454;455;456;457,9,500,0.1,0.2649546831407368,0.0645918926572181,0.4401769996930779,0.0070200984118208,0.0761226199870839,1661,32.63183695035417,0.4531603351856303,0.0070200984118208,46,False,False
RGM_0339177,2025-07-19 18:47:54.106003207,2025-07-19 18:47:54.206003207,2025-07-19 18:47:54.156003207,2025-07-19 18:47:54,2025-07-19 18:47:00,5,445,3445,ring55andring56,line,2.0,133.0,50.0,56.0,S2_line_D2_X133_Y50_Z56,S2_20250719-184002.431003207+0800.h5,441;442;443;444;445;446;447;448;449,9,500,0.1,0.0460878538905281,0.026544667466412,0.0705535920734108,0.0002124090276234,0.00198735798606,1662,32.6779248042447,0.4533727442132538,0.0002124090276234,42,False,False
RGM_0339178,2025-07-19 18:47:52.431003207,2025-07-19 18:47:54.931003207,2025-07-19 18:47:54.181003207,2025-07-19 18:47:54,2025-07-19 18:47:00,5,95,3095,ring04,ring,80.0,150.0,18.4,20.0,S2_ring_D80_X150_Y18.4_Z20,S2_20250719-184002.431003207+0800.h5,91;92;93;94;95;96;97;98;99,9,12500,2.5,0.0121714715830651,0.0079501264465599,0.0141259786685586,0.0003703618012434,0.0031608522454342,1663,32.69009627582776,0.4537431060144972,0.0003703618012434,103,True,True
RGM_0339179,2025-07-19 18:47:54.131003207,2025-07-19 18:47:54.331003207,2025-07-19 18:47:54.206003207,2025-07-19 18:47:54,2025-07-19 18:47:00,5,89,3089,ring03,ring,80.0,150.0,52.8,20.0,S2_ring_D80_X150_Y52.8_Z20,S2_20250719-184002.431003207+0800.h5,85;86;87;88;89;90;91;92;93,9,1000,0.2,0.0425323222032636,0.0417534640698181,0.0448478740025567,0.0003617996864004,0.0033302265676769,1664,32.73262859803103,0.4541049057008976,0.0003617996864004,106,False,False
RGM_0339180,2025-07-19 18:47:54.156003207,2025-07-19 18:47:54.256003207,2025-07-19 18:47:54.206003207,2025-07-19 18:47:54,2025-07-19 18:47:00,5,95,3095,ring04,ring,80.0,150.0,18.4,20.0,S2_ring_D80_X150_Y18.4_Z20,S2_20250719-184002.431003207+0800.h5,91;92;93;94;95;96;97;98;99,9,500,0.1,0.0498701680464346,0.0272327510424073,0.0582367440800338,0.0002487033660979,0.002066591487333,1665,32.78249876607746,0.4543536090669955,0.0002487033660979,103,True,True
RGM_0339184,2025-07-19 18:47:54.156003207,2025-07-19 18:47:54.256003207,2025-07-19 18:47:54.206003207,2025-07-19 18:47:54,2025-07-19 18:47:00,5,90,3090,ring03,ring,80.0,150.0,52.8,20.0,S2_ring_D80_X150_Y52.8_Z20,S2_20250719-184002.431003207+0800.h5,86;87;88;89;90;91;92;93;94,9,500,0.1,0.0574124886001725,0.054440287489307,0.0607756251684426,0.0003296193847264,0.0029747265618415,1667,32.86714400572004,0.4547573907246558,0.0003296193847264,106,False,False
RGM_0339185,2025-07-19 18:47:54.181003207,2025-07-19 18:47:54.231003207,2025-07-19 18:47:54.206003207,2025-07-19 18:47:54,2025-07-19 18:47:00,5,90,3090,ring03,ring,80.0,150.0,52.8,20.0,S2_ring_D80_X150_Y52.8_Z20,S2_20250719-184002.431003207+0800.h5,86;87;88;89;90;91;92;93;94,9,250,0.05,0.0742305317718769,0.0711728606797457,0.0831534474131717,0.0002755085923567,0.0025798573197733,1668,32.94137453749191,0.4550328993170126,0.0002755085923567,106,False,False
RGM_0339186,2025-07-19 18:47:54.156003207,2025-07-19 18:47:54.256003207,2025-07-19 18:47:54.206003207,2025-07-19 18:47:54,2025-07-19 18:47:00,5,96,3096,ring04,ring,80.0,150.0,18.4,20.0,S2_ring_D80_X150_Y18.4_Z20,S2_20250719-184002.431003207+0800.h5,92;93;94;95;96;97;98;99;100,9,500,0.1,0.0443943938480461,0.0215442194200381,0.0582367440800338,0.0001970862205135,0.0017943352602277,1669,32.985768931339955,0.4552299855375261,0.0001970862205135,103,True,True
RGM_0339187,2025-07-19 18:47:54.156003207,2025-07-19 18:47:54.256003207,2025-07-19 18:47:54.206003207,2025-07-19 18:47:54,2025-07-19 18:47:00,5,89,3089,ring03,ring,80.0,150.0,52.8,20.0,S2_ring_D80_X150_Y52.8_Z20,S2_20250719-184002.431003207+0800.h5,85;86;87;88;89;90;91;92;93,9,500,0.1,0.0575706140533865,0.0554135851787135,0.0607756251684426,0.0003314375602483,0.0030097896318981,1670,33.043339545393344,0.4555614230977745,0.0003314375602483,106,False,False
RGM_0339188,2025-07-19 18:47:54.181003207,2025-07-19 18:47:54.231003207,2025-07-19 18:47:54.206003207,2025-07-19 18:47:54,2025-07-19 18:47:00,5,91,3091,ring03,ring,80.0,150.0,52.8,20.0,S2_ring_D80_X150_Y52.8_Z20,S2_20250719-184002.431003207+0800.h5,87;88;89;90;91;92;93;94;95,9,250,0.05,0.0739986604072345,0.066042791655396,0.0820605270139726,0.0002737900871032,0.0024522150454204,1671,33.11733820580058,0.4558352131848778,0.0002737900871032,106,False,False
RGM_0339189,2025-07-19 18:47:53.681003207,2025-07-19 18:47:54.681003207,2025-07-19 18:47:54.206003207,2025-07-19 18:47:54,2025-07-19 18:47:00,5,463,3463,ring56andring57,line,2.0,145.0,50.0,40.0,S2_line_D2_X145_Y50_Z40,S2_20250719-184002.431003207+0800.h5,459;460;461;462;463;464;465;466;467,9,5000,1.0,0.14878822729032,0.0352226258836286,0.375847698008516,0.0221379365801959,0.4430252607310473,1672,33.266126433090896,0.4779731497650737,0.0221379365801959,48,False,False
RGM_0339191,2025-07-19 18:47:54.181003207,2025-07-19 18:47:54.231003207,2025-07-19 18:47:54.206003207,2025-07-19 18:47:54,2025-07-19 18:47:00,5,94,3094,ring04,ring,80.0,150.0,18.4,20.0,S2_ring_D80_X150_Y18.4_Z20,S2_20250719-184002.431003207+0800.h5,90;91;92;93;94;95;96;97;98,9,250,0.05,0.0711728606797457,0.0440761395128176,0.0743456208567382,0.0002532788048669,0.0019465602891606,1673,33.33729929377064,0.4782264285699406,0.0002532788048669,103,True,True
RGM_0339192,2025-07-19 18:47:54.131003207,2025-07-19 18:47:54.331003207,2025-07-19 18:47:54.231003207,2025-07-19 18:47:54,2025-07-19 18:47:00,5,460,3460,ring56andring57,line,2.0,145.0,110.0,40.0,S2_line_D2_X145_Y110_Z40,S2_20250719-184002.431003207+0800.h5,456;457;458;459;460;461;462;463;464,9,1000,0.2,0.4948337780686822,0.1627488209490158,0.568374132217352,0.0489720935835451,0.3957105616371301,1674,33.83213307183932,0.5271985221534858,0.0489720935835451,51,False,False
RGM_0339193,2025-07-19 18:47:54.181003207,2025-07-19 18:47:54.281003207,2025-07-19 18:47:54.231003207,2025-07-19 18:47:54,2025-07-19 18:47:00,5,459,3459,ring56,ring,2.0,139.0,120.0,48.0,S2_ring_D2_X139_Y120_Z48,S2_20250719-184002.431003207+0800.h5,455;456;457;458;459;460;461;462;463,9,500,0.1,0.5821472500712925,0.3464611619767298,0.6438351310844025,0.0338895420765568,0.2694546124446757,1675,34.41428032191062,0.5610880642300426,0.0338895420765568,46,False,False
RGM_0339198,2025-07-19 18:47:54.131003207,2025-07-19 18:47:54.331003207,2025-07-19 18:47:54.231003207,2025-07-19 18:47:54,2025-07-19 18:47:00,5,87,3087,ring02andring03,line,80.0,150.0,80.0,20.0,S2_line_D80_X150_Y80_Z20,S2_20250719-184002.431003207+0800.h5,83;84;85;86;87;88;89;90;91,9,1000,0.2,0.0422627714068254,0.0279002058700865,0.0448478740025567,0.0003572283693971,0.0030183813432616,1677,34.47344268919072,0.5615024118675758,0.0003572283693971,108,False,False
RGM_0339200,2025-07-19 18:47:54.231003207,2025-07-19 18:47:54.281003207,2025-07-19 18:47:54.256003207,2025-07-19 18:47:54,2025-07-19 18:47:00,5,455,3455,ring56,ring,2.0,139.0,120.0,48.0,S2_ring_D2_X139_Y120_Z48,S2_20250719-184002.431003207+0800.h5,451;452;453;454;455;456;457;458;459,9,250,0.05,0.5126149307223495,0.1785436354283982,0.6931663080504352,0.0131387033599739,0.1172595460120764,1678,34.98605761991307,0.5746411152275497,0.0131387033599739,46,False,False
RGM_0339202,2025-07-19 18:47:54.181003207,2025-07-19 18:47:54.381003207,2025-07-19 18:47:54.281003207,2025-07-19 18:47:54,2025-07-19 18:47:00,5,455,3455,ring56,ring,2.0,139.0,120.0,48.0,S2_ring_D2_X139_Y120_Z48,S2_20250719-184002.431003207+0800.h5,451;452;453;454;455;456;457;458;459,9,1000,0.2,0.4263065716746446,0.1367819909653876,0.5986771991426324,0.0363474586105977,0.3325218971858394,1679,35.41236419158771,0.6109885738381474,0.0363474586105977,46,False,False
RGM_0339203,2025-07-19 18:47:54.181003207,2025-07-19 18:47:54.381003207,2025-07-19 18:47:54.281003207,2025-07-19 18:47:54,2025-07-19 18:47:00,5,456,3456,ring56,ring,2.0,139.0,120.0,48.0,S2_ring_D2_X139_Y120_Z48,S2_20250719-184002.431003207+0800.h5,452;453;454;455;456;457;458;459;460,9,1000,0.2,0.5176905625700807,0.1632847499008938,0.5986771991426324,0.0536007037148253,0.3963605583811037,1680,35.930054754157794,0.6645892775529727,0.0536007037148253,46,False,False
RGM_0339204,2025-07-19 18:47:54.056003207,2025-07-19 18:47:54.556003207,2025-07-19 18:47:54.281003207,2025-07-19 18:47:54,2025-07-19 18:47:00,5,90,3090,ring03,ring,80.0,150.0,52.8,20.0,S2_ring_D80_X150_Y52.8_Z20,S2_20250719-184002.431003207+0800.h5,86;87;88;89;90;91;92;93;94,9,2500,0.5,0.0288926963253494,0.026522598052672,0.030660144095753,0.0004173939504744,0.003797457882782,1681,35.958947450483144,0.6650066715034472,0.0004173939504744,106,False,False
RGM_0339205,2025-07-19 18:47:54.056003207,2025-07-19 18:47:54.556003207,2025-07-19 18:47:54.281003207,2025-07-19 18:47:54,2025-07-19 18:47:00,5,458,3458,ring56,ring,2.0,139.0,120.0,48.0,S2_ring_D2_X139_Y120_Z48,S2_20250719-184002.431003207+0800.h5,454;455;456;457;458;459;460;461;462,9,2500,0.5,0.4365708515328841,0.2758008343252485,0.4832247850808671,0.0952970542040737,0.768375863606394,1682,36.39551830201603,0.7603037257075209,0.0952970542040737,46,False,False
RGM_0339208,2025-07-19 18:47:54.281003207,2025-07-19 18:47:54.331003207,2025-07-19 18:47:54.306003207,2025-07-19 18:47:54,2025-07-19 18:47:00,5,430,3430,ring54andring55,line,2.0,121.0,70.0,72.0,S2_line_D2_X121_Y70_Z72,S2_20250719-184002.431003207+0800.h5,426;427;428;429;430;431;432;433;434,9,250,0.05,0.0212735001191749,0.0183462420608604,0.0228327059937838,2.2628090366026888e-05,0.000196156080927,1683,36.4167918021352,0.7603263537978869,2.2628090366026888e-05,37,False,False
RGM_0339210,2025-07-19 18:47:54.056003207,2025-07-19 18:47:54.556003207,2025-07-19 18:47:54.306003207,2025-07-19 18:47:54,2025-07-19 18:47:00,5,89,3089,ring03,ring,80.0,150.0,52.8,20.0,S2_ring_D80_X150_Y52.8_Z20,S2_20250719-184002.431003207+0800.h5,85;86;87;88;89;90;91;92;93,9,2500,0.5,0.0288926963253494,0.0278571777178423,0.030660144095753,0.0004173939504744,0.0038501815863296,1685,36.46037821979949,0.7608517004717545,0.0004173939504744,106,False,False
RGM_0339211,2025-07-19 18:47:53.931003207,2025-07-19 18:47:54.931003207,2025-07-19 18:47:54.306003207,2025-07-19 18:47:54,2025-07-19 18:47:00,5,92,3092,ring03andring04,line,80.0,150.0,45.6,20.0,S2_line_D80_X150_Y45.6_Z20,S2_20250719-184002.431003207+0800.h5,88;89;90;91;92;93;94;95;96,9,5000,1.0,0.0211287702874841,0.0165501425569677,0.0225508567766714,0.0004464249338612,0.0037590311759042,1686,36.48150699008697,0.7612981254056158,0.0004464249338612,105,False,False
RGM_0339212,2025-07-19 18:47:54.281003207,2025-07-19 18:47:54.381003207,2025-07-19 18:47:54.331003207,2025-07-19 18:47:54,2025-07-19 18:47:00,5,471,3471,ring57,ring,2.0,151.0,20.0,32.0,S2_ring_D2_X151_Y20_Z32,S2_20250719-184002.431003207+0800.h5,467;468;469;470;471;472;473;474;475,9,500,0.1,0.0639057551516873,0.0254484569286834,0.0705870160440261,0.0004083945541507,0.0032596090502165,1687,36.54541274523866,0.7617065199597666,0.0004083945541507,52,False,False
RGM_0339213,2025-07-19 18:47:54.231003207,2025-07-19 18:47:54.431003207,2025-07-19 18:47:54.331003207,2025-07-19 18:47:54,2025-07-19 18:47:00,5,469,3469,ring57,ring,2.0,151.0,20.0,32.0,S2_ring_D2_X151_Y20_Z32,S2_20250719-184002.431003207+0800.h5,465;466;467;468;469;470;471;472;473,9,1000,0.2,0.0580000476881677,0.0447622211604099,0.0627943151967308,0.0006728011063659,0.005793570670761,1688,36.603412792926825,0.7623793210661325,0.0006728011063659,52,False,False
RGM_0339214,2025-07-19 18:47:54.231003207,2025-07-19 18:47:54.431003207,2025-07-19 18:47:54.331003207,2025-07-19 18:47:54,2025-07-19 18:47:00,5,456,3456,ring56,ring,2.0,139.0,120.0,48.0,S2_ring_D2_X139_Y120_Z48,S2_20250719-184002.431003207+0800.h5,452;453;454;455;456;457;458;459;460,9,1000,0.2,0.5281969132203708,0.1467737414460324,0.5725689713788052,0.0557983958271055,0.378380133303444,1689,37.1316097061472,0.818177716893238,0.0557983958271055,46,False,False
RGM_0339216,2025-07-19 18:47:54.231003207,2025-07-19 18:47:54.431003207,2025-07-19 18:47:54.331003207,2025-07-19 18:47:54,2025-07-19 18:47:00,5,455,3455,ring56,ring,2.0,139.0,120.0,48.0,S2_ring_D2_X139_Y120_Z48,S2_20250719-184002.431003207+0800.h5,451;452;453;454;455;456;457;458;459,9,1000,0.2,0.4417759212801244,0.1225271236513208,0.5725689713788052,0.0390331929245805,0.3214215280717858,1690,37.57338562742732,0.8572109098178186,0.0390331929245805,46,False,False
RGM_0339217,2025-07-19 18:47:54.231003207,2025-07-19 18:47:54.431003207,2025-07-19 18:47:54.331003207,2025-07-19 18:47:54,2025-07-19 18:47:00,5,473,3473,ring57,ring,2.0,151.0,20.0,32.0,S2_ring_D2_X151_Y20_Z32,S2_20250719-184002.431003207+0800.h5,469;470;471;472;473;474;475;476;477,9,1000,0.2,0.0447622211604099,0.0110187534827804,0.0606325227752513,0.0004007312886426,0.003464450315982,1691,37.61814784858773,0.8576116411064613,0.0004007312886426,52,False,False
RGM_0339218,2025-07-19 18:47:54.306003207,2025-07-19 18:47:54.356003207,2025-07-19 18:47:54.331003207,2025-07-19 18:47:54,2025-07-19 18:47:00,5,431,3431,ring54andring55,line,2.0,121.0,50.0,72.0,S2_line_D2_X121_Y50_Z72,S2_20250719-184002.431003207+0800.h5,427;428;429;430;431;432;433;434;435,9,250,0.05,0.022353356775569,0.0195477361837892,0.0235161900298966,2.498362795679404e-05,0.0002204503762502,1692,37.6405012053633,0.857636624734418,2.498362795679404e-05,36,False,False
RGM_0339219,2025-07-19 18:47:54.306003207,2025-07-19 18:47:54.356003207,2025-07-19 18:47:54.331003207,2025-07-19 18:47:54,2025-07-19 18:47:00,5,434,3434,ring55,ring,2.0,127.0,20.0,64.0,S2_ring_D2_X127_Y20_Z64,S2_20250719-184002.431003207+0800.h5,430;431;432;433;434;435;436;437;438,9,250,0.05,0.0229781738319636,0.0221052709907751,0.0269614321528038,2.639982363259694e-05,0.0002578615554678,1693,37.66347937919527,0.8576630245580507,2.639982363259694e-05,40,False,False
RGM_0339220,2025-07-19 18:47:54.231003207,2025-07-19 18:47:54.431003207,2025-07-19 18:47:54.331003207,2025-07-19 18:47:54,2025-07-19 18:47:00,5,468,3468,ring57,ring,2.0,151.0,20.0,32.0,S2_ring_D2_X151_Y20_Z32,S2_20250719-184002.431003207+0800.h5,464;465;466;467;468;469;470;471;472,9,1000,0.2,0.0591494774790953,0.0533341516441874,0.1024019170813714,0.00069973213721,0.0074900699065063,1694,37.72262885667436,0.8583627566952606,0.00069973213721,52,False,False
RGM_0339222,2025-07-19 18:47:54.281003207,2025-07-19 18:47:54.381003207,2025-07-19 18:47:54.356003207,2025-07-19 18:47:54,2025-07-19 18:47:00,5,466,3466,ring57,ring,2.0,151.0,20.0,32.0,S2_ring_D2_X151_Y20_Z32,S2_20250719-184002.431003207+0800.h5,462;463;464;465;466;467;468;469;470,9,500,0.1,0.0704582855662799,0.0594793213687958,0.3226361544200903,0.0004964370004939,0.0168693532442777,1695,37.79308714224064,0.8588591936957546,0.0004964370004939,52,False,False
RGM_0339223,2025-07-19 18:47:54.306003207,2025-07-19 18:47:54.406003207,2025-07-19 18:47:54.356003207,2025-07-19 18:47:54,2025-07-19 18:47:00,5,458,3458,ring56,ring,2.0,139.0,120.0,48.0,S2_ring_D2_X139_Y120_Z48,S2_20250719-184002.431003207+0800.h5,454;455;456;457;458;459;460;461;462,9,500,0.1,0.5257206234898415,0.2938915380785099,0.5632429380356789,0.0276382173962547,0.2121163795668521,1696,38.31880776573048,0.8864974110920094,0.0276382173962547,46,False,False
RGM_0339224,2025-07-19 18:47:53.431003207,2025-07-19 18:47:55.431003207,2025-07-19 18:47:54.431003207,2025-07-19 18:47:54,2025-07-19 18:47:00,5,465,3465,ring57,ring,2.0,151.0,20.0,32.0,S2_ring_D2_X151_Y20_Z32,S2_20250719-184002.431003207+0800.h5,461;462;463;464;465;466;467;468;469,9,10000,2.0,0.0420224109323617,0.0306273952926734,0.248446633999882,0.0035317660411365,0.2369031997720925,1697,38.36083017666285,0.890029177133146,0.0035317660411365,52,False,False
RGM_0339226,2025-07-19 18:47:54.181003207,2025-07-19 18:47:54.681003207,2025-07-19 18:47:54.431003207,2025-07-19 18:47:54,2025-07-19 18:47:00,5,470,3470,ring57,ring,2.0,151.0,20.0,32.0,S2_ring_D2_X151_Y20_Z32,S2_20250719-184002.431003207+0800.h5,466;467;468;469;470;471;472;473;474,9,2500,0.5,0.0436716772532615,0.0245613984848186,0.0484123800707594,0.0009536076970565,0.0079856872396155,1698,38.40450185391611,0.8909827848302025,0.0009536076970565,52,False,False
RGM_0339228,2025-07-19 18:47:53.431003207,2025-07-19 18:47:55.431003207,2025-07-19 18:47:54.431003207,2025-07-19 18:47:54,2025-07-19 18:47:00,5,458,3458,ring56,ring,2.0,139.0,120.0,48.0,S2_ring_D2_X139_Y120_Z48,S2_20250719-184002.431003207+0800.h5,454;455;456;457;458;459;460;461;462,9,10000,2.0,0.2906667905302982,0.1826634849618063,0.3256857863032523,0.1689743662343685,1.3685499882056555,1699,38.6951686444464,1.0599571510645711,0.1689743662343685,46,False,False
RGM_0339230,2025-07-19 18:47:53.431003207,2025-07-19 18:47:55.431003207,2025-07-19 18:47:54.431003207,2025-07-19 18:47:54,2025-07-19 18:47:00,5,454,3454,ring56,ring,2.0,139.0,120.0,48.0,S2_ring_D2_X139_Y120_Z48,S2_20250719-184002.431003207+0800.h5,450;451;452;453;454;455;456;457;458,9,10000,2.0,0.1967968439975241,0.062349713888314,0.3256857863032523,0.0774579956147717,0.9004622610272759,1700,38.89196548844393,1.1374151466793427,0.0774579956147717,46,False,False
RGM_0339231,2025-07-19 18:47:53.431003207,2025-07-19 18:47:55.431003207,2025-07-19 18:47:54.431003207,2025-07-19 18:47:54,2025-07-19 18:47:00,5,463,3463,ring56andring57,line,2.0,145.0,50.0,40.0,S2_line_D2_X145_Y50_Z40,S2_20250719-184002.431003207+0800.h5,459;460;461;462;463;464;465;466;467,9,10000,2.0,0.1135975642330348,0.0338257997287104,0.3147104656739458,0.0258088131993569,0.6000052524745538,1701,39.00556305267696,1.1632239598786998,0.0258088131993569,48,False,False
RGM_0339232,2025-07-19 18:47:53.431003207,2025-07-19 18:47:55.431003207,2025-07-19 18:47:54.431003207,2025-07-19 18:47:54,2025-07-19 18:47:00,5,455,3455,ring56,ring,2.0,139.0,120.0,48.0,S2_ring_D2_X139_Y120_Z48,S2_20250719-184002.431003207+0800.h5,451;452;453;454;455;456;457;458;459,9,10000,2.0,0.2575352095563818,0.0845289764449633,0.3256857863032523,0.132648768322499,1.0907726417927903,1702,39.26309826223334,1.2958727282011988,0.132648768322499,46,False,False
RGM_0339233,2025-07-19 18:47:53.931003207,2025-07-19 18:47:54.931003207,2025-07-19 18:47:54.431003207,2025-07-19 18:47:54,2025-07-19 18:47:00,5,460,3460,ring56andring57,line,2.0,145.0,110.0,40.0,S2_line_D2_X145_Y110_Z40,S2_20250719-184002.431003207+0800.h5,456;457;458;459;460;461;462;463;464,9,5000,1.0,0.365280268633291,0.0848888367984822,0.3988897217707248,0.1334296746528092,0.9159604917892252,1703,39.62837853086664,1.429302402854008,0.1334296746528092,51,False,False
RGM_0339234,2025-07-19 18:47:53.931003207,2025-07-19 18:47:54.931003207,2025-07-19 18:47:54.431003207,2025-07-19 18:47:54,2025-07-19 18:47:00,5,469,3469,ring57,ring,2.0,151.0,20.0,32.0,S2_ring_D2_X151_Y20_Z32,S2_20250719-184002.431003207+0800.h5,465;466;467;468;469;470;471;472;473,9,5000,1.0,0.0393208917988404,0.027741471484852,0.0516927436606579,0.0015461325318561,0.0137164230998404,1704,39.66769942266547,1.4308485353858642,0.0015461325318561,52,False,False
RGM_0339235,2025-07-19 18:47:53.431003207,2025-07-19 18:47:55.431003207,2025-07-19 18:47:54.431003207,2025-07-19 18:47:54,2025-07-19 18:47:00,5,458,3458,ring56,ring,2.0,139.0,120.0,48.0,S2_ring_D2_X139_Y120_Z48,S2_20250719-184002.431003207+0800.h5,454;455;456;457;458;459;460;461;462,9,10000,2.0,0.2906667905302982,0.1826634849618063,0.3256857863032523,0.1689743662343685,1.3685499882056555,1705,39.95836621319577,1.5998229016202328,0.1689743662343685,46,False,False
RGM_0339239,2025-07-19 18:47:53.931003207,2025-07-19 18:47:54.931003207,2025-07-19 18:47:54.431003207,2025-07-19 18:47:54,2025-07-19 18:47:00,5,85,3085,ring02,ring,80.0,150.0,87.2,20.0,S2_ring_D80_X150_Y87.2_Z20,S2_20250719-184002.431003207+0800.h5,81;82;83;84;85;86;87;88;89,9,5000,1.0,0.0214094877641461,0.0075144857770253,0.0230747712569812,0.0004583661663231,0.0032285131532063,1706,39.97977570095991,1.600281267786556,0.0004583661663231,109,False,False
RGM_0339241,2025-07-19 18:47:53.431003207,2025-07-19 18:47:55.431003207,2025-07-19 18:47:54.431003207,2025-07-19 18:47:54,2025-07-19 18:47:00,5,456,3456,ring56,ring,2.0,139.0,120.0,48.0,S2_ring_D2_X139_Y120_Z48,S2_20250719-184002.431003207+0800.h5,452;453;454;455;456;457;458;459;460,9,10000,2.0,0.2906667905302982,0.1113204534253432,0.3256857863032523,0.1689743662343685,1.2454567123094926,1707,40.27044249149021,1.7692556340209245,0.1689743662343685,46,False,False
RGM_0339242,2025-07-19 18:47:53.931003207,2025-07-19 18:47:54.931003207,2025-07-19 18:47:54.431003207,2025-07-19 18:47:54,2025-07-19 18:47:00,5,459,3459,ring56,ring,2.0,139.0,120.0,48.0,S2_ring_D2_X139_Y120_Z48,S2_20250719-184002.431003207+0800.h5,455;456;457;458;459;460;461;462;463,9,5000,1.0,0.365280268633291,0.145130950301944,0.3988897217707248,0.1334296746528092,1.0072875899404805,1708,40.6357227601235,1.9026853086737336,0.1334296746528092,46,False,False
RGM_0339243,2025-07-19 18:47:53.931003207,2025-07-19 18:47:55.931003207,2025-07-19 18:47:54.481003207,2025-07-19 18:47:54,2025-07-19 18:47:00,5,95,3095,ring04,ring,80.0,150.0,18.4,20.0,S2_ring_D80_X150_Y18.4_Z20,S2_20250719-184002.431003207+0800.h5,91;92;93;94;95;96;97;98;99,9,10000,2.0,0.0131130547555298,0.0088440278421416,0.0155324302657353,0.000343904410043,0.0030004393655606,1709,40.64883581487903,1.9030292130837767,0.000343904410043,103,True,True
RGM_0339246,2025-07-19 18:47:54.181003207,2025-07-19 18:47:55.181003207,2025-07-19 18:47:54.681003207,2025-07-19 18:47:54,2025-07-19 18:47:00,5,471,3471,ring57,ring,2.0,151.0,20.0,32.0,S2_ring_D2_X151_Y20_Z32,S2_20250719-184002.431003207+0800.h5,467;468;469;470;471;472;473;474;475,9,5000,1.0,0.0353166207514375,0.0148100920914174,0.0405398686714448,0.0012472637013008,0.0099466809831369,1710,40.68415243563047,1.9042764767850773,0.0012472637013008,52,False,False
RGM_0339258,2025-07-19 18:47:55.181003207,2025-07-19 18:47:55.381003207,2025-07-19 18:47:55.281003207,2025-07-19 18:47:55,2025-07-19 18:47:00,5,449,3449,ring56,ring,2.0,139.0,120.0,48.0,S2_ring_D2_X139_Y120_Z48,S2_20250719-184002.431003207+0800.h5,445;446;447;448;449;450;451;452;453,9,1000,0.2,0.0162106372755641,0.0061425478791396,0.0624205078122075,5.255695217598186e-05,0.0015666397965125,1711,40.70036307290603,1.9043290337372532,5.255695217598186e-05,46,False,False
RGM_0339271,2025-07-19 18:47:55.831003207,2025-07-19 18:47:55.881003207,2025-07-19 18:47:55.856003207,2025-07-19 18:47:55,2025-07-19 18:47:00,5,451,3451,ring56,ring,2.0,139.0,120.0,48.0,S2_ring_D2_X139_Y120_Z48,S2_20250719-184002.431003207+0800.h5,447;448;449;450;451;452;453;454;455,9,250,0.05,0.0273973610105238,0.0111347993872851,0.0919124234712852,3.753076951704866e-05,0.0008828965283842,1712,40.72776043391655,1.9043665645067704,3.753076951704866e-05,46,False,False
RGM_0339273,2025-07-19 18:47:55.831003207,2025-07-19 18:47:55.881003207,2025-07-19 18:47:55.856003207,2025-07-19 18:47:55,2025-07-19 18:47:00,5,450,3450,ring56,ring,2.0,139.0,120.0,48.0,S2_ring_D2_X139_Y120_Z48,S2_20250719-184002.431003207+0800.h5,446;447;448;449;450;451;452;453;454,9,250,0.05,0.0218305454603014,0.0086571936766822,0.0636808620840365,2.3828635754714443e-05,0.0004642491990838,1713,40.749590979376855,1.9043903931425248,2.3828635754714443e-05,46,False,False
RGM_0339276,2025-07-19 18:47:55.831003207,2025-07-19 18:47:55.931003207,2025-07-19 18:47:55.881003207,2025-07-19 18:47:55,2025-07-19 18:47:00,5,451,3451,ring56,ring,2.0,139.0,120.0,48.0,S2_ring_D2_X139_Y120_Z48,S2_20250719-184002.431003207+0800.h5,447;448;449;450;451;452;453;454;455,9,500,0.1,0.0214183380823455,0.0086811862677862,0.0779992492426843,4.5874520620965184e-05,0.0012288660789024,1714,40.7710093174592,1.904436267663146,4.5874520620965184e-05,46,False,False
RGM_0339277,2025-07-19 18:47:55.856003207,2025-07-19 18:47:55.906003207,2025-07-19 18:47:55.881003207,2025-07-19 18:47:55,2025-07-19 18:47:00,5,490,3490,ring58,ring,2.0,163.0,120.0,16.0,S2_ring_D2_X163_Y120_Z16,S2_20250719-184002.431003207+0800.h5,486;487;488;489;490;491;492;493;494,9,250,0.05,0.0140960718916475,0.0084498060298577,0.0154292781112464,9.934962138724778e-06,8.140495779718761e-05,1715,40.78510538935085,1.9044462026252849,9.934962138724778e-06,58,False,False
RGM_0339278,2025-07-19 18:47:55.931003207,2025-07-19 18:47:55.981003207,2025-07-19 18:47:55.956003207,2025-07-19 18:47:55,2025-07-19 18:47:00,5,488,3488,ring58,ring,2.0,163.0,120.0,16.0,S2_ring_D2_X163_Y120_Z16,S2_20250719-184002.431003207+0800.h5,484;485;486;487;488;489;490;491;492,9,250,0.05,0.0137739174053239,0.0056991406374448,0.014977157887337,9.4860400344343e-06,7.373682644765318e-05,1716,40.79887930675618,1.9044556886653192,9.4860400344343e-06,58,False,False
RGM_0339280,2025-07-19 18:47:55.881003207,2025-07-19 18:47:56.131003207,2025-07-19 18:47:56.031003207,2025-07-19 18:47:56,2025-07-19 18:47:00,5,494,3494,andring58,line,2.0,169.0,70.0,8.0,S2_line_D2_X169_Y70_Z8,S2_20250719-184002.431003207+0800.h5,490;491;492;493;494;495,6,1250,0.25,0.0121548466703998,0.0089582880803019,0.0154098996671779,3.73446942342655e-05,0.0002297195927446,1717,40.811034153426576,1.9044930333595536,3.73446942342655e-05,60,False,False
RGM_0339284,2025-07-19 18:47:56.031003207,2025-07-19 18:47:56.131003207,2025-07-19 18:47:56.081003207,2025-07-19 18:47:56,2025-07-19 18:47:00,5,488,3488,ring58,ring,2.0,163.0,120.0,16.0,S2_ring_D2_X163_Y120_Z16,S2_20250719-184002.431003207+0800.h5,484;485;486;487;488;489;490;491;492,9,500,0.1,0.015301871830272,0.0065323885101347,0.0162684244219043,2.3414728151007422e-05,0.00017347437823,1718,40.82633602525685,1.9045164480877048,2.3414728151007422e-05,58,False,False
RGM_0339285,2025-07-19 18:47:56.081003207,2025-07-19 18:47:56.131003207,2025-07-19 18:47:56.106003207,2025-07-19 18:47:56,2025-07-19 18:47:00,5,489,3489,ring58,ring,2.0,163.0,120.0,16.0,S2_ring_D2_X163_Y120_Z16,S2_20250719-184002.431003207+0800.h5,485;486;487;488;489;490;491;492;493,9,250,0.05,0.0166440159182449,0.0104542131795106,0.0181334004107051,1.3851163294339512e-05,0.0001110728515545,1719,40.842980041175096,1.904530299250999,1.3851163294339512e-05,58,False,False
RGM_0339288,2025-07-19 18:47:56.081003207,2025-07-19 18:47:56.131003207,2025-07-19 18:47:56.106003207,2025-07-19 18:47:56,2025-07-19 18:47:00,5,491,3491,ring58,ring,2.0,163.0,120.0,16.0,S2_ring_D2_X163_Y120_Z16,S2_20250719-184002.431003207+0800.h5,487;488;489;490;491;492;493;494;495,9,250,0.05,0.0166440159182449,0.0094205053762662,0.0181334004107051,1.3851163294339512e-05,0.0001040878341028,1720,40.85962405709334,1.9045441504142933,1.3851163294339512e-05,58,False,False
RGM_0339289,2025-07-19 18:47:56.081003207,2025-07-19 18:47:56.306003207,2025-07-19 18:47:56.256003207,2025-07-19 18:47:56,2025-07-19 18:47:00,5,494,3494,andring58,line,2.0,169.0,70.0,8.0,S2_line_D2_X169_Y70_Z8,S2_20250719-184002.431003207+0800.h5,490;491;492;493;494;495,6,1125,0.225,0.0145721596595357,0.0114474740679711,0.016047307780952,4.788149492075708e-05,0.0002745539251632,1721,40.87419621675288,1.904592031909214,4.788149492075708e-05,60,False,False
RGM_0339290,2025-07-19 18:47:56.181003207,2025-07-19 18:47:56.381003207,2025-07-19 18:47:56.281003207,2025-07-19 18:47:56,2025-07-19 18:47:00,5,488,3488,ring58,ring,2.0,163.0,120.0,16.0,S2_ring_D2_X163_Y120_Z16,S2_20250719-184002.431003207+0800.h5,484;485;486;487;488;489;490;491;492,9,1000,0.2,0.0134265371380139,0.0043032034505985,0.0156930511767914,3.605437990369348e-05,0.0002744737944546,1722,40.887622753890895,1.9046280862891176,3.605437990369348e-05,58,False,False
RGM_0339293,2025-07-19 18:47:56.231003207,2025-07-19 18:47:56.331003207,2025-07-19 18:47:56.281003207,2025-07-19 18:47:56,2025-07-19 18:47:00,5,489,3489,ring58,ring,2.0,163.0,120.0,16.0,S2_ring_D2_X163_Y120_Z16,S2_20250719-184002.431003207+0800.h5,485;486;487;488;489;490;491;492;493,9,500,0.1,0.0169191389230878,0.0061196213272759,0.018520702109398,2.8625726189874467e-05,0.0002099655008526,1723,40.90454189281398,1.9046567120153075,2.8625726189874467e-05,58,False,False
RGM_0339294,2025-07-19 18:47:56.056003207,2025-07-19 18:47:56.556003207,2025-07-19 18:47:56.281003207,2025-07-19 18:47:56,2025-07-19 18:47:00,5,490,3490,ring58,ring,2.0,163.0,120.0,16.0,S2_ring_D2_X163_Y120_Z16,S2_20250719-184002.431003207+0800.h5,486;487;488;489;490;491;492;493;494,9,2500,0.5,0.0132412516652329,0.0094951606012535,0.0143494900392122,8.766537283101723e-05,0.0007382583068525,1724,40.917783144479216,1.9047443773881385,8.766537283101723e-05,58,False,False
RGM_0339295,2025-07-19 18:47:56.231003207,2025-07-19 18:47:56.431003207,2025-07-19 18:47:56.331003207,2025-07-19 18:47:56,2025-07-19 18:47:00,5,490,3490,ring58,ring,2.0,163.0,120.0,16.0,S2_ring_D2_X163_Y120_Z16,S2_20250719-184002.431003207+0800.h5,486;487;488;489;490;491;492;493;494,9,1000,0.2,0.01448369910438,0.0082171578954896,0.0155784490405756,4.19555079492438e-05,0.0003353052836593,1725,40.9322668435836,1.904786332896088,4.19555079492438e-05,58,False,False
RGM_0339302,2025-07-19 18:47:56.381003207,2025-07-19 18:47:56.581003207,2025-07-19 18:47:56.506003207,2025-07-19 18:47:56,2025-07-19 18:47:00,5,488,3488,ring58,ring,2.0,163.0,120.0,16.0,S2_ring_D2_X163_Y120_Z16,S2_20250719-184002.431003207+0800.h5,484;485;486;487;488;489;490;491;492,9,1000,0.2,0.0112380827303314,0.005818411842152,0.0121417012516975,2.525890069075466e-05,0.0001904359011871,1726,40.94350492631393,1.9048115917967785,2.525890069075466e-05,58,False,False
RGM_0339315,2025-07-19 18:47:56.856003207,2025-07-19 18:47:56.981003207,2025-07-19 18:47:56.956003207,2025-07-19 18:47:56,2025-07-19 18:47:00,5,466,3466,ring57,ring,2.0,151.0,20.0,32.0,S2_ring_D2_X151_Y20_Z32,S2_20250719-184002.431003207+0800.h5,462;463;464;465;466;467;468;469;470,9,625,0.125,0.0126737281467094,0.0085331827858032,0.0402955405300774,2.007792314208694e-05,0.0004666489135861,1727,40.95617865446064,1.9048316697199208,2.007792314208694e-05,52,False,False
RGM_0339335,2025-07-19 18:47:57.181003207,2025-07-19 18:47:58.181003207,2025-07-19 18:47:57.681003207,2025-07-19 18:47:57,2025-07-19 18:47:00,5,495,3495,andring58,line,2.0,169.0,50.0,8.0,S2_line_D2_X169_Y50_Z8,S2_20250719-184002.431003207+0800.h5,491;492;493;494;495,5,5000,1.0,0.2345066555055342,0.1942920518824358,0.3091301843841531,0.0549933714763913,0.3056054672438676,1728,41.19068530996617,1.959825041196312,0.0549933714763913,59,False,False
RGM_0339336,2025-07-19 18:47:57.181003207,2025-07-19 18:47:58.181003207,2025-07-19 18:47:57.681003207,2025-07-19 18:47:57,2025-07-19 18:47:00,5,489,3489,ring58,ring,2.0,163.0,120.0,16.0,S2_ring_D2_X163_Y120_Z16,S2_20250719-184002.431003207+0800.h5,485;486;487;488;489;490;491;492;493,9,5000,1.0,0.165779666472355,0.068713239532941,0.2345066555055342,0.0274828978156852,0.2496982247886531,1729,41.35646497643853,1.9873079390119968,0.0274828978156852,58,False,False
RGM_0339338,2025-07-19 18:47:57.181003207,2025-07-19 18:47:58.181003207,2025-07-19 18:47:57.681003207,2025-07-19 18:47:57,2025-07-19 18:47:00,5,490,3490,ring58,ring,2.0,163.0,120.0,16.0,S2_ring_D2_X163_Y120_Z16,S2_20250719-184002.431003207+0800.h5,486;487;488;489;490;491;492;493;494,9,5000,1.0,0.1807269659203166,0.0995723728362119,0.2705536836005879,0.0326622362107633,0.3181760112113888,1730,41.53719194235884,2.019970175222761,0.0326622362107633,58,False,False
RGM_0339349,2025-07-19 18:47:57.731003207,2025-07-19 18:47:57.931003207,2025-07-19 18:47:57.831003207,2025-07-19 18:47:57,2025-07-19 18:47:00,5,495,3495,andring58,line,2.0,169.0,50.0,8.0,S2_line_D2_X169_Y50_Z8,S2_20250719-184002.431003207+0800.h5,491;492;493;494;495,5,1000,0.2,0.4664702292253904,0.3531052378755607,0.608460480726895,0.0435188949507176,0.2335440011437861,1731,42.00366217158423,2.0634890701734783,0.0435188949507176,59,False,False
RGM_0339354,2025-07-19 18:47:57.806003207,2025-07-19 18:47:57.856003207,2025-07-19 18:47:57.831003207,2025-07-19 18:47:57,2025-07-19 18:47:00,5,494,3494,andring58,line,2.0,169.0,70.0,8.0,S2_line_D2_X169_Y70_Z8,S2_20250719-184002.431003207+0800.h5,490;491;492;493;494;495,6,250,0.05,0.6468158607212823,0.467456520873651,0.901555341661478,0.021054987889762,0.1403774498742682,1732,42.65047803230552,2.08454405806324,0.021054987889762,60,False,False
RGM_0339357,2025-07-19 18:47:57.806003207,2025-07-19 18:47:57.906003207,2025-07-19 18:47:57.856003207,2025-07-19 18:47:57,2025-07-19 18:47:00,5,490,3490,ring58,ring,2.0,163.0,120.0,16.0,S2_ring_D2_X163_Y120_Z16,S2_20250719-184002.431003207+0800.h5,486;487;488;489;490;491;492;493;494,9,500,0.1,0.4025216543604448,0.1867494642209607,0.6844745078473148,0.0162023682229069,0.1760146036786019,1733,43.05299968666596,2.1007464262861477,0.0162023682229069,58,False,False
RGM_0339362,2025-07-19 18:47:56.931003207,2025-07-19 18:47:58.931003207,2025-07-19 18:47:57.931003207,2025-07-19 18:47:57,2025-07-19 18:47:00,5,494,3494,andring58,line,2.0,169.0,70.0,8.0,S2_line_D2_X169_Y70_Z8,S2_20250719-184002.431003207+0800.h5,490;491;492;493;494;495,6,10000,2.0,0.1585684396088087,0.1293074928145796,0.220738504507106,0.0504379925918787,0.3447951532472526,1734,43.21156812627476,2.151184418878026,0.0504379925918787,60,False,False
RGM_0339363,2025-07-19 18:47:56.931003207,2025-07-19 18:47:58.931003207,2025-07-19 18:47:57.931003207,2025-07-19 18:47:57,2025-07-19 18:47:00,5,491,3491,ring58,ring,2.0,163.0,120.0,16.0,S2_ring_D2_X163_Y120_Z16,S2_20250719-184002.431003207+0800.h5,487;488;489;490;491;492;493;494;495,9,10000,2.0,0.1388658273974614,0.0908787589025388,0.220738504507106,0.038567436037563,0.412057048724023,1735,43.35043395367222,2.1897518549155888,0.038567436037563,58,False,False
RGM_0339364,2025-07-19 18:47:56.931003207,2025-07-19 18:47:58.931003207,2025-07-19 18:47:57.931003207,2025-07-19 18:47:57,2025-07-19 18:47:00,5,495,3495,andring58,line,2.0,169.0,50.0,8.0,S2_line_D2_X169_Y50_Z8,S2_20250719-184002.431003207+0800.h5,491;492;493;494;495,5,10000,2.0,0.1672313638245071,0.1388658273974614,0.220738504507106,0.0559326580932093,0.3113542978512675,1736,43.51766531749673,2.245684513008798,0.0559326580932093,59,False,False
RGM_0339366,2025-07-19 18:47:56.931003207,2025-07-19 18:47:58.931003207,2025-07-19 18:47:57.931003207,2025-07-19 18:47:57,2025-07-19 18:47:00,5,493,3493,andring58,line,2.0,169.0,90.0,8.0,S2_line_D2_X169_Y90_Z8,S2_20250719-184002.431003207+0800.h5,489;490;491;492;493;494;495,7,10000,2.0,0.1499055153931103,0.1186960333508673,0.220738504507106,0.044943327090548,0.372972649913713,1737,43.66757083288984,2.290627840099346,0.044943327090548,61,False,False
RGM_0339382,2025-07-19 18:47:58.681003207,2025-07-19 18:47:58.731003207,2025-07-19 18:47:58.706003207,2025-07-19 18:47:58,2025-07-19 18:47:00,5,490,3490,ring58,ring,2.0,163.0,120.0,16.0,S2_ring_D2_X163_Y120_Z16,S2_20250719-184002.431003207+0800.h5,486;487;488;489;490;491;492;493;494,9,250,0.05,0.0150113430034604,0.011591472024416,0.0211569592542065,1.1267020938377072e-05,0.0001067264177667,1738,43.682582175893295,2.2906391071202843,1.1267020938377072e-05,58,False,False
RGM_0339384,2025-07-19 18:47:58.681003207,2025-07-19 18:47:58.731003207,2025-07-19 18:47:58.706003207,2025-07-19 18:47:58,2025-07-19 18:47:00,5,489,3489,ring58,ring,2.0,163.0,120.0,16.0,S2_ring_D2_X163_Y120_Z16,S2_20250719-184002.431003207+0800.h5,485;486;487;488;489;490;491;492;493,9,250,0.05,0.014516751365778,0.0105319175386418,0.017037102581285,1.0536803510790914e-05,8.989163587459348e-05,1739,43.69709892725907,2.290649643923795,1.0536803510790914e-05,58,False,False
RGM_0339393,2025-07-19 18:47:58.781003207,2025-07-19 18:47:58.881003207,2025-07-19 18:47:58.831003207,2025-07-19 18:47:58,2025-07-19 18:47:00,5,493,3493,andring58,line,2.0,169.0,90.0,8.0,S2_line_D2_X169_Y90_Z8,S2_20250719-184002.431003207+0800.h5,489;490;491;492;493;494;495,7,500,0.1,0.0158785478166184,0.0130262504205485,0.0254298553261617,2.5212828076463955e-05,0.0002274653310972,1740,43.71297747507569,2.2906748567518718,2.5212828076463955e-05,61,False,False
RGM_0339396,2025-07-19 18:47:58.781003207,2025-07-19 18:47:58.881003207,2025-07-19 18:47:58.831003207,2025-07-19 18:47:58,2025-07-19 18:47:00,5,492,3492,andring58,line,2.0,169.0,110.0,8.0,S2_line_D2_X169_Y110_Z8,S2_20250719-184002.431003207+0800.h5,488;489;490;491;492;493;494;495,8,500,0.1,0.0153164878589796,0.0119098836502489,0.0254298553261617,2.3491071173025277e-05,0.0002416498639534,1741,43.72829396293467,2.2906983478230445,2.3491071173025277e-05,62,False,False
RGM_0339398,2025-07-19 18:47:58.781003207,2025-07-19 18:47:58.881003207,2025-07-19 18:47:58.831003207,2025-07-19 18:47:58,2025-07-19 18:47:00,5,493,3493,andring58,line,2.0,169.0,90.0,8.0,S2_line_D2_X169_Y90_Z8,S2_20250719-184002.431003207+0800.h5,489;490;491;492;493;494;495,7,500,0.1,0.0158785478166184,0.0130262504205485,0.0254298553261617,2.5212828076463955e-05,0.0002274653310972,1742,43.74417251075129,2.290723560651121,2.5212828076463955e-05,61,False,False
RGM_0339400,2025-07-19 18:47:58.731003207,2025-07-19 18:47:58.931003207,2025-07-19 18:47:58.856003207,2025-07-19 18:47:58,2025-07-19 18:47:00,5,489,3489,ring58,ring,2.0,163.0,120.0,16.0,S2_ring_D2_X163_Y120_Z16,S2_20250719-184002.431003207+0800.h5,485;486;487;488;489;490;491;492;493,9,1000,0.2,0.0116788111999675,0.008143016209431,0.0149664407542049,2.727892620889744e-05,0.0002428050754878,1743,43.75585132195126,2.29075083957733,2.727892620889744e-05,58,False,False
RGM_0339403,2025-07-19 18:47:58.831003207,2025-07-19 18:47:59.031003207,2025-07-19 18:47:58.931003207,2025-07-19 18:47:58,2025-07-19 18:47:00,5,488,3488,ring58,ring,2.0,163.0,120.0,16.0,S2_ring_D2_X163_Y120_Z16,S2_20250719-184002.431003207+0800.h5,484;485;486;487;488;489;490;491;492,9,1000,0.2,0.0118642909641204,0.0070121643130706,0.0133193391981233,2.8152280016262236e-05,0.0002281668097168,1744,43.76771561291538,2.290778991857346,2.8152280016262236e-05,58,False,False
RGM_0339406,2025-07-19 18:47:58.806003207,2025-07-19 18:47:59.306003207,2025-07-19 18:47:59.056003207,2025-07-19 18:47:59,2025-07-19 18:47:00,5,488,3488,ring58,ring,2.0,163.0,120.0,16.0,S2_ring_D2_X163_Y120_Z16,S2_20250719-184002.431003207+0800.h5,484;485;486;487;488;489;490;491;492,9,2500,0.5,0.0119388565708502,0.0073882940431735,0.0129570929990887,7.126814810966658e-05,0.0005716251169607,1745,43.77965446948623,2.290850260005456,7.126814810966658e-05,58,False,False
RGM_0339408,2025-07-19 18:47:58.981003207,2025-07-19 18:47:59.181003207,2025-07-19 18:47:59.081003207,2025-07-19 18:47:59,2025-07-19 18:47:00,5,492,3492,andring58,line,2.0,169.0,110.0,8.0,S2_line_D2_X169_Y110_Z8,S2_20250719-184002.431003207+0800.h5,488;489;490;491;492;493;494;495,8,1000,0.2,0.0135403655218481,0.0131006895306735,0.0221695535944282,3.6668338705669206e-05,0.0003732648628619,1746,43.79319483500808,2.290886928344161,3.6668338705669206e-05,62,False,False
RGM_0339410,2025-07-19 18:47:59.056003207,2025-07-19 18:47:59.106003207,2025-07-19 18:47:59.081003207,2025-07-19 18:47:59,2025-07-19 18:47:00,5,492,3492,andring58,line,2.0,169.0,110.0,8.0,S2_line_D2_X169_Y110_Z8,S2_20250719-184002.431003207+0800.h5,488;489;490;491;492;493;494;495,8,250,0.05,0.0149682284734845,0.0138235351970427,0.0210187487236773,1.1202419717059087e-05,0.0001010902477685,1747,43.808163063481565,2.2908981307638787,1.1202419717059087e-05,62,False,False
RGM_0339413,2025-07-19 18:47:58.981003207,2025-07-19 18:47:59.181003207,2025-07-19 18:47:59.081003207,2025-07-19 18:47:59,2025-07-19 18:47:00,5,488,3488,ring58,ring,2.0,163.0,120.0,16.0,S2_ring_D2_X163_Y120_Z16,S2_20250719-184002.431003207+0800.h5,484;485;486;487;488;489;490;491;492,9,1000,0.2,0.0131006895306735,0.0083961947591253,0.0135543320207448,3.432561323582008e-05,0.0002675227105564,1748,43.82126375301224,2.2909324563771145,3.432561323582008e-05,58,False,False
RGM_0339416,2025-07-19 18:47:59.056003207,2025-07-19 18:47:59.156003207,2025-07-19 18:47:59.106003207,2025-07-19 18:47:59,2025-07-19 18:47:00,5,487,3487,ring58,ring,2.0,163.0,120.0,16.0,S2_ring_D2_X163_Y120_Z16,S2_20250719-184002.431003207+0800.h5,483;484;485;486;487;488;489;490;491,9,500,0.1,0.0127105002272029,0.0074104765186128,0.0142666092636523,1.6155681602572683e-05,0.0001322329482363,1749,43.83397425323944,2.290948612058717,1.6155681602572683e-05,58,False,False
RGM_0339418,2025-07-19 18:47:59.056003207,2025-07-19 18:47:59.156003207,2025-07-19 18:47:59.106003207,2025-07-19 18:47:59,2025-07-19 18:47:00,5,488,3488,ring58,ring,2.0,163.0,120.0,16.0,S2_ring_D2_X163_Y120_Z16,S2_20250719-184002.431003207+0800.h5,484;485;486;487;488;489;490;491;492,9,500,0.1,0.0135822671745079,0.0088553555460849,0.0142666092636523,1.8447798159971697e-05,0.0001464572226129,1750,43.847556520413946,2.290967059856877,1.8447798159971697e-05,58,False,False
RGM_0339420,2025-07-19 18:47:59.106003207,2025-07-19 18:47:59.156003207,2025-07-19 18:47:59.131003207,2025-07-19 18:47:59,2025-07-19 18:47:00,5,487,3487,ring58,ring,2.0,163.0,120.0,16.0,S2_ring_D2_X163_Y120_Z16,S2_20250719-184002.431003207+0800.h5,483;484;485;486;487;488;489;490;491,9,250,0.05,0.0127336377529005,0.0081322619288699,0.0135956726021107,8.107276521104646e-06,6.479667065790896e-05,1751,43.86029015816685,2.2909751671333987,8.107276521104646e-06,58,False,False
RGM_0339422,2025-07-19 18:47:59.131003207,2025-07-19 18:47:59.231003207,2025-07-19 18:47:59.206003207,2025-07-19 18:47:59,2025-07-19 18:47:00,5,493,3493,andring58,line,2.0,169.0,90.0,8.0,S2_line_D2_X169_Y90_Z8,S2_20250719-184002.431003207+0800.h5,489;490;491;492;493;494;495,7,500,0.1,0.0132601911322789,0.0123926832501211,0.0231510584228522,1.7583266886456803e-05,0.0001763597869394,1752,43.87355034929913,2.290992750400285,1.7583266886456803e-05,61,False,False
RGM_0339424,2025-07-19 18:47:59.056003207,2025-07-19 18:47:59.556003207,2025-07-19 18:47:59.306003207,2025-07-19 18:47:59,2025-07-19 18:47:00,5,488,3488,ring58,ring,2.0,163.0,120.0,16.0,S2_ring_D2_X163_Y120_Z16,S2_20250719-184002.431003207+0800.h5,484;485;486;487;488;489;490;491;492,9,2500,0.5,0.0116006139263337,0.0071663051021375,0.0121109403318479,6.728712173392373e-05,0.0005266254262615,1753,43.88515096322546,2.291060037522019,6.728712173392373e-05,58,False,False
RGM_0339429,2025-07-19 18:47:59.331003207,2025-07-19 18:47:59.531003207,2025-07-19 18:47:59.481003207,2025-07-19 18:47:59,2025-07-19 18:47:00,5,494,3494,andring58,line,2.0,169.0,70.0,8.0,S2_line_D2_X169_Y70_Z8,S2_20250719-184002.431003207+0800.h5,490;491;492;493;494;495,6,1000,0.2,0.013105961955751,0.0119173845247699,0.0243190571782031,3.452906780412867e-05,0.0003142712795516,1754,43.898256925181215,2.2910945665898232,3.452906780412867e-05,60,False,False
RGM_0339430,2025-07-19 18:47:59.431003207,2025-07-19 18:47:59.531003207,2025-07-19 18:47:59.481003207,2025-07-19 18:47:59,2025-07-19 18:47:00,5,495,3495,andring58,line,2.0,169.0,50.0,8.0,S2_line_D2_X169_Y50_Z8,S2_20250719-184002.431003207+0800.h5,491;492;493;494;495,5,500,0.1,0.0158146882067197,0.0131284341529138,0.028719568145909,2.5010436307576185e-05,0.0001886391305353,1755,43.91407161338793,2.291119577026131,2.5010436307576185e-05,59,False,False
RGM_0339436,2025-07-19 18:47:59.781003207,2025-07-19 18:47:59.831003207,2025-07-19 18:47:59.806003207,2025-07-19 18:47:59,2025-07-19 18:47:00,5,494,3494,andring58,line,2.0,169.0,70.0,8.0,S2_line_D2_X169_Y70_Z8,S2_20250719-184002.431003207+0800.h5,490;491;492;493;494;495,6,250,0.05,0.0078252636037685,0.0068912491445512,0.0098706325328574,3.0701999226538567e-06,1.974362038867513e-05,1756,43.9218968769917,2.2911226472260537,3.0701999226538567e-06,60,False,False
RGM_0339437,2025-07-19 18:47:59.781003207,2025-07-19 18:47:59.831003207,2025-07-19 18:47:59.806003207,2025-07-19 18:47:59,2025-07-19 18:47:00,5,495,3495,andring58,line,2.0,169.0,50.0,8.0,S2_line_D2_X169_Y50_Z8,S2_20250719-184002.431003207+0800.h5,491;492;493;494;495,5,250,0.05,0.0074138660045871,0.0068912491445512,0.0098706325328574,2.748270456698681e-06,1.63514910000661e-05,1757,43.92931074299629,2.2911253954965103,2.748270456698681e-06,59,False,False
RGM_0339494,2025-07-19 18:48:05.656003207,2025-07-19 18:48:07.031003207,2025-07-19 18:48:05.706003207,2025-07-19 18:48:05,2025-07-19 18:48:00,5,89,3089,ring03,ring,80.0,150.0,52.8,20.0,S2_ring_D80_X150_Y52.8_Z20,S2_20250719-184002.431003207+0800.h5,85;86;87;88;89;90;91;92;93,9,6875,1.375,0.0099292594865359,0.0065712987943654,0.0110833016055283,0.0001355615166825,0.0011495217485388,1758,43.939240002482826,2.291260957013193,0.0001355615166825,106,False,False
RGM_0339560,2025-07-19 18:48:10.681003207,2025-07-19 18:48:11.081003207,2025-07-19 18:48:11.056003207,2025-07-19 18:48:11,2025-07-19 18:48:00,5,380,3380,ring51andring52,line,2.0,80.0,20.0,98.0,S2_line_D2_X80_Y20_Z98,S2_20250719-184002.431003207+0800.h5,376;377;378;379;380;381;382;383;384,9,2000,0.4,0.0086535915045478,0.004278658109129,0.0094249998253863,2.995385837103308e-05,0.0002149645045023,1759,43.947893593987374,2.291290910871564,2.995385837103308e-05,17,False,False
RGM_0339561,2025-07-19 18:48:11.056003207,2025-07-19 18:48:11.156003207,2025-07-19 18:48:11.081003207,2025-07-19 18:48:11,2025-07-19 18:48:00,5,375,3375,ring51,ring,2.0,60.0,20.0,98.0,S2_ring_D2_X60_Y20_Z98,S2_20250719-184002.431003207+0800.h5,371;372;373;374;375;376;377;378;379,9,500,0.1,0.0136711641090241,0.0062308098395293,0.017140142867252,1.869007280958693e-05,0.0001557064610154,1760,43.9615647580964,2.2913096009443734,1.869007280958693e-05,11,False,False
RGM_0339612,2025-07-19 18:48:15.381003207,2025-07-19 18:48:15.431003207,2025-07-19 18:48:15.406003207,2025-07-19 18:48:15,2025-07-19 18:48:00,5,376,3376,ring51,ring,2.0,60.0,20.0,98.0,S2_ring_D2_X60_Y20_Z98,S2_20250719-184002.431003207+0800.h5,372;373;374;375;376;377;378;379;380,9,250,0.05,0.019754799223026,0.0080572089778355,0.0231950953100442,1.9512604617103575e-05,0.0001545098181602,1761,43.98131955731942,2.2913291135489904,1.9512604617103575e-05,11,False,False
RGM_0339613,2025-07-19 18:48:15.381003207,2025-07-19 18:48:15.431003207,2025-07-19 18:48:15.406003207,2025-07-19 18:48:15,2025-07-19 18:48:00,5,380,3380,ring51andring52,line,2.0,80.0,20.0,98.0,S2_line_D2_X80_Y20_Z98,S2_20250719-184002.431003207+0800.h5,376;377;378;379;380;381;382;383;384,9,250,0.05,0.019754799223026,0.004513961180991,0.0231950953100442,1.9512604617103575e-05,0.0001401085944572,1762,44.001074356542446,2.291348626153608,1.9512604617103575e-05,17,False,False
RGM_0339614,2025-07-19 18:48:15.381003207,2025-07-19 18:48:15.481003207,2025-07-19 18:48:15.431003207,2025-07-19 18:48:15,2025-07-19 18:48:00,5,378,3378,ring51,ring,2.0,60.0,20.0,98.0,S2_ring_D2_X60_Y20_Z98,S2_20250719-184002.431003207+0800.h5,374;375;376;377;378;379;380;381;382,9,500,0.1,0.0251916326756095,0.0117234322451334,0.0298332260401858,6.346183568628404e-05,0.0005395611822321,1763,44.02626598921805,2.2914120879892934,6.346183568628404e-05,11,False,False
RGM_0339631,2025-07-19 18:48:16.981003207,2025-07-19 18:48:17.281003207,2025-07-19 18:48:17.106003207,2025-07-19 18:48:17,2025-07-19 18:48:00,5,87,3087,ring02andring03,line,80.0,150.0,80.0,20.0,S2_line_D80_X150_Y80_Z20,S2_20250719-184002.431003207+0800.h5,83;84;85;86;87;88;89;90;91,9,1500,0.3,0.0121678605149085,0.0047596892062466,0.0147349977180205,4.441704885308108e-05,0.0003517299547248,1764,44.03843384973296,2.2914565050381466,4.441704885308108e-05,108,False,False
RGM_0339748,2025-07-19 18:48:27.856003207,2025-07-19 18:48:28.406003207,2025-07-19 18:48:28.381003207,2025-07-19 18:48:28,2025-07-19 18:48:00,5,380,3380,ring51andring52,line,2.0,80.0,20.0,98.0,S2_line_D2_X80_Y20_Z98,S2_20250719-184002.431003207+0800.h5,376;377;378;379;380;381;382;383;384,9,2750,0.55,0.0074926095894149,0.0043560354492491,0.0082871895976922,3.0876559152666104e-05,0.0002402768392182,1765,44.04592645932237,2.291487381597299,3.0876559152666104e-05,17,False,False
RGM_0339749,2025-07-19 18:48:28.356003207,2025-07-19 18:48:28.431003207,2025-07-19 18:48:28.406003207,2025-07-19 18:48:28,2025-07-19 18:48:00,5,379,3379,ring51,ring,2.0,60.0,20.0,98.0,S2_ring_D2_X60_Y20_Z98,S2_20250719-184002.431003207+0800.h5,375;376;377;378;379;380;381;382;383,9,375,0.075,0.0148892494874288,0.0047882115537776,0.0167953667359043,1.6626731272417528e-05,0.0001274104976715,1766,44.060815708809805,2.291504008328572,1.6626731272417528e-05,11,False,False
RGM_0339750,2025-07-19 18:48:28.181003207,2025-07-19 18:48:29.181003207,2025-07-19 18:48:28.406003207,2025-07-19 18:48:28,2025-07-19 18:48:00,5,381,3381,ring51andring52,line,2.0,80.0,40.0,98.0,S2_line_D2_X80_Y40_Z98,S2_20250719-184002.431003207+0800.h5,377;378;379;380;381;382;383;384;385,9,5000,1.0,0.0108439920472822,0.0046636044897995,0.0153547982374685,0.0001175921635215,0.0011107954168965,1767,44.07165970085709,2.291621600492093,0.0001175921635215,18,False,False
RGM_0339767,2025-07-19 18:48:29.606003207,2025-07-19 18:48:30.331003207,2025-07-19 18:48:30.231003207,2025-07-19 18:48:30,2025-07-19 18:48:00,5,380,3380,ring51andring52,line,2.0,80.0,20.0,98.0,S2_line_D2_X80_Y20_Z98,S2_20250719-184002.431003207+0800.h5,376;377;378;379;380;381;382;383;384,9,3625,0.725,0.0085639348811075,0.0044099690779959,0.0094109645331477,5.317221096969117e-05,0.0003849846606812,1768,44.0802236357382,2.291674772703063,5.317221096969117e-05,17,False,False
RGM_0339769,2025-07-19 18:48:30.231003207,2025-07-19 18:48:30.331003207,2025-07-19 18:48:30.281003207,2025-07-19 18:48:30,2025-07-19 18:48:00,5,379,3379,ring51,ring,2.0,60.0,20.0,98.0,S2_ring_D2_X60_Y20_Z98,S2_20250719-184002.431003207+0800.h5,375;376;377;378;379;380;381;382;383,9,500,0.1,0.0148456514001937,0.0047133867947851,0.0169938412634227,2.2039336549607403e-05,0.0001709295079197,1769,44.0950692871384,2.2916968120396124,2.2039336549607403e-05,11,False,False
RGM_0339773,2025-07-19 18:48:30.281003207,2025-07-19 18:48:30.606003207,2025-07-19 18:48:30.331003207,2025-07-19 18:48:30,2025-07-19 18:48:00,5,380,3380,ring51andring52,line,2.0,80.0,20.0,98.0,S2_line_D2_X80_Y20_Z98,S2_20250719-184002.431003207+0800.h5,376;377;378;379;380;381;382;383;384,9,1625,0.325,0.0080317163403412,0.0045038902687744,0.0087946484670159,2.0965251895803868e-05,0.0001564125461795,1770,44.103101003478734,2.2917177772915083,2.0965251895803868e-05,17,False,False
RGM_0339786,2025-07-19 18:48:30.931003207,2025-07-19 18:48:31.131003207,2025-07-19 18:48:31.031003207,2025-07-19 18:48:31,2025-07-19 18:48:00,5,89,3089,ring03,ring,80.0,150.0,52.8,20.0,S2_ring_D80_X150_Y52.8_Z20,S2_20250719-184002.431003207+0800.h5,85;86;87;88;89;90;91;92;93,9,1000,0.2,0.0119397247811564,0.0066454930773212,0.0142035637648768,2.8511405569952187e-05,0.0002435000404311,1771,44.11504072825989,2.291746288697078,2.8511405569952187e-05,106,False,False
RGM_0339814,2025-07-19 18:48:32.706003207,2025-07-19 18:48:32.856003207,2025-07-19 18:48:32.781003207,2025-07-19 18:48:32,2025-07-19 18:48:00,5,89,3089,ring03,ring,80.0,150.0,52.8,20.0,S2_ring_D80_X150_Y52.8_Z20,S2_20250719-184002.431003207+0800.h5,85;86;87;88;89;90;91;92;93,9,750,0.15,0.0120587328178434,0.0064433373240835,0.0144953482758551,2.1811955575820347e-05,0.0001933609140026,1772,44.12709946107773,2.291768100652654,2.1811955575820347e-05,106,False,False
RGM_0339815,2025-07-19 18:48:33.331003207,2025-07-19 18:48:33.531003207,2025-07-19 18:48:33.431003207,2025-07-19 18:48:33,2025-07-19 18:48:00,5,381,3381,ring51andring52,line,2.0,80.0,40.0,98.0,S2_line_D2_X80_Y40_Z98,S2_20250719-184002.431003207+0800.h5,377;378;379;380;381;382;383;384;385,9,1000,0.2,0.0134589604345325,0.0045114788719427,0.0191317533963293,3.622872319566248e-05,0.0003361298572283,1773,44.14055842151227,2.2918043293758497,3.622872319566248e-05,18,False,False
RGM_0339901,2025-07-19 18:48:40.681003207,2025-07-19 18:48:41.681003207,2025-07-19 18:48:41.456003207,2025-07-19 18:48:41,2025-07-19 18:48:00,5,380,3380,ring51andring52,line,2.0,80.0,20.0,98.0,S2_line_D2_X80_Y20_Z98,S2_20250719-184002.431003207+0800.h5,376;377;378;379;380;381;382;383;384,9,5000,1.0,0.0099671310023979,0.0044100439973661,0.0110226493428873,9.934370041896304e-05,0.0007072717395814,1774,44.150525552514665,2.2919036730762685,9.934370041896304e-05,17,False,False
RGM_0339903,2025-07-19 18:48:41.431003207,2025-07-19 18:48:41.556003207,2025-07-19 18:48:41.506003207,2025-07-19 18:48:41,2025-07-19 18:48:00,5,379,3379,ring51,ring,2.0,60.0,20.0,98.0,S2_ring_D2_X60_Y20_Z98,S2_20250719-184002.431003207+0800.h5,375;376;377;378;379;380;381;382;383,9,625,0.125,0.0163307119675106,0.0050665581124202,0.0184416128600982,3.3336519170724465e-05,0.0002551375089448,1775,44.16685626448218,2.2919370095954394,3.3336519170724465e-05,11,False,False
RGM_0339904,2025-07-19 18:48:41.456003207,2025-07-19 18:48:41.556003207,2025-07-19 18:48:41.531003207,2025-07-19 18:48:41,2025-07-19 18:48:00,5,377,3377,ring51,ring,2.0,60.0,20.0,98.0,S2_ring_D2_X60_Y20_Z98,S2_20250719-184002.431003207+0800.h5,373;374;375;376;377;378;379;380;381,9,500,0.1,0.0180682833146082,0.0078170549863494,0.0204546621581022,3.264628619369517e-05,0.000256919464375,1776,44.18492454779678,2.291969655881633,3.264628619369517e-05,11,False,False
RGM_0339905,2025-07-19 18:48:41.181003207,2025-07-19 18:48:42.181003207,2025-07-19 18:48:41.556003207,2025-07-19 18:48:41,2025-07-19 18:48:00,5,380,3380,ring51andring52,line,2.0,80.0,20.0,98.0,S2_line_D2_X80_Y20_Z98,S2_20250719-184002.431003207+0800.h5,376;377;378;379;380;381;382;383;384,9,5000,1.0,0.0112144749214174,0.0044282740540605,0.0126778201369154,0.0001257644477631,0.0009056799369791,1777,44.1961390227182,2.292095420329396,0.0001257644477631,17,False,False
RGM_0340024,2025-07-19 18:48:51.331003207,2025-07-19 18:48:51.531003207,2025-07-19 18:48:51.431003207,2025-07-19 18:48:51,2025-07-19 18:48:00,5,375,3375,ring51,ring,2.0,60.0,20.0,98.0,S2_ring_D2_X60_Y20_Z98,S2_20250719-184002.431003207+0800.h5,371;372;373;374;375;376;377;378;379,9,1000,0.2,0.0158782491816324,0.006205074135151,0.0203363439641144,5.042375941480203e-05,0.0004188185436412,1778,44.21201727189983,2.292145844088811,5.042375941480203e-05,11,False,False
RGM_0340051,2025-07-19 18:48:53.831003207,2025-07-19 18:48:53.956003207,2025-07-19 18:48:53.931003207,2025-07-19 18:48:53,2025-07-19 18:48:00,5,380,3380,ring51andring52,line,2.0,80.0,20.0,98.0,S2_line_D2_X80_Y20_Z98,S2_20250719-184002.431003207+0800.h5,376;377;378;379;380;381;382;383;384,9,625,0.125,0.0191785923222436,0.0046718479381786,0.0220764393494006,4.5977300432852814e-05,0.0003212855164065,1779,44.23119586422207,2.292191821389244,4.5977300432852814e-05,17,False,False
RGM_0340069,2025-07-19 18:48:57.556003207,2025-07-19 18:48:58.231003207,2025-07-19 18:48:57.631003207,2025-07-19 18:48:57,2025-07-19 18:48:00,5,380,3380,ring51andring52,line,2.0,80.0,20.0,98.0,S2_line_D2_X80_Y20_Z98,S2_20250719-184002.431003207+0800.h5,376;377;378;379;380;381;382;383;384,9,3375,0.675,0.0085318826978912,0.0037435286732574,0.0096862352297537,4.913529010013925e-05,0.0003578547421076,1780,44.23972774691996,2.292240956679344,4.913529010013925e-05,17,False,False
RGM_0340172,2025-07-19 18:49:11.281003207,2025-07-19 18:49:11.331003207,2025-07-19 18:49:11.306003207,2025-07-19 18:49:11,2025-07-19 18:49:00,5,381,3381,ring51andring52,line,2.0,80.0,40.0,98.0,S2_line_D2_X80_Y40_Z98,S2_20250719-184002.431003207+0800.h5,377;378;379;380;381;382;383;384;385,9,250,0.05,0.0114208631193407,0.0042466816962819,0.0163932946310126,6.521805719535882e-06,6.17078011077723e-05,1781,44.2511486100393,2.2922474784850637,6.521805719535882e-06,18,False,False
RGM_0340286,2025-07-19 18:49:29.356003207,2025-07-19 18:49:29.406003207,2025-07-19 18:49:29.381003207,2025-07-19 18:49:29,2025-07-19 18:49:00,6,379,3379,ring51,ring,2.0,60.0,20.0,98.0,S2_ring_D2_X60_Y20_Z98,S2_20250719-184002.431003207+0800.h5,375;376;377;378;379;380;381;382;383,9,250,0.05,0.0145981363401392,0.0044601599045303,0.0170310787662291,1.06552792302647e-05,8.598582530673842e-05,1782,44.26574674637944,2.2922581337642933,1.06552792302647e-05,11,False,False
RGM_0340287,2025-07-19 18:49:29.406003207,2025-07-19 18:49:29.456003207,2025-07-19 18:49:29.431003207,2025-07-19 18:49:29,2025-07-19 18:49:00,6,379,3379,ring51,ring,2.0,60.0,20.0,98.0,S2_ring_D2_X60_Y20_Z98,S2_20250719-184002.431003207+0800.h5,375;376;377;378;379;380;381;382;383,9,250,0.05,0.0132490325147651,0.004033416092868,0.0156309643928401,8.77684312886519e-06,7.175601736297137e-05,1783,44.278995778894206,2.292266910607422,8.77684312886519e-06,11,False,False
RGM_0340306,2025-07-19 18:49:33.081003207,2025-07-19 18:49:33.931003207,2025-07-19 18:49:33.656003207,2025-07-19 18:49:33,2025-07-19 18:49:00,6,89,3089,ring03,ring,80.0,150.0,52.8,20.0,S2_ring_D80_X150_Y52.8_Z20,S2_20250719-184002.431003207+0800.h5,85;86;87;88;89;90;91;92;93,9,4250,0.85,0.0076781391428355,0.0047971408048297,0.0088297880559389,5.011074759223144e-05,0.0004009519721599,1784,44.28667391803704,2.2923170213550144,5.011074759223144e-05,106,False,False
RGM_0340322,2025-07-19 18:49:35.931003207,2025-07-19 18:49:36.931003207,2025-07-19 18:49:36.431003207,2025-07-19 18:49:36,2025-07-19 18:49:00,6,85,3085,ring02,ring,80.0,150.0,87.2,20.0,S2_ring_D80_X150_Y87.2_Z20,S2_20250719-184002.431003207+0800.h5,81;82;83;84;85;86;87;88;89,9,5000,1.0,0.0354968578093163,0.0072762975560128,0.04425709009813,0.0012600269143348,0.0100296439654231,1785,44.32217077584635,2.2935770482693494,0.0012600269143348,109,False,False
RGM_0340323,2025-07-19 18:49:36.181003207,2025-07-19 18:49:36.681003207,2025-07-19 18:49:36.431003207,2025-07-19 18:49:36,2025-07-19 18:49:00,6,82,3082,ring01andring02,line,80.0,150.0,114.4,20.0,S2_line_D80_X150_Y114.4_Z20,S2_20250719-184002.431003207+0800.h5,79;80;81;82;83;84;85;86,8,2500,0.5,0.0232242997269222,0.0044978552453207,0.0565622106274455,0.0002845393487076,0.0042789500692169,1786,44.34539507557327,2.293861587618057,0.0002845393487076,111,False,False
RGM_0340324,2025-07-19 18:49:36.056003207,2025-07-19 18:49:36.681003207,2025-07-19 18:49:36.431003207,2025-07-19 18:49:36,2025-07-19 18:49:00,6,85,3085,ring02,ring,80.0,150.0,87.2,20.0,S2_ring_D80_X150_Y87.2_Z20,S2_20250719-184002.431003207+0800.h5,81;82;83;84;85;86;87;88;89,9,3125,0.625,0.0446054667440412,0.008584534699075,0.0558233223165593,0.0012435297896586,0.009913216009695,1787,44.39000054231731,2.2951051174077155,0.0012435297896586,109,False,False
RGM_0340325,2025-07-19 18:49:36.381003207,2025-07-19 18:49:36.581003207,2025-07-19 18:49:36.481003207,2025-07-19 18:49:36,2025-07-19 18:49:00,6,89,3089,ring03,ring,80.0,150.0,52.8,20.0,S2_ring_D80_X150_Y52.8_Z20,S2_20250719-184002.431003207+0800.h5,85;86;87;88;89;90;91;92;93,9,1000,0.2,0.0846871975955832,0.0348850594628216,0.0980896842897521,0.0014343842873186,0.0113811020618057,1788,44.474687739912895,2.296539501695034,0.0014343842873186,106,False,False
RGM_0340327,2025-07-19 18:49:36.506003207,2025-07-19 18:49:36.556003207,2025-07-19 18:49:36.531003207,2025-07-19 18:49:36,2025-07-19 18:49:00,6,80,3080,ring01,ring,80.0,150.0,121.6,20.0,S2_ring_D80_X150_Y121.6_Z20,S2_20250719-184002.431003207+0800.h5,79;80;81;82;83;84,6,250,0.05,0.0389139586897199,0.0076397011804596,0.122779974733927,8.462757962186987e-05,0.001308275065653,1789,44.51360169860261,2.296624129274656,8.462757962186987e-05,112,False,False
RGM_0340329,2025-07-19 18:49:36.431003207,2025-07-19 18:49:36.631003207,2025-07-19 18:49:36.531003207,2025-07-19 18:49:36,2025-07-19 18:49:00,6,83,3083,ring01andring02,line,80.0,150.0,94.4,20.0,S2_line_D80_X150_Y94.4_Z20,S2_20250719-184002.431003207+0800.h5,79;80;81;82;83;84;85;86;87,9,1000,0.2,0.0445074908435113,0.0051873495273476,0.0955097289773173,0.000396183348237,0.0060124415278023,1790,44.55810918944613,2.2970203126228927,0.000396183348237,110,False,False
RGM_0340331,2025-07-19 18:49:36.431003207,2025-07-19 18:49:36.631003207,2025-07-19 18:49:36.531003207,2025-07-19 18:49:36,2025-07-19 18:49:00,6,87,3087,ring02andring03,line,80.0,150.0,80.0,20.0,S2_line_D80_X150_Y80_Z20,S2_20250719-184002.431003207+0800.h5,83;84;85;86;87;88;89;90;91,9,1000,0.2,0.08482037829807,0.0445074908435113,0.0982313706896477,0.0014388993149255,0.011899193111373,1791,44.6429295677442,2.298459211937818,0.0014388993149255,108,False,False
RGM_0340333,2025-07-19 18:49:36.481003207,2025-07-19 18:49:36.581003207,2025-07-19 18:49:36.531003207,2025-07-19 18:49:36,2025-07-19 18:49:00,6,89,3089,ring03,ring,80.0,150.0,52.8,20.0,S2_ring_D80_X150_Y52.8_Z20,S2_20250719-184002.431003207+0800.h5,85;86;87;88;89;90;91;92;93,9,500,0.1,0.1196752696742197,0.0491182415215878,0.1385759085731752,0.0014322170171597,0.0113503780776372,1792,44.762604837418415,2.299891428954978,0.0014322170171597,106,False,False
RGM_0340337,2025-07-19 18:49:36.506003207,2025-07-19 18:49:36.556003207,2025-07-19 18:49:36.531003207,2025-07-19 18:49:36,2025-07-19 18:49:00,6,83,3083,ring01andring02,line,80.0,150.0,94.4,20.0,S2_line_D80_X150_Y94.4_Z20,S2_20250719-184002.431003207+0800.h5,79;80;81;82;83;84;85;86;87,9,250,0.05,0.0866313702709251,0.0076397011804596,0.1878248067827775,0.0003752497157509,0.0057786618916723,1793,44.84923620768934,2.3002666786707286,0.0003752497157509,110,False,False
RGM_0340339,2025-07-19 18:49:36.431003207,2025-07-19 18:49:36.631003207,2025-07-19 18:49:36.531003207,2025-07-19 18:49:36,2025-07-19 18:49:00,6,86,3086,ring02,ring,80.0,150.0,87.2,20.0,S2_ring_D80_X150_Y87.2_Z20,S2_20250719-184002.431003207+0800.h5,82;83;84;85;86;87;88;89;90,9,1000,0.2,0.08482037829807,0.0270927951392859,0.0982313706896477,0.0014388993149255,0.0111560311859559,1794,44.934056585987406,2.301705577985654,0.0014388993149255,109,False,False
RGM_0340341,2025-07-19 18:49:36.431003207,2025-07-19 18:49:36.631003207,2025-07-19 18:49:36.531003207,2025-07-19 18:49:36,2025-07-19 18:49:00,6,84,3084,ring02,ring,80.0,150.0,87.2,20.0,S2_ring_D80_X150_Y87.2_Z20,S2_20250719-184002.431003207+0800.h5,80;81;82;83;84;85;86;87;88,9,1000,0.2,0.0627391126342329,0.0069113064879864,0.0982313706896477,0.0007872392508261,0.0079369402462919,1795,44.99679569862164,2.30249281723648,0.0007872392508261,109,False,False
RGM_0340346,2025-07-19 18:49:36.506003207,2025-07-19 18:49:36.606003207,2025-07-19 18:49:36.556003207,2025-07-19 18:49:36,2025-07-19 18:49:00,6,91,3091,ring03,ring,80.0,150.0,52.8,20.0,S2_ring_D80_X150_Y52.8_Z20,S2_20250719-184002.431003207+0800.h5,87;88;89;90;91;92;93;94;95,9,500,0.1,0.0940420276364929,0.0374183244451325,0.1385276011906709,0.0008843902961982,0.0088655404973168,1796,45.09083772625813,2.3033772075326784,0.0008843902961982,106,False,False
RGM_0340347,2025-07-19 18:49:36.506003207,2025-07-19 18:49:36.606003207,2025-07-19 18:49:36.556003207,2025-07-19 18:49:36,2025-07-19 18:49:00,6,89,3089,ring03,ring,80.0,150.0,52.8,20.0,S2_ring_D80_X150_Y52.8_Z20,S2_20250719-184002.431003207+0800.h5,85;86;87;88;89;90;91;92;93,9,500,0.1,0.1196411578480389,0.0491078900166047,0.1385276011906709,0.0014314006651219,0.0113421834902905,1797,45.210478884106166,2.3048086081978005,0.0014314006651219,106,False,False
RGM_0340348,2025-07-19 18:49:36.306003207,2025-07-19 18:49:36.806003207,2025-07-19 18:49:36.556003207,2025-07-19 18:49:36,2025-07-19 18:49:00,6,89,3089,ring03,ring,80.0,150.0,52.8,20.0,S2_ring_D80_X150_Y52.8_Z20,S2_20250719-184002.431003207+0800.h5,85;86;87;88;89;90;91;92;93,9,2500,0.5,0.053784649232208,0.022419072673289,0.0622946374539353,0.0014463942465158,0.0115036571100241,1798,45.26426353333837,2.3062550024443165,0.0014463942465158,106,False,False
RGM_0340349,2025-07-19 18:49:36.506003207,2025-07-19 18:49:36.606003207,2025-07-19 18:49:36.556003207,2025-07-19 18:49:36,2025-07-19 18:49:00,6,92,3092,ring03andring04,line,80.0,150.0,45.6,20.0,S2_line_D80_X150_Y45.6_Z20,S2_20250719-184002.431003207+0800.h5,88;89;90;91;92;93;94;95;96,9,500,0.1,0.0670850842233663,0.0344158356964246,0.1385276011906709,0.0004500408525256,0.0071707095653051,1799,45.33134861756174,2.306705043296842,0.0004500408525256,105,False,False
RGM_0340355,2025-07-19 18:49:35.931003207,2025-07-19 18:49:37.931003207,2025-07-19 18:49:36.931003207,2025-07-19 18:49:36,2025-07-19 18:49:00,6,92,3092,ring03andring04,line,80.0,150.0,45.6,20.0,S2_line_D80_X150_Y45.6_Z20,S2_20250719-184002.431003207+0800.h5,88;89;90;91;92;93;94;95;96,9,10000,2.0,0.0156906124715922,0.0085697821169885,0.0314432548579251,0.0004923906394673,0.0075526570761343,1800,45.34703923003333,2.307197433936309,0.0004923906394673,105,False,False
RGM_0340361,2025-07-19 18:49:37.956003207,2025-07-19 18:49:38.006003207,2025-07-19 18:49:37.981003207,2025-07-19 18:49:37,2025-07-19 18:49:00,6,89,3089,ring03,ring,80.0,150.0,52.8,20.0,S2_ring_D80_X150_Y52.8_Z20,S2_20250719-184002.431003207+0800.h5,85;86;87;88;89;90;91;92;93,9,250,0.05,0.0072902636166571,0.0043417565006417,0.0087682605738945,2.6573971800177577e-06,2.3390874018157563e-05,1801,45.35432949364999,2.3072000913334896,2.6573971800177577e-06,106,False,False
RGM_0340833,2025-07-19 18:50:53.081199404,2025-07-19 18:50:53.131199404,2025-07-19 18:50:53.106199404,2025-07-19 18:50:53,2025-07-19 18:50:00,6,379,3379,ring51,ring,2.0,60.0,20.0,98.0,S2_ring_D2_X60_Y20_Z98,S2_20250719-185002.431199404+0800.h5,375;376;377;378;379;380;381;382;383,9,250,0.05,0.0181718512618596,0.0047294889357573,0.0208587236149669,1.6510808914157476e-05,0.0001269430750051,1802,45.37250134491185,2.307216602142404,1.6510808914157476e-05,11,False,False
RGM_0340854,2025-07-19 18:50:55.681199404,2025-07-19 18:50:55.731199404,2025-07-19 18:50:55.706199404,2025-07-19 18:50:55,2025-07-19 18:50:00,6,379,3379,ring51,ring,2.0,60.0,20.0,98.0,S2_ring_D2_X60_Y20_Z98,S2_20250719-185002.431199404+0800.h5,375;376;377;378;379;380;381;382;383,9,250,0.05,0.016393331626858,0.0042521163918147,0.0185464265574623,1.3437066091407224e-05,0.0001019042536703,1803,45.38889467653871,2.3072300392084952,1.3437066091407224e-05,11,False,False
RGM_0340926,2025-07-19 18:51:04.906199404,2025-07-19 18:51:05.006199404,2025-07-19 18:51:04.931199404,2025-07-19 18:51:04,2025-07-19 18:51:00,6,379,3379,ring51,ring,2.0,60.0,20.0,98.0,S2_ring_D2_X60_Y20_Z98,S2_20250719-185002.431199404+0800.h5,375;376;377;378;379;380;381;382;383,9,500,0.1,0.0194676176844568,0.0071477599476414,0.0217764439196299,3.789881383081776e-05,0.0002972512012178,1804,45.40836229422317,2.307267938022326,3.789881383081776e-05,11,False,False
RGM_0340970,2025-07-19 18:51:12.006199404,2025-07-19 18:51:12.056199404,2025-07-19 18:51:12.031199404,2025-07-19 18:51:12,2025-07-19 18:51:00,6,379,3379,ring51,ring,2.0,60.0,20.0,98.0,S2_ring_D2_X60_Y20_Z98,S2_20250719-185002.431199404+0800.h5,375;376;377;378;379;380;381;382;383,9,250,0.05,0.0120768728088893,0.0058876505990844,0.0133281382389103,7.292542842104517e-06,5.758987084150118e-05,1805,45.42043916703206,2.307275230565168,7.292542842104517e-06,11,False,False
RGM_0341275,2025-07-19 18:52:00.806199404,2025-07-19 18:52:00.856199404,2025-07-19 18:52:00.831199404,2025-07-19 18:52:00,2025-07-19 18:52:00,6,379,3379,ring51,ring,2.0,60.0,20.0,98.0,S2_ring_D2_X60_Y20_Z98,S2_20250719-185002.431199404+0800.h5,375;376;377;378;379;380;381;382;383,9,250,0.05,0.0142265913343375,0.005379779036497,0.0157644911735215,1.01197950497124e-05,7.476094526592648e-05,1806,45.43466575836639,2.307285350360217,1.01197950497124e-05,11,False,False
RGM_0341330,2025-07-19 18:52:07.931199404,2025-07-19 18:52:10.431199404,2025-07-19 18:52:09.106199404,2025-07-19 18:52:09,2025-07-19 18:52:00,6,388,3388,ring52,ring,2.0,80.0,120.0,98.0,S2_ring_D2_X80_Y120_Z98,S2_20250719-185002.431199404+0800.h5,384;385;386;387;388;389;390;391;392,9,12500,2.5,0.0066820268234206,0.0041327767123402,0.0093057612988948,0.0001116237061722,0.001100991896038,1807,45.44134778518981,2.30739697406639,0.0001116237061722,22,False,False
RGM_0341404,2025-07-19 18:52:20.506199404,2025-07-19 18:52:20.556199404,2025-07-19 18:52:20.531199404,2025-07-19 18:52:20,2025-07-19 18:52:00,6,488,3488,ring58,ring,2.0,163.0,120.0,16.0,S2_ring_D2_X163_Y120_Z16,S2_20250719-185002.431199404+0800.h5,484;485;486;487;488;489;490;491;492,9,250,0.05,0.0184758655740005,0.0074670277133751,0.0232669299157463,1.7067880435426887e-05,0.0001365070770112,1808,45.459823650763816,2.307414041946825,1.7067880435426887e-05,58,False,False
RGM_0341410,2025-07-19 18:52:21.731199404,2025-07-19 18:52:21.781199404,2025-07-19 18:52:21.756199404,2025-07-19 18:52:21,2025-07-19 18:52:00,6,379,3379,ring51,ring,2.0,60.0,20.0,98.0,S2_ring_D2_X60_Y20_Z98,S2_20250719-185002.431199404+0800.h5,375;376;377;378;379;380;381;382;383,9,250,0.05,0.0136767896278055,0.0049679999294364,0.0152632410850376,9.352728726162465e-06,7.079165966299526e-05,1809,45.473500440391625,2.307423394675552,9.352728726162465e-06,11,False,False
RGM_0341462,2025-07-19 18:52:30.606199404,2025-07-19 18:52:30.656199404,2025-07-19 18:52:30.631199404,2025-07-19 18:52:30,2025-07-19 18:52:00,6,379,3379,ring51,ring,2.0,60.0,20.0,98.0,S2_ring_D2_X60_Y20_Z98,S2_20250719-185002.431199404+0800.h5,375;376;377;378;379;380;381;382;383,9,250,0.05,0.0132301439356748,0.0046925836719673,0.0147302034012221,8.751835427933705e-06,6.522086832571559e-05,1810,45.4867305843273,2.3074321465109797,8.751835427933705e-06,11,False,False
RGM_0341464,2025-07-19 18:52:30.656199404,2025-07-19 18:52:30.706199404,2025-07-19 18:52:30.681199404,2025-07-19 18:52:30,2025-07-19 18:52:00,6,379,3379,ring51,ring,2.0,60.0,20.0,98.0,S2_ring_D2_X60_Y20_Z98,S2_20250719-185002.431199404+0800.h5,375;376;377;378;379;380;381;382;383,9,250,0.05,0.0121702736633679,0.0045031513958992,0.0132908857376208,7.405778052063325e-06,5.246558368089528e-05,1811,45.49890085799066,2.3074395522890314,7.405778052063325e-06,11,False,False
RGM_0341489,2025-07-19 18:52:34.656199404,2025-07-19 18:52:34.706199404,2025-07-19 18:52:34.681199404,2025-07-19 18:52:34,2025-07-19 18:52:00,6,379,3379,ring51,ring,2.0,60.0,20.0,98.0,S2_ring_D2_X60_Y20_Z98,S2_20250719-185002.431199404+0800.h5,375;376;377;378;379;380;381;382;383,9,250,0.05,0.0130680198573345,0.0042311564936873,0.0144112282634202,8.538657149584476e-06,6.199903768986355e-05,1812,45.511968877848,2.307448090946181,8.538657149584476e-06,11,False,False
RGM_0341505,2025-07-19 18:52:37.381199404,2025-07-19 18:52:37.431199404,2025-07-19 18:52:37.406199404,2025-07-19 18:52:37,2025-07-19 18:52:00,6,379,3379,ring51,ring,2.0,60.0,20.0,98.0,S2_ring_D2_X60_Y20_Z98,S2_20250719-185002.431199404+0800.h5,375;376;377;378;379;380;381;382;383,9,250,0.05,0.0143358027110153,0.0043058611361843,0.0156321561751801,1.0275761968457806e-05,7.167549279263766e-05,1813,45.526304680559015,2.3074583667081496,1.0275761968457806e-05,11,False,False
RGM_0341590,2025-07-19 18:52:49.756199404,2025-07-19 18:52:49.806199404,2025-07-19 18:52:49.781199404,2025-07-19 18:52:49,2025-07-19 18:52:00,6,378,3378,ring51,ring,2.0,60.0,20.0,98.0,S2_ring_D2_X60_Y20_Z98,S2_20250719-185002.431199404+0800.h5,374;375;376;377;378;379;380;381;382,9,250,0.05,0.0148024728949074,0.0059550117324913,0.0167398297414738,1.095566019022347e-05,8.229480625104358e-05,1814,45.54110715345392,2.30746932236834,1.095566019022347e-05,11,False,False
RGM_0341596,2025-07-19 18:52:50.556199404,2025-07-19 18:52:50.656199404,2025-07-19 18:52:50.581199404,2025-07-19 18:52:50,2025-07-19 18:52:00,6,478,3478,ring57andring58,line,2.0,157.0,70.0,24.0,S2_line_D2_X157_Y70_Z24,S2_20250719-185002.431199404+0800.h5,474;475;476;477;478;479;480;481;482,9,500,0.1,0.0083320232002992,0.0059767693317707,0.0100096934955033,6.942261061032524e-06,6.435521803486736e-05,1815,45.54943917665422,2.307476264629401,6.942261061032524e-06,55,False,False
RGM_0341953,2025-07-19 18:53:45.806199404,2025-07-19 18:53:45.856199404,2025-07-19 18:53:45.831199404,2025-07-19 18:53:45,2025-07-19 18:53:00,6,379,3379,ring51,ring,2.0,60.0,20.0,98.0,S2_ring_D2_X60_Y20_Z98,S2_20250719-185002.431199404+0800.h5,375;376;377;378;379;380;381;382;383,9,250,0.05,0.0148555008889848,0.004136956686015,0.016990816826111,1.1034295333131414e-05,7.963869806222018e-05,1816,45.5642946775432,2.307487298924734,1.1034295333131414e-05,11,False,False
RGM_0342312,2025-07-19 18:54:38.856199404,2025-07-19 18:54:38.906199404,2025-07-19 18:54:38.881199404,2025-07-19 18:54:38,2025-07-19 18:54:00,6,379,3379,ring51,ring,2.0,60.0,20.0,98.0,S2_ring_D2_X60_Y20_Z98,S2_20250719-185002.431199404+0800.h5,375;376;377;378;379;380;381;382;383,9,250,0.05,0.0132491940415825,0.0042348018142287,0.0152225469985058,8.777057137575386e-06,6.420702257696505e-05,1817,45.57754387158479,2.3074960759818715,8.777057137575386e-06,11,False,False
RGM_0342333,2025-07-19 18:54:41.431199404,2025-07-19 18:54:41.481199404,2025-07-19 18:54:41.456199404,2025-07-19 18:54:41,2025-07-19 18:54:00,6,379,3379,ring51,ring,2.0,60.0,20.0,98.0,S2_ring_D2_X60_Y20_Z98,S2_20250719-185002.431199404+0800.h5,375;376;377;378;379;380;381;382;383,9,250,0.05,0.0156535283188882,0.0036553501667691,0.0178883919755589,1.225164744151178e-05,8.683133961504606e-05,1818,45.59319739990367,2.307508327629313,1.225164744151178e-05,11,False,False
RGM_0342398,2025-07-19 18:54:50.481199404,2025-07-19 18:54:50.781199404,2025-07-19 18:54:50.506199404,2025-07-19 18:54:50,2025-07-19 18:54:00,6,270,3270,ring38andring39,line,20.0,90.0,60.0,80.0,S2_line_D20_X90_Y60_Z80,S2_20250719-185002.431199404+0800.h5,266;267;268;269;270;271;272;273;274,9,1500,0.3,0.00705380184975,0.0044859628621249,0.0077768372758302,1.4926836160661168e-05,0.0001214053669981,1819,45.60025120175342,2.3075232544654734,1.4926836160661168e-05,87,False,False
RGM_0342507,2025-07-19 18:54:51.431199404,2025-07-19 18:54:52.431199404,2025-07-19 18:54:51.931199404,2025-07-19 18:54:51,2025-07-19 18:54:00,6,269,3269,ring38,ring,20.0,90.0,52.8,80.0,S2_ring_D20_X90_Y52.8_Z80,S2_20250719-185002.431199404+0800.h5,265;266;267;268;269;270;271;272;273,9,5000,1.0,0.019338506661352,0.0123840783927716,0.0237835967749819,0.0003739778398911,0.0032589384217553,1820,45.61958970841477,2.3078972323053644,0.0003739778398911,86,False,False
RGM_0342509,2025-07-19 18:54:50.931199404,2025-07-19 18:54:53.431199404,2025-07-19 18:54:51.931199404,2025-07-19 18:54:51,2025-07-19 18:54:00,6,267,3267,ring38,ring,20.0,90.0,52.8,80.0,S2_ring_D20_X90_Y52.8_Z80,S2_20250719-185002.431199404+0800.h5,263;264;265;266;267;268;269;270;271,9,12500,2.5,0.0142090675739049,0.0100906926859412,0.0158368985527578,0.0005047440032994,0.0042614029298331,1821,45.63379877598868,2.308401976308664,0.0005047440032994,86,False,False
RGM_0342513,2025-07-19 18:54:52.806199404,2025-07-19 18:54:52.856199404,2025-07-19 18:54:52.831199404,2025-07-19 18:54:52,2025-07-19 18:54:00,6,488,3488,ring58,ring,2.0,163.0,120.0,16.0,S2_ring_D2_X163_Y120_Z16,S2_20250719-185002.431199404+0800.h5,484;485;486;487;488;489;490;491;492,9,250,0.05,0.0193126703156765,0.0031203980691785,0.0216652784394291,1.864896173610072e-05,0.0001261490312877,1822,45.65311144630436,2.3084206252704003,1.864896173610072e-05,58,False,False
RGM_0342515,2025-07-19 18:54:53.231199404,2025-07-19 18:54:53.281199404,2025-07-19 18:54:53.256199404,2025-07-19 18:54:53,2025-07-19 18:54:00,6,270,3270,ring38andring39,line,20.0,90.0,60.0,80.0,S2_line_D20_X90_Y60_Z80,S2_20250719-185002.431199404+0800.h5,266;267;268;269;270;271;272;273;274,9,250,0.05,0.0077726379747685,0.0044707338854821,0.0105938895232835,3.0206950543406942e-06,2.8878055289337897e-05,1823,45.660884084279125,2.308423645965455,3.0206950543406942e-06,87,False,False
RGM_0342662,2025-07-19 18:55:14.831199404,2025-07-19 18:55:14.881199404,2025-07-19 18:55:14.856199404,2025-07-19 18:55:14,2025-07-19 18:55:00,6,379,3379,ring51,ring,2.0,60.0,20.0,98.0,S2_ring_D2_X60_Y20_Z98,S2_20250719-185002.431199404+0800.h5,375;376;377;378;379;380;381;382;383,9,250,0.05,0.0130361213208298,0.0041980011809173,0.0147527206258917,8.497022954569731e-06,6.42293077011693e-05,1824,45.67392020559996,2.3084321429884094,8.497022954569731e-06,11,False,False
RGM_0342692,2025-07-19 18:55:18.481199404,2025-07-19 18:55:18.581199404,2025-07-19 18:55:18.556199404,2025-07-19 18:55:18,2025-07-19 18:55:00,6,92,3092,ring03andring04,line,80.0,150.0,45.6,20.0,S2_line_D80_X150_Y45.6_Z20,S2_20250719-185002.431199404+0800.h5,88;89;90;91;92;93;94;95;96,9,500,0.1,0.0094767587906855,0.0050071750654712,0.0101588471282525,8.980895717683507e-06,6.842524488029716e-05,1825,45.68339696439064,2.308441123884127,8.980895717683507e-06,105,False,False
RGM_0342711,2025-07-19 18:55:21.506199404,2025-07-19 18:55:21.606199404,2025-07-19 18:55:21.531199404,2025-07-19 18:55:21,2025-07-19 18:55:00,6,379,3379,ring51,ring,2.0,60.0,20.0,98.0,S2_ring_D2_X60_Y20_Z98,S2_20250719-185002.431199404+0800.h5,375;376;377;378;379;380;381;382;383,9,500,0.1,0.0121121092513892,0.0044959452954062,0.0140233504045478,1.4670319051758796e-05,0.0001171271273418,1826,45.69550907364203,2.3084557942031787,1.4670319051758796e-05,11,False,False
RGM_0342716,2025-07-19 18:55:22.156199404,2025-07-19 18:55:22.206199404,2025-07-19 18:55:22.181199404,2025-07-19 18:55:22,2025-07-19 18:55:00,6,379,3379,ring51,ring,2.0,60.0,20.0,98.0,S2_ring_D2_X60_Y20_Z98,S2_20250719-185002.431199404+0800.h5,375;376;377;378;379;380;381;382;383,9,250,0.05,0.012474230313649,0.004424736720241,0.0144286623168592,7.780321095898017e-06,6.135511640703341e-05,1827,45.70798330395568,2.3084635745242745,7.780321095898017e-06,11,False,False
RGM_0342728,2025-07-19 18:55:24.881199404,2025-07-19 18:55:24.931199404,2025-07-19 18:55:24.906199404,2025-07-19 18:55:24,2025-07-19 18:55:00,6,379,3379,ring51,ring,2.0,60.0,20.0,98.0,S2_ring_D2_X60_Y20_Z98,S2_20250719-185002.431199404+0800.h5,375;376;377;378;379;380;381;382;383,9,250,0.05,0.0127541744673845,0.0043609777931765,0.0145196719737952,8.133448317224193e-06,6.229461709950707e-05,1828,45.72073747842306,2.308471707972592,8.133448317224193e-06,11,False,False
RGM_0342921,2025-07-19 18:55:54.931199404,2025-07-19 18:55:54.981199404,2025-07-19 18:55:54.956199404,2025-07-19 18:55:54,2025-07-19 18:55:00,6,379,3379,ring51,ring,2.0,60.0,20.0,98.0,S2_ring_D2_X60_Y20_Z98,S2_20250719-185002.431199404+0800.h5,375;376;377;378;379;380;381;382;383,9,250,0.05,0.0148487596237306,0.0048071665117967,0.0170147430990033,1.1024283118166604e-05,8.666918050829743e-05,1829,45.73558623804679,2.30848273225571,1.1024283118166604e-05,11,False,False
RGM_0343063,2025-07-19 18:56:16.656199404,2025-07-19 18:56:16.781199404,2025-07-19 18:56:16.756199404,2025-07-19 18:56:16,2025-07-19 18:56:00,6,379,3379,ring51,ring,2.0,60.0,20.0,98.0,S2_ring_D2_X60_Y20_Z98,S2_20250719-185002.431199404+0800.h5,375;376;377;378;379;380;381;382;383,9,625,0.125,0.0157866712068187,0.0036507606110977,0.0174408901000605,3.1152373474024834e-05,0.000213237580097,1830,45.75137290925361,2.308513884629184,3.1152373474024834e-05,11,False,False
RGM_0343076,2025-07-19 18:56:18.906199404,2025-07-19 18:56:19.156199404,2025-07-19 18:56:18.981199404,2025-07-19 18:56:18,2025-07-19 18:56:00,6,484,3484,ring58,ring,2.0,163.0,120.0,16.0,S2_ring_D2_X163_Y120_Z16,S2_20250719-185002.431199404+0800.h5,480;481;482;483;484;485;486;487;488,9,1250,0.25,0.0122144823250674,0.006676398000675,0.0144761337886773,3.729839461734657e-05,0.0003001103521002,1831,45.76358739157868,2.308551183023801,3.729839461734657e-05,58,False,False
RGM_0343109,2025-07-19 18:56:23.581199404,2025-07-19 18:56:24.306199404,2025-07-19 18:56:23.656199404,2025-07-19 18:56:23,2025-07-19 18:56:00,6,379,3379,ring51,ring,2.0,60.0,20.0,98.0,S2_ring_D2_X60_Y20_Z98,S2_20250719-185002.431199404+0800.h5,375;376;377;378;379;380;381;382;383,9,3625,0.725,0.0085861868894512,0.0032178315118799,0.0095853693809323,5.3448888842924034e-05,0.0003814558928144,1832,45.77217357846813,2.3086046319126443,5.3448888842924034e-05,11,False,False
RGM_0343138,2025-07-19 18:56:28.306199404,2025-07-19 18:56:28.356199404,2025-07-19 18:56:28.331199404,2025-07-19 18:56:28,2025-07-19 18:56:00,6,379,3379,ring51,ring,2.0,60.0,20.0,98.0,S2_ring_D2_X60_Y20_Z98,S2_20250719-185002.431199404+0800.h5,375;376;377;378;379;380;381;382;383,9,250,0.05,0.0138094703609198,0.003699624508436,0.015882630069039,9.535073582456168e-06,6.854481871436021e-05,1833,45.78598304882905,2.3086141669862266,9.535073582456168e-06,11,False,False
RGM_0343158,2025-07-19 18:56:31.706199404,2025-07-19 18:56:31.756199404,2025-07-19 18:56:31.731199404,2025-07-19 18:56:31,2025-07-19 18:56:00,6,379,3379,ring51,ring,2.0,60.0,20.0,98.0,S2_ring_D2_X60_Y20_Z98,S2_20250719-185002.431199404+0800.h5,375;376;377;378;379;380;381;382;383,9,250,0.05,0.0136082053522754,0.0038184013172021,0.0157814819339469,9.259162645484858e-06,6.753055404054051e-05,1834,45.79959125418133,2.308623426148872,9.259162645484858e-06,11,False,False
RGM_0343192,2025-07-19 18:56:36.506199404,2025-07-19 18:56:36.556199404,2025-07-19 18:56:36.531199404,2025-07-19 18:56:36,2025-07-19 18:56:00,6,379,3379,ring51,ring,2.0,60.0,20.0,98.0,S2_ring_D2_X60_Y20_Z98,S2_20250719-185002.431199404+0800.h5,375;376;377;378;379;380;381;382;383,9,250,0.05,0.0135811552605819,0.0034040898896445,0.0156092356017781,9.222388910601608e-06,6.57679964020928e-05,1835,45.81317240944191,2.308632648537783,9.222388910601608e-06,11,False,False
RGM_0343208,2025-07-19 18:56:39.306199404,2025-07-19 18:56:39.356199404,2025-07-19 18:56:39.331199404,2025-07-19 18:56:39,2025-07-19 18:56:00,6,379,3379,ring51,ring,2.0,60.0,20.0,98.0,S2_ring_D2_X60_Y20_Z98,S2_20250719-185002.431199404+0800.h5,375;376;377;378;379;380;381;382;383,9,250,0.05,0.0131429889959632,0.0035486938491093,0.0146722728664754,8.636907987400575e-06,5.997843970997894e-05,1836,45.82631539843788,2.3086412854457703,8.636907987400575e-06,11,False,False
RGM_0343392,2025-07-19 18:57:06.806199404,2025-07-19 18:57:06.856199404,2025-07-19 18:57:06.831199404,2025-07-19 18:57:06,2025-07-19 18:57:00,6,378,3378,ring51,ring,2.0,60.0,20.0,98.0,S2_ring_D2_X60_Y20_Z98,S2_20250719-185002.431199404+0800.h5,374;375;376;377;378;379;380;381;382,9,250,0.05,0.017947609564793,0.0059491540496926,0.0216475781339001,1.6105834454512534e-05,0.0001279429078045,1837,45.84426300800267,2.308657391280225,1.6105834454512534e-05,11,False,False
RGM_0343412,2025-07-19 18:57:09.281199404,2025-07-19 18:57:09.331199404,2025-07-19 18:57:09.306199404,2025-07-19 18:57:09,2025-07-19 18:57:00,6,489,3489,ring58,ring,2.0,163.0,120.0,16.0,S2_ring_D2_X163_Y120_Z16,S2_20250719-185002.431199404+0800.h5,485;486;487;488;489;490;491;492;493,9,250,0.05,0.0204167401036831,0.0034526767581991,0.0230483317443846,2.0842163823067177e-05,0.0001366847679198,1838,45.864679748106354,2.308678233444048,2.0842163823067177e-05,58,False,False
RGM_0343565,2025-07-19 18:57:31.981199404,2025-07-19 18:57:32.106199404,2025-07-19 18:57:32.081199404,2025-07-19 18:57:32,2025-07-19 18:57:00,6,379,3379,ring51,ring,2.0,60.0,20.0,98.0,S2_ring_D2_X60_Y20_Z98,S2_20250719-185002.431199404+0800.h5,375;376;377;378;379;380;381;382;383,9,625,0.125,0.0165865260465909,0.0042670916477692,0.0194121804875965,3.43891057867799e-05,0.0002521370256127,1839,45.88126627415294,2.3087126225498347,3.43891057867799e-05,11,False,False
RGM_0343666,2025-07-19 18:57:50.356199404,2025-07-19 18:57:50.406199404,2025-07-19 18:57:50.381199404,2025-07-19 18:57:50,2025-07-19 18:57:00,6,378,3378,ring51,ring,2.0,60.0,20.0,98.0,S2_ring_D2_X60_Y20_Z98,S2_20250719-185002.431199404+0800.h5,374;375;376;377;378;379;380;381;382,9,250,0.05,0.0177739534171796,0.0055961373763881,0.0220561387450063,1.579567100380354e-05,0.000129041710754,1840,45.89904022757012,2.3087284182208383,1.579567100380354e-05,11,False,False
RGM_0343740,2025-07-19 18:58:02.481199404,2025-07-19 18:58:02.531199404,2025-07-19 18:58:02.506199404,2025-07-19 18:58:02,2025-07-19 18:58:00,6,378,3378,ring51,ring,2.0,60.0,20.0,98.0,S2_ring_D2_X60_Y20_Z98,S2_20250719-185002.431199404+0800.h5,374;375;376;377;378;379;380;381;382,9,250,0.05,0.0133028177742236,0.0050558654887698,0.0156499942128726,8.848248036710055e-06,6.937723866618727e-05,1841,45.91234304534434,2.3087372664688752,8.848248036710055e-06,11,False,False
RGM_0343904,2025-07-19 18:58:31.956199404,2025-07-19 18:58:32.156199404,2025-07-19 18:58:31.981199404,2025-07-19 18:58:31,2025-07-19 18:58:00,6,431,3431,ring54andring55,line,2.0,121.0,50.0,72.0,S2_line_D2_X121_Y50_Z72,S2_20250719-185002.431199404+0800.h5,427;428;429;430;431;432;433;434;435,9,1000,0.2,0.0155800532088608,0.0090117188259576,0.0183042946530835,4.854761159818703e-05,0.0004225134135715,1842,45.9279230985532,2.3087858140804736,4.854761159818703e-05,36,False,False
RGM_0344703,2025-07-19 19:00:44.831387448,2025-07-19 19:00:44.881387448,2025-07-19 19:00:44.856387448,2025-07-19 19:00:44,2025-07-19 19:00:00,6,378,3378,ring51,ring,2.0,60.0,20.0,98.0,S2_ring_D2_X60_Y20_Z98,S2_20250719-190002.431387448+0800.h5,374;375;376;377;378;379;380;381;382,9,250,0.05,0.0133281291911509,0.0066263671071602,0.0143698236525796,8.881951386800465e-06,6.602909391733031e-05,1843,45.94125122774435,2.3087946960318604,8.881951386800465e-06,11,False,False
RGM_0344759,2025-07-19 19:00:54.631387448,2025-07-19 19:00:54.681387448,2025-07-19 19:00:54.656387448,2025-07-19 19:00:54,2025-07-19 19:00:00,6,378,3378,ring51,ring,2.0,60.0,20.0,98.0,S2_ring_D2_X60_Y20_Z98,S2_20250719-190002.431387448+0800.h5,374;375;376;377;378;379;380;381;382,9,250,0.05,0.0137879847507986,0.0061585043271544,0.0155720960573558,9.505426174412812e-06,7.201369343540421e-05,1844,45.95503921249515,2.308804201458035,9.505426174412812e-06,11,False,False
RGM_0345696,2025-07-19 19:03:16.156387448,2025-07-19 19:03:16.281387448,2025-07-19 19:03:16.181387448,2025-07-19 19:03:16,2025-07-19 19:03:00,6,378,3378,ring51,ring,2.0,60.0,20.0,98.0,S2_ring_D2_X60_Y20_Z98,S2_20250719-190002.431387448+0800.h5,374;375;376;377;378;379;380;381;382,9,625,0.125,0.0128801445608613,0.004161910806378,0.014548157329353,2.073726548858564e-05,0.0001515780467526,1845,45.96791935705601,2.308824938723524,2.073726548858564e-05,11,False,False
RGM_0347961,2025-07-19 19:09:28.431387448,2025-07-19 19:09:28.481387448,2025-07-19 19:09:28.456387448,2025-07-19 19:09:28,2025-07-19 19:09:00,6,379,3379,ring51,ring,2.0,60.0,20.0,98.0,S2_ring_D2_X60_Y20_Z98,S2_20250719-190002.431387448+0800.h5,375;376;377;378;379;380;381;382;383,9,250,0.05,0.0116823310361805,0.0064616504965401,0.0135197742060785,6.823842921945384e-06,5.592076636847369e-05,1846,45.9796016880922,2.3088317625664456,6.823842921945384e-06,11,False,False
RGM_0348300,2025-07-19 19:10:36.571628744,2025-07-19 19:10:36.621628744,2025-07-19 19:10:36.596628744,2025-07-19 19:10:36,2025-07-19 19:10:00,6,480,3480,ring57andring58,line,2.0,157.0,110.0,24.0,S2_line_D2_X157_Y110_Z24,S2_20250719-191001.421628744+0800.h5,476;477;478;479;480;481;482;483;484,9,250,0.05,0.0126662233524324,0.0035973440746522,0.0152326702348446,8.021660700685245e-06,6.230315299226541e-05,1847,45.99226791144463,2.308839784227146,8.021660700685245e-06,57,False,False
RGM_0348318,2025-07-19 19:10:39.121628744,2025-07-19 19:10:41.371628744,2025-07-19 19:10:39.296628744,2025-07-19 19:10:39,2025-07-19 19:10:00,6,479,3479,ring57andring58,line,2.0,157.0,90.0,24.0,S2_line_D2_X157_Y90_Z24,S2_20250719-191001.421628744+0800.h5,475;476;477;478;479;480;481;482;483,9,11250,2.25,0.0072363539775396,0.0046810410363745,0.0099997901472365,0.0001178208424985,0.0011289045317502,1848,45.99950426542217,2.308957605069645,0.0001178208424985,56,False,False
RGM_0348427,2025-07-19 19:10:57.171628744,2025-07-19 19:10:58.171628744,2025-07-19 19:10:57.971628744,2025-07-19 19:10:57,2025-07-19 19:10:00,6,375,3375,ring51,ring,2.0,60.0,20.0,98.0,S2_ring_D2_X60_Y20_Z98,S2_20250719-191001.421628744+0800.h5,371;372;373;374;375;376;377;378;379,9,5000,1.0,0.0129308264209653,0.005053623459403,0.0148361714800443,0.0001672062719291,0.0012196459889282,1849,46.01243509184313,2.309124811341574,0.0001672062719291,11,False,False
RGM_0348513,2025-07-19 19:11:14.171628744,2025-07-19 19:11:14.221628744,2025-07-19 19:11:14.196628744,2025-07-19 19:11:14,2025-07-19 19:11:00,6,375,3375,ring51,ring,2.0,60.0,20.0,98.0,S2_ring_D2_X60_Y20_Z98,S2_20250719-191001.421628744+0800.h5,371;372;373;374;375;376;377;378;379,9,250,0.05,0.0194885927690738,0.0055398020998273,0.0210579389306353,1.8990262405939828e-05,0.000125075190591,1850,46.0319236846122,2.3091438016039803,1.8990262405939828e-05,11,False,False
RGM_0348758,2025-07-19 19:11:52.796628744,2025-07-19 19:11:53.396628744,2025-07-19 19:11:53.371628744,2025-07-19 19:11:53,2025-07-19 19:11:00,6,375,3375,ring51,ring,2.0,60.0,20.0,98.0,S2_ring_D2_X60_Y20_Z98,S2_20250719-191001.421628744+0800.h5,371;372;373;374;375;376;377;378;379,9,3000,0.6,0.0112154274206975,0.0045343016405454,0.0126577586265927,7.547148733736035e-05,0.000538570064618,1851,46.0431391120329,2.3092192730913177,7.547148733736035e-05,11,False,False
RGM_0348783,2025-07-19 19:11:57.196628744,2025-07-19 19:11:57.271628744,2025-07-19 19:11:57.246628744,2025-07-19 19:11:57,2025-07-19 19:11:00,6,375,3375,ring51,ring,2.0,60.0,20.0,98.0,S2_ring_D2_X60_Y20_Z98,S2_20250719-191001.421628744+0800.h5,371;372;373;374;375;376;377;378;379,9,375,0.075,0.0175590251805911,0.0064200777266475,0.0198457454303939,2.3123952396947472e-05,0.0001642157512898,1852,46.060698137213485,2.3092423970437146,2.3123952396947472e-05,11,False,False
RGM_0348876,2025-07-19 19:12:09.171628744,2025-07-19 19:12:11.896628744,2025-07-19 19:12:10.596628744,2025-07-19 19:12:10,2025-07-19 19:12:00,6,480,3480,ring57andring58,line,2.0,157.0,110.0,24.0,S2_line_D2_X157_Y110_Z24,S2_20250719-191001.421628744+0800.h5,476;477;478;479;480;481;482;483;484,9,13625,2.725,0.0118789844819398,0.0048461693246559,0.0162284024937671,0.0003845254920779,0.0035122138425242,1853,46.072577121695424,2.3096269225357924,0.0003845254920779,57,False,False
RGM_0350133,2025-07-19 19:14:39.371628744,2025-07-19 19:14:39.421628744,2025-07-19 19:14:39.396628744,2025-07-19 19:14:39,2025-07-19 19:14:00,6,374,3374,ring51,ring,2.0,60.0,20.0,98.0,S2_ring_D2_X60_Y20_Z98,S2_20250719-191001.421628744+0800.h5,370;371;372;373;374;375;376;377;378,9,250,0.05,0.0193532622157394,0.0096023665097259,0.0223802450935803,1.8727437919558498e-05,0.0001462054871756,1854,46.09193038391116,2.309645649973712,1.8727437919558498e-05,11,False,False
RGM_0350568,2025-07-19 19:16:12.746628744,2025-07-19 19:16:12.796628744,2025-07-19 19:16:12.771628744,2025-07-19 19:16:12,2025-07-19 19:16:00,6,377,3377,ring51,ring,2.0,60.0,20.0,98.0,S2_ring_D2_X60_Y20_Z98,S2_20250719-191001.421628744+0800.h5,373;374;375;376;377;378;379;380;381,9,250,0.05,0.0161682657862469,0.0058808863870099,0.0196057699892008,1.3070640926736196e-05,0.0001063097030932,1855,46.10809864969741,2.309658720614639,1.3070640926736196e-05,11,False,False
RGM_0350715,2025-07-19 19:16:39.996628744,2025-07-19 19:16:40.046628744,2025-07-19 19:16:40.021628744,2025-07-19 19:16:40,2025-07-19 19:16:00,6,375,3375,ring51,ring,2.0,60.0,20.0,98.0,S2_ring_D2_X60_Y20_Z98,S2_20250719-191001.421628744+0800.h5,371;372;373;374;375;376;377;378;379,9,250,0.05,0.019675269810011,0.0107817563751831,0.0222871044804475,1.935581210483662e-05,0.0001583242574091,1856,46.12777391950742,2.3096780764267435,1.935581210483662e-05,11,False,False
RGM_0350736,2025-07-19 19:16:42.696628744,2025-07-19 19:16:42.746628744,2025-07-19 19:16:42.721628744,2025-07-19 19:16:42,2025-07-19 19:16:00,6,375,3375,ring51,ring,2.0,60.0,20.0,98.0,S2_ring_D2_X60_Y20_Z98,S2_20250719-191001.421628744+0800.h5,371;372;373;374;375;376;377;378;379,9,250,0.05,0.0172321467056047,0.0100142349346289,0.0194723157012332,1.484734400417426e-05,0.000123303826437,1857,46.14500606621302,2.3096929237707475,1.484734400417426e-05,11,False,False
RGM_0351077,2025-07-19 19:17:46.646628744,2025-07-19 19:17:46.696628744,2025-07-19 19:17:46.671628744,2025-07-19 19:17:46,2025-07-19 19:17:00,6,377,3377,ring51,ring,2.0,60.0,20.0,98.0,S2_ring_D2_X60_Y20_Z98,S2_20250719-191001.421628744+0800.h5,373;374;375;376;377;378;379;380;381,9,250,0.05,0.0160081463468962,0.0065041256255836,0.0229011948843994,1.2813037473182364e-05,0.0001226234794048,1858,46.16101421255992,2.3097057368082208,1.2813037473182364e-05,11,False,False
RGM_0351110,2025-07-19 19:17:49.771628744,2025-07-19 19:17:49.821628744,2025-07-19 19:17:49.796628744,2025-07-19 19:17:49,2025-07-19 19:17:00,6,375,3375,ring51,ring,2.0,60.0,20.0,98.0,S2_ring_D2_X60_Y20_Z98,S2_20250719-191001.421628744+0800.h5,371;372;373;374;375;376;377;378;379,9,250,0.05,0.0192265570370239,0.0104515574133483,0.0216479686108996,1.848302477489676e-05,0.0001446955844006,1859,46.18024076959694,2.3097242198329955,1.848302477489676e-05,11,False,False
RGM_0351122,2025-07-19 19:17:51.121628744,2025-07-19 19:17:51.171628744,2025-07-19 19:17:51.146628744,2025-07-19 19:17:51,2025-07-19 19:17:00,6,495,3495,andring58,line,2.0,169.0,50.0,8.0,S2_line_D2_X169_Y50_Z8,S2_20250719-191001.421628744+0800.h5,491;492;493;494;495,5,250,0.05,0.0091542680669603,0.0073058649604492,0.0099953445211568,4.1900311920885e-06,2.001841894280774e-05,1860,46.1893950376639,2.309728409864188,4.1900311920885e-06,59,False,False
RGM_0351411,2025-07-19 19:18:49.546628744,2025-07-19 19:18:49.596628744,2025-07-19 19:18:49.571628744,2025-07-19 19:18:49,2025-07-19 19:18:00,6,377,3377,ring51,ring,2.0,60.0,20.0,98.0,S2_ring_D2_X60_Y20_Z98,S2_20250719-191001.421628744+0800.h5,373;374;375;376;377;378;379;380;381,9,250,0.05,0.0157751264864204,0.0077040885162172,0.0185566878074244,1.2442730783128166e-05,0.0001007365226221,1861,46.20517016415032,2.3097408525949708,1.2442730783128166e-05,11,False,False
RGM_0351675,2025-07-19 19:19:38.296628744,2025-07-19 19:19:38.346628744,2025-07-19 19:19:38.321628744,2025-07-19 19:19:38,2025-07-19 19:19:00,6,378,3378,ring51,ring,2.0,60.0,20.0,98.0,S2_ring_D2_X60_Y20_Z98,S2_20250719-191001.421628744+0800.h5,374;375;376;377;378;379;380;381;382,9,250,0.05,0.0136722688043652,0.0040747995017447,0.0181083623406886,9.346546712940973e-06,7.976002798162951e-05,1862,46.21884243295468,2.309750199141684,9.346546712940973e-06,11,False,False
RGM_0351705,2025-07-19 19:19:44.496628744,2025-07-19 19:19:45.146628744,2025-07-19 19:19:45.121628744,2025-07-19 19:19:45,2025-07-19 19:19:00,6,378,3378,ring51,ring,2.0,60.0,20.0,98.0,S2_ring_D2_X60_Y20_Z98,S2_20250719-191001.421628744+0800.h5,374;375;376;377;378;379;380;381;382,9,3250,0.65,0.0106355061046957,0.0038489212317303,0.014610080246898,7.352409356696403e-05,0.0006566071814084,1863,46.22947793905938,2.3098237232352505,7.352409356696403e-05,11,False,False
RGM_0351906,2025-07-19 19:20:21.996853507,2025-07-19 19:20:22.046853507,2025-07-19 19:20:22.021853507,2025-07-19 19:20:22,2025-07-19 19:20:00,6,378,3378,ring51,ring,2.0,60.0,20.0,98.0,S2_ring_D2_X60_Y20_Z98,S2_20250719-192001.421853507+0800.h5,374;375;376;377;378;379;380;381;382,9,250,0.05,0.0163635846677024,0.0047049735756336,0.0220615304195416,1.3388345158853326e-05,0.0001138490647994,1864,46.24584152372708,2.3098371115804093,1.3388345158853326e-05,11,False,False
RGM_0351923,2025-07-19 19:20:24.621853507,2025-07-19 19:20:24.671853507,2025-07-19 19:20:24.646853507,2025-07-19 19:20:24,2025-07-19 19:20:00,6,480,3480,ring57andring58,line,2.0,157.0,110.0,24.0,S2_line_D2_X157_Y110_Z24,S2_20250719-192001.421853507+0800.h5,476;477;478;479;480;481;482;483;484,9,250,0.05,0.0133988843673316,0.0076464575590211,0.0156345891477077,8.976505114456169e-06,7.432848863696822e-05,1865,46.25924040809441,2.309846088085524,8.976505114456169e-06,57,False,False
RGM_0352917,2025-07-19 19:22:08.671853507,2025-07-19 19:22:08.746853507,2025-07-19 19:22:08.721853507,2025-07-19 19:22:08,2025-07-19 19:22:00,6,375,3375,ring51,ring,2.0,60.0,20.0,98.0,S2_ring_D2_X60_Y20_Z98,S2_20250719-192001.421853507+0800.h5,371;372;373;374;375;376;377;378;379,9,375,0.075,0.0162571382605443,0.0094738756969634,0.0185043406610796,1.982209083168416e-05,0.0001562587928704,1866,46.27549754635496,2.3098659101763555,1.982209083168416e-05,11,False,False
RGM_0353204,2025-07-19 19:22:39.896853507,2025-07-19 19:22:39.946853507,2025-07-19 19:22:39.921853507,2025-07-19 19:22:39,2025-07-19 19:22:00,6,379,3379,ring51,ring,2.0,60.0,20.0,98.0,S2_ring_D2_X60_Y20_Z98,S2_20250719-192001.421853507+0800.h5,375;376;377;378;379;380;381;382;383,9,250,0.05,0.0119476059203167,0.004007090010806,0.0144632420186226,7.1372643613594105e-06,5.476555671462357e-05,1867,46.28744515227528,2.3098730474407168,7.1372643613594105e-06,11,False,False
RGM_0353218,2025-07-19 19:22:42.721853507,2025-07-19 19:22:42.771853507,2025-07-19 19:22:42.746853507,2025-07-19 19:22:42,2025-07-19 19:22:00,6,379,3379,ring51,ring,2.0,60.0,20.0,98.0,S2_ring_D2_X60_Y20_Z98,S2_20250719-192001.421853507+0800.h5,375;376;377;378;379;380;381;382;383,9,250,0.05,0.0149972156401989,0.0038571477353838,0.0229078321287465,1.1245823847931454e-05,0.0001031340664907,1868,46.30244236791548,2.309884293264565,1.1245823847931454e-05,11,False,False
RGM_0353379,2025-07-19 19:23:06.971853507,2025-07-19 19:23:07.246853507,2025-07-19 19:23:06.996853507,2025-07-19 19:23:06,2025-07-19 19:23:00,6,495,3495,andring58,line,2.0,169.0,50.0,8.0,S2_line_D2_X169_Y50_Z8,S2_20250719-192001.421853507+0800.h5,491;492;493;494;495,5,1375,0.275,0.0072536838563216,0.0070709054441357,0.0081013268549202,1.4469380609051988e-05,7.561908796225022e-05,1869,46.3096960517718,2.309898762645174,1.4469380609051988e-05,59,False,False
RGM_0353673,2025-07-19 19:23:48.571853507,2025-07-19 19:23:48.621853507,2025-07-19 19:23:48.596853507,2025-07-19 19:23:48,2025-07-19 19:23:00,6,375,3375,ring51,ring,2.0,60.0,20.0,98.0,S2_ring_D2_X60_Y20_Z98,S2_20250719-192001.421853507+0800.h5,371;372;373;374;375;376;377;378;379,9,250,0.05,0.0158179830636364,0.0103131942972617,0.0176546305097488,1.2510429410074471e-05,0.0001053300715186,1870,46.32551403483543,2.3099112730745843,1.2510429410074471e-05,11,False,False
RGM_0353928,2025-07-19 19:24:23.521853507,2025-07-19 19:24:24.196853507,2025-07-19 19:24:24.121853507,2025-07-19 19:24:24,2025-07-19 19:24:00,6,478,3478,ring57andring58,line,2.0,157.0,70.0,24.0,S2_line_D2_X157_Y70_Z24,S2_20250719-192001.421853507+0800.h5,474;475;476;477;478;479;480;481;482,9,3375,0.675,0.008064660611675,0.0047375769195038,0.0093482169660471,4.390115677751429e-05,0.0003655185557827,1871,46.3335786954471,2.3099551742313618,4.390115677751429e-05,55,False,False
RGM_0353961,2025-07-19 19:24:26.846853507,2025-07-19 19:24:26.996853507,2025-07-19 19:24:26.896853507,2025-07-19 19:24:26,2025-07-19 19:24:00,6,480,3480,ring57andring58,line,2.0,157.0,110.0,24.0,S2_line_D2_X157_Y110_Z24,S2_20250719-192001.421853507+0800.h5,476;477;478;479;480;481;482;483;484,9,750,0.15,0.0156997989247183,0.0062830411169307,0.0191717047063603,3.697255294148788e-05,0.0003048451597884,1872,46.34927849437182,2.309992146784303,3.697255294148788e-05,57,False,False
RGM_0353962,2025-07-19 19:24:26.621853507,2025-07-19 19:24:26.921853507,2025-07-19 19:24:26.896853507,2025-07-19 19:24:26,2025-07-19 19:24:00,6,479,3479,ring57andring58,line,2.0,157.0,90.0,24.0,S2_line_D2_X157_Y90_Z24,S2_20250719-192001.421853507+0800.h5,475;476;477;478;479;480;481;482;483,9,1500,0.3,0.0110146425517157,0.0060872423123006,0.013499747324161,3.63967051626204e-05,0.0003167125365588,1873,46.36029313692354,2.310028543489466,3.63967051626204e-05,56,False,False
RGM_0353991,2025-07-19 19:24:32.071853507,2025-07-19 19:24:32.121853507,2025-07-19 19:24:32.096853507,2025-07-19 19:24:32,2025-07-19 19:24:00,6,378,3378,ring51,ring,2.0,60.0,20.0,98.0,S2_ring_D2_X60_Y20_Z98,S2_20250719-192001.421853507+0800.h5,374;375;376;377;378;379;380;381;382,9,250,0.05,0.0133956614089526,0.0045377410880274,0.0174801168764832,8.972187229165126e-06,7.680602291475426e-05,1874,46.37368879833249,2.310037515676695,8.972187229165126e-06,11,False,False
RGM_0354534,2025-07-19 19:25:42.946853507,2025-07-19 19:25:42.996853507,2025-07-19 19:25:42.971853507,2025-07-19 19:25:42,2025-07-19 19:25:00,6,378,3378,ring51,ring,2.0,60.0,20.0,98.0,S2_ring_D2_X60_Y20_Z98,S2_20250719-192001.421853507+0800.h5,374;375;376;377;378;379;380;381;382,9,250,0.05,0.0142567684813915,0.0036565867617283,0.0201133057336512,1.016277237660004e-05,9.148606376332368e-05,1875,46.38794556681388,2.310047678449072,1.016277237660004e-05,11,False,False
RGM_0354673,2025-07-19 19:26:00.871853507,2025-07-19 19:26:00.996853507,2025-07-19 19:26:00.971853507,2025-07-19 19:26:00,2025-07-19 19:26:00,6,377,3377,ring51,ring,2.0,60.0,20.0,98.0,S2_ring_D2_X60_Y20_Z98,S2_20250719-192001.421853507+0800.h5,373;374;375;376;377;378;379;380;381,9,625,0.125,0.0152250497056848,0.0053469386676424,0.0187319372196629,2.897526731757197e-05,0.0002390297021125,1876,46.40317061651956,2.310076653716389,2.897526731757197e-05,11,False,False
RGM_0354963,2025-07-19 19:26:44.046853507,2025-07-19 19:26:44.096853507,2025-07-19 19:26:44.071853507,2025-07-19 19:26:44,2025-07-19 19:26:00,6,374,3374,ring51,ring,2.0,60.0,20.0,98.0,S2_ring_D2_X60_Y20_Z98,S2_20250719-192001.421853507+0800.h5,370;371;372;373;374;375;376;377;378,9,250,0.05,0.0295341504016295,0.0123078331771516,0.0316948029071076,4.361330199730377e-05,0.0002898051184834,1877,46.43270476692119,2.3101202670183865,4.361330199730377e-05,11,False,False
RGM_0355665,2025-07-19 19:28:02.646853507,2025-07-19 19:28:02.796853507,2025-07-19 19:28:02.671853507,2025-07-19 19:28:02,2025-07-19 19:28:00,6,376,3376,ring51,ring,2.0,60.0,20.0,98.0,S2_ring_D2_X60_Y20_Z98,S2_20250719-192001.421853507+0800.h5,372;373;374;375;376;377;378;379;380,9,750,0.15,0.0157512224012407,0.0058876707552359,0.0179685128984796,3.721515107000206e-05,0.0002766104847657,1878,46.44845598932243,2.3101574821694566,3.721515107000206e-05,11,False,False
RGM_0355821,2025-07-19 19:28:22.071853507,2025-07-19 19:28:22.821853507,2025-07-19 19:28:22.771853507,2025-07-19 19:28:22,2025-07-19 19:28:00,6,376,3376,ring51,ring,2.0,60.0,20.0,98.0,S2_ring_D2_X60_Y20_Z98,S2_20250719-192001.421853507+0800.h5,372;373;374;375;376;377;378;379;380,9,3750,0.75,0.0101139339320062,0.0048957858689711,0.011642699331853,7.671874468574117e-05,0.0005870693992636,1879,46.45856992325444,2.3102342009141426,7.671874468574117e-05,11,False,False
RGM_0355841,2025-07-19 19:28:25.721853507,2025-07-19 19:28:25.771853507,2025-07-19 19:28:25.746853507,2025-07-19 19:28:25,2025-07-19 19:28:00,6,375,3375,ring51,ring,2.0,60.0,20.0,98.0,S2_ring_D2_X60_Y20_Z98,S2_20250719-192001.421853507+0800.h5,371;372;373;374;375;376;377;378;379,9,250,0.05,0.0171549553792687,0.0066498174713111,0.0196975236402789,1.4714624703235076e-05,0.0001123535491248,1880,46.475724878633706,2.3102489155388457,1.4714624703235076e-05,11,False,False
RGM_0356057,2025-07-19 19:28:46.221853507,2025-07-19 19:28:46.346853507,2025-07-19 19:28:46.296853507,2025-07-19 19:28:46,2025-07-19 19:28:00,6,351,3351,ring49andring50,line,2.0,40.0,80.0,98.0,S2_line_D2_X40_Y80_Z98,S2_20250719-192001.421853507+0800.h5,347;348;349;350;351;352;353;354;355,9,625,0.125,0.0140315059217878,0.0079062738675543,0.0182700488564496,2.4610394804146007e-05,0.0002212875378093,1881,46.48975638455549,2.31027352593365,2.4610394804146007e-05,8,False,False
RGM_0356061,2025-07-19 19:28:46.046853507,2025-07-19 19:28:47.321853507,2025-07-19 19:28:47.296853507,2025-07-19 19:28:47,2025-07-19 19:28:00,6,376,3376,ring51,ring,2.0,60.0,20.0,98.0,S2_ring_D2_X60_Y20_Z98,S2_20250719-192001.421853507+0800.h5,372;373;374;375;376;377;378;379;380,9,6375,1.275,0.0108984060999847,0.0046553878241759,0.0134683765963011,0.0001514384507882,0.0012204744767388,1882,46.500654790655474,2.3104249643844383,0.0001514384507882,11,False,False
RGM_0356123,2025-07-19 19:28:56.646853507,2025-07-19 19:28:56.746853507,2025-07-19 19:28:56.671853507,2025-07-19 19:28:56,2025-07-19 19:28:00,6,490,3490,ring58,ring,2.0,163.0,120.0,16.0,S2_ring_D2_X163_Y120_Z16,S2_20250719-192001.421853507+0800.h5,486;487;488;489;490;491;492;493;494,9,500,0.1,0.0152717054892474,0.005346457834443,0.0182817941196828,2.3322498855030995e-05,0.0001744365088319,1883,46.51592649614472,2.310448286883293,2.3322498855030995e-05,58,False,False
RGM_0356210,2025-07-19 19:29:07.571853507,2025-07-19 19:29:07.621853507,2025-07-19 19:29:07.596853507,2025-07-19 19:29:07,2025-07-19 19:29:00,6,377,3377,ring51,ring,2.0,60.0,20.0,98.0,S2_ring_D2_X60_Y20_Z98,S2_20250719-192001.421853507+0800.h5,373;374;375;376;377;378;379;380;381,9,250,0.05,0.0171650324173722,0.0053218391822325,0.0217954422227236,1.473191689447196e-05,0.0001228592272649,1884,46.533091528562096,2.310463018800188,1.473191689447196e-05,11,False,False
RGM_0356391,2025-07-19 19:29:30.646853507,2025-07-19 19:29:30.871853507,2025-07-19 19:29:30.721853507,2025-07-19 19:29:30,2025-07-19 19:29:00,6,333,3333,andring49,line,2.0,20.0,80.0,98.0,S2_line_D2_X20_Y80_Z98,S2_20250719-192001.421853507+0800.h5,332;333;334;335;336;337,6,1125,0.225,0.0148675400301172,0.0046236554291754,0.0260768523919408,5.372351217333319e-05,0.0004086463157554,1885,46.54795906859221,2.3105167423123607,5.372351217333319e-05,3,False,False
RGM_0356433,2025-07-19 19:29:35.346853507,2025-07-19 19:29:35.396853507,2025-07-19 19:29:35.371853507,2025-07-19 19:29:35,2025-07-19 19:29:00,6,377,3377,ring51,ring,2.0,60.0,20.0,98.0,S2_ring_D2_X60_Y20_Z98,S2_20250719-192001.421853507+0800.h5,373;374;375;376;377;378;379;380;381,9,250,0.05,0.0187634201419517,0.0059155139741936,0.0228388302793587,1.7603296771169953e-05,0.0001414394746885,1886,46.566722488734165,2.310534345609132,1.7603296771169953e-05,11,False,False
RGM_0356434,2025-07-19 19:29:35.396853507,2025-07-19 19:29:35.446853507,2025-07-19 19:29:35.421853507,2025-07-19 19:29:35,2025-07-19 19:29:00,6,377,3377,ring51,ring,2.0,60.0,20.0,98.0,S2_ring_D2_X60_Y20_Z98,S2_20250719-192001.421853507+0800.h5,373;374;375;376;377;378;379;380;381,9,250,0.05,0.0172489004749973,0.0052374798897524,0.0206717618279671,1.48762283798182e-05,0.000114686512555,1887,46.58397138920916,2.310549221837512,1.48762283798182e-05,11,False,False
RGM_0356438,2025-07-19 19:29:35.971853507,2025-07-19 19:29:36.021853507,2025-07-19 19:29:35.996853507,2025-07-19 19:29:35,2025-07-19 19:29:00,6,377,3377,ring51,ring,2.0,60.0,20.0,98.0,S2_ring_D2_X60_Y20_Z98,S2_20250719-192001.421853507+0800.h5,373;374;375;376;377;378;379;380;381,9,250,0.05,0.0163773797524431,0.0064718823069303,0.0197873923405379,1.3410928377786697e-05,0.0001098924367008,1888,46.6003487689616,2.310562632765889,1.3410928377786697e-05,11,False,False
RGM_0356446,2025-07-19 19:29:36.321853507,2025-07-19 19:29:37.196853507,2025-07-19 19:29:36.746853507,2025-07-19 19:29:36,2025-07-19 19:29:00,6,475,3475,ring57,ring,2.0,151.0,20.0,32.0,S2_ring_D2_X151_Y20_Z32,S2_20250719-192001.421853507+0800.h5,471;472;473;474;475;476;477;478;479,9,4375,0.875,0.0083320142732498,0.0068809958662832,0.0099383537601923,6.074465411843389e-05,0.0005305604951002,1889,46.60868078323485,2.310623377420008,6.074465411843389e-05,52,False,False
RGM_0356983,2025-07-19 19:30:51.172095814,2025-07-19 19:30:51.222095814,2025-07-19 19:30:51.197095814,2025-07-19 19:30:51,2025-07-19 19:30:00,6,377,3377,ring51,ring,2.0,60.0,20.0,98.0,S2_ring_D2_X60_Y20_Z98,S2_20250719-193001.422095814+0800.h5,373;374;375;376;377;378;379;380;381,9,250,0.05,0.0163406776952625,0.0057461343922703,0.0195230762784371,1.3350887377022566e-05,0.00010631564569,1890,46.625021460930114,2.3106367283073848,1.3350887377022566e-05,11,False,False
RGM_0357020,2025-07-19 19:30:55.847095814,2025-07-19 19:30:55.972095814,2025-07-19 19:30:55.872095814,2025-07-19 19:30:55,2025-07-19 19:30:00,6,377,3377,ring51,ring,2.0,60.0,20.0,98.0,S2_ring_D2_X60_Y20_Z98,S2_20250719-193001.422095814+0800.h5,373;374;375;376;377;378;379;380;381,9,625,0.125,0.0144449691354146,0.0055060285278404,0.0168400594659853,2.6082141665385272e-05,0.0002015667044839,1891,46.639466430065525,2.3106628104490503,2.6082141665385272e-05,11,False,False
RGM_0357148,2025-07-19 19:31:12.522095814,2025-07-19 19:31:13.747095814,2025-07-19 19:31:13.722095814,2025-07-19 19:31:13,2025-07-19 19:31:00,6,488,3488,ring58,ring,2.0,163.0,120.0,16.0,S2_ring_D2_X163_Y120_Z16,S2_20250719-193001.422095814+0800.h5,484;485;486;487;488;489;490;491;492,9,6125,1.225,0.0126656946393156,0.0070977192432579,0.0146435148193656,0.000196514280353,0.0016005962332451,1892,46.65213212470484,2.310859324729404,0.000196514280353,58,False,False
RGM_0357165,2025-07-19 19:31:16.147095814,2025-07-19 19:31:16.422095814,2025-07-19 19:31:16.247095814,2025-07-19 19:31:16,2025-07-19 19:31:00,6,488,3488,ring58,ring,2.0,163.0,120.0,16.0,S2_ring_D2_X163_Y120_Z16,S2_20250719-193001.422095814+0800.h5,484;485;486;487;488;489;490;491;492,9,1375,0.275,0.0163932112190768,0.0030065775668719,0.017852524872788,7.390277787014823e-05,0.0004594983893651,1893,46.66852533592392,2.310933227507274,7.390277787014823e-05,58,False,False
RGM_0357375,2025-07-19 19:31:48.997095814,2025-07-19 19:31:49.047095814,2025-07-19 19:31:49.022095814,2025-07-19 19:31:49,2025-07-19 19:31:00,6,377,3377,ring51,ring,2.0,60.0,20.0,98.0,S2_ring_D2_X60_Y20_Z98,S2_20250719-193001.422095814+0800.h5,373;374;375;376;377;378;379;380;381,9,250,0.05,0.0159153513876988,0.0069850357819632,0.0200477089051275,1.266492048969644e-05,0.0001097705145281,1894,46.684440687311614,2.3109458924277635,1.266492048969644e-05,11,False,False
RGM_0357376,2025-07-19 19:31:49.047095814,2025-07-19 19:31:49.097095814,2025-07-19 19:31:49.072095814,2025-07-19 19:31:49,2025-07-19 19:31:00,6,377,3377,ring51,ring,2.0,60.0,20.0,98.0,S2_ring_D2_X60_Y20_Z98,S2_20250719-193001.422095814+0800.h5,373;374;375;376;377;378;379;380;381,9,250,0.05,0.0140965798423252,0.0055774996801583,0.0168423777833313,9.935678162552494e-06,7.971150610002984e-05,1895,46.69853726715394,2.310955828105926,9.935678162552494e-06,11,False,False
RGM_0357928,2025-07-19 19:33:15.897095814,2025-07-19 19:33:15.947095814,2025-07-19 19:33:15.922095814,2025-07-19 19:33:15,2025-07-19 19:33:00,6,480,3480,ring57andring58,line,2.0,157.0,110.0,24.0,S2_line_D2_X157_Y110_Z24,S2_20250719-193001.422095814+0800.h5,476;477;478;479;480;481;482;483;484,9,250,0.05,0.0155587580646319,0.0049120779533815,0.0241033306858119,1.2103747625687449e-05,0.0001258582205358,1896,46.71409602521857,2.3109679318535514,1.2103747625687449e-05,57,False,False
RGM_0358252,2025-07-19 19:34:08.422095814,2025-07-19 19:34:08.472095814,2025-07-19 19:34:08.447095814,2025-07-19 19:34:08,2025-07-19 19:34:00,6,379,3379,ring51,ring,2.0,60.0,20.0,98.0,S2_ring_D2_X60_Y20_Z98,S2_20250719-193001.422095814+0800.h5,375;376;377;378;379;380;381;382;383,9,250,0.05,0.0128643212024998,0.0065490456886775,0.0152385445365795,8.274538000054348e-06,6.727914712371605e-05,1897,46.72696034642107,2.3109762063915515,8.274538000054348e-06,11,False,False
RGM_0358738,2025-07-19 19:35:15.797095814,2025-07-19 19:35:15.847095814,2025-07-19 19:35:15.822095814,2025-07-19 19:35:15,2025-07-19 19:35:00,6,379,3379,ring51,ring,2.0,60.0,20.0,98.0,S2_ring_D2_X60_Y20_Z98,S2_20250719-193001.422095814+0800.h5,375;376;377;378;379;380;381;382;383,9,250,0.05,0.0138847692916334,0.007159566500115,0.0164735332670889,9.639340914094352e-06,7.913452066152695e-05,1898,46.74084511571271,2.310985845732465,9.639340914094352e-06,11,False,False
RGM_0358844,2025-07-19 19:35:29.697095814,2025-07-19 19:35:29.772095814,2025-07-19 19:35:29.722095814,2025-07-19 19:35:29,2025-07-19 19:35:00,6,483,3483,ring58,ring,2.0,163.0,120.0,16.0,S2_ring_D2_X163_Y120_Z16,S2_20250719-193001.422095814+0800.h5,479;480;481;482;483;484;485;486;487,9,375,0.075,0.0193783288096646,0.0070320324861871,0.023377253816435,2.8163972059160908e-05,0.0002128253726414,1899,46.76022344452237,2.3110140097045244,2.8163972059160908e-05,58,False,False
RGM_0359074,2025-07-19 19:36:02.797095814,2025-07-19 19:36:02.847095814,2025-07-19 19:36:02.822095814,2025-07-19 19:36:02,2025-07-19 19:36:00,6,490,3490,ring58,ring,2.0,163.0,120.0,16.0,S2_ring_D2_X163_Y120_Z16,S2_20250719-193001.422095814+0800.h5,486;487;488;489;490;491;492;493;494,9,250,0.05,0.0166510563665546,0.0032831924885743,0.0230463434025858,1.386288390610901e-05,0.0001219140120778,1900,46.77687450088893,2.3110278725884306,1.386288390610901e-05,58,False,False
RGM_0359111,2025-07-19 19:36:08.447095814,2025-07-19 19:36:08.497095814,2025-07-19 19:36:08.472095814,2025-07-19 19:36:08,2025-07-19 19:36:00,6,379,3379,ring51,ring,2.0,60.0,20.0,98.0,S2_ring_D2_X60_Y20_Z98,S2_20250719-193001.422095814+0800.h5,375;376;377;378;379;380;381;382;383,9,250,0.05,0.013358364895756,0.0086602954441015,0.0143707730843079,8.922295634408376e-06,7.409496206049946e-05,1901,46.79023286578469,2.311036794884065,8.922295634408376e-06,11,False,False
RGM_0359202,2025-07-19 19:36:25.097095814,2025-07-19 19:36:25.147095814,2025-07-19 19:36:25.122095814,2025-07-19 19:36:25,2025-07-19 19:36:00,6,379,3379,ring51,ring,2.0,60.0,20.0,98.0,S2_ring_D2_X60_Y20_Z98,S2_20250719-193001.422095814+0800.h5,375;376;377;378;379;380;381;382;383,9,250,0.05,0.0131095963508621,0.0065039710449976,0.0144254044514841,8.593075824126948e-06,6.821553718863168e-05,1902,46.803342462135554,2.311045387959889,8.593075824126948e-06,11,False,False
RGM_0359215,2025-07-19 19:36:27.722095814,2025-07-19 19:36:27.772095814,2025-07-19 19:36:27.747095814,2025-07-19 19:36:27,2025-07-19 19:36:00,6,379,3379,ring51,ring,2.0,60.0,20.0,98.0,S2_ring_D2_X60_Y20_Z98,S2_20250719-193001.422095814+0800.h5,375;376;377;378;379;380;381;382;383,9,250,0.05,0.0130114093126671,0.0068076086642773,0.0142684446289853,8.464838615088072e-06,6.768607712303844e-05,1903,46.81635387144822,2.311053852798504,8.464838615088072e-06,11,False,False
RGM_0359216,2025-07-19 19:36:27.772095814,2025-07-19 19:36:27.822095814,2025-07-19 19:36:27.797095814,2025-07-19 19:36:27,2025-07-19 19:36:00,6,379,3379,ring51,ring,2.0,60.0,20.0,98.0,S2_ring_D2_X60_Y20_Z98,S2_20250719-193001.422095814+0800.h5,375;376;377;378;379;380;381;382;383,9,250,0.05,0.0128830127472653,0.0070231327744057,0.0142389739199237,8.298600872310047e-06,6.787363445396656e-05,1904,46.82923688419549,2.3110621513993763,8.298600872310047e-06,11,False,False
RGM_0359790,2025-07-19 19:37:56.197095814,2025-07-19 19:37:56.297095814,2025-07-19 19:37:56.222095814,2025-07-19 19:37:56,2025-07-19 19:37:00,6,379,3379,ring51,ring,2.0,60.0,20.0,98.0,S2_ring_D2_X60_Y20_Z98,S2_20250719-193001.422095814+0800.h5,375;376;377;378;379;380;381;382;383,9,500,0.1,0.0125642851481233,0.0056923722722005,0.0153250724409263,1.578612612833536e-05,0.0001304623920509,1905,46.84180116934361,2.311077937525505,1.578612612833536e-05,11,False,False
RGM_0359808,2025-07-19 19:37:58.972095814,2025-07-19 19:37:59.022095814,2025-07-19 19:37:58.997095814,2025-07-19 19:37:58,2025-07-19 19:37:00,6,379,3379,ring51,ring,2.0,60.0,20.0,98.0,S2_ring_D2_X60_Y20_Z98,S2_20250719-193001.422095814+0800.h5,375;376;377;378;379;380;381;382;383,9,250,0.05,0.0146673998326139,0.0058994296490477,0.0188843492512463,1.0756630892488211e-05,9.18953115597776e-05,1906,46.85646856917622,2.311088694156397,1.0756630892488211e-05,11,False,False
RGM_0359867,2025-07-19 19:38:07.447095814,2025-07-19 19:38:07.497095814,2025-07-19 19:38:07.472095814,2025-07-19 19:38:07,2025-07-19 19:38:00,6,379,3379,ring51,ring,2.0,60.0,20.0,98.0,S2_ring_D2_X60_Y20_Z98,S2_20250719-193001.422095814+0800.h5,375;376;377;378;379;380;381;382;383,9,250,0.05,0.011798353353036,0.0065550203021552,0.0149915483628077,6.960057092154881e-06,6.095893223151323e-05,1907,46.86826692252926,2.311095654213489,6.960057092154881e-06,11,False,False
RGM_0359888,2025-07-19 19:38:11.622095814,2025-07-19 19:38:11.672095814,2025-07-19 19:38:11.647095814,2025-07-19 19:38:11,2025-07-19 19:38:00,6,379,3379,ring51,ring,2.0,60.0,20.0,98.0,S2_ring_D2_X60_Y20_Z98,S2_20250719-193001.422095814+0800.h5,375;376;377;378;379;380;381;382;383,9,250,0.05,0.0130891336793762,0.0064029144753397,0.017254067209121,8.566271023829045e-06,7.615749100246309e-05,1908,46.88135605620864,2.311104220484513,8.566271023829045e-06,11,False,False
RGM_0359889,2025-07-19 19:38:11.672095814,2025-07-19 19:38:11.747095814,2025-07-19 19:38:11.722095814,2025-07-19 19:38:11,2025-07-19 19:38:00,6,379,3379,ring51,ring,2.0,60.0,20.0,98.0,S2_ring_D2_X60_Y20_Z98,S2_20250719-193001.422095814+0800.h5,375;376;377;378;379;380;381;382;383,9,375,0.075,0.0131567951088005,0.0073739521653158,0.0201023033832792,1.2982594315121817e-05,0.0001329090095515,1909,46.89451285131744,2.3111172030788283,1.2982594315121817e-05,11,False,False
RGM_0359958,2025-07-19 19:38:21.622095814,2025-07-19 19:38:21.672095814,2025-07-19 19:38:21.647095814,2025-07-19 19:38:21,2025-07-19 19:38:00,6,378,3378,ring51,ring,2.0,60.0,20.0,98.0,S2_ring_D2_X60_Y20_Z98,S2_20250719-193001.422095814+0800.h5,374;375;376;377;378;379;380;381;382,9,250,0.05,0.0150946413232427,0.006907912159622,0.0170734066756609,1.1392409833867373e-05,8.9063341125048e-05,1910,46.90960749264068,2.311128595488662,1.1392409833867373e-05,11,False,False
RGM_0360051,2025-07-19 19:38:37.972095814,2025-07-19 19:38:38.022095814,2025-07-19 19:38:37.997095814,2025-07-19 19:38:37,2025-07-19 19:38:00,6,377,3377,ring51,ring,2.0,60.0,20.0,98.0,S2_ring_D2_X60_Y20_Z98,S2_20250719-193001.422095814+0800.h5,373;374;375;376;377;378;379;380;381,9,250,0.05,0.0171827461117395,0.006689906232391,0.0188591102245927,1.476233819702501e-05,0.0001052118102515,1911,46.926790238752425,2.311143357826859,1.476233819702501e-05,11,False,False
RGM_0360079,2025-07-19 19:38:43.472095814,2025-07-19 19:38:43.522095814,2025-07-19 19:38:43.497095814,2025-07-19 19:38:43,2025-07-19 19:38:00,6,480,3480,ring57andring58,line,2.0,157.0,110.0,24.0,S2_line_D2_X157_Y110_Z24,S2_20250719-193001.422095814+0800.h5,476;477;478;479;480;481;482;483;484,9,250,0.05,0.0122358640015788,0.0041514642213303,0.0225496260204068,7.485818393256706e-06,9.765904213074551e-05,1912,46.939026102754006,2.3111508436452524,7.485818393256706e-06,57,False,False
RGM_0360419,2025-07-19 19:39:35.872095814,2025-07-19 19:39:35.922095814,2025-07-19 19:39:35.897095814,2025-07-19 19:39:35,2025-07-19 19:39:00,6,377,3377,ring51,ring,2.0,60.0,20.0,98.0,S2_ring_D2_X60_Y20_Z98,S2_20250719-193001.422095814+0800.h5,373;374;375;376;377;378;379;380;381,9,250,0.05,0.0157300531441453,0.0055579222233785,0.017717845040885,1.2371728595881802e-05,8.958470239587208e-05,1913,46.95475615589815,2.311163215373848,1.2371728595881802e-05,11,False,False
RGM_0360437,2025-07-19 19:39:38.622095814,2025-07-19 19:39:38.672095814,2025-07-19 19:39:38.647095814,2025-07-19 19:39:38,2025-07-19 19:39:00,6,377,3377,ring51,ring,2.0,60.0,20.0,98.0,S2_ring_D2_X60_Y20_Z98,S2_20250719-193001.422095814+0800.h5,373;374;375;376;377;378;379;380;381,9,250,0.05,0.016554081277304,0.004894075542145,0.0186710256092249,1.3701880346779368e-05,9.766901481112268e-05,1914,46.97131023717546,2.311176917254195,1.3701880346779368e-05,11,False,False
RGM_0360454,2025-07-19 19:39:41.272095814,2025-07-19 19:39:41.322095814,2025-07-19 19:39:41.297095814,2025-07-19 19:39:41,2025-07-19 19:39:00,6,480,3480,ring57andring58,line,2.0,157.0,110.0,24.0,S2_line_D2_X157_Y110_Z24,S2_20250719-193001.422095814+0800.h5,476;477;478;479;480;481;482;483;484,9,250,0.05,0.0119301171200206,0.003390687493329,0.0208622394671567,7.116384724870445e-06,8.211307326530228e-05,1915,46.98324035429548,2.31118403363892,7.116384724870445e-06,57,False,False
RGM_0360682,2025-07-19 19:40:16.022334223,2025-07-19 19:40:16.122334223,2025-07-19 19:40:16.097334223,2025-07-19 19:40:16,2025-07-19 19:40:00,6,377,3377,ring51,ring,2.0,60.0,20.0,98.0,S2_ring_D2_X60_Y20_Z98,S2_20250719-194001.422334223+0800.h5,373;374;375;376;377;378;379;380;381,9,500,0.1,0.025122606441499,0.0050789053356043,0.0266334412485186,6.311453544144484e-05,0.0004045454963997,1916,47.00836296073698,2.311247148174361,6.311453544144484e-05,11,False,False
RGM_0360723,2025-07-19 19:40:22.222334223,2025-07-19 19:40:22.272334223,2025-07-19 19:40:22.247334223,2025-07-19 19:40:22,2025-07-19 19:40:00,6,378,3378,ring51,ring,2.0,60.0,20.0,98.0,S2_ring_D2_X60_Y20_Z98,S2_20250719-194001.422334223+0800.h5,374;375;376;377;378;379;380;381;382,9,250,0.05,0.0181549862022689,0.0047996046895131,0.0226146153779183,1.648017620022871e-05,0.0001245549535041,1917,47.02651794693925,2.3112636283505616,1.648017620022871e-05,11,False,False
RGM_0360836,2025-07-19 19:40:40.447334223,2025-07-19 19:40:40.847334223,2025-07-19 19:40:40.472334223,2025-07-19 19:40:40,2025-07-19 19:40:00,6,480,3480,ring57andring58,line,2.0,157.0,110.0,24.0,S2_line_D2_X157_Y110_Z24,S2_20250719-194001.422334223+0800.h5,476;477;478;479;480;481;482;483;484,9,2000,0.4,0.0090370252335423,0.00502821341021,0.0109106689439951,3.266713002867276e-05,0.000278026060116,1918,47.03555497217279,2.3112962954805902,3.266713002867276e-05,57,False,False
RGM_0360857,2025-07-19 19:40:43.172334223,2025-07-19 19:40:43.822334223,2025-07-19 19:40:43.197334223,2025-07-19 19:40:43,2025-07-19 19:40:00,6,377,3377,ring51,ring,2.0,60.0,20.0,98.0,S2_ring_D2_X60_Y20_Z98,S2_20250719-194001.422334223+0800.h5,373;374;375;376;377;378;379;380;381,9,3250,0.65,0.009640537474958,0.0040983921792724,0.0104403998112095,6.041097582394569e-05,0.0004364553433013,1919,47.04519550964775,2.3113567064564142,6.041097582394569e-05,11,False,False
RGM_0360862,2025-07-19 19:40:44.172334223,2025-07-19 19:40:45.172334223,2025-07-19 19:40:44.472334223,2025-07-19 19:40:44,2025-07-19 19:40:00,6,376,3376,ring51,ring,2.0,60.0,20.0,98.0,S2_ring_D2_X60_Y20_Z98,S2_20250719-194001.422334223+0800.h5,372;373;374;375;376;377;378;379;380,9,5000,1.0,0.0209689600536711,0.0052893067625788,0.0217691435417246,0.0004396972857324,0.0029676263831489,1920,47.06616446970142,2.3117964037421466,0.0004396972857324,11,False,False
RGM_0360940,2025-07-19 19:40:58.597334223,2025-07-19 19:40:58.647334223,2025-07-19 19:40:58.622334223,2025-07-19 19:40:58,2025-07-19 19:40:00,6,377,3377,ring51,ring,2.0,60.0,20.0,98.0,S2_ring_D2_X60_Y20_Z98,S2_20250719-194001.422334223+0800.h5,373;374;375;376;377;378;379;380;381,9,250,0.05,0.018503397499089,0.0045257735169086,0.0211647024656354,1.711878595046473e-05,0.000121713852843,1921,47.08466786720051,2.311813522528097,1.711878595046473e-05,11,False,False
RGM_0361577,2025-07-19 19:42:30.997334223,2025-07-19 19:42:31.047334223,2025-07-19 19:42:31.022334223,2025-07-19 19:42:31,2025-07-19 19:42:00,6,376,3376,ring51,ring,2.0,60.0,20.0,98.0,S2_ring_D2_X60_Y20_Z98,S2_20250719-194001.422334223+0800.h5,372;373;374;375;376;377;378;379;380,9,250,0.05,0.0193590188045965,0.0069466279882431,0.0214015015304137,1.87385804538362e-05,0.0001321374266856,1922,47.1040268860051,2.311832261108551,1.87385804538362e-05,11,False,False
RGM_0361648,2025-07-19 19:42:40.397334223,2025-07-19 19:42:40.447334223,2025-07-19 19:42:40.422334223,2025-07-19 19:42:40,2025-07-19 19:42:00,6,376,3376,ring51,ring,2.0,60.0,20.0,98.0,S2_ring_D2_X60_Y20_Z98,S2_20250719-194001.422334223+0800.h5,372;373;374;375;376;377;378;379;380,9,250,0.05,0.0219626318485378,0.0076360876546773,0.0246789149371381,2.4117859885720384e-05,0.0001715962946771,1923,47.12598951785364,2.3118563789684368,2.4117859885720384e-05,11,False,False
RGM_0361936,2025-07-19 19:43:21.447334223,2025-07-19 19:43:21.522334223,2025-07-19 19:43:21.497334223,2025-07-19 19:43:21,2025-07-19 19:43:00,6,376,3376,ring51,ring,2.0,60.0,20.0,98.0,S2_ring_D2_X60_Y20_Z98,S2_20250719-194001.422334223+0800.h5,372;373;374;375;376;377;378;379;380,9,375,0.075,0.0266701336587391,0.0071472582212114,0.0350463224817989,5.334720220312581e-05,0.000443208040769,1924,47.15265965151238,2.31190972617064,5.334720220312581e-05,11,False,False
RGM_0361979,2025-07-19 19:43:27.647334223,2025-07-19 19:43:27.697334223,2025-07-19 19:43:27.672334223,2025-07-19 19:43:27,2025-07-19 19:43:00,6,371,3371,ring51,ring,2.0,60.0,20.0,98.0,S2_ring_D2_X60_Y20_Z98,S2_20250719-194001.422334223+0800.h5,367;368;369;370;371;372;373;374;375,9,250,0.05,0.039966882578421,0.0118040896470072,0.0440074515869067,7.986758515186488e-05,0.0005526023403606,1925,47.1926265340908,2.311989593755792,7.986758515186488e-05,11,False,False
RGM_0361980,2025-07-19 19:43:26.922334223,2025-07-19 19:43:28.922334223,2025-07-19 19:43:27.697334223,2025-07-19 19:43:27,2025-07-19 19:43:00,6,376,3376,ring51,ring,2.0,60.0,20.0,98.0,S2_ring_D2_X60_Y20_Z98,S2_20250719-194001.422334223+0800.h5,372;373;374;375;376;377;378;379;380,9,10000,2.0,0.0105857996451036,0.0060556689881721,0.0136278974840249,0.0002241183082525,0.0019769081317541,1926,47.20321233373591,2.3122137120640445,0.0002241183082525,11,False,False
RGM_0362017,2025-07-19 19:43:30.072334223,2025-07-19 19:43:30.172334223,2025-07-19 19:43:30.147334223,2025-07-19 19:43:30,2025-07-19 19:43:00,6,376,3376,ring51,ring,2.0,60.0,20.0,98.0,S2_ring_D2_X60_Y20_Z98,S2_20250719-194001.422334223+0800.h5,372;373;374;375;376;377;378;379;380,9,500,0.1,0.0245760500393032,0.0078933633347821,0.0302586282662082,6.03982235534339e-05,0.0004707272590323,1927,47.227788383775206,2.312274110287598,6.03982235534339e-05,11,False,False
RGM_0362033,2025-07-19 19:43:32.522334223,2025-07-19 19:43:32.572334223,2025-07-19 19:43:32.547334223,2025-07-19 19:43:32,2025-07-19 19:43:00,6,376,3376,ring51,ring,2.0,60.0,20.0,98.0,S2_ring_D2_X60_Y20_Z98,S2_20250719-194001.422334223+0800.h5,372;373;374;375;376;377;378;379;380,9,250,0.05,0.0214379201118004,0.0086748455760515,0.0265764556079882,2.2979220935996933e-05,0.0001852170061862,1928,47.249226303887006,2.312297089508534,2.2979220935996933e-05,11,False,False
RGM_0362085,2025-07-19 19:43:36.247334223,2025-07-19 19:43:36.297334223,2025-07-19 19:43:36.272334223,2025-07-19 19:43:36,2025-07-19 19:43:00,6,376,3376,ring51,ring,2.0,60.0,20.0,98.0,S2_ring_D2_X60_Y20_Z98,S2_20250719-194001.422334223+0800.h5,372;373;374;375;376;377;378;379;380,9,250,0.05,0.0178786574870444,0.0083713236052645,0.0211729423108667,1.5982319676952485e-05,0.0001247236730068,1929,47.26710496137405,2.312313071828211,1.5982319676952485e-05,11,False,False
RGM_0362224,2025-07-19 19:43:53.747334223,2025-07-19 19:43:53.797334223,2025-07-19 19:43:53.772334223,2025-07-19 19:43:53,2025-07-19 19:43:00,6,375,3375,ring51,ring,2.0,60.0,20.0,98.0,S2_ring_D2_X60_Y20_Z98,S2_20250719-194001.422334223+0800.h5,371;372;373;374;375;376;377;378;379,9,250,0.05,0.0206277554947835,0.0064331097705603,0.0225041557462534,2.1275214837628744e-05,0.0001437845397833,1930,47.28773271686884,2.3123343470430484,2.1275214837628744e-05,11,False,False
RGM_0362255,2025-07-19 19:43:58.022334223,2025-07-19 19:43:58.072334223,2025-07-19 19:43:58.047334223,2025-07-19 19:43:58,2025-07-19 19:43:00,6,376,3376,ring51,ring,2.0,60.0,20.0,98.0,S2_ring_D2_X60_Y20_Z98,S2_20250719-194001.422334223+0800.h5,372;373;374;375;376;377;378;379;380,9,250,0.05,0.0190613787417813,0.007353620744797,0.0236023014738794,1.816680797688168e-05,0.0001448875841719,1931,47.30679409561062,2.312352513851025,1.816680797688168e-05,11,False,False
RGM_0362274,2025-07-19 19:44:00.522334223,2025-07-19 19:44:00.572334223,2025-07-19 19:44:00.547334223,2025-07-19 19:44:00,2025-07-19 19:44:00,6,375,3375,ring51,ring,2.0,60.0,20.0,98.0,S2_ring_D2_X60_Y20_Z98,S2_20250719-194001.422334223+0800.h5,371;372;373;374;375;376;377;378;379,9,250,0.05,0.0216499700645132,0.0075483368697281,0.0236492175304084,2.3436060189715995e-05,0.0001638583647982,1932,47.328444065675136,2.3123759499112158,2.3436060189715995e-05,11,False,False
RGM_0362515,2025-07-19 19:44:30.572334223,2025-07-19 19:44:30.622334223,2025-07-19 19:44:30.597334223,2025-07-19 19:44:30,2025-07-19 19:44:00,6,431,3431,ring54andring55,line,2.0,121.0,50.0,72.0,S2_line_D2_X121_Y50_Z72,S2_20250719-194001.422334223+0800.h5,427;428;429;430;431;432;433;434;435,9,250,0.05,0.0243819650055397,0.003734538360462,0.0316057692702167,2.9724010876568308e-05,0.0002374528408773,1933,47.352826030680674,2.312405673922092,2.9724010876568308e-05,36,False,False
RGM_0362539,2025-07-19 19:44:32.797334223,2025-07-19 19:44:33.322334223,2025-07-19 19:44:33.272334223,2025-07-19 19:44:33,2025-07-19 19:44:00,6,476,3476,ring57andring58,line,2.0,157.0,30.0,24.0,S2_line_D2_X157_Y30_Z24,S2_20250719-194001.422334223+0800.h5,472;473;474;475;476;477;478;479;480,9,2625,0.525,0.0070381844812262,0.0061569897047552,0.0077957697886264,2.6006421415681147e-05,0.000240548017208,1934,47.3598642151619,2.3124316803435074,2.6006421415681147e-05,53,False,False
RGM_0362541,2025-07-19 19:44:33.297334223,2025-07-19 19:44:33.347334223,2025-07-19 19:44:33.322334223,2025-07-19 19:44:33,2025-07-19 19:44:00,6,476,3476,ring57andring58,line,2.0,157.0,30.0,24.0,S2_line_D2_X157_Y30_Z24,S2_20250719-194001.422334223+0800.h5,472;473;474;475;476;477;478;479;480,9,250,0.05,0.0144950589344874,0.0084856670080863,0.0158256141766649,1.050533667571317e-05,8.414700019929874e-05,1935,47.37435927409639,2.312442185680183,1.050533667571317e-05,53,False,False
RGM_0362542,2025-07-19 19:44:33.272334223,2025-07-19 19:44:33.347334223,2025-07-19 19:44:33.322334223,2025-07-19 19:44:33,2025-07-19 19:44:00,6,478,3478,ring57andring58,line,2.0,157.0,70.0,24.0,S2_line_D2_X157_Y70_Z24,S2_20250719-194001.422334223+0800.h5,474;475;476;477;478;479;480;481;482,9,375,0.075,0.0125543760474232,0.0065878107468828,0.0136409327267366,1.1820926845508568e-05,9.011838609974238e-05,1936,47.38691365014381,2.3124540066070285,1.1820926845508568e-05,55,False,False
RGM_0363250,2025-07-19 19:46:15.972334223,2025-07-19 19:46:16.022334223,2025-07-19 19:46:15.997334223,2025-07-19 19:46:15,2025-07-19 19:46:00,6,375,3375,ring51,ring,2.0,60.0,20.0,98.0,S2_ring_D2_X60_Y20_Z98,S2_20250719-194001.422334223+0800.h5,371;372;373;374;375;376;377;378;379,9,250,0.05,0.0305664228943454,0.0096619898269779,0.0349802626100237,4.671531042779816e-05,0.0003363467047131,1937,47.41748007303816,2.3125007219174565,4.671531042779816e-05,11,False,False
RGM_0363320,2025-07-19 19:46:23.647334223,2025-07-19 19:46:23.697334223,2025-07-19 19:46:23.672334223,2025-07-19 19:46:23,2025-07-19 19:46:00,6,375,3375,ring51,ring,2.0,60.0,20.0,98.0,S2_ring_D2_X60_Y20_Z98,S2_20250719-194001.422334223+0800.h5,371;372;373;374;375;376;377;378;379,9,250,0.05,0.0319006906995299,0.0095025719235215,0.0361418903325338,5.088270335535379e-05,0.0003611308503728,1938,47.449380763737686,2.312551604620812,5.088270335535379e-05,11,False,False
RGM_0363467,2025-07-19 19:46:50.947334223,2025-07-19 19:46:50.997334223,2025-07-19 19:46:50.972334223,2025-07-19 19:46:50,2025-07-19 19:46:00,6,373,3373,ring51,ring,2.0,60.0,20.0,98.0,S2_ring_D2_X60_Y20_Z98,S2_20250719-194001.422334223+0800.h5,369;370;371;372;373;374;375;376;377,9,250,0.05,0.0300026862075989,0.0165325123613542,0.0326164037289684,4.500805898358254e-05,0.000369011258621,1939,47.47938344994529,2.3125966126797954,4.500805898358254e-05,11,False,False
RGM_0363488,2025-07-19 19:46:54.622334223,2025-07-19 19:46:54.722334223,2025-07-19 19:46:54.697334223,2025-07-19 19:46:54,2025-07-19 19:46:00,6,474,3474,ring57,ring,2.0,151.0,20.0,32.0,S2_ring_D2_X151_Y20_Z32,S2_20250719-194001.422334223+0800.h5,470;471;472;473;474;475;476;477;478,9,500,0.1,0.0096657796722317,0.0047705771959192,0.0102030067554438,9.34272966721282e-06,7.050167840811172e-05,1940,47.48904922961752,2.3126059554094627,9.34272966721282e-06,52,False,False
RGM_0363543,2025-07-19 19:47:01.072334223,2025-07-19 19:47:01.122334223,2025-07-19 19:47:01.097334223,2025-07-19 19:47:01,2025-07-19 19:47:00,6,375,3375,ring51,ring,2.0,60.0,20.0,98.0,S2_ring_D2_X60_Y20_Z98,S2_20250719-194001.422334223+0800.h5,371;372;373;374;375;376;377;378;379,9,250,0.05,0.0244033324392991,0.0083896857950682,0.0277205425130539,2.9776131707147464e-05,0.0002154697905656,1941,47.51345256205682,2.3126357315411696,2.9776131707147464e-05,11,False,False
RGM_0363746,2025-07-19 19:47:35.372334223,2025-07-19 19:47:35.447334223,2025-07-19 19:47:35.422334223,2025-07-19 19:47:35,2025-07-19 19:47:00,6,373,3373,ring51,ring,2.0,60.0,20.0,98.0,S2_ring_D2_X60_Y20_Z98,S2_20250719-194001.422334223+0800.h5,369;370;371;372;373;374;375;376;377,9,375,0.075,0.0318402582675909,0.0157030938541255,0.0346295960836932,7.603515349101726e-05,0.0005959989503443,1942,47.54529282032441,2.312711766694661,7.603515349101726e-05,11,False,False
RGM_0363915,2025-07-19 19:47:59.622334223,2025-07-19 19:47:59.697334223,2025-07-19 19:47:59.672334223,2025-07-19 19:47:59,2025-07-19 19:47:00,6,373,3373,ring51,ring,2.0,60.0,20.0,98.0,S2_ring_D2_X60_Y20_Z98,S2_20250719-194001.422334223+0800.h5,369;370;371;372;373;374;375;376;377,9,375,0.075,0.0161165813203925,0.0079262443005683,0.0183650917150253,1.948081450926193e-05,0.0001529118784144,1943,47.5614094016448,2.31273124750917,1.948081450926193e-05,11,False,False
RGM_0364017,2025-07-19 19:48:15.797334223,2025-07-19 19:48:15.847334223,2025-07-19 19:48:15.822334223,2025-07-19 19:48:15,2025-07-19 19:48:00,6,373,3373,ring51,ring,2.0,60.0,20.0,98.0,S2_ring_D2_X60_Y20_Z98,S2_20250719-194001.422334223+0800.h5,369;370;371;372;373;374;375;376;377,9,250,0.05,0.0237393778724248,0.0123250173078321,0.0266063046560973,2.817790308848871e-05,0.0002180833330936,1944,47.585148779517226,2.3127594254122585,2.817790308848871e-05,11,False,False
RGM_0364325,2025-07-19 19:49:04.647334223,2025-07-19 19:49:04.697334223,2025-07-19 19:49:04.672334223,2025-07-19 19:49:04,2025-07-19 19:49:00,6,373,3373,ring51,ring,2.0,60.0,20.0,98.0,S2_ring_D2_X60_Y20_Z98,S2_20250719-194001.422334223+0800.h5,369;370;371;372;373;374;375;376;377,9,250,0.05,0.0296719275904982,0.0159891626397082,0.0340477251230896,4.4021164346788434e-05,0.0003479986137705,1945,47.614820707107725,2.312803446576605,4.4021164346788434e-05,11,False,False
RGM_0364340,2025-07-19 19:49:07.522334223,2025-07-19 19:49:07.597334223,2025-07-19 19:49:07.572334223,2025-07-19 19:49:07,2025-07-19 19:49:00,6,373,3373,ring51,ring,2.0,60.0,20.0,98.0,S2_ring_D2_X60_Y20_Z98,S2_20250719-194001.422334223+0800.h5,369;370;371;372;373;374;375;376;377,9,375,0.075,0.0237732060223774,0.0126952343394712,0.0277676323712886,4.2387399343680336e-05,0.0003383261434201,1946,47.6385939131301,2.312845833975949,4.2387399343680336e-05,11,False,False
RGM_0364496,2025-07-19 19:49:31.797334223,2025-07-19 19:49:31.847334223,2025-07-19 19:49:31.822334223,2025-07-19 19:49:31,2025-07-19 19:49:00,6,377,3377,ring51,ring,2.0,60.0,20.0,98.0,S2_ring_D2_X60_Y20_Z98,S2_20250719-194001.422334223+0800.h5,373;374;375;376;377;378;379;380;381,9,250,0.05,0.020136599272193,0.0105247771143714,0.0315761819316158,2.0274131512444343e-05,0.0002213489710889,1947,47.65873051240229,2.3128661081074613,2.0274131512444343e-05,11,False,False
RGM_0364580,2025-07-19 19:49:45.547334223,2025-07-19 19:49:45.622334223,2025-07-19 19:49:45.572334223,2025-07-19 19:49:45,2025-07-19 19:49:00,6,373,3373,ring51,ring,2.0,60.0,20.0,98.0,S2_ring_D2_X60_Y20_Z98,S2_20250719-194001.422334223+0800.h5,369;370;371;372;373;374;375;376;377,9,375,0.075,0.019654379334637,0.0124279801843289,0.0312090872667965,2.8972097027235445e-05,0.000282430849632,1948,47.67838489173693,2.3128950802044885,2.8972097027235445e-05,11,False,False
RGM_0364651,2025-07-19 19:49:54.872334223,2025-07-19 19:49:54.947334223,2025-07-19 19:49:54.897334223,2025-07-19 19:49:54,2025-07-19 19:49:00,6,373,3373,ring51,ring,2.0,60.0,20.0,98.0,S2_ring_D2_X60_Y20_Z98,S2_20250719-194001.422334223+0800.h5,369;370;371;372;373;374;375;376;377,9,375,0.075,0.019058206221317,0.0108839103194772,0.0239616114523148,2.7241141828068623e-05,0.0002238615780604,1949,47.69744309795825,2.3129223213463166,2.7241141828068623e-05,11,False,False
RGM_0364713,2025-07-19 19:50:04.122594114,2025-07-19 19:50:04.172594114,2025-07-19 19:50:04.147594114,2025-07-19 19:50:04,2025-07-19 19:50:00,6,373,3373,ring51,ring,2.0,60.0,20.0,98.0,S2_ring_D2_X60_Y20_Z98,S2_20250719-195001.422594114+0800.h5,369;370;371;372;373;374;375;376;377,9,250,0.05,0.0256274436558484,0.0138777732085614,0.0307734382465629,3.283829341668422e-05,0.0002612677650067,1950,47.7230705416141,2.312955159639733,3.283829341668422e-05,11,False,False
RGM_0364987,2025-07-19 19:50:45.122594114,2025-07-19 19:50:45.172594114,2025-07-19 19:50:45.147594114,2025-07-19 19:50:45,2025-07-19 19:50:00,6,373,3373,ring51,ring,2.0,60.0,20.0,98.0,S2_ring_D2_X60_Y20_Z98,S2_20250719-195001.422594114+0800.h5,369;370;371;372;373;374;375;376;377,9,250,0.05,0.0205055845382835,0.0124345258301337,0.0251585982077269,2.102394986283471e-05,0.0001716984832752,1951,47.743576126152384,2.312976183589596,2.102394986283471e-05,11,False,False
RGM_0365008,2025-07-19 19:50:48.622594114,2025-07-19 19:50:48.672594114,2025-07-19 19:50:48.647594114,2025-07-19 19:50:48,2025-07-19 19:50:00,6,373,3373,ring51,ring,2.0,60.0,20.0,98.0,S2_ring_D2_X60_Y20_Z98,S2_20250719-195001.422594114+0800.h5,369;370;371;372;373;374;375;376;377,9,250,0.05,0.0217026841435717,0.0148641039874621,0.0227339919262943,2.355032495178195e-05,0.0001913247738722,1952,47.76527881029595,2.312999733914548,2.355032495178195e-05,11,False,False
RGM_0365050,2025-07-19 19:50:55.672594114,2025-07-19 19:50:55.772594114,2025-07-19 19:50:55.747594114,2025-07-19 19:50:55,2025-07-19 19:50:00,6,490,3490,ring58,ring,2.0,163.0,120.0,16.0,S2_ring_D2_X163_Y120_Z16,S2_20250719-195001.422594114+0800.h5,486;487;488;489;490;491;492;493;494,9,500,0.1,0.0147468790192669,0.0054300731786186,0.0212626866050394,2.1747044080889475e-05,0.0002108884360339,1953,47.78002568931522,2.313021480958629,2.1747044080889475e-05,58,False,False
RGM_0365303,2025-07-19 19:51:46.547594114,2025-07-19 19:51:46.597594114,2025-07-19 19:51:46.572594114,2025-07-19 19:51:46,2025-07-19 19:51:00,6,377,3377,ring51,ring,2.0,60.0,20.0,98.0,S2_ring_D2_X60_Y20_Z98,S2_20250719-195001.422594114+0800.h5,373;374;375;376;377;378;379;380;381,9,250,0.05,0.0192969687658759,0.0078535938805118,0.0285006212944546,1.8618650177559585e-05,0.0001850046723705,1954,47.7993226580811,2.3130400996088065,1.8618650177559585e-05,11,False,False
RGM_0365319,2025-07-19 19:51:49.397594114,2025-07-19 19:51:49.472594114,2025-07-19 19:51:49.447594114,2025-07-19 19:51:49,2025-07-19 19:51:00,6,377,3377,ring51,ring,2.0,60.0,20.0,98.0,S2_ring_D2_X60_Y20_Z98,S2_20250719-195001.422594114+0800.h5,373;374;375;376;377;378;379;380;381,9,375,0.075,0.0164125657358029,0.0065766714748138,0.0239938793082954,2.0202923552403997e-05,0.0001987084567389,1955,47.81573522381691,2.313060302532359,2.0202923552403997e-05,11,False,False
RGM_0365806,2025-07-19 19:53:24.497594114,2025-07-19 19:53:24.547594114,2025-07-19 19:53:24.522594114,2025-07-19 19:53:24,2025-07-19 19:53:00,6,379,3379,ring51,ring,2.0,60.0,20.0,98.0,S2_ring_D2_X60_Y20_Z98,S2_20250719-195001.422594114+0800.h5,375;376;377;378;379;380;381;382;383,9,250,0.05,0.0131107394979763,0.005503006817324,0.0164924020695582,8.594574509189922e-06,7.525934944947259e-05,1956,47.82884596331488,2.313068897106868,8.594574509189922e-06,11,False,False
RGM_0365824,2025-07-19 19:53:27.272594114,2025-07-19 19:53:27.422594114,2025-07-19 19:53:27.397594114,2025-07-19 19:53:27,2025-07-19 19:53:00,6,379,3379,ring51,ring,2.0,60.0,20.0,98.0,S2_ring_D2_X60_Y20_Z98,S2_20250719-195001.422594114+0800.h5,375;376;377;378;379;380;381;382;383,9,750,0.15,0.0134972562946532,0.0064060214363127,0.0156476347517158,2.7326389122533395e-05,0.0002304765328403,1957,47.84234321960954,2.3130962234959904,2.7326389122533395e-05,11,False,False
RGM_0365847,2025-07-19 19:53:30.097594114,2025-07-19 19:53:30.222594114,2025-07-19 19:53:30.197594114,2025-07-19 19:53:30,2025-07-19 19:53:00,6,379,3379,ring51,ring,2.0,60.0,20.0,98.0,S2_ring_D2_X60_Y20_Z98,S2_20250719-195001.422594114+0800.h5,375;376;377;378;379;380;381;382;383,9,625,0.125,0.0160367615162945,0.0068358048092305,0.0182651445101785,3.214721499131318e-05,0.0002573116348525,1958,47.85837998112584,2.3131283707109818,3.214721499131318e-05,11,False,False
RGM_0365878,2025-07-19 19:53:35.697594114,2025-07-19 19:53:35.747594114,2025-07-19 19:53:35.722594114,2025-07-19 19:53:35,2025-07-19 19:53:00,6,379,3379,ring51,ring,2.0,60.0,20.0,98.0,S2_ring_D2_X60_Y20_Z98,S2_20250719-195001.422594114+0800.h5,375;376;377;378;379;380;381;382;383,9,250,0.05,0.0139892478040277,0.0060542848422634,0.0157855301109467,9.784952706124768e-06,7.768823107499385e-05,1959,47.87236922892986,2.313138155663688,9.784952706124768e-06,11,False,False
RGM_0365893,2025-07-19 19:53:38.522594114,2025-07-19 19:53:38.572594114,2025-07-19 19:53:38.547594114,2025-07-19 19:53:38,2025-07-19 19:53:00,6,379,3379,ring51,ring,2.0,60.0,20.0,98.0,S2_ring_D2_X60_Y20_Z98,S2_20250719-195001.422594114+0800.h5,375;376;377;378;379;380;381;382;383,9,250,0.05,0.0145773101496764,0.0068304243151245,0.0163989992396717,1.0624898559992962e-05,8.437720979680022e-05,1960,47.88694653907954,2.313148780562248,1.0624898559992962e-05,11,False,False
RGM_0365925,2025-07-19 19:53:42.822594114,2025-07-19 19:53:42.872594114,2025-07-19 19:53:42.847594114,2025-07-19 19:53:42,2025-07-19 19:53:00,6,379,3379,ring51,ring,2.0,60.0,20.0,98.0,S2_ring_D2_X60_Y20_Z98,S2_20250719-195001.422594114+0800.h5,375;376;377;378;379;380;381;382;383,9,250,0.05,0.0163865167996381,0.0071012111115643,0.0194752161831538,1.34258966412411e-05,0.0001104394758999,1961,47.90333305587917,2.3131622064588893,1.34258966412411e-05,11,False,False
RGM_0366382,2025-07-19 19:55:07.447594114,2025-07-19 19:55:07.497594114,2025-07-19 19:55:07.472594114,2025-07-19 19:55:07,2025-07-19 19:55:00,6,379,3379,ring51,ring,2.0,60.0,20.0,98.0,S2_ring_D2_X60_Y20_Z98,S2_20250719-195001.422594114+0800.h5,375;376;377;378;379;380;381;382;383,9,250,0.05,0.0119313951323126,0.0070795430766437,0.0127548322373984,7.11790949016871e-06,5.558255718179175e-05,1962,47.91526445101149,2.3131693243683795,7.11790949016871e-06,11,False,False
RGM_0366574,2025-07-19 19:55:35.872594114,2025-07-19 19:55:35.922594114,2025-07-19 19:55:35.897594114,2025-07-19 19:55:35,2025-07-19 19:55:00,6,379,3379,ring51,ring,2.0,60.0,20.0,98.0,S2_ring_D2_X60_Y20_Z98,S2_20250719-195001.422594114+0800.h5,375;376;377;378;379;380;381;382;383,9,250,0.05,0.0132916804203813,0.0082233003286676,0.0177552762075992,8.833438419877454e-06,8.203108192928042e-05,1963,47.92855613143187,2.3131781578068,8.833438419877454e-06,11,False,False
RGM_0366621,2025-07-19 19:55:42.922594114,2025-07-19 19:55:42.972594114,2025-07-19 19:55:42.947594114,2025-07-19 19:55:42,2025-07-19 19:55:00,6,373,3373,ring51,ring,2.0,60.0,20.0,98.0,S2_ring_D2_X60_Y20_Z98,S2_20250719-195001.422594114+0800.h5,369;370;371;372;373;374;375;376;377,9,250,0.05,0.0211069520047694,0.0125824232395872,0.0223074252364118,2.2275171146582095e-05,0.0001659337656841,1964,47.94966308343664,2.313200432977946,2.2275171146582095e-05,11,False,False
RGM_0366731,2025-07-19 19:55:59.947594114,2025-07-19 19:56:00.072594114,2025-07-19 19:55:59.972594114,2025-07-19 19:55:59,2025-07-19 19:55:00,6,382,3382,ring51andring52,line,2.0,80.0,60.0,98.0,S2_line_D2_X80_Y60_Z98,S2_20250719-195001.422594114+0800.h5,378;379;380;381;382;383;384;385;386,9,625,0.125,0.009098772678265,0.0056090317200563,0.0114433701325147,1.034845803134271e-05,9.145914014908016e-05,1965,47.9587618561149,2.313210781435977,1.034845803134271e-05,19,False,False
RGM_0367254,2025-07-19 19:57:22.722594114,2025-07-19 19:57:22.847594114,2025-07-19 19:57:22.822594114,2025-07-19 19:57:22,2025-07-19 19:57:00,6,373,3373,ring51,ring,2.0,60.0,20.0,98.0,S2_ring_D2_X60_Y20_Z98,S2_20250719-195001.422594114+0800.h5,369;370;371;372;373;374;375;376;377,9,625,0.125,0.0214702535827389,0.0076478653220679,0.0239451069712084,5.762147361338908e-05,0.0003872407582753,1966,47.980232109697646,2.313268402909591,5.762147361338908e-05,11,False,False
RGM_0367817,2025-07-19 19:59:02.172594114,2025-07-19 19:59:02.222594114,2025-07-19 19:59:02.197594114,2025-07-19 19:59:02,2025-07-19 19:59:00,6,424,3424,ring54,ring,2.0,115.0,120.0,80.0,S2_ring_D2_X115_Y120_Z80,S2_20250719-195001.422594114+0800.h5,420;421;422;423;424;425;426;427;428,9,250,0.05,0.0309042111866347,0.0101631858495262,0.0335106726437075,4.775351345340616e-05,0.0003695178874558,1967,48.01113632088428,2.313316156423044,4.775351345340616e-05,34,False,False
RGM_0370074,2025-07-19 20:05:34.472852917,2025-07-19 20:05:34.522852917,2025-07-19 20:05:34.497852917,2025-07-19 20:05:34,2025-07-19 20:05:00,6,373,3373,ring51,ring,2.0,60.0,20.0,98.0,S2_ring_D2_X60_Y20_Z98,S2_20250719-200001.422852917+0800.h5,369;370;371;372;373;374;375;376;377,9,250,0.05,0.0212591352586791,0.010803826547258,0.0224017568075209,2.259754159734076e-05,0.0001709055053061,1968,48.03239545614296,2.3133387539646417,2.259754159734076e-05,11,False,False
RGM_0370712,2025-07-19 20:07:11.572852917,2025-07-19 20:07:11.622852917,2025-07-19 20:07:11.597852917,2025-07-19 20:07:11,2025-07-19 20:07:00,6,373,3373,ring51,ring,2.0,60.0,20.0,98.0,S2_ring_D2_X60_Y20_Z98,S2_20250719-200001.422852917+0800.h5,369;370;371;372;373;374;375;376;377,9,250,0.05,0.0219245007352742,0.0090761470240916,0.0240730017352219,2.403418662455204e-05,0.0001759469942216,1969,48.05431995687824,2.313362788151266,2.403418662455204e-05,11,False,False
RGM_0370990,2025-07-19 20:07:57.872852917,2025-07-19 20:07:57.922852917,2025-07-19 20:07:57.897852917,2025-07-19 20:07:57,2025-07-19 20:07:00,6,480,3480,ring57andring58,line,2.0,157.0,110.0,24.0,S2_line_D2_X157_Y110_Z24,S2_20250719-200001.422852917+0800.h5,476;477;478;479;480;481;482;483;484,9,250,0.05,0.0117287240517233,0.0055257367802653,0.0127958306787777,6.878148394073635e-06,4.9642948181659406e-05,1970,48.06604868092996,2.31336966629966,6.878148394073635e-06,57,False,False
RGM_0371074,2025-07-19 20:08:09.647852917,2025-07-19 20:08:09.747852917,2025-07-19 20:08:09.722852917,2025-07-19 20:08:09,2025-07-19 20:08:00,6,373,3373,ring51,ring,2.0,60.0,20.0,98.0,S2_ring_D2_X60_Y20_Z98,S2_20250719-200001.422852917+0800.h5,369;370;371;372;373;374;375;376;377,9,500,0.1,0.02918163021917,0.0108005595820831,0.034441902888867,8.515675422483769e-05,0.0006005284032418,1971,48.09523031114913,2.313454823053885,8.515675422483769e-05,11,False,False
RGM_0371143,2025-07-19 20:08:20.547852917,2025-07-19 20:08:20.597852917,2025-07-19 20:08:20.572852917,2025-07-19 20:08:20,2025-07-19 20:08:00,6,373,3373,ring51,ring,2.0,60.0,20.0,98.0,S2_ring_D2_X60_Y20_Z98,S2_20250719-200001.422852917+0800.h5,369;370;371;372;373;374;375;376;377,9,250,0.05,0.023343548977416,0.0077882849258656,0.0255663191941276,2.724606394305098e-05,0.0001918714665892,1972,48.11857386012655,2.3134820691178284,2.724606394305098e-05,11,False,False
RGM_0371236,2025-07-19 20:08:31.472852917,2025-07-19 20:08:31.522852917,2025-07-19 20:08:31.497852917,2025-07-19 20:08:31,2025-07-19 20:08:00,6,373,3373,ring51,ring,2.0,60.0,20.0,98.0,S2_ring_D2_X60_Y20_Z98,S2_20250719-200001.422852917+0800.h5,369;370;371;372;373;374;375;376;377,9,250,0.05,0.0311743932794653,0.0102552722131684,0.0358044863988495,4.859213981713861e-05,0.0003487279055627,1973,48.14974825340601,2.3135306612576456,4.859213981713861e-05,11,False,False
RGM_0371272,2025-07-19 20:08:35.072852917,2025-07-19 20:08:36.197852917,2025-07-19 20:08:35.197852917,2025-07-19 20:08:35,2025-07-19 20:08:00,6,373,3373,ring51,ring,2.0,60.0,20.0,98.0,S2_ring_D2_X60_Y20_Z98,S2_20250719-200001.422852917+0800.h5,369;370;371;372;373;374;375;376;377,9,5625,1.125,0.0181959098573532,0.0062940855922514,0.0250968441593045,0.000372477527479,0.0029177889433582,1974,48.16794416326336,2.3139031387851245,0.000372477527479,11,False,False
RGM_0371654,2025-07-19 20:09:30.572852917,2025-07-19 20:09:30.622852917,2025-07-19 20:09:30.597852917,2025-07-19 20:09:30,2025-07-19 20:09:00,6,478,3478,ring57andring58,line,2.0,157.0,70.0,24.0,S2_line_D2_X157_Y70_Z24,S2_20250719-200001.422852917+0800.h5,474;475;476;477;478;479;480;481;482,9,250,0.05,0.0104039085525555,0.0043650349820676,0.025684102277207,5.412065658496929e-06,0.000103853717272,1975,48.17834807181592,2.313908550850783,5.412065658496929e-06,55,False,False
RGM_0371754,2025-07-19 20:09:46.072852917,2025-07-19 20:09:46.122852917,2025-07-19 20:09:46.097852917,2025-07-19 20:09:46,2025-07-19 20:09:00,6,373,3373,ring51,ring,2.0,60.0,20.0,98.0,S2_ring_D2_X60_Y20_Z98,S2_20250719-200001.422852917+0800.h5,369;370;371;372;373;374;375;376;377,9,250,0.05,0.0211922526383814,0.0127850749003428,0.0270412962349149,2.2455578594449317e-05,0.0001928524282522,1976,48.1995403244543,2.313931006429377,2.2455578594449317e-05,11,False,False
RGM_0372064,2025-07-19 20:10:30.780028676,2025-07-19 20:10:33.530028676,2025-07-19 20:10:32.405028676,2025-07-19 20:10:32,2025-07-19 20:10:00,6,355,3355,ring50,ring,2.0,40.0,120.0,98.0,S2_ring_D2_X40_Y120_Z98,S2_20250719-201000.780028676+0800.h5,351;352;353;354;355;356;357;358;359,9,13750,2.75,0.0241862351395564,0.0070051288910382,0.0321015755196678,0.0016086784181212,0.0129524520000527,1977,48.22372655959386,2.3155396848474985,0.0016086784181212,10,False,False
RGM_0372232,2025-07-19 20:10:55.080028676,2025-07-19 20:10:55.130028676,2025-07-19 20:10:55.105028676,2025-07-19 20:10:55,2025-07-19 20:10:00,6,480,3480,ring57andring58,line,2.0,157.0,110.0,24.0,S2_line_D2_X157_Y110_Z24,S2_20250719-201000.780028676+0800.h5,476;477;478;479;480;481;482;483;484,9,250,0.05,0.018211409982289,0.0058306980822672,0.0224961521528919,1.6582772677150877e-05,0.0001311249101584,1978,48.24193796957615,2.315556267620176,1.6582772677150877e-05,57,False,False
RGM_0372695,2025-07-19 20:12:03.905028676,2025-07-19 20:12:03.955028676,2025-07-19 20:12:03.930028676,2025-07-19 20:12:03,2025-07-19 20:12:00,6,373,3373,ring51,ring,2.0,60.0,20.0,98.0,S2_ring_D2_X60_Y20_Z98,S2_20250719-201000.780028676+0800.h5,369;370;371;372;373;374;375;376;377,9,250,0.05,0.0213383436868679,0.0124904241227524,0.0324806415254552,2.276624556494487e-05,0.0002397503994812,1979,48.26327631326302,2.3155790338657405,2.276624556494487e-05,11,False,False
RGM_0374907,2025-07-19 20:14:58.030028676,2025-07-19 20:14:58.505028676,2025-07-19 20:14:58.155028676,2025-07-19 20:14:58,2025-07-19 20:14:00,6,379,3379,ring51,ring,2.0,60.0,20.0,98.0,S2_ring_D2_X60_Y20_Z98,S2_20250719-201000.780028676+0800.h5,375;376;377;378;379;380;381;382;383,9,2375,0.475,0.0077897472550752,0.006671397035519,0.0084812354164709,2.8823077091527333e-05,0.0002474413412053,1980,48.271066060518095,2.315607856942832,2.8823077091527333e-05,11,False,False
RGM_0375814,2025-07-19 20:15:20.880028676,2025-07-19 20:15:21.080028676,2025-07-19 20:15:20.980028676,2025-07-19 20:15:20,2025-07-19 20:15:00,6,368,3368,ring50andring51,line,2.0,60.0,40.0,98.0,S2_line_D2_X60_Y40_Z98,S2_20250719-201000.780028676+0800.h5,364;365;366;367;368;369;370;371;372,9,1000,0.2,0.0541902348350195,0.0276446917789645,0.0618121887644908,0.0005873163102949,0.0047728728534915,1981,48.32525629535312,2.316195173253127,0.0005873163102949,12,False,False
RGM_0376692,2025-07-19 20:15:45.180028676,2025-07-19 20:15:45.280028676,2025-07-19 20:15:45.230028676,2025-07-19 20:15:45,2025-07-19 20:15:00,6,371,3371,ring51,ring,2.0,60.0,20.0,98.0,S2_ring_D2_X60_Y20_Z98,S2_20250719-201000.780028676+0800.h5,367;368;369;370;371;372;373;374;375,9,500,0.1,0.0418629334785421,0.0056739900833664,0.0618618225277823,0.0001752505199428,0.0015855977239334,1982,48.367119228831655,2.31637042377307,0.0001752505199428,11,False,False
RGM_0377721,2025-07-19 20:16:26.530028676,2025-07-19 20:16:28.780028676,2025-07-19 20:16:27.930028676,2025-07-19 20:16:27,2025-07-19 20:16:00,6,368,3368,ring50andring51,line,2.0,60.0,40.0,98.0,S2_line_D2_X60_Y40_Z98,S2_20250719-201000.780028676+0800.h5,364;365;366;367;368;369;370;371;372,9,11250,2.25,0.0430254541419328,0.0112797235134831,0.0542658533153278,0.004165176834269,0.0342381371419003,1983,48.41014468297359,2.320535600607339,0.004165176834269,12,False,False
RGM_0378730,2025-07-19 20:18:00.680028676,2025-07-19 20:18:02.030028676,2025-07-19 20:18:01.880028676,2025-07-19 20:18:01,2025-07-19 20:18:00,6,480,3480,ring57andring58,line,2.0,157.0,110.0,24.0,S2_line_D2_X157_Y110_Z24,S2_20250719-201000.780028676+0800.h5,476;477;478;479;480;481;482;483;484,9,6750,1.35,0.0097843287136016,0.0048693973634594,0.0151937633933203,0.0001292396693073,0.0013666681494861,1984,48.41992901168719,2.3206648402766463,0.0001292396693073,57,False,False
RGM_0378807,2025-07-19 20:18:11.205028676,2025-07-19 20:18:11.255028676,2025-07-19 20:18:11.230028676,2025-07-19 20:18:11,2025-07-19 20:18:00,6,431,3431,ring54andring55,line,2.0,121.0,50.0,72.0,S2_line_D2_X121_Y50_Z72,S2_20250719-201000.780028676+0800.h5,427;428;429;430;431;432;433;434;435,9,250,0.05,0.0205184397362699,0.0090035793865775,0.0240933222362685,2.1050318460547097e-05,0.000168089036606,1985,48.44044745142346,2.3206858905951067,2.1050318460547097e-05,36,False,False
RGM_0378975,2025-07-19 20:18:37.855028676,2025-07-19 20:18:37.905028676,2025-07-19 20:18:37.880028676,2025-07-19 20:18:37,2025-07-19 20:18:00,6,373,3373,ring51,ring,2.0,60.0,20.0,98.0,S2_ring_D2_X60_Y20_Z98,S2_20250719-201000.780028676+0800.h5,369;370;371;372;373;374;375;376;377,9,250,0.05,0.0206737753760851,0.0093843770960019,0.0409759092265255,2.13702494150412e-05,0.0003077187689865,1986,48.46112122679954,2.3207072608445216,2.13702494150412e-05,11,False,False
RGM_0379193,2025-07-19 20:19:04.555028676,2025-07-19 20:19:04.605028676,2025-07-19 20:19:04.580028676,2025-07-19 20:19:04,2025-07-19 20:19:00,6,480,3480,ring57andring58,line,2.0,157.0,110.0,24.0,S2_line_D2_X157_Y110_Z24,S2_20250719-201000.780028676+0800.h5,476;477;478;479;480;481;482;483;484,9,250,0.05,0.0137947122344151,0.0054414041281517,0.0222411476635637,9.514704281516113e-06,0.0001070061704253,1987,48.47491593903396,2.320716775548803,9.514704281516113e-06,57,False,False
RGM_0379997,2025-07-19 20:20:54.380308616,2025-07-19 20:20:54.455308616,2025-07-19 20:20:54.430308616,2025-07-19 20:20:54,2025-07-19 20:20:00,6,492,3492,andring58,line,2.0,169.0,110.0,8.0,S2_line_D2_X169_Y110_Z8,S2_20250719-202000.780308616+0800.h5,488;489;490;491;492;493;494;495,8,375,0.075,0.0144005503612551,0.0089859547200779,0.0155143803500184,1.5579079820598483e-05,0.0001090104865502,1988,48.48931648939521,2.320732354628624,1.5579079820598483e-05,62,False,False
RGM_0380623,2025-07-19 20:22:09.930308616,2025-07-19 20:22:10.055308616,2025-07-19 20:22:10.030308616,2025-07-19 20:22:10,2025-07-19 20:22:00,6,373,3373,ring51,ring,2.0,60.0,20.0,98.0,S2_ring_D2_X60_Y20_Z98,S2_20250719-202000.780308616+0800.h5,369;370;371;372;373;374;375;376;377,9,625,0.125,0.0230944354517112,0.0084635861276481,0.0268104451485553,6.666911860415712e-05,0.0004991436298171,1989,48.51241092484692,2.320799023747228,6.666911860415712e-05,11,False,False
RGM_0380683,2025-07-19 20:22:15.280308616,2025-07-19 20:22:16.530308616,2025-07-19 20:22:15.755308616,2025-07-19 20:22:15,2025-07-19 20:22:00,6,373,3373,ring51,ring,2.0,60.0,20.0,98.0,S2_ring_D2_X60_Y20_Z98,S2_20250719-202000.780308616+0800.h5,369;370;371;372;373;374;375;376;377,9,6250,1.25,0.0185573366013568,0.0065080333337249,0.0259608795730972,0.00043046842717,0.0038897474272735,1990,48.53096826144827,2.321229492174397,0.00043046842717,11,False,False
RGM_0381170,2025-07-19 20:22:57.980308616,2025-07-19 20:22:58.080308616,2025-07-19 20:22:58.005308616,2025-07-19 20:22:58,2025-07-19 20:22:00,6,483,3483,ring58,ring,2.0,163.0,120.0,16.0,S2_ring_D2_X163_Y120_Z16,S2_20250719-202000.780308616+0800.h5,479;480;481;482;483;484;485;486;487,9,500,0.1,0.0173098106019425,0.0057521911671848,0.0198677796685757,2.996295430751229e-05,0.0002384324459048,1991,48.548278072050216,2.321259455128705,2.996295430751229e-05,58,False,False
RGM_0381400,2025-07-19 20:23:20.355308616,2025-07-19 20:23:20.405308616,2025-07-19 20:23:20.380308616,2025-07-19 20:23:20,2025-07-19 20:23:00,6,495,3495,andring58,line,2.0,169.0,50.0,8.0,S2_line_D2_X169_Y50_Z8,S2_20250719-202000.780308616+0800.h5,491;492;493;494;495,5,250,0.05,0.0085820784088633,0.008110888775292,0.0111866384444163,3.682603490793887e-06,2.058491687744156e-05,1992,48.55686015045908,2.3212631377321955,3.682603490793887e-06,59,False,False
RGM_0381644,2025-07-19 20:23:51.805308616,2025-07-19 20:23:51.880308616,2025-07-19 20:23:51.830308616,2025-07-19 20:23:51,2025-07-19 20:23:00,6,373,3373,ring51,ring,2.0,60.0,20.0,98.0,S2_ring_D2_X60_Y20_Z98,S2_20250719-202000.780308616+0800.h5,369;370;371;372;373;374;375;376;377,9,375,0.075,0.0332678861055345,0.0195075785905207,0.0379957647081875,8.300641844481117e-05,0.0006980543226097,1993,48.59012803656461,2.3213461441506404,8.300641844481117e-05,11,False,False
RGM_0381648,2025-07-19 20:23:52.530308616,2025-07-19 20:23:52.580308616,2025-07-19 20:23:52.555308616,2025-07-19 20:23:52,2025-07-19 20:23:00,6,373,3373,ring51,ring,2.0,60.0,20.0,98.0,S2_ring_D2_X60_Y20_Z98,S2_20250719-202000.780308616+0800.h5,369;370;371;372;373;374;375;376;377,9,250,0.05,0.0219147675969805,0.011732597599714,0.0323642047499292,2.4012851941483383e-05,0.0002352899380662,1994,48.6120428041616,2.321370157002582,2.4012851941483383e-05,11,False,False
RGM_0381743,2025-07-19 20:24:05.130308616,2025-07-19 20:24:05.180308616,2025-07-19 20:24:05.155308616,2025-07-19 20:24:05,2025-07-19 20:24:00,6,488,3488,ring58,ring,2.0,163.0,120.0,16.0,S2_ring_D2_X163_Y120_Z16,S2_20250719-202000.780308616+0800.h5,484;485;486;487;488;489;490;491;492,9,250,0.05,0.0187728011521794,0.0078259074066433,0.0202517701803432,1.7620903154963537e-05,0.0001237219958444,1995,48.63081560531378,2.321387777905737,1.7620903154963537e-05,58,False,False
RGM_0382082,2025-07-19 20:24:45.755308616,2025-07-19 20:24:46.005308616,2025-07-19 20:24:45.980308616,2025-07-19 20:24:45,2025-07-19 20:24:00,6,490,3490,ring58,ring,2.0,163.0,120.0,16.0,S2_ring_D2_X163_Y120_Z16,S2_20250719-202000.780308616+0800.h5,486;487;488;489;490;491;492;493;494,9,1250,0.25,0.0115807728328066,0.0061038171984201,0.0119809849950006,3.352857485126809e-05,0.0002323057304644,1996,48.642396378146586,2.321421306480588,3.352857485126809e-05,58,False,False
RGM_0384095,2025-07-19 20:29:45.380308616,2025-07-19 20:29:47.805308616,2025-07-19 20:29:47.255308616,2025-07-19 20:29:47,2025-07-19 20:29:00,6,96,3096,ring04,ring,80.0,150.0,18.4,20.0,S2_ring_D80_X150_Y18.4_Z20,S2_20250719-202000.780308616+0800.h5,92;93;94;95;96;97;98;99;100,9,12125,2.425,0.0056474981664555,0.0033486294299272,0.0063164040262975,7.734352118478751e-05,0.0006199976082988,1997,48.64804387631304,2.321498650001773,7.734352118478751e-05,103,True,True
RGM_0387889,2025-07-19 20:36:05.030600655,2025-07-19 20:36:06.030600655,2025-07-19 20:36:05.530600655,2025-07-19 20:36:05,2025-07-19 20:36:00,6,93,3093,ring03andring04,line,80.0,150.0,25.6,20.0,S2_line_D80_X150_Y25.6_Z20,S2_20250719-203000.780600655+0800.h5,89;90;91;92;93;94;95;96;97,9,5000,1.0,0.0062319147590021,0.0058116951799151,0.0064876712959895,3.883676156346889e-05,0.0003471199269966,1998,48.65427579107204,2.3215374867633365,3.883676156346889e-05,104,True,True
RGM_0387895,2025-07-19 20:36:05.280600655,2025-07-19 20:36:06.280600655,2025-07-19 20:36:05.780600655,2025-07-19 20:36:05,2025-07-19 20:36:00,6,92,3092,ring03andring04,line,80.0,150.0,45.6,20.0,S2_line_D80_X150_Y45.6_Z20,S2_20250719-203000.780600655+0800.h5,88;89;90;91;92;93;94;95;96,9,5000,1.0,0.0064214626691587,0.005996015327658,0.0067478870459347,4.123518281139885e-05,0.0003652556399202,1999,48.6606972537412,2.321578721946148,4.123518281139885e-05,105,False,False
RGM_0387899,2025-07-19 20:36:05.655600655,2025-07-19 20:36:06.155600655,2025-07-19 20:36:05.905600655,2025-07-19 20:36:05,2025-07-19 20:36:00,6,92,3092,ring03andring04,line,80.0,150.0,45.6,20.0,S2_line_D80_X150_Y45.6_Z20,S2_20250719-203000.780600655+0800.h5,88;89;90;91;92;93;94;95;96,9,2500,0.5,0.0077973677184791,0.0072788405946325,0.0080465289497999,3.0399471668590583e-05,0.0002694701397411,2000,48.66849462145968,2.3216091214178163,3.0399471668590583e-05,105,False,False
RGM_0387900,2025-07-19 20:36:05.830600655,2025-07-19 20:36:06.030600655,2025-07-19 20:36:05.930600655,2025-07-19 20:36:05,2025-07-19 20:36:00,6,95,3095,ring04,ring,80.0,150.0,18.4,20.0,S2_ring_D80_X150_Y18.4_Z20,S2_20250719-203000.780600655+0800.h5,91;92;93;94;95;96;97;98;99,9,1000,0.2,0.0109480052694048,0.0098188622238501,0.0114834947502924,2.3971763875783246e-05,0.000208077430797,2001,48.679442626729085,2.321633093181692,2.3971763875783246e-05,103,True,True
RGM_0387902,2025-07-19 20:36:05.930600655,2025-07-19 20:36:05.980600655,2025-07-19 20:36:05.955600655,2025-07-19 20:36:05,2025-07-19 20:36:00,6,85,3085,ring02,ring,80.0,150.0,87.2,20.0,S2_ring_D80_X150_Y87.2_Z20,S2_20250719-203000.780600655+0800.h5,81;82;83;84;85;86;87;88;89,9,250,0.05,0.0102193738222973,0.0043211445439222,0.0153575437735257,5.221780065992788e-06,5.214368278632048e-05,2002,48.68966200055138,2.321638314961758,5.221780065992788e-06,109,False,False
RGM_0387903,2025-07-19 20:36:05.905600655,2025-07-19 20:36:06.005600655,2025-07-19 20:36:05.955600655,2025-07-19 20:36:05,2025-07-19 20:36:00,6,92,3092,ring03andring04,line,80.0,150.0,45.6,20.0,S2_line_D80_X150_Y45.6_Z20,S2_20250719-203000.780600655+0800.h5,88;89;90;91;92;93;94;95;96,9,500,0.1,0.0145556579243248,0.0135908276750227,0.0152691064471299,2.118671776099621e-05,0.0001873493281259,2003,48.704217658475706,2.321659501679519,2.118671776099621e-05,105,False,False
RGM_0387905,2025-07-19 20:36:05.905600655,2025-07-19 20:36:06.005600655,2025-07-19 20:36:05.955600655,2025-07-19 20:36:05,2025-07-19 20:36:00,6,89,3089,ring03,ring,80.0,150.0,52.8,20.0,S2_ring_D80_X150_Y52.8_Z20,S2_20250719-203000.780600655+0800.h5,85;86;87;88;89;90;91;92;93,9,500,0.1,0.0136181325592797,0.0081196981848062,0.0152691064471299,1.8545353440211437e-05,0.0001608468500403,2004,48.717835791034986,2.321678047032959,1.8545353440211437e-05,106,False,False
RGM_0387906,2025-07-19 20:36:05.880600655,2025-07-19 20:36:06.080600655,2025-07-19 20:36:05.955600655,2025-07-19 20:36:05,2025-07-19 20:36:00,6,90,3090,ring03,ring,80.0,150.0,52.8,20.0,S2_ring_D80_X150_Y52.8_Z20,S2_20250719-203000.780600655+0800.h5,86;87;88;89;90;91;92;93;94,9,1000,0.2,0.0105026496646583,0.0085589670964513,0.0114461276838916,2.2061129995709693e-05,0.0001978350102764,2005,48.728338440699645,2.321700108162955,2.2061129995709693e-05,106,False,False
RGM_0387908,2025-07-19 20:36:05.880600655,2025-07-19 20:36:06.080600655,2025-07-19 20:36:05.980600655,2025-07-19 20:36:05,2025-07-19 20:36:00,6,92,3092,ring03andring04,line,80.0,150.0,45.6,20.0,S2_line_D80_X150_Y45.6_Z20,S2_20250719-203000.780600655+0800.h5,88;89;90;91;92;93;94;95;96,9,1000,0.2,0.0108722341428967,0.0101159045564947,0.0114461276838916,2.3641095051593992e-05,0.0002110679513973,2006,48.73921067484254,2.3217237492580063,2.3641095051593992e-05,105,False,False
RGM_0387909,2025-07-19 20:36:05.930600655,2025-07-19 20:36:06.030600655,2025-07-19 20:36:05.980600655,2025-07-19 20:36:05,2025-07-19 20:36:00,6,85,3085,ring02,ring,80.0,150.0,87.2,20.0,S2_ring_D80_X150_Y87.2_Z20,S2_20250719-203000.780600655+0800.h5,81;82;83;84;85;86;87;88;89,9,500,0.1,0.0082328919942471,0.0037843157912963,0.0138906971569633,6.7780510588939015e-06,8.074452697856086e-05,2007,48.74744356683679,2.3217305273090654,6.7780510588939015e-06,109,False,False
RGM_0387911,2025-07-19 20:36:05.530600655,2025-07-19 20:36:06.530600655,2025-07-19 20:36:06.030600655,2025-07-19 20:36:06,2025-07-19 20:36:00,6,86,3086,ring02,ring,80.0,150.0,87.2,20.0,S2_ring_D80_X150_Y87.2_Z20,S2_20250719-203000.780600655+0800.h5,82;83;84;85;86;87;88;89;90,9,5000,1.0,0.0063183112727268,0.0029467104762658,0.0071090597661185,3.9921057339067325e-05,0.0002919453753984,2008,48.75376187810952,2.3217704483664043,3.9921057339067325e-05,109,False,False
RGM_0387913,2025-07-19 20:36:05.930600655,2025-07-19 20:36:06.130600655,2025-07-19 20:36:06.030600655,2025-07-19 20:36:06,2025-07-19 20:36:00,6,85,3085,ring02,ring,80.0,150.0,87.2,20.0,S2_ring_D80_X150_Y87.2_Z20,S2_20250719-203000.780600655+0800.h5,81;82;83;84;85;86;87;88;89,9,1000,0.2,0.0069252264053202,0.0035699591502121,0.0107885226154737,9.591752152988932e-06,0.0001073126434527,2009,48.76068710451484,2.3217800401185573,9.591752152988932e-06,109,False,False
RGM_0387916,2025-07-19 20:36:05.905600655,2025-07-19 20:36:06.405600655,2025-07-19 20:36:06.155600655,2025-07-19 20:36:06,2025-07-19 20:36:00,6,91,3091,ring03,ring,80.0,150.0,52.8,20.0,S2_ring_D80_X150_Y52.8_Z20,S2_20250719-203000.780600655+0800.h5,87;88;89;90;91;92;93;94;95,9,2500,0.5,0.0080285171655226,0.0068971175629346,0.0087816312773292,3.222854393854556e-05,0.0002907880625402,2010,48.76871562168036,2.321812268662496,3.222854393854556e-05,106,False,False
RGM_0387917,2025-07-19 20:36:05.905600655,2025-07-19 20:36:06.405600655,2025-07-19 20:36:06.155600655,2025-07-19 20:36:06,2025-07-19 20:36:00,6,96,3096,ring04,ring,80.0,150.0,18.4,20.0,S2_ring_D80_X150_Y18.4_Z20,S2_20250719-203000.780600655+0800.h5,92;93;94;95;96;97;98;99;100,9,2500,0.5,0.0078276951146199,0.0068971175629346,0.0085512732595317,3.063640540372259e-05,0.0002710017250236,2011,48.77654331679498,2.3218429050678995,3.063640540372259e-05,103,True,True
RGM_0387920,2025-07-19 20:36:05.280600655,2025-07-19 20:36:07.280600655,2025-07-19 20:36:06.280600655,2025-07-19 20:36:06,2025-07-19 20:36:00,6,88,3088,ring02andring03,line,80.0,150.0,60.0,20.0,S2_line_D80_X150_Y60_Z20,S2_20250719-203000.780600655+0800.h5,84;85;86;87;88;89;90;91;92,9,10000,2.0,0.0056183659961639,0.0032747458366726,0.0061922610132504,6.31320729337024e-05,0.0005209395452768,2012,48.78216168279114,2.3219060371408333,6.31320729337024e-05,107,False,False
RGM_0388595,2025-07-19 20:37:32.955600655,2025-07-19 20:37:33.130600655,2025-07-19 20:37:33.005600655,2025-07-19 20:37:33,2025-07-19 20:37:00,6,480,3480,ring57andring58,line,2.0,157.0,110.0,24.0,S2_line_D2_X157_Y110_Z24,S2_20250719-203000.780600655+0800.h5,476;477;478;479;480;481;482;483;484,9,875,0.175,0.0075087564048445,0.0071415840887185,0.0078788845691413,9.866748980776585e-06,8.918281563040714e-05,2013,48.78967043919599,2.3219159038898143,9.866748980776585e-06,57,False,False
RGM_0388693,2025-07-19 20:37:43.105600655,2025-07-19 20:37:43.180600655,2025-07-19 20:37:43.155600655,2025-07-19 20:37:43,2025-07-19 20:37:00,6,438,3438,ring55,ring,2.0,127.0,20.0,64.0,S2_ring_D2_X127_Y20_Z64,S2_20250719-203000.780600655+0800.h5,434;435;436;437;438;439;440;441;442,9,375,0.075,0.0139560585615126,0.0095477980192494,0.0156404257684398,1.4607867792927758e-05,0.0001169017903511,2014,48.8036264977575,2.321930511757607,1.4607867792927758e-05,40,False,False
RGM_0388696,2025-07-19 20:37:43.030600655,2025-07-19 20:37:43.530600655,2025-07-19 20:37:43.205600655,2025-07-19 20:37:43,2025-07-19 20:37:00,6,267,3267,ring38,ring,20.0,90.0,52.8,80.0,S2_ring_D20_X90_Y52.8_Z80,S2_20250719-203000.780600655+0800.h5,263;264;265;266;267;268;269;270;271,9,2500,0.5,0.0103276551508278,0.0048048439425452,0.013039862116841,5.333023045721026e-05,0.0004390785530087,2015,48.81395415290832,2.321983841988064,5.333023045721026e-05,86,False,False
RGM_0388702,2025-07-19 20:37:44.080600655,2025-07-19 20:37:44.130600655,2025-07-19 20:37:44.105600655,2025-07-19 20:37:44,2025-07-19 20:37:00,6,479,3479,ring57andring58,line,2.0,157.0,90.0,24.0,S2_line_D2_X157_Y90_Z24,S2_20250719-203000.780600655+0800.h5,475;476;477;478;479;480;481;482;483,9,250,0.05,0.0112233972940184,0.0056016236148779,0.0171685641633951,6.298232340969015e-06,6.53203352301245e-05,2016,48.82517755020234,2.321990140220405,6.298232340969015e-06,56,False,False
RGM_0388703,2025-07-19 20:37:44.080600655,2025-07-19 20:37:44.130600655,2025-07-19 20:37:44.105600655,2025-07-19 20:37:44,2025-07-19 20:37:00,6,416,3416,ring53andring54,line,2.0,95.0,100.0,98.0,S2_line_D2_X95_Y100_Z98,S2_20250719-203000.780600655+0800.h5,412;413;414;415;416;417;418;419;420,9,250,0.05,0.0136595262106828,0.00354020274281,0.0189951239687378,9.32913281501662e-06,7.884462381291785e-05,2017,48.83883707641302,2.32199946935322,9.32913281501662e-06,33,False,False
RGM_0388704,2025-07-19 20:37:44.080600655,2025-07-19 20:37:44.130600655,2025-07-19 20:37:44.105600655,2025-07-19 20:37:44,2025-07-19 20:37:00,6,480,3480,ring57andring58,line,2.0,157.0,110.0,24.0,S2_line_D2_X157_Y110_Z24,S2_20250719-203000.780600655+0800.h5,476;477;478;479;480;481;482;483;484,9,250,0.05,0.0135830873022582,0.0056016236148779,0.0171685641633951,9.22501303303847e-06,7.738484087280833e-05,2018,48.85242016371528,2.322008694366253,9.22501303303847e-06,57,False,False
RGM_0388705,2025-07-19 20:37:44.080600655,2025-07-19 20:37:44.180600655,2025-07-19 20:37:44.130600655,2025-07-19 20:37:44,2025-07-19 20:37:00,6,416,3416,ring53andring54,line,2.0,95.0,100.0,98.0,S2_line_D2_X95_Y100_Z98,S2_20250719-203000.780600655+0800.h5,412;413;414;415;416;417;418;419;420,9,500,0.1,0.0128917783499809,0.0035093591459275,0.0177056460210491,1.6619794902503783e-05,0.000139334953681,2019,48.86531194206526,2.322025314161156,1.6619794902503783e-05,33,False,False
RGM_0388706,2025-07-19 20:37:44.155600655,2025-07-19 20:37:44.305600655,2025-07-19 20:37:44.230600655,2025-07-19 20:37:44,2025-07-19 20:37:00,6,495,3495,andring58,line,2.0,169.0,50.0,8.0,S2_line_D2_X169_Y50_Z8,S2_20250719-203000.780600655+0800.h5,491;492;493;494;495,5,750,0.15,0.0133617855885608,0.0114829128802141,0.0135822399514927,2.678059711720078e-05,0.0001254988374471,2020,48.87867372765382,2.322052094758273,2.678059711720078e-05,59,False,False
RGM_0388709,2025-07-19 20:37:44.280600655,2025-07-19 20:37:44.330600655,2025-07-19 20:37:44.305600655,2025-07-19 20:37:44,2025-07-19 20:37:00,6,477,3477,ring57andring58,line,2.0,157.0,50.0,24.0,S2_line_D2_X157_Y50_Z24,S2_20250719-203000.780600655+0800.h5,473;474;475;476;477;478;479;480;481,9,250,0.05,0.0124459261756414,0.0081195298701122,0.0133174053270622,7.745053918475873e-06,6.08725074718924e-05,2021,48.89111965382946,2.322059839812192,7.745053918475873e-06,54,False,False
RGM_0388710,2025-07-19 20:37:44.280600655,2025-07-19 20:37:44.330600655,2025-07-19 20:37:44.305600655,2025-07-19 20:37:44,2025-07-19 20:37:00,6,479,3479,ring57andring58,line,2.0,157.0,90.0,24.0,S2_line_D2_X157_Y90_Z24,S2_20250719-203000.780600655+0800.h5,475;476;477;478;479;480;481;482;483,9,250,0.05,0.0124459261756414,0.0072358325317718,0.0133174053270622,7.745053918475873e-06,5.600981150545909e-05,2022,48.90356558000511,2.3220675848661103,7.745053918475873e-06,56,False,False
RGM_0388712,2025-07-19 20:37:44.280600655,2025-07-19 20:37:44.330600655,2025-07-19 20:37:44.305600655,2025-07-19 20:37:44,2025-07-19 20:37:00,6,478,3478,ring57andring58,line,2.0,157.0,70.0,24.0,S2_line_D2_X157_Y70_Z24,S2_20250719-203000.780600655+0800.h5,474;475;476;477;478;479;480;481;482,9,250,0.05,0.0124459261756414,0.0074505299870373,0.0133174053270622,7.745053918475873e-06,5.984231015944852e-05,2023,48.91601150618075,2.322075329920029,7.745053918475873e-06,55,False,False
RGM_0388716,2025-07-19 20:37:44.455600655,2025-07-19 20:37:44.505600655,2025-07-19 20:37:44.480600655,2025-07-19 20:37:44,2025-07-19 20:37:00,6,462,3462,ring56andring57,line,2.0,145.0,70.0,40.0,S2_line_D2_X145_Y70_Z40,S2_20250719-203000.780600655+0800.h5,458;459;460;461;462;463;464;465;466,9,250,0.05,0.0168321748514542,0.0054095618755863,0.0185618738559774,1.416610551149652e-05,0.0001037436214147,2024,48.9328436810322,2.3220894960255403,1.416610551149652e-05,49,False,False
RGM_0388718,2025-07-19 20:37:44.455600655,2025-07-19 20:37:44.555600655,2025-07-19 20:37:44.505600655,2025-07-19 20:37:44,2025-07-19 20:37:00,6,490,3490,ring58,ring,2.0,163.0,120.0,16.0,S2_ring_D2_X163_Y120_Z16,S2_20250719-203000.780600655+0800.h5,486;487;488;489;490;491;492;493;494,9,500,0.1,0.0193797052102221,0.0118801745047416,0.022032639820757,3.755729740351127e-05,0.0003150677181184,2025,48.95222338624242,2.322127053322944,3.755729740351127e-05,58,False,False
RGM_0388719,2025-07-19 20:37:44.455600655,2025-07-19 20:37:44.555600655,2025-07-19 20:37:44.505600655,2025-07-19 20:37:44,2025-07-19 20:37:00,6,462,3462,ring56andring57,line,2.0,145.0,70.0,40.0,S2_line_D2_X145_Y70_Z40,S2_20250719-203000.780600655+0800.h5,458;459;460;461;462;463;464;465;466,9,500,0.1,0.0171933020512045,0.0052922535327822,0.0184974674569636,2.95609635423954e-05,0.0002034346615471,2026,48.96941668829363,2.3221566142864862,2.95609635423954e-05,49,False,False
RGM_0388720,2025-07-19 20:37:44.455600655,2025-07-19 20:37:44.555600655,2025-07-19 20:37:44.505600655,2025-07-19 20:37:44,2025-07-19 20:37:00,6,493,3493,andring58,line,2.0,169.0,90.0,8.0,S2_line_D2_X169_Y90_Z8,S2_20250719-203000.780600655+0800.h5,489;490;491;492;493;494;495,7,500,0.1,0.0209271977244673,0.0162689689973594,0.022032639820757,4.3794760459894974e-05,0.0002857052229825,2027,48.990343886018096,2.322200409046946,4.3794760459894974e-05,61,False,False
RGM_0388721,2025-07-19 20:37:44.455600655,2025-07-19 20:37:44.555600655,2025-07-19 20:37:44.505600655,2025-07-19 20:37:44,2025-07-19 20:37:00,6,495,3495,andring58,line,2.0,169.0,50.0,8.0,S2_line_D2_X169_Y50_Z8,S2_20250719-203000.780600655+0800.h5,491;492;493;494;495,5,500,0.1,0.0213173830942328,0.0162689689973594,0.022032639820757,4.544308219862824e-05,0.0002058590620824,2028,49.01166126911233,2.3222458521291447,4.544308219862824e-05,59,False,False
RGM_0388722,2025-07-19 20:37:44.455600655,2025-07-19 20:37:44.555600655,2025-07-19 20:37:44.505600655,2025-07-19 20:37:44,2025-07-19 20:37:00,6,464,3464,ring56andring57,line,2.0,145.0,30.0,40.0,S2_line_D2_X145_Y30_Z40,S2_20250719-203000.780600655+0800.h5,460;461;462;463;464;465;466;467;468,9,500,0.1,0.0171933020512045,0.0113007066756508,0.0184974674569636,2.95609635423954e-05,0.0002315565517828,2029,49.028854571163535,2.322275413092687,2.95609635423954e-05,47,False,False
RGM_0388723,2025-07-19 20:37:44.455600655,2025-07-19 20:37:44.555600655,2025-07-19 20:37:44.505600655,2025-07-19 20:37:44,2025-07-19 20:37:00,6,463,3463,ring56andring57,line,2.0,145.0,50.0,40.0,S2_line_D2_X145_Y50_Z40,S2_20250719-203000.780600655+0800.h5,459;460;461;462;463;464;465;466;467,9,500,0.1,0.0171933020512045,0.0075381364986622,0.0184974674569636,2.95609635423954e-05,0.0002231635634978,2030,49.04604787321474,2.3223049740562294,2.95609635423954e-05,48,False,False
RGM_0388724,2025-07-19 20:37:44.455600655,2025-07-19 20:37:44.555600655,2025-07-19 20:37:44.505600655,2025-07-19 20:37:44,2025-07-19 20:37:00,6,461,3461,ring56andring57,line,2.0,145.0,90.0,40.0,S2_line_D2_X145_Y90_Z40,S2_20250719-203000.780600655+0800.h5,457;458;459;460;461;462;463;464;465,9,500,0.1,0.0149982890290642,0.0043809050791168,0.0184974674569636,2.249486737993496e-05,0.0001757929309359,2031,49.061046162243805,2.3223274689236093,2.249486737993496e-05,50,False,False
RGM_0388725,2025-07-19 20:37:44.430600655,2025-07-19 20:37:44.630600655,2025-07-19 20:37:44.530600655,2025-07-19 20:37:44,2025-07-19 20:37:00,6,492,3492,andring58,line,2.0,169.0,110.0,8.0,S2_line_D2_X169_Y110_Z8,S2_20250719-203000.780600655+0800.h5,488;489;490;491;492;493;494;495,8,1000,0.2,0.0148281843820298,0.0120854584207758,0.0161354024697268,4.403321115823439e-05,0.0003390764746915,2032,49.07587434662584,2.3223715021347675,4.403321115823439e-05,62,False,False
RGM_0388727,2025-07-19 20:37:44.430600655,2025-07-19 20:37:44.630600655,2025-07-19 20:37:44.530600655,2025-07-19 20:37:44,2025-07-19 20:37:00,6,495,3495,andring58,line,2.0,169.0,50.0,8.0,S2_line_D2_X169_Y50_Z8,S2_20250719-203000.780600655+0800.h5,491;492;493;494;495,5,1000,0.2,0.0156513782217391,0.0120854584207758,0.0161354024697268,4.899312804798613e-05,0.0002223845075466,2033,49.09152572484758,2.322420495262816,4.899312804798613e-05,59,False,False
RGM_0388728,2025-07-19 20:37:44.530600655,2025-07-19 20:37:44.580600655,2025-07-19 20:37:44.555600655,2025-07-19 20:37:44,2025-07-19 20:37:00,6,464,3464,ring56andring57,line,2.0,145.0,30.0,40.0,S2_line_D2_X145_Y30_Z40,S2_20250719-203000.780600655+0800.h5,460;461;462;463;464;465;466;467;468,9,250,0.05,0.0179900504265384,0.0120023544401147,0.0196057969257561,1.6182095717469743e-05,0.00013256998623,2034,49.10951577527412,2.322436677358533,1.6182095717469743e-05,47,False,False
RGM_0388729,2025-07-19 20:37:44.505600655,2025-07-19 20:37:44.605600655,2025-07-19 20:37:44.555600655,2025-07-19 20:37:44,2025-07-19 20:37:00,6,494,3494,andring58,line,2.0,169.0,70.0,8.0,S2_line_D2_X169_Y70_Z8,S2_20250719-203000.780600655+0800.h5,490;491;492;493;494;495,6,500,0.1,0.020923637973376,0.0162395906156322,0.0217758725641118,4.37842976792621e-05,0.0002451695258274,2035,49.13043941324749,2.3224804616562125,4.37842976792621e-05,60,False,False
RGM_0388731,2025-07-19 20:37:44.530600655,2025-07-19 20:37:44.580600655,2025-07-19 20:37:44.555600655,2025-07-19 20:37:44,2025-07-19 20:37:00,6,462,3462,ring56andring57,line,2.0,145.0,70.0,40.0,S2_line_D2_X145_Y70_Z40,S2_20250719-203000.780600655+0800.h5,458;459;460;461;462;463;464;465;466,9,250,0.05,0.0179900504265384,0.0060206158335365,0.0196057969257561,1.6182095717469743e-05,0.0001147832289778,2036,49.148429463674034,2.32249664375193,1.6182095717469743e-05,49,False,False
RGM_0388771,2025-07-19 20:37:44.855600655,2025-07-19 20:37:44.905600655,2025-07-19 20:37:44.880600655,2025-07-19 20:37:44,2025-07-19 20:37:00,6,455,3455,ring56,ring,2.0,139.0,120.0,48.0,S2_ring_D2_X139_Y120_Z48,S2_20250719-203000.780600655+0800.h5,451;452;453;454;455;456;457;458;459,9,250,0.05,0.0267778180469954,0.0073978449043467,0.0322462235625479,3.585257696789978e-05,0.000265205578067,2038,49.182104516872656,2.3225372535141715,3.585257696789978e-05,46,False,False
RGM_0389240,2025-07-19 20:37:45.555600655,2025-07-19 20:37:45.605600655,2025-07-19 20:37:45.580600655,2025-07-19 20:37:45,2025-07-19 20:37:00,6,438,3438,ring55,ring,2.0,127.0,20.0,64.0,S2_ring_D2_X127_Y20_Z64,S2_20250719-203000.780600655+0800.h5,434;435;436;437;438;439;440;441;442,9,250,0.05,0.017170925355345,0.011701669372564,0.0197271460089007,1.4742033877941565e-05,0.0001161506870623,2039,49.199275442228,2.3225519955480496,1.4742033877941565e-05,40,False,False
RGM_0389261,2025-07-19 20:37:45.730600655,2025-07-19 20:37:45.830600655,2025-07-19 20:37:45.780600655,2025-07-19 20:37:45,2025-07-19 20:37:00,6,416,3416,ring53andring54,line,2.0,95.0,100.0,98.0,S2_line_D2_X95_Y100_Z98,S2_20250719-203000.780600655+0800.h5,412;413;414;415;416;417;418;419;420,9,500,0.1,0.0151034149906364,0.0065833617193924,0.0197236739510467,2.281131443793828e-05,0.0001938691180204,2040,49.21437885721864,2.3225748068624874,2.281131443793828e-05,33,False,False
RGM_0389272,2025-07-19 20:37:45.730600655,2025-07-19 20:37:46.630600655,2025-07-19 20:37:45.880600655,2025-07-19 20:37:45,2025-07-19 20:37:00,6,89,3089,ring03,ring,80.0,150.0,52.8,20.0,S2_ring_D80_X150_Y52.8_Z20,S2_20250719-203000.780600655+0800.h5,85;86;87;88;89;90;91;92;93,9,4500,0.9,0.0083281132386427,0.0055136787689869,0.0091091679867396,6.242172310409034e-05,0.0005275681655074,2042,49.22975438171638,2.322642195186137,6.242172310409034e-05,106,False,False
RGM_0389304,2025-07-19 20:37:45.905600655,2025-07-19 20:37:46.005600655,2025-07-19 20:37:45.955600655,2025-07-19 20:37:45,2025-07-19 20:37:00,6,481,3481,ring58,ring,2.0,163.0,120.0,16.0,S2_ring_D2_X163_Y120_Z16,S2_20250719-203000.780600655+0800.h5,477;478;479;480;481;482;483;484;485,9,500,0.1,0.034817483013138,0.0170729496175241,0.0877082232023313,0.000121225712337,0.0016795028528638,2043,49.26457186472952,2.322763420898474,0.000121225712337,58,False,False
RGM_0389309,2025-07-19 20:37:45.905600655,2025-07-19 20:37:46.005600655,2025-07-19 20:37:45.955600655,2025-07-19 20:37:45,2025-07-19 20:37:00,6,457,3457,ring56,ring,2.0,139.0,120.0,48.0,S2_ring_D2_X139_Y120_Z48,S2_20250719-203000.780600655+0800.h5,453;454;455;456;457;458;459;460;461,9,500,0.1,0.0148302325652386,0.0063770588274279,0.0164725953969898,2.1993579793906463e-05,0.0001630314178131,2044,49.27940209729476,2.322785414478268,2.1993579793906463e-05,46,False,False
RGM_0389315,2025-07-19 20:37:45.955600655,2025-07-19 20:37:46.030600655,2025-07-19 20:37:45.980600655,2025-07-19 20:37:45,2025-07-19 20:37:00,6,459,3459,ring56,ring,2.0,139.0,120.0,48.0,S2_ring_D2_X139_Y120_Z48,S2_20250719-203000.780600655+0800.h5,455;456;457;458;459;460;461;462;463,9,375,0.075,0.0129640559698558,0.0078811833768836,0.0148631777419748,1.2605006039216562e-05,0.0001081446073621,2045,49.29236615326461,2.322798019484307,1.2605006039216562e-05,46,False,False
RGM_0389320,2025-07-19 20:37:45.880600655,2025-07-19 20:37:46.080600655,2025-07-19 20:37:45.980600655,2025-07-19 20:37:45,2025-07-19 20:37:00,6,484,3484,ring58,ring,2.0,163.0,120.0,16.0,S2_ring_D2_X163_Y120_Z16,S2_20250719-203000.780600655+0800.h5,480;481;482;483;484;485;486;487;488,9,1000,0.2,0.0365828522031144,0.0204359702705312,0.3250197629960799,0.0002676610150629,0.0365081620810265,2046,49.32894900546772,2.3230656804993703,0.0002676610150629,58,False,False
RGM_0389334,2025-07-19 20:37:46.080600655,2025-07-19 20:37:46.280600655,2025-07-19 20:37:46.205600655,2025-07-19 20:37:46,2025-07-19 20:37:00,6,461,3461,ring56andring57,line,2.0,145.0,90.0,40.0,S2_line_D2_X145_Y90_Z40,S2_20250719-203000.780600655+0800.h5,457;458;459;460;461;462;463;464;465,9,1000,0.2,0.0143685776460362,0.0114138602054557,0.015926009645988,4.129120471403472e-05,0.0003614823927076,2047,49.34331758311376,2.3231069717040844,4.129120471403472e-05,50,False,False
RGM_0389337,2025-07-19 20:37:46.205600655,2025-07-19 20:37:46.255600655,2025-07-19 20:37:46.230600655,2025-07-19 20:37:46,2025-07-19 20:37:00,6,457,3457,ring56,ring,2.0,139.0,120.0,48.0,S2_ring_D2_X139_Y120_Z48,S2_20250719-203000.780600655+0800.h5,453;454;455;456;457;458;459;460;461,9,250,0.05,0.0183740613979085,0.0092085000036913,0.0229344527313105,1.6880306612705702e-05,0.0001416696932651,2048,49.36169164451167,2.323123852010697,1.6880306612705702e-05,46,False,False
RGM_0389342,2025-07-19 20:37:46.205600655,2025-07-19 20:37:46.255600655,2025-07-19 20:37:46.230600655,2025-07-19 20:37:46,2025-07-19 20:37:00,6,459,3459,ring56,ring,2.0,139.0,120.0,48.0,S2_ring_D2_X139_Y120_Z48,S2_20250719-203000.780600655+0800.h5,455;456;457;458;459;460;461;462;463,9,250,0.05,0.0197920367798424,0.0148301533779618,0.0252633210861755,1.958623599473177e-05,0.0001840778395351,2049,49.38148368129151,2.323143438246692,1.958623599473177e-05,46,False,False
RGM_0389344,2025-07-19 20:37:46.205600655,2025-07-19 20:37:46.255600655,2025-07-19 20:37:46.230600655,2025-07-19 20:37:46,2025-07-19 20:37:00,6,458,3458,ring56,ring,2.0,139.0,120.0,48.0,S2_ring_D2_X139_Y120_Z48,S2_20250719-203000.780600655+0800.h5,454;455;456;457;458;459;460;461;462,9,250,0.05,0.0183982426984326,0.0145390081476563,0.0229344527313105,1.6924766719521513e-05,0.0001627352078158,2050,49.39988192398994,2.3231603630134114,1.6924766719521513e-05,46,False,False
RGM_0389345,2025-07-19 20:37:46.205600655,2025-07-19 20:37:46.255600655,2025-07-19 20:37:46.230600655,2025-07-19 20:37:46,2025-07-19 20:37:00,6,462,3462,ring56andring57,line,2.0,145.0,70.0,40.0,S2_line_D2_X145_Y70_Z40,S2_20250719-203000.780600655+0800.h5,458;459;460;461;462;463;464;465;466,9,250,0.05,0.0183982426984326,0.0124839120697966,0.0252633210861755,1.6924766719521513e-05,0.0001714725882598,2051,49.41828016668837,2.323177287780131,1.6924766719521513e-05,49,False,False
RGM_0389349,2025-07-19 20:37:46.205600655,2025-07-19 20:37:46.255600655,2025-07-19 20:37:46.230600655,2025-07-19 20:37:46,2025-07-19 20:37:00,6,455,3455,ring56,ring,2.0,139.0,120.0,48.0,S2_ring_D2_X139_Y120_Z48,S2_20250719-203000.780600655+0800.h5,451;452;453;454;455;456;457;458;459,9,250,0.05,0.0148301533779618,0.0063224306327436,0.0229344527313105,1.0996672460693625e-05,0.0001177845561907,2052,49.43311032006633,2.323188284452592,1.0996672460693625e-05,46,False,False
RGM_0389351,2025-07-19 20:37:46.180600655,2025-07-19 20:37:46.280600655,2025-07-19 20:37:46.230600655,2025-07-19 20:37:46,2025-07-19 20:37:00,6,457,3457,ring56,ring,2.0,139.0,120.0,48.0,S2_ring_D2_X139_Y120_Z48,S2_20250719-203000.780600655+0800.h5,453;454;455;456;457;458;459;460;461,9,500,0.1,0.0149389999937989,0.0079483189833757,0.0175184371640279,2.2317372081472397e-05,0.0001820578789586,2053,49.448049320060136,2.323210601824673,2.2317372081472397e-05,46,False,False
RGM_0389353,2025-07-19 20:37:46.205600655,2025-07-19 20:37:46.255600655,2025-07-19 20:37:46.230600655,2025-07-19 20:37:46,2025-07-19 20:37:00,6,460,3460,ring56andring57,line,2.0,145.0,110.0,40.0,S2_line_D2_X145_Y110_Z40,S2_20250719-203000.780600655+0800.h5,456;457;458;459;460;461;462;463;464,9,250,0.05,0.0223216136583333,0.0148301533779618,0.0252633210861755,2.49127218155947e-05,0.0001951852929494,2054,49.47037093371847,2.323235514546489,2.49127218155947e-05,51,False,False
RGM_0389372,2025-07-19 20:37:46.280600655,2025-07-19 20:37:46.380600655,2025-07-19 20:37:46.330600655,2025-07-19 20:37:46,2025-07-19 20:37:00,6,442,3442,ring55,ring,2.0,127.0,20.0,64.0,S2_ring_D2_X127_Y20_Z64,S2_20250719-203000.780600655+0800.h5,438;439;440;441;442;443;444;445;446,9,500,0.1,0.0137031537632325,0.0099604239207019,0.0146381948107021,1.8777642305879545e-05,0.0001608830013452,2055,49.4840740874817,2.323254292188795,1.8777642305879545e-05,40,False,False
RGM_0389373,2025-07-19 20:37:46.330600655,2025-07-19 20:37:46.380600655,2025-07-19 20:37:46.355600655,2025-07-19 20:37:46,2025-07-19 20:37:00,6,416,3416,ring53andring54,line,2.0,95.0,100.0,98.0,S2_line_D2_X95_Y100_Z98,S2_20250719-203000.780600655+0800.h5,412;413;414;415;416;417;418;419;420,9,250,0.05,0.015176141777644,0.0054137830366062,0.0199654185696812,1.1515763962757709e-05,9.473890317731711e-05,2056,49.49925022925935,2.3232658079527577,1.1515763962757709e-05,33,False,False
RGM_0389374,2025-07-19 20:37:46.330600655,2025-07-19 20:37:46.380600655,2025-07-19 20:37:46.355600655,2025-07-19 20:37:46,2025-07-19 20:37:00,6,478,3478,ring57andring58,line,2.0,157.0,70.0,24.0,S2_line_D2_X157_Y70_Z24,S2_20250719-203000.780600655+0800.h5,474;475;476;477;478;479;480;481;482,9,250,0.05,0.0136501240847477,0.0111238117109171,0.0158953422531265,9.316294376450576e-06,8.200244038812281e-05,2057,49.512900353344094,2.323275124247134,9.316294376450576e-06,55,False,False
RGM_0389375,2025-07-19 20:37:46.330600655,2025-07-19 20:37:46.380600655,2025-07-19 20:37:46.355600655,2025-07-19 20:37:46,2025-07-19 20:37:00,6,415,3415,ring53andring54,line,2.0,95.0,80.0,98.0,S2_line_D2_X95_Y80_Z98,S2_20250719-203000.780600655+0800.h5,411;412;413;414;415;416;417;418;419,9,250,0.05,0.0170172882651151,0.0054137830366062,0.0199654185696812,1.4479404994901317e-05,0.0001096824642527,2058,49.52991764160921,2.323289603652129,1.4479404994901317e-05,32,False,False
RGM_0389379,2025-07-19 20:37:46.380600655,2025-07-19 20:37:46.430600655,2025-07-19 20:37:46.405600655,2025-07-19 20:37:46,2025-07-19 20:37:00,6,475,3475,ring57,ring,2.0,151.0,20.0,32.0,S2_ring_D2_X151_Y20_Z32,S2_20250719-203000.780600655+0800.h5,471;472;473;474;475;476;477;478;479,9,250,0.05,0.011120846628499,0.0074606636078101,0.0128935758592925,6.183661486729908e-06,5.201130792192545e-05,2059,49.54103848823771,2.323295787313616,6.183661486729908e-06,52,False,False
RGM_0389380,2025-07-19 20:37:46.380600655,2025-07-19 20:37:46.580600655,2025-07-19 20:37:46.480600655,2025-07-19 20:37:46,2025-07-19 20:37:00,6,472,3472,ring57,ring,2.0,151.0,20.0,32.0,S2_ring_D2_X151_Y20_Z32,S2_20250719-203000.780600655+0800.h5,468;469;470;471;472;473;474;475;476,9,1000,0.2,0.0144788275763489,0.0101752626409283,0.0195190747498447,4.19272895971283e-05,0.0004116418054713,2060,49.55551731581406,2.323337714603213,4.19272895971283e-05,52,False,False
RGM_0389381,2025-07-19 20:37:46.430600655,2025-07-19 20:37:46.530600655,2025-07-19 20:37:46.480600655,2025-07-19 20:37:46,2025-07-19 20:37:00,6,416,3416,ring53andring54,line,2.0,95.0,100.0,98.0,S2_line_D2_X95_Y100_Z98,S2_20250719-203000.780600655+0800.h5,412;413;414;415;416;417;418;419;420,9,500,0.1,0.0165132570335503,0.0049831961158323,0.0221574282159038,2.726876578561012e-05,0.0002249871004222,2061,49.57203057284761,2.3233649833689984,2.726876578561012e-05,33,False,False
RGM_0389382,2025-07-19 20:37:46.480600655,2025-07-19 20:37:46.530600655,2025-07-19 20:37:46.505600655,2025-07-19 20:37:46,2025-07-19 20:37:00,6,416,3416,ring53andring54,line,2.0,95.0,100.0,98.0,S2_line_D2_X95_Y100_Z98,S2_20250719-203000.780600655+0800.h5,412;413;414;415;416;417;418;419;420,9,250,0.05,0.0190319827082628,0.0048071706439504,0.0250641087837966,1.8110818290380877e-05,0.0001458707542877,2062,49.59106255555587,2.323383094187289,1.8110818290380877e-05,33,False,False
RGM_0389383,2025-07-19 20:37:46.430600655,2025-07-19 20:37:46.630600655,2025-07-19 20:37:46.530600655,2025-07-19 20:37:46,2025-07-19 20:37:00,6,473,3473,ring57,ring,2.0,151.0,20.0,32.0,S2_ring_D2_X151_Y20_Z32,S2_20250719-203000.780600655+0800.h5,469;470;471;472;473;474;475;476;477,9,1000,0.2,0.0154399849147248,0.0102865536811608,0.0200383215716209,4.767862683338609e-05,0.0004458532708081,2063,49.6065025404706,2.323430772814122,4.767862683338609e-05,52,False,False
RGM_0389384,2025-07-19 20:37:46.480600655,2025-07-19 20:37:46.580600655,2025-07-19 20:37:46.530600655,2025-07-19 20:37:46,2025-07-19 20:37:00,6,476,3476,ring57andring58,line,2.0,157.0,30.0,24.0,S2_line_D2_X157_Y30_Z24,S2_20250719-203000.780600655+0800.h5,472;473;474;475;476;477;478;479;480,9,500,0.1,0.0191813429051187,0.0153135068091102,0.0254093361849713,3.6792391564375e-05,0.0003851912911517,2064,49.62568388337572,2.323467565205686,3.6792391564375e-05,53,False,False
RGM_0389385,2025-07-19 20:37:46.505600655,2025-07-19 20:37:46.555600655,2025-07-19 20:37:46.530600655,2025-07-19 20:37:46,2025-07-19 20:37:00,6,455,3455,ring56,ring,2.0,139.0,120.0,48.0,S2_ring_D2_X139_Y120_Z48,S2_20250719-203000.780600655+0800.h5,451;452;453;454;455;456;457;458;459,9,250,0.05,0.0120806071500192,0.0069155120326597,0.0140721780939998,7.297053455654851e-06,6.2186070988247e-05,2065,49.63776449052574,2.3234748622591423,7.297053455654851e-06,46,False,False
RGM_0389386,2025-07-19 20:37:46.480600655,2025-07-19 20:37:46.580600655,2025-07-19 20:37:46.530600655,2025-07-19 20:37:46,2025-07-19 20:37:00,6,417,3417,ring54,ring,2.0,115.0,120.0,80.0,S2_ring_D2_X115_Y120_Z80,S2_20250719-203000.780600655+0800.h5,413;414;415;416;417;418;419;420;421,9,500,0.1,0.0134959584665175,0.0055843229019301,0.0215135561252219,1.821408949299671e-05,0.000189024260763,2066,49.65126044899226,2.3234930763486354,1.821408949299671e-05,34,False,False
RGM_0389387,2025-07-19 20:37:46.505600655,2025-07-19 20:37:46.555600655,2025-07-19 20:37:46.530600655,2025-07-19 20:37:46,2025-07-19 20:37:00,6,453,3453,ring56,ring,2.0,139.0,120.0,48.0,S2_ring_D2_X139_Y120_Z48,S2_20250719-203000.780600655+0800.h5,449;450;451;452;453;454;455;456;457,9,250,0.05,0.0120806071500192,0.0076405781478122,0.0140721780939998,7.297053455654851e-06,6.251155623331569e-05,2067,49.66334105614228,2.323500373402091,7.297053455654851e-06,46,False,False
RGM_0389390,2025-07-19 20:37:46.480600655,2025-07-19 20:37:46.680600655,2025-07-19 20:37:46.580600655,2025-07-19 20:37:46,2025-07-19 20:37:00,6,479,3479,ring57andring58,line,2.0,157.0,90.0,24.0,S2_line_D2_X157_Y90_Z24,S2_20250719-203000.780600655+0800.h5,475;476;477;478;479;480;481;482;483,9,1000,0.2,0.0172493370449927,0.0125610153772336,0.0209405649062176,5.950792569835213e-05,0.0005229470352882,2068,49.68059039318727,2.3235598813277893,5.950792569835213e-05,56,False,False
RGM_0389391,2025-07-19 20:37:46.480600655,2025-07-19 20:37:46.680600655,2025-07-19 20:37:46.580600655,2025-07-19 20:37:46,2025-07-19 20:37:00,6,416,3416,ring53andring54,line,2.0,95.0,100.0,98.0,S2_line_D2_X95_Y100_Z98,S2_20250719-203000.780600655+0800.h5,412;413;414;415;416;417;418;419;420,9,1000,0.2,0.0154942655528589,0.0061566595520703,0.0205668484244935,4.801445300450208e-05,0.000402188320352,2069,49.69608465874013,2.323607895780794,4.801445300450208e-05,33,False,False
