physical_event_id,cluster_id,node_index
RGM_0037514,N000_C0000000,0
RGM_0037515,N000_C0000000,0
RGM_0055437,N000_C0000001,0
RGM_0055439,N000_C0000001,0
RGM_0055441,N000_C0000001,0
RGM_0055443,N000_C0000001,0
RGM_0055455,N000_C0000001,0
RGM_0055447,N000_C0000001,0
RGM_0055534,N000_C0000002,0
RGM_0055535,N000_C0000002,0
RGM_0055600,N000_C0000003,0
RGM_0055602,N000_C0000003,0
RGM_0055607,N000_C0000003,0
RGM_0055608,N000_C0000003,0
RGM_0084212,N000_C0000004,0
RGM_0084215,N000_C0000004,0
RGM_0084216,N000_C0000004,0
RGM_0104779,N000_C0000005,0
RGM_0117572,N000_C0000006,0
RGM_0117577,N000_C0000006,0
RGM_0117581,N000_C0000006,0
RGM_0117636,N000_C0000007,0
RGM_0154430,N000_C0000008,0
RGM_0154434,N000_C0000008,0
RGM_0154435,N000_C0000008,0
RGM_0154438,N000_C0000008,0
RGM_0154440,N000_C0000008,0
RGM_0154442,N000_C0000008,0
RGM_0154451,N000_C0000009,0
RGM_0154446,N000_C0000009,0
RGM_0154452,N000_C0000009,0
RGM_0154453,N000_C0000009,0
RGM_0154456,N000_C0000010,0
RGM_0154943,N000_C0000011,0
RGM_0053256,N001_C0000012,1
RGM_0053280,N001_C0000012,1
RGM_0104437,N001_C0000013,1
RGM_0104710,N001_C0000014,1
RGM_0053282,N002_C0000015,2
RGM_0120981,N003_C0000016,3
RGM_0121699,N003_C0000017,3
RGM_0125465,N003_C0000018,3
RGM_0126353,N003_C0000019,3
RGM_0127665,N003_C0000020,3
RGM_0127773,N003_C0000021,3
RGM_0062343,N004_C0000022,4
RGM_0126491,N004_C0000023,4
RGM_0032973,N005_C0000024,5
RGM_0035060,N005_C0000025,5
RGM_0035928,N005_C0000026,5
RGM_0036349,N005_C0000027,5
RGM_0036435,N005_C0000028,5
RGM_0036579,N005_C0000029,5
RGM_0037022,N005_C0000030,5
RGM_0037217,N005_C0000031,5
RGM_0037865,N005_C0000032,5
RGM_0037996,N005_C0000033,5
RGM_0038070,N005_C0000034,5
RGM_0038179,N005_C0000035,5
RGM_0038310,N005_C0000036,5
RGM_0038559,N005_C0000037,5
RGM_0038570,N005_C0000038,5
RGM_0038585,N005_C0000039,5
RGM_0038707,N005_C0000040,5
RGM_0039289,N005_C0000041,5
RGM_0039325,N005_C0000042,5
RGM_0039492,N005_C0000043,5
RGM_0039525,N005_C0000044,5
RGM_0040564,N005_C0000045,5
RGM_0040583,N005_C0000046,5
RGM_0040687,N005_C0000047,5
RGM_0043656,N005_C0000048,5
RGM_0047170,N005_C0000049,5
RGM_0047439,N005_C0000050,5
RGM_0047436,N005_C0000050,5
RGM_0048046,N005_C0000051,5
RGM_0048039,N005_C0000051,5
RGM_0048041,N005_C0000051,5
RGM_0048318,N005_C0000052,5
RGM_0048540,N005_C0000053,5
RGM_0050194,N005_C0000054,5
RGM_0050383,N005_C0000055,5
RGM_0050663,N005_C0000056,5
RGM_0050807,N005_C0000057,5
RGM_0051760,N005_C0000058,5
RGM_0051980,N005_C0000059,5
RGM_0052002,N005_C0000060,5
RGM_0052283,N005_C0000061,5
RGM_0052284,N005_C0000061,5
RGM_0053054,N005_C0000062,5
RGM_0053068,N005_C0000062,5
RGM_0053076,N005_C0000062,5
RGM_0053088,N005_C0000063,5
RGM_0053085,N005_C0000063,5
RGM_0053089,N005_C0000063,5
RGM_0053150,N005_C0000064,5
RGM_0053153,N005_C0000064,5
RGM_0053179,N005_C0000065,5
RGM_0053837,N005_C0000066,5
RGM_0053881,N005_C0000067,5
RGM_0053926,N005_C0000068,5
RGM_0054099,N005_C0000069,5
RGM_0054102,N005_C0000069,5
RGM_0054266,N005_C0000070,5
RGM_0054809,N005_C0000071,5
RGM_0054817,N005_C0000071,5
RGM_0054814,N005_C0000071,5
RGM_0055026,N005_C0000072,5
RGM_0055236,N005_C0000073,5
RGM_0055248,N005_C0000073,5
RGM_0055445,N005_C0000074,5
RGM_0055446,N005_C0000074,5
RGM_0055462,N005_C0000074,5
RGM_0055459,N005_C0000074,5
RGM_0055499,N005_C0000075,5
RGM_0055524,N005_C0000075,5
RGM_0055536,N005_C0000075,5
RGM_0055532,N005_C0000075,5
RGM_0055609,N005_C0000076,5
RGM_0055601,N005_C0000076,5
RGM_0055678,N005_C0000077,5
RGM_0055686,N005_C0000077,5
RGM_0055724,N005_C0000078,5
RGM_0055740,N005_C0000079,5
RGM_0055738,N005_C0000079,5
RGM_0055788,N005_C0000080,5
RGM_0055786,N005_C0000080,5
RGM_0056219,N005_C0000081,5
RGM_0056520,N005_C0000082,5
RGM_0056514,N005_C0000082,5
RGM_0057763,N005_C0000083,5
RGM_0057769,N005_C0000083,5
RGM_0057770,N005_C0000083,5
RGM_0057784,N005_C0000083,5
RGM_0057988,N005_C0000084,5
RGM_0059380,N005_C0000085,5
RGM_0060462,N005_C0000086,5
RGM_0060547,N005_C0000087,5
RGM_0060696,N005_C0000088,5
RGM_0061604,N005_C0000089,5
RGM_0061600,N005_C0000089,5
RGM_0061794,N005_C0000090,5
RGM_0062779,N005_C0000091,5
RGM_0063004,N005_C0000092,5
RGM_0063026,N005_C0000093,5
RGM_0063358,N005_C0000094,5
RGM_0063499,N005_C0000095,5
RGM_0063506,N005_C0000096,5
RGM_0063550,N005_C0000097,5
RGM_0064672,N005_C0000098,5
RGM_0065077,N005_C0000099,5
RGM_0065874,N005_C0000100,5
RGM_0066116,N005_C0000101,5
RGM_0066905,N005_C0000102,5
RGM_0067055,N005_C0000103,5
RGM_0067537,N005_C0000104,5
RGM_0067629,N005_C0000105,5
RGM_0067985,N005_C0000106,5
RGM_0068076,N005_C0000107,5
RGM_0068071,N005_C0000107,5
RGM_0068438,N005_C0000108,5
RGM_0068489,N005_C0000109,5
RGM_0068657,N005_C0000110,5
RGM_0068698,N005_C0000111,5
RGM_0068708,N005_C0000112,5
RGM_0069521,N005_C0000113,5
RGM_0070123,N005_C0000114,5
RGM_0070451,N005_C0000115,5
RGM_0071140,N005_C0000116,5
RGM_0071534,N005_C0000117,5
RGM_0071552,N005_C0000118,5
RGM_0071563,N005_C0000119,5
RGM_0071617,N005_C0000120,5
RGM_0071623,N005_C0000120,5
RGM_0076841,N005_C0000121,5
RGM_0078735,N005_C0000122,5
RGM_0078811,N005_C0000123,5
RGM_0079090,N005_C0000124,5
RGM_0079095,N005_C0000124,5
RGM_0079323,N005_C0000125,5
RGM_0079777,N005_C0000126,5
RGM_0080310,N005_C0000127,5
RGM_0080312,N005_C0000127,5
RGM_0081143,N005_C0000128,5
RGM_0081327,N005_C0000129,5
RGM_0081479,N005_C0000130,5
RGM_0081566,N005_C0000131,5
RGM_0081810,N005_C0000132,5
RGM_0081800,N005_C0000132,5
RGM_0081975,N005_C0000133,5
RGM_0081996,N005_C0000134,5
RGM_0082037,N005_C0000135,5
RGM_0082041,N005_C0000135,5
RGM_0082219,N005_C0000136,5
RGM_0082228,N005_C0000136,5
RGM_0082552,N005_C0000137,5
RGM_0082625,N005_C0000138,5
RGM_0082835,N005_C0000139,5
RGM_0082845,N005_C0000140,5
RGM_0082848,N005_C0000140,5
RGM_0083120,N005_C0000141,5
RGM_0083122,N005_C0000142,5
RGM_0083885,N005_C0000143,5
RGM_0084260,N005_C0000144,5
RGM_0084552,N005_C0000145,5
RGM_0084701,N005_C0000146,5
RGM_0084982,N005_C0000147,5
RGM_0085566,N005_C0000148,5
RGM_0085618,N005_C0000149,5
RGM_0085658,N005_C0000150,5
RGM_0085755,N005_C0000151,5
RGM_0086300,N005_C0000152,5
RGM_0086401,N005_C0000153,5
RGM_0086954,N005_C0000154,5
RGM_0087328,N005_C0000155,5
RGM_0087479,N005_C0000156,5
RGM_0087566,N005_C0000157,5
RGM_0088044,N005_C0000158,5
RGM_0088255,N005_C0000159,5
RGM_0088514,N005_C0000160,5
RGM_0088569,N005_C0000161,5
RGM_0088874,N005_C0000162,5
RGM_0090049,N005_C0000163,5
RGM_0090314,N005_C0000164,5
RGM_0090372,N005_C0000165,5
RGM_0091371,N005_C0000166,5
RGM_0092067,N005_C0000167,5
RGM_0092099,N005_C0000168,5
RGM_0092262,N005_C0000169,5
RGM_0092381,N005_C0000170,5
RGM_0093019,N005_C0000171,5
RGM_0093437,N005_C0000172,5
RGM_0093580,N005_C0000173,5
RGM_0093588,N005_C0000173,5
RGM_0094024,N005_C0000174,5
RGM_0094143,N005_C0000175,5
RGM_0094149,N005_C0000175,5
RGM_0094412,N005_C0000176,5
RGM_0094897,N005_C0000177,5
RGM_0095122,N005_C0000178,5
RGM_0095154,N005_C0000179,5
RGM_0095180,N005_C0000180,5
RGM_0095186,N005_C0000181,5
RGM_0095347,N005_C0000182,5
RGM_0095669,N005_C0000183,5
RGM_0095677,N005_C0000184,5
RGM_0095814,N005_C0000185,5
RGM_0095893,N005_C0000186,5
RGM_0095891,N005_C0000186,5
RGM_0096037,N005_C0000187,5
RGM_0096060,N005_C0000188,5
RGM_0096239,N005_C0000189,5
RGM_0096370,N005_C0000190,5
RGM_0096605,N005_C0000191,5
RGM_0096622,N005_C0000192,5
RGM_0096887,N005_C0000193,5
RGM_0096888,N005_C0000193,5
RGM_0096900,N005_C0000194,5
RGM_0097569,N005_C0000195,5
RGM_0097632,N005_C0000196,5
RGM_0097646,N005_C0000197,5
RGM_0098556,N005_C0000198,5
RGM_0098790,N005_C0000199,5
RGM_0100797,N005_C0000200,5
RGM_0101097,N005_C0000201,5
RGM_0101696,N005_C0000202,5
RGM_0101924,N005_C0000203,5
RGM_0102020,N005_C0000204,5
RGM_0102312,N005_C0000205,5
RGM_0102323,N005_C0000205,5
RGM_0102349,N005_C0000206,5
RGM_0102376,N005_C0000207,5
RGM_0102389,N005_C0000207,5
RGM_0102398,N005_C0000207,5
RGM_0102449,N005_C0000208,5
RGM_0102466,N005_C0000209,5
RGM_0102487,N005_C0000210,5
RGM_0102633,N005_C0000211,5
RGM_0102682,N005_C0000212,5
RGM_0103329,N005_C0000213,5
RGM_0103496,N005_C0000214,5
RGM_0104685,N005_C0000215,5
RGM_0104705,N005_C0000216,5
RGM_0105472,N005_C0000217,5
RGM_0109765,N005_C0000218,5
RGM_0109928,N005_C0000219,5
RGM_0109930,N005_C0000219,5
RGM_0109999,N005_C0000220,5
RGM_0111744,N005_C0000221,5
RGM_0112058,N005_C0000222,5
RGM_0112118,N005_C0000223,5
RGM_0112437,N005_C0000224,5
RGM_0112469,N005_C0000225,5
RGM_0113147,N005_C0000226,5
RGM_0113737,N005_C0000227,5
RGM_0113738,N005_C0000227,5
RGM_0114010,N005_C0000228,5
RGM_0114248,N005_C0000229,5
RGM_0114253,N005_C0000229,5
RGM_0114574,N005_C0000230,5
RGM_0114707,N005_C0000231,5
RGM_0114715,N005_C0000232,5
RGM_0114977,N005_C0000233,5
RGM_0114990,N005_C0000233,5
RGM_0115085,N005_C0000234,5
RGM_0115244,N005_C0000235,5
RGM_0115232,N005_C0000235,5
RGM_0115423,N005_C0000236,5
RGM_0115440,N005_C0000237,5
RGM_0115497,N005_C0000238,5
RGM_0115498,N005_C0000238,5
RGM_0115642,N005_C0000239,5
RGM_0115645,N005_C0000239,5
RGM_0115688,N005_C0000240,5
RGM_0115715,N005_C0000241,5
RGM_0115886,N005_C0000242,5
RGM_0116462,N005_C0000243,5
RGM_0116848,N005_C0000244,5
RGM_0117582,N005_C0000245,5
RGM_0117656,N005_C0000246,5
RGM_0037903,N006_C0000247,6
RGM_0039048,N006_C0000248,6
RGM_0051999,N006_C0000249,6
RGM_0051998,N006_C0000249,6
RGM_0052281,N006_C0000250,6
RGM_0053078,N006_C0000251,6
RGM_0053148,N006_C0000252,6
RGM_0053843,N006_C0000253,6
RGM_0055245,N006_C0000254,6
RGM_0055243,N006_C0000254,6
RGM_0055444,N006_C0000255,6
RGM_0055456,N006_C0000255,6
RGM_0055605,N006_C0000256,6
RGM_0055606,N006_C0000256,6
RGM_0055612,N006_C0000256,6
RGM_0056216,N006_C0000257,6
RGM_0057379,N006_C0000258,6
RGM_0057779,N006_C0000259,6
RGM_0063498,N006_C0000260,6
RGM_0068433,N006_C0000261,6
RGM_0068493,N006_C0000262,6
RGM_0069712,N006_C0000263,6
RGM_0071531,N006_C0000264,6
RGM_0071620,N006_C0000265,6
RGM_0079092,N006_C0000266,6
RGM_0079331,N006_C0000267,6
RGM_0080311,N006_C0000268,6
RGM_0081820,N006_C0000269,6
RGM_0082216,N006_C0000270,6
RGM_0082551,N006_C0000271,6
RGM_0083121,N006_C0000272,6
RGM_0085234,N006_C0000273,6
RGM_0086351,N006_C0000274,6
RGM_0090052,N006_C0000275,6
RGM_0096368,N006_C0000276,6
RGM_0100852,N006_C0000277,6
RGM_0102311,N006_C0000278,6
RGM_0114255,N006_C0000279,6
RGM_0117041,N006_C0000280,6
RGM_0117584,N006_C0000281,6
RGM_0117574,N006_C0000281,6
RGM_0117598,N006_C0000282,6
RGM_0117627,N006_C0000283,6
RGM_0117602,N006_C0000283,6
RGM_0117611,N006_C0000283,6
RGM_0117609,N006_C0000283,6
RGM_0117639,N006_C0000284,6
RGM_0117640,N006_C0000285,6
RGM_0117646,N006_C0000286,6
RGM_0117648,N006_C0000287,6
RGM_0117654,N006_C0000288,6
RGM_0117660,N006_C0000288,6
RGM_0117900,N006_C0000289,6
RGM_0119192,N006_C0000290,6
RGM_0120094,N006_C0000291,6
RGM_0120634,N006_C0000292,6
RGM_0120952,N006_C0000293,6
RGM_0121216,N006_C0000294,6
RGM_0121261,N006_C0000295,6
RGM_0121376,N006_C0000296,6
RGM_0121618,N006_C0000297,6
RGM_0121634,N006_C0000298,6
RGM_0038180,N007_C0000299,7
RGM_0068435,N007_C0000300,7
RGM_0069124,N007_C0000301,7
RGM_0069125,N007_C0000301,7
RGM_0069710,N007_C0000302,7
RGM_0079325,N007_C0000303,7
RGM_0084969,N007_C0000304,7
RGM_0086356,N007_C0000305,7
RGM_0086403,N007_C0000306,7
RGM_0094151,N007_C0000307,7
RGM_0100854,N007_C0000308,7
RGM_0113730,N007_C0000309,7
RGM_0117063,N007_C0000310,7
RGM_0117608,N007_C0000311,7
RGM_0117607,N007_C0000311,7
RGM_0117642,N007_C0000312,7
RGM_0117659,N007_C0000313,7
RGM_0121469,N007_C0000314,7
RGM_0124586,N007_C0000315,7
RGM_0124693,N007_C0000316,7
RGM_0128077,N007_C0000317,7
RGM_0039421,N008_C0000318,8
RGM_0040664,N008_C0000319,8
RGM_0047172,N008_C0000320,8
RGM_0050379,N008_C0000321,8
RGM_0053069,N008_C0000322,8
RGM_0055617,N008_C0000323,8
RGM_0055613,N008_C0000323,8
RGM_0061605,N008_C0000324,8
RGM_0062771,N008_C0000325,8
RGM_0066903,N008_C0000326,8
RGM_0070124,N008_C0000327,8
RGM_0071529,N008_C0000328,8
RGM_0071559,N008_C0000329,8
RGM_0071608,N008_C0000330,8
RGM_0079093,N008_C0000331,8
RGM_0081817,N008_C0000332,8
RGM_0081865,N008_C0000333,8
RGM_0082195,N008_C0000334,8
RGM_0082229,N008_C0000335,8
RGM_0082844,N008_C0000336,8
RGM_0084258,N008_C0000337,8
RGM_0084696,N008_C0000338,8
RGM_0088251,N008_C0000339,8
RGM_0089988,N008_C0000340,8
RGM_0092327,N008_C0000341,8
RGM_0092370,N008_C0000342,8
RGM_0093032,N008_C0000343,8
RGM_0095888,N008_C0000344,8
RGM_0097563,N008_C0000345,8
RGM_0098580,N008_C0000346,8
RGM_0102333,N008_C0000347,8
RGM_0102351,N008_C0000348,8
RGM_0105431,N008_C0000349,8
RGM_0114009,N008_C0000350,8
RGM_0114571,N008_C0000351,8
RGM_0117589,N008_C0000352,8
RGM_0117605,N008_C0000353,8
RGM_0117616,N008_C0000354,8
RGM_0117621,N008_C0000354,8
RGM_0117652,N008_C0000355,8
RGM_0129481,N008_C0000356,8
RGM_0037216,N009_C0000357,9
RGM_0039046,N009_C0000358,9
RGM_0040663,N009_C0000359,9
RGM_0040665,N009_C0000359,9
RGM_0051170,N009_C0000360,9
RGM_0051763,N009_C0000361,9
RGM_0051987,N009_C0000362,9
RGM_0053070,N009_C0000363,9
RGM_0053086,N009_C0000364,9
RGM_0053124,N009_C0000365,9
RGM_0053154,N009_C0000366,9
RGM_0053149,N009_C0000366,9
RGM_0055448,N009_C0000367,9
RGM_0055452,N009_C0000367,9
RGM_0056217,N009_C0000368,9
RGM_0057380,N009_C0000369,9
RGM_0057782,N009_C0000370,9
RGM_0060607,N009_C0000371,9
RGM_0061602,N009_C0000372,9
RGM_0063502,N009_C0000373,9
RGM_0064984,N009_C0000374,9
RGM_0066106,N009_C0000375,9
RGM_0066118,N009_C0000375,9
RGM_0066311,N009_C0000376,9
RGM_0066899,N009_C0000377,9
RGM_0068436,N009_C0000378,9
RGM_0068491,N009_C0000379,9
RGM_0068669,N009_C0000380,9
RGM_0068701,N009_C0000381,9
RGM_0068751,N009_C0000382,9
RGM_0068807,N009_C0000383,9
RGM_0071528,N009_C0000384,9
RGM_0078812,N009_C0000385,9
RGM_0079791,N009_C0000386,9
RGM_0081739,N009_C0000387,9
RGM_0082620,N009_C0000388,9
RGM_0084104,N009_C0000389,9
RGM_0084220,N009_C0000390,9
RGM_0084227,N009_C0000390,9
RGM_0084543,N009_C0000391,9
RGM_0084970,N009_C0000392,9
RGM_0084973,N009_C0000392,9
RGM_0084981,N009_C0000393,9
RGM_0086021,N009_C0000394,9
RGM_0086005,N009_C0000394,9
RGM_0086945,N009_C0000395,9
RGM_0087324,N009_C0000396,9
RGM_0087471,N009_C0000397,9
RGM_0088252,N009_C0000398,9
RGM_0088566,N009_C0000399,9
RGM_0088872,N009_C0000400,9
RGM_0091682,N009_C0000401,9
RGM_0092329,N009_C0000402,9
RGM_0092376,N009_C0000403,9
RGM_0093031,N009_C0000404,9
RGM_0093335,N009_C0000405,9
RGM_0094408,N009_C0000406,9
RGM_0094894,N009_C0000407,9
RGM_0095354,N009_C0000408,9
RGM_0096065,N009_C0000409,9
RGM_0096071,N009_C0000409,9
RGM_0101098,N009_C0000410,9
RGM_0101094,N009_C0000410,9
RGM_0101920,N009_C0000411,9
RGM_0102332,N009_C0000412,9
RGM_0102379,N009_C0000413,9
RGM_0103499,N009_C0000414,9
RGM_0109927,N009_C0000415,9
RGM_0113729,N009_C0000416,9
RGM_0114575,N009_C0000417,9
RGM_0116847,N009_C0000418,9
RGM_0117046,N009_C0000419,9
RGM_0117590,N009_C0000420,9
RGM_0117613,N009_C0000421,9
RGM_0117622,N009_C0000421,9
RGM_0117651,N009_C0000422,9
RGM_0040002,N010_C0000423,10
RGM_0040142,N010_C0000424,10
RGM_0053080,N010_C0000425,10
RGM_0055259,N010_C0000426,10
RGM_0055457,N010_C0000427,10
RGM_0055458,N010_C0000427,10
RGM_0055449,N010_C0000427,10
RGM_0055531,N010_C0000428,10
RGM_0055530,N010_C0000428,10
RGM_0055541,N010_C0000428,10
RGM_0055618,N010_C0000429,10
RGM_0055616,N010_C0000429,10
RGM_0070591,N010_C0000430,10
RGM_0086953,N010_C0000431,10
RGM_0097121,N010_C0000432,10
RGM_0097231,N010_C0000432,10
RGM_0097124,N010_C0000432,10
RGM_0104477,N010_C0000433,10
RGM_0104478,N010_C0000433,10
RGM_0104481,N010_C0000433,10
RGM_0104485,N010_C0000433,10
RGM_0104460,N010_C0000433,10
RGM_0104452,N010_C0000433,10
RGM_0105359,N010_C0000434,10
RGM_0105356,N010_C0000434,10
RGM_0105370,N010_C0000434,10
RGM_0105928,N010_C0000435,10
RGM_0106014,N010_C0000436,10
RGM_0106478,N010_C0000437,10
RGM_0106527,N010_C0000437,10
RGM_0117580,N010_C0000438,10
RGM_0117586,N010_C0000438,10
RGM_0154856,N010_C0000439,10
RGM_0104777,N011_C0000440,11
RGM_0105355,N011_C0000441,11
RGM_0157028,N011_C0000442,11
RGM_0122780,N012_C0000443,12
RGM_0104442,N014_C0000444,14
RGM_0120625,N014_C0000445,14
RGM_0104431,N015_C0000446,15
RGM_0104436,N015_C0000446,15
RGM_0104441,N015_C0000446,15
RGM_0104427,N016_C0000447,16
RGM_0104435,N016_C0000448,16
RGM_0104439,N016_C0000448,16
RGM_0125909,N016_C0000449,16
RGM_0129484,N016_C0000450,16
RGM_0038977,N017_C0000451,17
RGM_0040612,N017_C0000452,17
RGM_0040628,N017_C0000453,17
RGM_0040637,N017_C0000453,17
RGM_0095251,N017_C0000454,17
RGM_0097243,N017_C0000455,17
RGM_0109789,N017_C0000456,17
RGM_0118364,N017_C0000457,17
RGM_0154450,N017_C0000458,17
RGM_0154946,N017_C0000459,17
RGM_0154951,N017_C0000459,17
RGM_0181118,N017_C0000460,17
RGM_0095252,N018_C0000461,18
RGM_0154432,N018_C0000462,18
RGM_0040592,N019_C0000463,19
RGM_0041955,N019_C0000464,19
RGM_0042778,N019_C0000465,19
RGM_0042944,N019_C0000466,19
RGM_0043743,N019_C0000467,19
RGM_0044195,N019_C0000468,19
RGM_0044462,N019_C0000469,19
RGM_0085342,N019_C0000470,19
RGM_0097230,N019_C0000471,19
RGM_0104204,N019_C0000472,19
RGM_0104455,N019_C0000473,19
RGM_0104793,N019_C0000474,19
RGM_0105873,N019_C0000475,19
RGM_0105929,N019_C0000476,19
RGM_0126405,N019_C0000477,19
RGM_0154428,N019_C0000478,19
RGM_0154433,N019_C0000479,19
RGM_0154439,N019_C0000479,19
RGM_0154449,N019_C0000480,19
RGM_0154937,N019_C0000481,19
RGM_0154948,N019_C0000482,19
RGM_0166301,N019_C0000483,19
RGM_0181126,N019_C0000484,19
RGM_0181096,N019_C0000484,19
RGM_0040849,N020_C0000485,20
RGM_0041138,N020_C0000486,20
RGM_0154447,N020_C0000487,20
RGM_0154959,N020_C0000488,20
RGM_0165430,N020_C0000489,20
RGM_0166304,N020_C0000490,20
RGM_0181124,N020_C0000491,20
RGM_0181094,N020_C0000491,20
RGM_0192703,N020_C0000492,20
RGM_0106007,N021_C0000493,21
RGM_0154437,N021_C0000494,21
RGM_0154448,N021_C0000495,21
RGM_0154940,N021_C0000496,21
RGM_0154949,N021_C0000497,21
RGM_0181128,N021_C0000498,21
RGM_0181102,N021_C0000498,21
RGM_0039489,N022_C0000499,22
RGM_0039490,N022_C0000500,22
RGM_0042023,N022_C0000501,22
RGM_0042078,N022_C0000501,22
RGM_0042051,N022_C0000501,22
RGM_0044207,N022_C0000502,22
RGM_0044358,N022_C0000503,22
RGM_0044359,N022_C0000504,22
RGM_0086949,N022_C0000505,22
RGM_0086940,N022_C0000505,22
RGM_0095255,N022_C0000506,22
RGM_0095401,N022_C0000507,22
RGM_0096997,N022_C0000508,22
RGM_0097068,N022_C0000509,22
RGM_0097071,N022_C0000509,22
RGM_0097072,N022_C0000509,22
RGM_0097083,N022_C0000510,22
RGM_0097092,N022_C0000511,22
RGM_0097116,N022_C0000512,22
RGM_0097249,N022_C0000512,22
RGM_0097111,N022_C0000512,22
RGM_0097232,N022_C0000512,22
RGM_0097826,N022_C0000513,22
RGM_0097850,N022_C0000514,22
RGM_0097844,N022_C0000514,22
RGM_0097864,N022_C0000514,22
RGM_0097865,N022_C0000514,22
RGM_0104303,N022_C0000515,22
RGM_0104438,N022_C0000516,22
RGM_0104444,N022_C0000516,22
RGM_0104445,N022_C0000516,22
RGM_0104480,N022_C0000516,22
RGM_0104482,N022_C0000516,22
RGM_0104484,N022_C0000516,22
RGM_0104434,N022_C0000516,22
RGM_0104440,N022_C0000516,22
RGM_0104443,N022_C0000516,22
RGM_0104458,N022_C0000516,22
RGM_0104512,N022_C0000516,22
RGM_0104669,N022_C0000517,22
RGM_0104671,N022_C0000517,22
RGM_0104675,N022_C0000517,22
RGM_0104676,N022_C0000517,22
RGM_0104679,N022_C0000518,22
RGM_0104790,N022_C0000519,22
RGM_0104825,N022_C0000520,22
RGM_0104870,N022_C0000520,22
RGM_0106009,N022_C0000521,22
RGM_0106383,N022_C0000522,22
RGM_0113134,N022_C0000523,22
RGM_0113045,N022_C0000523,22
RGM_0113046,N022_C0000523,22
RGM_0113060,N022_C0000523,22
RGM_0113137,N022_C0000523,22
RGM_0154436,N022_C0000524,22
RGM_0154441,N022_C0000524,22
RGM_0154444,N022_C0000525,22
RGM_0154454,N022_C0000526,22
RGM_0154942,N022_C0000527,22
RGM_0154944,N022_C0000527,22
RGM_0154954,N022_C0000528,22
RGM_0154955,N022_C0000528,22
RGM_0154957,N022_C0000528,22
RGM_0154961,N022_C0000528,22
RGM_0154989,N022_C0000529,22
RGM_0154988,N022_C0000529,22
RGM_0166008,N022_C0000530,22
RGM_0166321,N022_C0000531,22
RGM_0166367,N022_C0000532,22
RGM_0166379,N022_C0000532,22
RGM_0166418,N022_C0000532,22
RGM_0166420,N022_C0000532,22
RGM_0166446,N022_C0000532,22
RGM_0166456,N022_C0000532,22
RGM_0166459,N022_C0000532,22
RGM_0166463,N022_C0000532,22
RGM_0167664,N022_C0000533,22
RGM_0167647,N022_C0000533,22
RGM_0168830,N022_C0000534,22
RGM_0192463,N022_C0000535,22
RGM_0192739,N022_C0000536,22
RGM_0192751,N022_C0000536,22
RGM_0032036,N023_C0000537,23
RGM_0032273,N023_C0000538,23
RGM_0032278,N023_C0000538,23
RGM_0032280,N023_C0000538,23
RGM_0032263,N023_C0000538,23
RGM_0032266,N023_C0000538,23
RGM_0032300,N023_C0000538,23
RGM_0032293,N023_C0000538,23
RGM_0032294,N023_C0000538,23
RGM_0032289,N023_C0000538,23
RGM_0032281,N023_C0000538,23
RGM_0032283,N023_C0000538,23
RGM_0032286,N023_C0000538,23
RGM_0032291,N023_C0000538,23
RGM_0032296,N023_C0000538,23
RGM_0032298,N023_C0000538,23
RGM_0032305,N023_C0000538,23
RGM_0032550,N023_C0000539,23
RGM_0032565,N023_C0000539,23
RGM_0034003,N023_C0000540,23
RGM_0034005,N023_C0000540,23
RGM_0034008,N023_C0000540,23
RGM_0034043,N023_C0000540,23
RGM_0034044,N023_C0000540,23
RGM_0034045,N023_C0000540,23
RGM_0034055,N023_C0000540,23
RGM_0034058,N023_C0000540,23
RGM_0034059,N023_C0000540,23
RGM_0034037,N023_C0000540,23
RGM_0034010,N023_C0000540,23
RGM_0034013,N023_C0000540,23
RGM_0034011,N023_C0000540,23
RGM_0034019,N023_C0000540,23
RGM_0034024,N023_C0000540,23
RGM_0034041,N023_C0000540,23
RGM_0034047,N023_C0000540,23
RGM_0034051,N023_C0000540,23
RGM_0034053,N023_C0000540,23
RGM_0034026,N023_C0000540,23
RGM_0034034,N023_C0000540,23
RGM_0034030,N023_C0000540,23
RGM_0034031,N023_C0000540,23
RGM_0034033,N023_C0000540,23
RGM_0034035,N023_C0000540,23
RGM_0034137,N023_C0000541,23
RGM_0034144,N023_C0000541,23
RGM_0034586,N023_C0000542,23
RGM_0034661,N023_C0000543,23
RGM_0034668,N023_C0000543,23
RGM_0039488,N023_C0000544,23
RGM_0039985,N023_C0000545,23
RGM_0039986,N023_C0000545,23
RGM_0039991,N023_C0000545,23
RGM_0044156,N023_C0000546,23
RGM_0044161,N023_C0000546,23
RGM_0044157,N023_C0000546,23
RGM_0044159,N023_C0000546,23
RGM_0044163,N023_C0000546,23
RGM_0050999,N023_C0000547,23
RGM_0051004,N023_C0000547,23
RGM_0051007,N023_C0000547,23
RGM_0069348,N023_C0000548,23
RGM_0079161,N023_C0000549,23
RGM_0079163,N023_C0000549,23
RGM_0079157,N023_C0000549,23
RGM_0079162,N023_C0000549,23
RGM_0079480,N023_C0000550,23
RGM_0090564,N023_C0000551,23
RGM_0095426,N023_C0000552,23
RGM_0096024,N023_C0000553,23
RGM_0100225,N023_C0000554,23
RGM_0100841,N023_C0000555,23
RGM_0104797,N023_C0000556,23
RGM_0105983,N023_C0000557,23
RGM_0106520,N023_C0000558,23
RGM_0107598,N023_C0000559,23
RGM_0113135,N023_C0000560,23
RGM_0113066,N023_C0000560,23
RGM_0113051,N023_C0000560,23
RGM_0113059,N023_C0000560,23
RGM_0113054,N023_C0000560,23
RGM_0113146,N023_C0000560,23
RGM_0154868,N023_C0000561,23
RGM_0154936,N023_C0000561,23
RGM_0154945,N023_C0000562,23
RGM_0154993,N023_C0000563,23
RGM_0165431,N023_C0000564,23
RGM_0165817,N023_C0000565,23
RGM_0165821,N023_C0000565,23
RGM_0166305,N023_C0000566,23
RGM_0166295,N023_C0000566,23
RGM_0166297,N023_C0000566,23
RGM_0166368,N023_C0000567,23
RGM_0166370,N023_C0000567,23
RGM_0166376,N023_C0000567,23
RGM_0166430,N023_C0000567,23
RGM_0166451,N023_C0000567,23
RGM_0166681,N023_C0000568,23
RGM_0166676,N023_C0000568,23
RGM_0167689,N023_C0000569,23
RGM_0181003,N023_C0000570,23
RGM_0192741,N023_C0000571,23
RGM_0192744,N023_C0000571,23
RGM_0196233,N023_C0000572,23
RGM_0196234,N023_C0000572,23
RGM_0286081,N023_C0000573,23
RGM_0286395,N023_C0000574,23
RGM_0286402,N023_C0000574,23
RGM_0286407,N023_C0000574,23
RGM_0286827,N023_C0000575,23
RGM_0286830,N023_C0000575,23
RGM_0286831,N023_C0000575,23
RGM_0286835,N023_C0000575,23
RGM_0286935,N023_C0000576,23
RGM_0287072,N023_C0000577,23
RGM_0287073,N023_C0000577,23
RGM_0287221,N023_C0000578,23
RGM_0287323,N023_C0000579,23
RGM_0287368,N023_C0000580,23
RGM_0287447,N023_C0000581,23
RGM_0287767,N023_C0000582,23
RGM_0288093,N023_C0000583,23
RGM_0288147,N023_C0000584,23
RGM_0288134,N023_C0000584,23
RGM_0288133,N023_C0000584,23
RGM_0288167,N023_C0000585,23
RGM_0288245,N023_C0000586,23
RGM_0288257,N023_C0000586,23
RGM_0288495,N023_C0000587,23
RGM_0288813,N023_C0000588,23
RGM_0288811,N023_C0000588,23
RGM_0288990,N023_C0000589,23
RGM_0289055,N023_C0000590,23
RGM_0289082,N023_C0000591,23
RGM_0289077,N023_C0000591,23
RGM_0289188,N023_C0000592,23
RGM_0289199,N023_C0000593,23
RGM_0289787,N023_C0000594,23
RGM_0289789,N023_C0000594,23
RGM_0289792,N023_C0000594,23
RGM_0290113,N023_C0000595,23
RGM_0290100,N023_C0000595,23
RGM_0290097,N023_C0000595,23
RGM_0290106,N023_C0000595,23
RGM_0290202,N023_C0000596,23
RGM_0290453,N023_C0000597,23
RGM_0290572,N023_C0000598,23
RGM_0290573,N023_C0000598,23
RGM_0290587,N023_C0000598,23
RGM_0291310,N023_C0000599,23
RGM_0291308,N023_C0000599,23
RGM_0291322,N023_C0000599,23
RGM_0291428,N023_C0000600,23
RGM_0291659,N023_C0000601,23
RGM_0291956,N023_C0000602,23
RGM_0291954,N023_C0000602,23
RGM_0291964,N023_C0000602,23
RGM_0291965,N023_C0000602,23
RGM_0292192,N023_C0000603,23
RGM_0292249,N023_C0000604,23
RGM_0292247,N023_C0000604,23
RGM_0292248,N023_C0000604,23
RGM_0292254,N023_C0000604,23
RGM_0292257,N023_C0000604,23
RGM_0292258,N023_C0000604,23
RGM_0292259,N023_C0000604,23
RGM_0292253,N023_C0000604,23
RGM_0292265,N023_C0000604,23
RGM_0292325,N023_C0000605,23
RGM_0292618,N023_C0000606,23
RGM_0293039,N023_C0000607,23
RGM_0294376,N023_C0000608,23
RGM_0296139,N023_C0000609,23
RGM_0296427,N023_C0000610,23
RGM_0296569,N023_C0000611,23
RGM_0296765,N023_C0000612,23
RGM_0296813,N023_C0000613,23
RGM_0297265,N023_C0000614,23
RGM_0298552,N023_C0000615,23
RGM_0298549,N023_C0000615,23
RGM_0298600,N023_C0000616,23
RGM_0298604,N023_C0000616,23
RGM_0298602,N023_C0000616,23
RGM_0298605,N023_C0000616,23
RGM_0298608,N023_C0000616,23
RGM_0298610,N023_C0000616,23
RGM_0298611,N023_C0000616,23
RGM_0298764,N023_C0000617,23
RGM_0298763,N023_C0000617,23
RGM_0298765,N023_C0000617,23
RGM_0299008,N023_C0000618,23
RGM_0299030,N023_C0000619,23
RGM_0299031,N023_C0000619,23
RGM_0299059,N023_C0000619,23
RGM_0299060,N023_C0000619,23
RGM_0299149,N023_C0000620,23
RGM_0299307,N023_C0000621,23
RGM_0299436,N023_C0000622,23
RGM_0299442,N023_C0000622,23
RGM_0299443,N023_C0000622,23
RGM_0299438,N023_C0000622,23
RGM_0299656,N023_C0000623,23
RGM_0299662,N023_C0000624,23
RGM_0299673,N023_C0000624,23
RGM_0299790,N023_C0000625,23
RGM_0299886,N023_C0000626,23
RGM_0299855,N023_C0000626,23
RGM_0299856,N023_C0000626,23
RGM_0299857,N023_C0000626,23
RGM_0299866,N023_C0000626,23
RGM_0299872,N023_C0000626,23
RGM_0299873,N023_C0000626,23
RGM_0299878,N023_C0000626,23
RGM_0299882,N023_C0000626,23
RGM_0299883,N023_C0000626,23
RGM_0299957,N023_C0000627,23
RGM_0300632,N023_C0000628,23
RGM_0300612,N023_C0000628,23
RGM_0300614,N023_C0000628,23
RGM_0300624,N023_C0000628,23
RGM_0300633,N023_C0000628,23
RGM_0300634,N023_C0000628,23
RGM_0300962,N023_C0000629,23
RGM_0301158,N023_C0000630,23
RGM_0301163,N023_C0000630,23
RGM_0301228,N023_C0000631,23
RGM_0301438,N023_C0000632,23
RGM_0301569,N023_C0000633,23
RGM_0301572,N023_C0000633,23
RGM_0301571,N023_C0000633,23
RGM_0301573,N023_C0000633,23
RGM_0301580,N023_C0000633,23
RGM_0301674,N023_C0000634,23
RGM_0301679,N023_C0000634,23
RGM_0301805,N023_C0000635,23
RGM_0301935,N023_C0000636,23
RGM_0302147,N023_C0000637,23
RGM_0302202,N023_C0000638,23
RGM_0302308,N023_C0000639,23
RGM_0302528,N023_C0000640,23
RGM_0302529,N023_C0000640,23
RGM_0302988,N023_C0000641,23
RGM_0302989,N023_C0000641,23
RGM_0303238,N023_C0000642,23
RGM_0303405,N023_C0000643,23
RGM_0303419,N023_C0000643,23
RGM_0303420,N023_C0000643,23
RGM_0303451,N023_C0000644,23
RGM_0303605,N023_C0000645,23
RGM_0303607,N023_C0000645,23
RGM_0303610,N023_C0000645,23
RGM_0303673,N023_C0000646,23
RGM_0303714,N023_C0000647,23
RGM_0303711,N023_C0000647,23
RGM_0303833,N023_C0000648,23
RGM_0303836,N023_C0000648,23
RGM_0303842,N023_C0000648,23
RGM_0303847,N023_C0000648,23
RGM_0303848,N023_C0000648,23
RGM_0303879,N023_C0000649,23
RGM_0303993,N023_C0000650,23
RGM_0304153,N023_C0000651,23
RGM_0304215,N023_C0000652,23
RGM_0304203,N023_C0000652,23
RGM_0304210,N023_C0000652,23
RGM_0304253,N023_C0000653,23
RGM_0304270,N023_C0000653,23
RGM_0304262,N023_C0000653,23
RGM_0304268,N023_C0000653,23
RGM_0304283,N023_C0000654,23
RGM_0304428,N023_C0000655,23
RGM_0304435,N023_C0000655,23
RGM_0304437,N023_C0000655,23
RGM_0304443,N023_C0000655,23
RGM_0304448,N023_C0000655,23
RGM_0304581,N023_C0000656,23
RGM_0305518,N023_C0000657,23
RGM_0305576,N023_C0000658,23
RGM_0306022,N023_C0000659,23
RGM_0040595,N024_C0000660,24
RGM_0082110,N024_C0000661,24
RGM_0097229,N024_C0000662,24
RGM_0097840,N024_C0000663,24
RGM_0106000,N024_C0000664,24
RGM_0117996,N024_C0000665,24
RGM_0154947,N024_C0000666,24
RGM_0165429,N024_C0000667,24
RGM_0165816,N024_C0000668,24
RGM_0166302,N024_C0000669,24
RGM_0166378,N024_C0000670,24
RGM_0166429,N024_C0000670,24
RGM_0166444,N024_C0000670,24
RGM_0166453,N024_C0000670,24
RGM_0166513,N024_C0000671,24
RGM_0167658,N024_C0000672,24
RGM_0167690,N024_C0000672,24
RGM_0168828,N024_C0000673,24
RGM_0181127,N024_C0000674,24
RGM_0192702,N024_C0000675,24
RGM_0192750,N024_C0000675,24
RGM_0040600,N025_C0000676,25
RGM_0042068,N025_C0000677,25
RGM_0044460,N025_C0000678,25
RGM_0106005,N025_C0000679,25
RGM_0113063,N025_C0000680,25
RGM_0166303,N025_C0000681,25
RGM_0166372,N025_C0000682,25
RGM_0167660,N025_C0000683,25
RGM_0167685,N025_C0000683,25
RGM_0181129,N025_C0000684,25
RGM_0181123,N025_C0000684,25
RGM_0192700,N025_C0000685,25
RGM_0040590,N026_C0000686,26
RGM_0042070,N026_C0000687,26
RGM_0082107,N026_C0000688,26
RGM_0082118,N026_C0000688,26
RGM_0086702,N026_C0000689,26
RGM_0097235,N026_C0000690,26
RGM_0097830,N026_C0000691,26
RGM_0097833,N026_C0000691,26
RGM_0105901,N026_C0000692,26
RGM_0106002,N026_C0000693,26
RGM_0114480,N026_C0000694,26
RGM_0167636,N026_C0000695,26
RGM_0167653,N026_C0000696,26
RGM_0031800,N027_C0000697,27
RGM_0038985,N027_C0000698,27
RGM_0038975,N027_C0000698,27
RGM_0040585,N027_C0000699,27
RGM_0042065,N027_C0000700,27
RGM_0044199,N027_C0000701,27
RGM_0044208,N027_C0000701,27
RGM_0044459,N027_C0000702,27
RGM_0044464,N027_C0000702,27
RGM_0082113,N027_C0000703,27
RGM_0082123,N027_C0000703,27
RGM_0086651,N027_C0000704,27
RGM_0086691,N027_C0000705,27
RGM_0086695,N027_C0000705,27
RGM_0086947,N027_C0000706,27
RGM_0094930,N027_C0000707,27
RGM_0094922,N027_C0000707,27
RGM_0094924,N027_C0000707,27
RGM_0095254,N027_C0000708,27
RGM_0095433,N027_C0000709,27
RGM_0095404,N027_C0000709,27
RGM_0097070,N027_C0000710,27
RGM_0097251,N027_C0000711,27
RGM_0097236,N027_C0000711,27
RGM_0097832,N027_C0000712,27
RGM_0101743,N027_C0000713,27
RGM_0101747,N027_C0000713,27
RGM_0104479,N027_C0000714,27
RGM_0105357,N027_C0000715,27
RGM_0105354,N027_C0000715,27
RGM_0105872,N027_C0000716,27
RGM_0105900,N027_C0000716,27
RGM_0105926,N027_C0000717,27
RGM_0106011,N027_C0000718,27
RGM_0106004,N027_C0000718,27
RGM_0106290,N027_C0000719,27
RGM_0106287,N027_C0000719,27
RGM_0106387,N027_C0000720,27
RGM_0109676,N027_C0000721,27
RGM_0109785,N027_C0000722,27
RGM_0167667,N027_C0000723,27
RGM_0167638,N027_C0000723,27
RGM_0167640,N027_C0000723,27
RGM_0167691,N027_C0000723,27
RGM_0167651,N027_C0000723,27
RGM_0167964,N027_C0000724,27
RGM_0168831,N027_C0000725,27
RGM_0181103,N027_C0000726,27
RGM_0044184,N028_C0000727,28
RGM_0082125,N028_C0000728,28
RGM_0095403,N028_C0000729,28
RGM_0097847,N028_C0000730,28
RGM_0105899,N028_C0000731,28
RGM_0106010,N028_C0000732,28
RGM_0109631,N028_C0000733,28
RGM_0167666,N028_C0000734,28
RGM_0167650,N028_C0000734,28
RGM_0034021,N029_C0000735,29
RGM_0036278,N029_C0000736,29
RGM_0039065,N029_C0000737,29
RGM_0039993,N029_C0000738,29
RGM_0040251,N029_C0000739,29
RGM_0040526,N029_C0000740,29
RGM_0042579,N029_C0000741,29
RGM_0050998,N029_C0000742,29
RGM_0052256,N029_C0000743,29
RGM_0065792,N029_C0000744,29
RGM_0066522,N029_C0000745,29
RGM_0066527,N029_C0000745,29
RGM_0083192,N029_C0000746,29
RGM_0286117,N029_C0000747,29
RGM_0286467,N029_C0000748,29
RGM_0286623,N029_C0000749,29
RGM_0286643,N029_C0000750,29
RGM_0286646,N029_C0000750,29
RGM_0286716,N029_C0000751,29
RGM_0286777,N029_C0000752,29
RGM_0286822,N029_C0000753,29
RGM_0286846,N029_C0000754,29
RGM_0287075,N029_C0000755,29
RGM_0287217,N029_C0000756,29
RGM_0287219,N029_C0000756,29
RGM_0287228,N029_C0000757,29
RGM_0287254,N029_C0000758,29
RGM_0287360,N029_C0000759,29
RGM_0287369,N029_C0000759,29
RGM_0288099,N029_C0000760,29
RGM_0288137,N029_C0000761,29
RGM_0288177,N029_C0000762,29
RGM_0288260,N029_C0000763,29
RGM_0288498,N029_C0000764,29
RGM_0288665,N029_C0000765,29
RGM_0288809,N029_C0000766,29
RGM_0288985,N029_C0000767,29
RGM_0289057,N029_C0000768,29
RGM_0289363,N029_C0000769,29
RGM_0290024,N029_C0000770,29
RGM_0291319,N029_C0000771,29
RGM_0291420,N029_C0000772,29
RGM_0291961,N029_C0000773,29
RGM_0292084,N029_C0000774,29
RGM_0292256,N029_C0000775,29
RGM_0292617,N029_C0000776,29
RGM_0293118,N029_C0000777,29
RGM_0293690,N029_C0000778,29
RGM_0294972,N029_C0000779,29
RGM_0295000,N029_C0000780,29
RGM_0298260,N029_C0000781,29
RGM_0298293,N029_C0000782,29
RGM_0298607,N029_C0000783,29
RGM_0299315,N029_C0000784,29
RGM_0299446,N029_C0000785,29
RGM_0299660,N029_C0000786,29
RGM_0299665,N029_C0000786,29
RGM_0299877,N029_C0000787,29
RGM_0300620,N029_C0000788,29
RGM_0300636,N029_C0000789,29
RGM_0301808,N029_C0000790,29
RGM_0303243,N029_C0000791,29
RGM_0303408,N029_C0000792,29
RGM_0303452,N029_C0000793,29
RGM_0303611,N029_C0000794,29
RGM_0303683,N029_C0000795,29
RGM_0303841,N029_C0000796,29
RGM_0303923,N029_C0000797,29
RGM_0303915,N029_C0000797,29
RGM_0303996,N029_C0000798,29
RGM_0304008,N029_C0000798,29
RGM_0304151,N029_C0000799,29
RGM_0304177,N029_C0000800,29
RGM_0304200,N029_C0000801,29
RGM_0304322,N029_C0000802,29
RGM_0304440,N029_C0000803,29
RGM_0304447,N029_C0000803,29
RGM_0304583,N029_C0000804,29
RGM_0304616,N029_C0000805,29
RGM_0304941,N029_C0000806,29
RGM_0305376,N029_C0000807,29
RGM_0305391,N029_C0000807,29
RGM_0305498,N029_C0000808,29
RGM_0305571,N029_C0000809,29
RGM_0305650,N029_C0000810,29
RGM_0031885,N030_C0000811,30
RGM_0032272,N030_C0000812,30
RGM_0032276,N030_C0000812,30
RGM_0032265,N030_C0000812,30
RGM_0034686,N030_C0000813,30
RGM_0036745,N030_C0000814,30
RGM_0037973,N030_C0000815,30
RGM_0038701,N030_C0000816,30
RGM_0038896,N030_C0000817,30
RGM_0038996,N030_C0000818,30
RGM_0039995,N030_C0000819,30
RGM_0040296,N030_C0000820,30
RGM_0040729,N030_C0000821,30
RGM_0042248,N030_C0000822,30
RGM_0042461,N030_C0000823,30
RGM_0042576,N030_C0000824,30
RGM_0042578,N030_C0000824,30
RGM_0043607,N030_C0000825,30
RGM_0044160,N030_C0000826,30
RGM_0044162,N030_C0000826,30
RGM_0051008,N030_C0000827,30
RGM_0052254,N030_C0000828,30
RGM_0058587,N030_C0000829,30
RGM_0059077,N030_C0000830,30
RGM_0061778,N030_C0000831,30
RGM_0065401,N030_C0000832,30
RGM_0070921,N030_C0000833,30
RGM_0071154,N030_C0000834,30
RGM_0077661,N030_C0000835,30
RGM_0087264,N030_C0000836,30
RGM_0088699,N030_C0000837,30
RGM_0090361,N030_C0000838,30
RGM_0090546,N030_C0000839,30
RGM_0092318,N030_C0000840,30
RGM_0099623,N030_C0000841,30
RGM_0103010,N030_C0000842,30
RGM_0107943,N030_C0000843,30
RGM_0108003,N030_C0000844,30
RGM_0109602,N030_C0000845,30
RGM_0111066,N030_C0000846,30
RGM_0111847,N030_C0000847,30
RGM_0286118,N030_C0000848,30
RGM_0286167,N030_C0000849,30
RGM_0286336,N030_C0000850,30
RGM_0286778,N030_C0000851,30
RGM_0286834,N030_C0000852,30
RGM_0286841,N030_C0000852,30
RGM_0286933,N030_C0000853,30
RGM_0287253,N030_C0000854,30
RGM_0287367,N030_C0000855,30
RGM_0287412,N030_C0000856,30
RGM_0288100,N030_C0000857,30
RGM_0288144,N030_C0000858,30
RGM_0288223,N030_C0000859,30
RGM_0288226,N030_C0000859,30
RGM_0288657,N030_C0000860,30
RGM_0288663,N030_C0000860,30
RGM_0290350,N030_C0000861,30
RGM_0290356,N030_C0000861,30
RGM_0291419,N030_C0000862,30
RGM_0291446,N030_C0000863,30
RGM_0292079,N030_C0000864,30
RGM_0292197,N030_C0000865,30
RGM_0292851,N030_C0000866,30
RGM_0293052,N030_C0000867,30
RGM_0293199,N030_C0000868,30
RGM_0293568,N030_C0000869,30
RGM_0294160,N030_C0000870,30
RGM_0294975,N030_C0000871,30
RGM_0295929,N030_C0000872,30
RGM_0298064,N030_C0000873,30
RGM_0298253,N030_C0000874,30
RGM_0298606,N030_C0000875,30
RGM_0298766,N030_C0000876,30
RGM_0299305,N030_C0000877,30
RGM_0299669,N030_C0000878,30
RGM_0300609,N030_C0000879,30
RGM_0301678,N030_C0000880,30
RGM_0301811,N030_C0000881,30
RGM_0301936,N030_C0000882,30
RGM_0303612,N030_C0000883,30
RGM_0303839,N030_C0000884,30
RGM_0303994,N030_C0000885,30
RGM_0304208,N030_C0000886,30
RGM_0304264,N030_C0000887,30
RGM_0304323,N030_C0000888,30
RGM_0305375,N030_C0000889,30
RGM_0306382,N030_C0000890,30
RGM_0031491,N031_C0000891,31
RGM_0031501,N031_C0000892,31
RGM_0031527,N031_C0000893,31
RGM_0031604,N031_C0000894,31
RGM_0031641,N031_C0000895,31
RGM_0031645,N031_C0000896,31
RGM_0032275,N031_C0000897,31
RGM_0037971,N031_C0000898,31
RGM_0039630,N031_C0000899,31
RGM_0039988,N031_C0000900,31
RGM_0040205,N031_C0000901,31
RGM_0040253,N031_C0000902,31
RGM_0040302,N031_C0000903,31
RGM_0040737,N031_C0000904,31
RGM_0042467,N031_C0000905,31
RGM_0042580,N031_C0000906,31
RGM_0043243,N031_C0000907,31
RGM_0048102,N031_C0000908,31
RGM_0049081,N031_C0000909,31
RGM_0049526,N031_C0000910,31
RGM_0049980,N031_C0000911,31
RGM_0051000,N031_C0000912,31
RGM_0058298,N031_C0000913,31
RGM_0061779,N031_C0000914,31
RGM_0065782,N031_C0000915,31
RGM_0065783,N031_C0000915,31
RGM_0066942,N031_C0000916,31
RGM_0070814,N031_C0000917,31
RGM_0072515,N031_C0000918,31
RGM_0077658,N031_C0000919,31
RGM_0077655,N031_C0000919,31
RGM_0077673,N031_C0000920,31
RGM_0088528,N031_C0000921,31
RGM_0088696,N031_C0000922,31
RGM_0090249,N031_C0000923,31
RGM_0102353,N031_C0000924,31
RGM_0103011,N031_C0000925,31
RGM_0104739,N031_C0000926,31
RGM_0107643,N031_C0000927,31
RGM_0109309,N031_C0000928,31
RGM_0109603,N031_C0000929,31
RGM_0110805,N031_C0000930,31
RGM_0111118,N031_C0000931,31
RGM_0114353,N031_C0000932,31
RGM_0126932,N031_C0000933,31
RGM_0128175,N031_C0000934,31
RGM_0128434,N031_C0000935,31
RGM_0286115,N031_C0000936,31
RGM_0286337,N031_C0000937,31
RGM_0286608,N031_C0000938,31
RGM_0286753,N031_C0000939,31
RGM_0286775,N031_C0000940,31
RGM_0286824,N031_C0000941,31
RGM_0286818,N031_C0000941,31
RGM_0286821,N031_C0000941,31
RGM_0286840,N031_C0000941,31
RGM_0286984,N031_C0000942,31
RGM_0287002,N031_C0000943,31
RGM_0287076,N031_C0000944,31
RGM_0287151,N031_C0000945,31
RGM_0287162,N031_C0000946,31
RGM_0287229,N031_C0000947,31
RGM_0287248,N031_C0000948,31
RGM_0287334,N031_C0000949,31
RGM_0287558,N031_C0000950,31
RGM_0287572,N031_C0000951,31
RGM_0287724,N031_C0000952,31
RGM_0287948,N031_C0000953,31
RGM_0288108,N031_C0000954,31
RGM_0288132,N031_C0000955,31
RGM_0288216,N031_C0000956,31
RGM_0288252,N031_C0000957,31
RGM_0288253,N031_C0000957,31
RGM_0288295,N031_C0000958,31
RGM_0288491,N031_C0000959,31
RGM_0288499,N031_C0000960,31
RGM_0288664,N031_C0000961,31
RGM_0288781,N031_C0000962,31
RGM_0288816,N031_C0000963,31
RGM_0288908,N031_C0000964,31
RGM_0288984,N031_C0000965,31
RGM_0289078,N031_C0000966,31
RGM_0289365,N031_C0000967,31
RGM_0289426,N031_C0000968,31
RGM_0289601,N031_C0000969,31
RGM_0289811,N031_C0000970,31
RGM_0289835,N031_C0000971,31
RGM_0290112,N031_C0000972,31
RGM_0290673,N031_C0000973,31
RGM_0290712,N031_C0000974,31
RGM_0291194,N031_C0000975,31
RGM_0291255,N031_C0000976,31
RGM_0291656,N031_C0000977,31
RGM_0292854,N031_C0000978,31
RGM_0293046,N031_C0000979,31
RGM_0293102,N031_C0000980,31
RGM_0293197,N031_C0000981,31
RGM_0293207,N031_C0000982,31
RGM_0293272,N031_C0000983,31
RGM_0293684,N031_C0000984,31
RGM_0293710,N031_C0000985,31
RGM_0294372,N031_C0000986,31
RGM_0294524,N031_C0000987,31
RGM_0296568,N031_C0000988,31
RGM_0296607,N031_C0000989,31
RGM_0296697,N031_C0000990,31
RGM_0297324,N031_C0000991,31
RGM_0297506,N031_C0000992,31
RGM_0298261,N031_C0000993,31
RGM_0298307,N031_C0000994,31
RGM_0298382,N031_C0000995,31
RGM_0298547,N031_C0000996,31
RGM_0298603,N031_C0000997,31
RGM_0298769,N031_C0000998,31
RGM_0298847,N031_C0000999,31
RGM_0299047,N031_C0001000,31
RGM_0299302,N031_C0001001,31
RGM_0299663,N031_C0001002,31
RGM_0299884,N031_C0001003,31
RGM_0299955,N031_C0001004,31
RGM_0300596,N031_C0001005,31
RGM_0300637,N031_C0001006,31
RGM_0301441,N031_C0001007,31
RGM_0301462,N031_C0001008,31
RGM_0301574,N031_C0001009,31
RGM_0301799,N031_C0001010,31
RGM_0302151,N031_C0001011,31
RGM_0302203,N031_C0001012,31
RGM_0303148,N031_C0001013,31
RGM_0303234,N031_C0001014,31
RGM_0303254,N031_C0001014,31
RGM_0303604,N031_C0001015,31
RGM_0303658,N031_C0001016,31
RGM_0303672,N031_C0001017,31
RGM_0303712,N031_C0001018,31
RGM_0303709,N031_C0001018,31
RGM_0303822,N031_C0001019,31
RGM_0303849,N031_C0001020,31
RGM_0303926,N031_C0001021,31
RGM_0303999,N031_C0001022,31
RGM_0304001,N031_C0001022,31
RGM_0304181,N031_C0001023,31
RGM_0304206,N031_C0001024,31
RGM_0304260,N031_C0001025,31
RGM_0304280,N031_C0001026,31
RGM_0304362,N031_C0001027,31
RGM_0304444,N031_C0001028,31
RGM_0304432,N031_C0001028,31
RGM_0304484,N031_C0001029,31
RGM_0304588,N031_C0001030,31
RGM_0304618,N031_C0001031,31
RGM_0305197,N031_C0001032,31
RGM_0305654,N031_C0001033,31
RGM_0306156,N031_C0001034,31
RGM_0306193,N031_C0001035,31
RGM_0306277,N031_C0001036,31
RGM_0306390,N031_C0001037,31
RGM_0038897,N032_C0001038,32
RGM_0042212,N032_C0001039,32
RGM_0042469,N032_C0001040,32
RGM_0043608,N032_C0001041,32
RGM_0125281,N032_C0001042,32
RGM_0286116,N032_C0001043,32
RGM_0286398,N032_C0001044,32
RGM_0286474,N032_C0001045,32
RGM_0286773,N032_C0001046,32
RGM_0286779,N032_C0001046,32
RGM_0286836,N032_C0001047,32
RGM_0287325,N032_C0001048,32
RGM_0288590,N032_C0001049,32
RGM_0288669,N032_C0001050,32
RGM_0289367,N032_C0001051,32
RGM_0289364,N032_C0001051,32
RGM_0290099,N032_C0001052,32
RGM_0290722,N032_C0001053,32
RGM_0290728,N032_C0001053,32
RGM_0292399,N032_C0001054,32
RGM_0293054,N032_C0001055,32
RGM_0293205,N032_C0001056,32
RGM_0293388,N032_C0001057,32
RGM_0295305,N032_C0001058,32
RGM_0295455,N032_C0001059,32
RGM_0296567,N032_C0001060,32
RGM_0297169,N032_C0001061,32
RGM_0297514,N032_C0001062,32
RGM_0299310,N032_C0001063,32
RGM_0299661,N032_C0001064,32
RGM_0299867,N032_C0001065,32
RGM_0301830,N032_C0001066,32
RGM_0301855,N032_C0001067,32
RGM_0302199,N032_C0001068,32
RGM_0303147,N032_C0001069,32
RGM_0304002,N032_C0001070,32
RGM_0304155,N032_C0001071,32
RGM_0304189,N032_C0001072,32
RGM_0304271,N032_C0001073,32
RGM_0305517,N032_C0001074,32
RGM_0306021,N032_C0001075,32
RGM_0306376,N032_C0001076,32
RGM_0039984,N033_C0001077,33
RGM_0044201,N033_C0001078,33
RGM_0044410,N033_C0001079,33
RGM_0065776,N033_C0001080,33
RGM_0082103,N033_C0001081,33
RGM_0095429,N033_C0001082,33
RGM_0095728,N033_C0001083,33
RGM_0104549,N033_C0001084,33
RGM_0104413,N033_C0001084,33
RGM_0104417,N033_C0001084,33
RGM_0104454,N033_C0001084,33
RGM_0104464,N033_C0001084,33
RGM_0104461,N033_C0001084,33
RGM_0104469,N033_C0001084,33
RGM_0104509,N033_C0001084,33
RGM_0104791,N033_C0001085,33
RGM_0106385,N033_C0001086,33
RGM_0106521,N033_C0001086,33
RGM_0125785,N033_C0001087,33
RGM_0125788,N033_C0001087,33
RGM_0127145,N033_C0001088,33
RGM_0127147,N033_C0001088,33
RGM_0127148,N033_C0001088,33
RGM_0128162,N033_C0001089,33
RGM_0128471,N033_C0001090,33
RGM_0128525,N033_C0001091,33
RGM_0128614,N033_C0001092,33
RGM_0128940,N033_C0001093,33
RGM_0129343,N033_C0001094,33
RGM_0129344,N033_C0001094,33
RGM_0129349,N033_C0001094,33
RGM_0129356,N033_C0001095,33
RGM_0129364,N033_C0001095,33
RGM_0129372,N033_C0001095,33
RGM_0129378,N033_C0001096,33
RGM_0129379,N033_C0001096,33
RGM_0129427,N033_C0001097,33
RGM_0129623,N033_C0001098,33
RGM_0129638,N033_C0001099,33
RGM_0154238,N033_C0001100,33
RGM_0154999,N033_C0001101,33
RGM_0165427,N033_C0001102,33
RGM_0165819,N033_C0001103,33
RGM_0166314,N033_C0001104,33
RGM_0166315,N033_C0001104,33
RGM_0166296,N033_C0001104,33
RGM_0166371,N033_C0001105,33
RGM_0166449,N033_C0001105,33
RGM_0166375,N033_C0001105,33
RGM_0166431,N033_C0001105,33
RGM_0166440,N033_C0001105,33
RGM_0166445,N033_C0001105,33
RGM_0167688,N033_C0001106,33
RGM_0167709,N033_C0001106,33
RGM_0167710,N033_C0001106,33
RGM_0167716,N033_C0001106,33
RGM_0167717,N033_C0001106,33
RGM_0167956,N033_C0001106,33
RGM_0167924,N033_C0001106,33
RGM_0181113,N033_C0001107,33
RGM_0286003,N033_C0001108,33
RGM_0286002,N033_C0001108,33
RGM_0286004,N033_C0001108,33
RGM_0286049,N033_C0001109,33
RGM_0286048,N033_C0001109,33
RGM_0286051,N033_C0001109,33
RGM_0286047,N033_C0001109,33
RGM_0286046,N033_C0001109,33
RGM_0286052,N033_C0001109,33
RGM_0286078,N033_C0001110,33
RGM_0286088,N033_C0001110,33
RGM_0286087,N033_C0001110,33
RGM_0286091,N033_C0001110,33
RGM_0286112,N033_C0001111,33
RGM_0286121,N033_C0001111,33
RGM_0286122,N033_C0001111,33
RGM_0286135,N033_C0001112,33
RGM_0286138,N033_C0001112,33
RGM_0286141,N033_C0001112,33
RGM_0286143,N033_C0001112,33
RGM_0286162,N033_C0001113,33
RGM_0286163,N033_C0001113,33
RGM_0286166,N033_C0001113,33
RGM_0286328,N033_C0001114,33
RGM_0286332,N033_C0001114,33
RGM_0286333,N033_C0001114,33
RGM_0286335,N033_C0001114,33
RGM_0286331,N033_C0001114,33
RGM_0286391,N033_C0001115,33
RGM_0286393,N033_C0001115,33
RGM_0286408,N033_C0001115,33
RGM_0286410,N033_C0001115,33
RGM_0286403,N033_C0001115,33
RGM_0286412,N033_C0001115,33
RGM_0286419,N033_C0001116,33
RGM_0286449,N033_C0001117,33
RGM_0286465,N033_C0001118,33
RGM_0286469,N033_C0001118,33
RGM_0286476,N033_C0001118,33
RGM_0286531,N033_C0001119,33
RGM_0286624,N033_C0001120,33
RGM_0286627,N033_C0001120,33
RGM_0286629,N033_C0001120,33
RGM_0286625,N033_C0001120,33
RGM_0286626,N033_C0001120,33
RGM_0286634,N033_C0001120,33
RGM_0286649,N033_C0001121,33
RGM_0286648,N033_C0001121,33
RGM_0286642,N033_C0001121,33
RGM_0286645,N033_C0001121,33
RGM_0286712,N033_C0001122,33
RGM_0286713,N033_C0001122,33
RGM_0286715,N033_C0001122,33
RGM_0286718,N033_C0001122,33
RGM_0286771,N033_C0001123,33
RGM_0286772,N033_C0001123,33
RGM_0286833,N033_C0001124,33
RGM_0286815,N033_C0001124,33
RGM_0286829,N033_C0001124,33
RGM_0286820,N033_C0001124,33
RGM_0286816,N033_C0001124,33
RGM_0286819,N033_C0001124,33
RGM_0286837,N033_C0001124,33
RGM_0286842,N033_C0001124,33
RGM_0286949,N033_C0001125,33
RGM_0286951,N033_C0001125,33
RGM_0286960,N033_C0001126,33
RGM_0286964,N033_C0001127,33
RGM_0286971,N033_C0001127,33
RGM_0286969,N033_C0001127,33
RGM_0286966,N033_C0001127,33
RGM_0286970,N033_C0001127,33
RGM_0287013,N033_C0001128,33
RGM_0287032,N033_C0001129,33
RGM_0287033,N033_C0001129,33
RGM_0287031,N033_C0001129,33
RGM_0287052,N033_C0001130,33
RGM_0287063,N033_C0001131,33
RGM_0287078,N033_C0001132,33
RGM_0287177,N033_C0001133,33
RGM_0287178,N033_C0001133,33
RGM_0287191,N033_C0001134,33
RGM_0287198,N033_C0001134,33
RGM_0287192,N033_C0001134,33
RGM_0287193,N033_C0001134,33
RGM_0287218,N033_C0001135,33
RGM_0287220,N033_C0001135,33
RGM_0287222,N033_C0001135,33
RGM_0287230,N033_C0001135,33
RGM_0287227,N033_C0001135,33
RGM_0287247,N033_C0001136,33
RGM_0287256,N033_C0001136,33
RGM_0287249,N033_C0001136,33
RGM_0287251,N033_C0001136,33
RGM_0287321,N033_C0001137,33
RGM_0287324,N033_C0001137,33
RGM_0287322,N033_C0001137,33
RGM_0287330,N033_C0001137,33
RGM_0287326,N033_C0001137,33
RGM_0287327,N033_C0001137,33
RGM_0287328,N033_C0001137,33
RGM_0287341,N033_C0001138,33
RGM_0287338,N033_C0001138,33
RGM_0287340,N033_C0001138,33
RGM_0287359,N033_C0001139,33
RGM_0287357,N033_C0001139,33
RGM_0287358,N033_C0001139,33
RGM_0287361,N033_C0001139,33
RGM_0287363,N033_C0001139,33
RGM_0287364,N033_C0001139,33
RGM_0287365,N033_C0001139,33
RGM_0287376,N033_C0001140,33
RGM_0287409,N033_C0001141,33
RGM_0287411,N033_C0001141,33
RGM_0287441,N033_C0001142,33
RGM_0287443,N033_C0001142,33
RGM_0287449,N033_C0001142,33
RGM_0287451,N033_C0001142,33
RGM_0287446,N033_C0001142,33
RGM_0287551,N033_C0001143,33
RGM_0287559,N033_C0001144,33
RGM_0287569,N033_C0001144,33
RGM_0287570,N033_C0001144,33
RGM_0287571,N033_C0001144,33
RGM_0287619,N033_C0001145,33
RGM_0287628,N033_C0001145,33
RGM_0287620,N033_C0001145,33
RGM_0287621,N033_C0001145,33
RGM_0287627,N033_C0001145,33
RGM_0287686,N033_C0001146,33
RGM_0287715,N033_C0001147,33
RGM_0287723,N033_C0001148,33
RGM_0287730,N033_C0001148,33
RGM_0287729,N033_C0001148,33
RGM_0287726,N033_C0001148,33
RGM_0287727,N033_C0001148,33
RGM_0287728,N033_C0001148,33
RGM_0287733,N033_C0001148,33
RGM_0287732,N033_C0001148,33
RGM_0287848,N033_C0001149,33
RGM_0287960,N033_C0001150,33
RGM_0288068,N033_C0001151,33
RGM_0288069,N033_C0001151,33
RGM_0288095,N033_C0001152,33
RGM_0288104,N033_C0001152,33
RGM_0288106,N033_C0001152,33
RGM_0288109,N033_C0001152,33
RGM_0288145,N033_C0001153,33
RGM_0288146,N033_C0001153,33
RGM_0288136,N033_C0001153,33
RGM_0288138,N033_C0001153,33
RGM_0288141,N033_C0001153,33
RGM_0288168,N033_C0001154,33
RGM_0288172,N033_C0001154,33
RGM_0288179,N033_C0001154,33
RGM_0288180,N033_C0001154,33
RGM_0288209,N033_C0001155,33
RGM_0288213,N033_C0001155,33
RGM_0288214,N033_C0001155,33
RGM_0288222,N033_C0001155,33
RGM_0288240,N033_C0001156,33
RGM_0288267,N033_C0001157,33
RGM_0288268,N033_C0001157,33
RGM_0288247,N033_C0001157,33
RGM_0288254,N033_C0001157,33
RGM_0288255,N033_C0001157,33
RGM_0288261,N033_C0001157,33
RGM_0288262,N033_C0001157,33
RGM_0288258,N033_C0001157,33
RGM_0288306,N033_C0001158,33
RGM_0288361,N033_C0001159,33
RGM_0288373,N033_C0001159,33
RGM_0288410,N033_C0001160,33
RGM_0288453,N033_C0001161,33
RGM_0288462,N033_C0001162,33
RGM_0288488,N033_C0001163,33
RGM_0288492,N033_C0001163,33
RGM_0288494,N033_C0001163,33
RGM_0288496,N033_C0001163,33
RGM_0288504,N033_C0001163,33
RGM_0288500,N033_C0001163,33
RGM_0288501,N033_C0001163,33
RGM_0288502,N033_C0001163,33
RGM_0288503,N033_C0001163,33
RGM_0288515,N033_C0001164,33
RGM_0288516,N033_C0001164,33
RGM_0288518,N033_C0001164,33
RGM_0288570,N033_C0001165,33
RGM_0288562,N033_C0001165,33
RGM_0288560,N033_C0001165,33
RGM_0288565,N033_C0001165,33
RGM_0288561,N033_C0001165,33
RGM_0288564,N033_C0001165,33
RGM_0288583,N033_C0001166,33
RGM_0288591,N033_C0001167,33
RGM_0288595,N033_C0001167,33
RGM_0288592,N033_C0001167,33
RGM_0288628,N033_C0001168,33
RGM_0288625,N033_C0001168,33
RGM_0288626,N033_C0001168,33
RGM_0288653,N033_C0001169,33
RGM_0288654,N033_C0001169,33
RGM_0288661,N033_C0001169,33
RGM_0288668,N033_C0001169,33
RGM_0288660,N033_C0001169,33
RGM_0288782,N033_C0001170,33
RGM_0288807,N033_C0001171,33
RGM_0288817,N033_C0001171,33
RGM_0288810,N033_C0001171,33
RGM_0288814,N033_C0001171,33
RGM_0288870,N033_C0001172,33
RGM_0288871,N033_C0001172,33
RGM_0288894,N033_C0001173,33
RGM_0288895,N033_C0001173,33
RGM_0288900,N033_C0001174,33
RGM_0288909,N033_C0001175,33
RGM_0288911,N033_C0001175,33
RGM_0288923,N033_C0001176,33
RGM_0288922,N033_C0001176,33
RGM_0288970,N033_C0001177,33
RGM_0288982,N033_C0001178,33
RGM_0288986,N033_C0001178,33
RGM_0288993,N033_C0001178,33
RGM_0288988,N033_C0001178,33
RGM_0288992,N033_C0001178,33
RGM_0289054,N033_C0001179,33
RGM_0289058,N033_C0001179,33
RGM_0289070,N033_C0001180,33
RGM_0289072,N033_C0001180,33
RGM_0289073,N033_C0001180,33
RGM_0289075,N033_C0001180,33
RGM_0289076,N033_C0001180,33
RGM_0289084,N033_C0001180,33
RGM_0289155,N033_C0001181,33
RGM_0289148,N033_C0001181,33
RGM_0289149,N033_C0001181,33
RGM_0289153,N033_C0001181,33
RGM_0289160,N033_C0001181,33
RGM_0289154,N033_C0001181,33
RGM_0289156,N033_C0001181,33
RGM_0289158,N033_C0001181,33
RGM_0289177,N033_C0001182,33
RGM_0289176,N033_C0001182,33
RGM_0289180,N033_C0001182,33
RGM_0289181,N033_C0001182,33
RGM_0289202,N033_C0001182,33
RGM_0289186,N033_C0001182,33
RGM_0289192,N033_C0001182,33
RGM_0289189,N033_C0001182,33
RGM_0289194,N033_C0001182,33
RGM_0289197,N033_C0001182,33
RGM_0289198,N033_C0001182,33
RGM_0289312,N033_C0001183,33
RGM_0289311,N033_C0001183,33
RGM_0289310,N033_C0001183,33
RGM_0289427,N033_C0001184,33
RGM_0289452,N033_C0001185,33
RGM_0289454,N033_C0001185,33
RGM_0289456,N033_C0001185,33
RGM_0289453,N033_C0001185,33
RGM_0289458,N033_C0001185,33
RGM_0289609,N033_C0001186,33
RGM_0289610,N033_C0001186,33
RGM_0289612,N033_C0001186,33
RGM_0289613,N033_C0001186,33
RGM_0289616,N033_C0001186,33
RGM_0289619,N033_C0001186,33
RGM_0289621,N033_C0001186,33
RGM_0289617,N033_C0001186,33
RGM_0289620,N033_C0001186,33
RGM_0289633,N033_C0001187,33
RGM_0289635,N033_C0001187,33
RGM_0289638,N033_C0001187,33
RGM_0289640,N033_C0001187,33
RGM_0289639,N033_C0001187,33
RGM_0289714,N033_C0001188,33
RGM_0289723,N033_C0001189,33
RGM_0289737,N033_C0001189,33
RGM_0289731,N033_C0001189,33
RGM_0289733,N033_C0001189,33
RGM_0289735,N033_C0001189,33
RGM_0289738,N033_C0001189,33
RGM_0289748,N033_C0001190,33
RGM_0289749,N033_C0001190,33
RGM_0289752,N033_C0001190,33
RGM_0289779,N033_C0001191,33
RGM_0289780,N033_C0001191,33
RGM_0289781,N033_C0001191,33
RGM_0289783,N033_C0001191,33
RGM_0289784,N033_C0001191,33
RGM_0289786,N033_C0001191,33
RGM_0289791,N033_C0001191,33
RGM_0289812,N033_C0001192,33
RGM_0289814,N033_C0001192,33
RGM_0289833,N033_C0001193,33
RGM_0289834,N033_C0001193,33
RGM_0289887,N033_C0001194,33
RGM_0289889,N033_C0001194,33
RGM_0289891,N033_C0001194,33
RGM_0289885,N033_C0001194,33
RGM_0289888,N033_C0001194,33
RGM_0290037,N033_C0001195,33
RGM_0290096,N033_C0001196,33
RGM_0290095,N033_C0001196,33
RGM_0290098,N033_C0001196,33
RGM_0290103,N033_C0001196,33
RGM_0290107,N033_C0001196,33
RGM_0290141,N033_C0001197,33
RGM_0290133,N033_C0001197,33
RGM_0290131,N033_C0001197,33
RGM_0290138,N033_C0001197,33
RGM_0290320,N033_C0001198,33
RGM_0290345,N033_C0001199,33
RGM_0290346,N033_C0001199,33
RGM_0290349,N033_C0001199,33
RGM_0290351,N033_C0001199,33
RGM_0290352,N033_C0001199,33
RGM_0290354,N033_C0001199,33
RGM_0290353,N033_C0001199,33
RGM_0290355,N033_C0001199,33
RGM_0290381,N033_C0001200,33
RGM_0290387,N033_C0001201,33
RGM_0290444,N033_C0001202,33
RGM_0290448,N033_C0001202,33
RGM_0290451,N033_C0001202,33
RGM_0290452,N033_C0001202,33
RGM_0290454,N033_C0001202,33
RGM_0290457,N033_C0001202,33
RGM_0290567,N033_C0001203,33
RGM_0290566,N033_C0001203,33
RGM_0290570,N033_C0001204,33
RGM_0290591,N033_C0001204,33
RGM_0290581,N033_C0001204,33
RGM_0290582,N033_C0001204,33
RGM_0290584,N033_C0001204,33
RGM_0290602,N033_C0001205,33
RGM_0290637,N033_C0001206,33
RGM_0290641,N033_C0001206,33
RGM_0290640,N033_C0001206,33
RGM_0290671,N033_C0001207,33
RGM_0290676,N033_C0001207,33
RGM_0290675,N033_C0001207,33
RGM_0290669,N033_C0001207,33
RGM_0290674,N033_C0001207,33
RGM_0290692,N033_C0001208,33
RGM_0290689,N033_C0001208,33
RGM_0290690,N033_C0001208,33
RGM_0290716,N033_C0001209,33
RGM_0290723,N033_C0001210,33
RGM_0290729,N033_C0001210,33
RGM_0290888,N033_C0001211,33
RGM_0290871,N033_C0001211,33
RGM_0290872,N033_C0001211,33
RGM_0290873,N033_C0001211,33
RGM_0290882,N033_C0001211,33
RGM_0290874,N033_C0001211,33
RGM_0290878,N033_C0001211,33
RGM_0290889,N033_C0001211,33
RGM_0290891,N033_C0001211,33
RGM_0290895,N033_C0001211,33
RGM_0290947,N033_C0001212,33
RGM_0291002,N033_C0001213,33
RGM_0290986,N033_C0001213,33
RGM_0290988,N033_C0001213,33
RGM_0290989,N033_C0001213,33
RGM_0291000,N033_C0001213,33
RGM_0290990,N033_C0001213,33
RGM_0290997,N033_C0001213,33
RGM_0291009,N033_C0001213,33
RGM_0291011,N033_C0001213,33
RGM_0291019,N033_C0001213,33
RGM_0291012,N033_C0001213,33
RGM_0291015,N033_C0001213,33
RGM_0291067,N033_C0001214,33
RGM_0291193,N033_C0001215,33
RGM_0291192,N033_C0001215,33
RGM_0291256,N033_C0001216,33
RGM_0291257,N033_C0001216,33
RGM_0291261,N033_C0001216,33
RGM_0291312,N033_C0001217,33
RGM_0291335,N033_C0001218,33
RGM_0291401,N033_C0001219,33
RGM_0291418,N033_C0001220,33
RGM_0291427,N033_C0001220,33
RGM_0291412,N033_C0001220,33
RGM_0291422,N033_C0001220,33
RGM_0291424,N033_C0001220,33
RGM_0291435,N033_C0001221,33
RGM_0291436,N033_C0001221,33
RGM_0291442,N033_C0001222,33
RGM_0291443,N033_C0001222,33
RGM_0291445,N033_C0001222,33
RGM_0291499,N033_C0001223,33
RGM_0291502,N033_C0001223,33
RGM_0291495,N033_C0001223,33
RGM_0291497,N033_C0001223,33
RGM_0291498,N033_C0001223,33
RGM_0291505,N033_C0001223,33
RGM_0291517,N033_C0001224,33
RGM_0291519,N033_C0001224,33
RGM_0291513,N033_C0001224,33
RGM_0291514,N033_C0001224,33
RGM_0291511,N033_C0001224,33
RGM_0291512,N033_C0001224,33
RGM_0291520,N033_C0001224,33
RGM_0291522,N033_C0001224,33
RGM_0291558,N033_C0001225,33
RGM_0291560,N033_C0001225,33
RGM_0291565,N033_C0001225,33
RGM_0291562,N033_C0001225,33
RGM_0291571,N033_C0001225,33
RGM_0291567,N033_C0001225,33
RGM_0291570,N033_C0001225,33
RGM_0291626,N033_C0001226,33
RGM_0291653,N033_C0001227,33
RGM_0291664,N033_C0001227,33
RGM_0291654,N033_C0001227,33
RGM_0291657,N033_C0001227,33
RGM_0291662,N033_C0001227,33
RGM_0291663,N033_C0001227,33
RGM_0291666,N033_C0001227,33
RGM_0291667,N033_C0001227,33
RGM_0291735,N033_C0001228,33
RGM_0291737,N033_C0001228,33
RGM_0291799,N033_C0001229,33
RGM_0291798,N033_C0001229,33
RGM_0291807,N033_C0001229,33
RGM_0291818,N033_C0001230,33
RGM_0291911,N033_C0001231,33
RGM_0291922,N033_C0001232,33
RGM_0291945,N033_C0001233,33
RGM_0291949,N033_C0001233,33
RGM_0291957,N033_C0001233,33
RGM_0291960,N033_C0001233,33
RGM_0291962,N033_C0001233,33
RGM_0291970,N033_C0001233,33
RGM_0291971,N033_C0001233,33
RGM_0292058,N033_C0001234,33
RGM_0292063,N033_C0001235,33
RGM_0292088,N033_C0001236,33
RGM_0292191,N033_C0001237,33
RGM_0292200,N033_C0001237,33
RGM_0292202,N033_C0001237,33
RGM_0292188,N033_C0001237,33
RGM_0292190,N033_C0001237,33
RGM_0292196,N033_C0001237,33
RGM_0292198,N033_C0001237,33
RGM_0292201,N033_C0001237,33
RGM_0292205,N033_C0001237,33
RGM_0292206,N033_C0001237,33
RGM_0292250,N033_C0001238,33
RGM_0292251,N033_C0001238,33
RGM_0292316,N033_C0001239,33
RGM_0292317,N033_C0001239,33
RGM_0292318,N033_C0001239,33
RGM_0292319,N033_C0001239,33
RGM_0292403,N033_C0001240,33
RGM_0292550,N033_C0001241,33
RGM_0292548,N033_C0001241,33
RGM_0292564,N033_C0001242,33
RGM_0292572,N033_C0001242,33
RGM_0292569,N033_C0001242,33
RGM_0292687,N033_C0001243,33
RGM_0292779,N033_C0001244,33
RGM_0292783,N033_C0001244,33
RGM_0292790,N033_C0001244,33
RGM_0292795,N033_C0001245,33
RGM_0292891,N033_C0001246,33
RGM_0292892,N033_C0001246,33
RGM_0292901,N033_C0001246,33
RGM_0292905,N033_C0001246,33
RGM_0292908,N033_C0001246,33
RGM_0292945,N033_C0001247,33
RGM_0292956,N033_C0001248,33
RGM_0292959,N033_C0001248,33
RGM_0292961,N033_C0001248,33
RGM_0292965,N033_C0001248,33
RGM_0293032,N033_C0001249,33
RGM_0293038,N033_C0001250,33
RGM_0293050,N033_C0001250,33
RGM_0293051,N033_C0001250,33
RGM_0293053,N033_C0001250,33
RGM_0293055,N033_C0001250,33
RGM_0293056,N033_C0001250,33
RGM_0293040,N033_C0001250,33
RGM_0293042,N033_C0001250,33
RGM_0293044,N033_C0001250,33
RGM_0293043,N033_C0001250,33
RGM_0293047,N033_C0001250,33
RGM_0293108,N033_C0001251,33
RGM_0293095,N033_C0001251,33
RGM_0293097,N033_C0001251,33
RGM_0293104,N033_C0001251,33
RGM_0293105,N033_C0001251,33
RGM_0293116,N033_C0001251,33
RGM_0293117,N033_C0001251,33
RGM_0293119,N033_C0001251,33
RGM_0293124,N033_C0001252,33
RGM_0293171,N033_C0001253,33
RGM_0293196,N033_C0001254,33
RGM_0293200,N033_C0001254,33
RGM_0293203,N033_C0001254,33
RGM_0293206,N033_C0001254,33
RGM_0293222,N033_C0001255,33
RGM_0293270,N033_C0001256,33
RGM_0293269,N033_C0001256,33
RGM_0293292,N033_C0001257,33
RGM_0293293,N033_C0001257,33
RGM_0293341,N033_C0001258,33
RGM_0293390,N033_C0001259,33
RGM_0293389,N033_C0001259,33
RGM_0293394,N033_C0001259,33
RGM_0293397,N033_C0001260,33
RGM_0293555,N033_C0001261,33
RGM_0293556,N033_C0001261,33
RGM_0293558,N033_C0001261,33
RGM_0293567,N033_C0001261,33
RGM_0293551,N033_C0001261,33
RGM_0293554,N033_C0001261,33
RGM_0293566,N033_C0001261,33
RGM_0293589,N033_C0001261,33
RGM_0293575,N033_C0001261,33
RGM_0293581,N033_C0001261,33
RGM_0293585,N033_C0001261,33
RGM_0293592,N033_C0001261,33
RGM_0293580,N033_C0001261,33
RGM_0293582,N033_C0001261,33
RGM_0293596,N033_C0001261,33
RGM_0293595,N033_C0001261,33
RGM_0293598,N033_C0001261,33
RGM_0293599,N033_C0001261,33
RGM_0293610,N033_C0001262,33
RGM_0293611,N033_C0001262,33
RGM_0293612,N033_C0001262,33
RGM_0293614,N033_C0001262,33
RGM_0293616,N033_C0001262,33
RGM_0293624,N033_C0001262,33
RGM_0293617,N033_C0001262,33
RGM_0293623,N033_C0001262,33
RGM_0293627,N033_C0001262,33
RGM_0293658,N033_C0001263,33
RGM_0293659,N033_C0001263,33
RGM_0293670,N033_C0001263,33
RGM_0293656,N033_C0001263,33
RGM_0293662,N033_C0001263,33
RGM_0293663,N033_C0001263,33
RGM_0293665,N033_C0001263,33
RGM_0293666,N033_C0001263,33
RGM_0293677,N033_C0001264,33
RGM_0293686,N033_C0001264,33
RGM_0293692,N033_C0001264,33
RGM_0293694,N033_C0001264,33
RGM_0293681,N033_C0001264,33
RGM_0293708,N033_C0001265,33
RGM_0293709,N033_C0001265,33
RGM_0293712,N033_C0001265,33
RGM_0293746,N033_C0001266,33
RGM_0293750,N033_C0001266,33
RGM_0293753,N033_C0001266,33
RGM_0293758,N033_C0001266,33
RGM_0293760,N033_C0001266,33
RGM_0293761,N033_C0001266,33
RGM_0293762,N033_C0001266,33
RGM_0293747,N033_C0001266,33
RGM_0293759,N033_C0001266,33
RGM_0293763,N033_C0001266,33
RGM_0293765,N033_C0001266,33
RGM_0293764,N033_C0001266,33
RGM_0293794,N033_C0001267,33
RGM_0293796,N033_C0001267,33
RGM_0293798,N033_C0001267,33
RGM_0293797,N033_C0001267,33
RGM_0293838,N033_C0001268,33
RGM_0293837,N033_C0001268,33
RGM_0293850,N033_C0001269,33
RGM_0293851,N033_C0001269,33
RGM_0293852,N033_C0001269,33
RGM_0293879,N033_C0001270,33
RGM_0293880,N033_C0001270,33
RGM_0293889,N033_C0001271,33
RGM_0293903,N033_C0001272,33
RGM_0293910,N033_C0001272,33
RGM_0293911,N033_C0001272,33
RGM_0293915,N033_C0001272,33
RGM_0293912,N033_C0001272,33
RGM_0293918,N033_C0001272,33
RGM_0293947,N033_C0001273,33
RGM_0293995,N033_C0001274,33
RGM_0293996,N033_C0001274,33
RGM_0294001,N033_C0001274,33
RGM_0293997,N033_C0001274,33
RGM_0294003,N033_C0001274,33
RGM_0294052,N033_C0001275,33
RGM_0294053,N033_C0001275,33
RGM_0294058,N033_C0001275,33
RGM_0294062,N033_C0001275,33
RGM_0294153,N033_C0001276,33
RGM_0294161,N033_C0001276,33
RGM_0294156,N033_C0001276,33
RGM_0294159,N033_C0001276,33
RGM_0294162,N033_C0001276,33
RGM_0294182,N033_C0001277,33
RGM_0294184,N033_C0001277,33
RGM_0294305,N033_C0001278,33
RGM_0294307,N033_C0001278,33
RGM_0294373,N033_C0001279,33
RGM_0294374,N033_C0001279,33
RGM_0294378,N033_C0001279,33
RGM_0294380,N033_C0001279,33
RGM_0294385,N033_C0001279,33
RGM_0294382,N033_C0001279,33
RGM_0294388,N033_C0001279,33
RGM_0294381,N033_C0001279,33
RGM_0294386,N033_C0001279,33
RGM_0294387,N033_C0001279,33
RGM_0294406,N033_C0001280,33
RGM_0294526,N033_C0001281,33
RGM_0294527,N033_C0001281,33
RGM_0294518,N033_C0001281,33
RGM_0294516,N033_C0001281,33
RGM_0294519,N033_C0001281,33
RGM_0294521,N033_C0001281,33
RGM_0294523,N033_C0001281,33
RGM_0294525,N033_C0001281,33
RGM_0294618,N033_C0001282,33
RGM_0294611,N033_C0001282,33
RGM_0294613,N033_C0001282,33
RGM_0294621,N033_C0001282,33
RGM_0294704,N033_C0001283,33
RGM_0294973,N033_C0001284,33
RGM_0294979,N033_C0001284,33
RGM_0294980,N033_C0001284,33
RGM_0294976,N033_C0001284,33
RGM_0294977,N033_C0001284,33
RGM_0295295,N033_C0001285,33
RGM_0295296,N033_C0001285,33
RGM_0295300,N033_C0001285,33
RGM_0295306,N033_C0001286,33
RGM_0295307,N033_C0001286,33
RGM_0295325,N033_C0001287,33
RGM_0295326,N033_C0001287,33
RGM_0295327,N033_C0001287,33
RGM_0295331,N033_C0001287,33
RGM_0295337,N033_C0001288,33
RGM_0295359,N033_C0001288,33
RGM_0295355,N033_C0001288,33
RGM_0295379,N033_C0001288,33
RGM_0295377,N033_C0001288,33
RGM_0295360,N033_C0001288,33
RGM_0295364,N033_C0001288,33
RGM_0295371,N033_C0001288,33
RGM_0295374,N033_C0001288,33
RGM_0295375,N033_C0001288,33
RGM_0295367,N033_C0001288,33
RGM_0295373,N033_C0001288,33
RGM_0295407,N033_C0001288,33
RGM_0295408,N033_C0001288,33
RGM_0295409,N033_C0001288,33
RGM_0295418,N033_C0001289,33
RGM_0295419,N033_C0001289,33
RGM_0295578,N033_C0001290,33
RGM_0295589,N033_C0001290,33
RGM_0295583,N033_C0001290,33
RGM_0295585,N033_C0001290,33
RGM_0295586,N033_C0001290,33
RGM_0295581,N033_C0001290,33
RGM_0295582,N033_C0001290,33
RGM_0295622,N033_C0001291,33
RGM_0295625,N033_C0001291,33
RGM_0295620,N033_C0001291,33
RGM_0295619,N033_C0001291,33
RGM_0295621,N033_C0001291,33
RGM_0295627,N033_C0001291,33
RGM_0295662,N033_C0001292,33
RGM_0295728,N033_C0001293,33
RGM_0295730,N033_C0001293,33
RGM_0295733,N033_C0001293,33
RGM_0295732,N033_C0001293,33
RGM_0295731,N033_C0001293,33
RGM_0295928,N033_C0001294,33
RGM_0295930,N033_C0001294,33
RGM_0295932,N033_C0001294,33
RGM_0295996,N033_C0001295,33
RGM_0296005,N033_C0001295,33
RGM_0296007,N033_C0001295,33
RGM_0296008,N033_C0001295,33
RGM_0296460,N033_C0001296,33
RGM_0296434,N033_C0001296,33
RGM_0296435,N033_C0001296,33
RGM_0296495,N033_C0001297,33
RGM_0296570,N033_C0001298,33
RGM_0296605,N033_C0001299,33
RGM_0296608,N033_C0001299,33
RGM_0296649,N033_C0001300,33
RGM_0296656,N033_C0001300,33
RGM_0296657,N033_C0001300,33
RGM_0296654,N033_C0001300,33
RGM_0296658,N033_C0001300,33
RGM_0296663,N033_C0001300,33
RGM_0296661,N033_C0001300,33
RGM_0296664,N033_C0001300,33
RGM_0296665,N033_C0001300,33
RGM_0296680,N033_C0001301,33
RGM_0296683,N033_C0001301,33
RGM_0296719,N033_C0001302,33
RGM_0296721,N033_C0001302,33
RGM_0296722,N033_C0001302,33
RGM_0296764,N033_C0001303,33
RGM_0296762,N033_C0001303,33
RGM_0296987,N033_C0001304,33
RGM_0297003,N033_C0001305,33
RGM_0297002,N033_C0001305,33
RGM_0297042,N033_C0001306,33
RGM_0297043,N033_C0001306,33
RGM_0297044,N033_C0001306,33
RGM_0297046,N033_C0001306,33
RGM_0297041,N033_C0001306,33
RGM_0297160,N033_C0001307,33
RGM_0297159,N033_C0001307,33
RGM_0297168,N033_C0001307,33
RGM_0297174,N033_C0001307,33
RGM_0297172,N033_C0001307,33
RGM_0297175,N033_C0001307,33
RGM_0297173,N033_C0001307,33
RGM_0297255,N033_C0001308,33
RGM_0297303,N033_C0001309,33
RGM_0297306,N033_C0001309,33
RGM_0297308,N033_C0001309,33
RGM_0297322,N033_C0001310,33
RGM_0297319,N033_C0001310,33
RGM_0297320,N033_C0001310,33
RGM_0297486,N033_C0001311,33
RGM_0297500,N033_C0001312,33
RGM_0297507,N033_C0001312,33
RGM_0297503,N033_C0001312,33
RGM_0297504,N033_C0001312,33
RGM_0297513,N033_C0001312,33
RGM_0298063,N033_C0001313,33
RGM_0298262,N033_C0001314,33
RGM_0298256,N033_C0001314,33
RGM_0298265,N033_C0001314,33
RGM_0298294,N033_C0001315,33
RGM_0298309,N033_C0001316,33
RGM_0298327,N033_C0001317,33
RGM_0298326,N033_C0001317,33
RGM_0298385,N033_C0001318,33
RGM_0298671,N033_C0001319,33
RGM_0298680,N033_C0001319,33
RGM_0299034,N033_C0001320,33
RGM_0299038,N033_C0001320,33
RGM_0299058,N033_C0001320,33
RGM_0299032,N033_C0001320,33
RGM_0299052,N033_C0001320,33
RGM_0299165,N033_C0001321,33
RGM_0299171,N033_C0001321,33
RGM_0299178,N033_C0001321,33
RGM_0299181,N033_C0001321,33
RGM_0299183,N033_C0001321,33
RGM_0299240,N033_C0001322,33
RGM_0299241,N033_C0001322,33
RGM_0299243,N033_C0001322,33
RGM_0299250,N033_C0001322,33
RGM_0299311,N033_C0001323,33
RGM_0299309,N033_C0001323,33
RGM_0299314,N033_C0001323,33
RGM_0299354,N033_C0001324,33
RGM_0299360,N033_C0001324,33
RGM_0299362,N033_C0001324,33
RGM_0299356,N033_C0001324,33
RGM_0299351,N033_C0001324,33
RGM_0299366,N033_C0001324,33
RGM_0299409,N033_C0001325,33
RGM_0299391,N033_C0001325,33
RGM_0299397,N033_C0001325,33
RGM_0299434,N033_C0001326,33
RGM_0299447,N033_C0001326,33
RGM_0299475,N033_C0001327,33
RGM_0299471,N033_C0001327,33
RGM_0299482,N033_C0001327,33
RGM_0299517,N033_C0001328,33
RGM_0299529,N033_C0001328,33
RGM_0299528,N033_C0001328,33
RGM_0299530,N033_C0001328,33
RGM_0299531,N033_C0001328,33
RGM_0299541,N033_C0001329,33
RGM_0299546,N033_C0001329,33
RGM_0299576,N033_C0001330,33
RGM_0299575,N033_C0001330,33
RGM_0299603,N033_C0001331,33
RGM_0299602,N033_C0001331,33
RGM_0299608,N033_C0001331,33
RGM_0299609,N033_C0001331,33
RGM_0299610,N033_C0001331,33
RGM_0299606,N033_C0001331,33
RGM_0299655,N033_C0001332,33
RGM_0299668,N033_C0001333,33
RGM_0299674,N033_C0001333,33
RGM_0299675,N033_C0001333,33
RGM_0299671,N033_C0001333,33
RGM_0299789,N033_C0001334,33
RGM_0299841,N033_C0001335,33
RGM_0299887,N033_C0001336,33
RGM_0299888,N033_C0001336,33
RGM_0299893,N033_C0001336,33
RGM_0299865,N033_C0001336,33
RGM_0299868,N033_C0001336,33
RGM_0299869,N033_C0001336,33
RGM_0299870,N033_C0001336,33
RGM_0299875,N033_C0001336,33
RGM_0299879,N033_C0001336,33
RGM_0299880,N033_C0001336,33
RGM_0299954,N033_C0001337,33
RGM_0299956,N033_C0001337,33
RGM_0300055,N033_C0001338,33
RGM_0300056,N033_C0001338,33
RGM_0300057,N033_C0001338,33
RGM_0300059,N033_C0001338,33
RGM_0300118,N033_C0001339,33
RGM_0300119,N033_C0001340,33
RGM_0300595,N033_C0001341,33
RGM_0300608,N033_C0001342,33
RGM_0300625,N033_C0001342,33
RGM_0300607,N033_C0001342,33
RGM_0300610,N033_C0001342,33
RGM_0300613,N033_C0001342,33
RGM_0300616,N033_C0001342,33
RGM_0300619,N033_C0001342,33
RGM_0300618,N033_C0001342,33
RGM_0300627,N033_C0001342,33
RGM_0300622,N033_C0001342,33
RGM_0300841,N033_C0001343,33
RGM_0301157,N033_C0001344,33
RGM_0301162,N033_C0001344,33
RGM_0301164,N033_C0001344,33
RGM_0301167,N033_C0001344,33
RGM_0301169,N033_C0001344,33
RGM_0301166,N033_C0001344,33
RGM_0301173,N033_C0001344,33
RGM_0301171,N033_C0001344,33
RGM_0301237,N033_C0001345,33
RGM_0301232,N033_C0001345,33
RGM_0301284,N033_C0001346,33
RGM_0301323,N033_C0001347,33
RGM_0301329,N033_C0001347,33
RGM_0301373,N033_C0001348,33
RGM_0301378,N033_C0001348,33
RGM_0301382,N033_C0001348,33
RGM_0301383,N033_C0001348,33
RGM_0301374,N033_C0001348,33
RGM_0301381,N033_C0001348,33
RGM_0301425,N033_C0001349,33
RGM_0301439,N033_C0001350,33
RGM_0301458,N033_C0001351,33
RGM_0301459,N033_C0001351,33
RGM_0301463,N033_C0001351,33
RGM_0301464,N033_C0001351,33
RGM_0301465,N033_C0001351,33
RGM_0301513,N033_C0001352,33
RGM_0301668,N033_C0001353,33
RGM_0301681,N033_C0001353,33
RGM_0301669,N033_C0001353,33
RGM_0301671,N033_C0001353,33
RGM_0301739,N033_C0001354,33
RGM_0301738,N033_C0001354,33
RGM_0301737,N033_C0001354,33
RGM_0301741,N033_C0001354,33
RGM_0301742,N033_C0001354,33
RGM_0301795,N033_C0001355,33
RGM_0301816,N033_C0001355,33
RGM_0301800,N033_C0001355,33
RGM_0301809,N033_C0001355,33
RGM_0301812,N033_C0001355,33
RGM_0301825,N033_C0001356,33
RGM_0301826,N033_C0001356,33
RGM_0301863,N033_C0001357,33
RGM_0301866,N033_C0001357,33
RGM_0301880,N033_C0001358,33
RGM_0301937,N033_C0001359,33
RGM_0302201,N033_C0001360,33
RGM_0303176,N033_C0001361,33
RGM_0303231,N033_C0001362,33
RGM_0303232,N033_C0001362,33
RGM_0303242,N033_C0001362,33
RGM_0303406,N033_C0001363,33
RGM_0303606,N033_C0001364,33
RGM_0303675,N033_C0001365,33
RGM_0303846,N033_C0001366,33
RGM_0303916,N033_C0001367,33
RGM_0303919,N033_C0001367,33
RGM_0303921,N033_C0001367,33
RGM_0303918,N033_C0001367,33
RGM_0303995,N033_C0001368,33
RGM_0303998,N033_C0001368,33
RGM_0304003,N033_C0001368,33
RGM_0304255,N033_C0001369,33
RGM_0304257,N033_C0001369,33
RGM_0304265,N033_C0001369,33
RGM_0304273,N033_C0001369,33
RGM_0304446,N033_C0001370,33
RGM_0304589,N033_C0001371,33
RGM_0304586,N033_C0001371,33
RGM_0305374,N033_C0001372,33
RGM_0305383,N033_C0001372,33
RGM_0305381,N033_C0001372,33
RGM_0305385,N033_C0001372,33
RGM_0305387,N033_C0001372,33
RGM_0305505,N033_C0001373,33
RGM_0305515,N033_C0001373,33
RGM_0305648,N033_C0001374,33
RGM_0305649,N033_C0001374,33
RGM_0305651,N033_C0001374,33
RGM_0305653,N033_C0001374,33
RGM_0305898,N033_C0001375,33
RGM_0305949,N033_C0001376,33
RGM_0305955,N033_C0001376,33
RGM_0305951,N033_C0001376,33
RGM_0305952,N033_C0001376,33
RGM_0305995,N033_C0001377,33
RGM_0305997,N033_C0001377,33
RGM_0306072,N033_C0001378,33
RGM_0306076,N033_C0001378,33
RGM_0306074,N033_C0001378,33
RGM_0306113,N033_C0001379,33
RGM_0306114,N033_C0001379,33
RGM_0306119,N033_C0001379,33
RGM_0306131,N033_C0001380,33
RGM_0306148,N033_C0001381,33
RGM_0306143,N033_C0001381,33
RGM_0306147,N033_C0001381,33
RGM_0306149,N033_C0001381,33
RGM_0306150,N033_C0001381,33
RGM_0306140,N033_C0001381,33
RGM_0306141,N033_C0001381,33
RGM_0306145,N033_C0001381,33
RGM_0306146,N033_C0001381,33
RGM_0306161,N033_C0001381,33
RGM_0306154,N033_C0001381,33
RGM_0306162,N033_C0001381,33
RGM_0306152,N033_C0001381,33
RGM_0306157,N033_C0001381,33
RGM_0306160,N033_C0001381,33
RGM_0306163,N033_C0001381,33
RGM_0306178,N033_C0001382,33
RGM_0306194,N033_C0001383,33
RGM_0306197,N033_C0001383,33
RGM_0306195,N033_C0001383,33
RGM_0306204,N033_C0001384,33
RGM_0306273,N033_C0001385,33
RGM_0306284,N033_C0001385,33
RGM_0306274,N033_C0001385,33
RGM_0306275,N033_C0001385,33
RGM_0306278,N033_C0001385,33
RGM_0306283,N033_C0001385,33
RGM_0306281,N033_C0001385,33
RGM_0306282,N033_C0001385,33
RGM_0306288,N033_C0001385,33
RGM_0306289,N033_C0001385,33
RGM_0306291,N033_C0001385,33
RGM_0306296,N033_C0001385,33
RGM_0306297,N033_C0001385,33
RGM_0306293,N033_C0001385,33
RGM_0306295,N033_C0001385,33
RGM_0306306,N033_C0001386,33
RGM_0306307,N033_C0001386,33
RGM_0306314,N033_C0001387,33
RGM_0306381,N033_C0001388,33
RGM_0306380,N033_C0001388,33
RGM_0306373,N033_C0001388,33
RGM_0306375,N033_C0001388,33
RGM_0306386,N033_C0001388,33
RGM_0306437,N033_C0001389,33
RGM_0306433,N033_C0001389,33
RGM_0306429,N033_C0001389,33
RGM_0039990,N034_C0001390,34
RGM_0040220,N034_C0001391,34
RGM_0041923,N034_C0001392,34
RGM_0041956,N034_C0001392,34
RGM_0095425,N034_C0001393,34
RGM_0095432,N034_C0001393,34
RGM_0101733,N034_C0001394,34
RGM_0104423,N034_C0001395,34
RGM_0104453,N034_C0001396,34
RGM_0113075,N034_C0001397,34
RGM_0154455,N034_C0001398,34
RGM_0154952,N034_C0001399,34
RGM_0154958,N034_C0001399,34
RGM_0154992,N034_C0001400,34
RGM_0038973,N035_C0001401,35
RGM_0039992,N035_C0001402,35
RGM_0095247,N035_C0001403,35
RGM_0095431,N035_C0001404,35
RGM_0096785,N035_C0001405,35
RGM_0097119,N035_C0001406,35
RGM_0101736,N035_C0001407,35
RGM_0104414,N035_C0001408,35
RGM_0106395,N035_C0001409,35
RGM_0113133,N035_C0001410,35
RGM_0113073,N035_C0001410,35
RGM_0039994,N036_C0001411,36
RGM_0040130,N036_C0001412,36
RGM_0041921,N036_C0001413,36
RGM_0044457,N036_C0001414,36
RGM_0044463,N036_C0001414,36
RGM_0082059,N036_C0001415,36
RGM_0082115,N036_C0001415,36
RGM_0095427,N036_C0001416,36
RGM_0096787,N036_C0001417,36
RGM_0104425,N036_C0001418,36
RGM_0104467,N036_C0001419,36
RGM_0104446,N036_C0001419,36
RGM_0106393,N036_C0001420,36
RGM_0113055,N036_C0001421,36
RGM_0154966,N036_C0001422,36
RGM_0165428,N036_C0001423,36
RGM_0166316,N036_C0001424,36
RGM_0166433,N036_C0001425,36
RGM_0166458,N036_C0001426,36
RGM_0038988,N037_C0001427,37
RGM_0044465,N037_C0001428,37
RGM_0082124,N037_C0001429,37
RGM_0086948,N037_C0001430,37
RGM_0095428,N037_C0001431,37
RGM_0097856,N037_C0001432,37
RGM_0097861,N037_C0001432,37
RGM_0101732,N037_C0001433,37
RGM_0104421,N037_C0001434,37
RGM_0104448,N037_C0001435,37
RGM_0106389,N037_C0001436,37
RGM_0113058,N037_C0001437,37
RGM_0113070,N037_C0001437,37
RGM_0113050,N037_C0001437,37
RGM_0166310,N037_C0001438,37
RGM_0166369,N037_C0001439,37
RGM_0166443,N037_C0001439,37
RGM_0166460,N037_C0001439,37
RGM_0167661,N037_C0001440,37
RGM_0167696,N037_C0001440,37
RGM_0042050,N038_C0001441,38
RGM_0095253,N038_C0001442,38
RGM_0104419,N038_C0001443,38
RGM_0104459,N038_C0001444,38
RGM_0113053,N038_C0001445,38
RGM_0113071,N038_C0001445,38
RGM_0113047,N038_C0001445,38
RGM_0166309,N038_C0001446,38
RGM_0166373,N038_C0001447,38
RGM_0166447,N038_C0001447,38
RGM_0166461,N038_C0001447,38
RGM_0167662,N038_C0001448,38
RGM_0167699,N038_C0001448,38
RGM_0039996,N039_C0001449,39
RGM_0044200,N039_C0001450,39
RGM_0095423,N039_C0001451,39
RGM_0097248,N039_C0001452,39
RGM_0104447,N039_C0001453,39
RGM_0154938,N039_C0001454,39
RGM_0154939,N039_C0001454,39
RGM_0154950,N039_C0001455,39
RGM_0154953,N039_C0001455,39
RGM_0154956,N039_C0001455,39
RGM_0154994,N039_C0001456,39
RGM_0166312,N039_C0001457,39
RGM_0166294,N039_C0001457,39
RGM_0041587,N040_C0001458,40
RGM_0041395,N040_C0001458,40
RGM_0041364,N040_C0001458,40
RGM_0041542,N040_C0001458,40
RGM_0041565,N040_C0001458,40
RGM_0041582,N040_C0001458,40
RGM_0041918,N040_C0001459,40
RGM_0042049,N040_C0001459,40
RGM_0042075,N040_C0001459,40
RGM_0044198,N040_C0001460,40
RGM_0097250,N040_C0001461,40
RGM_0104451,N040_C0001462,40
RGM_0123143,N040_C0001463,40
RGM_0124374,N040_C0001464,40
RGM_0124450,N040_C0001465,40
RGM_0124570,N040_C0001466,40
RGM_0126670,N040_C0001467,40
RGM_0166299,N040_C0001468,40
RGM_0039482,N041_C0001469,41
RGM_0041376,N041_C0001470,41
RGM_0041366,N041_C0001470,41
RGM_0044355,N041_C0001471,41
RGM_0044466,N041_C0001472,41
RGM_0123135,N041_C0001473,41
RGM_0166300,N041_C0001474,41
RGM_0041538,N042_C0001475,42
RGM_0062555,N042_C0001476,42
RGM_0097228,N042_C0001477,42
RGM_0123133,N042_C0001478,42
RGM_0123786,N042_C0001479,42
RGM_0124572,N042_C0001480,42
RGM_0052916,N043_C0001481,43
RGM_0104466,N043_C0001482,43
RGM_0104449,N043_C0001482,43
RGM_0053381,N044_C0001483,44
RGM_0062554,N044_C0001484,44
RGM_0104407,N044_C0001485,44
RGM_0040877,N045_C0001486,45
RGM_0041417,N045_C0001487,45
RGM_0041588,N045_C0001487,45
RGM_0041380,N045_C0001487,45
RGM_0041388,N045_C0001487,45
RGM_0041389,N045_C0001487,45
RGM_0041393,N045_C0001487,45
RGM_0041353,N045_C0001487,45
RGM_0041368,N045_C0001487,45
RGM_0041548,N045_C0001487,45
RGM_0041561,N045_C0001487,45
RGM_0041573,N045_C0001487,45
RGM_0041581,N045_C0001487,45
RGM_0041591,N045_C0001487,45
RGM_0041594,N045_C0001487,45
RGM_0041622,N045_C0001487,45
RGM_0041617,N045_C0001487,45
RGM_0041640,N045_C0001487,45
RGM_0041636,N045_C0001487,45
RGM_0041917,N045_C0001488,45
RGM_0041929,N045_C0001488,45
RGM_0044205,N045_C0001489,45
RGM_0097118,N045_C0001490,45
RGM_0097120,N045_C0001490,45
RGM_0097107,N045_C0001490,45
RGM_0097252,N045_C0001490,45
RGM_0097106,N045_C0001490,45
RGM_0097108,N045_C0001490,45
RGM_0097105,N045_C0001490,45
RGM_0097245,N045_C0001490,45
RGM_0104547,N045_C0001491,45
RGM_0104548,N045_C0001491,45
RGM_0104550,N045_C0001491,45
RGM_0104404,N045_C0001491,45
RGM_0104415,N045_C0001491,45
RGM_0104418,N045_C0001491,45
RGM_0104422,N045_C0001491,45
RGM_0104462,N045_C0001491,45
RGM_0104456,N045_C0001491,45
RGM_0104457,N045_C0001491,45
RGM_0104463,N045_C0001491,45
RGM_0104488,N045_C0001491,45
RGM_0104510,N045_C0001491,45
RGM_0106388,N045_C0001492,45
RGM_0106390,N045_C0001492,45
RGM_0106392,N045_C0001492,45
RGM_0106394,N045_C0001492,45
RGM_0113048,N045_C0001493,45
RGM_0113052,N045_C0001493,45
RGM_0154311,N045_C0001494,45
RGM_0154431,N045_C0001495,45
RGM_0321366,N045_C0001496,45
RGM_0041539,N046_C0001497,46
RGM_0041570,N046_C0001497,46
RGM_0041576,N046_C0001497,46
RGM_0108263,N046_C0001498,46
RGM_0108655,N046_C0001499,46
RGM_0108817,N046_C0001500,46
RGM_0108834,N046_C0001500,46
RGM_0108840,N046_C0001500,46
RGM_0108849,N046_C0001500,46
RGM_0109000,N046_C0001501,46
RGM_0109082,N046_C0001502,46
RGM_0118528,N046_C0001503,46
RGM_0118522,N046_C0001503,46
RGM_0129334,N046_C0001504,46
RGM_0041362,N047_C0001505,47
RGM_0041531,N047_C0001506,47
RGM_0041541,N047_C0001506,47
RGM_0041569,N047_C0001506,47
RGM_0041580,N047_C0001506,47
RGM_0041618,N047_C0001507,47
RGM_0041603,N047_C0001507,47
RGM_0041630,N047_C0001507,47
RGM_0108812,N047_C0001508,47
RGM_0109012,N047_C0001509,47
RGM_0109094,N047_C0001510,47
RGM_0118806,N047_C0001511,47
RGM_0118807,N047_C0001511,47
RGM_0125686,N047_C0001512,47
RGM_0125707,N047_C0001512,47
RGM_0039483,N048_C0001513,48
RGM_0041543,N048_C0001514,48
RGM_0041620,N048_C0001515,48
RGM_0041916,N048_C0001516,48
RGM_0042079,N048_C0001516,48
RGM_0125694,N048_C0001517,48
RGM_0125682,N048_C0001517,48
RGM_0125701,N048_C0001517,48
RGM_0041300,N049_C0001518,49
RGM_0041384,N049_C0001518,49
RGM_0041536,N049_C0001518,49
RGM_0041564,N049_C0001518,49
RGM_0041574,N049_C0001518,49
RGM_0041619,N049_C0001519,49
RGM_0041639,N049_C0001520,49
RGM_0095699,N049_C0001521,49
RGM_0125698,N049_C0001522,49
RGM_0039989,N050_C0001523,50
RGM_0041402,N050_C0001524,50
RGM_0041373,N050_C0001524,50
RGM_0041352,N050_C0001524,50
RGM_0041545,N050_C0001524,50
RGM_0041557,N050_C0001524,50
RGM_0041606,N050_C0001525,50
RGM_0041615,N050_C0001525,50
RGM_0041635,N050_C0001526,50
RGM_0041642,N050_C0001526,50
RGM_0042074,N050_C0001527,50
RGM_0066822,N050_C0001528,50
RGM_0068344,N050_C0001529,50
RGM_0095705,N050_C0001530,50
RGM_0095733,N050_C0001531,50
RGM_0097004,N050_C0001532,50
RGM_0097109,N050_C0001533,50
RGM_0166239,N050_C0001534,50
RGM_0039486,N051_C0001535,51
RGM_0039998,N051_C0001536,51
RGM_0040000,N051_C0001536,51
RGM_0040143,N051_C0001537,51
RGM_0040868,N051_C0001538,51
RGM_0041273,N051_C0001539,51
RGM_0041533,N051_C0001540,51
RGM_0041537,N051_C0001540,51
RGM_0041550,N051_C0001540,51
RGM_0041562,N051_C0001540,51
RGM_0041566,N051_C0001540,51
RGM_0041625,N051_C0001541,51
RGM_0041593,N051_C0001541,51
RGM_0041597,N051_C0001541,51
RGM_0041607,N051_C0001541,51
RGM_0041609,N051_C0001541,51
RGM_0041604,N051_C0001541,51
RGM_0041933,N051_C0001542,51
RGM_0043828,N051_C0001543,51
RGM_0043831,N051_C0001543,51
RGM_0043839,N051_C0001543,51
RGM_0043840,N051_C0001543,51
RGM_0043850,N051_C0001543,51
RGM_0044564,N051_C0001544,51
RGM_0044868,N051_C0001545,51
RGM_0044870,N051_C0001545,51
RGM_0044844,N051_C0001545,51
RGM_0044846,N051_C0001545,51
RGM_0044847,N051_C0001545,51
RGM_0044859,N051_C0001545,51
RGM_0044861,N051_C0001545,51
RGM_0044863,N051_C0001545,51
RGM_0045342,N051_C0001546,51
RGM_0047584,N051_C0001547,51
RGM_0048534,N051_C0001548,51
RGM_0048722,N051_C0001549,51
RGM_0049802,N051_C0001550,51
RGM_0050829,N051_C0001551,51
RGM_0051660,N051_C0001552,51
RGM_0051677,N051_C0001553,51
RGM_0052357,N051_C0001554,51
RGM_0052356,N051_C0001554,51
RGM_0052486,N051_C0001555,51
RGM_0052962,N051_C0001556,51
RGM_0053122,N051_C0001557,51
RGM_0053698,N051_C0001558,51
RGM_0055799,N051_C0001559,51
RGM_0055868,N051_C0001560,51
RGM_0055845,N051_C0001560,51
RGM_0057165,N051_C0001561,51
RGM_0059470,N051_C0001562,51
RGM_0068269,N051_C0001563,51
RGM_0069395,N051_C0001564,51
RGM_0072099,N051_C0001565,51
RGM_0072562,N051_C0001566,51
RGM_0080036,N051_C0001567,51
RGM_0080051,N051_C0001567,51
RGM_0080052,N051_C0001567,51
RGM_0080026,N051_C0001567,51
RGM_0080044,N051_C0001567,51
RGM_0095695,N051_C0001568,51
RGM_0095729,N051_C0001568,51
RGM_0095731,N051_C0001568,51
RGM_0095735,N051_C0001568,51
RGM_0095737,N051_C0001568,51
RGM_0095740,N051_C0001568,51
RGM_0095744,N051_C0001568,51
RGM_0095746,N051_C0001568,51
RGM_0104410,N051_C0001569,51
RGM_0104792,N051_C0001570,51
RGM_0108059,N051_C0001571,51
RGM_0108151,N051_C0001572,51
RGM_0108153,N051_C0001572,51
RGM_0108154,N051_C0001572,51
RGM_0108159,N051_C0001572,51
RGM_0108354,N051_C0001573,51
RGM_0109101,N051_C0001574,51
RGM_0109920,N051_C0001575,51
RGM_0119882,N051_C0001576,51
RGM_0127709,N051_C0001577,51
RGM_0128902,N051_C0001578,51
RGM_0155393,N051_C0001579,51
RGM_0249705,N051_C0001580,51
RGM_0249706,N051_C0001580,51
RGM_0249714,N051_C0001581,51
RGM_0249721,N051_C0001582,51
RGM_0249722,N051_C0001582,51
RGM_0249760,N051_C0001582,51
RGM_0249735,N051_C0001582,51
RGM_0249737,N051_C0001582,51
RGM_0249753,N051_C0001582,51
RGM_0249767,N051_C0001582,51
RGM_0249777,N051_C0001583,51
RGM_0249791,N051_C0001584,51
RGM_0300015,N051_C0001585,51
RGM_0299964,N051_C0001585,51
RGM_0299972,N051_C0001585,51
RGM_0300001,N051_C0001585,51
RGM_0300016,N051_C0001585,51
RGM_0299984,N051_C0001585,51
RGM_0299992,N051_C0001585,51
RGM_0033250,N052_C0001586,52
RGM_0034172,N052_C0001587,52
RGM_0034179,N052_C0001587,52
RGM_0034475,N052_C0001588,52
RGM_0034584,N052_C0001589,52
RGM_0035523,N052_C0001590,52
RGM_0036946,N052_C0001591,52
RGM_0037274,N052_C0001592,52
RGM_0037275,N052_C0001592,52
RGM_0037441,N052_C0001593,52
RGM_0039374,N052_C0001594,52
RGM_0039578,N052_C0001595,52
RGM_0039617,N052_C0001596,52
RGM_0039615,N052_C0001596,52
RGM_0039684,N052_C0001597,52
RGM_0039700,N052_C0001597,52
RGM_0039726,N052_C0001597,52
RGM_0039746,N052_C0001598,52
RGM_0039997,N052_C0001599,52
RGM_0040208,N052_C0001600,52
RGM_0040210,N052_C0001600,52
RGM_0040319,N052_C0001601,52
RGM_0040362,N052_C0001602,52
RGM_0040854,N052_C0001603,52
RGM_0041421,N052_C0001604,52
RGM_0041586,N052_C0001604,52
RGM_0041374,N052_C0001604,52
RGM_0041358,N052_C0001604,52
RGM_0041554,N052_C0001604,52
RGM_0041600,N052_C0001604,52
RGM_0041601,N052_C0001604,52
RGM_0042909,N052_C0001605,52
RGM_0043471,N052_C0001606,52
RGM_0043479,N052_C0001606,52
RGM_0043634,N052_C0001607,52
RGM_0043697,N052_C0001608,52
RGM_0043704,N052_C0001608,52
RGM_0043838,N052_C0001609,52
RGM_0043851,N052_C0001609,52
RGM_0043855,N052_C0001609,52
RGM_0043992,N052_C0001610,52
RGM_0044148,N052_C0001611,52
RGM_0044545,N052_C0001612,52
RGM_0044574,N052_C0001613,52
RGM_0044857,N052_C0001614,52
RGM_0044866,N052_C0001614,52
RGM_0045226,N052_C0001615,52
RGM_0045330,N052_C0001616,52
RGM_0045472,N052_C0001617,52
RGM_0045467,N052_C0001617,52
RGM_0045483,N052_C0001617,52
RGM_0045482,N052_C0001617,52
RGM_0045526,N052_C0001618,52
RGM_0045522,N052_C0001618,52
RGM_0045551,N052_C0001619,52
RGM_0045554,N052_C0001619,52
RGM_0046832,N052_C0001620,52
RGM_0046829,N052_C0001620,52
RGM_0046848,N052_C0001621,52
RGM_0046897,N052_C0001622,52
RGM_0047147,N052_C0001623,52
RGM_0047181,N052_C0001624,52
RGM_0047360,N052_C0001625,52
RGM_0047557,N052_C0001626,52
RGM_0047577,N052_C0001627,52
RGM_0047638,N052_C0001628,52
RGM_0047776,N052_C0001629,52
RGM_0047811,N052_C0001630,52
RGM_0047814,N052_C0001630,52
RGM_0047832,N052_C0001631,52
RGM_0047904,N052_C0001632,52
RGM_0048199,N052_C0001633,52
RGM_0048232,N052_C0001634,52
RGM_0048255,N052_C0001635,52
RGM_0048294,N052_C0001636,52
RGM_0048313,N052_C0001637,52
RGM_0048360,N052_C0001638,52
RGM_0048378,N052_C0001639,52
RGM_0048418,N052_C0001640,52
RGM_0048422,N052_C0001641,52
RGM_0048519,N052_C0001642,52
RGM_0048630,N052_C0001643,52
RGM_0048712,N052_C0001644,52
RGM_0048827,N052_C0001645,52
RGM_0049051,N052_C0001646,52
RGM_0049121,N052_C0001647,52
RGM_0049167,N052_C0001648,52
RGM_0049233,N052_C0001649,52
RGM_0049592,N052_C0001650,52
RGM_0049612,N052_C0001651,52
RGM_0049671,N052_C0001652,52
RGM_0049702,N052_C0001653,52
RGM_0049809,N052_C0001654,52
RGM_0049863,N052_C0001655,52
RGM_0049882,N052_C0001656,52
RGM_0049895,N052_C0001657,52
RGM_0049892,N052_C0001657,52
RGM_0049916,N052_C0001658,52
RGM_0050002,N052_C0001659,52
RGM_0050092,N052_C0001660,52
RGM_0050103,N052_C0001661,52
RGM_0050112,N052_C0001662,52
RGM_0050132,N052_C0001663,52
RGM_0050126,N052_C0001663,52
RGM_0050282,N052_C0001664,52
RGM_0050327,N052_C0001665,52
RGM_0050343,N052_C0001666,52
RGM_0050468,N052_C0001667,52
RGM_0050464,N052_C0001667,52
RGM_0050476,N052_C0001668,52
RGM_0050483,N052_C0001669,52
RGM_0050534,N052_C0001670,52
RGM_0050545,N052_C0001671,52
RGM_0050547,N052_C0001671,52
RGM_0050552,N052_C0001672,52
RGM_0050585,N052_C0001673,52
RGM_0050589,N052_C0001673,52
RGM_0050615,N052_C0001674,52
RGM_0050634,N052_C0001675,52
RGM_0050618,N052_C0001675,52
RGM_0050638,N052_C0001675,52
RGM_0050697,N052_C0001676,52
RGM_0050712,N052_C0001677,52
RGM_0050718,N052_C0001677,52
RGM_0050756,N052_C0001678,52
RGM_0050841,N052_C0001679,52
RGM_0050883,N052_C0001680,52
RGM_0050959,N052_C0001681,52
RGM_0051036,N052_C0001682,52
RGM_0051059,N052_C0001683,52
RGM_0051152,N052_C0001684,52
RGM_0051155,N052_C0001684,52
RGM_0051164,N052_C0001685,52
RGM_0051239,N052_C0001686,52
RGM_0051248,N052_C0001686,52
RGM_0051262,N052_C0001687,52
RGM_0051317,N052_C0001688,52
RGM_0051323,N052_C0001689,52
RGM_0051325,N052_C0001689,52
RGM_0051348,N052_C0001690,52
RGM_0051410,N052_C0001691,52
RGM_0051413,N052_C0001691,52
RGM_0051417,N052_C0001692,52
RGM_0051516,N052_C0001693,52
RGM_0051538,N052_C0001694,52
RGM_0051559,N052_C0001695,52
RGM_0051624,N052_C0001696,52
RGM_0051637,N052_C0001697,52
RGM_0051646,N052_C0001698,52
RGM_0051651,N052_C0001698,52
RGM_0051659,N052_C0001699,52
RGM_0051674,N052_C0001700,52
RGM_0051683,N052_C0001700,52
RGM_0051696,N052_C0001700,52
RGM_0051704,N052_C0001700,52
RGM_0051773,N052_C0001701,52
RGM_0051817,N052_C0001702,52
RGM_0051832,N052_C0001703,52
RGM_0051827,N052_C0001703,52
RGM_0051845,N052_C0001704,52
RGM_0051868,N052_C0001705,52
RGM_0051858,N052_C0001705,52
RGM_0052032,N052_C0001706,52
RGM_0052075,N052_C0001706,52
RGM_0052102,N052_C0001707,52
RGM_0052116,N052_C0001708,52
RGM_0052118,N052_C0001708,52
RGM_0052133,N052_C0001709,52
RGM_0052141,N052_C0001710,52
RGM_0052161,N052_C0001711,52
RGM_0052168,N052_C0001712,52
RGM_0052174,N052_C0001712,52
RGM_0052182,N052_C0001713,52
RGM_0052178,N052_C0001713,52
RGM_0052203,N052_C0001714,52
RGM_0052212,N052_C0001715,52
RGM_0052215,N052_C0001715,52
RGM_0052274,N052_C0001716,52
RGM_0052286,N052_C0001717,52
RGM_0052306,N052_C0001718,52
RGM_0052318,N052_C0001719,52
RGM_0052355,N052_C0001720,52
RGM_0052364,N052_C0001721,52
RGM_0052368,N052_C0001721,52
RGM_0052395,N052_C0001722,52
RGM_0052410,N052_C0001723,52
RGM_0052408,N052_C0001723,52
RGM_0052418,N052_C0001724,52
RGM_0052415,N052_C0001724,52
RGM_0052450,N052_C0001725,52
RGM_0052462,N052_C0001725,52
RGM_0052481,N052_C0001726,52
RGM_0052477,N052_C0001726,52
RGM_0052537,N052_C0001727,52
RGM_0052561,N052_C0001728,52
RGM_0052583,N052_C0001729,52
RGM_0052575,N052_C0001729,52
RGM_0052628,N052_C0001730,52
RGM_0052631,N052_C0001730,52
RGM_0052630,N052_C0001730,52
RGM_0052644,N052_C0001731,52
RGM_0052677,N052_C0001732,52
RGM_0052675,N052_C0001732,52
RGM_0052683,N052_C0001732,52
RGM_0052715,N052_C0001733,52
RGM_0052773,N052_C0001733,52
RGM_0052937,N052_C0001734,52
RGM_0052959,N052_C0001735,52
RGM_0053097,N052_C0001736,52
RGM_0053117,N052_C0001737,52
RGM_0053196,N052_C0001738,52
RGM_0053194,N052_C0001738,52
RGM_0053261,N052_C0001739,52
RGM_0053268,N052_C0001739,52
RGM_0053289,N052_C0001740,52
RGM_0053292,N052_C0001741,52
RGM_0053306,N052_C0001742,52
RGM_0053307,N052_C0001742,52
RGM_0053314,N052_C0001742,52
RGM_0053447,N052_C0001743,52
RGM_0053482,N052_C0001744,52
RGM_0053489,N052_C0001745,52
RGM_0053500,N052_C0001746,52
RGM_0053501,N052_C0001746,52
RGM_0053554,N052_C0001747,52
RGM_0053589,N052_C0001748,52
RGM_0053593,N052_C0001748,52
RGM_0053599,N052_C0001749,52
RGM_0053606,N052_C0001750,52
RGM_0053618,N052_C0001751,52
RGM_0053621,N052_C0001751,52
RGM_0053636,N052_C0001752,52
RGM_0053686,N052_C0001753,52
RGM_0053663,N052_C0001753,52
RGM_0053709,N052_C0001754,52
RGM_0053744,N052_C0001755,52
RGM_0053858,N052_C0001756,52
RGM_0053868,N052_C0001757,52
RGM_0053876,N052_C0001758,52
RGM_0053979,N052_C0001759,52
RGM_0054064,N052_C0001760,52
RGM_0054073,N052_C0001761,52
RGM_0054084,N052_C0001762,52
RGM_0054103,N052_C0001763,52
RGM_0054110,N052_C0001764,52
RGM_0054125,N052_C0001765,52
RGM_0054135,N052_C0001766,52
RGM_0054190,N052_C0001767,52
RGM_0054194,N052_C0001767,52
RGM_0054197,N052_C0001768,52
RGM_0054221,N052_C0001769,52
RGM_0054310,N052_C0001770,52
RGM_0054435,N052_C0001771,52
RGM_0054432,N052_C0001771,52
RGM_0054439,N052_C0001771,52
RGM_0054455,N052_C0001772,52
RGM_0054464,N052_C0001773,52
RGM_0054504,N052_C0001774,52
RGM_0054622,N052_C0001775,52
RGM_0054804,N052_C0001776,52
RGM_0054827,N052_C0001777,52
RGM_0054830,N052_C0001777,52
RGM_0054839,N052_C0001778,52
RGM_0054863,N052_C0001779,52
RGM_0054860,N052_C0001779,52
RGM_0054884,N052_C0001780,52
RGM_0054904,N052_C0001781,52
RGM_0054946,N052_C0001782,52
RGM_0054948,N052_C0001782,52
RGM_0054973,N052_C0001783,52
RGM_0054981,N052_C0001784,52
RGM_0055012,N052_C0001785,52
RGM_0055045,N052_C0001786,52
RGM_0055050,N052_C0001786,52
RGM_0055055,N052_C0001787,52
RGM_0055163,N052_C0001788,52
RGM_0055252,N052_C0001789,52
RGM_0055294,N052_C0001790,52
RGM_0055296,N052_C0001790,52
RGM_0055327,N052_C0001791,52
RGM_0055344,N052_C0001792,52
RGM_0055354,N052_C0001793,52
RGM_0055355,N052_C0001793,52
RGM_0055490,N052_C0001794,52
RGM_0055498,N052_C0001794,52
RGM_0055667,N052_C0001795,52
RGM_0055670,N052_C0001795,52
RGM_0055674,N052_C0001796,52
RGM_0055716,N052_C0001797,52
RGM_0055758,N052_C0001798,52
RGM_0055759,N052_C0001798,52
RGM_0055797,N052_C0001799,52
RGM_0055860,N052_C0001800,52
RGM_0055896,N052_C0001801,52
RGM_0055905,N052_C0001801,52
RGM_0055908,N052_C0001801,52
RGM_0055922,N052_C0001802,52
RGM_0055938,N052_C0001803,52
RGM_0056059,N052_C0001804,52
RGM_0056081,N052_C0001805,52
RGM_0056142,N052_C0001806,52
RGM_0056158,N052_C0001807,52
RGM_0056170,N052_C0001808,52
RGM_0056187,N052_C0001809,52
RGM_0056193,N052_C0001810,52
RGM_0056199,N052_C0001810,52
RGM_0056213,N052_C0001810,52
RGM_0056296,N052_C0001811,52
RGM_0056300,N052_C0001811,52
RGM_0056317,N052_C0001812,52
RGM_0056405,N052_C0001813,52
RGM_0056432,N052_C0001814,52
RGM_0056451,N052_C0001814,52
RGM_0056471,N052_C0001815,52
RGM_0056455,N052_C0001815,52
RGM_0056539,N052_C0001816,52
RGM_0056631,N052_C0001817,52
RGM_0056659,N052_C0001818,52
RGM_0056737,N052_C0001819,52
RGM_0056742,N052_C0001819,52
RGM_0056753,N052_C0001820,52
RGM_0056777,N052_C0001821,52
RGM_0056829,N052_C0001822,52
RGM_0056843,N052_C0001823,52
RGM_0057040,N052_C0001824,52
RGM_0057138,N052_C0001825,52
RGM_0057307,N052_C0001826,52
RGM_0057397,N052_C0001827,52
RGM_0057439,N052_C0001827,52
RGM_0057442,N052_C0001828,52
RGM_0057675,N052_C0001829,52
RGM_0057693,N052_C0001829,52
RGM_0057725,N052_C0001830,52
RGM_0057733,N052_C0001830,52
RGM_0057955,N052_C0001831,52
RGM_0058036,N052_C0001832,52
RGM_0058109,N052_C0001833,52
RGM_0058144,N052_C0001834,52
RGM_0058147,N052_C0001834,52
RGM_0058154,N052_C0001834,52
RGM_0058262,N052_C0001835,52
RGM_0058289,N052_C0001836,52
RGM_0058364,N052_C0001837,52
RGM_0058371,N052_C0001838,52
RGM_0058595,N052_C0001839,52
RGM_0058617,N052_C0001839,52
RGM_0058608,N052_C0001839,52
RGM_0058628,N052_C0001839,52
RGM_0058629,N052_C0001839,52
RGM_0058778,N052_C0001840,52
RGM_0058990,N052_C0001841,52
RGM_0059134,N052_C0001842,52
RGM_0059155,N052_C0001843,52
RGM_0059182,N052_C0001843,52
RGM_0059445,N052_C0001844,52
RGM_0059477,N052_C0001845,52
RGM_0059484,N052_C0001845,52
RGM_0059708,N052_C0001846,52
RGM_0059800,N052_C0001847,52
RGM_0059900,N052_C0001848,52
RGM_0059907,N052_C0001848,52
RGM_0059971,N052_C0001849,52
RGM_0060142,N052_C0001850,52
RGM_0060270,N052_C0001851,52
RGM_0060722,N052_C0001852,52
RGM_0060761,N052_C0001853,52
RGM_0060774,N052_C0001853,52
RGM_0060843,N052_C0001854,52
RGM_0061026,N052_C0001855,52
RGM_0061044,N052_C0001855,52
RGM_0061064,N052_C0001856,52
RGM_0061077,N052_C0001857,52
RGM_0061091,N052_C0001857,52
RGM_0061387,N052_C0001858,52
RGM_0061466,N052_C0001859,52
RGM_0062012,N052_C0001860,52
RGM_0062074,N052_C0001861,52
RGM_0062070,N052_C0001861,52
RGM_0062311,N052_C0001862,52
RGM_0062403,N052_C0001863,52
RGM_0062549,N052_C0001864,52
RGM_0062579,N052_C0001864,52
RGM_0062749,N052_C0001865,52
RGM_0062764,N052_C0001866,52
RGM_0062838,N052_C0001867,52
RGM_0062858,N052_C0001868,52
RGM_0062900,N052_C0001868,52
RGM_0062951,N052_C0001869,52
RGM_0062959,N052_C0001870,52
RGM_0063136,N052_C0001871,52
RGM_0063196,N052_C0001872,52
RGM_0063237,N052_C0001873,52
RGM_0063396,N052_C0001874,52
RGM_0063431,N052_C0001874,52
RGM_0063458,N052_C0001875,52
RGM_0063486,N052_C0001876,52
RGM_0063493,N052_C0001876,52
RGM_0063671,N052_C0001877,52
RGM_0063705,N052_C0001878,52
RGM_0063809,N052_C0001879,52
RGM_0065116,N052_C0001880,52
RGM_0065117,N052_C0001880,52
RGM_0065388,N052_C0001881,52
RGM_0065378,N052_C0001881,52
RGM_0065384,N052_C0001881,52
RGM_0065385,N052_C0001881,52
RGM_0065410,N052_C0001882,52
RGM_0065420,N052_C0001883,52
RGM_0065575,N052_C0001884,52
RGM_0065757,N052_C0001885,52
RGM_0065928,N052_C0001886,52
RGM_0065967,N052_C0001886,52
RGM_0065973,N052_C0001886,52
RGM_0066264,N052_C0001887,52
RGM_0066655,N052_C0001888,52
RGM_0066820,N052_C0001889,52
RGM_0067173,N052_C0001890,52
RGM_0067836,N052_C0001891,52
RGM_0068047,N052_C0001892,52
RGM_0068101,N052_C0001893,52
RGM_0068398,N052_C0001894,52
RGM_0068318,N052_C0001894,52
RGM_0068363,N052_C0001894,52
RGM_0068392,N052_C0001894,52
RGM_0068638,N052_C0001895,52
RGM_0068847,N052_C0001896,52
RGM_0068866,N052_C0001897,52
RGM_0068966,N052_C0001898,52
RGM_0068977,N052_C0001898,52
RGM_0068984,N052_C0001899,52
RGM_0069048,N052_C0001900,52
RGM_0069166,N052_C0001901,52
RGM_0069233,N052_C0001902,52
RGM_0069245,N052_C0001903,52
RGM_0069364,N052_C0001904,52
RGM_0070055,N052_C0001905,52
RGM_0070057,N052_C0001905,52
RGM_0070660,N052_C0001906,52
RGM_0070692,N052_C0001907,52
RGM_0070750,N052_C0001908,52
RGM_0070850,N052_C0001909,52
RGM_0070860,N052_C0001909,52
RGM_0070904,N052_C0001910,52
RGM_0071639,N052_C0001911,52
RGM_0071701,N052_C0001912,52
RGM_0071703,N052_C0001912,52
RGM_0071724,N052_C0001912,52
RGM_0071752,N052_C0001913,52
RGM_0071758,N052_C0001913,52
RGM_0071812,N052_C0001914,52
RGM_0071890,N052_C0001915,52
RGM_0071978,N052_C0001916,52
RGM_0071959,N052_C0001916,52
RGM_0072001,N052_C0001917,52
RGM_0072026,N052_C0001918,52
RGM_0072092,N052_C0001919,52
RGM_0072083,N052_C0001919,52
RGM_0072118,N052_C0001920,52
RGM_0072122,N052_C0001920,52
RGM_0072326,N052_C0001921,52
RGM_0072477,N052_C0001922,52
RGM_0072530,N052_C0001923,52
RGM_0072585,N052_C0001924,52
RGM_0072594,N052_C0001925,52
RGM_0072679,N052_C0001926,52
RGM_0080028,N052_C0001927,52
RGM_0080056,N052_C0001927,52
RGM_0089856,N052_C0001928,52
RGM_0089882,N052_C0001929,52
RGM_0089875,N052_C0001929,52
RGM_0095686,N052_C0001930,52
RGM_0095698,N052_C0001931,52
RGM_0095704,N052_C0001931,52
RGM_0095739,N052_C0001932,52
RGM_0108875,N052_C0001933,52
RGM_0108881,N052_C0001933,52
RGM_0108883,N052_C0001933,52
RGM_0108888,N052_C0001933,52
RGM_0108925,N052_C0001933,52
RGM_0108927,N052_C0001933,52
RGM_0108894,N052_C0001933,52
RGM_0108960,N052_C0001933,52
RGM_0108962,N052_C0001933,52
RGM_0109004,N052_C0001933,52
RGM_0109015,N052_C0001933,52
RGM_0109052,N052_C0001933,52
RGM_0109059,N052_C0001933,52
RGM_0249792,N052_C0001934,52
RGM_0039120,N053_C0001935,53
RGM_0039575,N053_C0001936,53
RGM_0039683,N053_C0001937,53
RGM_0039696,N053_C0001937,53
RGM_0039740,N053_C0001938,53
RGM_0040201,N053_C0001939,53
RGM_0040235,N053_C0001940,53
RGM_0040316,N053_C0001941,53
RGM_0040864,N053_C0001942,53
RGM_0041404,N053_C0001943,53
RGM_0041585,N053_C0001943,53
RGM_0041378,N053_C0001943,53
RGM_0041596,N053_C0001943,53
RGM_0043472,N053_C0001944,53
RGM_0043635,N053_C0001945,53
RGM_0043708,N053_C0001946,53
RGM_0044848,N053_C0001947,53
RGM_0044862,N053_C0001947,53
RGM_0045119,N053_C0001948,53
RGM_0045471,N053_C0001949,53
RGM_0046837,N053_C0001950,53
RGM_0047144,N053_C0001951,53
RGM_0047310,N053_C0001952,53
RGM_0047807,N053_C0001953,53
RGM_0048367,N053_C0001954,53
RGM_0048455,N053_C0001955,53
RGM_0048518,N053_C0001956,53
RGM_0048623,N053_C0001957,53
RGM_0048794,N053_C0001958,53
RGM_0048956,N053_C0001959,53
RGM_0049030,N053_C0001960,53
RGM_0049585,N053_C0001961,53
RGM_0049607,N053_C0001962,53
RGM_0049738,N053_C0001963,53
RGM_0049817,N053_C0001964,53
RGM_0049888,N053_C0001965,53
RGM_0049885,N053_C0001965,53
RGM_0049919,N053_C0001966,53
RGM_0049974,N053_C0001967,53
RGM_0050083,N053_C0001968,53
RGM_0050101,N053_C0001969,53
RGM_0050165,N053_C0001970,53
RGM_0050270,N053_C0001971,53
RGM_0050268,N053_C0001971,53
RGM_0050471,N053_C0001972,53
RGM_0050604,N053_C0001973,53
RGM_0050620,N053_C0001974,53
RGM_0050629,N053_C0001974,53
RGM_0050652,N053_C0001975,53
RGM_0050654,N053_C0001975,53
RGM_0050838,N053_C0001976,53
RGM_0050848,N053_C0001977,53
RGM_0050945,N053_C0001978,53
RGM_0051408,N053_C0001979,53
RGM_0051451,N053_C0001980,53
RGM_0051623,N053_C0001981,53
RGM_0051640,N053_C0001982,53
RGM_0051681,N053_C0001983,53
RGM_0051785,N053_C0001984,53
RGM_0051812,N053_C0001985,53
RGM_0051809,N053_C0001985,53
RGM_0051829,N053_C0001986,53
RGM_0051878,N053_C0001987,53
RGM_0052039,N053_C0001988,53
RGM_0052043,N053_C0001988,53
RGM_0052061,N053_C0001988,53
RGM_0052157,N053_C0001989,53
RGM_0052173,N053_C0001990,53
RGM_0052177,N053_C0001991,53
RGM_0052317,N053_C0001992,53
RGM_0052349,N053_C0001993,53
RGM_0052459,N053_C0001994,53
RGM_0052480,N053_C0001995,53
RGM_0052532,N053_C0001996,53
RGM_0052563,N053_C0001997,53
RGM_0052595,N053_C0001998,53
RGM_0052639,N053_C0001999,53
RGM_0052665,N053_C0002000,53
RGM_0052708,N053_C0002001,53
RGM_0052701,N053_C0002001,53
RGM_0052799,N053_C0002002,53
RGM_0052903,N053_C0002003,53
RGM_0052945,N053_C0002004,53
RGM_0053099,N053_C0002005,53
RGM_0053135,N053_C0002006,53
RGM_0053265,N053_C0002007,53
RGM_0053290,N053_C0002008,53
RGM_0053304,N053_C0002009,53
RGM_0053311,N053_C0002010,53
RGM_0053385,N053_C0002011,53
RGM_0053490,N053_C0002012,53
RGM_0053620,N053_C0002013,53
RGM_0053628,N053_C0002013,53
RGM_0053635,N053_C0002014,53
RGM_0053645,N053_C0002015,53
RGM_0053653,N053_C0002015,53
RGM_0053801,N053_C0002016,53
RGM_0053859,N053_C0002017,53
RGM_0053874,N053_C0002018,53
RGM_0053976,N053_C0002019,53
RGM_0054105,N053_C0002020,53
RGM_0054133,N053_C0002021,53
RGM_0054302,N053_C0002022,53
RGM_0054309,N053_C0002023,53
RGM_0054500,N053_C0002024,53
RGM_0054614,N053_C0002025,53
RGM_0054617,N053_C0002025,53
RGM_0054806,N053_C0002026,53
RGM_0054828,N053_C0002026,53
RGM_0054859,N053_C0002027,53
RGM_0055051,N053_C0002028,53
RGM_0055059,N053_C0002028,53
RGM_0055341,N053_C0002029,53
RGM_0055495,N053_C0002030,53
RGM_0055705,N053_C0002031,53
RGM_0055710,N053_C0002032,53
RGM_0055875,N053_C0002033,53
RGM_0055906,N053_C0002034,53
RGM_0055920,N053_C0002035,53
RGM_0056052,N053_C0002036,53
RGM_0056075,N053_C0002037,53
RGM_0056166,N053_C0002038,53
RGM_0056292,N053_C0002039,53
RGM_0056441,N053_C0002040,53
RGM_0056475,N053_C0002041,53
RGM_0056633,N053_C0002042,53
RGM_0056650,N053_C0002043,53
RGM_0056848,N053_C0002044,53
RGM_0057149,N053_C0002045,53
RGM_0057293,N053_C0002046,53
RGM_0057688,N053_C0002047,53
RGM_0057941,N053_C0002048,53
RGM_0058102,N053_C0002049,53
RGM_0058267,N053_C0002050,53
RGM_0058291,N053_C0002051,53
RGM_0058376,N053_C0002052,53
RGM_0058422,N053_C0002053,53
RGM_0058610,N053_C0002054,53
RGM_0058993,N053_C0002055,53
RGM_0059121,N053_C0002056,53
RGM_0059186,N053_C0002057,53
RGM_0059702,N053_C0002058,53
RGM_0059965,N053_C0002059,53
RGM_0060135,N053_C0002060,53
RGM_0060716,N053_C0002061,53
RGM_0060854,N053_C0002062,53
RGM_0061019,N053_C0002063,53
RGM_0061095,N053_C0002064,53
RGM_0061378,N053_C0002065,53
RGM_0061465,N053_C0002066,53
RGM_0061636,N053_C0002067,53
RGM_0061997,N053_C0002068,53
RGM_0062064,N053_C0002069,53
RGM_0062363,N053_C0002070,53
RGM_0062397,N053_C0002071,53
RGM_0062715,N053_C0002072,53
RGM_0062741,N053_C0002073,53
RGM_0062859,N053_C0002074,53
RGM_0062908,N053_C0002075,53
RGM_0062961,N053_C0002076,53
RGM_0063122,N053_C0002077,53
RGM_0063345,N053_C0002078,53
RGM_0063370,N053_C0002079,53
RGM_0063402,N053_C0002079,53
RGM_0063624,N053_C0002080,53
RGM_0063704,N053_C0002081,53
RGM_0063811,N053_C0002082,53
RGM_0068396,N053_C0002083,53
RGM_0068854,N053_C0002084,53
RGM_0068970,N053_C0002085,53
RGM_0068973,N053_C0002085,53
RGM_0069174,N053_C0002086,53
RGM_0069167,N053_C0002086,53
RGM_0070677,N053_C0002087,53
RGM_0071756,N053_C0002088,53
RGM_0071980,N053_C0002089,53
RGM_0072129,N053_C0002090,53
RGM_0072384,N053_C0002091,53
RGM_0072575,N053_C0002092,53
RGM_0072598,N053_C0002093,53
RGM_0080025,N053_C0002094,53
RGM_0080032,N053_C0002094,53
RGM_0108873,N053_C0002095,53
RGM_0108904,N053_C0002095,53
RGM_0108937,N053_C0002095,53
RGM_0108965,N053_C0002095,53
RGM_0122955,N053_C0002096,53
RGM_0124048,N053_C0002097,53
RGM_0129901,N053_C0002098,53
RGM_0249788,N053_C0002099,53
RGM_0299410,N053_C0002100,53
RGM_0039117,N054_C0002101,54
RGM_0039564,N054_C0002102,54
RGM_0039573,N054_C0002102,54
RGM_0039738,N054_C0002103,54
RGM_0041361,N054_C0002104,54
RGM_0041623,N054_C0002105,54
RGM_0043475,N054_C0002106,54
RGM_0043562,N054_C0002107,54
RGM_0043691,N054_C0002108,54
RGM_0043703,N054_C0002108,54
RGM_0043849,N054_C0002109,54
RGM_0043989,N054_C0002110,54
RGM_0044560,N054_C0002111,54
RGM_0044548,N054_C0002111,54
RGM_0044872,N054_C0002112,54
RGM_0046827,N054_C0002113,54
RGM_0047304,N054_C0002114,54
RGM_0048200,N054_C0002115,54
RGM_0048386,N054_C0002116,54
RGM_0049053,N054_C0002117,54
RGM_0049977,N054_C0002118,54
RGM_0050077,N054_C0002119,54
RGM_0050470,N054_C0002120,54
RGM_0050757,N054_C0002121,54
RGM_0050836,N054_C0002122,54
RGM_0051144,N054_C0002123,54
RGM_0051146,N054_C0002123,54
RGM_0051409,N054_C0002124,54
RGM_0051678,N054_C0002125,54
RGM_0051712,N054_C0002125,54
RGM_0051689,N054_C0002125,54
RGM_0051743,N054_C0002126,54
RGM_0051874,N054_C0002127,54
RGM_0052049,N054_C0002128,54
RGM_0052058,N054_C0002128,54
RGM_0052159,N054_C0002129,54
RGM_0052209,N054_C0002130,54
RGM_0052482,N054_C0002131,54
RGM_0052564,N054_C0002132,54
RGM_0052582,N054_C0002133,54
RGM_0052619,N054_C0002134,54
RGM_0052605,N054_C0002134,54
RGM_0052682,N054_C0002135,54
RGM_0052699,N054_C0002136,54
RGM_0053094,N054_C0002137,54
RGM_0053118,N054_C0002138,54
RGM_0053138,N054_C0002139,54
RGM_0053444,N054_C0002140,54
RGM_0053502,N054_C0002141,54
RGM_0053612,N054_C0002142,54
RGM_0053681,N054_C0002143,54
RGM_0053665,N054_C0002143,54
RGM_0053764,N054_C0002144,54
RGM_0053772,N054_C0002145,54
RGM_0053803,N054_C0002146,54
RGM_0053865,N054_C0002147,54
RGM_0053974,N054_C0002148,54
RGM_0054198,N054_C0002149,54
RGM_0054298,N054_C0002150,54
RGM_0054829,N054_C0002151,54
RGM_0055053,N054_C0002152,54
RGM_0055256,N054_C0002153,54
RGM_0055292,N054_C0002154,54
RGM_0055353,N054_C0002155,54
RGM_0055702,N054_C0002156,54
RGM_0055711,N054_C0002157,54
RGM_0055755,N054_C0002158,54
RGM_0055807,N054_C0002159,54
RGM_0055842,N054_C0002159,54
RGM_0055861,N054_C0002159,54
RGM_0056278,N054_C0002160,54
RGM_0056350,N054_C0002161,54
RGM_0056453,N054_C0002162,54
RGM_0056443,N054_C0002162,54
RGM_0056846,N054_C0002163,54
RGM_0057146,N054_C0002164,54
RGM_0057689,N054_C0002165,54
RGM_0057953,N054_C0002166,54
RGM_0058018,N054_C0002167,54
RGM_0058045,N054_C0002167,54
RGM_0058100,N054_C0002168,54
RGM_0058148,N054_C0002169,54
RGM_0058271,N054_C0002170,54
RGM_0058360,N054_C0002171,54
RGM_0058402,N054_C0002172,54
RGM_0058424,N054_C0002172,54
RGM_0058597,N054_C0002173,54
RGM_0058604,N054_C0002174,54
RGM_0058618,N054_C0002174,54
RGM_0058975,N054_C0002175,54
RGM_0059150,N054_C0002176,54
RGM_0059167,N054_C0002176,54
RGM_0059913,N054_C0002177,54
RGM_0060315,N054_C0002178,54
RGM_0060723,N054_C0002179,54
RGM_0060738,N054_C0002179,54
RGM_0060778,N054_C0002180,54
RGM_0060812,N054_C0002181,54
RGM_0060850,N054_C0002182,54
RGM_0061024,N054_C0002183,54
RGM_0061096,N054_C0002184,54
RGM_0061187,N054_C0002185,54
RGM_0061341,N054_C0002186,54
RGM_0061869,N054_C0002187,54
RGM_0062053,N054_C0002188,54
RGM_0062069,N054_C0002189,54
RGM_0062096,N054_C0002190,54
RGM_0062100,N054_C0002190,54
RGM_0062355,N054_C0002191,54
RGM_0062745,N054_C0002192,54
RGM_0062740,N054_C0002192,54
RGM_0062751,N054_C0002192,54
RGM_0063368,N054_C0002193,54
RGM_0063399,N054_C0002193,54
RGM_0063425,N054_C0002193,54
RGM_0063708,N054_C0002194,54
RGM_0063806,N054_C0002195,54
RGM_0064106,N054_C0002196,54
RGM_0064323,N054_C0002197,54
RGM_0064330,N054_C0002197,54
RGM_0064544,N054_C0002198,54
RGM_0065418,N054_C0002199,54
RGM_0065923,N054_C0002200,54
RGM_0067181,N054_C0002201,54
RGM_0067777,N054_C0002202,54
RGM_0067914,N054_C0002203,54
RGM_0068143,N054_C0002204,54
RGM_0068280,N054_C0002205,54
RGM_0068319,N054_C0002206,54
RGM_0068360,N054_C0002207,54
RGM_0068370,N054_C0002207,54
RGM_0068390,N054_C0002208,54
RGM_0068849,N054_C0002209,54
RGM_0068940,N054_C0002210,54
RGM_0070906,N054_C0002211,54
RGM_0071815,N054_C0002212,54
RGM_0071962,N054_C0002213,54
RGM_0072012,N054_C0002214,54
RGM_0108858,N054_C0002215,54
RGM_0108893,N054_C0002216,54
RGM_0108947,N054_C0002217,54
RGM_0109035,N054_C0002218,54
RGM_0249716,N054_C0002219,54
RGM_0249762,N054_C0002219,54
RGM_0249786,N054_C0002220,54
RGM_0033246,N055_C0002221,55
RGM_0039098,N055_C0002222,55
RGM_0039103,N055_C0002222,55
RGM_0039105,N055_C0002222,55
RGM_0039590,N055_C0002223,55
RGM_0039728,N055_C0002224,55
RGM_0039697,N055_C0002224,55
RGM_0039736,N055_C0002224,55
RGM_0040204,N055_C0002225,55
RGM_0040207,N055_C0002226,55
RGM_0041595,N055_C0002227,55
RGM_0043561,N055_C0002228,55
RGM_0043563,N055_C0002228,55
RGM_0043627,N055_C0002229,55
RGM_0043689,N055_C0002230,55
RGM_0043698,N055_C0002230,55
RGM_0043975,N055_C0002231,55
RGM_0046831,N055_C0002232,55
RGM_0046891,N055_C0002233,55
RGM_0046901,N055_C0002233,55
RGM_0046924,N055_C0002234,55
RGM_0047146,N055_C0002235,55
RGM_0047182,N055_C0002236,55
RGM_0047302,N055_C0002237,55
RGM_0047308,N055_C0002237,55
RGM_0047478,N055_C0002238,55
RGM_0047560,N055_C0002239,55
RGM_0047569,N055_C0002240,55
RGM_0047578,N055_C0002241,55
RGM_0047586,N055_C0002241,55
RGM_0047615,N055_C0002242,55
RGM_0047816,N055_C0002243,55
RGM_0047817,N055_C0002243,55
RGM_0047833,N055_C0002244,55
RGM_0047853,N055_C0002245,55
RGM_0047909,N055_C0002246,55
RGM_0048250,N055_C0002247,55
RGM_0048298,N055_C0002248,55
RGM_0048300,N055_C0002248,55
RGM_0048316,N055_C0002249,55
RGM_0048364,N055_C0002250,55
RGM_0048380,N055_C0002251,55
RGM_0048413,N055_C0002252,55
RGM_0048425,N055_C0002253,55
RGM_0048470,N055_C0002254,55
RGM_0048471,N055_C0002254,55
RGM_0048472,N055_C0002255,55
RGM_0048527,N055_C0002256,55
RGM_0048622,N055_C0002257,55
RGM_0048650,N055_C0002258,55
RGM_0048711,N055_C0002259,55
RGM_0048717,N055_C0002259,55
RGM_0048798,N055_C0002260,55
RGM_0048820,N055_C0002261,55
RGM_0048829,N055_C0002262,55
RGM_0048852,N055_C0002263,55
RGM_0049036,N055_C0002264,55
RGM_0049034,N055_C0002264,55
RGM_0049159,N055_C0002265,55
RGM_0049174,N055_C0002265,55
RGM_0049170,N055_C0002265,55
RGM_0049476,N055_C0002266,55
RGM_0049538,N055_C0002267,55
RGM_0049581,N055_C0002268,55
RGM_0049597,N055_C0002269,55
RGM_0049590,N055_C0002269,55
RGM_0049609,N055_C0002270,55
RGM_0049672,N055_C0002271,55
RGM_0049668,N055_C0002271,55
RGM_0049695,N055_C0002272,55
RGM_0049742,N055_C0002273,55
RGM_0049762,N055_C0002274,55
RGM_0049812,N055_C0002275,55
RGM_0049837,N055_C0002276,55
RGM_0049861,N055_C0002277,55
RGM_0049866,N055_C0002277,55
RGM_0049886,N055_C0002278,55
RGM_0049915,N055_C0002279,55
RGM_0049920,N055_C0002279,55
RGM_0049970,N055_C0002280,55
RGM_0050001,N055_C0002281,55
RGM_0050010,N055_C0002282,55
RGM_0050007,N055_C0002282,55
RGM_0050085,N055_C0002283,55
RGM_0050111,N055_C0002284,55
RGM_0050131,N055_C0002285,55
RGM_0050134,N055_C0002285,55
RGM_0050167,N055_C0002286,55
RGM_0050267,N055_C0002287,55
RGM_0050283,N055_C0002288,55
RGM_0050324,N055_C0002289,55
RGM_0050387,N055_C0002290,55
RGM_0050469,N055_C0002291,55
RGM_0050477,N055_C0002292,55
RGM_0050479,N055_C0002292,55
RGM_0050485,N055_C0002293,55
RGM_0050530,N055_C0002294,55
RGM_0050550,N055_C0002295,55
RGM_0050556,N055_C0002295,55
RGM_0050573,N055_C0002296,55
RGM_0050584,N055_C0002297,55
RGM_0050588,N055_C0002297,55
RGM_0050601,N055_C0002298,55
RGM_0050617,N055_C0002299,55
RGM_0050623,N055_C0002299,55
RGM_0050657,N055_C0002300,55
RGM_0050715,N055_C0002301,55
RGM_0050722,N055_C0002302,55
RGM_0050853,N055_C0002303,55
RGM_0050886,N055_C0002304,55
RGM_0050903,N055_C0002305,55
RGM_0051034,N055_C0002306,55
RGM_0051061,N055_C0002307,55
RGM_0051075,N055_C0002308,55
RGM_0051117,N055_C0002309,55
RGM_0051121,N055_C0002310,55
RGM_0051125,N055_C0002311,55
RGM_0051160,N055_C0002312,55
RGM_0051233,N055_C0002313,55
RGM_0051237,N055_C0002314,55
RGM_0051242,N055_C0002314,55
RGM_0051250,N055_C0002315,55
RGM_0051347,N055_C0002316,55
RGM_0051389,N055_C0002317,55
RGM_0051422,N055_C0002318,55
RGM_0051462,N055_C0002319,55
RGM_0051477,N055_C0002320,55
RGM_0051536,N055_C0002321,55
RGM_0051620,N055_C0002322,55
RGM_0051717,N055_C0002323,55
RGM_0051746,N055_C0002324,55
RGM_0051770,N055_C0002325,55
RGM_0051826,N055_C0002326,55
RGM_0051835,N055_C0002327,55
RGM_0051859,N055_C0002328,55
RGM_0051870,N055_C0002329,55
RGM_0052041,N055_C0002330,55
RGM_0052056,N055_C0002331,55
RGM_0052117,N055_C0002332,55
RGM_0052211,N055_C0002333,55
RGM_0052272,N055_C0002334,55
RGM_0052276,N055_C0002334,55
RGM_0052287,N055_C0002335,55
RGM_0052353,N055_C0002336,55
RGM_0052558,N055_C0002337,55
RGM_0052579,N055_C0002338,55
RGM_0052589,N055_C0002339,55
RGM_0052606,N055_C0002339,55
RGM_0052645,N055_C0002340,55
RGM_0052680,N055_C0002341,55
RGM_0052685,N055_C0002342,55
RGM_0052693,N055_C0002342,55
RGM_0052902,N055_C0002343,55
RGM_0052922,N055_C0002344,55
RGM_0052952,N055_C0002344,55
RGM_0052955,N055_C0002344,55
RGM_0053134,N055_C0002345,55
RGM_0053143,N055_C0002346,55
RGM_0053192,N055_C0002347,55
RGM_0053270,N055_C0002348,55
RGM_0053400,N055_C0002349,55
RGM_0053445,N055_C0002350,55
RGM_0053479,N055_C0002351,55
RGM_0053478,N055_C0002351,55
RGM_0053499,N055_C0002352,55
RGM_0053553,N055_C0002353,55
RGM_0053552,N055_C0002353,55
RGM_0053591,N055_C0002354,55
RGM_0053608,N055_C0002355,55
RGM_0053619,N055_C0002356,55
RGM_0053622,N055_C0002356,55
RGM_0053632,N055_C0002357,55
RGM_0053633,N055_C0002357,55
RGM_0053648,N055_C0002358,55
RGM_0053683,N055_C0002358,55
RGM_0053655,N055_C0002358,55
RGM_0053707,N055_C0002359,55
RGM_0053863,N055_C0002360,55
RGM_0053875,N055_C0002361,55
RGM_0053986,N055_C0002362,55
RGM_0053972,N055_C0002362,55
RGM_0054022,N055_C0002362,55
RGM_0054067,N055_C0002363,55
RGM_0054062,N055_C0002363,55
RGM_0054070,N055_C0002363,55
RGM_0054074,N055_C0002363,55
RGM_0054081,N055_C0002364,55
RGM_0054093,N055_C0002365,55
RGM_0054121,N055_C0002366,55
RGM_0054289,N055_C0002367,55
RGM_0054392,N055_C0002368,55
RGM_0054482,N055_C0002369,55
RGM_0054462,N055_C0002369,55
RGM_0054468,N055_C0002369,55
RGM_0054491,N055_C0002370,55
RGM_0054510,N055_C0002371,55
RGM_0054615,N055_C0002372,55
RGM_0054778,N055_C0002373,55
RGM_0054793,N055_C0002374,55
RGM_0054824,N055_C0002375,55
RGM_0054841,N055_C0002376,55
RGM_0054857,N055_C0002377,55
RGM_0054945,N055_C0002378,55
RGM_0054976,N055_C0002379,55
RGM_0055034,N055_C0002380,55
RGM_0055044,N055_C0002381,55
RGM_0055049,N055_C0002381,55
RGM_0055052,N055_C0002381,55
RGM_0055064,N055_C0002381,55
RGM_0055077,N055_C0002382,55
RGM_0055095,N055_C0002383,55
RGM_0055160,N055_C0002384,55
RGM_0055218,N055_C0002385,55
RGM_0055342,N055_C0002386,55
RGM_0055352,N055_C0002387,55
RGM_0055493,N055_C0002388,55
RGM_0055595,N055_C0002389,55
RGM_0055703,N055_C0002390,55
RGM_0055817,N055_C0002391,55
RGM_0055839,N055_C0002391,55
RGM_0055850,N055_C0002391,55
RGM_0055873,N055_C0002392,55
RGM_0055918,N055_C0002393,55
RGM_0055927,N055_C0002393,55
RGM_0056053,N055_C0002394,55
RGM_0056069,N055_C0002395,55
RGM_0056159,N055_C0002396,55
RGM_0056163,N055_C0002396,55
RGM_0056195,N055_C0002397,55
RGM_0056234,N055_C0002398,55
RGM_0056310,N055_C0002399,55
RGM_0056363,N055_C0002399,55
RGM_0056403,N055_C0002400,55
RGM_0056434,N055_C0002401,55
RGM_0056461,N055_C0002402,55
RGM_0056466,N055_C0002402,55
RGM_0056538,N055_C0002403,55
RGM_0056641,N055_C0002404,55
RGM_0056632,N055_C0002404,55
RGM_0056735,N055_C0002405,55
RGM_0056746,N055_C0002405,55
RGM_0056756,N055_C0002406,55
RGM_0056989,N055_C0002407,55
RGM_0057027,N055_C0002408,55
RGM_0057049,N055_C0002409,55
RGM_0057153,N055_C0002410,55
RGM_0057131,N055_C0002410,55
RGM_0057142,N055_C0002410,55
RGM_0057207,N055_C0002411,55
RGM_0057295,N055_C0002412,55
RGM_0057299,N055_C0002412,55
RGM_0057318,N055_C0002413,55
RGM_0057400,N055_C0002414,55
RGM_0057436,N055_C0002414,55
RGM_0057443,N055_C0002414,55
RGM_0058030,N055_C0002415,55
RGM_0058108,N055_C0002416,55
RGM_0058143,N055_C0002417,55
RGM_0058146,N055_C0002417,55
RGM_0058155,N055_C0002417,55
RGM_0058260,N055_C0002418,55
RGM_0058265,N055_C0002418,55
RGM_0058292,N055_C0002419,55
RGM_0058362,N055_C0002420,55
RGM_0058369,N055_C0002421,55
RGM_0058415,N055_C0002422,55
RGM_0058420,N055_C0002422,55
RGM_0058636,N055_C0002423,55
RGM_0058798,N055_C0002424,55
RGM_0058973,N055_C0002425,55
RGM_0058987,N055_C0002425,55
RGM_0059111,N055_C0002426,55
RGM_0059157,N055_C0002427,55
RGM_0059161,N055_C0002427,55
RGM_0059456,N055_C0002428,55
RGM_0059507,N055_C0002429,55
RGM_0059898,N055_C0002430,55
RGM_0059911,N055_C0002430,55
RGM_0060141,N055_C0002431,55
RGM_0060268,N055_C0002432,55
RGM_0060314,N055_C0002433,55
RGM_0060330,N055_C0002433,55
RGM_0060728,N055_C0002434,55
RGM_0060791,N055_C0002435,55
RGM_0060815,N055_C0002436,55
RGM_0060833,N055_C0002437,55
RGM_0060855,N055_C0002437,55
RGM_0061049,N055_C0002438,55
RGM_0061014,N055_C0002438,55
RGM_0061046,N055_C0002438,55
RGM_0061063,N055_C0002438,55
RGM_0061079,N055_C0002439,55
RGM_0061085,N055_C0002439,55
RGM_0061094,N055_C0002439,55
RGM_0061179,N055_C0002440,55
RGM_0061197,N055_C0002440,55
RGM_0061256,N055_C0002441,55
RGM_0061369,N055_C0002442,55
RGM_0061372,N055_C0002442,55
RGM_0061390,N055_C0002443,55
RGM_0061419,N055_C0002444,55
RGM_0061463,N055_C0002445,55
RGM_0061469,N055_C0002445,55
RGM_0061576,N055_C0002446,55
RGM_0061635,N055_C0002447,55
RGM_0061640,N055_C0002447,55
RGM_0061862,N055_C0002448,55
RGM_0061871,N055_C0002448,55
RGM_0062002,N055_C0002449,55
RGM_0062004,N055_C0002449,55
RGM_0062060,N055_C0002450,55
RGM_0062061,N055_C0002450,55
RGM_0062067,N055_C0002451,55
RGM_0062098,N055_C0002452,55
RGM_0062101,N055_C0002452,55
RGM_0062245,N055_C0002453,55
RGM_0062351,N055_C0002454,55
RGM_0062359,N055_C0002454,55
RGM_0062402,N055_C0002455,55
RGM_0062716,N055_C0002456,55
RGM_0062743,N055_C0002457,55
RGM_0062731,N055_C0002457,55
RGM_0062752,N055_C0002457,55
RGM_0062765,N055_C0002457,55
RGM_0062769,N055_C0002457,55
RGM_0062802,N055_C0002458,55
RGM_0062819,N055_C0002459,55
RGM_0062826,N055_C0002459,55
RGM_0062851,N055_C0002459,55
RGM_0062910,N055_C0002460,55
RGM_0062963,N055_C0002461,55
RGM_0062971,N055_C0002462,55
RGM_0063103,N055_C0002463,55
RGM_0063166,N055_C0002464,55
RGM_0063171,N055_C0002464,55
RGM_0063197,N055_C0002465,55
RGM_0063239,N055_C0002466,55
RGM_0063234,N055_C0002466,55
RGM_0063282,N055_C0002467,55
RGM_0063347,N055_C0002468,55
RGM_0063353,N055_C0002469,55
RGM_0063371,N055_C0002470,55
RGM_0063388,N055_C0002470,55
RGM_0063419,N055_C0002470,55
RGM_0063461,N055_C0002471,55
RGM_0063487,N055_C0002472,55
RGM_0063476,N055_C0002472,55
RGM_0063628,N055_C0002473,55
RGM_0063654,N055_C0002474,55
RGM_0063694,N055_C0002474,55
RGM_0063707,N055_C0002474,55
RGM_0063862,N055_C0002475,55
RGM_0064080,N055_C0002476,55
RGM_0064109,N055_C0002477,55
RGM_0064187,N055_C0002478,55
RGM_0064331,N055_C0002479,55
RGM_0065387,N055_C0002480,55
RGM_0065924,N055_C0002481,55
RGM_0065955,N055_C0002482,55
RGM_0065972,N055_C0002482,55
RGM_0066424,N055_C0002483,55
RGM_0066425,N055_C0002483,55
RGM_0067174,N055_C0002484,55
RGM_0067576,N055_C0002485,55
RGM_0067659,N055_C0002486,55
RGM_0067835,N055_C0002487,55
RGM_0067831,N055_C0002487,55
RGM_0067910,N055_C0002488,55
RGM_0068104,N055_C0002489,55
RGM_0068116,N055_C0002490,55
RGM_0068158,N055_C0002491,55
RGM_0068169,N055_C0002491,55
RGM_0068270,N055_C0002492,55
RGM_0068288,N055_C0002493,55
RGM_0068357,N055_C0002493,55
RGM_0068324,N055_C0002493,55
RGM_0068365,N055_C0002493,55
RGM_0068369,N055_C0002493,55
RGM_0068384,N055_C0002493,55
RGM_0068845,N055_C0002494,55
RGM_0068899,N055_C0002495,55
RGM_0068923,N055_C0002495,55
RGM_0068972,N055_C0002496,55
RGM_0069359,N055_C0002497,55
RGM_0069404,N055_C0002498,55
RGM_0070614,N055_C0002499,55
RGM_0070694,N055_C0002500,55
RGM_0070888,N055_C0002501,55
RGM_0071432,N055_C0002502,55
RGM_0071819,N055_C0002503,55
RGM_0071979,N055_C0002504,55
RGM_0108853,N055_C0002505,55
RGM_0108896,N055_C0002506,55
RGM_0108905,N055_C0002506,55
RGM_0249759,N055_C0002507,55
RGM_0292335,N055_C0002508,55
RGM_0292361,N055_C0002509,55
RGM_0299388,N055_C0002510,55
RGM_0039024,N056_C0002511,56
RGM_0039102,N056_C0002512,56
RGM_0039562,N056_C0002513,56
RGM_0040198,N056_C0002514,56
RGM_0047184,N056_C0002515,56
RGM_0047303,N056_C0002516,56
RGM_0047813,N056_C0002517,56
RGM_0047819,N056_C0002517,56
RGM_0047852,N056_C0002518,56
RGM_0048231,N056_C0002519,56
RGM_0048270,N056_C0002520,56
RGM_0048362,N056_C0002521,56
RGM_0048384,N056_C0002522,56
RGM_0048456,N056_C0002523,56
RGM_0048515,N056_C0002524,56
RGM_0048627,N056_C0002525,56
RGM_0048666,N056_C0002526,56
RGM_0048769,N056_C0002527,56
RGM_0048801,N056_C0002528,56
RGM_0048819,N056_C0002529,56
RGM_0048988,N056_C0002530,56
RGM_0049033,N056_C0002531,56
RGM_0049035,N056_C0002531,56
RGM_0049052,N056_C0002532,56
RGM_0049086,N056_C0002533,56
RGM_0049098,N056_C0002534,56
RGM_0049120,N056_C0002535,56
RGM_0049161,N056_C0002536,56
RGM_0049171,N056_C0002536,56
RGM_0049237,N056_C0002537,56
RGM_0049405,N056_C0002538,56
RGM_0049433,N056_C0002539,56
RGM_0049481,N056_C0002540,56
RGM_0049478,N056_C0002540,56
RGM_0049582,N056_C0002541,56
RGM_0049598,N056_C0002541,56
RGM_0049604,N056_C0002542,56
RGM_0049613,N056_C0002543,56
RGM_0049655,N056_C0002544,56
RGM_0049667,N056_C0002545,56
RGM_0049700,N056_C0002546,56
RGM_0049860,N056_C0002547,56
RGM_0049978,N056_C0002548,56
RGM_0050086,N056_C0002549,56
RGM_0050389,N056_C0002550,56
RGM_0050603,N056_C0002551,56
RGM_0050622,N056_C0002552,56
RGM_0050741,N056_C0002553,56
RGM_0050833,N056_C0002554,56
RGM_0050849,N056_C0002555,56
RGM_0050904,N056_C0002556,56
RGM_0051124,N056_C0002557,56
RGM_0051664,N056_C0002558,56
RGM_0051713,N056_C0002559,56
RGM_0051776,N056_C0002560,56
RGM_0052291,N056_C0002561,56
RGM_0052479,N056_C0002562,56
RGM_0052573,N056_C0002563,56
RGM_0052618,N056_C0002564,56
RGM_0052802,N056_C0002565,56
RGM_0052920,N056_C0002566,56
RGM_0052954,N056_C0002567,56
RGM_0053191,N056_C0002568,56
RGM_0053387,N056_C0002569,56
RGM_0053614,N056_C0002570,56
RGM_0053879,N056_C0002571,56
RGM_0053973,N056_C0002572,56
RGM_0054047,N056_C0002573,56
RGM_0054106,N056_C0002574,56
RGM_0054123,N056_C0002575,56
RGM_0054293,N056_C0002576,56
RGM_0054431,N056_C0002577,56
RGM_0054497,N056_C0002578,56
RGM_0054626,N056_C0002579,56
RGM_0054819,N056_C0002580,56
RGM_0054855,N056_C0002581,56
RGM_0054881,N056_C0002582,56
RGM_0054900,N056_C0002583,56
RGM_0055048,N056_C0002584,56
RGM_0055219,N056_C0002585,56
RGM_0055664,N056_C0002586,56
RGM_0055672,N056_C0002586,56
RGM_0055673,N056_C0002586,56
RGM_0055701,N056_C0002587,56
RGM_0055709,N056_C0002588,56
RGM_0055844,N056_C0002589,56
RGM_0055848,N056_C0002589,56
RGM_0055878,N056_C0002590,56
RGM_0055924,N056_C0002591,56
RGM_0056049,N056_C0002592,56
RGM_0056071,N056_C0002593,56
RGM_0056214,N056_C0002594,56
RGM_0056287,N056_C0002595,56
RGM_0056313,N056_C0002596,56
RGM_0056347,N056_C0002596,56
RGM_0056397,N056_C0002597,56
RGM_0056438,N056_C0002598,56
RGM_0056470,N056_C0002599,56
RGM_0056630,N056_C0002600,56
RGM_0056655,N056_C0002601,56
RGM_0056738,N056_C0002602,56
RGM_0056743,N056_C0002602,56
RGM_0056750,N056_C0002603,56
RGM_0057116,N056_C0002604,56
RGM_0057135,N056_C0002604,56
RGM_0057297,N056_C0002605,56
RGM_0057441,N056_C0002606,56
RGM_0058106,N056_C0002607,56
RGM_0058136,N056_C0002608,56
RGM_0058157,N056_C0002608,56
RGM_0058275,N056_C0002609,56
RGM_0058355,N056_C0002610,56
RGM_0058380,N056_C0002611,56
RGM_0058414,N056_C0002611,56
RGM_0058626,N056_C0002612,56
RGM_0058797,N056_C0002613,56
RGM_0058985,N056_C0002614,56
RGM_0059004,N056_C0002615,56
RGM_0059113,N056_C0002616,56
RGM_0059159,N056_C0002617,56
RGM_0059170,N056_C0002617,56
RGM_0059508,N056_C0002618,56
RGM_0059503,N056_C0002618,56
RGM_0059909,N056_C0002619,56
RGM_0059959,N056_C0002620,56
RGM_0060140,N056_C0002621,56
RGM_0060139,N056_C0002621,56
RGM_0060336,N056_C0002622,56
RGM_0060720,N056_C0002623,56
RGM_0060797,N056_C0002624,56
RGM_0060813,N056_C0002625,56
RGM_0061017,N056_C0002626,56
RGM_0061047,N056_C0002626,56
RGM_0061059,N056_C0002627,56
RGM_0061078,N056_C0002628,56
RGM_0061082,N056_C0002628,56
RGM_0061189,N056_C0002629,56
RGM_0061388,N056_C0002630,56
RGM_0061424,N056_C0002631,56
RGM_0061467,N056_C0002632,56
RGM_0061572,N056_C0002633,56
RGM_0061638,N056_C0002634,56
RGM_0061872,N056_C0002635,56
RGM_0061860,N056_C0002635,56
RGM_0062000,N056_C0002636,56
RGM_0062009,N056_C0002637,56
RGM_0062020,N056_C0002638,56
RGM_0062021,N056_C0002639,56
RGM_0062039,N056_C0002640,56
RGM_0062057,N056_C0002641,56
RGM_0062062,N056_C0002641,56
RGM_0062065,N056_C0002641,56
RGM_0062072,N056_C0002641,56
RGM_0062088,N056_C0002642,56
RGM_0062254,N056_C0002643,56
RGM_0062255,N056_C0002643,56
RGM_0062310,N056_C0002644,56
RGM_0062354,N056_C0002645,56
RGM_0062394,N056_C0002646,56
RGM_0062404,N056_C0002646,56
RGM_0062401,N056_C0002646,56
RGM_0062547,N056_C0002647,56
RGM_0062768,N056_C0002648,56
RGM_0062744,N056_C0002648,56
RGM_0062753,N056_C0002648,56
RGM_0062766,N056_C0002648,56
RGM_0062803,N056_C0002649,56
RGM_0062815,N056_C0002650,56
RGM_0062909,N056_C0002650,56
RGM_0062828,N056_C0002650,56
RGM_0062917,N056_C0002650,56
RGM_0062956,N056_C0002651,56
RGM_0062955,N056_C0002651,56
RGM_0062966,N056_C0002651,56
RGM_0063060,N056_C0002652,56
RGM_0063106,N056_C0002653,56
RGM_0063129,N056_C0002654,56
RGM_0063149,N056_C0002655,56
RGM_0063164,N056_C0002656,56
RGM_0063169,N056_C0002657,56
RGM_0063191,N056_C0002658,56
RGM_0063233,N056_C0002659,56
RGM_0063281,N056_C0002660,56
RGM_0063286,N056_C0002660,56
RGM_0063351,N056_C0002661,56
RGM_0063359,N056_C0002661,56
RGM_0063357,N056_C0002661,56
RGM_0063372,N056_C0002661,56
RGM_0063422,N056_C0002661,56
RGM_0063398,N056_C0002661,56
RGM_0063455,N056_C0002662,56
RGM_0063495,N056_C0002663,56
RGM_0063627,N056_C0002664,56
RGM_0063656,N056_C0002665,56
RGM_0063669,N056_C0002665,56
RGM_0063699,N056_C0002666,56
RGM_0063807,N056_C0002667,56
RGM_0063812,N056_C0002667,56
RGM_0063956,N056_C0002668,56
RGM_0063979,N056_C0002669,56
RGM_0064078,N056_C0002670,56
RGM_0064108,N056_C0002671,56
RGM_0064180,N056_C0002672,56
RGM_0064185,N056_C0002672,56
RGM_0064325,N056_C0002673,56
RGM_0064543,N056_C0002674,56
RGM_0065954,N056_C0002675,56
RGM_0067067,N056_C0002676,56
RGM_0067106,N056_C0002677,56
RGM_0067172,N056_C0002678,56
RGM_0067183,N056_C0002678,56
RGM_0067475,N056_C0002679,56
RGM_0067577,N056_C0002680,56
RGM_0067766,N056_C0002681,56
RGM_0067771,N056_C0002682,56
RGM_0067912,N056_C0002683,56
RGM_0068099,N056_C0002684,56
RGM_0068284,N056_C0002685,56
RGM_0068358,N056_C0002685,56
RGM_0068350,N056_C0002685,56
RGM_0068307,N056_C0002685,56
RGM_0068387,N056_C0002685,56
RGM_0068404,N056_C0002685,56
RGM_0068855,N056_C0002686,56
RGM_0068933,N056_C0002687,56
RGM_0068962,N056_C0002688,56
RGM_0070623,N056_C0002689,56
RGM_0070685,N056_C0002690,56
RGM_0071643,N056_C0002691,56
RGM_0071816,N056_C0002692,56
RGM_0072005,N056_C0002693,56
RGM_0108917,N056_C0002694,56
RGM_0108999,N056_C0002695,56
RGM_0109014,N056_C0002696,56
RGM_0249752,N056_C0002697,56
RGM_0283040,N056_C0002698,56
RGM_0292368,N056_C0002699,56
RGM_0292352,N056_C0002699,56
RGM_0292353,N056_C0002699,56
RGM_0292356,N056_C0002699,56
RGM_0296735,N056_C0002700,56
RGM_0299413,N056_C0002701,56
RGM_0299396,N056_C0002701,56
RGM_0299959,N056_C0002702,56
RGM_0299916,N056_C0002702,56
RGM_0300022,N056_C0002702,56
RGM_0299991,N056_C0002702,56
RGM_0303901,N056_C0002703,56
RGM_0303900,N056_C0002703,56
RGM_0303963,N056_C0002704,56
RGM_0319356,N056_C0002705,56
RGM_0043830,N057_C0002706,57
RGM_0043832,N057_C0002706,57
RGM_0062787,N057_C0002707,57
RGM_0064059,N057_C0002708,57
RGM_0066795,N057_C0002709,57
RGM_0154960,N057_C0002710,57
RGM_0154962,N057_C0002710,57
RGM_0154965,N057_C0002710,57
RGM_0154967,N057_C0002710,57
RGM_0249715,N057_C0002711,57
RGM_0249717,N057_C0002711,57
RGM_0249726,N057_C0002711,57
RGM_0249727,N057_C0002711,57
RGM_0249729,N057_C0002711,57
RGM_0249731,N057_C0002711,57
RGM_0249733,N057_C0002711,57
RGM_0249745,N057_C0002711,57
RGM_0249747,N057_C0002711,57
RGM_0249751,N057_C0002711,57
RGM_0249755,N057_C0002711,57
RGM_0249758,N057_C0002711,57
RGM_0249738,N057_C0002711,57
RGM_0249742,N057_C0002711,57
RGM_0249743,N057_C0002711,57
RGM_0249780,N057_C0002711,57
RGM_0249766,N057_C0002711,57
RGM_0249749,N057_C0002711,57
RGM_0249754,N057_C0002711,57
RGM_0249761,N057_C0002711,57
RGM_0249763,N057_C0002711,57
RGM_0249768,N057_C0002711,57
RGM_0278277,N057_C0002712,57
RGM_0278275,N057_C0002712,57
RGM_0278291,N057_C0002712,57
RGM_0278281,N057_C0002712,57
RGM_0278282,N057_C0002712,57
RGM_0278280,N057_C0002712,57
RGM_0278284,N057_C0002712,57
RGM_0278285,N057_C0002712,57
RGM_0278286,N057_C0002712,57
RGM_0278287,N057_C0002712,57
RGM_0278506,N057_C0002713,57
RGM_0281018,N057_C0002714,57
RGM_0282456,N057_C0002715,57
RGM_0282466,N057_C0002715,57
RGM_0282460,N057_C0002715,57
RGM_0282465,N057_C0002715,57
RGM_0282468,N057_C0002715,57
RGM_0282475,N057_C0002715,57
RGM_0282476,N057_C0002715,57
RGM_0282470,N057_C0002715,57
RGM_0282473,N057_C0002715,57
RGM_0283031,N057_C0002716,57
RGM_0283023,N057_C0002716,57
RGM_0283025,N057_C0002716,57
RGM_0283028,N057_C0002716,57
RGM_0283029,N057_C0002716,57
RGM_0283038,N057_C0002716,57
RGM_0283047,N057_C0002716,57
RGM_0283044,N057_C0002716,57
RGM_0292364,N057_C0002717,57
RGM_0292370,N057_C0002717,57
RGM_0292952,N057_C0002718,57
RGM_0296732,N057_C0002719,57
RGM_0296746,N057_C0002719,57
RGM_0296741,N057_C0002719,57
RGM_0296737,N057_C0002719,57
RGM_0296742,N057_C0002719,57
RGM_0296744,N057_C0002719,57
RGM_0296745,N057_C0002719,57
RGM_0296740,N057_C0002719,57
RGM_0299373,N057_C0002720,57
RGM_0299380,N057_C0002720,57
RGM_0299399,N057_C0002720,57
RGM_0299400,N057_C0002720,57
RGM_0299924,N057_C0002721,57
RGM_0300012,N057_C0002721,57
RGM_0299966,N057_C0002721,57
RGM_0299967,N057_C0002721,57
RGM_0299970,N057_C0002721,57
RGM_0300037,N057_C0002721,57
RGM_0300009,N057_C0002721,57
RGM_0299982,N057_C0002721,57
RGM_0300004,N057_C0002721,57
RGM_0300019,N057_C0002721,57
RGM_0299978,N057_C0002721,57
RGM_0299995,N057_C0002721,57
RGM_0299993,N057_C0002721,57
RGM_0299997,N057_C0002721,57
RGM_0300000,N057_C0002721,57
RGM_0300003,N057_C0002721,57
RGM_0300007,N057_C0002721,57
RGM_0300013,N057_C0002721,57
RGM_0303961,N057_C0002722,57
RGM_0303957,N057_C0002722,57
RGM_0303960,N057_C0002722,57
RGM_0319355,N057_C0002723,57
RGM_0319359,N057_C0002723,57
RGM_0319361,N057_C0002723,57
RGM_0319360,N057_C0002723,57
RGM_0044616,N058_C0002724,58
RGM_0048875,N058_C0002725,58
RGM_0078958,N058_C0002726,58
RGM_0085680,N058_C0002727,58
RGM_0087973,N058_C0002728,58
RGM_0103871,N058_C0002729,58
RGM_0103982,N058_C0002730,58
RGM_0104678,N058_C0002731,58
RGM_0104722,N058_C0002732,58
RGM_0104778,N058_C0002733,58
RGM_0104789,N058_C0002734,58
RGM_0108616,N058_C0002735,58
RGM_0108632,N058_C0002735,58
RGM_0108641,N058_C0002735,58
RGM_0112930,N058_C0002736,58
RGM_0113202,N058_C0002737,58
RGM_0118735,N058_C0002738,58
RGM_0121255,N058_C0002739,58
RGM_0121264,N058_C0002740,58
RGM_0121283,N058_C0002740,58
RGM_0121878,N058_C0002741,58
RGM_0127768,N058_C0002742,58
RGM_0128978,N058_C0002743,58
RGM_0036316,N059_C0002744,59
RGM_0040225,N059_C0002745,59
RGM_0048872,N059_C0002746,59
RGM_0078214,N059_C0002747,59
RGM_0102982,N059_C0002748,59
RGM_0108633,N059_C0002749,59
RGM_0128926,N059_C0002750,59
RGM_0119267,N060_C0002751,60
RGM_0121928,N060_C0002752,60
RGM_0123007,N060_C0002753,60
RGM_0124609,N060_C0002754,60
RGM_0126356,N060_C0002755,60
RGM_0128023,N060_C0002756,60
RGM_0128152,N060_C0002757,60
RGM_0128752,N060_C0002758,60
RGM_0128758,N060_C0002759,60
RGM_0128921,N060_C0002760,60
RGM_0128930,N060_C0002761,60
RGM_0040228,N061_C0002762,61
RGM_0043842,N061_C0002763,61
RGM_0043854,N061_C0002763,61
RGM_0044856,N061_C0002764,61
RGM_0044867,N061_C0002764,61
RGM_0056260,N061_C0002765,61
RGM_0128928,N061_C0002766,61
RGM_0249732,N061_C0002767,61
RGM_0249757,N061_C0002767,61
RGM_0154941,N072_C0002768,72
RGM_0108679,N082_C0002769,82
RGM_0125496,N082_C0002770,82
RGM_0128141,N082_C0002771,82
RGM_0262591,N082_C0002772,82
RGM_0279424,N082_C0002773,82
RGM_0281089,N082_C0002774,82
RGM_0312859,N082_C0002775,82
RGM_0313976,N082_C0002776,82
RGM_0315654,N082_C0002777,82
RGM_0040146,N085_C0002778,85
RGM_0118227,N085_C0002779,85
RGM_0154991,N085_C0002780,85
RGM_0155073,N085_C0002781,85
RGM_0305411,N085_C0002782,85
RGM_0305497,N085_C0002783,85
RGM_0310147,N085_C0002784,85
RGM_0154963,N091_C0002785,91
RGM_0262590,N092_C0002786,92
RGM_0279423,N092_C0002787,92
RGM_0281087,N092_C0002788,92
RGM_0311393,N092_C0002789,92
RGM_0312485,N092_C0002790,92
RGM_0313924,N092_C0002791,92
RGM_0315655,N092_C0002792,92
RGM_0316653,N092_C0002793,92
RGM_0039487,N105_C0002794,105
RGM_0040138,N105_C0002795,105
RGM_0040144,N108_C0002796,108
RGM_0040131,N108_C0002796,108
RGM_0040853,N108_C0002797,108
RGM_0258320,N108_C0002798,108
RGM_0258337,N108_C0002798,108
RGM_0258347,N108_C0002799,108
RGM_0320377,N108_C0002800,108
RGM_0320367,N108_C0002800,108
RGM_0320322,N108_C0002800,108
RGM_0320318,N108_C0002800,108
RGM_0320371,N108_C0002800,108
RGM_0039485,N111_C0002801,111
RGM_0039999,N111_C0002802,111
RGM_0040005,N111_C0002802,111
RGM_0040003,N111_C0002802,111
RGM_0044021,N111_C0002803,111
RGM_0059471,N111_C0002804,111
RGM_0063163,N111_C0002805,111
RGM_0069393,N111_C0002806,111
RGM_0072042,N111_C0002807,111
RGM_0193094,N111_C0002808,111
RGM_0193887,N111_C0002809,111
RGM_0193888,N111_C0002810,111
RGM_0193898,N111_C0002811,111
RGM_0194342,N111_C0002812,111
RGM_0194346,N111_C0002812,111
RGM_0194402,N111_C0002813,111
RGM_0194422,N111_C0002814,111
RGM_0209588,N111_C0002815,111
RGM_0304308,N111_C0002816,111
RGM_0318069,N111_C0002817,111
RGM_0318813,N111_C0002818,111
RGM_0320107,N111_C0002819,111
RGM_0320132,N111_C0002820,111
RGM_0320287,N111_C0002821,111
RGM_0320302,N111_C0002821,111
RGM_0320291,N111_C0002821,111
RGM_0320293,N111_C0002821,111
RGM_0320295,N111_C0002821,111
RGM_0320303,N111_C0002821,111
RGM_0320298,N111_C0002821,111
RGM_0320300,N111_C0002821,111
RGM_0320309,N111_C0002821,111
RGM_0320306,N111_C0002821,111
RGM_0320321,N111_C0002821,111
RGM_0320363,N111_C0002821,111
RGM_0320374,N111_C0002821,111
RGM_0321792,N111_C0002822,111
RGM_0322121,N111_C0002823,111
