window_id,start_time,end_time,duration_minutes,start_hours,end_hours,merged_event_records,active_nodes,eligible,information_status,observed_moran_i,null_mean,null_sd,null_q025,null_q975,delta_moran_i,scan_z,p_scan_within_experiment,p_scan_study,simultaneous_upper_study,symmetric_center,symmetric_sd,significant_study
0,2025-07-07 14:06:54,2025-07-07 14:07:54,1.0,0.0,0.016666666666666666,0,0,False,insufficient_merged_records_nodes_or_variation,,,,,,,,,,,,,False
1,2025-07-07 14:07:54,2025-07-07 14:08:54,1.0,0.016666666666666666,0.03333333333333333,0,0,False,insufficient_merged_records_nodes_or_variation,,,,,,,,,,,,,False
2,2025-07-07 14:08:54,2025-07-07 14:09:54,1.0,0.03333333333333333,0.05,0,0,False,insufficient_merged_records_nodes_or_variation,,,,,,,,,,,,,False
3,2025-07-07 14:09:54,2025-07-07 14:10:54,1.0,0.05,0.06666666666666667,0,0,False,insufficient_merged_records_nodes_or_variation,,,,,,,,,,,,,False
4,2025-07-07 14:10:54,2025-07-07 14:11:54,1.0,0.06666666666666667,0.08333333333333333,0,0,False,insufficient_merged_records_nodes_or_variation,,,,,,,,,,,,,False
5,2025-07-07 14:11:54,2025-07-07 14:12:54,1.0,0.08333333333333333,0.1,0,0,False,insufficient_merged_records_nodes_or_variation,,,,,,,,,,,,,False
6,2025-07-07 14:12:54,2025-07-07 14:13:54,1.0,0.1,0.11666666666666667,0,0,False,insufficient_merged_records_nodes_or_variation,,,,,,,,,,,,,False
7,2025-07-07 14:13:54,2025-07-07 14:14:54,1.0,0.11666666666666667,0.13333333333333333,0,0,False,insufficient_merged_records_nodes_or_variation,,,,,,,,,,,,,False
8,2025-07-07 14:14:54,2025-07-07 14:15:54,1.0,0.13333333333333333,0.15,0,0,False,insufficient_merged_records_nodes_or_variation,,,,,,,,,,,,,False
9,2025-07-07 14:15:54,2025-07-07 14:16:54,1.0,0.15,0.16666666666666666,0,0,False,insufficient_merged_records_nodes_or_variation,,,,,,,,,,,,,False
10,2025-07-07 14:16:54,2025-07-07 14:17:54,1.0,0.16666666666666666,0.18333333333333332,0,0,False,insufficient_merged_records_nodes_or_variation,,,,,,,,,,,,,False
11,2025-07-07 14:17:54,2025-07-07 14:18:54,1.0,0.18333333333333332,0.2,0,0,False,insufficient_merged_records_nodes_or_variation,,,,,,,,,,,,,False
12,2025-07-07 14:18:54,2025-07-07 14:19:54,1.0,0.2,0.21666666666666667,0,0,False,insufficient_merged_records_nodes_or_variation,,,,,,,,,,,,,False
13,2025-07-07 14:19:54,2025-07-07 14:20:54,1.0,0.21666666666666667,0.23333333333333334,0,0,False,insufficient_merged_records_nodes_or_variation,,,,,,,,,,,,,False
14,2025-07-07 14:20:54,2025-07-07 14:21:54,1.0,0.23333333333333334,0.25,0,0,False,insufficient_merged_records_nodes_or_variation,,,,,,,,,,,,,False
15,2025-07-07 14:21:54,2025-07-07 14:22:54,1.0,0.25,0.26666666666666666,0,0,False,insufficient_merged_records_nodes_or_variation,,,,,,,,,,,,,False
16,2025-07-07 14:22:54,2025-07-07 14:23:54,1.0,0.26666666666666666,0.2833333333333333,0,0,False,insufficient_merged_records_nodes_or_variation,,,,,,,,,,,,,False
17,2025-07-07 14:23:54,2025-07-07 14:24:54,1.0,0.2833333333333333,0.3,0,0,False,insufficient_merged_records_nodes_or_variation,,,,,,,,,,,,,False
18,2025-07-07 14:24:54,2025-07-07 14:25:54,1.0,0.3,0.31666666666666665,0,0,False,insufficient_merged_records_nodes_or_variation,,,,,,,,,,,,,False
19,2025-07-07 14:25:54,2025-07-07 14:26:54,1.0,0.31666666666666665,0.3333333333333333,0,0,False,insufficient_merged_records_nodes_or_variation,,,,,,,,,,,,,False
20,2025-07-07 14:26:54,2025-07-07 14:27:54,1.0,0.3333333333333333,0.35,0,0,False,insufficient_merged_records_nodes_or_variation,,,,,,,,,,,,,False
21,2025-07-07 14:27:54,2025-07-07 14:28:54,1.0,0.35,0.36666666666666664,0,0,False,insufficient_merged_records_nodes_or_variation,,,,,,,,,,,,,False
22,2025-07-07 14:28:54,2025-07-07 14:29:54,1.0,0.36666666666666664,0.38333333333333336,0,0,False,insufficient_merged_records_nodes_or_variation,,,,,,,,,,,,,False
23,2025-07-07 14:29:54,2025-07-07 14:30:54,1.0,0.38333333333333336,0.4,0,0,False,insufficient_merged_records_nodes_or_variation,,,,,,,,,,,,,False
24,2025-07-07 14:30:54,2025-07-07 14:31:54,1.0,0.4,0.4166666666666667,0,0,False,insufficient_merged_records_nodes_or_variation,,,,,,,,,,,,,False
25,2025-07-07 14:31:54,2025-07-07 14:32:54,1.0,0.4166666666666667,0.43333333333333335,0,0,False,insufficient_merged_records_nodes_or_variation,,,,,,,,,,,,,False
26,2025-07-07 14:32:54,2025-07-07 14:33:54,1.0,0.43333333333333335,0.45,0,0,False,insufficient_merged_records_nodes_or_variation,,,,,,,,,,,,,False
27,2025-07-07 14:33:54,2025-07-07 14:34:54,1.0,0.45,0.4666666666666667,0,0,False,insufficient_merged_records_nodes_or_variation,,,,,,,,,,,,,False
28,2025-07-07 14:34:54,2025-07-07 14:35:54,1.0,0.4666666666666667,0.48333333333333334,0,0,False,insufficient_merged_records_nodes_or_variation,,,,,,,,,,,,,False
29,2025-07-07 14:35:54,2025-07-07 14:36:54,1.0,0.48333333333333334,0.5,0,0,False,insufficient_merged_records_nodes_or_variation,,,,,,,,,,,,,False
30,2025-07-07 14:36:54,2025-07-07 14:37:54,1.0,0.5,0.5166666666666667,6,1,False,insufficient_merged_records_nodes_or_variation,,,,,,,,,,,,,False
31,2025-07-07 14:37:54,2025-07-07 14:38:54,1.0,0.5166666666666667,0.5333333333333333,2,2,False,insufficient_merged_records_nodes_or_variation,,,,,,,,,,,,,False
32,2025-07-07 14:38:54,2025-07-07 14:39:54,1.0,0.5333333333333333,0.55,1,1,False,insufficient_merged_records_nodes_or_variation,,,,,,,,,,,,,False
33,2025-07-07 14:39:54,2025-07-07 14:40:54,1.0,0.55,0.5666666666666667,4,3,False,insufficient_merged_records_nodes_or_variation,,,,,,,,,,,,,False
34,2025-07-07 14:40:54,2025-07-07 14:41:54,1.0,0.5666666666666667,0.5833333333333334,0,0,False,insufficient_merged_records_nodes_or_variation,,,,,,,,,,,,,False
35,2025-07-07 14:41:54,2025-07-07 14:42:54,1.0,0.5833333333333334,0.6,1,1,False,insufficient_merged_records_nodes_or_variation,,,,,,,,,,,,,False
36,2025-07-07 14:42:54,2025-07-07 14:43:54,1.0,0.6,0.6166666666666667,2,2,False,insufficient_merged_records_nodes_or_variation,,,,,,,,,,,,,False
37,2025-07-07 14:43:54,2025-07-07 14:44:54,1.0,0.6166666666666667,0.6333333333333333,0,0,False,insufficient_merged_records_nodes_or_variation,,,,,,,,,,,,,False
38,2025-07-07 14:44:54,2025-07-07 14:45:54,1.0,0.6333333333333333,0.65,3,2,False,insufficient_merged_records_nodes_or_variation,,,,,,,,,,,,,False
39,2025-07-07 14:45:54,2025-07-07 14:46:54,1.0,0.65,0.6666666666666666,2,1,False,insufficient_merged_records_nodes_or_variation,,,,,,,,,,,,,False
40,2025-07-07 14:46:54,2025-07-07 14:47:54,1.0,0.6666666666666666,0.6833333333333333,4,3,False,insufficient_merged_records_nodes_or_variation,,,,,,,,,,,,,False
41,2025-07-07 14:47:54,2025-07-07 14:48:54,1.0,0.6833333333333333,0.7,1,1,False,insufficient_merged_records_nodes_or_variation,,,,,,,,,,,,,False
42,2025-07-07 14:48:54,2025-07-07 14:49:54,1.0,0.7,0.7166666666666667,0,0,False,insufficient_merged_records_nodes_or_variation,,,,,,,,,,,,,False
43,2025-07-07 14:49:54,2025-07-07 14:50:54,1.0,0.7166666666666667,0.7333333333333333,1,1,False,insufficient_merged_records_nodes_or_variation,,,,,,,,,,,,,False
44,2025-07-07 14:50:54,2025-07-07 14:51:54,1.0,0.7333333333333333,0.75,0,0,False,insufficient_merged_records_nodes_or_variation,,,,,,,,,,,,,False
45,2025-07-07 14:51:54,2025-07-07 14:52:54,1.0,0.75,0.7666666666666667,1,1,False,insufficient_merged_records_nodes_or_variation,,,,,,,,,,,,,False
46,2025-07-07 14:52:54,2025-07-07 14:53:54,1.0,0.7666666666666667,0.7833333333333333,4,3,False,insufficient_merged_records_nodes_or_variation,,,,,,,,,,,,,False
47,2025-07-07 14:53:54,2025-07-07 14:54:54,1.0,0.7833333333333333,0.8,2,2,False,insufficient_merged_records_nodes_or_variation,,,,,,,,,,,,,False
48,2025-07-07 14:54:54,2025-07-07 14:55:54,1.0,0.8,0.8166666666666667,2,2,False,insufficient_merged_records_nodes_or_variation,,,,,,,,,,,,,False
49,2025-07-07 14:55:54,2025-07-07 14:56:54,1.0,0.8166666666666667,0.8333333333333334,4,3,False,insufficient_merged_records_nodes_or_variation,,,,,,,,,,,,,False
50,2025-07-07 14:56:54,2025-07-07 14:57:54,1.0,0.8333333333333334,0.85,1,1,False,insufficient_merged_records_nodes_or_variation,,,,,,,,,,,,,False
51,2025-07-07 14:57:54,2025-07-07 14:58:54,1.0,0.85,0.8666666666666667,8,5,True,eligible,0.019171542962734912,0.014864721281182323,0.02898251152252963,-0.03202956575300482,0.07577571604558056,0.004306821681552589,0.14858552328500893,1.0,1.0,0.15224471944425735,0.014865582473280216,0.02897967711965606,False
52,2025-07-07 14:58:54,2025-07-07 14:59:54,1.0,0.8666666666666667,0.8833333333333333,4,1,False,insufficient_merged_records_nodes_or_variation,,,,,,,,,,,,,False
53,2025-07-07 14:59:54,2025-07-07 15:00:54,1.0,0.8833333333333333,0.9,13,11,True,eligible,-0.005625800106369304,0.01460321940085888,0.03518578266308344,-0.04476319524065378,0.09637089122829234,-0.020229019507228184,-0.5748437933114947,1.0,1.0,0.18138739591924363,0.014599174405956414,0.03518342678071896,False
54,2025-07-07 15:00:54,2025-07-07 15:01:54,1.0,0.9,0.9166666666666666,24,14,True,eligible,0.046513855190907935,0.005276605797471593,0.026304329255430834,-0.03952241093091558,0.06305069595198579,0.04123724939343634,1.5671563669937445,0.9992001599680064,0.9992001599680064,0.12999958105675294,0.005284851598190139,0.02630816200670955,False
55,2025-07-07 15:01:54,2025-07-07 15:02:54,1.0,0.9166666666666666,0.9333333333333333,39,23,True,eligible,0.0706760997270194,0.030440207202077726,0.028109895582926665,-0.01923345616760662,0.09080379262644137,0.04023589252494167,1.4309419925104536,0.9996000799840032,0.9996000799840032,0.16371813129626933,0.03044825277146884,0.028112842565319204,False
56,2025-07-07 15:02:54,2025-07-07 15:03:54,1.0,0.9333333333333333,0.95,18,14,True,eligible,0.030348618113842558,0.04779516656364291,0.03722606922018751,-0.015111005190916885,0.13180386228057867,-0.017446548449800352,-0.46860766162451867,1.0,1.0,0.22424934253537188,0.04779167795167533,0.03722316399472226,False
57,2025-07-07 15:03:54,2025-07-07 15:04:54,1.0,0.95,0.9666666666666667,46,26,True,eligible,0.1591386058878943,0.08819780494319522,0.028599182089342697,0.036636462042386755,0.14851075537668476,0.07094080094469908,2.4787458624240073,0.853629274145171,0.853629274145171,0.22385720466783476,0.08821199026631954,0.02861391185630238,False
58,2025-07-07 15:04:54,2025-07-07 15:05:54,1.0,0.9666666666666667,0.9833333333333333,2,2,False,insufficient_merged_records_nodes_or_variation,,,,,,,,,,,,,False
59,2025-07-07 15:05:54,2025-07-07 15:06:54,1.0,0.9833333333333333,1.0,6,4,True,eligible,0.09109174861382065,0.019515643051718108,0.04000915990401026,-0.042251888487471925,0.11218871351017129,0.07157610556210253,1.788241892730225,0.996000799840032,0.996000799840032,0.20923644651102047,0.019529955410358804,0.04001796037459105,False
60,2025-07-07 15:06:54,2025-07-07 15:07:54,1.0,1.0,1.0166666666666666,3,2,False,insufficient_merged_records_nodes_or_variation,,,,,,,,,,,,,False
61,2025-07-07 15:07:54,2025-07-07 15:08:54,1.0,1.0166666666666666,1.0333333333333334,1,1,False,insufficient_merged_records_nodes_or_variation,,,,,,,,,,,,,False
62,2025-07-07 15:08:54,2025-07-07 15:09:54,1.0,1.0333333333333334,1.05,15,7,True,eligible,0.057280747314905386,0.008207981418225057,0.03646729859664666,-0.05237497677909996,0.09030042473711511,0.04907276589668033,1.3452868558938367,1.0,1.0,0.1811062632540688,0.008217794008886264,0.03647025397674065,False
63,2025-07-07 15:09:54,2025-07-07 15:10:54,1.0,1.05,1.0666666666666667,10,8,True,eligible,0.06312680999186825,0.03908935903105674,0.036610342812219976,-0.019159165156854188,0.12424212163145348,0.02403745096081151,0.6564814789415926,1.0,1.0,0.21263685532151605,0.03909416555994312,0.03660825964301625,False
64,2025-07-07 15:10:54,2025-07-07 15:11:54,1.0,1.0666666666666667,1.0833333333333333,26,18,True,eligible,0.019365645279770305,-0.00454077827529259,0.025448335653814057,-0.050657608466797746,0.050415947297746226,0.023906423555062895,0.9392333095304162,1.0,1.0,0.11610127593474248,-0.004535997946647307,0.025448036162992984,False
65,2025-07-07 15:11:54,2025-07-07 15:12:54,1.0,1.0833333333333333,1.1,5,5,True,eligible,0.09413318980280852,0.02978796496550358,0.03429816560537459,-0.03136468170475104,0.11112198463570984,0.06434522483730494,1.8752069921141028,0.9928014397120576,0.9928014397120576,0.19243339214586613,0.0298008314371767,0.03430680380148525,False
66,2025-07-07 15:12:54,2025-07-07 15:13:54,1.0,1.1,1.1166666666666667,2,2,False,insufficient_merged_records_nodes_or_variation,,,,,,,,,,,,,False
67,2025-07-07 15:13:54,2025-07-07 15:14:54,1.0,1.1166666666666667,1.1333333333333333,6,3,True,eligible,0.0648262732032372,0.0027496112962080758,0.019972638733710198,-0.02091067745518015,0.05594161510391871,0.06207666190702912,3.104776625800828,0.4887022595480904,0.4887022595480904,0.09752493361063144,0.002762024146019518,0.019989924087118246,False
68,2025-07-07 15:14:54,2025-07-07 15:15:54,1.0,1.1333333333333333,1.15,0,0,False,insufficient_merged_records_nodes_or_variation,,,,,,,,,,,,,False
69,2025-07-07 15:15:54,2025-07-07 15:16:54,1.0,1.15,1.1666666666666667,0,0,False,insufficient_merged_records_nodes_or_variation,,,,,,,,,,,,,False
70,2025-07-07 15:16:54,2025-07-07 15:17:54,1.0,1.1666666666666667,1.1833333333333333,0,0,False,insufficient_merged_records_nodes_or_variation,,,,,,,,,,,,,False
71,2025-07-07 15:17:54,2025-07-07 15:18:54,1.0,1.1833333333333333,1.2,8,4,True,eligible,0.02671696951031735,0.018728842008007406,0.03540254039898633,-0.02879581151832495,0.10001539882968963,0.007988127502309945,0.22561342248948713,1.0,1.0,0.186541447148084,0.018730439314046658,0.0353991801912532,False
72,2025-07-07 15:18:54,2025-07-07 15:19:54,1.0,1.2,1.2166666666666666,14,7,True,eligible,0.03240880965773889,0.007390420146250657,0.032767596603071866,-0.04634156894985099,0.08208212539483324,0.02501838951148823,0.7633892312363376,1.0,1.0,0.16272483961877152,0.00739542282361748,0.03276622961213546,False
73,2025-07-07 15:19:54,2025-07-07 15:20:54,1.0,1.2166666666666666,1.2333333333333334,9,3,True,eligible,-0.005249240026239577,0.006802801231232437,0.02971890466666983,-0.024265972405008548,0.07616375883226711,-0.012052041257472014,-0.4054872960234354,1.0,1.0,0.14767208904178253,0.006800391304966194,0.02971642132657432,False
74,2025-07-07 15:20:54,2025-07-07 15:21:54,1.0,1.2333333333333334,1.25,12,5,True,eligible,0.019618228858964738,0.01256315521421174,0.034451286920571825,-0.035569499052702014,0.09391845091368409,0.007055073644752998,0.20476270791218062,1.0,1.0,0.1758664060164976,0.012564565946794176,0.03444798608150739,False
75,2025-07-07 15:21:54,2025-07-07 15:22:54,1.0,1.25,1.2666666666666666,21,7,True,eligible,0.027246931248000306,0.017388139902039197,0.03467881221080618,-0.03517487754879575,0.0982317096754912,0.00985879134596111,0.2842578944768527,1.0,1.0,0.18177107846943089,0.017390111266035593,0.03467562440123316,False
76,2025-07-07 15:22:54,2025-07-07 15:23:54,1.0,1.2666666666666666,1.2833333333333334,24,6,True,eligible,0.04987215390235001,0.02593806891513439,0.0355802108301104,-0.03024473395835864,0.10714933641787269,0.02393408498721562,0.6725820063244081,1.0,1.0,0.1946028080076668,0.025942854774959872,0.03557826243101761,False
77,2025-07-07 15:23:54,2025-07-07 15:24:54,1.0,1.2833333333333334,1.3,26,8,True,eligible,0.06206973944897228,0.024878194966393923,0.03373860717209884,-0.027315441352305906,0.10142252337584726,0.03719154448257836,1.1020996907337803,1.0,1.0,0.1848280745618974,0.02488563178792613,0.033739332270648674,False
78,2025-07-07 15:24:54,2025-07-07 15:25:54,1.0,1.3,1.3166666666666667,22,5,True,eligible,0.040003468953564866,0.015006848105993406,0.03336247145856126,-0.03208082661806417,0.09427182048724923,0.02499662084757146,0.7491267283396725,1.0,1.0,0.17316082862938495,0.01501184643049802,0.03336100766082268,False
79,2025-07-07 15:25:54,2025-07-07 15:26:54,1.0,1.3166666666666667,1.3333333333333333,43,8,True,eligible,0.03947471355823024,0.02333168697009953,0.03568070965934662,-0.029102694774398783,0.10801244548422376,0.016143026588130712,0.4523756004643262,1.0,1.0,0.1924670692081152,0.02333491492982521,0.03567787168856777,False
80,2025-07-07 15:26:54,2025-07-07 15:27:54,1.0,1.3333333333333333,1.35,45,7,True,eligible,0.021181463232624754,0.01549543636716074,0.03433961465711354,-0.030003799541339436,0.09240210211515656,0.005686026865464013,0.16556513317117644,1.0,1.0,0.17826884167572102,0.015496573345138235,0.03433627466484116,False
81,2025-07-07 15:27:54,2025-07-07 15:28:54,1.0,1.35,1.3666666666666667,38,12,True,eligible,0.026503909071551795,0.011481421383467008,0.03262212484237632,-0.03465096328368858,0.08446952813853834,0.015022487688084786,0.46044417745201055,1.0,1.0,0.16611852222154838,0.011484425280225273,0.032619554175797816,False
82,2025-07-07 15:28:54,2025-07-07 15:29:54,1.0,1.3666666666666667,1.3833333333333333,61,9,True,eligible,0.04642053421858342,0.01940157597296573,0.03556479274717915,-0.03289519386505603,0.10312383872741823,0.027018958245617692,0.7595910469803742,1.0,1.0,0.18799594742133718,0.019406978684072634,0.03556328848516398,False
83,2025-07-07 15:29:54,2025-07-07 15:30:54,1.0,1.3833333333333333,1.4,61,10,True,eligible,0.056420904234906866,0.01916650607564298,0.030315138658014357,-0.02686073083799337,0.0884456865483898,0.03725439815926389,1.2285957224441455,1.0,1.0,0.16289122053909824,0.01917395546539688,0.030316684397542582,False
84,2025-07-07 15:30:54,2025-07-07 15:31:54,1.0,1.4,1.4166666666666667,56,14,True,eligible,0.05900120821586745,0.011011035038260177,0.034489314251143634,-0.04510672573499831,0.08820982682239183,0.04799017317760727,1.391042094178188,0.9996000799840032,0.9996000799840032,0.17453368734868632,0.011020631153672618,0.034492541428475756,False
85,2025-07-07 15:31:54,2025-07-07 15:32:54,1.0,1.4166666666666667,1.4333333333333333,54,9,True,eligible,0.056131810369038276,0.0263541703449191,0.036258763584787454,-0.030878484415526902,0.1075551277199579,0.029777640024119176,0.8211161216578757,1.0,1.0,0.19824041856379238,0.026360124682056497,0.03625758269959578,False
86,2025-07-07 15:32:54,2025-07-07 15:33:54,1.0,1.4333333333333333,1.45,48,6,True,eligible,0.04210538535656687,0.024596641552803028,0.035079292112129075,-0.03066484020385163,0.10399664503546367,0.01750874380376384,0.4990567474528933,1.0,1.0,0.19088222217910517,0.024600142601354073,0.03507665780406093,False
87,2025-07-07 15:33:54,2025-07-07 15:34:54,1.0,1.45,1.4666666666666666,53,8,True,eligible,0.028451775127700363,0.017047888811349863,0.034172562710619005,-0.032570303628252965,0.09315562003134524,0.0114038863163505,0.33367761845163224,1.0,1.0,0.1790319588810705,0.017050169132548892,0.034169525807749596,False
88,2025-07-07 15:34:54,2025-07-07 15:35:54,1.0,1.4666666666666666,1.4833333333333334,59,12,True,eligible,0.05473622454667586,0.006178958934351043,0.03237328354667301,-0.047025356375605926,0.07561049620331663,0.04855726561232482,1.499430606210615,0.9996000799840032,0.9996000799840032,0.15967448260854217,0.006188668445571264,0.03237732770027601,False
89,2025-07-07 15:35:54,2025-07-07 15:36:54,1.0,1.4833333333333334,1.5,52,9,True,eligible,0.041343874067429606,0.021520402439109184,0.03501312425501755,-0.033601823074195916,0.10203872120592745,0.019823471628320422,0.5660978574886579,1.0,1.0,0.18749398399028724,0.021524366340654546,0.035010744987976135,False
90,2025-07-07 15:36:54,2025-07-07 15:37:54,1.0,1.5,1.5166666666666666,39,9,True,eligible,0.04962585409236986,0.017829142515178108,0.035665098222272665,-0.03908191964917702,0.09669962795301869,0.03179671157719175,0.8913758222988859,1.0,1.0,0.18690363035406427,0.017835500585879405,0.03566436592873043,False
91,2025-07-07 15:37:54,2025-07-07 15:38:54,1.0,1.5166666666666666,1.5333333333333334,55,7,True,eligible,0.07096755501532516,0.03460144143250595,0.039019075153920044,-0.0254925235075964,0.12165608588196793,0.03636611358281921,0.9318344917615905,1.0,1.0,0.21957752220654847,0.03460871320086884,0.03901856191835268,False
92,2025-07-07 15:38:54,2025-07-07 15:39:54,1.0,1.5333333333333334,1.55,28,8,True,eligible,0.061260366109985705,0.027945534451790377,0.03489295331614488,-0.028363014483892127,0.107272518821416,0.03331483165819533,0.9545900230730852,1.0,1.0,0.19336195292749842,0.027952196085795217,0.03489264419186199,False
93,2025-07-07 15:39:54,2025-07-07 15:40:54,1.0,1.55,1.5666666666666667,55,8,True,eligible,0.06463543571475161,0.024609871039664128,0.03724714537960981,-0.034528975287664895,0.10723473448706976,0.040025564675087485,1.074362676957525,1.0,1.0,0.2011919520888993,0.024617874551896696,0.037247720924353196,False
94,2025-07-07 15:40:54,2025-07-07 15:41:54,1.0,1.5666666666666667,1.5833333333333333,26,8,True,eligible,0.05657513285526622,0.015195621231362566,0.03374818905029221,-0.03486385130510613,0.09392450595188831,0.04137951162390365,1.225818551500794,1.0,1.0,0.17519637245554306,0.015203895478837853,0.03374988682115859,False
95,2025-07-07 15:41:54,2025-07-07 15:42:54,1.0,1.5833333333333333,1.6,43,11,True,eligible,0.04848447857937571,0.028834890713759397,0.03689772517947765,-0.033073427091869785,0.11127704428477164,0.019649587865616314,0.532473650179903,1.0,1.0,0.2037411984191762,0.028838819845506174,0.03689508152606613,False
96,2025-07-07 15:42:54,2025-07-07 15:43:54,1.0,1.6,1.6166666666666667,39,9,True,eligible,0.04844201792608599,0.008943237161365912,0.032855138116613836,-0.03850092497694107,0.08694579117690154,0.039498780764720076,1.2019162768718183,1.0,1.0,0.1647089569736461,0.00895113533788355,0.03285660020428698,False
97,2025-07-07 15:43:54,2025-07-07 15:44:54,1.0,1.6166666666666667,1.6333333333333333,25,6,True,eligible,0.07532527623962165,0.03193630503627041,0.03444667297622384,-0.022096152008489807,0.10892637465988812,0.043388971203351244,1.2592726194044068,1.0,1.0,0.19525016960728034,0.03194498109529927,0.034448692424393204,False
98,2025-07-07 15:44:54,2025-07-07 15:45:54,1.0,1.6333333333333333,1.65,6,4,True,eligible,0.03131701474082786,0.000494565406386946,0.03211299196847759,-0.03981762330712339,0.08216610961921125,0.030822449334440914,0.9596280965446325,1.0,1.0,0.1527322485779893,0.0005007286636023906,0.032112738453768476,False
99,2025-07-07 15:45:54,2025-07-07 15:46:54,1.0,1.65,1.6666666666666667,3,3,False,insufficient_merged_records_nodes_or_variation,,,,,,,,,,,,,False
100,2025-07-07 15:46:54,2025-07-07 15:47:54,1.0,1.6666666666666667,1.6833333333333333,12,8,True,eligible,-0.012346280287349281,-0.011483438451235803,0.018618515190381903,-0.0403019603068306,0.028564470960672165,-0.0008628418361134784,-0.04633857147092674,1.0,1.0,0.07676928068487278,-0.011483610985096256,0.018616657244047145,False
101,2025-07-07 15:47:54,2025-07-07 15:48:54,1.0,1.6833333333333333,1.7,10,6,True,eligible,0.00028379899202403235,-0.008323245094681452,0.02662220951381649,-0.04986054704702279,0.0507021578509568,0.008607044086705484,0.3232674479695344,1.0,1.0,0.11787065625271388,-0.008321524030077031,0.026619825398912583,False
102,2025-07-07 15:48:54,2025-07-07 15:49:54,1.0,1.7,1.7166666666666666,12,9,True,eligible,-0.004832863471606271,-0.014106367745111316,0.027950685693163467,-0.06309571754598008,0.04810489103682776,0.009273504273505045,0.3317441038787814,1.0,1.0,0.11838486260791545,-0.014104513415122612,0.02794819812955646,False
103,2025-07-07 15:49:54,2025-07-07 15:50:54,1.0,1.7166666666666666,1.7333333333333334,6,5,True,eligible,0.02447339583587004,0.005718748325824959,0.03081910991220026,-0.04405211250456584,0.07356629733349433,0.01875464751004508,0.6084561929327029,1.0,1.0,0.15181232775021966,0.005722498505291073,0.030817169006368994,False
104,2025-07-07 15:50:54,2025-07-07 15:51:54,1.0,1.7333333333333334,1.75,14,5,True,eligible,0.0483596146101179,0.00876042008736331,0.033160273420037925,-0.04272127389324338,0.08305709594473311,0.039599194522754594,1.193886135787095,1.0,1.0,0.1659724259616836,0.00876833834261681,0.03316168525686053,False
105,2025-07-07 15:51:54,2025-07-07 15:52:54,1.0,1.75,1.7666666666666666,28,11,True,eligible,0.02758985822695417,-0.006749220542385326,0.028478719986971913,-0.05354285546208612,0.05767103947290962,0.0343390787693395,1.2054844840886696,1.0,1.0,0.12826810254934368,-0.0067423540999199515,0.02848001179611102,False
106,2025-07-07 15:52:54,2025-07-07 15:53:54,1.0,1.7666666666666666,1.7833333333333334,25,8,True,eligible,0.016812416463376053,0.001746243569628954,0.02823707190900056,-0.04444458004667476,0.06419599403892552,0.0150661728937471,0.5334915036558338,1.0,1.0,0.1355984719136304,0.0017492562016812932,0.028235051839574022,False
107,2025-07-07 15:53:54,2025-07-07 15:54:54,1.0,1.7833333333333334,1.8,9,8,True,eligible,0.009875318980536011,-0.009512172888587396,0.02591889423265662,-0.05406179920942827,0.04822485341678768,0.019387491869123405,0.747889515197347,1.0,1.0,0.11335568254997751,-0.009508296165558174,0.025917752224376877,False
108,2025-07-07 15:54:54,2025-07-07 15:55:54,1.0,1.8,1.8166666666666667,4,3,False,insufficient_merged_records_nodes_or_variation,,,,,,,,,,,,,False
109,2025-07-07 15:55:54,2025-07-07 15:56:54,1.0,1.8166666666666667,1.8333333333333333,17,9,True,eligible,0.010000789286747887,-0.0025943118735037244,0.028792873706710666,-0.04684048514825485,0.06257012812754816,0.012595101160251611,0.4373860435136622,1.0,1.0,0.1338907572397501,-0.0025917933569749793,0.028790545172778296,False
110,2025-07-07 15:56:54,2025-07-07 15:57:54,1.0,1.8333333333333333,1.85,20,9,True,eligible,-0.0031813059046751804,-0.016810020400302862,0.025708232467672492,-0.060604234132702446,0.03836112815099061,0.013628714495627681,0.5300624674893405,1.0,1.0,0.10505468499775658,-0.01680729520244331,0.025706383933026055,False
111,2025-07-07 15:57:54,2025-07-07 15:58:54,1.0,1.85,1.8666666666666667,14,7,True,eligible,0.06596858638743407,0.02616682609310867,0.02708042578431306,-0.017631243809254533,0.08657138814206836,0.039801760294325396,1.4692969565249572,0.9996000799840032,0.9996000799840032,0.15456534451361761,0.02617478485341548,0.027083566298357505,False
112,2025-07-07 15:58:54,2025-07-07 15:59:54,1.0,1.8666666666666667,1.8833333333333333,11,4,True,eligible,0.0705304724665166,0.0006034060426767292,0.02658193837660197,-0.028207913363663233,0.06081055630944504,0.06992706642383988,2.628541959456584,0.7738452309538092,0.7738452309538092,0.1267045264380262,0.0006173886594381439,0.026597667028123856,False
113,2025-07-07 15:59:54,2025-07-07 16:00:54,1.0,1.8833333333333333,1.9,0,0,False,insufficient_merged_records_nodes_or_variation,,,,,,,,,,,,,False
114,2025-07-07 16:00:54,2025-07-07 16:01:54,1.0,1.9,1.9166666666666667,0,0,False,insufficient_merged_records_nodes_or_variation,,,,,,,,,,,,,False
115,2025-07-07 16:01:54,2025-07-07 16:02:54,1.0,1.9166666666666667,1.9333333333333333,0,0,False,insufficient_merged_records_nodes_or_variation,,,,,,,,,,,,,False
116,2025-07-07 16:02:54,2025-07-07 16:03:54,1.0,1.9333333333333333,1.95,0,0,False,insufficient_merged_records_nodes_or_variation,,,,,,,,,,,,,False
117,2025-07-07 16:03:54,2025-07-07 16:04:54,1.0,1.95,1.9666666666666666,0,0,False,insufficient_merged_records_nodes_or_variation,,,,,,,,,,,,,False
118,2025-07-07 16:04:54,2025-07-07 16:05:54,1.0,1.9666666666666666,1.9833333333333334,1,1,False,insufficient_merged_records_nodes_or_variation,,,,,,,,,,,,,False
119,2025-07-07 16:05:54,2025-07-07 16:06:54,1.0,1.9833333333333334,2.0,0,0,False,insufficient_merged_records_nodes_or_variation,,,,,,,,,,,,,False
120,2025-07-07 16:06:54,2025-07-07 16:07:54,1.0,2.0,2.0166666666666666,0,0,False,insufficient_merged_records_nodes_or_variation,,,,,,,,,,,,,False
121,2025-07-07 16:07:54,2025-07-07 16:08:54,1.0,2.0166666666666666,2.033333333333333,3,2,False,insufficient_merged_records_nodes_or_variation,,,,,,,,,,,,,False
122,2025-07-07 16:08:54,2025-07-07 16:09:54,1.0,2.033333333333333,2.05,0,0,False,insufficient_merged_records_nodes_or_variation,,,,,,,,,,,,,False
123,2025-07-07 16:09:54,2025-07-07 16:10:54,1.0,2.05,2.066666666666667,1,1,False,insufficient_merged_records_nodes_or_variation,,,,,,,,,,,,,False
124,2025-07-07 16:10:54,2025-07-07 16:11:54,1.0,2.066666666666667,2.0833333333333335,3,2,False,insufficient_merged_records_nodes_or_variation,,,,,,,,,,,,,False
125,2025-07-07 16:11:54,2025-07-07 16:12:54,1.0,2.0833333333333335,2.1,4,4,False,insufficient_merged_records_nodes_or_variation,,,,,,,,,,,,,False
126,2025-07-07 16:12:54,2025-07-07 16:13:54,1.0,2.1,2.1166666666666667,4,4,False,insufficient_merged_records_nodes_or_variation,,,,,,,,,,,,,False
127,2025-07-07 16:13:54,2025-07-07 16:14:54,1.0,2.1166666666666667,2.1333333333333333,1,1,False,insufficient_merged_records_nodes_or_variation,,,,,,,,,,,,,False
128,2025-07-07 16:14:54,2025-07-07 16:15:54,1.0,2.1333333333333333,2.15,5,5,True,eligible,0.05659343347849475,-0.012750662034545421,0.025806209658129915,-0.05465577139501793,0.047002984782502394,0.06934409551304017,2.6849023289731675,0.7414517096580684,0.7414517096580684,0.1096744694015303,-0.012736795988651996,0.025822253837316265,False
129,2025-07-07 16:15:54,2025-07-07 16:16:54,1.0,2.15,2.1666666666666665,2,2,False,insufficient_merged_records_nodes_or_variation,,,,,,,,,,,,,False
130,2025-07-07 16:16:54,2025-07-07 16:17:54,1.0,2.1666666666666665,2.183333333333333,0,0,False,insufficient_merged_records_nodes_or_variation,,,,,,,,,,,,,False
131,2025-07-07 16:17:54,2025-07-07 16:18:54,1.0,2.183333333333333,2.2,3,1,False,insufficient_merged_records_nodes_or_variation,,,,,,,,,,,,,False
132,2025-07-07 16:18:54,2025-07-07 16:19:54,1.0,2.2,2.216666666666667,20,11,True,eligible,-0.00865173963090853,0.018955463963462562,0.03590678979279645,-0.036983402027401996,0.0982634634188619,-0.02760720359437109,-0.7687351704217484,1.0,1.0,0.18916033027031276,0.01894994362681102,0.03590532125982546,False
133,2025-07-07 16:19:54,2025-07-07 16:20:54,1.0,2.216666666666667,2.2333333333333334,7,4,True,eligible,0.01764591816947845,0.00735008020871914,0.025370257853187625,-0.03220688561002545,0.06651153771572689,0.010295837960759308,0.4057758992171033,1.0,1.0,0.1276106552047332,0.007352138964560126,0.025368138484269165,False
134,2025-07-07 16:20:54,2025-07-07 16:21:54,1.0,2.2333333333333334,2.25,4,3,False,insufficient_merged_records_nodes_or_variation,,,,,,,,,,,,,False
135,2025-07-07 16:21:54,2025-07-07 16:22:54,1.0,2.25,2.2666666666666666,0,0,False,insufficient_merged_records_nodes_or_variation,,,,,,,,,,,,,False
136,2025-07-07 16:22:54,2025-07-07 16:23:54,1.0,2.2666666666666666,2.283333333333333,8,4,True,eligible,0.018632583923621906,0.011053741915613887,0.03514070960289168,-0.03903603326147405,0.08546350477363915,0.007578842008008018,0.21564872269606875,1.0,1.0,0.17762509204605523,0.01105525738092243,0.03513735879335032,False
137,2025-07-07 16:23:54,2025-07-07 16:24:54,1.0,2.283333333333333,2.3,7,5,True,eligible,0.03274574800954157,0.030092778586697632,0.04126907404795667,-0.03493602651878869,0.12384832243874112,0.002652969422843935,0.06427823215578383,1.0,1.0,0.2257112628655734,0.030093309074484636,0.04126496398700756,False
138,2025-07-07 16:24:54,2025-07-07 16:25:54,1.0,2.3,2.316666666666667,6,3,True,eligible,-0.01202601935586238,-0.00969880162885411,0.015152931324994639,-0.02846263683960029,0.02025490507165892,-0.0023272177270082708,-0.15356630001335528,1.0,1.0,0.062126700888888504,-0.009699266979329416,0.015151451694353594,False
139,2025-07-07 16:25:54,2025-07-07 16:26:54,1.0,2.316666666666667,2.3333333333333335,2,2,False,insufficient_merged_records_nodes_or_variation,,,,,,,,,,,,,False
140,2025-07-07 16:26:54,2025-07-07 16:27:54,1.0,2.3333333333333335,2.35,7,5,True,eligible,0.01973419250906155,0.031827479166021674,0.0421386656012121,-0.034046903559590114,0.12903125871309928,-0.012093286656960123,-0.2869568361356658,1.0,1.0,0.23156649487416603,0.03182506099232502,0.04213479855049427,False
141,2025-07-07 16:27:54,2025-07-07 16:28:54,1.0,2.35,2.3666666666666667,11,7,True,eligible,-0.015920069097151192,0.014023440995511186,0.035082835533622354,-0.04153719836640622,0.09395293289685601,-0.029943510092662377,-0.8533613510312421,1.0,1.0,0.1803243005895907,0.014017453490993557,0.035081882431125845,False
142,2025-07-07 16:28:54,2025-07-07 16:29:54,1.0,2.3666666666666667,2.3833333333333333,2,2,False,insufficient_merged_records_nodes_or_variation,,,,,,,,,,,,,False
143,2025-07-07 16:29:54,2025-07-07 16:30:54,1.0,2.3833333333333333,2.4,4,3,False,insufficient_merged_records_nodes_or_variation,,,,,,,,,,,,,False
144,2025-07-07 16:30:54,2025-07-07 16:31:54,1.0,2.4,2.4166666666666665,8,4,True,eligible,-0.014076044974680967,0.01878664492318182,0.03967652752739618,-0.042313964466571374,0.11389580293536822,-0.032862689897862785,-0.828125665890214,1.0,1.0,0.20686208267614833,0.01878007369944699,0.03967528121327875,False
145,2025-07-07 16:31:54,2025-07-07 16:32:54,1.0,2.4166666666666665,2.433333333333333,0,0,False,insufficient_merged_records_nodes_or_variation,,,,,,,,,,,,,False
146,2025-07-07 16:32:54,2025-07-07 16:33:54,1.0,2.433333333333333,2.45,9,6,True,eligible,-0.0013239783683187713,-0.0028125918671536294,0.026310437523929822,-0.04611522919759807,0.05448415103118316,0.0014886134988348581,0.056573145609775305,1.0,1.0,0.12190078916803869,-0.002812294203986496,0.02630781477016823,False
147,2025-07-07 16:33:54,2025-07-07 16:34:54,1.0,2.45,2.466666666666667,2,2,False,insufficient_merged_records_nodes_or_variation,,,,,,,,,,,,,False
148,2025-07-07 16:34:54,2025-07-07 16:35:54,1.0,2.466666666666667,2.4833333333333334,0,0,False,insufficient_merged_records_nodes_or_variation,,,,,,,,,,,,,False
149,2025-07-07 16:35:54,2025-07-07 16:36:54,1.0,2.4833333333333334,2.5,0,0,False,insufficient_merged_records_nodes_or_variation,,,,,,,,,,,,,False
150,2025-07-07 16:36:54,2025-07-07 16:37:54,1.0,2.5,2.5166666666666666,1,1,False,insufficient_merged_records_nodes_or_variation,,,,,,,,,,,,,False
151,2025-07-07 16:37:54,2025-07-07 16:38:54,1.0,2.5166666666666666,2.533333333333333,1,1,False,insufficient_merged_records_nodes_or_variation,,,,,,,,,,,,,False
152,2025-07-07 16:38:54,2025-07-07 16:39:54,1.0,2.533333333333333,2.55,12,4,True,eligible,-5.25311246911643e-05,0.01559006461328345,0.0375962254898232,-0.039398343518533885,0.10352440070741539,-0.015642595737974614,-0.4160194557511657,1.0,1.0,0.1937983733847497,0.015586936719714568,0.037593116447323535,False
153,2025-07-07 16:39:54,2025-07-07 16:40:54,1.0,2.55,2.566666666666667,6,3,True,eligible,-0.014691416785657718,0.00015801575969106568,0.02128735439821122,-0.029795335554497968,0.04794542281453268,-0.014849432545348784,-0.6974669274785652,1.0,1.0,0.10106328612603618,0.00015504646704052587,0.02128626128033076,False
154,2025-07-07 16:40:54,2025-07-07 16:41:54,1.0,2.566666666666667,2.5833333333333335,2,2,False,insufficient_merged_records_nodes_or_variation,,,,,,,,,,,,,False
155,2025-07-07 16:41:54,2025-07-07 16:42:54,1.0,2.5833333333333335,2.6,3,3,False,insufficient_merged_records_nodes_or_variation,,,,,,,,,,,,,False
156,2025-07-07 16:42:54,2025-07-07 16:43:54,1.0,2.6,2.6166666666666667,10,7,True,eligible,-0.018222730131731812,-0.0038032051452415866,0.024798508585838926,-0.04563212586706351,0.050365872024520975,-0.014419524986490226,-0.5813896441272931,1.0,1.0,0.11374429584145135,-0.0038060884735732184,0.024796866961397275,False
157,2025-07-07 16:43:54,2025-07-07 16:44:54,1.0,2.6166666666666667,2.6333333333333333,22,16,True,eligible,-0.009732778866600376,0.0035618928117350664,0.027023969221976238,-0.04393547384142122,0.06286803284604765,-0.013294671678335443,-0.49189742813852844,1.0,1.0,0.1316575608378783,0.0035592344090799306,0.027021920659314774,False
158,2025-07-07 16:44:54,2025-07-07 16:45:54,1.0,2.6333333333333333,2.65,7,4,True,eligible,-0.010982424594990424,0.004140448111128946,0.023713912321774624,-0.03171329349339664,0.054665326916637405,-0.01512287270611937,-0.6376318597975963,1.0,1.0,0.11654735454006217,0.004137424141381672,0.02371250511411333,False
159,2025-07-07 16:45:54,2025-07-07 16:46:54,1.0,2.65,2.6666666666666665,5,2,False,insufficient_merged_records_nodes_or_variation,,,,,,,,,,,,,False
160,2025-07-07 16:46:54,2025-07-07 16:47:54,1.0,2.6666666666666665,2.683333333333333,25,16,True,eligible,-0.013048549550032316,-0.0025627682234677937,0.027193693034477606,-0.04639558023907902,0.06077234903892857,-0.010485781326564522,-0.3855517973968729,1.0,1.0,0.1263367788236437,-0.0025648649603857224,0.027191377813381254,False
161,2025-07-07 16:47:54,2025-07-07 16:48:54,1.0,2.683333333333333,2.7,9,7,True,eligible,0.023086149452641536,0.019065663969537856,0.03433949924924492,-0.0375809614469309,0.09654450261780038,0.004020485483103679,0.11706862803734228,1.0,1.0,0.18183796604223854,0.019066467905847217,0.034336112194909556,False
162,2025-07-07 16:48:54,2025-07-07 16:49:54,1.0,2.7,2.716666666666667,0,0,False,insufficient_merged_records_nodes_or_variation,,,,,,,,,,,,,False
163,2025-07-07 16:49:54,2025-07-07 16:50:54,1.0,2.716666666666667,2.7333333333333334,3,2,False,insufficient_merged_records_nodes_or_variation,,,,,,,,,,,,,False
164,2025-07-07 16:50:54,2025-07-07 16:51:54,1.0,2.7333333333333334,2.75,0,0,False,insufficient_merged_records_nodes_or_variation,,,,,,,,,,,,,False
165,2025-07-07 16:51:54,2025-07-07 16:52:54,1.0,2.75,2.7666666666666666,1,1,False,insufficient_merged_records_nodes_or_variation,,,,,,,,,,,,,False
166,2025-07-07 16:52:54,2025-07-07 16:53:54,1.0,2.7666666666666666,2.783333333333333,1,1,False,insufficient_merged_records_nodes_or_variation,,,,,,,,,,,,,False
167,2025-07-07 16:53:54,2025-07-07 16:54:54,1.0,2.783333333333333,2.8,6,5,True,eligible,0.013222939242664154,0.025026918300255368,0.036465472079001235,-0.03621088518202846,0.10834043589430946,-0.011803979057591214,-0.32366714943936886,1.0,1.0,0.19787488218864818,0.0250245579765086,0.03646220740747491,False
168,2025-07-07 16:54:54,2025-07-07 16:55:54,1.0,2.8,2.816666666666667,0,0,False,insufficient_merged_records_nodes_or_variation,,,,,,,,,,,,,False
169,2025-07-07 16:55:54,2025-07-07 16:56:54,1.0,2.816666666666667,2.8333333333333335,8,6,True,eligible,-0.021387991533920576,-0.015960476773978705,0.023354196643493558,-0.054138353570237066,0.036315027291967596,-0.005427514759941871,-0.23237548996197013,1.0,1.0,0.09473932114540501,-0.01596156205987352,0.02335198722952721,False
170,2025-07-07 16:56:54,2025-07-07 16:57:54,1.0,2.8333333333333335,2.85,14,5,True,eligible,0.002916719505788088,0.007948593271617288,0.02379291567494564,-0.029294008949438476,0.0607565354444813,-0.0050318737658292,-0.21146413158910354,1.0,1.0,0.12072793121973052,0.007947587098098827,0.02379064267072124,False
171,2025-07-07 16:57:54,2025-07-07 16:58:54,1.0,2.85,2.8666666666666667,3,3,False,insufficient_merged_records_nodes_or_variation,,,,,,,,,,,,,False
172,2025-07-07 16:58:54,2025-07-07 16:59:54,1.0,2.8666666666666667,2.8833333333333333,3,2,False,insufficient_merged_records_nodes_or_variation,,,,,,,,,,,,,False
173,2025-07-07 16:59:54,2025-07-07 17:00:54,1.0,2.8833333333333333,2.9,2,1,False,insufficient_merged_records_nodes_or_variation,,,,,,,,,,,,,False
174,2025-07-07 17:00:54,2025-07-07 17:01:54,1.0,2.9,2.9166666666666665,33,22,True,eligible,0.06426307282346022,-0.003583015243688155,0.02669774641306863,-0.05114589762360345,0.05433594095429653,0.06784608806714837,2.5393730359409585,0.8172365526894622,0.8172365526894622,0.12306116131442413,-0.0035694487393755896,0.02671231071716119,False
175,2025-07-07 17:01:54,2025-07-07 17:02:54,1.0,2.9166666666666665,2.933333333333333,12,9,True,eligible,-0.019703449102753085,-0.007881923184524783,0.014437919735410499,-0.030894048998841503,0.02449942048679169,-0.011821525918228302,-0.8186464554960748,1.0,1.0,0.06055690171972503,-0.007884287016941946,0.014437443668706886,False
176,2025-07-07 17:02:54,2025-07-07 17:03:54,1.0,2.933333333333333,2.95,5,5,True,eligible,-0.004785438175858234,0.023440403190292326,0.037215192422358045,-0.0382150022018877,0.11386211283456583,-0.02822584136615056,-0.7583299871974015,1.0,1.0,0.19984713852529754,0.02343475915082699,0.037213611228773945,False
177,2025-07-07 17:03:54,2025-07-07 17:04:54,1.0,2.95,2.966666666666667,0,0,False,insufficient_merged_records_nodes_or_variation,,,,,,,,,,,,,False
178,2025-07-07 17:04:54,2025-07-07 17:05:54,1.0,2.966666666666667,2.9833333333333334,16,10,True,eligible,0.10514384411939313,0.06411017434015195,0.03923900092706202,-0.004425972904410019,0.15050197009769792,0.04103366977924118,1.0455179989890389,1.0,1.0,0.2501339233692182,0.0641183794330892,0.039239367209338724,False
179,2025-07-07 17:05:54,2025-07-07 17:06:54,1.0,2.9833333333333334,3.0,10,9,True,eligible,0.010858403057187549,-0.010576555950236384,0.027616082122554446,-0.053719634349591566,0.05021800979781545,0.021434959007423933,0.7760523401772592,1.0,1.0,0.1203374928707443,-0.010572269815661815,0.02761498389136273,False
180,2025-07-07 17:06:54,2025-07-07 17:07:54,1.0,3.0,3.0166666666666666,0,0,False,insufficient_merged_records_nodes_or_variation,,,,,,,,,,,,,False
181,2025-07-07 17:07:54,2025-07-07 17:08:54,1.0,3.0166666666666666,3.033333333333333,0,0,False,insufficient_merged_records_nodes_or_variation,,,,,,,,,,,,,False
182,2025-07-07 17:08:54,2025-07-07 17:09:54,1.0,3.033333333333333,3.05,2,2,False,insufficient_merged_records_nodes_or_variation,,,,,,,,,,,,,False
183,2025-07-07 17:09:54,2025-07-07 17:10:54,1.0,3.05,3.066666666666667,28,12,True,eligible,0.13754766983388403,0.048015357766143,0.0341570571278584,-0.008596729364617254,0.1271411027082927,0.08953231206774104,2.619134208692809,0.7772445510897821,0.7772445510897821,0.21005095144426608,0.048033260647980185,0.034177099015701005,False
184,2025-07-07 17:10:54,2025-07-07 17:11:54,1.0,3.066666666666667,3.0833333333333335,1,1,False,insufficient_merged_records_nodes_or_variation,,,,,,,,,,,,,False
185,2025-07-07 17:11:54,2025-07-07 17:12:54,1.0,3.0833333333333335,3.1,10,8,True,eligible,-0.008973279883590425,0.04092892991140806,0.04140443079711886,-0.027752257585917307,0.1332296674608038,-0.04990220979499849,-1.204942897901483,1.0,1.0,0.2372069300564555,0.04091895146513831,0.041406303514980314,False
186,2025-07-07 17:12:54,2025-07-07 17:13:54,1.0,3.1,3.1166666666666667,1,1,False,insufficient_merged_records_nodes_or_variation,,,,,,,,,,,,,False
187,2025-07-07 17:13:54,2025-07-07 17:14:54,1.0,3.1166666666666667,3.1333333333333333,0,0,False,insufficient_merged_records_nodes_or_variation,,,,,,,,,,,,,False
188,2025-07-07 17:14:54,2025-07-07 17:15:54,1.0,3.1333333333333333,3.15,1,1,False,insufficient_merged_records_nodes_or_variation,,,,,,,,,,,,,False
189,2025-07-07 17:15:54,2025-07-07 17:16:54,1.0,3.15,3.1666666666666665,2,2,False,insufficient_merged_records_nodes_or_variation,,,,,,,,,,,,,False
190,2025-07-07 17:16:54,2025-07-07 17:17:54,1.0,3.1666666666666665,3.183333333333333,0,0,False,insufficient_merged_records_nodes_or_variation,,,,,,,,,,,,,False
191,2025-07-07 17:17:54,2025-07-07 17:18:54,1.0,3.183333333333333,3.2,2,2,False,insufficient_merged_records_nodes_or_variation,,,,,,,,,,,,,False
192,2025-07-07 17:18:54,2025-07-07 17:19:54,1.0,3.2,3.216666666666667,2,1,False,insufficient_merged_records_nodes_or_variation,,,,,,,,,,,,,False
193,2025-07-07 17:19:54,2025-07-07 17:20:54,1.0,3.216666666666667,3.2333333333333334,2,1,False,insufficient_merged_records_nodes_or_variation,,,,,,,,,,,,,False
194,2025-07-07 17:20:54,2025-07-07 17:21:54,1.0,3.2333333333333334,3.25,11,11,True,eligible,-0.004434474861098596,0.0011642584153704978,0.02725640010872236,-0.047054443664261564,0.061936560148161596,-0.005598733276469094,-0.20538845762459054,1.0,1.0,0.130360646548936,0.0011631388926197535,0.027253789324177505,False
195,2025-07-07 17:21:54,2025-07-07 17:22:54,1.0,3.25,3.2666666666666666,1,1,False,insufficient_merged_records_nodes_or_variation,,,,,,,,,,,,,False
196,2025-07-07 17:22:54,2025-07-07 17:23:54,1.0,3.2666666666666666,3.283333333333333,3,3,False,insufficient_merged_records_nodes_or_variation,,,,,,,,,,,,,False
197,2025-07-07 17:23:54,2025-07-07 17:24:54,1.0,3.283333333333333,3.3,4,3,False,insufficient_merged_records_nodes_or_variation,,,,,,,,,,,,,False
198,2025-07-07 17:24:54,2025-07-07 17:25:54,1.0,3.3,3.316666666666667,7,5,True,eligible,-0.011122398478810828,0.02165286655726595,0.0351035176193555,-0.0344612018441807,0.09827824229636864,-0.03277526503607678,-0.9334999555457016,1.0,1.0,0.18805358511110193,0.021646312815007184,0.0351030667962509,False
199,2025-07-07 17:25:54,2025-07-07 17:26:54,1.0,3.316666666666667,3.3333333333333335,6,1,False,insufficient_merged_records_nodes_or_variation,,,,,,,,,,,,,False
200,2025-07-07 17:26:54,2025-07-07 17:27:54,1.0,3.3333333333333335,3.35,4,1,False,insufficient_merged_records_nodes_or_variation,,,,,,,,,,,,,False
201,2025-07-07 17:27:54,2025-07-07 17:28:54,1.0,3.35,3.3666666666666667,0,0,False,insufficient_merged_records_nodes_or_variation,,,,,,,,,,,,,False
202,2025-07-07 17:28:54,2025-07-07 17:29:54,1.0,3.3666666666666667,3.3833333333333333,1,1,False,insufficient_merged_records_nodes_or_variation,,,,,,,,,,,,,False
203,2025-07-07 17:29:54,2025-07-07 17:30:54,1.0,3.3833333333333333,3.4,2,2,False,insufficient_merged_records_nodes_or_variation,,,,,,,,,,,,,False
204,2025-07-07 17:30:54,2025-07-07 17:31:54,1.0,3.4,3.4166666666666665,3,3,False,insufficient_merged_records_nodes_or_variation,,,,,,,,,,,,,False
205,2025-07-07 17:31:54,2025-07-07 17:32:54,1.0,3.4166666666666665,3.433333333333333,0,0,False,insufficient_merged_records_nodes_or_variation,,,,,,,,,,,,,False
206,2025-07-07 17:32:54,2025-07-07 17:33:54,1.0,3.433333333333333,3.45,25,8,True,eligible,0.05470822527768288,0.031228345138718958,0.03371854227423411,-0.025611508538434326,0.10500821059842565,0.023479880138963925,0.6962458351158752,1.0,1.0,0.1910686919851891,0.03123304017573935,0.03371680506790621,False
207,2025-07-07 17:33:54,2025-07-07 17:34:54,1.0,3.45,3.466666666666667,3,3,False,insufficient_merged_records_nodes_or_variation,,,,,,,,,,,,,False
208,2025-07-07 17:34:54,2025-07-07 17:35:54,1.0,3.466666666666667,3.4833333333333334,4,4,False,insufficient_merged_records_nodes_or_variation,,,,,,,,,,,,,False
209,2025-07-07 17:35:54,2025-07-07 17:36:54,1.0,3.4833333333333334,3.5,2,2,False,insufficient_merged_records_nodes_or_variation,,,,,,,,,,,,,False
210,2025-07-07 17:36:54,2025-07-07 17:37:54,1.0,3.5,3.5166666666666666,4,3,False,insufficient_merged_records_nodes_or_variation,,,,,,,,,,,,,False
211,2025-07-07 17:37:54,2025-07-07 17:38:54,1.0,3.5166666666666666,3.533333333333333,8,3,True,eligible,0.0005591419712295755,-0.011696782392110874,0.011964619367184876,-0.02826208509124238,0.011945305748995978,0.01225592436334045,1.0241373466360713,1.0,1.0,0.04502462838067368,-0.011694331697377153,0.01196467808624991,False
212,2025-07-07 17:38:54,2025-07-07 17:39:54,1.0,3.533333333333333,3.55,5,5,True,eligible,-0.003415374076430373,-0.01866161178255158,0.020534638907347386,-0.04095513040074405,0.03275431814845567,0.015246237706121208,0.7423492267968367,1.0,1.0,0.07868221579816684,-0.01865856314473792,0.02053371717524432,False
213,2025-07-07 17:39:54,2025-07-07 17:40:54,1.0,3.55,3.566666666666667,4,4,False,insufficient_merged_records_nodes_or_variation,,,,,,,,,,,,,False
214,2025-07-07 17:40:54,2025-07-07 17:41:54,1.0,3.566666666666667,3.5833333333333335,2,2,False,insufficient_merged_records_nodes_or_variation,,,,,,,,,,,,,False
215,2025-07-07 17:41:54,2025-07-07 17:42:54,1.0,3.5833333333333335,3.6,5,3,True,eligible,-0.019975101610587243,-0.009423407088666675,0.018495299180641835,-0.02847699067828577,0.024477632657664596,-0.010551694521920568,-0.5704312341897845,1.0,1.0,0.0782461578549138,-0.009425517005587674,0.018494051469646007,False
216,2025-07-07 17:42:54,2025-07-07 17:43:54,1.0,3.6,3.6166666666666667,2,2,False,insufficient_merged_records_nodes_or_variation,,,,,,,,,,,,,False
217,2025-07-07 17:43:54,2025-07-07 17:44:54,1.0,3.6166666666666667,3.6333333333333333,6,6,True,eligible,-0.009318713161447572,-0.01820432678059867,0.02320483043959349,-0.054035365010372254,0.033092956633408985,0.008885613619151097,0.3828769669074302,1.0,1.0,0.09179134337432424,-0.018202550013228312,0.02320285005268709,False
218,2025-07-07 17:44:54,2025-07-07 17:45:54,1.0,3.6333333333333333,3.65,2,2,False,insufficient_merged_records_nodes_or_variation,,,,,,,,,,,,,False
219,2025-07-07 17:45:54,2025-07-07 17:46:54,1.0,3.65,3.6666666666666665,4,4,False,insufficient_merged_records_nodes_or_variation,,,,,,,,,,,,,False
220,2025-07-07 17:46:54,2025-07-07 17:47:54,1.0,3.6666666666666665,3.683333333333333,2,2,False,insufficient_merged_records_nodes_or_variation,,,,,,,,,,,,,False
221,2025-07-07 17:47:54,2025-07-07 17:48:54,1.0,3.683333333333333,3.7,1,1,False,insufficient_merged_records_nodes_or_variation,,,,,,,,,,,,,False
222,2025-07-07 17:48:54,2025-07-07 17:49:54,1.0,3.7,3.716666666666667,10,8,True,eligible,-0.017361655990984104,-0.01713924419019398,0.016577618259113382,-0.04372512375708015,0.017989357604462203,-0.00022241180079012393,-0.01341504912915933,1.0,1.0,0.06143961225994368,-0.017139288663659446,0.016575960712757597,False
223,2025-07-07 17:49:54,2025-07-07 17:50:54,1.0,3.716666666666667,3.7333333333333334,13,7,True,eligible,0.021199249234416677,0.04066363884224066,0.03360313133522469,0.013528268958477155,0.10572755112120694,-0.019464389607823984,-0.5791659913859452,1.0,1.0,0.19994593806013497,0.040659746742739,0.03360089818422059,False
224,2025-07-07 17:50:54,2025-07-07 17:51:54,1.0,3.7333333333333334,3.75,10,5,True,eligible,-0.007559348777164231,-0.0014984054125129025,0.013634892505197149,-0.018336560759281906,0.03441822658920863,-0.006060943364651328,-0.4444639174179955,1.0,1.0,0.063131863575485,-0.0014996173587965764,0.013633798337489763,False
225,2025-07-07 17:51:54,2025-07-07 17:52:54,1.0,3.75,3.7666666666666666,0,0,False,insufficient_merged_records_nodes_or_variation,,,,,,,,,,,,,False
226,2025-07-07 17:52:54,2025-07-07 17:53:54,1.0,3.7666666666666666,3.783333333333333,0,0,False,insufficient_merged_records_nodes_or_variation,,,,,,,,,,,,,False
227,2025-07-07 17:53:54,2025-07-07 17:54:54,1.0,3.783333333333333,3.8,0,0,False,insufficient_merged_records_nodes_or_variation,,,,,,,,,,,,,False
228,2025-07-07 17:54:54,2025-07-07 17:55:54,1.0,3.8,3.816666666666667,0,0,False,insufficient_merged_records_nodes_or_variation,,,,,,,,,,,,,False
229,2025-07-07 17:55:54,2025-07-07 17:56:54,1.0,3.816666666666667,3.8333333333333335,0,0,False,insufficient_merged_records_nodes_or_variation,,,,,,,,,,,,,False
230,2025-07-07 17:56:54,2025-07-07 17:57:54,1.0,3.8333333333333335,3.85,0,0,False,insufficient_merged_records_nodes_or_variation,,,,,,,,,,,,,False
231,2025-07-07 17:57:54,2025-07-07 17:58:54,1.0,3.85,3.8666666666666667,0,0,False,insufficient_merged_records_nodes_or_variation,,,,,,,,,,,,,False
232,2025-07-07 17:58:54,2025-07-07 17:59:54,1.0,3.8666666666666667,3.8833333333333333,0,0,False,insufficient_merged_records_nodes_or_variation,,,,,,,,,,,,,False
233,2025-07-07 17:59:54,2025-07-07 18:00:54,1.0,3.8833333333333333,3.9,0,0,False,insufficient_merged_records_nodes_or_variation,,,,,,,,,,,,,False
234,2025-07-07 18:00:54,2025-07-07 18:01:54,1.0,3.9,3.9166666666666665,0,0,False,insufficient_merged_records_nodes_or_variation,,,,,,,,,,,,,False
235,2025-07-07 18:01:54,2025-07-07 18:02:54,1.0,3.9166666666666665,3.933333333333333,0,0,False,insufficient_merged_records_nodes_or_variation,,,,,,,,,,,,,False
236,2025-07-07 18:02:54,2025-07-07 18:03:54,1.0,3.933333333333333,3.95,0,0,False,insufficient_merged_records_nodes_or_variation,,,,,,,,,,,,,False
237,2025-07-07 18:03:54,2025-07-07 18:04:54,1.0,3.95,3.966666666666667,0,0,False,insufficient_merged_records_nodes_or_variation,,,,,,,,,,,,,False
238,2025-07-07 18:04:54,2025-07-07 18:05:54,1.0,3.966666666666667,3.9833333333333334,0,0,False,insufficient_merged_records_nodes_or_variation,,,,,,,,,,,,,False
239,2025-07-07 18:05:54,2025-07-07 18:06:54,1.0,3.9833333333333334,4.0,0,0,False,insufficient_merged_records_nodes_or_variation,,,,,,,,,,,,,False
240,2025-07-07 18:06:54,2025-07-07 18:07:54,1.0,4.0,4.016666666666667,0,0,False,insufficient_merged_records_nodes_or_variation,,,,,,,,,,,,,False
241,2025-07-07 18:07:54,2025-07-07 18:08:54,1.0,4.016666666666667,4.033333333333333,0,0,False,insufficient_merged_records_nodes_or_variation,,,,,,,,,,,,,False
242,2025-07-07 18:08:54,2025-07-07 18:09:54,1.0,4.033333333333333,4.05,45,19,True,eligible,0.0035168713007854343,0.007501432602002355,0.03084280396298042,-0.04306918181524771,0.07720745407018265,-0.0039845613012169205,-0.129176203947123,1.0,1.0,0.15369761060465587,0.007500635849092692,0.030839770999447947,False
243,2025-07-07 18:09:54,2025-07-07 18:10:54,1.0,4.05,4.066666666666666,0,0,False,insufficient_merged_records_nodes_or_variation,,,,,,,,,,,,,False
244,2025-07-07 18:10:54,2025-07-07 18:11:54,1.0,4.066666666666666,4.083333333333333,1,1,False,insufficient_merged_records_nodes_or_variation,,,,,,,,,,,,,False
245,2025-07-07 18:11:54,2025-07-07 18:12:54,1.0,4.083333333333333,4.1,0,0,False,insufficient_merged_records_nodes_or_variation,,,,,,,,,,,,,False
246,2025-07-07 18:12:54,2025-07-07 18:13:54,1.0,4.1,4.116666666666666,0,0,False,insufficient_merged_records_nodes_or_variation,,,,,,,,,,,,,False
247,2025-07-07 18:13:54,2025-07-07 18:14:54,1.0,4.116666666666666,4.133333333333334,0,0,False,insufficient_merged_records_nodes_or_variation,,,,,,,,,,,,,False
248,2025-07-07 18:14:54,2025-07-07 18:15:54,1.0,4.133333333333334,4.15,0,0,False,insufficient_merged_records_nodes_or_variation,,,,,,,,,,,,,False
249,2025-07-07 18:15:54,2025-07-07 18:16:54,1.0,4.15,4.166666666666667,0,0,False,insufficient_merged_records_nodes_or_variation,,,,,,,,,,,,,False
250,2025-07-07 18:16:54,2025-07-07 18:17:54,1.0,4.166666666666667,4.183333333333334,1,1,False,insufficient_merged_records_nodes_or_variation,,,,,,,,,,,,,False
251,2025-07-07 18:17:54,2025-07-07 18:18:54,1.0,4.183333333333334,4.2,0,0,False,insufficient_merged_records_nodes_or_variation,,,,,,,,,,,,,False
252,2025-07-07 18:18:54,2025-07-07 18:19:54,1.0,4.2,4.216666666666667,0,0,False,insufficient_merged_records_nodes_or_variation,,,,,,,,,,,,,False
253,2025-07-07 18:19:54,2025-07-07 18:20:54,1.0,4.216666666666667,4.233333333333333,0,0,False,insufficient_merged_records_nodes_or_variation,,,,,,,,,,,,,False
254,2025-07-07 18:20:54,2025-07-07 18:21:54,1.0,4.233333333333333,4.25,0,0,False,insufficient_merged_records_nodes_or_variation,,,,,,,,,,,,,False
255,2025-07-07 18:21:54,2025-07-07 18:22:54,1.0,4.25,4.266666666666667,0,0,False,insufficient_merged_records_nodes_or_variation,,,,,,,,,,,,,False
256,2025-07-07 18:22:54,2025-07-07 18:23:54,1.0,4.266666666666667,4.283333333333333,0,0,False,insufficient_merged_records_nodes_or_variation,,,,,,,,,,,,,False
257,2025-07-07 18:23:54,2025-07-07 18:24:54,1.0,4.283333333333333,4.3,0,0,False,insufficient_merged_records_nodes_or_variation,,,,,,,,,,,,,False
258,2025-07-07 18:24:54,2025-07-07 18:25:54,1.0,4.3,4.316666666666666,0,0,False,insufficient_merged_records_nodes_or_variation,,,,,,,,,,,,,False
259,2025-07-07 18:25:54,2025-07-07 18:26:54,1.0,4.316666666666666,4.333333333333333,0,0,False,insufficient_merged_records_nodes_or_variation,,,,,,,,,,,,,False
260,2025-07-07 18:26:54,2025-07-07 18:27:54,1.0,4.333333333333333,4.35,0,0,False,insufficient_merged_records_nodes_or_variation,,,,,,,,,,,,,False
261,2025-07-07 18:27:54,2025-07-07 18:28:54,1.0,4.35,4.366666666666666,0,0,False,insufficient_merged_records_nodes_or_variation,,,,,,,,,,,,,False
262,2025-07-07 18:28:54,2025-07-07 18:29:54,1.0,4.366666666666666,4.383333333333334,0,0,False,insufficient_merged_records_nodes_or_variation,,,,,,,,,,,,,False
263,2025-07-07 18:29:54,2025-07-07 18:30:54,1.0,4.383333333333334,4.4,0,0,False,insufficient_merged_records_nodes_or_variation,,,,,,,,,,,,,False
264,2025-07-07 18:30:54,2025-07-07 18:31:54,1.0,4.4,4.416666666666667,0,0,False,insufficient_merged_records_nodes_or_variation,,,,,,,,,,,,,False
265,2025-07-07 18:31:54,2025-07-07 18:32:54,1.0,4.416666666666667,4.433333333333334,0,0,False,insufficient_merged_records_nodes_or_variation,,,,,,,,,,,,,False
266,2025-07-07 18:32:54,2025-07-07 18:33:54,1.0,4.433333333333334,4.45,0,0,False,insufficient_merged_records_nodes_or_variation,,,,,,,,,,,,,False
267,2025-07-07 18:33:54,2025-07-07 18:34:54,1.0,4.45,4.466666666666667,0,0,False,insufficient_merged_records_nodes_or_variation,,,,,,,,,,,,,False
268,2025-07-07 18:34:54,2025-07-07 18:35:54,1.0,4.466666666666667,4.483333333333333,0,0,False,insufficient_merged_records_nodes_or_variation,,,,,,,,,,,,,False
269,2025-07-07 18:35:54,2025-07-07 18:36:54,1.0,4.483333333333333,4.5,0,0,False,insufficient_merged_records_nodes_or_variation,,,,,,,,,,,,,False
270,2025-07-07 18:36:54,2025-07-07 18:37:54,1.0,4.5,4.516666666666667,23,14,True,eligible,0.007447049652526018,-0.006469899434422275,0.02699990148028803,-0.05227530310652957,0.054230333320432846,0.013916949086948294,0.5153792205972623,1.0,1.0,0.12151742732826494,-0.0064671166011715355,0.02699791861529209,False
271,2025-07-07 18:37:54,2025-07-07 18:38:54,1.0,4.516666666666667,4.533333333333333,11,8,True,eligible,0.03530434322998179,-0.012002981033789719,0.026470070176508053,-0.054232380862892074,0.04871018607969912,0.04730732426377151,1.7864513864522318,0.996000799840032,0.996000799840032,0.11351625999117365,-0.011993521460851553,0.026475875609894773,False
272,2025-07-07 18:38:54,2025-07-07 18:39:54,1.0,4.533333333333333,4.55,0,0,False,insufficient_merged_records_nodes_or_variation,,,,,,,,,,,,,False
273,2025-07-07 18:39:54,2025-07-07 18:40:54,1.0,4.55,4.566666666666666,12,10,True,eligible,0.08488791745031127,0.008580125044476748,0.03378597503872686,-0.05032277741066585,0.07990647079753847,0.07630779240583452,2.2571872617354463,0.9322135572885423,0.9322135572885423,0.16882459301559408,0.008595383551256558,0.03379982476083838,False
274,2025-07-07 18:40:54,2025-07-07 18:41:54,1.0,4.566666666666666,4.583333333333333,0,0,False,insufficient_merged_records_nodes_or_variation,,,,,,,,,,,,,False
275,2025-07-07 18:41:54,2025-07-07 18:42:54,1.0,4.583333333333333,4.6,0,0,False,insufficient_merged_records_nodes_or_variation,,,,,,,,,,,,,False
276,2025-07-07 18:42:54,2025-07-07 18:43:54,1.0,4.6,4.616666666666666,0,0,False,insufficient_merged_records_nodes_or_variation,,,,,,,,,,,,,False
277,2025-07-07 18:43:54,2025-07-07 18:44:54,1.0,4.616666666666666,4.633333333333334,3,3,False,insufficient_merged_records_nodes_or_variation,,,,,,,,,,,,,False
278,2025-07-07 18:44:54,2025-07-07 18:45:54,1.0,4.633333333333334,4.65,0,0,False,insufficient_merged_records_nodes_or_variation,,,,,,,,,,,,,False
279,2025-07-07 18:45:54,2025-07-07 18:46:54,1.0,4.65,4.666666666666667,0,0,False,insufficient_merged_records_nodes_or_variation,,,,,,,,,,,,,False
280,2025-07-07 18:46:54,2025-07-07 18:47:54,1.0,4.666666666666667,4.683333333333334,0,0,False,insufficient_merged_records_nodes_or_variation,,,,,,,,,,,,,False
281,2025-07-07 18:47:54,2025-07-07 18:48:54,1.0,4.683333333333334,4.7,0,0,False,insufficient_merged_records_nodes_or_variation,,,,,,,,,,,,,False
282,2025-07-07 18:48:54,2025-07-07 18:49:54,1.0,4.7,4.716666666666667,0,0,False,insufficient_merged_records_nodes_or_variation,,,,,,,,,,,,,False
283,2025-07-07 18:49:54,2025-07-07 18:50:54,1.0,4.716666666666667,4.733333333333333,0,0,False,insufficient_merged_records_nodes_or_variation,,,,,,,,,,,,,False
284,2025-07-07 18:50:54,2025-07-07 18:51:54,1.0,4.733333333333333,4.75,0,0,False,insufficient_merged_records_nodes_or_variation,,,,,,,,,,,,,False
285,2025-07-07 18:51:54,2025-07-07 18:52:54,1.0,4.75,4.766666666666667,0,0,False,insufficient_merged_records_nodes_or_variation,,,,,,,,,,,,,False
286,2025-07-07 18:52:54,2025-07-07 18:53:54,1.0,4.766666666666667,4.783333333333333,0,0,False,insufficient_merged_records_nodes_or_variation,,,,,,,,,,,,,False
287,2025-07-07 18:53:54,2025-07-07 18:54:54,1.0,4.783333333333333,4.8,0,0,False,insufficient_merged_records_nodes_or_variation,,,,,,,,,,,,,False
288,2025-07-07 18:54:54,2025-07-07 18:55:54,1.0,4.8,4.816666666666666,0,0,False,insufficient_merged_records_nodes_or_variation,,,,,,,,,,,,,False
289,2025-07-07 18:55:54,2025-07-07 18:56:54,1.0,4.816666666666666,4.833333333333333,0,0,False,insufficient_merged_records_nodes_or_variation,,,,,,,,,,,,,False
290,2025-07-07 18:56:54,2025-07-07 18:57:54,1.0,4.833333333333333,4.85,0,0,False,insufficient_merged_records_nodes_or_variation,,,,,,,,,,,,,False
291,2025-07-07 18:57:54,2025-07-07 18:58:54,1.0,4.85,4.866666666666666,0,0,False,insufficient_merged_records_nodes_or_variation,,,,,,,,,,,,,False
292,2025-07-07 18:58:54,2025-07-07 18:59:54,1.0,4.866666666666666,4.883333333333334,0,0,False,insufficient_merged_records_nodes_or_variation,,,,,,,,,,,,,False
293,2025-07-07 18:59:54,2025-07-07 19:00:54,1.0,4.883333333333334,4.9,0,0,False,insufficient_merged_records_nodes_or_variation,,,,,,,,,,,,,False
294,2025-07-07 19:00:54,2025-07-07 19:01:54,1.0,4.9,4.916666666666667,0,0,False,insufficient_merged_records_nodes_or_variation,,,,,,,,,,,,,False
295,2025-07-07 19:01:54,2025-07-07 19:02:54,1.0,4.916666666666667,4.933333333333334,0,0,False,insufficient_merged_records_nodes_or_variation,,,,,,,,,,,,,False
296,2025-07-07 19:02:54,2025-07-07 19:03:54,1.0,4.933333333333334,4.95,0,0,False,insufficient_merged_records_nodes_or_variation,,,,,,,,,,,,,False
297,2025-07-07 19:03:54,2025-07-07 19:04:54,1.0,4.95,4.966666666666667,0,0,False,insufficient_merged_records_nodes_or_variation,,,,,,,,,,,,,False
298,2025-07-07 19:04:54,2025-07-07 19:05:54,1.0,4.966666666666667,4.983333333333333,0,0,False,insufficient_merged_records_nodes_or_variation,,,,,,,,,,,,,False
299,2025-07-07 19:05:54,2025-07-07 19:06:54,1.0,4.983333333333333,5.0,0,0,False,insufficient_merged_records_nodes_or_variation,,,,,,,,,,,,,False
300,2025-07-07 19:06:54,2025-07-07 19:07:54,1.0,5.0,5.016666666666667,0,0,False,insufficient_merged_records_nodes_or_variation,,,,,,,,,,,,,False
301,2025-07-07 19:07:54,2025-07-07 19:08:54,1.0,5.016666666666667,5.033333333333333,0,0,False,insufficient_merged_records_nodes_or_variation,,,,,,,,,,,,,False
302,2025-07-07 19:08:54,2025-07-07 19:09:54,1.0,5.033333333333333,5.05,0,0,False,insufficient_merged_records_nodes_or_variation,,,,,,,,,,,,,False
303,2025-07-07 19:09:54,2025-07-07 19:10:54,1.0,5.05,5.066666666666666,0,0,False,insufficient_merged_records_nodes_or_variation,,,,,,,,,,,,,False
304,2025-07-07 19:10:54,2025-07-07 19:11:54,1.0,5.066666666666666,5.083333333333333,0,0,False,insufficient_merged_records_nodes_or_variation,,,,,,,,,,,,,False
305,2025-07-07 19:11:54,2025-07-07 19:12:54,1.0,5.083333333333333,5.1,0,0,False,insufficient_merged_records_nodes_or_variation,,,,,,,,,,,,,False
306,2025-07-07 19:12:54,2025-07-07 19:13:54,1.0,5.1,5.116666666666666,0,0,False,insufficient_merged_records_nodes_or_variation,,,,,,,,,,,,,False
307,2025-07-07 19:13:54,2025-07-07 19:14:54,1.0,5.116666666666666,5.133333333333334,0,0,False,insufficient_merged_records_nodes_or_variation,,,,,,,,,,,,,False
308,2025-07-07 19:14:54,2025-07-07 19:15:54,1.0,5.133333333333334,5.15,0,0,False,insufficient_merged_records_nodes_or_variation,,,,,,,,,,,,,False
309,2025-07-07 19:15:54,2025-07-07 19:16:54,1.0,5.15,5.166666666666667,0,0,False,insufficient_merged_records_nodes_or_variation,,,,,,,,,,,,,False
310,2025-07-07 19:16:54,2025-07-07 19:17:54,1.0,5.166666666666667,5.183333333333334,0,0,False,insufficient_merged_records_nodes_or_variation,,,,,,,,,,,,,False
311,2025-07-07 19:17:54,2025-07-07 19:18:54,1.0,5.183333333333334,5.2,0,0,False,insufficient_merged_records_nodes_or_variation,,,,,,,,,,,,,False
312,2025-07-07 19:18:54,2025-07-07 19:19:54,1.0,5.2,5.216666666666667,0,0,False,insufficient_merged_records_nodes_or_variation,,,,,,,,,,,,,False
313,2025-07-07 19:19:54,2025-07-07 19:20:54,1.0,5.216666666666667,5.233333333333333,0,0,False,insufficient_merged_records_nodes_or_variation,,,,,,,,,,,,,False
314,2025-07-07 19:20:54,2025-07-07 19:21:54,1.0,5.233333333333333,5.25,0,0,False,insufficient_merged_records_nodes_or_variation,,,,,,,,,,,,,False
315,2025-07-07 19:21:54,2025-07-07 19:22:54,1.0,5.25,5.266666666666667,0,0,False,insufficient_merged_records_nodes_or_variation,,,,,,,,,,,,,False
316,2025-07-07 19:22:54,2025-07-07 19:23:54,1.0,5.266666666666667,5.283333333333333,1,1,False,insufficient_merged_records_nodes_or_variation,,,,,,,,,,,,,False
317,2025-07-07 19:23:54,2025-07-07 19:24:54,1.0,5.283333333333333,5.3,8,8,True,eligible,0.07410390656463847,0.04366786145791385,0.04167474566852278,-0.025976641159887997,0.1389448248087001,0.030436045106724624,0.7302115225100291,1.0,1.0,0.24122526408280281,0.04367394744973683,0.04167280051991196,False
318,2025-07-07 19:24:54,2025-07-07 19:25:54,1.0,5.3,5.316666666666666,0,0,False,insufficient_merged_records_nodes_or_variation,,,,,,,,,,,,,False
319,2025-07-07 19:25:54,2025-07-07 19:26:54,1.0,5.316666666666666,5.333333333333333,0,0,False,insufficient_merged_records_nodes_or_variation,,,,,,,,,,,,,False
320,2025-07-07 19:26:54,2025-07-07 19:27:54,1.0,5.333333333333333,5.35,0,0,False,insufficient_merged_records_nodes_or_variation,,,,,,,,,,,,,False
321,2025-07-07 19:27:54,2025-07-07 19:28:54,1.0,5.35,5.366666666666666,0,0,False,insufficient_merged_records_nodes_or_variation,,,,,,,,,,,,,False
322,2025-07-07 19:28:54,2025-07-07 19:29:54,1.0,5.366666666666666,5.383333333333334,0,0,False,insufficient_merged_records_nodes_or_variation,,,,,,,,,,,,,False
323,2025-07-07 19:29:54,2025-07-07 19:30:54,1.0,5.383333333333334,5.4,0,0,False,insufficient_merged_records_nodes_or_variation,,,,,,,,,,,,,False
324,2025-07-07 19:30:54,2025-07-07 19:31:54,1.0,5.4,5.416666666666667,0,0,False,insufficient_merged_records_nodes_or_variation,,,,,,,,,,,,,False
325,2025-07-07 19:31:54,2025-07-07 19:32:54,1.0,5.416666666666667,5.433333333333334,0,0,False,insufficient_merged_records_nodes_or_variation,,,,,,,,,,,,,False
326,2025-07-07 19:32:54,2025-07-07 19:33:54,1.0,5.433333333333334,5.45,0,0,False,insufficient_merged_records_nodes_or_variation,,,,,,,,,,,,,False
327,2025-07-07 19:33:54,2025-07-07 19:34:54,1.0,5.45,5.466666666666667,0,0,False,insufficient_merged_records_nodes_or_variation,,,,,,,,,,,,,False
328,2025-07-07 19:34:54,2025-07-07 19:35:54,1.0,5.466666666666667,5.483333333333333,0,0,False,insufficient_merged_records_nodes_or_variation,,,,,,,,,,,,,False
329,2025-07-07 19:35:54,2025-07-07 19:36:54,1.0,5.483333333333333,5.5,0,0,False,insufficient_merged_records_nodes_or_variation,,,,,,,,,,,,,False
330,2025-07-07 19:36:54,2025-07-07 19:37:54,1.0,5.5,5.516666666666667,0,0,False,insufficient_merged_records_nodes_or_variation,,,,,,,,,,,,,False
331,2025-07-07 19:37:54,2025-07-07 19:38:54,1.0,5.516666666666667,5.533333333333333,0,0,False,insufficient_merged_records_nodes_or_variation,,,,,,,,,,,,,False
332,2025-07-07 19:38:54,2025-07-07 19:39:54,1.0,5.533333333333333,5.55,0,0,False,insufficient_merged_records_nodes_or_variation,,,,,,,,,,,,,False
333,2025-07-07 19:39:54,2025-07-07 19:40:54,1.0,5.55,5.566666666666666,0,0,False,insufficient_merged_records_nodes_or_variation,,,,,,,,,,,,,False
334,2025-07-07 19:40:54,2025-07-07 19:41:54,1.0,5.566666666666666,5.583333333333333,1,1,False,insufficient_merged_records_nodes_or_variation,,,,,,,,,,,,,False
335,2025-07-07 19:41:54,2025-07-07 19:42:54,1.0,5.583333333333333,5.6,5,5,True,eligible,0.0319322796887993,0.024265017370455638,0.03706015999405861,-0.03684493810246045,0.109751920536283,0.007667262318343665,0.2068653521081156,1.0,1.0,0.19993467165713544,0.02426655051629014,0.03705661240217146,False
336,2025-07-07 19:42:54,2025-07-07 19:43:54,1.0,5.6,5.616666666666666,1,1,False,insufficient_merged_records_nodes_or_variation,,,,,,,,,,,,,False
337,2025-07-07 19:43:54,2025-07-07 19:44:54,1.0,5.616666666666666,5.633333333333334,0,0,False,insufficient_merged_records_nodes_or_variation,,,,,,,,,,,,,False
338,2025-07-07 19:44:54,2025-07-07 19:45:54,1.0,5.633333333333334,5.65,0,0,False,insufficient_merged_records_nodes_or_variation,,,,,,,,,,,,,False
339,2025-07-07 19:45:54,2025-07-07 19:46:54,1.0,5.65,5.666666666666667,3,1,False,insufficient_merged_records_nodes_or_variation,,,,,,,,,,,,,False
340,2025-07-07 19:46:54,2025-07-07 19:47:54,1.0,5.666666666666667,5.683333333333334,0,0,False,insufficient_merged_records_nodes_or_variation,,,,,,,,,,,,,False
341,2025-07-07 19:47:54,2025-07-07 19:48:54,1.0,5.683333333333334,5.7,3,1,False,insufficient_merged_records_nodes_or_variation,,,,,,,,,,,,,False
342,2025-07-07 19:48:54,2025-07-07 19:49:54,1.0,5.7,5.716666666666667,0,0,False,insufficient_merged_records_nodes_or_variation,,,,,,,,,,,,,False
343,2025-07-07 19:49:54,2025-07-07 19:50:54,1.0,5.716666666666667,5.733333333333333,0,0,False,insufficient_merged_records_nodes_or_variation,,,,,,,,,,,,,False
344,2025-07-07 19:50:54,2025-07-07 19:51:54,1.0,5.733333333333333,5.75,0,0,False,insufficient_merged_records_nodes_or_variation,,,,,,,,,,,,,False
345,2025-07-07 19:51:54,2025-07-07 19:52:54,1.0,5.75,5.766666666666667,0,0,False,insufficient_merged_records_nodes_or_variation,,,,,,,,,,,,,False
346,2025-07-07 19:52:54,2025-07-07 19:53:54,1.0,5.766666666666667,5.783333333333333,1,1,False,insufficient_merged_records_nodes_or_variation,,,,,,,,,,,,,False
347,2025-07-07 19:53:54,2025-07-07 19:54:54,1.0,5.783333333333333,5.8,0,0,False,insufficient_merged_records_nodes_or_variation,,,,,,,,,,,,,False
348,2025-07-07 19:54:54,2025-07-07 19:55:54,1.0,5.8,5.816666666666666,0,0,False,insufficient_merged_records_nodes_or_variation,,,,,,,,,,,,,False
349,2025-07-07 19:55:54,2025-07-07 19:56:54,1.0,5.816666666666666,5.833333333333333,0,0,False,insufficient_merged_records_nodes_or_variation,,,,,,,,,,,,,False
350,2025-07-07 19:56:54,2025-07-07 19:57:54,1.0,5.833333333333333,5.85,0,0,False,insufficient_merged_records_nodes_or_variation,,,,,,,,,,,,,False
351,2025-07-07 19:57:54,2025-07-07 19:58:54,1.0,5.85,5.866666666666666,0,0,False,insufficient_merged_records_nodes_or_variation,,,,,,,,,,,,,False
352,2025-07-07 19:58:54,2025-07-07 19:59:54,1.0,5.866666666666666,5.883333333333334,0,0,False,insufficient_merged_records_nodes_or_variation,,,,,,,,,,,,,False
353,2025-07-07 19:59:54,2025-07-07 20:00:54,1.0,5.883333333333334,5.9,0,0,False,insufficient_merged_records_nodes_or_variation,,,,,,,,,,,,,False
354,2025-07-07 20:00:54,2025-07-07 20:01:54,1.0,5.9,5.916666666666667,0,0,False,insufficient_merged_records_nodes_or_variation,,,,,,,,,,,,,False
355,2025-07-07 20:01:54,2025-07-07 20:02:54,1.0,5.916666666666667,5.933333333333334,0,0,False,insufficient_merged_records_nodes_or_variation,,,,,,,,,,,,,False
356,2025-07-07 20:02:54,2025-07-07 20:03:54,1.0,5.933333333333334,5.95,0,0,False,insufficient_merged_records_nodes_or_variation,,,,,,,,,,,,,False
357,2025-07-07 20:03:54,2025-07-07 20:04:54,1.0,5.95,5.966666666666667,0,0,False,insufficient_merged_records_nodes_or_variation,,,,,,,,,,,,,False
358,2025-07-07 20:04:54,2025-07-07 20:05:54,1.0,5.966666666666667,5.983333333333333,0,0,False,insufficient_merged_records_nodes_or_variation,,,,,,,,,,,,,False
359,2025-07-07 20:05:54,2025-07-07 20:06:54,1.0,5.983333333333333,6.0,0,0,False,insufficient_merged_records_nodes_or_variation,,,,,,,,,,,,,False
360,2025-07-07 20:06:54,2025-07-07 20:07:54,1.0,6.0,6.016666666666667,0,0,False,insufficient_merged_records_nodes_or_variation,,,,,,,,,,,,,False
361,2025-07-07 20:07:54,2025-07-07 20:08:54,1.0,6.016666666666667,6.033333333333333,0,0,False,insufficient_merged_records_nodes_or_variation,,,,,,,,,,,,,False
362,2025-07-07 20:08:54,2025-07-07 20:09:54,1.0,6.033333333333333,6.05,0,0,False,insufficient_merged_records_nodes_or_variation,,,,,,,,,,,,,False
363,2025-07-07 20:09:54,2025-07-07 20:10:54,1.0,6.05,6.066666666666666,0,0,False,insufficient_merged_records_nodes_or_variation,,,,,,,,,,,,,False
364,2025-07-07 20:10:54,2025-07-07 20:11:54,1.0,6.066666666666666,6.083333333333333,0,0,False,insufficient_merged_records_nodes_or_variation,,,,,,,,,,,,,False
365,2025-07-07 20:11:54,2025-07-07 20:12:54,1.0,6.083333333333333,6.1,0,0,False,insufficient_merged_records_nodes_or_variation,,,,,,,,,,,,,False
366,2025-07-07 20:12:54,2025-07-07 20:13:54,1.0,6.1,6.116666666666666,0,0,False,insufficient_merged_records_nodes_or_variation,,,,,,,,,,,,,False
367,2025-07-07 20:13:54,2025-07-07 20:14:54,1.0,6.116666666666666,6.133333333333334,0,0,False,insufficient_merged_records_nodes_or_variation,,,,,,,,,,,,,False
368,2025-07-07 20:14:54,2025-07-07 20:15:54,1.0,6.133333333333334,6.15,1,1,False,insufficient_merged_records_nodes_or_variation,,,,,,,,,,,,,False
369,2025-07-07 20:15:54,2025-07-07 20:16:54,1.0,6.15,6.166666666666667,0,0,False,insufficient_merged_records_nodes_or_variation,,,,,,,,,,,,,False
370,2025-07-07 20:16:54,2025-07-07 20:17:54,1.0,6.166666666666667,6.183333333333334,0,0,False,insufficient_merged_records_nodes_or_variation,,,,,,,,,,,,,False
371,2025-07-07 20:17:54,2025-07-07 20:18:54,1.0,6.183333333333334,6.2,0,0,False,insufficient_merged_records_nodes_or_variation,,,,,,,,,,,,,False
372,2025-07-07 20:18:54,2025-07-07 20:19:54,1.0,6.2,6.216666666666667,0,0,False,insufficient_merged_records_nodes_or_variation,,,,,,,,,,,,,False
373,2025-07-07 20:19:54,2025-07-07 20:20:54,1.0,6.216666666666667,6.233333333333333,0,0,False,insufficient_merged_records_nodes_or_variation,,,,,,,,,,,,,False
374,2025-07-07 20:20:54,2025-07-07 20:21:54,1.0,6.233333333333333,6.25,0,0,False,insufficient_merged_records_nodes_or_variation,,,,,,,,,,,,,False
375,2025-07-07 20:21:54,2025-07-07 20:22:54,1.0,6.25,6.266666666666667,0,0,False,insufficient_merged_records_nodes_or_variation,,,,,,,,,,,,,False
376,2025-07-07 20:22:54,2025-07-07 20:23:54,1.0,6.266666666666667,6.283333333333333,0,0,False,insufficient_merged_records_nodes_or_variation,,,,,,,,,,,,,False
377,2025-07-07 20:23:54,2025-07-07 20:24:54,1.0,6.283333333333333,6.3,0,0,False,insufficient_merged_records_nodes_or_variation,,,,,,,,,,,,,False
378,2025-07-07 20:24:54,2025-07-07 20:25:54,1.0,6.3,6.316666666666666,0,0,False,insufficient_merged_records_nodes_or_variation,,,,,,,,,,,,,False
379,2025-07-07 20:25:54,2025-07-07 20:26:54,1.0,6.316666666666666,6.333333333333333,0,0,False,insufficient_merged_records_nodes_or_variation,,,,,,,,,,,,,False
380,2025-07-07 20:26:54,2025-07-07 20:27:54,1.0,6.333333333333333,6.35,0,0,False,insufficient_merged_records_nodes_or_variation,,,,,,,,,,,,,False
381,2025-07-07 20:27:54,2025-07-07 20:28:54,1.0,6.35,6.366666666666666,0,0,False,insufficient_merged_records_nodes_or_variation,,,,,,,,,,,,,False
382,2025-07-07 20:28:54,2025-07-07 20:29:54,1.0,6.366666666666666,6.383333333333334,0,0,False,insufficient_merged_records_nodes_or_variation,,,,,,,,,,,,,False
383,2025-07-07 20:29:54,2025-07-07 20:30:54,1.0,6.383333333333334,6.4,0,0,False,insufficient_merged_records_nodes_or_variation,,,,,,,,,,,,,False
384,2025-07-07 20:30:54,2025-07-07 20:31:54,1.0,6.4,6.416666666666667,0,0,False,insufficient_merged_records_nodes_or_variation,,,,,,,,,,,,,False
385,2025-07-07 20:31:54,2025-07-07 20:32:54,1.0,6.416666666666667,6.433333333333334,0,0,False,insufficient_merged_records_nodes_or_variation,,,,,,,,,,,,,False
386,2025-07-07 20:32:54,2025-07-07 20:33:54,1.0,6.433333333333334,6.45,0,0,False,insufficient_merged_records_nodes_or_variation,,,,,,,,,,,,,False
387,2025-07-07 20:33:54,2025-07-07 20:34:54,1.0,6.45,6.466666666666667,0,0,False,insufficient_merged_records_nodes_or_variation,,,,,,,,,,,,,False
388,2025-07-07 20:34:54,2025-07-07 20:35:54,1.0,6.466666666666667,6.483333333333333,0,0,False,insufficient_merged_records_nodes_or_variation,,,,,,,,,,,,,False
389,2025-07-07 20:35:54,2025-07-07 20:36:54,1.0,6.483333333333333,6.5,0,0,False,insufficient_merged_records_nodes_or_variation,,,,,,,,,,,,,False
390,2025-07-07 20:36:54,2025-07-07 20:37:54,1.0,6.5,6.516666666666667,0,0,False,insufficient_merged_records_nodes_or_variation,,,,,,,,,,,,,False
391,2025-07-07 20:37:54,2025-07-07 20:38:54,1.0,6.516666666666667,6.533333333333333,0,0,False,insufficient_merged_records_nodes_or_variation,,,,,,,,,,,,,False
392,2025-07-07 20:38:54,2025-07-07 20:39:54,1.0,6.533333333333333,6.55,0,0,False,insufficient_merged_records_nodes_or_variation,,,,,,,,,,,,,False
393,2025-07-07 20:39:54,2025-07-07 20:40:54,1.0,6.55,6.566666666666666,0,0,False,insufficient_merged_records_nodes_or_variation,,,,,,,,,,,,,False
394,2025-07-07 20:40:54,2025-07-07 20:41:54,1.0,6.566666666666666,6.583333333333333,0,0,False,insufficient_merged_records_nodes_or_variation,,,,,,,,,,,,,False
395,2025-07-07 20:41:54,2025-07-07 20:42:54,1.0,6.583333333333333,6.6,0,0,False,insufficient_merged_records_nodes_or_variation,,,,,,,,,,,,,False
396,2025-07-07 20:42:54,2025-07-07 20:43:54,1.0,6.6,6.616666666666666,0,0,False,insufficient_merged_records_nodes_or_variation,,,,,,,,,,,,,False
397,2025-07-07 20:43:54,2025-07-07 20:44:54,1.0,6.616666666666666,6.633333333333334,0,0,False,insufficient_merged_records_nodes_or_variation,,,,,,,,,,,,,False
398,2025-07-07 20:44:54,2025-07-07 20:45:54,1.0,6.633333333333334,6.65,0,0,False,insufficient_merged_records_nodes_or_variation,,,,,,,,,,,,,False
399,2025-07-07 20:45:54,2025-07-07 20:46:54,1.0,6.65,6.666666666666667,0,0,False,insufficient_merged_records_nodes_or_variation,,,,,,,,,,,,,False
400,2025-07-07 20:46:54,2025-07-07 20:47:54,1.0,6.666666666666667,6.683333333333334,0,0,False,insufficient_merged_records_nodes_or_variation,,,,,,,,,,,,,False
401,2025-07-07 20:47:54,2025-07-07 20:48:54,1.0,6.683333333333334,6.7,0,0,False,insufficient_merged_records_nodes_or_variation,,,,,,,,,,,,,False
402,2025-07-07 20:48:54,2025-07-07 20:49:54,1.0,6.7,6.716666666666667,0,0,False,insufficient_merged_records_nodes_or_variation,,,,,,,,,,,,,False
403,2025-07-07 20:49:54,2025-07-07 20:50:54,1.0,6.716666666666667,6.733333333333333,13,8,True,eligible,0.06584631532812918,0.03323067551968724,0.025239080030775213,-0.0075498191756191,0.09128874533981278,0.03261563980844194,1.2919224705966321,1.0,1.0,0.15289191915849676,0.0332371973432842,0.025240770036135004,False
404,2025-07-07 20:50:54,2025-07-07 20:51:54,1.0,6.733333333333333,6.75,0,0,False,insufficient_merged_records_nodes_or_variation,,,,,,,,,,,,,False
405,2025-07-07 20:51:54,2025-07-07 20:52:54,1.0,6.75,6.766666666666667,0,0,False,insufficient_merged_records_nodes_or_variation,,,,,,,,,,,,,False
406,2025-07-07 20:52:54,2025-07-07 20:53:54,1.0,6.766666666666667,6.783333333333333,0,0,False,insufficient_merged_records_nodes_or_variation,,,,,,,,,,,,,False
407,2025-07-07 20:53:54,2025-07-07 20:54:54,1.0,6.783333333333333,6.8,0,0,False,insufficient_merged_records_nodes_or_variation,,,,,,,,,,,,,False
408,2025-07-07 20:54:54,2025-07-07 20:55:54,1.0,6.8,6.816666666666666,0,0,False,insufficient_merged_records_nodes_or_variation,,,,,,,,,,,,,False
409,2025-07-07 20:55:54,2025-07-07 20:56:54,1.0,6.816666666666666,6.833333333333333,0,0,False,insufficient_merged_records_nodes_or_variation,,,,,,,,,,,,,False
410,2025-07-07 20:56:54,2025-07-07 20:57:54,1.0,6.833333333333333,6.85,0,0,False,insufficient_merged_records_nodes_or_variation,,,,,,,,,,,,,False
411,2025-07-07 20:57:54,2025-07-07 20:58:54,1.0,6.85,6.866666666666666,0,0,False,insufficient_merged_records_nodes_or_variation,,,,,,,,,,,,,False
412,2025-07-07 20:58:54,2025-07-07 20:59:54,1.0,6.866666666666666,6.883333333333334,1,1,False,insufficient_merged_records_nodes_or_variation,,,,,,,,,,,,,False
413,2025-07-07 20:59:54,2025-07-07 21:00:54,1.0,6.883333333333334,6.9,1,1,False,insufficient_merged_records_nodes_or_variation,,,,,,,,,,,,,False
414,2025-07-07 21:00:54,2025-07-07 21:01:54,1.0,6.9,6.916666666666667,0,0,False,insufficient_merged_records_nodes_or_variation,,,,,,,,,,,,,False
415,2025-07-07 21:01:54,2025-07-07 21:02:54,1.0,6.916666666666667,6.933333333333334,0,0,False,insufficient_merged_records_nodes_or_variation,,,,,,,,,,,,,False
416,2025-07-07 21:02:54,2025-07-07 21:03:54,1.0,6.933333333333334,6.95,0,0,False,insufficient_merged_records_nodes_or_variation,,,,,,,,,,,,,False
417,2025-07-07 21:03:54,2025-07-07 21:04:54,1.0,6.95,6.966666666666667,0,0,False,insufficient_merged_records_nodes_or_variation,,,,,,,,,,,,,False
418,2025-07-07 21:04:54,2025-07-07 21:05:54,1.0,6.966666666666667,6.983333333333333,0,0,False,insufficient_merged_records_nodes_or_variation,,,,,,,,,,,,,False
419,2025-07-07 21:05:54,2025-07-07 21:06:54,1.0,6.983333333333333,7.0,2,2,False,insufficient_merged_records_nodes_or_variation,,,,,,,,,,,,,False
420,2025-07-07 21:06:54,2025-07-07 21:07:54,1.0,7.0,7.016666666666667,0,0,False,insufficient_merged_records_nodes_or_variation,,,,,,,,,,,,,False
421,2025-07-07 21:07:54,2025-07-07 21:08:54,1.0,7.016666666666667,7.033333333333333,0,0,False,insufficient_merged_records_nodes_or_variation,,,,,,,,,,,,,False
422,2025-07-07 21:08:54,2025-07-07 21:09:54,1.0,7.033333333333333,7.05,0,0,False,insufficient_merged_records_nodes_or_variation,,,,,,,,,,,,,False
423,2025-07-07 21:09:54,2025-07-07 21:10:54,1.0,7.05,7.066666666666666,0,0,False,insufficient_merged_records_nodes_or_variation,,,,,,,,,,,,,False
424,2025-07-07 21:10:54,2025-07-07 21:11:54,1.0,7.066666666666666,7.083333333333333,0,0,False,insufficient_merged_records_nodes_or_variation,,,,,,,,,,,,,False
425,2025-07-07 21:11:54,2025-07-07 21:12:54,1.0,7.083333333333333,7.1,0,0,False,insufficient_merged_records_nodes_or_variation,,,,,,,,,,,,,False
426,2025-07-07 21:12:54,2025-07-07 21:13:54,1.0,7.1,7.116666666666666,0,0,False,insufficient_merged_records_nodes_or_variation,,,,,,,,,,,,,False
427,2025-07-07 21:13:54,2025-07-07 21:14:54,1.0,7.116666666666666,7.133333333333334,0,0,False,insufficient_merged_records_nodes_or_variation,,,,,,,,,,,,,False
428,2025-07-07 21:14:54,2025-07-07 21:15:54,1.0,7.133333333333334,7.15,0,0,False,insufficient_merged_records_nodes_or_variation,,,,,,,,,,,,,False
429,2025-07-07 21:15:54,2025-07-07 21:16:54,1.0,7.15,7.166666666666667,0,0,False,insufficient_merged_records_nodes_or_variation,,,,,,,,,,,,,False
430,2025-07-07 21:16:54,2025-07-07 21:17:54,1.0,7.166666666666667,7.183333333333334,0,0,False,insufficient_merged_records_nodes_or_variation,,,,,,,,,,,,,False
431,2025-07-07 21:17:54,2025-07-07 21:18:54,1.0,7.183333333333334,7.2,0,0,False,insufficient_merged_records_nodes_or_variation,,,,,,,,,,,,,False
432,2025-07-07 21:18:54,2025-07-07 21:19:54,1.0,7.2,7.216666666666667,0,0,False,insufficient_merged_records_nodes_or_variation,,,,,,,,,,,,,False
433,2025-07-07 21:19:54,2025-07-07 21:20:54,1.0,7.216666666666667,7.233333333333333,0,0,False,insufficient_merged_records_nodes_or_variation,,,,,,,,,,,,,False
434,2025-07-07 21:20:54,2025-07-07 21:21:54,1.0,7.233333333333333,7.25,0,0,False,insufficient_merged_records_nodes_or_variation,,,,,,,,,,,,,False
435,2025-07-07 21:21:54,2025-07-07 21:22:54,1.0,7.25,7.266666666666667,0,0,False,insufficient_merged_records_nodes_or_variation,,,,,,,,,,,,,False
436,2025-07-07 21:22:54,2025-07-07 21:23:54,1.0,7.266666666666667,7.283333333333333,1,1,False,insufficient_merged_records_nodes_or_variation,,,,,,,,,,,,,False
437,2025-07-07 21:23:54,2025-07-07 21:24:54,1.0,7.283333333333333,7.3,1,1,False,insufficient_merged_records_nodes_or_variation,,,,,,,,,,,,,False
438,2025-07-07 21:24:54,2025-07-07 21:25:54,1.0,7.3,7.316666666666666,0,0,False,insufficient_merged_records_nodes_or_variation,,,,,,,,,,,,,False
439,2025-07-07 21:25:54,2025-07-07 21:26:54,1.0,7.316666666666666,7.333333333333333,0,0,False,insufficient_merged_records_nodes_or_variation,,,,,,,,,,,,,False
440,2025-07-07 21:26:54,2025-07-07 21:27:54,1.0,7.333333333333333,7.35,2,2,False,insufficient_merged_records_nodes_or_variation,,,,,,,,,,,,,False
441,2025-07-07 21:27:54,2025-07-07 21:28:54,1.0,7.35,7.366666666666666,0,0,False,insufficient_merged_records_nodes_or_variation,,,,,,,,,,,,,False
442,2025-07-07 21:28:54,2025-07-07 21:29:54,1.0,7.366666666666666,7.383333333333334,0,0,False,insufficient_merged_records_nodes_or_variation,,,,,,,,,,,,,False
443,2025-07-07 21:29:54,2025-07-07 21:30:54,1.0,7.383333333333334,7.4,3,3,False,insufficient_merged_records_nodes_or_variation,,,,,,,,,,,,,False
444,2025-07-07 21:30:54,2025-07-07 21:31:54,1.0,7.4,7.416666666666667,0,0,False,insufficient_merged_records_nodes_or_variation,,,,,,,,,,,,,False
445,2025-07-07 21:31:54,2025-07-07 21:32:54,1.0,7.416666666666667,7.433333333333334,0,0,False,insufficient_merged_records_nodes_or_variation,,,,,,,,,,,,,False
446,2025-07-07 21:32:54,2025-07-07 21:33:54,1.0,7.433333333333334,7.45,3,2,False,insufficient_merged_records_nodes_or_variation,,,,,,,,,,,,,False
447,2025-07-07 21:33:54,2025-07-07 21:34:54,1.0,7.45,7.466666666666667,0,0,False,insufficient_merged_records_nodes_or_variation,,,,,,,,,,,,,False
448,2025-07-07 21:34:54,2025-07-07 21:35:54,1.0,7.466666666666667,7.483333333333333,0,0,False,insufficient_merged_records_nodes_or_variation,,,,,,,,,,,,,False
449,2025-07-07 21:35:54,2025-07-07 21:36:54,1.0,7.483333333333333,7.5,0,0,False,insufficient_merged_records_nodes_or_variation,,,,,,,,,,,,,False
450,2025-07-07 21:36:54,2025-07-07 21:37:54,1.0,7.5,7.516666666666667,0,0,False,insufficient_merged_records_nodes_or_variation,,,,,,,,,,,,,False
451,2025-07-07 21:37:54,2025-07-07 21:38:54,1.0,7.516666666666667,7.533333333333333,0,0,False,insufficient_merged_records_nodes_or_variation,,,,,,,,,,,,,False
452,2025-07-07 21:38:54,2025-07-07 21:39:54,1.0,7.533333333333333,7.55,0,0,False,insufficient_merged_records_nodes_or_variation,,,,,,,,,,,,,False
453,2025-07-07 21:39:54,2025-07-07 21:40:54,1.0,7.55,7.566666666666666,12,6,True,eligible,0.011959586054737324,-0.007467488486928277,0.009262150348967355,-0.021625312997950737,0.014781820728781632,0.0194270745416656,2.0963374129952594,0.9716056788642271,0.9716056788642271,0.03645885175354669,-0.007463603848947541,0.009265297553380443,False
454,2025-07-07 21:40:54,2025-07-07 21:41:54,1.0,7.566666666666666,7.583333333333333,40,6,True,eligible,0.026267836977723086,-0.004574788693837225,0.016777224990249386,-0.03110210707319688,0.035194346063032435,0.030842625671560313,1.8375580779041045,0.9948010397920416,0.9948010397920416,0.07498329748875522,-0.004568621402161249,0.016781215652816813,False
455,2025-07-07 21:41:54,2025-07-07 21:42:54,1.0,7.583333333333333,7.6,40,6,True,eligible,0.01212673054239185,-0.007281365671281624,0.012018406365800477,-0.025319206175113643,0.02156788692755002,0.019408096213673474,1.6142820236933917,0.999000199960008,0.999000199960008,0.04970533241552493,-0.007277484828207504,0.012020337887554208,False
456,2025-07-07 21:42:54,2025-07-07 21:43:54,1.0,7.6,7.616666666666666,42,5,True,eligible,0.009914674192569825,-0.0076286789665947355,0.012403569847701395,-0.026088332651957147,0.022656969153467946,0.01754335315916456,1.4139551405841535,0.9996000799840032,0.9996000799840032,0.051180250346569686,-0.0076251709975567105,0.012404810228194525,False
457,2025-07-07 21:43:54,2025-07-07 21:44:54,1.0,7.616666666666666,7.633333333333334,32,6,True,eligible,0.005406497118088511,-0.007510614652435984,0.010832014586048842,-0.023303866888312805,0.01802528210625528,0.012917111770524495,1.1922052095428783,1.0,1.0,0.04384366445904338,-0.007508031746663034,0.010832471424699867,False
458,2025-07-07 21:44:54,2025-07-07 21:45:54,1.0,7.633333333333334,7.65,16,5,True,eligible,-0.0035436087345168173,-0.00791420635934125,0.007598491284306602,-0.01829268292682938,0.0074064614991699055,0.004370597624824432,0.5751162929998963,1.0,1.0,0.028105161172799542,-0.007913332414605232,0.007597982761530289,False
459,2025-07-07 21:45:54,2025-07-07 21:46:54,1.0,7.65,7.666666666666667,16,5,True,eligible,-0.0032951341851867075,-0.007645626624684375,0.009703366491566667,-0.020722732764617308,0.014132464394244374,0.004350492439497668,0.44829494026928834,1.0,1.0,0.03835070389509918,-0.007644756700181378,0.009702591138730846,False
460,2025-07-07 21:46:54,2025-07-07 21:47:54,1.0,7.666666666666667,7.683333333333334,21,5,True,eligible,-0.0028252708082256678,-0.005992595666218539,0.0036767954506441345,-0.012024749089044679,0.003201973582655787,0.0031673248579928716,0.8612862178670232,1.0,1.0,0.011437560705410004,-0.005991962327914602,0.003676700560159027,False
461,2025-07-07 21:47:54,2025-07-07 21:48:54,1.0,7.683333333333334,7.7,26,5,True,eligible,0.0024819477767832683,-0.007032947229982229,0.005633076816590238,-0.015759656931531467,0.008439164498999585,0.009514895006765497,1.6884610133584335,0.9984003199360127,0.9984003199360127,0.01967769253268941,-0.007031044631500571,0.005634120262784167,False
462,2025-07-07 21:48:54,2025-07-07 21:49:54,1.0,7.7,7.716666666666667,28,8,True,eligible,0.00602675974403719,-0.0058823455497380986,0.010117184004285637,-0.020686445607911424,0.017591623036649358,0.011909105293775289,1.1768358836713355,1.0,1.0,0.04208273587797845,-0.005879964204948301,0.010117573838622666,False
463,2025-07-07 21:49:54,2025-07-07 21:50:54,1.0,7.716666666666667,7.733333333333333,35,7,True,eligible,0.005621942019426619,-0.008641939635256985,0.008418412109875418,-0.0212269425110533,0.011323066320817062,0.014263881654683605,1.6937116835660915,0.9984003199360127,0.9984003199360127,0.03127614243653473,-0.008639087429367228,0.008419986463556422,False
464,2025-07-07 21:50:54,2025-07-07 21:51:54,1.0,7.733333333333333,7.75,22,4,True,eligible,-0.0019986081690163693,-0.005867807891668769,0.003640260175218809,-0.011367044167394123,0.003433925912059857,0.0038691997226524,1.0626646865097713,1.0,1.0,0.01138996544617236,-0.0058670342064612805,0.0036403073204120634,False
465,2025-07-07 21:51:54,2025-07-07 21:52:54,1.0,7.75,7.766666666666667,13,5,True,eligible,0.006211331635021795,-0.008113141694630628,0.008736245709506322,-0.02104079443899226,0.013041438420489092,0.014324473329652424,1.6390555718497588,0.9988002399520096,0.9988002399520096,0.033311180072175976,-0.008110277372829057,0.008737720217556855,False
466,2025-07-07 21:52:54,2025-07-07 21:53:54,1.0,7.766666666666667,7.783333333333333,15,4,True,eligible,-0.004745664331296577,-0.006264457633286365,0.003836889974604296,-0.01251585285261582,-0.00036838831793888224,0.0015187933019897883,0.39579390886130894,1.0,1.0,0.011923218408821481,-0.006264153935365552,0.0038365663798051843,False
467,2025-07-07 21:53:54,2025-07-07 21:54:54,1.0,7.783333333333333,7.8,28,6,True,eligible,-0.007606440778425452,-0.007470714215153541,0.007896754095416517,-0.018946952484440994,0.009680924627086784,-0.00013572656327191096,-0.01718592091337998,1.0,1.0,0.029960345254910016,-0.007470741355038218,0.007895964613777888,False
468,2025-07-07 21:54:54,2025-07-07 21:55:54,1.0,7.8,7.816666666666666,19,6,True,eligible,0.015627737806982026,-0.007485556288213615,0.013752986851893124,-0.028486614732019182,0.02276317966554009,0.023113294095195643,1.679959347709797,0.9986002799440112,0.9986002799440112,0.05772745338207295,-0.00748093455374147,0.01375549497208154,False
469,2025-07-07 21:55:54,2025-07-07 21:56:54,1.0,7.816666666666666,7.833333333333333,58,11,True,eligible,0.01800998501219683,-0.006893403964147741,0.01531366658308015,-0.030692848520963493,0.02918233415165257,0.02490338897634457,1.6256274560436796,0.999000199960008,0.999000199960008,0.0657184628194227,-0.006888424282288844,0.01531618403830445,False
470,2025-07-07 21:56:54,2025-07-07 21:57:54,1.0,7.833333333333333,7.85,15,5,True,eligible,0.014315728600312482,-0.006949181932677237,0.010739875410996216,-0.022882796310695452,0.020619453940871325,0.02126491053298972,1.9790223855071174,0.9856028794241152,0.9856028794241152,0.04398267419449537,-0.0069449298009969735,0.0107430105677463,False
471,2025-07-07 21:57:54,2025-07-07 21:58:54,1.0,7.85,7.866666666666666,37,6,True,eligible,0.009252858152178167,-0.006237308242578103,0.011791624182304191,-0.023556987990883675,0.0225783938990693,0.015490166394756269,1.3133004837989892,1.0,1.0,0.049668435856110915,-0.006234210828781912,0.011792479460725223,False
472,2025-07-07 21:58:54,2025-07-07 21:59:54,1.0,7.866666666666666,7.883333333333334,10,5,True,eligible,0.011163822957705603,0.0013301765805483932,0.02312568808155925,-0.029603866749086993,0.058919887095691494,0.00983364637715721,0.4251759141298381,1.0,1.0,0.1109512660674941,0.0013321429165566233,0.023123793503849868,False
473,2025-07-07 21:59:54,2025-07-07 22:00:54,1.0,7.883333333333334,7.9,61,9,True,eligible,0.0725496594719854,0.008281420599780607,0.03306609726858308,-0.04370511339816318,0.08872789750666261,0.06426823887220479,1.9427013526003851,0.9886022795440912,0.9886022795440912,0.1650887439673731,0.008294271677339538,0.033075278250379245,False
474,2025-07-07 22:00:54,2025-07-07 22:01:54,1.0,7.9,7.916666666666667,18,7,True,eligible,0.05734932500352005,0.005635582448454486,0.030948287400246178,-0.041621890645003844,0.07641998107455701,0.05171374255506556,1.6703393166141944,0.9988002399520096,0.9988002399520096,0.15238360587659072,0.005645923128829423,0.030953831572075,False
475,2025-07-07 22:01:54,2025-07-07 22:02:54,1.0,7.916666666666667,7.933333333333334,27,6,True,eligible,0.0010452249803485658,-0.00799191128910422,0.007515524454233411,-0.01849494163963115,0.0071795383039870795,0.009037136269452786,1.2021684776557986,1.0,1.0,0.027639080603065812,-0.0079901042232635,0.007515859358773699,False
476,2025-07-07 22:02:54,2025-07-07 22:03:54,1.0,7.933333333333334,7.95,1,1,False,insufficient_merged_records_nodes_or_variation,,,,,,,,,,,,,False
477,2025-07-07 22:03:54,2025-07-07 22:04:54,1.0,7.95,7.966666666666667,0,0,False,insufficient_merged_records_nodes_or_variation,,,,,,,,,,,,,False
478,2025-07-07 22:04:54,2025-07-07 22:05:54,1.0,7.966666666666667,7.983333333333333,0,0,False,insufficient_merged_records_nodes_or_variation,,,,,,,,,,,,,False
479,2025-07-07 22:05:54,2025-07-07 22:06:54,1.0,7.983333333333333,8.0,0,0,False,insufficient_merged_records_nodes_or_variation,,,,,,,,,,,,,False
480,2025-07-07 22:06:54,2025-07-07 22:07:54,1.0,8.0,8.016666666666667,0,0,False,insufficient_merged_records_nodes_or_variation,,,,,,,,,,,,,False
481,2025-07-07 22:07:54,2025-07-07 22:08:54,1.0,8.016666666666667,8.033333333333333,0,0,False,insufficient_merged_records_nodes_or_variation,,,,,,,,,,,,,False
482,2025-07-07 22:08:54,2025-07-07 22:09:54,1.0,8.033333333333333,8.05,0,0,False,insufficient_merged_records_nodes_or_variation,,,,,,,,,,,,,False
483,2025-07-07 22:09:54,2025-07-07 22:10:54,1.0,8.05,8.066666666666666,1,1,False,insufficient_merged_records_nodes_or_variation,,,,,,,,,,,,,False
484,2025-07-07 22:10:54,2025-07-07 22:11:54,1.0,8.066666666666666,8.083333333333334,0,0,False,insufficient_merged_records_nodes_or_variation,,,,,,,,,,,,,False
485,2025-07-07 22:11:54,2025-07-07 22:12:54,1.0,8.083333333333334,8.1,0,0,False,insufficient_merged_records_nodes_or_variation,,,,,,,,,,,,,False
486,2025-07-07 22:12:54,2025-07-07 22:13:54,1.0,8.1,8.116666666666667,0,0,False,insufficient_merged_records_nodes_or_variation,,,,,,,,,,,,,False
487,2025-07-07 22:13:54,2025-07-07 22:14:54,1.0,8.116666666666667,8.133333333333333,1,1,False,insufficient_merged_records_nodes_or_variation,,,,,,,,,,,,,False
488,2025-07-07 22:14:54,2025-07-07 22:15:54,1.0,8.133333333333333,8.15,0,0,False,insufficient_merged_records_nodes_or_variation,,,,,,,,,,,,,False
489,2025-07-07 22:15:54,2025-07-07 22:16:54,1.0,8.15,8.166666666666666,1,1,False,insufficient_merged_records_nodes_or_variation,,,,,,,,,,,,,False
490,2025-07-07 22:16:54,2025-07-07 22:17:54,1.0,8.166666666666666,8.183333333333334,1,1,False,insufficient_merged_records_nodes_or_variation,,,,,,,,,,,,,False
491,2025-07-07 22:17:54,2025-07-07 22:18:54,1.0,8.183333333333334,8.2,0,0,False,insufficient_merged_records_nodes_or_variation,,,,,,,,,,,,,False
492,2025-07-07 22:18:54,2025-07-07 22:19:54,1.0,8.2,8.216666666666667,2,2,False,insufficient_merged_records_nodes_or_variation,,,,,,,,,,,,,False
493,2025-07-07 22:19:54,2025-07-07 22:20:54,1.0,8.216666666666667,8.233333333333333,0,0,False,insufficient_merged_records_nodes_or_variation,,,,,,,,,,,,,False
494,2025-07-07 22:20:54,2025-07-07 22:21:54,1.0,8.233333333333333,8.25,0,0,False,insufficient_merged_records_nodes_or_variation,,,,,,,,,,,,,False
495,2025-07-07 22:21:54,2025-07-07 22:22:54,1.0,8.25,8.266666666666667,0,0,False,insufficient_merged_records_nodes_or_variation,,,,,,,,,,,,,False
496,2025-07-07 22:22:54,2025-07-07 22:23:54,1.0,8.266666666666667,8.283333333333333,2,2,False,insufficient_merged_records_nodes_or_variation,,,,,,,,,,,,,False
497,2025-07-07 22:23:54,2025-07-07 22:24:54,1.0,8.283333333333333,8.3,0,0,False,insufficient_merged_records_nodes_or_variation,,,,,,,,,,,,,False
498,2025-07-07 22:24:54,2025-07-07 22:25:54,1.0,8.3,8.316666666666666,0,0,False,insufficient_merged_records_nodes_or_variation,,,,,,,,,,,,,False
499,2025-07-07 22:25:54,2025-07-07 22:26:54,1.0,8.316666666666666,8.333333333333334,1,1,False,insufficient_merged_records_nodes_or_variation,,,,,,,,,,,,,False
500,2025-07-07 22:26:54,2025-07-07 22:27:54,1.0,8.333333333333334,8.35,0,0,False,insufficient_merged_records_nodes_or_variation,,,,,,,,,,,,,False
501,2025-07-07 22:27:54,2025-07-07 22:28:54,1.0,8.35,8.366666666666667,0,0,False,insufficient_merged_records_nodes_or_variation,,,,,,,,,,,,,False
502,2025-07-07 22:28:54,2025-07-07 22:29:54,1.0,8.366666666666667,8.383333333333333,1,1,False,insufficient_merged_records_nodes_or_variation,,,,,,,,,,,,,False
503,2025-07-07 22:29:54,2025-07-07 22:30:54,1.0,8.383333333333333,8.4,0,0,False,insufficient_merged_records_nodes_or_variation,,,,,,,,,,,,,False
504,2025-07-07 22:30:54,2025-07-07 22:31:54,1.0,8.4,8.416666666666666,1,1,False,insufficient_merged_records_nodes_or_variation,,,,,,,,,,,,,False
505,2025-07-07 22:31:54,2025-07-07 22:32:54,1.0,8.416666666666666,8.433333333333334,2,2,False,insufficient_merged_records_nodes_or_variation,,,,,,,,,,,,,False
506,2025-07-07 22:32:54,2025-07-07 22:33:54,1.0,8.433333333333334,8.45,0,0,False,insufficient_merged_records_nodes_or_variation,,,,,,,,,,,,,False
507,2025-07-07 22:33:54,2025-07-07 22:34:54,1.0,8.45,8.466666666666667,4,2,False,insufficient_merged_records_nodes_or_variation,,,,,,,,,,,,,False
508,2025-07-07 22:34:54,2025-07-07 22:35:54,1.0,8.466666666666667,8.483333333333333,0,0,False,insufficient_merged_records_nodes_or_variation,,,,,,,,,,,,,False
509,2025-07-07 22:35:54,2025-07-07 22:36:54,1.0,8.483333333333333,8.5,1,1,False,insufficient_merged_records_nodes_or_variation,,,,,,,,,,,,,False
510,2025-07-07 22:36:54,2025-07-07 22:37:54,1.0,8.5,8.516666666666667,1,1,False,insufficient_merged_records_nodes_or_variation,,,,,,,,,,,,,False
511,2025-07-07 22:37:39,2025-07-07 22:38:39,1.0,8.5125,8.529166666666667,1,1,False,insufficient_merged_records_nodes_or_variation,,,,,,,,,,,,,False
512,2025-07-07 14:06:54,2025-07-07 14:08:54,2.0,0.0,0.03333333333333333,0,0,False,insufficient_merged_records_nodes_or_variation,,,,,,,,,,,,,False
513,2025-07-07 14:07:54,2025-07-07 14:09:54,2.0,0.016666666666666666,0.05,0,0,False,insufficient_merged_records_nodes_or_variation,,,,,,,,,,,,,False
514,2025-07-07 14:08:54,2025-07-07 14:10:54,2.0,0.03333333333333333,0.06666666666666667,0,0,False,insufficient_merged_records_nodes_or_variation,,,,,,,,,,,,,False
515,2025-07-07 14:09:54,2025-07-07 14:11:54,2.0,0.05,0.08333333333333333,0,0,False,insufficient_merged_records_nodes_or_variation,,,,,,,,,,,,,False
516,2025-07-07 14:10:54,2025-07-07 14:12:54,2.0,0.06666666666666667,0.1,0,0,False,insufficient_merged_records_nodes_or_variation,,,,,,,,,,,,,False
517,2025-07-07 14:11:54,2025-07-07 14:13:54,2.0,0.08333333333333333,0.11666666666666667,0,0,False,insufficient_merged_records_nodes_or_variation,,,,,,,,,,,,,False
518,2025-07-07 14:12:54,2025-07-07 14:14:54,2.0,0.1,0.13333333333333333,0,0,False,insufficient_merged_records_nodes_or_variation,,,,,,,,,,,,,False
519,2025-07-07 14:13:54,2025-07-07 14:15:54,2.0,0.11666666666666667,0.15,0,0,False,insufficient_merged_records_nodes_or_variation,,,,,,,,,,,,,False
520,2025-07-07 14:14:54,2025-07-07 14:16:54,2.0,0.13333333333333333,0.16666666666666666,0,0,False,insufficient_merged_records_nodes_or_variation,,,,,,,,,,,,,False
521,2025-07-07 14:15:54,2025-07-07 14:17:54,2.0,0.15,0.18333333333333332,0,0,False,insufficient_merged_records_nodes_or_variation,,,,,,,,,,,,,False
522,2025-07-07 14:16:54,2025-07-07 14:18:54,2.0,0.16666666666666666,0.2,0,0,False,insufficient_merged_records_nodes_or_variation,,,,,,,,,,,,,False
523,2025-07-07 14:17:54,2025-07-07 14:19:54,2.0,0.18333333333333332,0.21666666666666667,0,0,False,insufficient_merged_records_nodes_or_variation,,,,,,,,,,,,,False
524,2025-07-07 14:18:54,2025-07-07 14:20:54,2.0,0.2,0.23333333333333334,0,0,False,insufficient_merged_records_nodes_or_variation,,,,,,,,,,,,,False
525,2025-07-07 14:19:54,2025-07-07 14:21:54,2.0,0.21666666666666667,0.25,0,0,False,insufficient_merged_records_nodes_or_variation,,,,,,,,,,,,,False
526,2025-07-07 14:20:54,2025-07-07 14:22:54,2.0,0.23333333333333334,0.26666666666666666,0,0,False,insufficient_merged_records_nodes_or_variation,,,,,,,,,,,,,False
527,2025-07-07 14:21:54,2025-07-07 14:23:54,2.0,0.25,0.2833333333333333,0,0,False,insufficient_merged_records_nodes_or_variation,,,,,,,,,,,,,False
528,2025-07-07 14:22:54,2025-07-07 14:24:54,2.0,0.26666666666666666,0.3,0,0,False,insufficient_merged_records_nodes_or_variation,,,,,,,,,,,,,False
529,2025-07-07 14:23:54,2025-07-07 14:25:54,2.0,0.2833333333333333,0.31666666666666665,0,0,False,insufficient_merged_records_nodes_or_variation,,,,,,,,,,,,,False
530,2025-07-07 14:24:54,2025-07-07 14:26:54,2.0,0.3,0.3333333333333333,0,0,False,insufficient_merged_records_nodes_or_variation,,,,,,,,,,,,,False
531,2025-07-07 14:25:54,2025-07-07 14:27:54,2.0,0.31666666666666665,0.35,0,0,False,insufficient_merged_records_nodes_or_variation,,,,,,,,,,,,,False
532,2025-07-07 14:26:54,2025-07-07 14:28:54,2.0,0.3333333333333333,0.36666666666666664,0,0,False,insufficient_merged_records_nodes_or_variation,,,,,,,,,,,,,False
533,2025-07-07 14:27:54,2025-07-07 14:29:54,2.0,0.35,0.38333333333333336,0,0,False,insufficient_merged_records_nodes_or_variation,,,,,,,,,,,,,False
534,2025-07-07 14:28:54,2025-07-07 14:30:54,2.0,0.36666666666666664,0.4,0,0,False,insufficient_merged_records_nodes_or_variation,,,,,,,,,,,,,False
535,2025-07-07 14:29:54,2025-07-07 14:31:54,2.0,0.38333333333333336,0.4166666666666667,0,0,False,insufficient_merged_records_nodes_or_variation,,,,,,,,,,,,,False
536,2025-07-07 14:30:54,2025-07-07 14:32:54,2.0,0.4,0.43333333333333335,0,0,False,insufficient_merged_records_nodes_or_variation,,,,,,,,,,,,,False
537,2025-07-07 14:31:54,2025-07-07 14:33:54,2.0,0.4166666666666667,0.45,0,0,False,insufficient_merged_records_nodes_or_variation,,,,,,,,,,,,,False
538,2025-07-07 14:32:54,2025-07-07 14:34:54,2.0,0.43333333333333335,0.4666666666666667,0,0,False,insufficient_merged_records_nodes_or_variation,,,,,,,,,,,,,False
539,2025-07-07 14:33:54,2025-07-07 14:35:54,2.0,0.45,0.48333333333333334,0,0,False,insufficient_merged_records_nodes_or_variation,,,,,,,,,,,,,False
540,2025-07-07 14:34:54,2025-07-07 14:36:54,2.0,0.4666666666666667,0.5,0,0,False,insufficient_merged_records_nodes_or_variation,,,,,,,,,,,,,False
541,2025-07-07 14:35:54,2025-07-07 14:37:54,2.0,0.48333333333333334,0.5166666666666667,6,1,False,insufficient_merged_records_nodes_or_variation,,,,,,,,,,,,,False
542,2025-07-07 14:36:54,2025-07-07 14:38:54,2.0,0.5,0.5333333333333333,8,3,True,eligible,0.00771352064266009,-0.0036247392190561795,0.01508267700332841,-0.02585827904560193,0.02897566044522576,0.01133825986171627,0.751622925265676,1.0,1.0,0.06787435679595437,-0.0036224720205235428,0.015082020893889981,False
543,2025-07-07 14:37:54,2025-07-07 14:39:54,2.0,0.5166666666666667,0.55,3,3,False,insufficient_merged_records_nodes_or_variation,,,,,,,,,,,,,False
544,2025-07-07 14:38:54,2025-07-07 14:40:54,2.0,0.5333333333333333,0.5666666666666667,5,3,True,eligible,0.036258821794332555,0.0045243791669016984,0.023003509653875737,-0.021796934982236886,0.07161757114909739,0.03173444262743086,1.3791475105413542,1.0,1.0,0.11358948247243916,0.0045307247863033044,0.02300558625202831,False
545,2025-07-07 14:39:54,2025-07-07 14:41:54,2.0,0.55,0.5833333333333334,4,3,False,insufficient_merged_records_nodes_or_variation,,,,,,,,,,,,,False
546,2025-07-07 14:40:54,2025-07-07 14:42:54,2.0,0.5666666666666667,0.6,1,1,False,insufficient_merged_records_nodes_or_variation,,,,,,,,,,,,,False
547,2025-07-07 14:41:54,2025-07-07 14:43:54,2.0,0.5833333333333334,0.6166666666666667,3,3,False,insufficient_merged_records_nodes_or_variation,,,,,,,,,,,,,False
548,2025-07-07 14:42:54,2025-07-07 14:44:54,2.0,0.6,0.6333333333333333,2,2,False,insufficient_merged_records_nodes_or_variation,,,,,,,,,,,,,False
549,2025-07-07 14:43:54,2025-07-07 14:45:54,2.0,0.6166666666666667,0.65,3,2,False,insufficient_merged_records_nodes_or_variation,,,,,,,,,,,,,False
550,2025-07-07 14:44:54,2025-07-07 14:46:54,2.0,0.6333333333333333,0.6666666666666666,5,3,True,eligible,0.01931793366817074,-0.014367817291867197,0.013715368452783436,-0.02900086816189327,0.01782661262403295,0.03368575096003794,2.4543331864728155,0.8608278344331134,0.8608278344331134,0.0506897878641925,-0.014361081488835794,0.013722266945103529,False
551,2025-07-07 14:45:54,2025-07-07 14:47:54,2.0,0.65,0.6833333333333333,6,3,True,eligible,0.00589176110344086,-0.015549349992481446,0.009559274997577265,-0.02817382745752035,0.007040039369540265,0.021441111095922307,2.2416124829214086,0.9362127574485103,0.9362127574485103,0.029789261128252545,-0.015545062627735211,0.00956312649688597,False
552,2025-07-07 14:46:54,2025-07-07 14:48:54,2.0,0.6666666666666666,0.7,5,4,True,eligible,0.02019052349122919,-0.005152500189695864,0.025611433511509966,-0.03755975415433683,0.07159116776690404,0.025343023680925055,0.98932413935532,1.0,1.0,0.11626417640043543,-0.005147432598477923,0.025611379609334368,False
553,2025-07-07 14:47:54,2025-07-07 14:49:54,2.0,0.6833333333333333,0.7166666666666667,1,1,False,insufficient_merged_records_nodes_or_variation,,,,,,,,,,,,,False
554,2025-07-07 14:48:54,2025-07-07 14:50:54,2.0,0.7,0.7333333333333333,1,1,False,insufficient_merged_records_nodes_or_variation,,,,,,,,,,,,,False
555,2025-07-07 14:49:54,2025-07-07 14:51:54,2.0,0.7166666666666667,0.75,1,1,False,insufficient_merged_records_nodes_or_variation,,,,,,,,,,,,,False
556,2025-07-07 14:50:54,2025-07-07 14:52:54,2.0,0.7333333333333333,0.7666666666666667,1,1,False,insufficient_merged_records_nodes_or_variation,,,,,,,,,,,,,False
557,2025-07-07 14:51:54,2025-07-07 14:53:54,2.0,0.75,0.7833333333333333,5,3,True,eligible,-0.009651379171239038,-0.010991665546094256,0.018586706793660424,-0.03274311715689871,0.02508491044821465,0.0013402863748552176,0.0721026974354063,1.0,1.0,0.07711074728721101,-0.010991397542420019,0.018584857693867068,False
558,2025-07-07 14:52:54,2025-07-07 14:54:54,2.0,0.7666666666666667,0.8,6,4,True,eligible,-0.002962037882062699,-0.004537079910978606,0.024555020576228687,-0.03972332965079961,0.050834974462430335,0.001575042028915907,0.0641369420553894,1.0,1.0,0.11185554531795057,-0.004536764965561907,0.0245525750532237,False
559,2025-07-07 14:53:54,2025-07-07 14:55:54,2.0,0.7833333333333333,0.8166666666666667,4,3,False,insufficient_merged_records_nodes_or_variation,,,,,,,,,,,,,False
560,2025-07-07 14:54:54,2025-07-07 14:56:54,2.0,0.8,0.8333333333333334,6,3,True,eligible,-0.01496862739737279,-0.019945724713955833,0.010567557460846056,-0.03563763618716941,0.0007388623843177342,0.004977097316583044,0.47092144155413973,1.0,1.0,0.03014723440225913,-0.019944729493536602,0.010566735037040637,False
561,2025-07-07 14:55:54,2025-07-07 14:57:54,2.0,0.8166666666666667,0.85,5,4,True,eligible,0.003386930999041195,-0.017703161365533536,0.01546415413547656,-0.04142264898012741,0.020190523491228712,0.02109009236457473,1.3634152060688813,1.0,1.0,0.055615701407506865,-0.017698944190495624,0.01546548336535975,False
562,2025-07-07 14:56:54,2025-07-07 14:58:54,2.0,0.8333333333333334,0.8666666666666667,9,6,True,eligible,0.05186957794730382,0.019094483828652555,0.028996806408706364,-0.030046500261663882,0.08311904481960877,0.03277509411865126,1.1300427791863918,1.0,1.0,0.15656518851774634,0.019101037536734672,0.02899761054547142,False
563,2025-07-07 14:57:54,2025-07-07 14:59:54,2.0,0.85,0.8833333333333333,12,5,True,eligible,0.007578730226352935,0.001631904660470346,0.016206903050241382,-0.02593136540466711,0.035673845532920676,0.005946825565882589,0.3668900230512011,1.0,1.0,0.07845581540265112,0.0016330937877580645,0.016205500463459404,False
564,2025-07-07 14:58:54,2025-07-07 15:00:54,2.0,0.8666666666666667,0.9,17,11,True,eligible,-0.005719030783304132,0.014407723756356523,0.03476725953597658,-0.04124294373375853,0.0923392744174841,-0.020126754539660653,-0.5788223875266643,1.0,1.0,0.17920810622751504,0.014403699210357793,0.034764947637300814,False
565,2025-07-07 14:59:54,2025-07-07 15:01:54,2.0,0.8833333333333333,0.9166666666666666,37,23,True,eligible,-0.00600043459394208,-0.008325116425603367,0.02745316377107802,-0.05824509909468303,0.04877689545373791,0.002324681831661287,0.08466957752108777,1.0,1.0,0.12180507575744007,-0.008324651582205715,0.02745043800041126,False
566,2025-07-07 15:00:54,2025-07-07 15:02:54,2.0,0.9,0.9333333333333333,63,28,True,eligible,0.08089659455504798,0.033420337577469844,0.028862570151138925,-0.017609941193923635,0.09592264356441142,0.04747625697757814,1.644298186567422,0.9988002399520096,0.9988002399520096,0.1702771473237592,0.03342983093019481,0.02886749131794829,False
567,2025-07-07 15:01:54,2025-07-07 15:03:54,2.0,0.9166666666666666,0.95,57,32,True,eligible,0.043522152239694696,-0.004673110773068205,0.027371245782721796,-0.0551574241641203,0.05339251310726715,0.048195263012762904,1.760077399124719,0.9964007198560288,0.9964007198560288,0.12511808317589249,-0.004663473647890689,0.02737699257518331,False
568,2025-07-07 15:02:54,2025-07-07 15:04:54,2.0,0.9333333333333333,0.9666666666666667,64,32,True,eligible,0.09208085835700697,0.028754631042659826,0.027370001607274465,-0.02000328692508139,0.08797220200502429,0.06332622731434714,2.312240542781164,0.9158168366326734,0.9158168366326734,0.15857216622731624,0.02876729375558011,0.02738191093443646,False
569,2025-07-07 15:03:54,2025-07-07 15:05:54,2.0,0.95,0.9833333333333333,48,27,True,eligible,0.15302379534125393,0.07526868984543995,0.028069856639935255,0.02508072859516546,0.1343700034485992,0.07775510549581398,2.767657315359302,0.7004599080183963,0.7004599080183963,0.2084390879288724,0.0752842377569568,0.02808857771259331,False
570,2025-07-07 15:04:54,2025-07-07 15:06:54,2.0,0.9666666666666667,1.0,8,4,True,eligible,0.0790490086687823,0.01875660458329704,0.039462855913324164,-0.04171315766887103,0.11212342288215404,0.06029240408548526,1.5273174764236332,0.9996000799840032,0.9996000799840032,0.2058686104970613,0.018768660652900223,0.03946811906915027,False
571,2025-07-07 15:05:54,2025-07-07 15:07:54,2.0,0.9833333333333333,1.0166666666666666,9,6,True,eligible,0.12986847145958091,0.017448098779014255,0.04064062115879963,-0.04681099771126623,0.11256151586888115,0.11242037268056666,2.7638164872941164,0.7016596680663867,0.7016596680663867,0.21025689621590982,0.017470578357634645,0.04066763969990937,False
572,2025-07-07 15:06:54,2025-07-07 15:08:54,2.0,1.0,1.0333333333333334,4,3,False,insufficient_merged_records_nodes_or_variation,,,,,,,,,,,,,False
573,2025-07-07 15:07:54,2025-07-07 15:09:54,2.0,1.0166666666666666,1.05,16,8,True,eligible,0.05671902268760855,0.003137870855148378,0.035770462791493214,-0.05600507694748501,0.084483579247978,0.05358115183246017,1.4974304041100375,0.9996000799840032,0.9996000799840032,0.17274075199754443,0.00314858494269736,0.03577490987085274,False
574,2025-07-07 15:08:54,2025-07-07 15:10:54,2.0,1.0333333333333334,1.0666666666666667,25,12,True,eligible,0.08180062204097352,0.0217700824980181,0.035944819928410504,-0.03705340241679351,0.10663848502651654,0.060030539542955424,1.669442327589438,0.9988002399520096,0.9988002399520096,0.19221019208305065,0.02178208620518526,0.03595124841626064,False
575,2025-07-07 15:09:54,2025-07-07 15:11:54,2.0,1.05,1.0833333333333333,36,22,True,eligible,0.002909847817083402,0.013345031487951756,0.02614420328910223,-0.032995975064515806,0.06855877573994004,-0.010435183670868355,-0.39909322068665476,1.0,1.0,0.13727000239152473,0.013342944868541462,0.02614200520246254,False
576,2025-07-07 15:10:54,2025-07-07 15:12:54,2.0,1.0666666666666667,1.1,31,20,True,eligible,0.02907449073046048,0.006177334863616543,0.02492378357427331,-0.039192552621322964,0.05941262448043032,0.022897155866843936,0.9185176413762606,1.0,1.0,0.12433210483081984,0.006181913379086818,0.024923394304188405,False
577,2025-07-07 15:11:54,2025-07-07 15:13:54,2.0,1.0833333333333333,1.1166666666666667,7,5,True,eligible,0.11168251804578941,0.024907586976052498,0.0341640154305364,-0.031444592459493985,0.09956008550450839,0.08677493106973691,2.5380604025124422,0.8178364327134573,0.8178364327134573,0.18696884891368906,0.02492493849196326,0.03418262995945418,False
578,2025-07-07 15:12:54,2025-07-07 15:14:54,2.0,1.1,1.1333333333333333,8,3,True,eligible,0.07314593605449048,0.004557322218268769,0.024203594313868832,-0.022569003202358273,0.06460631322116565,0.06858861383622171,2.8312633213587555,0.6666666666666666,0.6666666666666666,0.11938961265385793,0.004571037198040059,0.024220600867156553,False
579,2025-07-07 15:13:54,2025-07-07 15:15:54,2.0,1.1166666666666667,1.15,6,3,True,eligible,0.0648262732032372,0.0027496112962080758,0.019972638733710198,-0.02091067745518015,0.05594161510391871,0.06207666190702912,3.104776625800828,0.4887022595480904,0.4887022595480904,0.09752493361063144,0.002762024146019518,0.019989924087118246,False
580,2025-07-07 15:14:54,2025-07-07 15:16:54,2.0,1.1333333333333333,1.1666666666666667,0,0,False,insufficient_merged_records_nodes_or_variation,,,,,,,,,,,,,False
581,2025-07-07 15:15:54,2025-07-07 15:17:54,2.0,1.15,1.1833333333333333,0,0,False,insufficient_merged_records_nodes_or_variation,,,,,,,,,,,,,False
582,2025-07-07 15:16:54,2025-07-07 15:18:54,2.0,1.1666666666666667,1.2,8,4,True,eligible,0.02671696951031735,0.018728842008007406,0.03540254039898633,-0.02879581151832495,0.10001539882968963,0.007988127502309945,0.22561342248948713,1.0,1.0,0.186541447148084,0.018730439314046658,0.0353991801912532,False
583,2025-07-07 15:17:54,2025-07-07 15:19:54,2.0,1.1833333333333333,1.2166666666666666,22,7,True,eligible,0.036424027472836615,0.015235235122528888,0.03480144923464047,-0.03813034167985476,0.09443443612502889,0.021188792350307725,0.6087645583984799,1.0,1.0,0.1802065324559844,0.01523947203361673,0.03479925883818138,False
584,2025-07-07 15:18:54,2025-07-07 15:20:54,2.0,1.2,1.2333333333333334,23,8,True,eligible,0.024267064455429196,0.011810844152348243,0.032080177363471574,-0.03280197334425367,0.08274765042235457,0.012456220303080953,0.3882393542685271,1.0,1.0,0.16387758192592705,0.011813334898259677,0.03207745278845651,False
585,2025-07-07 15:19:54,2025-07-07 15:21:54,2.0,1.2166666666666666,1.25,21,6,True,eligible,0.011826214406389663,0.011707614862322342,0.0323497674272863,-0.027078071704878526,0.08041309367768432,0.00011859954406732119,0.003665797238590001,1.0,1.0,0.16504746625952008,0.011707638577488121,0.03234653233225488,False
586,2025-07-07 15:20:54,2025-07-07 15:22:54,2.0,1.2333333333333334,1.2666666666666666,33,7,True,eligible,0.02698089449883024,0.01628745356147072,0.034647702182051425,-0.03336628309450622,0.09886613943173946,0.010693440937359518,0.3085996890347685,1.0,1.0,0.18052333150208352,0.016289591822006084,0.03464456723940385,False
587,2025-07-07 15:21:54,2025-07-07 15:23:54,2.0,1.25,1.2833333333333334,45,8,True,eligible,0.04696941517593796,0.024403888182935075,0.03596021579224944,-0.030332701034317806,0.10906684694750284,0.022565526993002884,0.6274262349026709,1.0,1.0,0.1948686803744296,0.024408400385893092,0.035958035439089715,False
588,2025-07-07 15:22:54,2025-07-07 15:24:54,2.0,1.2666666666666666,1.3,50,10,True,eligible,0.06221195983687,0.02764041949700661,0.03599876651205305,-0.02792348151884111,0.11111670462248704,0.03457154033986339,0.9601689181174102,1.0,1.0,0.1982993699454015,0.027647332422489488,0.03599848606029749,False
589,2025-07-07 15:23:54,2025-07-07 15:25:54,2.0,1.2833333333333334,1.3166666666666667,48,8,True,eligible,0.050225444695855805,0.019873197130603846,0.03341102106226601,-0.029358459819093977,0.09758906304193406,0.03035224756525196,0.90828439487087,1.0,1.0,0.17826256884934094,0.01987926636626976,0.033410436754118554,False
590,2025-07-07 15:24:54,2025-07-07 15:26:54,2.0,1.3,1.3333333333333333,65,8,True,eligible,0.04558912824893642,0.025407602466243264,0.036651759706603226,-0.03309864535912571,0.10980112028437067,0.020181525782693156,0.5505573729152715,1.0,1.0,0.1991484328140646,0.02541163796430019,0.03664920547298067,False
591,2025-07-07 15:25:54,2025-07-07 15:27:54,2.0,1.3166666666666667,1.35,88,9,True,eligible,0.030907310785045772,0.019659235672436746,0.035119960531370314,-0.029819538995461355,0.10155438327290284,0.011248075112609026,0.3202405459151162,1.0,1.0,0.18613390047819534,0.01966148483762623,0.03511680857051871,False
592,2025-07-07 15:26:54,2025-07-07 15:28:54,2.0,1.3333333333333333,1.3666666666666667,83,13,True,eligible,0.023438415010031986,0.01415078772160541,0.03396528444342986,-0.03219931840162972,0.09055658211900157,0.009287627288426576,0.2734153287735203,1.0,1.0,0.17515132319000826,0.014152644875632288,0.033962141684058374,False
593,2025-07-07 15:27:54,2025-07-07 15:29:54,2.0,1.35,1.3833333333333333,99,13,True,eligible,0.03750624968921171,0.017539635420574875,0.03525749735458437,-0.03384500760612854,0.09786389635591765,0.019966614268636832,0.566233554821518,1.0,1.0,0.1846716283638523,0.017543627944923732,0.035255102023369796,False
594,2025-07-07 15:28:54,2025-07-07 15:30:54,2.0,1.3666666666666667,1.4,122,11,True,eligible,0.05372471417688419,0.02050786416916716,0.03369439938204341,-0.030514697961694617,0.09936526570569781,0.03321685000771703,0.9856327072531361,1.0,1.0,0.18024349044660498,0.020514506210760383,0.03369430389407173,False
595,2025-07-07 15:29:54,2025-07-07 15:31:54,2.0,1.3833333333333333,1.4166666666666667,117,16,True,eligible,0.06179202043228032,0.01782487700040185,0.03402568179920998,-0.035639828061669154,0.09648289495179384,0.043967143431878464,1.291830383271716,1.0,1.0,0.17914435782312083,0.017833668670754158,0.03402795934416432,False
596,2025-07-07 15:30:54,2025-07-07 15:32:54,2.0,1.4,1.4333333333333333,110,15,True,eligible,0.06068376169995886,0.02063102521452738,0.03626524433881924,-0.038372924158186904,0.10281038417293534,0.04005273648543148,1.1041935371992266,1.0,1.0,0.19255942252997607,0.020639034160035367,0.036266040500016375,False
597,2025-07-07 15:31:54,2025-07-07 15:33:54,2.0,1.4166666666666667,1.45,102,9,True,eligible,0.05060068898023298,0.026833272265329958,0.03548326906048254,-0.02874882778108411,0.10644203211809841,0.023767416714903025,0.6697233728785044,1.0,1.0,0.19503838290749628,0.02683802479816638,0.03548131235129736,False
598,2025-07-07 15:32:54,2025-07-07 15:34:54,2.0,1.4333333333333333,1.4666666666666666,101,8,True,eligible,0.03590128655815772,0.021184635610149674,0.034584984667627,-0.031260475519644865,0.09991254430297894,0.014716650948008045,0.42547115463773927,1.0,1.0,0.18512543720897973,0.021187578351790953,0.0345821521529339,False
599,2025-07-07 15:33:54,2025-07-07 15:35:54,2.0,1.45,1.4833333333333334,112,12,True,eligible,0.043089172507234846,0.013621033850202833,0.03402640203065382,-0.039972623209495975,0.08953883210946291,0.029468138657032013,0.8658859419049749,1.0,1.0,0.17492619823904887,0.013626926299444387,0.034025550920682046,False
600,2025-07-07 15:34:54,2025-07-07 15:36:54,2.0,1.4666666666666666,1.5,111,13,True,eligible,0.04816382370725236,0.015077995375100307,0.0346481874950219,-0.04173502766712524,0.09251177016545904,0.033085828332152054,0.9547254007904029,1.0,1.0,0.17933406195412255,0.015084611217598238,0.03464788143508944,False
601,2025-07-07 15:35:54,2025-07-07 15:37:54,2.0,1.4833333333333334,1.5166666666666666,91,10,True,eligible,0.04613131327541329,0.021397688599765582,0.035328194689668246,-0.034893393757539574,0.10146035731438756,0.024733624675647707,0.7000057681259474,1.0,1.0,0.18886859252693655,0.02140263433555356,0.03532639310396434,False
602,2025-07-07 15:36:54,2025-07-07 15:38:54,2.0,1.5,1.5333333333333334,94,11,True,eligible,0.06535472514581861,0.029691357733410972,0.03847106527073224,-0.03100117371437155,0.11425920310832072,0.03566336741240764,0.9268456175791094,1.0,1.0,0.2120693036491139,0.02969848898064401,0.03847052355742646,False
603,2025-07-07 15:37:54,2025-07-07 15:39:54,2.0,1.5166666666666666,1.55,83,10,True,eligible,0.06996732982674904,0.03426509564486016,0.03827955241476291,-0.026616483802564456,0.11898218179957104,0.03570223418188888,0.9324968036928754,1.0,1.0,0.21573537970529308,0.03427223466389273,0.03827905363481841,False
604,2025-07-07 15:38:54,2025-07-07 15:40:54,2.0,1.5333333333333334,1.5666666666666667,83,10,True,eligible,0.06529162703873069,0.02778883062333786,0.03717514497021597,-0.0319985366212418,0.10921591688410973,0.03750279641539283,1.0086102357706768,1.0,1.0,0.20402666689195886,0.027796329682809057,0.037175210032715525,False
605,2025-07-07 15:39:54,2025-07-07 15:41:54,2.0,1.55,1.5833333333333333,81,10,True,eligible,0.0635940371526068,0.022698599504249784,0.03686831472161251,-0.0356361568554249,0.10683786414628405,0.040895437648357014,1.1089825921734913,1.0,1.0,0.19748628891434433,0.022706776956289046,0.03686916321759654,False
606,2025-07-07 15:40:54,2025-07-07 15:42:54,2.0,1.5666666666666667,1.6,69,13,True,eligible,0.05637332876223068,0.027194569151729634,0.03656362953103991,-0.03253877657089231,0.1083578178147813,0.029178759610501048,0.7978963044066041,1.0,1.0,0.2005252260523175,0.027200403736734723,0.03656230122182591,False
607,2025-07-07 15:41:54,2025-07-07 15:43:54,2.0,1.5833333333333333,1.6166666666666667,82,14,True,eligible,0.04842285513692651,0.019928321002769908,0.03547237725073658,-0.037119348610617366,0.10072281275551939,0.028494534134156604,0.803155851859496,1.0,1.0,0.18808605241583526,0.01993401877004329,0.0354711184646477,False
608,2025-07-07 15:42:54,2025-07-07 15:44:54,2.0,1.6,1.6333333333333333,64,10,True,eligible,0.061514186881754356,0.018840587961609215,0.03377580970210911,-0.03150556202266784,0.0945538336487194,0.04267359892014514,1.2631088306163305,1.0,1.0,0.17897402808533303,0.01884912097479061,0.03377782252234389,False
609,2025-07-07 15:43:54,2025-07-07 15:45:54,2.0,1.6166666666666667,1.65,31,7,True,eligible,0.0728982688928591,0.027727099013549222,0.034402712927863906,-0.025622156613324475,0.10540461156017428,0.04517116987930987,1.3126543165002724,1.0,1.0,0.19083515406646326,0.027736131441039587,0.0344052024086801,False
610,2025-07-07 15:44:54,2025-07-07 15:46:54,2.0,1.6333333333333333,1.6666666666666667,9,6,True,eligible,-0.002334574292178514,-0.010272239521428464,0.026714838080963064,-0.0545923663022376,0.04772288963324596,0.007937665229249949,0.29709338487288184,1.0,1.0,0.11636039183973919,-0.010270652305825733,0.026712402287391385,False
611,2025-07-07 15:45:54,2025-07-07 15:47:54,2.0,1.65,1.6833333333333333,15,9,True,eligible,-0.020195355805865976,-0.014900611253167696,0.01645253148436388,-0.04181104661130132,0.02076681465719247,-0.00529474455269828,-0.3217839417853265,1.0,1.0,0.06308511842346304,-0.014901669990330803,0.016451056526204093,False
612,2025-07-07 15:46:54,2025-07-07 15:48:54,2.0,1.6666666666666667,1.7,22,10,True,eligible,-0.0176662454113256,-0.007162172714689925,0.02793544518963,-0.04739002226635415,0.05543419389781488,-0.010504072696635674,-0.3759694571363845,1.0,1.0,0.12525327576752457,-0.00716427310915036,0.02793304642926248,False
613,2025-07-07 15:47:54,2025-07-07 15:49:54,2.0,1.6833333333333333,1.7166666666666666,22,11,True,eligible,0.007841211120516674,-0.011308552180107068,0.0277495804044641,-0.05906981847822604,0.05129601181581053,0.01914976330062374,0.6899901515005084,1.0,1.0,0.12023620745044375,-0.011304722993284305,0.027748126653930758,False
614,2025-07-07 15:48:54,2025-07-07 15:50:54,2.0,1.7,1.7333333333333334,18,11,True,eligible,0.007568911520715556,-0.010376819909631827,0.026270509452127475,-0.053148294245618885,0.046798632527671954,0.017945731430347382,0.6830130277484561,1.0,1.0,0.11415636121358974,-0.010373231481031477,0.02626910801524985,False
615,2025-07-07 15:49:54,2025-07-07 15:51:54,2.0,1.7166666666666666,1.75,20,5,True,eligible,0.04323136754635399,0.008343758471310438,0.03289934924428779,-0.04358572301804568,0.08261066964325389,0.034887609075043555,1.0602094024007644,1.0,1.0,0.16431314802558425,0.008350734597900129,0.03289975816991369,False
616,2025-07-07 15:50:54,2025-07-07 15:52:54,2.0,1.7333333333333334,1.7666666666666666,42,11,True,eligible,0.04042251825005853,0.0003674715998689652,0.030870259418633167,-0.05094160554641265,0.06772076406530428,0.04005504665018956,1.297180590233905,1.0,1.0,0.14672698549657143,0.0003754810073175136,0.030872368538539273,False
617,2025-07-07 15:51:54,2025-07-07 15:53:54,2.0,1.75,1.7833333333333334,53,11,True,eligible,0.02310213825228745,-7.126694528873439e-05,0.03050844121768968,-0.05092493759176374,0.06643230510849693,0.023173405197576182,0.7594538101032726,1.0,1.0,0.14455354137257034,-6.663319100007694e-05,0.030507150184863743,False
618,2025-07-07 15:52:54,2025-07-07 15:54:54,2.0,1.7666666666666666,1.8,34,12,True,eligible,0.02209676558740131,-0.0005969273535807125,0.02841221534094516,-0.04704799497132321,0.0618005369648084,0.022693692940982023,0.7985993555092941,1.0,1.0,0.13409179778716548,-0.0005923895225587205,0.02841118635199797,False
619,2025-07-07 15:53:54,2025-07-07 15:55:54,2.0,1.7833333333333334,1.8166666666666667,13,9,True,eligible,0.0033388654817865008,-0.013858072767691137,0.024067073846801016,-0.056591050970447386,0.038419792185532445,0.01719693824947764,0.7144342264881582,1.0,1.0,0.10023055612793813,-0.013854634067781226,0.02406589565855956,False
620,2025-07-07 15:54:54,2025-07-07 15:56:54,2.0,1.8,1.8333333333333333,21,10,True,eligible,-0.006864917314847067,-0.011313790544782574,0.024998729038175477,-0.051032850938412436,0.04442218982041231,0.004448873229935507,0.17794562287065316,1.0,1.0,0.10718294131553031,-0.01131290094805593,0.024996308206142594,False
621,2025-07-07 15:55:54,2025-07-07 15:57:54,2.0,1.8166666666666667,1.85,37,12,True,eligible,-0.004691680731370319,-0.011728695010885578,0.02693474036896214,-0.055672304322566694,0.04862929806287602,0.007037014279515259,0.261233733841779,1.0,1.0,0.11594585974691718,-0.011727287889453961,0.026932230591416986,False
622,2025-07-07 15:56:54,2025-07-07 15:58:54,2.0,1.8333333333333333,1.8666666666666667,34,11,True,eligible,0.02582936562053415,-0.0031077718155031017,0.024884005240902667,-0.04484675635772866,0.05178140916556474,0.02893713743603725,1.1626075662933153,1.0,1.0,0.11486563322209131,-0.0031019855452699414,0.02488488119688099,False
623,2025-07-07 15:57:54,2025-07-07 15:59:54,2.0,1.85,1.8833333333333333,25,8,True,eligible,0.06955193724206012,0.013794970016604435,0.0251929131305684,-0.021590762827784573,0.06869497947676971,0.05575696722545568,2.2118960509529106,0.9504099180163967,0.9504099180163967,0.13328050899548188,0.013806119180216802,0.025202729593837542,False
624,2025-07-07 15:58:54,2025-07-07 16:00:54,2.0,1.8666666666666667,1.9,11,4,True,eligible,0.0705304724665166,0.0006034060426767292,0.02658193837660197,-0.028207913363663233,0.06081055630944504,0.06992706642383988,2.628541959456584,0.7738452309538092,0.7738452309538092,0.1267045264380262,0.0006173886594381439,0.026597667028123856,False
625,2025-07-07 15:59:54,2025-07-07 16:01:54,2.0,1.8833333333333333,1.9166666666666667,0,0,False,insufficient_merged_records_nodes_or_variation,,,,,,,,,,,,,False
626,2025-07-07 16:00:54,2025-07-07 16:02:54,2.0,1.9,1.9333333333333333,0,0,False,insufficient_merged_records_nodes_or_variation,,,,,,,,,,,,,False
627,2025-07-07 16:01:54,2025-07-07 16:03:54,2.0,1.9166666666666667,1.95,0,0,False,insufficient_merged_records_nodes_or_variation,,,,,,,,,,,,,False
628,2025-07-07 16:02:54,2025-07-07 16:04:54,2.0,1.9333333333333333,1.9666666666666666,0,0,False,insufficient_merged_records_nodes_or_variation,,,,,,,,,,,,,False
629,2025-07-07 16:03:54,2025-07-07 16:05:54,2.0,1.95,1.9833333333333334,1,1,False,insufficient_merged_records_nodes_or_variation,,,,,,,,,,,,,False
630,2025-07-07 16:04:54,2025-07-07 16:06:54,2.0,1.9666666666666666,2.0,1,1,False,insufficient_merged_records_nodes_or_variation,,,,,,,,,,,,,False
631,2025-07-07 16:05:54,2025-07-07 16:07:54,2.0,1.9833333333333334,2.0166666666666666,0,0,False,insufficient_merged_records_nodes_or_variation,,,,,,,,,,,,,False
632,2025-07-07 16:06:54,2025-07-07 16:08:54,2.0,2.0,2.033333333333333,3,2,False,insufficient_merged_records_nodes_or_variation,,,,,,,,,,,,,False
633,2025-07-07 16:07:54,2025-07-07 16:09:54,2.0,2.0166666666666666,2.05,3,2,False,insufficient_merged_records_nodes_or_variation,,,,,,,,,,,,,False
634,2025-07-07 16:08:54,2025-07-07 16:10:54,2.0,2.033333333333333,2.066666666666667,1,1,False,insufficient_merged_records_nodes_or_variation,,,,,,,,,,,,,False
635,2025-07-07 16:09:54,2025-07-07 16:11:54,2.0,2.05,2.0833333333333335,4,3,False,insufficient_merged_records_nodes_or_variation,,,,,,,,,,,,,False
636,2025-07-07 16:10:54,2025-07-07 16:12:54,2.0,2.066666666666667,2.1,7,5,True,eligible,0.015863092912401542,0.005220890312833883,0.028652665162372123,-0.04029590268552395,0.07129275090515957,0.01064220259956766,0.3713787843518744,1.0,1.0,0.14104023412069355,0.005223018327750813,0.028650194984130975,False
637,2025-07-07 16:11:54,2025-07-07 16:13:54,2.0,2.0833333333333335,2.1166666666666667,8,6,True,eligible,0.03900523560209467,0.015710445026177945,0.03522859873042977,-0.04162303664921452,0.0994764397905794,0.023294790575916727,0.6611515746350386,1.0,1.0,0.18270806388552038,0.015715103052687824,0.035226615866812694,False
638,2025-07-07 16:12:54,2025-07-07 16:14:54,2.0,2.1,2.1333333333333333,5,4,True,eligible,0.009567562720305782,0.014371883644089352,0.031331960557919314,-0.03369685932854666,0.08798432768385357,-0.0048043209237835695,-0.1533204204125023,1.0,1.0,0.16288663435684259,0.014370922972039004,0.03132890086532491,False
639,2025-07-07 16:13:54,2025-07-07 16:15:54,2.0,2.1166666666666667,2.15,6,6,True,eligible,0.034475945865849934,-0.012147479337482253,0.025987989923303832,-0.05541835424281269,0.05061082024432802,0.04662342520333219,1.7932809460569423,0.9958008398320336,0.9958008398320336,0.11108610752679594,-0.012138156517005682,0.02599375322943707,False
640,2025-07-07 16:14:54,2025-07-07 16:16:54,2.0,2.1333333333333333,2.1666666666666665,7,6,True,eligible,0.042534490006496554,-0.013904872549394452,0.026161253893954222,-0.05805021592081751,0.044674590132609084,0.05643936255589101,2.156145635791525,0.9630073985202959,0.9630073985202959,0.11017001888705569,-0.013893586934006347,0.026170809616850418,False
641,2025-07-07 16:15:54,2025-07-07 16:17:54,2.0,2.15,2.183333333333333,2,2,False,insufficient_merged_records_nodes_or_variation,,,,,,,,,,,,,False
642,2025-07-07 16:16:54,2025-07-07 16:18:54,2.0,2.1666666666666665,2.2,3,1,False,insufficient_merged_records_nodes_or_variation,,,,,,,,,,,,,False
643,2025-07-07 16:17:54,2025-07-07 16:19:54,2.0,2.183333333333333,2.216666666666667,23,11,True,eligible,-0.004512058830254014,0.012011572388621019,0.02968849363773418,-0.03368425629928519,0.07663775631654533,-0.016523631218875033,-0.5564939691295125,1.0,1.0,0.15273785840566448,0.012008268323190333,0.029686444184266768,False
644,2025-07-07 16:18:54,2025-07-07 16:20:54,2.0,2.2,2.2333333333333334,27,11,True,eligible,0.0012364135433692294,0.016494317797097712,0.032739688349704685,-0.03438593317156148,0.08837629501914061,-0.015257904253728482,-0.46598023448277737,1.0,1.0,0.17168271323596626,0.016491266826441097,0.032737125213055975,False
645,2025-07-07 16:19:54,2025-07-07 16:21:54,2.0,2.216666666666667,2.25,11,5,True,eligible,0.02349274319901377,0.01036211096800099,0.025961244886511074,-0.0312468985051475,0.06702061344083488,0.013130632231012782,0.5057147234014755,1.0,1.0,0.1334257340082394,0.01036473656932693,0.025959312676101014,False
646,2025-07-07 16:20:54,2025-07-07 16:22:54,2.0,2.2333333333333334,2.2666666666666666,4,3,False,insufficient_merged_records_nodes_or_variation,,,,,,,,,,,,,False
647,2025-07-07 16:21:54,2025-07-07 16:23:54,2.0,2.25,2.283333333333333,8,4,True,eligible,0.018632583923621906,0.011053741915613887,0.03514070960289168,-0.03903603326147405,0.08546350477363915,0.007578842008008018,0.21564872269606875,1.0,1.0,0.17762509204605523,0.01105525738092243,0.03513735879335032,False
648,2025-07-07 16:22:54,2025-07-07 16:24:54,2.0,2.2666666666666666,2.3,15,6,True,eligible,0.025535354977902134,0.021146151250160863,0.03658471088576156,-0.032757068572869856,0.10280099186564884,0.004389203727741271,0.11996155054047308,1.0,1.0,0.19456099063214607,0.021147028915373366,0.036581104885337556,False
649,2025-07-07 16:23:54,2025-07-07 16:25:54,2.0,2.283333333333333,2.316666666666667,13,7,True,eligible,0.0003256800317297751,0.011705948121212884,0.0266995742000787,-0.03203111480382527,0.07057765748994019,-0.011380268089483109,-0.4261837155300291,1.0,1.0,0.13826354625151763,0.011703672522714686,0.026697389122046857,False
650,2025-07-07 16:24:54,2025-07-07 16:26:54,2.0,2.3,2.3333333333333335,8,4,True,eligible,-0.015434118673647652,-0.005399640052355813,0.017184576926843994,-0.030704624781847854,0.03152268760907492,-0.010034478621291839,-0.5838452396417083,1.0,1.0,0.07605705058459541,-0.0054016465467811876,0.017183444251464907,False
651,2025-07-07 16:25:54,2025-07-07 16:27:54,2.0,2.316666666666667,2.35,9,6,True,eligible,0.003349606593126141,0.04368006181874075,0.044589644261048826,-0.02837866598561249,0.1470218624860394,-0.040330455225614605,-0.904315915088318,1.0,1.0,0.255046861327252,0.04367199734059126,0.04458883237007625,False
652,2025-07-07 16:26:54,2025-07-07 16:28:54,2.0,2.3333333333333335,2.3666666666666667,18,10,True,eligible,-0.01655287230316444,0.04340580328510169,0.04081511075435841,-0.024452672613388664,0.1350143967685738,-0.05995867558826613,-1.4685675670333536,1.0,1.0,0.2369016203044378,0.04339381394785148,0.04081983532573441,False
653,2025-07-07 16:27:54,2025-07-07 16:29:54,2.0,2.35,2.3833333333333333,13,8,True,eligible,-0.0201133984177484,0.00781581078917608,0.03310773898736727,-0.04376950669944775,0.08095543794075709,-0.02792920920692448,-0.8434411706648076,1.0,1.0,0.1647540514571494,0.007810226064279675,0.03310678379621715,False
654,2025-07-07 16:28:54,2025-07-07 16:30:54,2.0,2.3666666666666667,2.4,6,4,True,eligible,-0.008341739116511992,-0.00260392910322288,0.024853324901814456,-0.03837840434218728,0.05419728773396116,-0.005737810013289112,-0.23084258853882447,1.0,1.0,0.11520179415870008,-0.002605076435759031,0.024850971898489758,False
655,2025-07-07 16:29:54,2025-07-07 16:31:54,2.0,2.3833333333333333,2.4166666666666665,12,5,True,eligible,-0.012770232414366822,0.01938887193060363,0.03651480558088669,-0.03454338208303633,0.10448358802959673,-0.03215910434497045,-0.8805577667291627,1.0,1.0,0.19247822293089858,0.019382441395841592,0.036513985822463096,False
656,2025-07-07 16:30:54,2025-07-07 16:32:54,2.0,2.4,2.433333333333333,8,4,True,eligible,-0.014076044974680967,0.01878664492318182,0.03967652752739618,-0.042313964466571374,0.11389580293536822,-0.032862689897862785,-0.828125665890214,1.0,1.0,0.20686208267614833,0.01878007369944699,0.03967528121327875,False
657,2025-07-07 16:31:54,2025-07-07 16:33:54,2.0,2.4166666666666665,2.45,9,6,True,eligible,-0.0013239783683187713,-0.0028125918671536294,0.026310437523929822,-0.04611522919759807,0.05448415103118316,0.0014886134988348581,0.056573145609775305,1.0,1.0,0.12190078916803869,-0.002812294203986496,0.02630781477016823,False
658,2025-07-07 16:32:54,2025-07-07 16:34:54,2.0,2.433333333333333,2.466666666666667,11,7,True,eligible,0.005282537119738122,0.004797236465698385,0.030373789350715268,-0.045379129402212295,0.07349672980209776,0.0004853006540397366,0.015976015470671876,1.0,1.0,0.148770910695088,0.004797333506421048,0.03037075259521315,False
659,2025-07-07 16:33:54,2025-07-07 16:35:54,2.0,2.45,2.4833333333333334,2,2,False,insufficient_merged_records_nodes_or_variation,,,,,,,,,,,,,False
660,2025-07-07 16:34:54,2025-07-07 16:36:54,2.0,2.466666666666667,2.5,0,0,False,insufficient_merged_records_nodes_or_variation,,,,,,,,,,,,,False
661,2025-07-07 16:35:54,2025-07-07 16:37:54,2.0,2.4833333333333334,2.5166666666666666,1,1,False,insufficient_merged_records_nodes_or_variation,,,,,,,,,,,,,False
662,2025-07-07 16:36:54,2025-07-07 16:38:54,2.0,2.5,2.533333333333333,2,2,False,insufficient_merged_records_nodes_or_variation,,,,,,,,,,,,,False
663,2025-07-07 16:37:54,2025-07-07 16:39:54,2.0,2.5166666666666666,2.55,13,4,True,eligible,0.0031160475029588727,0.0161289716854333,0.038782435046505775,-0.03999289703630856,0.10715935291245436,-0.013012924182474427,-0.3354992238432421,1.0,1.0,0.19995949500799523,0.01612636962100969,0.03877899319412354,False
664,2025-07-07 16:38:54,2025-07-07 16:40:54,2.0,2.533333333333333,2.566666666666667,18,5,True,eligible,-0.0053530162084846,0.012165791575715377,0.030995097633514605,-0.03332248142277428,0.08302040692885604,-0.017518807784199977,-0.5651376595753519,1.0,1.0,0.159085593811921,0.012162288514770726,0.030992988038377127,False
665,2025-07-07 16:39:54,2025-07-07 16:41:54,2.0,2.55,2.5833333333333335,8,3,True,eligible,-0.01652010369541962,0.0017475016520101959,0.025320967640313274,-0.03182026127179534,0.05571087276978446,-0.018267605347429813,-0.7213321728300757,1.0,1.0,0.12177299280358676,0.0017438488614988125,0.025319753152367536,False
666,2025-07-07 16:40:54,2025-07-07 16:42:54,2.0,2.566666666666667,2.6,5,3,True,eligible,-0.024526905029479795,0.010197014162224115,0.037433940561428306,-0.040931436514995395,0.09791055269423168,-0.03472391919170391,-0.9274327082226337,1.0,1.0,0.18764444932052007,0.010190070767064805,0.03743341752856387,False
667,2025-07-07 16:41:54,2025-07-07 16:43:54,2.0,2.5833333333333335,2.6166666666666667,13,8,True,eligible,-0.02310448452838466,0.004180977917232441,0.02817358181986774,-0.04170755163370184,0.06499139496483188,-0.027285462445617102,-0.9682892438511309,1.0,1.0,0.13773250565815676,0.004175521915943574,0.02817340646667597,False
668,2025-07-07 16:42:54,2025-07-07 16:44:54,2.0,2.6,2.6333333333333333,32,19,True,eligible,-0.021349416313618134,-0.01134477642314024,0.024005709119618614,-0.05372504763842845,0.04081179583001865,-0.010004639890477894,-0.4167119570785831,1.0,1.0,0.10244369274094607,-0.011346776951012763,0.024003725337593526,False
669,2025-07-07 16:43:54,2025-07-07 16:45:54,2.0,2.6166666666666667,2.65,29,17,True,eligible,-0.030761499895335533,-0.012907654451467906,0.02356764528182488,-0.05441099024002916,0.03861061996550646,-0.017853845443867627,-0.7574382608445978,1.0,1.0,0.09880723098584088,-0.012911224506545665,0.02356664075681302,False
670,2025-07-07 16:44:54,2025-07-07 16:46:54,2.0,2.6333333333333333,2.6666666666666665,12,5,True,eligible,0.005145912979136155,8.474276040643658e-05,0.01517215758675398,-0.02577440945323376,0.030260827157863133,0.005061170218729719,0.3335457028469031,1.0,1.0,0.07200348713844755,8.575479204385493e-05,0.015170809109223943,False
671,2025-07-07 16:45:54,2025-07-07 16:47:54,2.0,2.65,2.683333333333333,30,17,True,eligible,-0.016770969947768284,-0.0006593233831257484,0.028877733328539112,-0.04546400237774063,0.06901132544494319,-0.016111646564642534,-0.5578531503124227,1.0,1.0,0.1362238944768932,-0.0006625450681016817,0.02887574421807095,False
672,2025-07-07 16:46:54,2025-07-07 16:48:54,2.0,2.6666666666666665,2.7,34,18,True,eligible,-0.0019227847175203212,0.0046719571697354766,0.0302465466965961,-0.04331368028498456,0.07647121169203148,-0.006594741887255798,-0.21801005460380904,1.0,1.0,0.1480417557846367,0.004670638485094953,0.030243665663024312,False
673,2025-07-07 16:47:54,2025-07-07 16:49:54,2.0,2.683333333333333,2.716666666666667,9,7,True,eligible,0.023086149452641536,0.019065663969537856,0.03433949924924492,-0.0375809614469309,0.09654450261780038,0.004020485483103679,0.11706862803734228,1.0,1.0,0.18183796604223854,0.019066467905847217,0.034336112194909556,False
674,2025-07-07 16:48:54,2025-07-07 16:50:54,2.0,2.7,2.7333333333333334,3,2,False,insufficient_merged_records_nodes_or_variation,,,,,,,,,,,,,False
675,2025-07-07 16:49:54,2025-07-07 16:51:54,2.0,2.716666666666667,2.75,3,2,False,insufficient_merged_records_nodes_or_variation,,,,,,,,,,,,,False
676,2025-07-07 16:50:54,2025-07-07 16:52:54,2.0,2.7333333333333334,2.7666666666666666,1,1,False,insufficient_merged_records_nodes_or_variation,,,,,,,,,,,,,False
677,2025-07-07 16:51:54,2025-07-07 16:53:54,2.0,2.75,2.783333333333333,2,2,False,insufficient_merged_records_nodes_or_variation,,,,,,,,,,,,,False
678,2025-07-07 16:52:54,2025-07-07 16:54:54,2.0,2.7666666666666666,2.8,7,5,True,eligible,-0.0002168592583416041,0.02317462127079544,0.03447128084755403,-0.03404690355959009,0.10040583661204291,-0.023391480529137046,-0.6784797286619059,1.0,1.0,0.18657339526619085,0.023169943910161743,0.03446942064816981,False
679,2025-07-07 16:53:54,2025-07-07 16:55:54,2.0,2.783333333333333,2.816666666666667,6,5,True,eligible,0.013222939242664154,0.025026918300255368,0.036465472079001235,-0.03621088518202846,0.10834043589430946,-0.011803979057591214,-0.32366714943936886,1.0,1.0,0.19787488218864818,0.0250245579765086,0.03646220740747491,False
680,2025-07-07 16:54:54,2025-07-07 16:56:54,2.0,2.8,2.8333333333333335,8,6,True,eligible,-0.021387991533920576,-0.015960476773978705,0.023354196643493558,-0.054138353570237066,0.036315027291967596,-0.005427514759941871,-0.23237548996197013,1.0,1.0,0.09473932114540501,-0.01596156205987352,0.02335198722952721,False
681,2025-07-07 16:55:54,2025-07-07 16:57:54,2.0,2.816666666666667,2.85,22,9,True,eligible,-0.007278024390546596,-0.0004131933313949322,0.02185976555210288,-0.03517879464008887,0.048155480430920446,-0.006864831059151664,-0.3140050658890932,1.0,1.0,0.10320304863933785,-0.00041456602306842787,0.0218577950264737,False
682,2025-07-07 16:56:54,2025-07-07 16:58:54,2.0,2.8333333333333335,2.8666666666666667,17,7,True,eligible,-0.0031447868169757216,0.011794688546210205,0.027023446091774567,-0.03207407285065993,0.07273266131178116,-0.014939475363185926,-0.5527616783661935,1.0,1.0,0.13988836262316515,0.011791701248597092,0.02702156942160106,False
683,2025-07-07 16:57:54,2025-07-07 16:59:54,2.0,2.85,2.8833333333333333,6,5,True,eligible,-0.016778278339218206,0.005010105929623633,0.033845015353623976,-0.04814318762936797,0.08721173748934172,-0.02178838426884184,-0.6436783412866217,1.0,1.0,0.16543978957135214,0.005005749124130964,0.03384303318301186,False
684,2025-07-07 16:58:54,2025-07-07 17:00:54,2.0,2.8666666666666667,2.9,5,3,True,eligible,-0.014087657720515342,-0.010894232315861452,0.01524717437176365,-0.02900086816189315,0.017826612624033095,-0.00319342540465389,-0.209421896084271,1.0,1.0,0.06137796227531622,-0.010894870873230909,0.015245716455549908,False
685,2025-07-07 16:59:54,2025-07-07 17:01:54,2.0,2.8833333333333333,2.9166666666666665,35,22,True,eligible,0.047774164642496605,-0.004641865655239605,0.0248602475969497,-0.049431072086744264,0.04825940182259778,0.05241603029773621,2.1072801791918145,0.9708058388322336,0.9708058388322336,0.11326004545981751,-0.004631384545402025,0.02486880942808338,False
686,2025-07-07 17:00:54,2025-07-07 17:02:54,2.0,2.9,2.933333333333333,45,26,True,eligible,0.021501335438239778,-0.005325238902330011,0.023353117348874793,-0.046086831406771445,0.044772371797677374,0.02682657434056979,1.1484699560120393,1.0,1.0,0.10538990105409729,-0.005319874660310302,0.023353863075081537,False
687,2025-07-07 17:01:54,2025-07-07 17:03:54,2.0,2.9166666666666665,2.95,17,13,True,eligible,-0.013968624673373758,0.006307023363993664,0.018536487037942334,-0.02507326971486625,0.04735415450290419,-0.020275648037367422,-1.0935834787880896,1.0,1.0,0.09417753529322895,0.0063029690452499395,0.018536850740547672,False
688,2025-07-07 17:02:54,2025-07-07 17:04:54,2.0,2.933333333333333,2.966666666666667,5,5,True,eligible,-0.004785438175858234,0.023440403190292326,0.037215192422358045,-0.0382150022018877,0.11386211283456583,-0.02822584136615056,-0.7583299871974015,1.0,1.0,0.19984713852529754,0.02343475915082699,0.037213611228773945,False
689,2025-07-07 17:03:54,2025-07-07 17:05:54,2.0,2.95,2.9833333333333334,16,10,True,eligible,0.10514384411939313,0.06411017434015195,0.03923900092706202,-0.004425972904410019,0.15050197009769792,0.04103366977924118,1.0455179989890389,1.0,1.0,0.2501339233692182,0.0641183794330892,0.039239367209338724,False
690,2025-07-07 17:04:54,2025-07-07 17:06:54,2.0,2.966666666666667,3.0,26,15,True,eligible,0.0636925862938818,0.023219176937958063,0.03442145994570459,-0.03575495243854689,0.10106800268629663,0.04047340935592374,1.1755390259779137,1.0,1.0,0.1864095997087175,0.023227270001216594,0.034422775763656766,False
691,2025-07-07 17:05:54,2025-07-07 17:07:54,2.0,2.9833333333333334,3.0166666666666666,10,9,True,eligible,0.010858403057187549,-0.010576555950236384,0.027616082122554446,-0.053719634349591566,0.05021800979781545,0.021434959007423933,0.7760523401772592,1.0,1.0,0.1203374928707443,-0.010572269815661815,0.02761498389136273,False
692,2025-07-07 17:06:54,2025-07-07 17:08:54,2.0,3.0,3.033333333333333,0,0,False,insufficient_merged_records_nodes_or_variation,,,,,,,,,,,,,False
693,2025-07-07 17:07:54,2025-07-07 17:09:54,2.0,3.0166666666666666,3.05,2,2,False,insufficient_merged_records_nodes_or_variation,,,,,,,,,,,,,False
694,2025-07-07 17:08:54,2025-07-07 17:10:54,2.0,3.033333333333333,3.066666666666667,30,14,True,eligible,0.13358655853266163,0.03959134197949118,0.03367563853958381,-0.01649157626983276,0.11714631169512492,0.09399521655317045,2.7887424782722756,0.6876624675064987,0.6876624675064987,0.1993589841535693,0.03961013726374496,0.03369849385560275,False
695,2025-07-07 17:09:54,2025-07-07 17:11:54,2.0,3.05,3.0833333333333335,29,13,True,eligible,0.13427452177160337,0.04248085967817723,0.033857932555897835,-0.013835768334789198,0.12062633335188182,0.09179366209342614,2.7088805794769097,0.7276544691061788,0.7276544691061788,0.20310575538281653,0.042499214739583624,0.033879421532026985,False
696,2025-07-07 17:10:54,2025-07-07 17:12:54,2.0,3.066666666666667,3.1,11,8,True,eligible,-0.009094032353260905,0.042342735491978596,0.04215017614002981,-0.025948971232085418,0.13833529582766665,-0.0514367678452395,-1.2200178805652644,1.0,1.0,0.24215655048105122,0.04233245019546885,0.0421522367564831,False
697,2025-07-07 17:11:54,2025-07-07 17:13:54,2.0,3.0833333333333335,3.1166666666666667,11,8,True,eligible,-0.013045962169057845,0.0351955944769222,0.03920208601417075,-0.028461640801697035,0.12194622486219643,-0.048241556645980045,-1.2302771623764055,1.0,1.0,0.2210343118851,0.03518594809486941,0.03920410110739796,False
698,2025-07-07 17:12:54,2025-07-07 17:14:54,2.0,3.1,3.1333333333333333,1,1,False,insufficient_merged_records_nodes_or_variation,,,,,,,,,,,,,False
699,2025-07-07 17:13:54,2025-07-07 17:15:54,2.0,3.1166666666666667,3.15,1,1,False,insufficient_merged_records_nodes_or_variation,,,,,,,,,,,,,False
700,2025-07-07 17:14:54,2025-07-07 17:16:54,2.0,3.1333333333333333,3.1666666666666665,3,2,False,insufficient_merged_records_nodes_or_variation,,,,,,,,,,,,,False
701,2025-07-07 17:15:54,2025-07-07 17:17:54,2.0,3.15,3.183333333333333,2,2,False,insufficient_merged_records_nodes_or_variation,,,,,,,,,,,,,False
702,2025-07-07 17:16:54,2025-07-07 17:18:54,2.0,3.1666666666666665,3.2,2,2,False,insufficient_merged_records_nodes_or_variation,,,,,,,,,,,,,False
703,2025-07-07 17:17:54,2025-07-07 17:19:54,2.0,3.183333333333333,3.216666666666667,4,2,False,insufficient_merged_records_nodes_or_variation,,,,,,,,,,,,,False
704,2025-07-07 17:18:54,2025-07-07 17:20:54,2.0,3.2,3.2333333333333334,4,1,False,insufficient_merged_records_nodes_or_variation,,,,,,,,,,,,,False
705,2025-07-07 17:19:54,2025-07-07 17:21:54,2.0,3.216666666666667,3.25,13,11,True,eligible,-0.01677584193238878,-0.013582275388928478,0.024869542295256127,-0.05471591713904773,0.040774088713923295,-0.003193566543460303,-0.1283997105799448,1.0,1.0,0.10430039451947948,-0.013582913974520053,0.024867096222002245,False
706,2025-07-07 17:20:54,2025-07-07 17:22:54,2.0,3.2333333333333334,3.2666666666666666,12,11,True,eligible,-0.010471204188481313,0.001726725101476584,0.024806477307543245,-0.04176716277428089,0.05459144655567926,-0.012197929289957898,-0.4916625152623904,1.0,1.0,0.11931131136415447,0.0017242860034382002,0.024804596269477702,False
707,2025-07-07 17:21:54,2025-07-07 17:23:54,2.0,3.25,3.283333333333333,4,4,False,insufficient_merged_records_nodes_or_variation,,,,,,,,,,,,,False
708,2025-07-07 17:22:54,2025-07-07 17:24:54,2.0,3.2666666666666666,3.3,7,5,True,eligible,0.032637857831262274,0.021796108462921057,0.03432510746351778,-0.03373186423901296,0.09681956708603288,0.010841749368341216,0.31582005780673084,1.0,1.0,0.1845029566552669,0.021798276379211466,0.03432201718702805,False
709,2025-07-07 17:23:54,2025-07-07 17:25:54,2.0,3.283333333333333,3.316666666666667,11,6,True,eligible,0.0029275436605280267,0.020563666532420394,0.031266474399821165,-0.028893201039796694,0.09060066634935439,-0.017636122871892368,-0.5639842413827247,1.0,1.0,0.1687698091582302,0.020560140013149868,0.03126434226139344,False
710,2025-07-07 17:24:54,2025-07-07 17:26:54,2.0,3.3,3.3333333333333335,13,5,True,eligible,-0.010004809520050575,-4.236229739429419e-05,0.01459703240971654,-0.025007824568417727,0.03141417246300537,-0.009962447222656282,-0.6823981115686996,1.0,1.0,0.06914967289826546,-4.435438842062024e-05,0.014596252484832968,False
711,2025-07-07 17:25:54,2025-07-07 17:27:54,2.0,3.316666666666667,3.35,10,1,False,insufficient_merged_records_nodes_or_variation,,,,,,,,,,,,,False
712,2025-07-07 17:26:54,2025-07-07 17:28:54,2.0,3.3333333333333335,3.3666666666666667,4,1,False,insufficient_merged_records_nodes_or_variation,,,,,,,,,,,,,False
713,2025-07-07 17:27:54,2025-07-07 17:29:54,2.0,3.35,3.3833333333333333,1,1,False,insufficient_merged_records_nodes_or_variation,,,,,,,,,,,,,False
714,2025-07-07 17:28:54,2025-07-07 17:30:54,2.0,3.3666666666666667,3.4,3,2,False,insufficient_merged_records_nodes_or_variation,,,,,,,,,,,,,False
715,2025-07-07 17:29:54,2025-07-07 17:31:54,2.0,3.3833333333333333,3.4166666666666665,5,4,True,eligible,-8.967434417027493e-05,0.019029298677648302,0.0378123793621456,-0.040456925273678904,0.10807138077796317,-0.019118973021818576,-0.5055638759019644,1.0,1.0,0.1982629917676746,0.019025475647649937,0.037809564533694835,False
716,2025-07-07 17:30:54,2025-07-07 17:32:54,2.0,3.4,3.433333333333333,3,3,False,insufficient_merged_records_nodes_or_variation,,,,,,,,,,,,,False
717,2025-07-07 17:31:54,2025-07-07 17:33:54,2.0,3.4166666666666665,3.45,25,8,True,eligible,0.05470822527768288,0.031228345138718958,0.03371854227423411,-0.025611508538434326,0.10500821059842565,0.023479880138963925,0.6962458351158752,1.0,1.0,0.1910686919851891,0.03123304017573935,0.03371680506790621,False
718,2025-07-07 17:32:54,2025-07-07 17:34:54,2.0,3.433333333333333,3.466666666666667,28,11,True,eligible,0.04179827787633581,0.032811345246851836,0.03393238122594207,-0.02513954394011617,0.10934187183592117,0.008986932629483975,0.2648199417354252,1.0,1.0,0.19365578178114665,0.032813142273972314,0.03392922581087309,False
719,2025-07-07 17:33:54,2025-07-07 17:35:54,2.0,3.45,3.4833333333333334,7,7,True,eligible,-0.04642233856893558,-0.023831902268760852,0.02491022464834964,-0.06736474694589809,0.03036649214659712,-0.022590436300174727,-0.9067088272729884,1.0,1.0,0.09424924184471392,-0.023836419452584124,0.02490978188034269,False
720,2025-07-07 17:34:54,2025-07-07 17:36:54,2.0,3.466666666666667,3.5,6,5,True,eligible,-0.019846584682819843,-0.01764940460245933,0.01714294402848946,-0.04200657494216476,0.022427858273468968,-0.0021971800803605133,-0.12815516556759923,1.0,1.0,0.0636088669147703,-0.017649843950605773,0.0171412578063842,False
721,2025-07-07 17:35:54,2025-07-07 17:37:54,2.0,3.4833333333333334,3.5166666666666666,6,4,True,eligible,-0.03367116576204413,-0.008721815008725818,0.020034075099334806,-0.03703347903357495,0.042317114174552285,-0.024949350753318313,-1.2450282078922492,1.0,1.0,0.08625063374405192,-0.00872680388110201,0.02003517809702584,False
722,2025-07-07 17:36:54,2025-07-07 17:38:54,2.0,3.5,3.533333333333333,12,5,True,eligible,-0.006069470835099069,-0.00856877503314971,0.012819980068888525,-0.030757453556243795,0.01689609448689745,0.00249930419805064,0.19493359923850176,1.0,1.0,0.05219942600656613,-0.008568275272262277,0.012818746726704175,False
723,2025-07-07 17:37:54,2025-07-07 17:39:54,2.0,3.5166666666666666,3.55,13,7,True,eligible,0.016297822094265894,-0.016132189040272818,0.014236374170772833,-0.04207558768043918,0.012807462260398665,0.03243001113453871,2.2765596955846283,0.9288142371525695,0.9288142371525695,0.051390566419625285,-0.016125704334986966,0.014242335262342589,False
724,2025-07-07 17:38:54,2025-07-07 17:40:54,2.0,3.533333333333333,3.566666666666667,9,8,True,eligible,-0.012922976150945252,-0.0010984557020754476,0.025097321995021078,-0.04374525225048991,0.05445299102533211,-0.011824520448869804,-0.4710891452150719,1.0,1.0,0.11786462403669687,-0.0011008201332789805,0.025095369183828174,False
725,2025-07-07 17:39:54,2025-07-07 17:41:54,2.0,3.55,3.5833333333333335,6,5,True,eligible,0.018336783148666852,0.026887266528673893,0.03316833848331444,-0.029733349567758353,0.10050773164495103,-0.00855048338000704,-0.2577630416545959,1.0,1.0,0.1841065047048993,0.026885556773948837,0.033165241884200745,False
726,2025-07-07 17:40:54,2025-07-07 17:42:54,2.0,3.566666666666667,3.6,7,4,True,eligible,-0.029728332921376974,0.0019009774621933043,0.031023840411668304,-0.03602004359256775,0.07660157742174803,-0.03162931038357028,-1.0193084217716384,1.0,1.0,0.14896479147251776,0.0018946528650360213,0.03102396204227348,False
727,2025-07-07 17:41:54,2025-07-07 17:43:54,2.0,3.5833333333333335,3.6166666666666667,7,4,True,eligible,-0.029099161854257854,-0.014920540188302234,0.017877222648944816,-0.03916589892816314,0.030042918454935605,-0.01417862166595562,-0.7929818227816066,1.0,1.0,0.06982105663532656,-0.014923375345603966,0.017876559211569734,False
728,2025-07-07 17:42:54,2025-07-07 17:44:54,2.0,3.6,3.6333333333333333,8,8,True,eligible,-0.021747885622230977,-0.023191300845751307,0.023118796567255507,-0.06262585581957385,0.026213250100684767,0.0014434152235203307,0.06242843850943293,1.0,1.0,0.08639350540951644,-0.023191012220431666,0.023116493583010787,False
729,2025-07-07 17:43:54,2025-07-07 17:45:54,2.0,3.6166666666666667,3.65,8,8,True,eligible,-0.027386226339106378,-0.0172896496173985,0.02487579532717841,-0.05980668546113645,0.037454691904953846,-0.010096576721707877,-0.4058322950531088,1.0,1.0,0.10062302777991611,-0.01729166852896053,0.024873717378319615,False
730,2025-07-07 17:44:54,2025-07-07 17:46:54,2.0,3.6333333333333333,3.6666666666666665,6,6,True,eligible,-0.008857716750633935,0.011919668082584132,0.024426425974597616,-0.022687609075043712,0.0672066910336201,-0.020777384833218067,-0.8504643631482169,1.0,1.0,0.12770660677649553,0.011915513436546699,0.024425750316313166,False
731,2025-07-07 17:45:54,2025-07-07 17:47:54,2.0,3.65,3.683333333333333,6,6,True,eligible,0.004511179162962189,0.003334439724719288,0.02426926424651162,-0.0296025552372486,0.05890875563897491,0.0011767394382429007,0.048481961253869284,1.0,1.0,0.11837246241594365,0.003334675025546771,0.02426684290379285,False
732,2025-07-07 17:46:54,2025-07-07 17:48:54,2.0,3.6666666666666665,3.7,3,3,False,insufficient_merged_records_nodes_or_variation,,,,,,,,,,,,,False
733,2025-07-07 17:47:54,2025-07-07 17:49:54,2.0,3.683333333333333,3.716666666666667,11,8,True,eligible,-0.018631461182253426,-0.014946889324128845,0.018818699077367867,-0.04157062190026333,0.025602475972903074,-0.003684571858124581,-0.19577279977971132,1.0,1.0,0.07425447214519211,-0.014947626091147066,0.018816889247390382,False
734,2025-07-07 17:48:54,2025-07-07 17:50:54,2.0,3.7,3.7333333333333334,23,10,True,eligible,0.0018967796420080471,0.019898379678288947,0.028099453129764917,-0.007970151613672545,0.07453584055529457,-0.018001600036280898,-0.6405484734605845,1.0,1.0,0.15309333059843022,0.01989478007820171,0.028097796157344444,False
735,2025-07-07 17:49:54,2025-07-07 17:51:54,2.0,3.716666666666667,3.75,23,11,True,eligible,0.000267007545003507,0.015230020820369691,0.025905255001315165,-0.011900335838747448,0.07440256575983739,-0.014963013275366184,-0.5775283186322487,1.0,1.0,0.1380235795673972,0.015227028816115469,0.02590352851708042,False
736,2025-07-07 17:50:54,2025-07-07 17:52:54,2.0,3.7333333333333334,3.7666666666666666,10,5,True,eligible,-0.007559348777164231,-0.0014984054125129025,0.013634892505197149,-0.018336560759281906,0.03441822658920863,-0.006060943364651328,-0.4444639174179955,1.0,1.0,0.063131863575485,-0.0014996173587965764,0.013633798337489763,False
737,2025-07-07 17:51:54,2025-07-07 17:53:54,2.0,3.75,3.783333333333333,0,0,False,insufficient_merged_records_nodes_or_variation,,,,,,,,,,,,,False
738,2025-07-07 17:52:54,2025-07-07 17:54:54,2.0,3.7666666666666666,3.8,0,0,False,insufficient_merged_records_nodes_or_variation,,,,,,,,,,,,,False
739,2025-07-07 17:53:54,2025-07-07 17:55:54,2.0,3.783333333333333,3.816666666666667,0,0,False,insufficient_merged_records_nodes_or_variation,,,,,,,,,,,,,False
740,2025-07-07 17:54:54,2025-07-07 17:56:54,2.0,3.8,3.8333333333333335,0,0,False,insufficient_merged_records_nodes_or_variation,,,,,,,,,,,,,False
741,2025-07-07 17:55:54,2025-07-07 17:57:54,2.0,3.816666666666667,3.85,0,0,False,insufficient_merged_records_nodes_or_variation,,,,,,,,,,,,,False
742,2025-07-07 17:56:54,2025-07-07 17:58:54,2.0,3.8333333333333335,3.8666666666666667,0,0,False,insufficient_merged_records_nodes_or_variation,,,,,,,,,,,,,False
743,2025-07-07 17:57:54,2025-07-07 17:59:54,2.0,3.85,3.8833333333333333,0,0,False,insufficient_merged_records_nodes_or_variation,,,,,,,,,,,,,False
744,2025-07-07 17:58:54,2025-07-07 18:00:54,2.0,3.8666666666666667,3.9,0,0,False,insufficient_merged_records_nodes_or_variation,,,,,,,,,,,,,False
745,2025-07-07 17:59:54,2025-07-07 18:01:54,2.0,3.8833333333333333,3.9166666666666665,0,0,False,insufficient_merged_records_nodes_or_variation,,,,,,,,,,,,,False
746,2025-07-07 18:00:54,2025-07-07 18:02:54,2.0,3.9,3.933333333333333,0,0,False,insufficient_merged_records_nodes_or_variation,,,,,,,,,,,,,False
747,2025-07-07 18:01:54,2025-07-07 18:03:54,2.0,3.9166666666666665,3.95,0,0,False,insufficient_merged_records_nodes_or_variation,,,,,,,,,,,,,False
748,2025-07-07 18:02:54,2025-07-07 18:04:54,2.0,3.933333333333333,3.966666666666667,0,0,False,insufficient_merged_records_nodes_or_variation,,,,,,,,,,,,,False
749,2025-07-07 18:03:54,2025-07-07 18:05:54,2.0,3.95,3.9833333333333334,0,0,False,insufficient_merged_records_nodes_or_variation,,,,,,,,,,,,,False
750,2025-07-07 18:04:54,2025-07-07 18:06:54,2.0,3.966666666666667,4.0,0,0,False,insufficient_merged_records_nodes_or_variation,,,,,,,,,,,,,False
751,2025-07-07 18:05:54,2025-07-07 18:07:54,2.0,3.9833333333333334,4.016666666666667,0,0,False,insufficient_merged_records_nodes_or_variation,,,,,,,,,,,,,False
752,2025-07-07 18:06:54,2025-07-07 18:08:54,2.0,4.0,4.033333333333333,0,0,False,insufficient_merged_records_nodes_or_variation,,,,,,,,,,,,,False
753,2025-07-07 18:07:54,2025-07-07 18:09:54,2.0,4.016666666666667,4.05,45,19,True,eligible,0.0035168713007854343,0.007501432602002355,0.03084280396298042,-0.04306918181524771,0.07720745407018265,-0.0039845613012169205,-0.129176203947123,1.0,1.0,0.15369761060465587,0.007500635849092692,0.030839770999447947,False
754,2025-07-07 18:08:54,2025-07-07 18:10:54,2.0,4.033333333333333,4.066666666666666,45,19,True,eligible,0.0035168713007854343,0.007501432602002355,0.03084280396298042,-0.04306918181524771,0.07720745407018265,-0.0039845613012169205,-0.129176203947123,1.0,1.0,0.15369761060465587,0.007500635849092692,0.030839770999447947,False
755,2025-07-07 18:09:54,2025-07-07 18:11:54,2.0,4.05,4.083333333333333,1,1,False,insufficient_merged_records_nodes_or_variation,,,,,,,,,,,,,False
756,2025-07-07 18:10:54,2025-07-07 18:12:54,2.0,4.066666666666666,4.1,1,1,False,insufficient_merged_records_nodes_or_variation,,,,,,,,,,,,,False
757,2025-07-07 18:11:54,2025-07-07 18:13:54,2.0,4.083333333333333,4.116666666666666,0,0,False,insufficient_merged_records_nodes_or_variation,,,,,,,,,,,,,False
758,2025-07-07 18:12:54,2025-07-07 18:14:54,2.0,4.1,4.133333333333334,0,0,False,insufficient_merged_records_nodes_or_variation,,,,,,,,,,,,,False
759,2025-07-07 18:13:54,2025-07-07 18:15:54,2.0,4.116666666666666,4.15,0,0,False,insufficient_merged_records_nodes_or_variation,,,,,,,,,,,,,False
760,2025-07-07 18:14:54,2025-07-07 18:16:54,2.0,4.133333333333334,4.166666666666667,0,0,False,insufficient_merged_records_nodes_or_variation,,,,,,,,,,,,,False
761,2025-07-07 18:15:54,2025-07-07 18:17:54,2.0,4.15,4.183333333333334,1,1,False,insufficient_merged_records_nodes_or_variation,,,,,,,,,,,,,False
762,2025-07-07 18:16:54,2025-07-07 18:18:54,2.0,4.166666666666667,4.2,1,1,False,insufficient_merged_records_nodes_or_variation,,,,,,,,,,,,,False
763,2025-07-07 18:17:54,2025-07-07 18:19:54,2.0,4.183333333333334,4.216666666666667,0,0,False,insufficient_merged_records_nodes_or_variation,,,,,,,,,,,,,False
764,2025-07-07 18:18:54,2025-07-07 18:20:54,2.0,4.2,4.233333333333333,0,0,False,insufficient_merged_records_nodes_or_variation,,,,,,,,,,,,,False
765,2025-07-07 18:19:54,2025-07-07 18:21:54,2.0,4.216666666666667,4.25,0,0,False,insufficient_merged_records_nodes_or_variation,,,,,,,,,,,,,False
766,2025-07-07 18:20:54,2025-07-07 18:22:54,2.0,4.233333333333333,4.266666666666667,0,0,False,insufficient_merged_records_nodes_or_variation,,,,,,,,,,,,,False
767,2025-07-07 18:21:54,2025-07-07 18:23:54,2.0,4.25,4.283333333333333,0,0,False,insufficient_merged_records_nodes_or_variation,,,,,,,,,,,,,False
768,2025-07-07 18:22:54,2025-07-07 18:24:54,2.0,4.266666666666667,4.3,0,0,False,insufficient_merged_records_nodes_or_variation,,,,,,,,,,,,,False
769,2025-07-07 18:23:54,2025-07-07 18:25:54,2.0,4.283333333333333,4.316666666666666,0,0,False,insufficient_merged_records_nodes_or_variation,,,,,,,,,,,,,False
770,2025-07-07 18:24:54,2025-07-07 18:26:54,2.0,4.3,4.333333333333333,0,0,False,insufficient_merged_records_nodes_or_variation,,,,,,,,,,,,,False
771,2025-07-07 18:25:54,2025-07-07 18:27:54,2.0,4.316666666666666,4.35,0,0,False,insufficient_merged_records_nodes_or_variation,,,,,,,,,,,,,False
772,2025-07-07 18:26:54,2025-07-07 18:28:54,2.0,4.333333333333333,4.366666666666666,0,0,False,insufficient_merged_records_nodes_or_variation,,,,,,,,,,,,,False
773,2025-07-07 18:27:54,2025-07-07 18:29:54,2.0,4.35,4.383333333333334,0,0,False,insufficient_merged_records_nodes_or_variation,,,,,,,,,,,,,False
774,2025-07-07 18:28:54,2025-07-07 18:30:54,2.0,4.366666666666666,4.4,0,0,False,insufficient_merged_records_nodes_or_variation,,,,,,,,,,,,,False
775,2025-07-07 18:29:54,2025-07-07 18:31:54,2.0,4.383333333333334,4.416666666666667,0,0,False,insufficient_merged_records_nodes_or_variation,,,,,,,,,,,,,False
776,2025-07-07 18:30:54,2025-07-07 18:32:54,2.0,4.4,4.433333333333334,0,0,False,insufficient_merged_records_nodes_or_variation,,,,,,,,,,,,,False
777,2025-07-07 18:31:54,2025-07-07 18:33:54,2.0,4.416666666666667,4.45,0,0,False,insufficient_merged_records_nodes_or_variation,,,,,,,,,,,,,False
778,2025-07-07 18:32:54,2025-07-07 18:34:54,2.0,4.433333333333334,4.466666666666667,0,0,False,insufficient_merged_records_nodes_or_variation,,,,,,,,,,,,,False
779,2025-07-07 18:33:54,2025-07-07 18:35:54,2.0,4.45,4.483333333333333,0,0,False,insufficient_merged_records_nodes_or_variation,,,,,,,,,,,,,False
780,2025-07-07 18:34:54,2025-07-07 18:36:54,2.0,4.466666666666667,4.5,0,0,False,insufficient_merged_records_nodes_or_variation,,,,,,,,,,,,,False
781,2025-07-07 18:35:54,2025-07-07 18:37:54,2.0,4.483333333333333,4.516666666666667,23,14,True,eligible,0.007447049652526018,-0.006469899434422275,0.02699990148028803,-0.05227530310652957,0.054230333320432846,0.013916949086948294,0.5153792205972623,1.0,1.0,0.12151742732826494,-0.0064671166011715355,0.02699791861529209,False
782,2025-07-07 18:36:54,2025-07-07 18:38:54,2.0,4.5,4.533333333333333,34,14,True,eligible,0.019844531857728574,-0.007698232179735075,0.027045732962523886,-0.05136977106424077,0.053601200492113886,0.027542764037463648,1.0181700400986016,1.0,1.0,0.1205189576359288,-0.007692724728417846,0.02704583272110389,False
783,2025-07-07 18:37:54,2025-07-07 18:39:54,2.0,4.516666666666667,4.55,11,8,True,eligible,0.03530434322998179,-0.012002981033789719,0.026470070176508053,-0.054232380862892074,0.04871018607969912,0.04730732426377151,1.7864513864522318,0.996000799840032,0.996000799840032,0.11351625999117365,-0.011993521460851553,0.026475875609894773,False
784,2025-07-07 18:38:54,2025-07-07 18:40:54,2.0,4.533333333333333,4.566666666666666,12,10,True,eligible,0.08488791745031127,0.008580125044476748,0.03378597503872686,-0.05032277741066585,0.07990647079753847,0.07630779240583452,2.2571872617354463,0.9322135572885423,0.9322135572885423,0.16882459301559408,0.008595383551256558,0.03379982476083838,False
785,2025-07-07 18:39:54,2025-07-07 18:41:54,2.0,4.55,4.583333333333333,12,10,True,eligible,0.08488791745031127,0.008580125044476748,0.03378597503872686,-0.05032277741066585,0.07990647079753847,0.07630779240583452,2.2571872617354463,0.9322135572885423,0.9322135572885423,0.16882459301559408,0.008595383551256558,0.03379982476083838,False
786,2025-07-07 18:40:54,2025-07-07 18:42:54,2.0,4.566666666666666,4.6,0,0,False,insufficient_merged_records_nodes_or_variation,,,,,,,,,,,,,False
787,2025-07-07 18:41:54,2025-07-07 18:43:54,2.0,4.583333333333333,4.616666666666666,0,0,False,insufficient_merged_records_nodes_or_variation,,,,,,,,,,,,,False
788,2025-07-07 18:42:54,2025-07-07 18:44:54,2.0,4.6,4.633333333333334,3,3,False,insufficient_merged_records_nodes_or_variation,,,,,,,,,,,,,False
789,2025-07-07 18:43:54,2025-07-07 18:45:54,2.0,4.616666666666666,4.65,3,3,False,insufficient_merged_records_nodes_or_variation,,,,,,,,,,,,,False
790,2025-07-07 18:44:54,2025-07-07 18:46:54,2.0,4.633333333333334,4.666666666666667,0,0,False,insufficient_merged_records_nodes_or_variation,,,,,,,,,,,,,False
791,2025-07-07 18:45:54,2025-07-07 18:47:54,2.0,4.65,4.683333333333334,0,0,False,insufficient_merged_records_nodes_or_variation,,,,,,,,,,,,,False
792,2025-07-07 18:46:54,2025-07-07 18:48:54,2.0,4.666666666666667,4.7,0,0,False,insufficient_merged_records_nodes_or_variation,,,,,,,,,,,,,False
793,2025-07-07 18:47:54,2025-07-07 18:49:54,2.0,4.683333333333334,4.716666666666667,0,0,False,insufficient_merged_records_nodes_or_variation,,,,,,,,,,,,,False
794,2025-07-07 18:48:54,2025-07-07 18:50:54,2.0,4.7,4.733333333333333,0,0,False,insufficient_merged_records_nodes_or_variation,,,,,,,,,,,,,False
795,2025-07-07 18:49:54,2025-07-07 18:51:54,2.0,4.716666666666667,4.75,0,0,False,insufficient_merged_records_nodes_or_variation,,,,,,,,,,,,,False
796,2025-07-07 18:50:54,2025-07-07 18:52:54,2.0,4.733333333333333,4.766666666666667,0,0,False,insufficient_merged_records_nodes_or_variation,,,,,,,,,,,,,False
797,2025-07-07 18:51:54,2025-07-07 18:53:54,2.0,4.75,4.783333333333333,0,0,False,insufficient_merged_records_nodes_or_variation,,,,,,,,,,,,,False
798,2025-07-07 18:52:54,2025-07-07 18:54:54,2.0,4.766666666666667,4.8,0,0,False,insufficient_merged_records_nodes_or_variation,,,,,,,,,,,,,False
799,2025-07-07 18:53:54,2025-07-07 18:55:54,2.0,4.783333333333333,4.816666666666666,0,0,False,insufficient_merged_records_nodes_or_variation,,,,,,,,,,,,,False
800,2025-07-07 18:54:54,2025-07-07 18:56:54,2.0,4.8,4.833333333333333,0,0,False,insufficient_merged_records_nodes_or_variation,,,,,,,,,,,,,False
801,2025-07-07 18:55:54,2025-07-07 18:57:54,2.0,4.816666666666666,4.85,0,0,False,insufficient_merged_records_nodes_or_variation,,,,,,,,,,,,,False
802,2025-07-07 18:56:54,2025-07-07 18:58:54,2.0,4.833333333333333,4.866666666666666,0,0,False,insufficient_merged_records_nodes_or_variation,,,,,,,,,,,,,False
803,2025-07-07 18:57:54,2025-07-07 18:59:54,2.0,4.85,4.883333333333334,0,0,False,insufficient_merged_records_nodes_or_variation,,,,,,,,,,,,,False
804,2025-07-07 18:58:54,2025-07-07 19:00:54,2.0,4.866666666666666,4.9,0,0,False,insufficient_merged_records_nodes_or_variation,,,,,,,,,,,,,False
805,2025-07-07 18:59:54,2025-07-07 19:01:54,2.0,4.883333333333334,4.916666666666667,0,0,False,insufficient_merged_records_nodes_or_variation,,,,,,,,,,,,,False
806,2025-07-07 19:00:54,2025-07-07 19:02:54,2.0,4.9,4.933333333333334,0,0,False,insufficient_merged_records_nodes_or_variation,,,,,,,,,,,,,False
807,2025-07-07 19:01:54,2025-07-07 19:03:54,2.0,4.916666666666667,4.95,0,0,False,insufficient_merged_records_nodes_or_variation,,,,,,,,,,,,,False
808,2025-07-07 19:02:54,2025-07-07 19:04:54,2.0,4.933333333333334,4.966666666666667,0,0,False,insufficient_merged_records_nodes_or_variation,,,,,,,,,,,,,False
809,2025-07-07 19:03:54,2025-07-07 19:05:54,2.0,4.95,4.983333333333333,0,0,False,insufficient_merged_records_nodes_or_variation,,,,,,,,,,,,,False
810,2025-07-07 19:04:54,2025-07-07 19:06:54,2.0,4.966666666666667,5.0,0,0,False,insufficient_merged_records_nodes_or_variation,,,,,,,,,,,,,False
811,2025-07-07 19:05:54,2025-07-07 19:07:54,2.0,4.983333333333333,5.016666666666667,0,0,False,insufficient_merged_records_nodes_or_variation,,,,,,,,,,,,,False
812,2025-07-07 19:06:54,2025-07-07 19:08:54,2.0,5.0,5.033333333333333,0,0,False,insufficient_merged_records_nodes_or_variation,,,,,,,,,,,,,False
813,2025-07-07 19:07:54,2025-07-07 19:09:54,2.0,5.016666666666667,5.05,0,0,False,insufficient_merged_records_nodes_or_variation,,,,,,,,,,,,,False
814,2025-07-07 19:08:54,2025-07-07 19:10:54,2.0,5.033333333333333,5.066666666666666,0,0,False,insufficient_merged_records_nodes_or_variation,,,,,,,,,,,,,False
815,2025-07-07 19:09:54,2025-07-07 19:11:54,2.0,5.05,5.083333333333333,0,0,False,insufficient_merged_records_nodes_or_variation,,,,,,,,,,,,,False
816,2025-07-07 19:10:54,2025-07-07 19:12:54,2.0,5.066666666666666,5.1,0,0,False,insufficient_merged_records_nodes_or_variation,,,,,,,,,,,,,False
817,2025-07-07 19:11:54,2025-07-07 19:13:54,2.0,5.083333333333333,5.116666666666666,0,0,False,insufficient_merged_records_nodes_or_variation,,,,,,,,,,,,,False
818,2025-07-07 19:12:54,2025-07-07 19:14:54,2.0,5.1,5.133333333333334,0,0,False,insufficient_merged_records_nodes_or_variation,,,,,,,,,,,,,False
819,2025-07-07 19:13:54,2025-07-07 19:15:54,2.0,5.116666666666666,5.15,0,0,False,insufficient_merged_records_nodes_or_variation,,,,,,,,,,,,,False
820,2025-07-07 19:14:54,2025-07-07 19:16:54,2.0,5.133333333333334,5.166666666666667,0,0,False,insufficient_merged_records_nodes_or_variation,,,,,,,,,,,,,False
821,2025-07-07 19:15:54,2025-07-07 19:17:54,2.0,5.15,5.183333333333334,0,0,False,insufficient_merged_records_nodes_or_variation,,,,,,,,,,,,,False
822,2025-07-07 19:16:54,2025-07-07 19:18:54,2.0,5.166666666666667,5.2,0,0,False,insufficient_merged_records_nodes_or_variation,,,,,,,,,,,,,False
823,2025-07-07 19:17:54,2025-07-07 19:19:54,2.0,5.183333333333334,5.216666666666667,0,0,False,insufficient_merged_records_nodes_or_variation,,,,,,,,,,,,,False
824,2025-07-07 19:18:54,2025-07-07 19:20:54,2.0,5.2,5.233333333333333,0,0,False,insufficient_merged_records_nodes_or_variation,,,,,,,,,,,,,False
825,2025-07-07 19:19:54,2025-07-07 19:21:54,2.0,5.216666666666667,5.25,0,0,False,insufficient_merged_records_nodes_or_variation,,,,,,,,,,,,,False
826,2025-07-07 19:20:54,2025-07-07 19:22:54,2.0,5.233333333333333,5.266666666666667,0,0,False,insufficient_merged_records_nodes_or_variation,,,,,,,,,,,,,False
827,2025-07-07 19:21:54,2025-07-07 19:23:54,2.0,5.25,5.283333333333333,1,1,False,insufficient_merged_records_nodes_or_variation,,,,,,,,,,,,,False
828,2025-07-07 19:22:54,2025-07-07 19:24:54,2.0,5.266666666666667,5.3,9,9,True,eligible,0.08295068819645494,0.04919931547467663,0.0387494608389201,-0.01683638602258152,0.13323957821492355,0.03375137272177831,0.870862148140335,1.0,1.0,0.23289475471033125,0.049206064399436034,0.03874852508985284,False
829,2025-07-07 19:23:54,2025-07-07 19:25:54,2.0,5.283333333333333,5.316666666666666,8,8,True,eligible,0.07410390656463847,0.04366786145791385,0.04167474566852278,-0.025976641159887997,0.1389448248087001,0.030436045106724624,0.7302115225100291,1.0,1.0,0.24122526408280281,0.04367394744973683,0.04167280051991196,False
830,2025-07-07 19:24:54,2025-07-07 19:26:54,2.0,5.3,5.333333333333333,0,0,False,insufficient_merged_records_nodes_or_variation,,,,,,,,,,,,,False
831,2025-07-07 19:25:54,2025-07-07 19:27:54,2.0,5.316666666666666,5.35,0,0,False,insufficient_merged_records_nodes_or_variation,,,,,,,,,,,,,False
832,2025-07-07 19:26:54,2025-07-07 19:28:54,2.0,5.333333333333333,5.366666666666666,0,0,False,insufficient_merged_records_nodes_or_variation,,,,,,,,,,,,,False
833,2025-07-07 19:27:54,2025-07-07 19:29:54,2.0,5.35,5.383333333333334,0,0,False,insufficient_merged_records_nodes_or_variation,,,,,,,,,,,,,False
834,2025-07-07 19:28:54,2025-07-07 19:30:54,2.0,5.366666666666666,5.4,0,0,False,insufficient_merged_records_nodes_or_variation,,,,,,,,,,,,,False
835,2025-07-07 19:29:54,2025-07-07 19:31:54,2.0,5.383333333333334,5.416666666666667,0,0,False,insufficient_merged_records_nodes_or_variation,,,,,,,,,,,,,False
836,2025-07-07 19:30:54,2025-07-07 19:32:54,2.0,5.4,5.433333333333334,0,0,False,insufficient_merged_records_nodes_or_variation,,,,,,,,,,,,,False
837,2025-07-07 19:31:54,2025-07-07 19:33:54,2.0,5.416666666666667,5.45,0,0,False,insufficient_merged_records_nodes_or_variation,,,,,,,,,,,,,False
838,2025-07-07 19:32:54,2025-07-07 19:34:54,2.0,5.433333333333334,5.466666666666667,0,0,False,insufficient_merged_records_nodes_or_variation,,,,,,,,,,,,,False
839,2025-07-07 19:33:54,2025-07-07 19:35:54,2.0,5.45,5.483333333333333,0,0,False,insufficient_merged_records_nodes_or_variation,,,,,,,,,,,,,False
840,2025-07-07 19:34:54,2025-07-07 19:36:54,2.0,5.466666666666667,5.5,0,0,False,insufficient_merged_records_nodes_or_variation,,,,,,,,,,,,,False
841,2025-07-07 19:35:54,2025-07-07 19:37:54,2.0,5.483333333333333,5.516666666666667,0,0,False,insufficient_merged_records_nodes_or_variation,,,,,,,,,,,,,False
842,2025-07-07 19:36:54,2025-07-07 19:38:54,2.0,5.5,5.533333333333333,0,0,False,insufficient_merged_records_nodes_or_variation,,,,,,,,,,,,,False
843,2025-07-07 19:37:54,2025-07-07 19:39:54,2.0,5.516666666666667,5.55,0,0,False,insufficient_merged_records_nodes_or_variation,,,,,,,,,,,,,False
844,2025-07-07 19:38:54,2025-07-07 19:40:54,2.0,5.533333333333333,5.566666666666666,0,0,False,insufficient_merged_records_nodes_or_variation,,,,,,,,,,,,,False
845,2025-07-07 19:39:54,2025-07-07 19:41:54,2.0,5.55,5.583333333333333,1,1,False,insufficient_merged_records_nodes_or_variation,,,,,,,,,,,,,False
846,2025-07-07 19:40:54,2025-07-07 19:42:54,2.0,5.566666666666666,5.6,6,5,True,eligible,0.009131864117861996,0.019710634360160514,0.03351964740735194,-0.030074272494825187,0.09879459393643895,-0.010578770242298518,-0.31556439874029546,1.0,1.0,0.17859522993377153,0.019708519029178247,0.03351662910498555,False
847,2025-07-07 19:41:54,2025-07-07 19:43:54,2.0,5.583333333333333,5.616666666666666,6,6,True,eligible,0.013731107379235368,0.010040462313543488,0.031237489863520058,-0.040205472685962654,0.0819585761796597,0.00369064506569188,0.11813596403687933,1.0,1.0,0.15810897245059138,0.010041200294960341,0.03123440955815219,False
848,2025-07-07 19:42:54,2025-07-07 19:44:54,2.0,5.6,5.633333333333334,1,1,False,insufficient_merged_records_nodes_or_variation,,,,,,,,,,,,,False
849,2025-07-07 19:43:54,2025-07-07 19:45:54,2.0,5.616666666666666,5.65,0,0,False,insufficient_merged_records_nodes_or_variation,,,,,,,,,,,,,False
850,2025-07-07 19:44:54,2025-07-07 19:46:54,2.0,5.633333333333334,5.666666666666667,3,1,False,insufficient_merged_records_nodes_or_variation,,,,,,,,,,,,,False
851,2025-07-07 19:45:54,2025-07-07 19:47:54,2.0,5.65,5.683333333333334,3,1,False,insufficient_merged_records_nodes_or_variation,,,,,,,,,,,,,False
852,2025-07-07 19:46:54,2025-07-07 19:48:54,2.0,5.666666666666667,5.7,3,1,False,insufficient_merged_records_nodes_or_variation,,,,,,,,,,,,,False
853,2025-07-07 19:47:54,2025-07-07 19:49:54,2.0,5.683333333333334,5.716666666666667,3,1,False,insufficient_merged_records_nodes_or_variation,,,,,,,,,,,,,False
854,2025-07-07 19:48:54,2025-07-07 19:50:54,2.0,5.7,5.733333333333333,0,0,False,insufficient_merged_records_nodes_or_variation,,,,,,,,,,,,,False
855,2025-07-07 19:49:54,2025-07-07 19:51:54,2.0,5.716666666666667,5.75,0,0,False,insufficient_merged_records_nodes_or_variation,,,,,,,,,,,,,False
856,2025-07-07 19:50:54,2025-07-07 19:52:54,2.0,5.733333333333333,5.766666666666667,0,0,False,insufficient_merged_records_nodes_or_variation,,,,,,,,,,,,,False
857,2025-07-07 19:51:54,2025-07-07 19:53:54,2.0,5.75,5.783333333333333,1,1,False,insufficient_merged_records_nodes_or_variation,,,,,,,,,,,,,False
858,2025-07-07 19:52:54,2025-07-07 19:54:54,2.0,5.766666666666667,5.8,1,1,False,insufficient_merged_records_nodes_or_variation,,,,,,,,,,,,,False
859,2025-07-07 19:53:54,2025-07-07 19:55:54,2.0,5.783333333333333,5.816666666666666,0,0,False,insufficient_merged_records_nodes_or_variation,,,,,,,,,,,,,False
860,2025-07-07 19:54:54,2025-07-07 19:56:54,2.0,5.8,5.833333333333333,0,0,False,insufficient_merged_records_nodes_or_variation,,,,,,,,,,,,,False
861,2025-07-07 19:55:54,2025-07-07 19:57:54,2.0,5.816666666666666,5.85,0,0,False,insufficient_merged_records_nodes_or_variation,,,,,,,,,,,,,False
862,2025-07-07 19:56:54,2025-07-07 19:58:54,2.0,5.833333333333333,5.866666666666666,0,0,False,insufficient_merged_records_nodes_or_variation,,,,,,,,,,,,,False
863,2025-07-07 19:57:54,2025-07-07 19:59:54,2.0,5.85,5.883333333333334,0,0,False,insufficient_merged_records_nodes_or_variation,,,,,,,,,,,,,False
864,2025-07-07 19:58:54,2025-07-07 20:00:54,2.0,5.866666666666666,5.9,0,0,False,insufficient_merged_records_nodes_or_variation,,,,,,,,,,,,,False
865,2025-07-07 19:59:54,2025-07-07 20:01:54,2.0,5.883333333333334,5.916666666666667,0,0,False,insufficient_merged_records_nodes_or_variation,,,,,,,,,,,,,False
866,2025-07-07 20:00:54,2025-07-07 20:02:54,2.0,5.9,5.933333333333334,0,0,False,insufficient_merged_records_nodes_or_variation,,,,,,,,,,,,,False
867,2025-07-07 20:01:54,2025-07-07 20:03:54,2.0,5.916666666666667,5.95,0,0,False,insufficient_merged_records_nodes_or_variation,,,,,,,,,,,,,False
868,2025-07-07 20:02:54,2025-07-07 20:04:54,2.0,5.933333333333334,5.966666666666667,0,0,False,insufficient_merged_records_nodes_or_variation,,,,,,,,,,,,,False
869,2025-07-07 20:03:54,2025-07-07 20:05:54,2.0,5.95,5.983333333333333,0,0,False,insufficient_merged_records_nodes_or_variation,,,,,,,,,,,,,False
870,2025-07-07 20:04:54,2025-07-07 20:06:54,2.0,5.966666666666667,6.0,0,0,False,insufficient_merged_records_nodes_or_variation,,,,,,,,,,,,,False
871,2025-07-07 20:05:54,2025-07-07 20:07:54,2.0,5.983333333333333,6.016666666666667,0,0,False,insufficient_merged_records_nodes_or_variation,,,,,,,,,,,,,False
872,2025-07-07 20:06:54,2025-07-07 20:08:54,2.0,6.0,6.033333333333333,0,0,False,insufficient_merged_records_nodes_or_variation,,,,,,,,,,,,,False
873,2025-07-07 20:07:54,2025-07-07 20:09:54,2.0,6.016666666666667,6.05,0,0,False,insufficient_merged_records_nodes_or_variation,,,,,,,,,,,,,False
874,2025-07-07 20:08:54,2025-07-07 20:10:54,2.0,6.033333333333333,6.066666666666666,0,0,False,insufficient_merged_records_nodes_or_variation,,,,,,,,,,,,,False
875,2025-07-07 20:09:54,2025-07-07 20:11:54,2.0,6.05,6.083333333333333,0,0,False,insufficient_merged_records_nodes_or_variation,,,,,,,,,,,,,False
876,2025-07-07 20:10:54,2025-07-07 20:12:54,2.0,6.066666666666666,6.1,0,0,False,insufficient_merged_records_nodes_or_variation,,,,,,,,,,,,,False
877,2025-07-07 20:11:54,2025-07-07 20:13:54,2.0,6.083333333333333,6.116666666666666,0,0,False,insufficient_merged_records_nodes_or_variation,,,,,,,,,,,,,False
878,2025-07-07 20:12:54,2025-07-07 20:14:54,2.0,6.1,6.133333333333334,0,0,False,insufficient_merged_records_nodes_or_variation,,,,,,,,,,,,,False
879,2025-07-07 20:13:54,2025-07-07 20:15:54,2.0,6.116666666666666,6.15,1,1,False,insufficient_merged_records_nodes_or_variation,,,,,,,,,,,,,False
880,2025-07-07 20:14:54,2025-07-07 20:16:54,2.0,6.133333333333334,6.166666666666667,1,1,False,insufficient_merged_records_nodes_or_variation,,,,,,,,,,,,,False
881,2025-07-07 20:15:54,2025-07-07 20:17:54,2.0,6.15,6.183333333333334,0,0,False,insufficient_merged_records_nodes_or_variation,,,,,,,,,,,,,False
882,2025-07-07 20:16:54,2025-07-07 20:18:54,2.0,6.166666666666667,6.2,0,0,False,insufficient_merged_records_nodes_or_variation,,,,,,,,,,,,,False
883,2025-07-07 20:17:54,2025-07-07 20:19:54,2.0,6.183333333333334,6.216666666666667,0,0,False,insufficient_merged_records_nodes_or_variation,,,,,,,,,,,,,False
884,2025-07-07 20:18:54,2025-07-07 20:20:54,2.0,6.2,6.233333333333333,0,0,False,insufficient_merged_records_nodes_or_variation,,,,,,,,,,,,,False
885,2025-07-07 20:19:54,2025-07-07 20:21:54,2.0,6.216666666666667,6.25,0,0,False,insufficient_merged_records_nodes_or_variation,,,,,,,,,,,,,False
886,2025-07-07 20:20:54,2025-07-07 20:22:54,2.0,6.233333333333333,6.266666666666667,0,0,False,insufficient_merged_records_nodes_or_variation,,,,,,,,,,,,,False
887,2025-07-07 20:21:54,2025-07-07 20:23:54,2.0,6.25,6.283333333333333,0,0,False,insufficient_merged_records_nodes_or_variation,,,,,,,,,,,,,False
888,2025-07-07 20:22:54,2025-07-07 20:24:54,2.0,6.266666666666667,6.3,0,0,False,insufficient_merged_records_nodes_or_variation,,,,,,,,,,,,,False
889,2025-07-07 20:23:54,2025-07-07 20:25:54,2.0,6.283333333333333,6.316666666666666,0,0,False,insufficient_merged_records_nodes_or_variation,,,,,,,,,,,,,False
890,2025-07-07 20:24:54,2025-07-07 20:26:54,2.0,6.3,6.333333333333333,0,0,False,insufficient_merged_records_nodes_or_variation,,,,,,,,,,,,,False
891,2025-07-07 20:25:54,2025-07-07 20:27:54,2.0,6.316666666666666,6.35,0,0,False,insufficient_merged_records_nodes_or_variation,,,,,,,,,,,,,False
892,2025-07-07 20:26:54,2025-07-07 20:28:54,2.0,6.333333333333333,6.366666666666666,0,0,False,insufficient_merged_records_nodes_or_variation,,,,,,,,,,,,,False
893,2025-07-07 20:27:54,2025-07-07 20:29:54,2.0,6.35,6.383333333333334,0,0,False,insufficient_merged_records_nodes_or_variation,,,,,,,,,,,,,False
894,2025-07-07 20:28:54,2025-07-07 20:30:54,2.0,6.366666666666666,6.4,0,0,False,insufficient_merged_records_nodes_or_variation,,,,,,,,,,,,,False
895,2025-07-07 20:29:54,2025-07-07 20:31:54,2.0,6.383333333333334,6.416666666666667,0,0,False,insufficient_merged_records_nodes_or_variation,,,,,,,,,,,,,False
896,2025-07-07 20:30:54,2025-07-07 20:32:54,2.0,6.4,6.433333333333334,0,0,False,insufficient_merged_records_nodes_or_variation,,,,,,,,,,,,,False
897,2025-07-07 20:31:54,2025-07-07 20:33:54,2.0,6.416666666666667,6.45,0,0,False,insufficient_merged_records_nodes_or_variation,,,,,,,,,,,,,False
898,2025-07-07 20:32:54,2025-07-07 20:34:54,2.0,6.433333333333334,6.466666666666667,0,0,False,insufficient_merged_records_nodes_or_variation,,,,,,,,,,,,,False
899,2025-07-07 20:33:54,2025-07-07 20:35:54,2.0,6.45,6.483333333333333,0,0,False,insufficient_merged_records_nodes_or_variation,,,,,,,,,,,,,False
900,2025-07-07 20:34:54,2025-07-07 20:36:54,2.0,6.466666666666667,6.5,0,0,False,insufficient_merged_records_nodes_or_variation,,,,,,,,,,,,,False
901,2025-07-07 20:35:54,2025-07-07 20:37:54,2.0,6.483333333333333,6.516666666666667,0,0,False,insufficient_merged_records_nodes_or_variation,,,,,,,,,,,,,False
902,2025-07-07 20:36:54,2025-07-07 20:38:54,2.0,6.5,6.533333333333333,0,0,False,insufficient_merged_records_nodes_or_variation,,,,,,,,,,,,,False
903,2025-07-07 20:37:54,2025-07-07 20:39:54,2.0,6.516666666666667,6.55,0,0,False,insufficient_merged_records_nodes_or_variation,,,,,,,,,,,,,False
904,2025-07-07 20:38:54,2025-07-07 20:40:54,2.0,6.533333333333333,6.566666666666666,0,0,False,insufficient_merged_records_nodes_or_variation,,,,,,,,,,,,,False
905,2025-07-07 20:39:54,2025-07-07 20:41:54,2.0,6.55,6.583333333333333,0,0,False,insufficient_merged_records_nodes_or_variation,,,,,,,,,,,,,False
906,2025-07-07 20:40:54,2025-07-07 20:42:54,2.0,6.566666666666666,6.6,0,0,False,insufficient_merged_records_nodes_or_variation,,,,,,,,,,,,,False
907,2025-07-07 20:41:54,2025-07-07 20:43:54,2.0,6.583333333333333,6.616666666666666,0,0,False,insufficient_merged_records_nodes_or_variation,,,,,,,,,,,,,False
908,2025-07-07 20:42:54,2025-07-07 20:44:54,2.0,6.6,6.633333333333334,0,0,False,insufficient_merged_records_nodes_or_variation,,,,,,,,,,,,,False
909,2025-07-07 20:43:54,2025-07-07 20:45:54,2.0,6.616666666666666,6.65,0,0,False,insufficient_merged_records_nodes_or_variation,,,,,,,,,,,,,False
910,2025-07-07 20:44:54,2025-07-07 20:46:54,2.0,6.633333333333334,6.666666666666667,0,0,False,insufficient_merged_records_nodes_or_variation,,,,,,,,,,,,,False
911,2025-07-07 20:45:54,2025-07-07 20:47:54,2.0,6.65,6.683333333333334,0,0,False,insufficient_merged_records_nodes_or_variation,,,,,,,,,,,,,False
912,2025-07-07 20:46:54,2025-07-07 20:48:54,2.0,6.666666666666667,6.7,0,0,False,insufficient_merged_records_nodes_or_variation,,,,,,,,,,,,,False
913,2025-07-07 20:47:54,2025-07-07 20:49:54,2.0,6.683333333333334,6.716666666666667,0,0,False,insufficient_merged_records_nodes_or_variation,,,,,,,,,,,,,False
914,2025-07-07 20:48:54,2025-07-07 20:50:54,2.0,6.7,6.733333333333333,13,8,True,eligible,0.06584631532812918,0.03323067551968724,0.025239080030775213,-0.0075498191756191,0.09128874533981278,0.03261563980844194,1.2919224705966321,1.0,1.0,0.15289191915849676,0.0332371973432842,0.025240770036135004,False
915,2025-07-07 20:49:54,2025-07-07 20:51:54,2.0,6.716666666666667,6.75,13,8,True,eligible,0.06584631532812918,0.03323067551968724,0.025239080030775213,-0.0075498191756191,0.09128874533981278,0.03261563980844194,1.2919224705966321,1.0,1.0,0.15289191915849676,0.0332371973432842,0.025240770036135004,False
916,2025-07-07 20:50:54,2025-07-07 20:52:54,2.0,6.733333333333333,6.766666666666667,0,0,False,insufficient_merged_records_nodes_or_variation,,,,,,,,,,,,,False
917,2025-07-07 20:51:54,2025-07-07 20:53:54,2.0,6.75,6.783333333333333,0,0,False,insufficient_merged_records_nodes_or_variation,,,,,,,,,,,,,False
918,2025-07-07 20:52:54,2025-07-07 20:54:54,2.0,6.766666666666667,6.8,0,0,False,insufficient_merged_records_nodes_or_variation,,,,,,,,,,,,,False
919,2025-07-07 20:53:54,2025-07-07 20:55:54,2.0,6.783333333333333,6.816666666666666,0,0,False,insufficient_merged_records_nodes_or_variation,,,,,,,,,,,,,False
920,2025-07-07 20:54:54,2025-07-07 20:56:54,2.0,6.8,6.833333333333333,0,0,False,insufficient_merged_records_nodes_or_variation,,,,,,,,,,,,,False
921,2025-07-07 20:55:54,2025-07-07 20:57:54,2.0,6.816666666666666,6.85,0,0,False,insufficient_merged_records_nodes_or_variation,,,,,,,,,,,,,False
922,2025-07-07 20:56:54,2025-07-07 20:58:54,2.0,6.833333333333333,6.866666666666666,0,0,False,insufficient_merged_records_nodes_or_variation,,,,,,,,,,,,,False
923,2025-07-07 20:57:54,2025-07-07 20:59:54,2.0,6.85,6.883333333333334,1,1,False,insufficient_merged_records_nodes_or_variation,,,,,,,,,,,,,False
924,2025-07-07 20:58:54,2025-07-07 21:00:54,2.0,6.866666666666666,6.9,2,1,False,insufficient_merged_records_nodes_or_variation,,,,,,,,,,,,,False
925,2025-07-07 20:59:54,2025-07-07 21:01:54,2.0,6.883333333333334,6.916666666666667,1,1,False,insufficient_merged_records_nodes_or_variation,,,,,,,,,,,,,False
926,2025-07-07 21:00:54,2025-07-07 21:02:54,2.0,6.9,6.933333333333334,0,0,False,insufficient_merged_records_nodes_or_variation,,,,,,,,,,,,,False
927,2025-07-07 21:01:54,2025-07-07 21:03:54,2.0,6.916666666666667,6.95,0,0,False,insufficient_merged_records_nodes_or_variation,,,,,,,,,,,,,False
928,2025-07-07 21:02:54,2025-07-07 21:04:54,2.0,6.933333333333334,6.966666666666667,0,0,False,insufficient_merged_records_nodes_or_variation,,,,,,,,,,,,,False
929,2025-07-07 21:03:54,2025-07-07 21:05:54,2.0,6.95,6.983333333333333,0,0,False,insufficient_merged_records_nodes_or_variation,,,,,,,,,,,,,False
930,2025-07-07 21:04:54,2025-07-07 21:06:54,2.0,6.966666666666667,7.0,2,2,False,insufficient_merged_records_nodes_or_variation,,,,,,,,,,,,,False
931,2025-07-07 21:05:54,2025-07-07 21:07:54,2.0,6.983333333333333,7.016666666666667,2,2,False,insufficient_merged_records_nodes_or_variation,,,,,,,,,,,,,False
932,2025-07-07 21:06:54,2025-07-07 21:08:54,2.0,7.0,7.033333333333333,0,0,False,insufficient_merged_records_nodes_or_variation,,,,,,,,,,,,,False
933,2025-07-07 21:07:54,2025-07-07 21:09:54,2.0,7.016666666666667,7.05,0,0,False,insufficient_merged_records_nodes_or_variation,,,,,,,,,,,,,False
934,2025-07-07 21:08:54,2025-07-07 21:10:54,2.0,7.033333333333333,7.066666666666666,0,0,False,insufficient_merged_records_nodes_or_variation,,,,,,,,,,,,,False
935,2025-07-07 21:09:54,2025-07-07 21:11:54,2.0,7.05,7.083333333333333,0,0,False,insufficient_merged_records_nodes_or_variation,,,,,,,,,,,,,False
936,2025-07-07 21:10:54,2025-07-07 21:12:54,2.0,7.066666666666666,7.1,0,0,False,insufficient_merged_records_nodes_or_variation,,,,,,,,,,,,,False
937,2025-07-07 21:11:54,2025-07-07 21:13:54,2.0,7.083333333333333,7.116666666666666,0,0,False,insufficient_merged_records_nodes_or_variation,,,,,,,,,,,,,False
938,2025-07-07 21:12:54,2025-07-07 21:14:54,2.0,7.1,7.133333333333334,0,0,False,insufficient_merged_records_nodes_or_variation,,,,,,,,,,,,,False
939,2025-07-07 21:13:54,2025-07-07 21:15:54,2.0,7.116666666666666,7.15,0,0,False,insufficient_merged_records_nodes_or_variation,,,,,,,,,,,,,False
940,2025-07-07 21:14:54,2025-07-07 21:16:54,2.0,7.133333333333334,7.166666666666667,0,0,False,insufficient_merged_records_nodes_or_variation,,,,,,,,,,,,,False
941,2025-07-07 21:15:54,2025-07-07 21:17:54,2.0,7.15,7.183333333333334,0,0,False,insufficient_merged_records_nodes_or_variation,,,,,,,,,,,,,False
942,2025-07-07 21:16:54,2025-07-07 21:18:54,2.0,7.166666666666667,7.2,0,0,False,insufficient_merged_records_nodes_or_variation,,,,,,,,,,,,,False
943,2025-07-07 21:17:54,2025-07-07 21:19:54,2.0,7.183333333333334,7.216666666666667,0,0,False,insufficient_merged_records_nodes_or_variation,,,,,,,,,,,,,False
944,2025-07-07 21:18:54,2025-07-07 21:20:54,2.0,7.2,7.233333333333333,0,0,False,insufficient_merged_records_nodes_or_variation,,,,,,,,,,,,,False
945,2025-07-07 21:19:54,2025-07-07 21:21:54,2.0,7.216666666666667,7.25,0,0,False,insufficient_merged_records_nodes_or_variation,,,,,,,,,,,,,False
946,2025-07-07 21:20:54,2025-07-07 21:22:54,2.0,7.233333333333333,7.266666666666667,0,0,False,insufficient_merged_records_nodes_or_variation,,,,,,,,,,,,,False
947,2025-07-07 21:21:54,2025-07-07 21:23:54,2.0,7.25,7.283333333333333,1,1,False,insufficient_merged_records_nodes_or_variation,,,,,,,,,,,,,False
948,2025-07-07 21:22:54,2025-07-07 21:24:54,2.0,7.266666666666667,7.3,2,1,False,insufficient_merged_records_nodes_or_variation,,,,,,,,,,,,,False
949,2025-07-07 21:23:54,2025-07-07 21:25:54,2.0,7.283333333333333,7.316666666666666,1,1,False,insufficient_merged_records_nodes_or_variation,,,,,,,,,,,,,False
950,2025-07-07 21:24:54,2025-07-07 21:26:54,2.0,7.3,7.333333333333333,0,0,False,insufficient_merged_records_nodes_or_variation,,,,,,,,,,,,,False
951,2025-07-07 21:25:54,2025-07-07 21:27:54,2.0,7.316666666666666,7.35,2,2,False,insufficient_merged_records_nodes_or_variation,,,,,,,,,,,,,False
952,2025-07-07 21:26:54,2025-07-07 21:28:54,2.0,7.333333333333333,7.366666666666666,2,2,False,insufficient_merged_records_nodes_or_variation,,,,,,,,,,,,,False
953,2025-07-07 21:27:54,2025-07-07 21:29:54,2.0,7.35,7.383333333333334,0,0,False,insufficient_merged_records_nodes_or_variation,,,,,,,,,,,,,False
954,2025-07-07 21:28:54,2025-07-07 21:30:54,2.0,7.366666666666666,7.4,3,3,False,insufficient_merged_records_nodes_or_variation,,,,,,,,,,,,,False
955,2025-07-07 21:29:54,2025-07-07 21:31:54,2.0,7.383333333333334,7.416666666666667,3,3,False,insufficient_merged_records_nodes_or_variation,,,,,,,,,,,,,False
956,2025-07-07 21:30:54,2025-07-07 21:32:54,2.0,7.4,7.433333333333334,0,0,False,insufficient_merged_records_nodes_or_variation,,,,,,,,,,,,,False
957,2025-07-07 21:31:54,2025-07-07 21:33:54,2.0,7.416666666666667,7.45,3,2,False,insufficient_merged_records_nodes_or_variation,,,,,,,,,,,,,False
958,2025-07-07 21:32:54,2025-07-07 21:34:54,2.0,7.433333333333334,7.466666666666667,3,2,False,insufficient_merged_records_nodes_or_variation,,,,,,,,,,,,,False
959,2025-07-07 21:33:54,2025-07-07 21:35:54,2.0,7.45,7.483333333333333,0,0,False,insufficient_merged_records_nodes_or_variation,,,,,,,,,,,,,False
960,2025-07-07 21:34:54,2025-07-07 21:36:54,2.0,7.466666666666667,7.5,0,0,False,insufficient_merged_records_nodes_or_variation,,,,,,,,,,,,,False
961,2025-07-07 21:35:54,2025-07-07 21:37:54,2.0,7.483333333333333,7.516666666666667,0,0,False,insufficient_merged_records_nodes_or_variation,,,,,,,,,,,,,False
962,2025-07-07 21:36:54,2025-07-07 21:38:54,2.0,7.5,7.533333333333333,0,0,False,insufficient_merged_records_nodes_or_variation,,,,,,,,,,,,,False
963,2025-07-07 21:37:54,2025-07-07 21:39:54,2.0,7.516666666666667,7.55,0,0,False,insufficient_merged_records_nodes_or_variation,,,,,,,,,,,,,False
964,2025-07-07 21:38:54,2025-07-07 21:40:54,2.0,7.533333333333333,7.566666666666666,12,6,True,eligible,0.011959586054737324,-0.007467488486928277,0.009262150348967355,-0.021625312997950737,0.014781820728781632,0.0194270745416656,2.0963374129952594,0.9716056788642271,0.9716056788642271,0.03645885175354669,-0.007463603848947541,0.009265297553380443,False
965,2025-07-07 21:39:54,2025-07-07 21:41:54,2.0,7.55,7.583333333333333,52,6,True,eligible,0.023997411666504105,-0.0054581506645834995,0.014606576367002903,-0.028581119358015352,0.03007761993594085,0.029455562331087606,2.015574833626204,0.9816036792641472,0.9816036792641472,0.06381193284229598,-0.005452260730104178,0.01461105383203541,False
966,2025-07-07 21:40:54,2025-07-07 21:42:54,2.0,7.566666666666666,7.6,80,6,True,eligible,0.019536786277395597,-0.0061443758590719235,0.013952056898225432,-0.027717293040128595,0.027162966620849736,0.02568116213646752,1.8398648620256228,0.9946010797840432,0.9946010797840432,0.06001674412577605,-0.006139240653685706,0.013955387409710598,False
967,2025-07-07 21:41:54,2025-07-07 21:43:54,2.0,7.583333333333333,7.616666666666666,82,6,True,eligible,0.011059072224348614,-0.007451783668189716,0.012187446737611945,-0.025458861982186918,0.022272002661375027,0.01851085589253833,1.5183440387098208,0.9996000799840032,0.9996000799840032,0.05033446756652492,-0.007448082237297386,0.012189038840875646,False
968,2025-07-07 21:42:54,2025-07-07 21:44:54,2.0,7.6,7.633333333333334,74,6,True,eligible,0.00803909522765857,-0.007498485106275011,0.011529102313747517,-0.024258521437281626,0.020960062846251605,0.015537580333933581,1.3473040427056515,1.0,1.0,0.04716317920107153,-0.0074953782115871614,0.011530042920415687,False
969,2025-07-07 21:43:54,2025-07-07 21:45:54,2.0,7.616666666666666,7.65,48,6,True,eligible,0.0016958614214787416,-0.007803597256172517,0.009497311120174812,-0.02130758950849667,0.013892530597400022,0.009499458677651259,1.000026092234736,1.0,1.0,0.03722062713383807,-0.007801697744339355,0.009497311359740739,False
970,2025-07-07 21:44:54,2025-07-07 21:46:54,2.0,7.633333333333334,7.666666666666667,32,5,True,eligible,-0.0034475217721290762,-0.007833757412814715,0.008569648976240693,-0.01941589376144311,0.010599843060575974,0.004386235640685639,0.5117691857503441,1.0,1.0,0.032788831181290876,-0.00783288034110092,0.00856901644545506,False
971,2025-07-07 21:45:54,2025-07-07 21:47:54,2.0,7.65,7.683333333333334,37,6,True,eligible,-0.0026975784636397195,-0.0069446533746746735,0.005342558054392514,-0.014989699123656466,0.0036189566158574193,0.004247074911034954,0.7948218752415575,1.0,1.0,0.01838184006343204,-0.0069438041295414935,0.0053423613493416835,False
972,2025-07-07 21:46:54,2025-07-07 21:48:54,2.0,7.666666666666667,7.7,47,6,True,eligible,-0.0005422489898920421,-0.006550516898931104,0.004472828361655533,-0.013648938582827407,0.00374191793946689,0.006008267909039062,1.342904997329543,1.0,1.0,0.014655983041752634,-0.006549315485631957,0.00447318798253441,False
973,2025-07-07 21:47:54,2025-07-07 21:49:54,2.0,7.683333333333334,7.716666666666667,54,9,True,eligible,0.0037495833213283367,-0.006351461146848611,0.006559849001169191,-0.01703911904349895,0.009518906192489058,0.010101044468176947,1.5393099406717867,0.9996000799840032,0.9996000799840032,0.024752006018596697,-0.006349441341915962,0.006560748031573729,False
974,2025-07-07 21:48:54,2025-07-07 21:50:54,2.0,7.7,7.733333333333333,63,9,True,eligible,0.003927349933535583,-0.007452586031267413,0.007565401259636878,-0.019584909455407407,0.012312151270834418,0.011379935964802995,1.5037172832676309,0.9996000799840032,0.9996000799840032,0.02841825581278185,-0.007450310499180869,0.0075663560958695595,False
975,2025-07-07 21:49:54,2025-07-07 21:51:54,2.0,7.716666666666667,7.75,57,7,True,eligible,0.0008834352583196281,-0.00781188583710584,0.005797488308839179,-0.016239462097682615,0.006972240890947523,0.008695321095425469,1.4993556213528714,0.9996000799840032,0.9996000799840032,0.019676474428818716,-0.007810147120630048,0.005798212415481153,False
976,2025-07-07 21:50:54,2025-07-07 21:52:54,2.0,7.733333333333333,7.766666666666667,35,5,True,eligible,-0.0002939266252261026,-0.006897118810158761,0.0048053465100941885,-0.013990143914982987,0.009753783282827777,0.0066031921849326585,1.3737377139695988,1.0,1.0,0.01588613126143789,-0.006895798435796649,0.004805773142453486,False
977,2025-07-07 21:51:54,2025-07-07 21:53:54,2.0,7.75,7.783333333333333,28,6,True,eligible,0.0003262541364364321,-0.006893749902900517,0.004626176044109251,-0.014246430624388223,0.008591358926157826,0.007220004039336949,1.5601491246543804,0.9992001599680064,0.9992001599680064,0.015041384760755241,-0.006892306190835063,0.004626839968820687,False
978,2025-07-07 21:52:54,2025-07-07 21:54:54,2.0,7.766666666666667,7.8,43,7,True,eligible,-0.0044959689095531935,-0.006766210704587368,0.005345338868368526,-0.015584444921548762,0.0047340875356322275,0.002270241795034175,0.42466417195896083,1.0,1.0,0.018571925407114307,-0.006765756747019874,0.005344900717657036,False
979,2025-07-07 21:53:54,2025-07-07 21:55:54,2.0,7.783333333333333,7.816666666666666,47,8,True,eligible,0.0009483647246573252,-0.008234636458860916,0.009220474283167877,-0.02128609731797013,0.010697265766916701,0.009183001183518242,0.9957375616674312,1.0,1.0,0.03547713282888352,-0.008232800225870812,0.009220466620897221,False
980,2025-07-07 21:54:54,2025-07-07 21:56:54,2.0,7.8,7.833333333333333,77,11,True,eligible,0.018199507329755622,-0.0070169912244019686,0.015108844994643251,-0.030246942460101296,0.028017111239036108,0.02521649855415759,1.6683576615247984,0.9988002399520096,0.9988002399520096,0.06462482394870897,-0.007011948933149388,0.015111541634221858,False
981,2025-07-07 21:55:54,2025-07-07 21:57:54,2.0,7.816666666666666,7.85,73,11,True,eligible,0.017001882631663995,-0.006865880192003874,0.014007593757241699,-0.02831054393786801,0.02716988328469189,0.02386776282366787,1.703251208327916,0.9982003599280144,0.9982003599280144,0.059554996849748125,-0.006861107593958753,0.014010258797379087,False
982,2025-07-07 21:56:54,2025-07-07 21:58:54,2.0,7.833333333333333,7.866666666666666,52,6,True,eligible,0.01100334057658776,-0.006227119530232112,0.010981332356774409,-0.022276236648800785,0.01992207560056483,0.017230460106819872,1.5685252934061502,0.9992001599680064,0.9992001599680064,0.04584130988931176,-0.006223674127291336,0.01098293714248596,False
983,2025-07-07 21:57:54,2025-07-07 21:59:54,2.0,7.85,7.883333333333334,47,6,True,eligible,0.01128932369161982,-0.0049963629825149495,0.014127808508735436,-0.025088572037308503,0.029301442707496,0.01628568667413477,1.1524714010756087,1.0,1.0,0.061982446647492945,-0.004993106496477329,0.014128272660736445,False
984,2025-07-07 21:58:54,2025-07-07 22:00:54,2.0,7.866666666666666,7.9,71,9,True,eligible,0.06529827096129386,0.00772837800788745,0.031864156910577375,-0.04144883437663155,0.08692651743468123,0.05756989295340641,1.8059588662682575,0.9958008398320336,0.9958008398320336,0.15882718917088945,0.0077398896841428776,0.03187136891776872,False
985,2025-07-07 21:59:54,2025-07-07 22:01:54,2.0,7.883333333333334,7.916666666666667,79,10,True,eligible,0.073457568895575,0.008359105096751718,0.032806529051158585,-0.042658445323292264,0.086976033182091,0.06509846379882328,1.9833351244737998,0.9848030393921215,0.9848030393921215,0.16393824506536306,0.008372122186093614,0.03281616198208019,False
986,2025-07-07 22:00:54,2025-07-07 22:02:54,2.0,7.9,7.933333333333334,45,7,True,eligible,0.01596460378487796,-0.006949131967099824,0.014150086108890104,-0.028152414349372188,0.026743041585846943,0.022913735751977783,1.6187491311731135,0.999000199960008,0.999000199960008,0.06014528786107191,-0.0069445501363155845,0.014152380674694908,False
987,2025-07-07 22:01:54,2025-07-07 22:03:54,2.0,7.916666666666667,7.95,28,6,True,eligible,0.00038309283616387043,-0.007906346571319244,0.0070330562933727265,-0.017749968075597138,0.006263567871280652,0.008289439407483114,1.178358198905814,1.0,1.0,0.02543704822367191,-0.007904689014949022,0.007033329813301816,False
988,2025-07-07 22:02:54,2025-07-07 22:04:54,2.0,7.933333333333334,7.966666666666667,1,1,False,insufficient_merged_records_nodes_or_variation,,,,,,,,,,,,,False
989,2025-07-07 22:03:54,2025-07-07 22:05:54,2.0,7.95,7.983333333333333,0,0,False,insufficient_merged_records_nodes_or_variation,,,,,,,,,,,,,False
990,2025-07-07 22:04:54,2025-07-07 22:06:54,2.0,7.966666666666667,8.0,0,0,False,insufficient_merged_records_nodes_or_variation,,,,,,,,,,,,,False
991,2025-07-07 22:05:54,2025-07-07 22:07:54,2.0,7.983333333333333,8.016666666666667,0,0,False,insufficient_merged_records_nodes_or_variation,,,,,,,,,,,,,False
992,2025-07-07 22:06:54,2025-07-07 22:08:54,2.0,8.0,8.033333333333333,0,0,False,insufficient_merged_records_nodes_or_variation,,,,,,,,,,,,,False
993,2025-07-07 22:07:54,2025-07-07 22:09:54,2.0,8.016666666666667,8.05,0,0,False,insufficient_merged_records_nodes_or_variation,,,,,,,,,,,,,False
994,2025-07-07 22:08:54,2025-07-07 22:10:54,2.0,8.033333333333333,8.066666666666666,1,1,False,insufficient_merged_records_nodes_or_variation,,,,,,,,,,,,,False
995,2025-07-07 22:09:54,2025-07-07 22:11:54,2.0,8.05,8.083333333333334,1,1,False,insufficient_merged_records_nodes_or_variation,,,,,,,,,,,,,False
996,2025-07-07 22:10:54,2025-07-07 22:12:54,2.0,8.066666666666666,8.1,0,0,False,insufficient_merged_records_nodes_or_variation,,,,,,,,,,,,,False
997,2025-07-07 22:11:54,2025-07-07 22:13:54,2.0,8.083333333333334,8.116666666666667,0,0,False,insufficient_merged_records_nodes_or_variation,,,,,,,,,,,,,False
998,2025-07-07 22:12:54,2025-07-07 22:14:54,2.0,8.1,8.133333333333333,1,1,False,insufficient_merged_records_nodes_or_variation,,,,,,,,,,,,,False
999,2025-07-07 22:13:54,2025-07-07 22:15:54,2.0,8.116666666666667,8.15,1,1,False,insufficient_merged_records_nodes_or_variation,,,,,,,,,,,,,False
1000,2025-07-07 22:14:54,2025-07-07 22:16:54,2.0,8.133333333333333,8.166666666666666,1,1,False,insufficient_merged_records_nodes_or_variation,,,,,,,,,,,,,False
1001,2025-07-07 22:15:54,2025-07-07 22:17:54,2.0,8.15,8.183333333333334,2,2,False,insufficient_merged_records_nodes_or_variation,,,,,,,,,,,,,False
1002,2025-07-07 22:16:54,2025-07-07 22:18:54,2.0,8.166666666666666,8.2,1,1,False,insufficient_merged_records_nodes_or_variation,,,,,,,,,,,,,False
1003,2025-07-07 22:17:54,2025-07-07 22:19:54,2.0,8.183333333333334,8.216666666666667,2,2,False,insufficient_merged_records_nodes_or_variation,,,,,,,,,,,,,False
1004,2025-07-07 22:18:54,2025-07-07 22:20:54,2.0,8.2,8.233333333333333,2,2,False,insufficient_merged_records_nodes_or_variation,,,,,,,,,,,,,False
1005,2025-07-07 22:19:54,2025-07-07 22:21:54,2.0,8.216666666666667,8.25,0,0,False,insufficient_merged_records_nodes_or_variation,,,,,,,,,,,,,False
1006,2025-07-07 22:20:54,2025-07-07 22:22:54,2.0,8.233333333333333,8.266666666666667,0,0,False,insufficient_merged_records_nodes_or_variation,,,,,,,,,,,,,False
1007,2025-07-07 22:21:54,2025-07-07 22:23:54,2.0,8.25,8.283333333333333,2,2,False,insufficient_merged_records_nodes_or_variation,,,,,,,,,,,,,False
1008,2025-07-07 22:22:54,2025-07-07 22:24:54,2.0,8.266666666666667,8.3,2,2,False,insufficient_merged_records_nodes_or_variation,,,,,,,,,,,,,False
1009,2025-07-07 22:23:54,2025-07-07 22:25:54,2.0,8.283333333333333,8.316666666666666,0,0,False,insufficient_merged_records_nodes_or_variation,,,,,,,,,,,,,False
1010,2025-07-07 22:24:54,2025-07-07 22:26:54,2.0,8.3,8.333333333333334,1,1,False,insufficient_merged_records_nodes_or_variation,,,,,,,,,,,,,False
1011,2025-07-07 22:25:54,2025-07-07 22:27:54,2.0,8.316666666666666,8.35,1,1,False,insufficient_merged_records_nodes_or_variation,,,,,,,,,,,,,False
1012,2025-07-07 22:26:54,2025-07-07 22:28:54,2.0,8.333333333333334,8.366666666666667,0,0,False,insufficient_merged_records_nodes_or_variation,,,,,,,,,,,,,False
1013,2025-07-07 22:27:54,2025-07-07 22:29:54,2.0,8.35,8.383333333333333,1,1,False,insufficient_merged_records_nodes_or_variation,,,,,,,,,,,,,False
1014,2025-07-07 22:28:54,2025-07-07 22:30:54,2.0,8.366666666666667,8.4,1,1,False,insufficient_merged_records_nodes_or_variation,,,,,,,,,,,,,False
1015,2025-07-07 22:29:54,2025-07-07 22:31:54,2.0,8.383333333333333,8.416666666666666,1,1,False,insufficient_merged_records_nodes_or_variation,,,,,,,,,,,,,False
1016,2025-07-07 22:30:54,2025-07-07 22:32:54,2.0,8.4,8.433333333333334,3,3,False,insufficient_merged_records_nodes_or_variation,,,,,,,,,,,,,False
1017,2025-07-07 22:31:54,2025-07-07 22:33:54,2.0,8.416666666666666,8.45,2,2,False,insufficient_merged_records_nodes_or_variation,,,,,,,,,,,,,False
1018,2025-07-07 22:32:54,2025-07-07 22:34:54,2.0,8.433333333333334,8.466666666666667,4,2,False,insufficient_merged_records_nodes_or_variation,,,,,,,,,,,,,False
1019,2025-07-07 22:33:54,2025-07-07 22:35:54,2.0,8.45,8.483333333333333,4,2,False,insufficient_merged_records_nodes_or_variation,,,,,,,,,,,,,False
1020,2025-07-07 22:34:54,2025-07-07 22:36:54,2.0,8.466666666666667,8.5,1,1,False,insufficient_merged_records_nodes_or_variation,,,,,,,,,,,,,False
1021,2025-07-07 22:35:54,2025-07-07 22:37:54,2.0,8.483333333333333,8.516666666666667,2,2,False,insufficient_merged_records_nodes_or_variation,,,,,,,,,,,,,False
1022,2025-07-07 22:36:39,2025-07-07 22:38:39,2.0,8.495833333333334,8.529166666666667,2,1,False,insufficient_merged_records_nodes_or_variation,,,,,,,,,,,,,False
1023,2025-07-07 14:06:54,2025-07-07 14:11:54,5.0,0.0,0.08333333333333333,0,0,False,insufficient_merged_records_nodes_or_variation,,,,,,,,,,,,,False
1024,2025-07-07 14:07:54,2025-07-07 14:12:54,5.0,0.016666666666666666,0.1,0,0,False,insufficient_merged_records_nodes_or_variation,,,,,,,,,,,,,False
1025,2025-07-07 14:08:54,2025-07-07 14:13:54,5.0,0.03333333333333333,0.11666666666666667,0,0,False,insufficient_merged_records_nodes_or_variation,,,,,,,,,,,,,False
1026,2025-07-07 14:09:54,2025-07-07 14:14:54,5.0,0.05,0.13333333333333333,0,0,False,insufficient_merged_records_nodes_or_variation,,,,,,,,,,,,,False
1027,2025-07-07 14:10:54,2025-07-07 14:15:54,5.0,0.06666666666666667,0.15,0,0,False,insufficient_merged_records_nodes_or_variation,,,,,,,,,,,,,False
1028,2025-07-07 14:11:54,2025-07-07 14:16:54,5.0,0.08333333333333333,0.16666666666666666,0,0,False,insufficient_merged_records_nodes_or_variation,,,,,,,,,,,,,False
1029,2025-07-07 14:12:54,2025-07-07 14:17:54,5.0,0.1,0.18333333333333332,0,0,False,insufficient_merged_records_nodes_or_variation,,,,,,,,,,,,,False
1030,2025-07-07 14:13:54,2025-07-07 14:18:54,5.0,0.11666666666666667,0.2,0,0,False,insufficient_merged_records_nodes_or_variation,,,,,,,,,,,,,False
1031,2025-07-07 14:14:54,2025-07-07 14:19:54,5.0,0.13333333333333333,0.21666666666666667,0,0,False,insufficient_merged_records_nodes_or_variation,,,,,,,,,,,,,False
1032,2025-07-07 14:15:54,2025-07-07 14:20:54,5.0,0.15,0.23333333333333334,0,0,False,insufficient_merged_records_nodes_or_variation,,,,,,,,,,,,,False
1033,2025-07-07 14:16:54,2025-07-07 14:21:54,5.0,0.16666666666666666,0.25,0,0,False,insufficient_merged_records_nodes_or_variation,,,,,,,,,,,,,False
1034,2025-07-07 14:17:54,2025-07-07 14:22:54,5.0,0.18333333333333332,0.26666666666666666,0,0,False,insufficient_merged_records_nodes_or_variation,,,,,,,,,,,,,False
1035,2025-07-07 14:18:54,2025-07-07 14:23:54,5.0,0.2,0.2833333333333333,0,0,False,insufficient_merged_records_nodes_or_variation,,,,,,,,,,,,,False
1036,2025-07-07 14:19:54,2025-07-07 14:24:54,5.0,0.21666666666666667,0.3,0,0,False,insufficient_merged_records_nodes_or_variation,,,,,,,,,,,,,False
1037,2025-07-07 14:20:54,2025-07-07 14:25:54,5.0,0.23333333333333334,0.31666666666666665,0,0,False,insufficient_merged_records_nodes_or_variation,,,,,,,,,,,,,False
1038,2025-07-07 14:21:54,2025-07-07 14:26:54,5.0,0.25,0.3333333333333333,0,0,False,insufficient_merged_records_nodes_or_variation,,,,,,,,,,,,,False
1039,2025-07-07 14:22:54,2025-07-07 14:27:54,5.0,0.26666666666666666,0.35,0,0,False,insufficient_merged_records_nodes_or_variation,,,,,,,,,,,,,False
1040,2025-07-07 14:23:54,2025-07-07 14:28:54,5.0,0.2833333333333333,0.36666666666666664,0,0,False,insufficient_merged_records_nodes_or_variation,,,,,,,,,,,,,False
1041,2025-07-07 14:24:54,2025-07-07 14:29:54,5.0,0.3,0.38333333333333336,0,0,False,insufficient_merged_records_nodes_or_variation,,,,,,,,,,,,,False
1042,2025-07-07 14:25:54,2025-07-07 14:30:54,5.0,0.31666666666666665,0.4,0,0,False,insufficient_merged_records_nodes_or_variation,,,,,,,,,,,,,False
1043,2025-07-07 14:26:54,2025-07-07 14:31:54,5.0,0.3333333333333333,0.4166666666666667,0,0,False,insufficient_merged_records_nodes_or_variation,,,,,,,,,,,,,False
1044,2025-07-07 14:27:54,2025-07-07 14:32:54,5.0,0.35,0.43333333333333335,0,0,False,insufficient_merged_records_nodes_or_variation,,,,,,,,,,,,,False
1045,2025-07-07 14:28:54,2025-07-07 14:33:54,5.0,0.36666666666666664,0.45,0,0,False,insufficient_merged_records_nodes_or_variation,,,,,,,,,,,,,False
1046,2025-07-07 14:29:54,2025-07-07 14:34:54,5.0,0.38333333333333336,0.4666666666666667,0,0,False,insufficient_merged_records_nodes_or_variation,,,,,,,,,,,,,False
1047,2025-07-07 14:30:54,2025-07-07 14:35:54,5.0,0.4,0.48333333333333334,0,0,False,insufficient_merged_records_nodes_or_variation,,,,,,,,,,,,,False
1048,2025-07-07 14:31:54,2025-07-07 14:36:54,5.0,0.4166666666666667,0.5,0,0,False,insufficient_merged_records_nodes_or_variation,,,,,,,,,,,,,False
1049,2025-07-07 14:32:54,2025-07-07 14:37:54,5.0,0.43333333333333335,0.5166666666666667,6,1,False,insufficient_merged_records_nodes_or_variation,,,,,,,,,,,,,False
1050,2025-07-07 14:33:54,2025-07-07 14:38:54,5.0,0.45,0.5333333333333333,8,3,True,eligible,0.00771352064266009,-0.0036247392190561795,0.01508267700332841,-0.02585827904560193,0.02897566044522576,0.01133825986171627,0.751622925265676,1.0,1.0,0.06787435679595437,-0.0036224720205235428,0.015082020893889981,False
1051,2025-07-07 14:34:54,2025-07-07 14:39:54,5.0,0.4666666666666667,0.55,9,4,True,eligible,0.00784912868198877,-0.0008769373376468791,0.01723634903541316,-0.027269829522347473,0.037566025131378536,0.008726066019635648,0.5061959515599717,1.0,1.0,0.08082822418058973,-0.0008751924734157981,0.017235067029908777,False
1052,2025-07-07 14:35:54,2025-07-07 14:40:54,5.0,0.48333333333333334,0.5666666666666667,13,4,True,eligible,0.023793975598612578,0.004584899845448157,0.026123435960263675,-0.03136343836213273,0.0715598171530403,0.019209075753164422,0.7352063913011369,1.0,1.0,0.1284220808379987,0.0045887408923894,0.026122235787741963,False
1053,2025-07-07 14:36:54,2025-07-07 14:41:54,5.0,0.5,0.5833333333333334,13,4,True,eligible,0.023793975598612578,0.004584899845448157,0.026123435960263675,-0.03136343836213273,0.0715598171530403,0.019209075753164422,0.7352063913011369,1.0,1.0,0.1284220808379987,0.0045887408923894,0.026122235787741963,False
1054,2025-07-07 14:37:54,2025-07-07 14:42:54,5.0,0.5166666666666667,0.6,8,5,True,eligible,0.04450261780104733,0.019216017064184333,0.0319262451207409,-0.028795811518324107,0.09608299398875046,0.025286600736862994,0.7919029284247745,1.0,1.0,0.17056287284538768,0.019221073373069927,0.03192505485270342,False
1055,2025-07-07 14:38:54,2025-07-07 14:43:54,5.0,0.5333333333333333,0.6166666666666667,8,6,True,eligible,0.009023058928372608,-0.004980839924251132,0.02322391123750639,-0.0393227136014272,0.04879135568675296,0.01400389885262374,0.6029126490622895,1.0,1.0,0.10510868758209914,-0.004978039704524553,0.023222433058376006,False
1056,2025-07-07 14:39:54,2025-07-07 14:44:54,5.0,0.55,0.6333333333333333,7,6,True,eligible,0.00936293805174457,-0.007469377460159706,0.026635135255917274,-0.04948981541636473,0.05323499063706074,0.016832315511904276,0.631870669291658,1.0,1.0,0.11879116045862957,-0.007466011670215312,0.026633535215086872,False
1057,2025-07-07 14:40:54,2025-07-07 14:45:54,5.0,0.5666666666666667,0.65,6,5,True,eligible,0.01049555582612939,-0.011233235115061418,0.023768872723579124,-0.04507488128576635,0.050383538292949996,0.02172879094119081,0.9140022580911826,1.0,1.0,0.10144639962033923,-0.01122889022585102,0.023768481816828443,False
1058,2025-07-07 14:41:54,2025-07-07 14:46:54,5.0,0.5833333333333334,0.6666666666666666,8,5,True,eligible,-0.0036843125848360636,-0.015400116346713332,0.0170259049156524,-0.040333527244522,0.0200698080279231,0.011715803761877268,0.6880149980994467,1.0,1.0,0.06530985261802094,-0.015397773654499401,0.017025008323975892,False
1059,2025-07-07 14:42:54,2025-07-07 14:47:54,5.0,0.6,0.6833333333333333,11,5,True,eligible,0.01726411882983794,-0.013335866561743402,0.012555302733204626,-0.032669109672013585,0.013791174034500506,0.03059998539158134,2.435526139726595,0.8668266346730654,0.8668266346730654,0.04621847646410334,-0.013329747788419749,0.012561502058726443,False
1060,2025-07-07 14:43:54,2025-07-07 14:48:54,5.0,0.6166666666666667,0.7,10,5,True,eligible,0.02801288551345412,-0.010135673143913688,0.014803586134575454,-0.03166883954500659,0.02376370120508465,0.03814855865736781,2.5750138321462015,0.7982403519296141,0.7982403519296141,0.06008841961726319,-0.010128044957819434,0.014811932268140152,False
1061,2025-07-07 14:44:54,2025-07-07 14:49:54,5.0,0.6333333333333333,0.7166666666666667,10,5,True,eligible,0.02801288551345412,-0.010135673143913688,0.014803586134575454,-0.03166883954500659,0.02376370120508465,0.03814855865736781,2.5750138321462015,0.7982403519296141,0.7982403519296141,0.06008841961726319,-0.010128044957819434,0.014811932268140152,False
1062,2025-07-07 14:45:54,2025-07-07 14:50:54,5.0,0.65,0.7333333333333333,8,4,True,eligible,-0.0026527050610820595,-0.01692048865619578,0.009154446456618852,-0.031483420593368526,0.0056544502617798574,0.01426778359511372,1.5580290056071582,0.9992001599680064,0.9992001599680064,0.026485525961869077,-0.01691763567007398,0.009155754198191535,False
1063,2025-07-07 14:46:54,2025-07-07 14:51:54,5.0,0.6666666666666666,0.75,6,4,True,eligible,0.008326732481984667,-0.013079654566179554,0.01827581213512013,-0.03819477985355832,0.03997217982650937,0.02140638704816422,1.1710183428184158,1.0,1.0,0.07356494968457028,-0.013075374144854187,0.018276491361636664,False
1064,2025-07-07 14:47:54,2025-07-07 14:52:54,5.0,0.6833333333333333,0.7666666666666667,3,2,False,insufficient_merged_records_nodes_or_variation,,,,,,,,,,,,,False
1065,2025-07-07 14:48:54,2025-07-07 14:53:54,5.0,0.7,0.7833333333333333,6,4,True,eligible,-0.012824823478553075,-0.01719453063707816,0.01793839815886534,-0.04106825495941194,0.019453383928142748,0.004369707158525086,0.2435693742341239,1.0,1.0,0.06783592509206407,-0.01719365687039979,0.017936710662348303,False
1066,2025-07-07 14:49:54,2025-07-07 14:54:54,5.0,0.7166666666666667,0.8,8,5,True,eligible,-0.0083153680320294,-0.011685047736372528,0.019828177007294702,-0.04173082845703934,0.031567600862334594,0.0033696797043431276,0.1699265203307349,1.0,1.0,0.08230263939937993,-0.011684373935191896,0.019826251350320494,False
1067,2025-07-07 14:50:54,2025-07-07 14:55:54,5.0,0.7333333333333333,0.8166666666666667,9,5,True,eligible,-0.008399777152143725,-0.011372022674934602,0.017025847841665925,-0.03733032235239872,0.02469676655695057,0.0029722455227908767,0.17455455803141293,1.0,1.0,0.06933235207382521,-0.01137142834469609,0.01702419705372337,False
1068,2025-07-07 14:51:54,2025-07-07 14:56:54,5.0,0.75,0.8333333333333334,13,6,True,eligible,-0.015659558886496637,-0.01513709087938251,0.015372446576814532,-0.04181492998034523,0.018157764961921924,-0.0005224680071141269,-0.033983902018512833,1.0,1.0,0.0577291269038553,-0.015137195352089388,0.015370911030837186,False
1069,2025-07-07 14:52:54,2025-07-07 14:57:54,5.0,0.7666666666666667,0.85,13,7,True,eligible,0.0015299080184885397,-0.01423157595488347,0.01783996662748814,-0.04570646962814808,0.02230274223855372,0.01576148397337201,0.8833356415183318,1.0,1.0,0.0703406821452697,-0.01422842428842209,0.017839574864005527,False
1070,2025-07-07 14:53:54,2025-07-07 14:58:54,5.0,0.7833333333333333,0.8666666666666667,17,8,True,eligible,0.011934850678306168,-0.0013526276336750644,0.0214240894711342,-0.03734069147681781,0.04363451651409687,0.013287478311981233,0.6201261905442296,1.0,1.0,0.10020539774159841,-0.0013499706694055228,0.02142277096223397,False
1071,2025-07-07 14:54:54,2025-07-07 14:59:54,5.0,0.8,0.8833333333333333,19,8,True,eligible,0.010943366083553096,-0.005773985092397968,0.014231048866765031,-0.032220093520674835,0.023349764901850843,0.016717351175951065,1.1744302188284503,1.0,1.0,0.061694686214616774,-0.005770642290723113,0.014231589162401853,False
1072,2025-07-07 14:55:54,2025-07-07 15:00:54,5.0,0.8166666666666667,0.9,30,15,True,eligible,0.0059146909066844075,0.013331311605368544,0.02913611559474956,-0.03551986982212894,0.07744209401063658,-0.007416620698684136,-0.2545236759687351,1.0,1.0,0.15143764952873867,0.013329828577834312,0.029133390608662893,False
1073,2025-07-07 14:56:54,2025-07-07 15:01:54,5.0,0.8333333333333334,0.9166666666666666,50,26,True,eligible,-0.0052098321085438945,-0.00979851101022687,0.02285925441980807,-0.050501226221819205,0.03802541779589233,0.004588678901682976,0.2007152823967687,1.0,1.0,0.0985570728052685,-0.009797593457956987,0.02285706048204205,False
1074,2025-07-07 14:57:54,2025-07-07 15:02:54,5.0,0.85,0.9333333333333333,88,35,True,eligible,0.012338653244639931,-0.0074570216927605315,0.025894156682899815,-0.0546162455421513,0.04527425786815718,0.019795674937400462,0.7643631569552712,1.0,1.0,0.1152939572309007,-0.007453063349441715,0.025893080290419875,False
1075,2025-07-07 14:58:54,2025-07-07 15:03:54,5.0,0.8666666666666667,0.95,98,38,True,eligible,0.01598759069850284,-0.00652736655035778,0.026423478529306876,-0.05520153130232536,0.04758405555422402,0.022514957248860618,0.8519344708901105,1.0,1.0,0.11873509337409481,-0.006522864459326215,0.02642275424576949,False
1076,2025-07-07 14:59:54,2025-07-07 15:04:54,5.0,0.8833333333333333,0.9666666666666667,140,46,True,eligible,0.09144015633654178,0.03250854103311719,0.026026990154297276,-0.014412797441765358,0.087416789457734,0.058931615303424584,2.2628639292465986,0.9308138372325535,0.9308138372325535,0.15595304422502287,0.03252032499938462,0.026037726164460102,False
1077,2025-07-07 15:00:54,2025-07-07 15:05:54,5.0,0.9,0.9833333333333333,129,44,True,eligible,0.11295009176797119,0.041271138275147876,0.02646016101579927,-0.005837868428579182,0.09694638104628202,0.07167895349282331,2.7066823450961004,0.7286542691461708,0.7286542691461708,0.16680021877141385,0.04128547119926162,0.026476923196602564,False
1078,2025-07-07 15:01:54,2025-07-07 15:06:54,5.0,0.9166666666666666,1.0,111,44,True,eligible,0.11391140584059119,0.023640213318344705,0.02628923749270861,-0.025238037386283732,0.07750901616545725,0.09027119252224648,3.4293855172387695,0.3183363327334533,0.3183363327334533,0.14841765933968615,0.02365826394672348,0.026317584138670018,False
1079,2025-07-07 15:02:54,2025-07-07 15:07:54,5.0,0.9333333333333333,1.0166666666666666,75,33,True,eligible,0.10471498398561019,0.009930387434554743,0.028584438871389613,-0.0412981083629218,0.07053357672530772,0.09478459655105545,3.3119797494962846,0.3697260547890422,0.3697260547890422,0.1455901848306742,0.009949340563239217,0.028612989990891027,False
1080,2025-07-07 15:03:54,2025-07-07 15:08:54,5.0,0.95,1.0333333333333334,58,28,True,eligible,0.1359544434996667,0.027960364808812234,0.026841235353608314,-0.02019095056607493,0.08547994457944703,0.10799407869085448,4.016540257345209,0.12917416516696661,0.12917416516696661,0.15541680890610468,0.027981959305651033,0.02688196240447535,False
1081,2025-07-07 15:04:54,2025-07-07 15:09:54,5.0,0.9666666666666667,1.05,27,10,True,eligible,0.06019628465981436,-0.01552441005514286,0.028818810269968062,-0.0650963730911944,0.046440530050473834,0.07572069471495722,2.625400186900934,0.7750449910017997,0.7750449910017997,0.12118788391744498,-0.015509268944422007,0.028835814814807514,False
1082,2025-07-07 15:05:54,2025-07-07 15:10:54,5.0,0.9833333333333333,1.0666666666666667,35,14,True,eligible,0.06726858083939069,-0.007124689090499957,0.029980110566695903,-0.05717318367239557,0.060729772267369725,0.07439326992989065,2.479646384262675,0.8532293541291741,0.8532293541291741,0.1350851742392573,-0.007109813411649751,0.0299955649818016,False
1083,2025-07-07 15:06:54,2025-07-07 15:11:54,5.0,1.0,1.0833333333333333,55,26,True,eligible,0.026220694081231337,0.01061402822250455,0.027403305298624735,-0.03699604439806861,0.07164139060152624,0.015606665858726786,0.5694422421205558,1.0,1.0,0.14051466385508754,0.01061714893153449,0.02740145355495675,False
1084,2025-07-07 15:07:54,2025-07-07 15:12:54,5.0,1.0166666666666666,1.1,57,26,True,eligible,0.05189166759240169,0.02287276848334786,0.029887694257694806,-0.028617684898539667,0.09021975937966065,0.029018899109053833,0.9707427749605264,1.0,1.0,0.16456137953547664,0.022878571102645812,0.029887522460247666,False
1085,2025-07-07 15:08:54,2025-07-07 15:13:54,5.0,1.0333333333333334,1.1166666666666667,58,25,True,eligible,0.05750151525584208,0.02550847293663794,0.030106966490752615,-0.025820852130581693,0.09304363681803896,0.031993042319204135,1.062419636702333,1.0,1.0,0.1682398015060429,0.025514870265635984,0.03010735483908234,False
1086,2025-07-07 15:09:54,2025-07-07 15:14:54,5.0,1.05,1.1333333333333333,49,23,True,eligible,0.04966756281937404,0.021071278509257756,0.025326314487035883,-0.022531756430230337,0.07805269098782015,0.028596284310116283,1.128856748011903,1.0,1.0,0.14114054211148547,0.02107699662249713,0.02532701004554339,False
1087,2025-07-07 15:10:54,2025-07-07 15:15:54,5.0,1.0666666666666667,1.15,39,20,True,eligible,0.057100377677483015,0.010636449585665614,0.023801298230884376,-0.03046977294251854,0.0627679998747661,0.0464639280918174,1.9512207988758175,0.9868026394721056,0.9868026394721056,0.12350830054784129,0.010645740513098492,0.02380798584719323,False
1088,2025-07-07 15:11:54,2025-07-07 15:16:54,5.0,1.0833333333333333,1.1666666666666667,13,5,True,eligible,0.09718875653741955,0.015206995663602854,0.029126757851385066,-0.025129567692093985,0.08495560175420606,0.0819817608738167,2.8121461818199784,0.6784643071385723,0.6784643071385723,0.15339529229817495,0.015223388737162905,0.029146908624504687,False
1089,2025-07-07 15:12:54,2025-07-07 15:17:54,5.0,1.1,1.1833333333333333,8,3,True,eligible,0.07314593605449048,0.004557322218268769,0.024203594313868832,-0.022569003202358273,0.06460631322116565,0.06858861383622171,2.8312633213587555,0.6666666666666666,0.6666666666666666,0.11938961265385793,0.004571037198040059,0.024220600867156553,False
1090,2025-07-07 15:13:54,2025-07-07 15:18:54,5.0,1.1166666666666667,1.2,14,5,True,eligible,0.04518597952017453,0.01635655922117805,0.028057114475808366,-0.023696881767909076,0.07992178136630393,0.02882942029899648,1.0273150269067601,1.0,1.0,0.1493687610848896,0.016362323952291626,0.02805727047006289,False
1091,2025-07-07 15:14:54,2025-07-07 15:19:54,5.0,1.1333333333333333,1.2166666666666666,22,7,True,eligible,0.036424027472836615,0.015235235122528888,0.03480144923464047,-0.03813034167985476,0.09443443612502889,0.021188792350307725,0.6087645583984799,1.0,1.0,0.1802065324559844,0.01523947203361673,0.03479925883818138,False
1092,2025-07-07 15:15:54,2025-07-07 15:20:54,5.0,1.15,1.2333333333333334,31,8,True,eligible,0.025875611736440686,0.014655086119919713,0.03323511275283979,-0.030123644362671804,0.08692855549092386,0.011220525616520973,0.3375729807948775,1.0,1.0,0.17219554251601285,0.01465732977631174,0.03323216785215879,False
1093,2025-07-07 15:16:54,2025-07-07 15:21:54,5.0,1.1666666666666667,1.25,43,8,True,eligible,0.02456844523111778,0.014615107778431119,0.033476290107230654,-0.030493949098490573,0.089078478749412,0.00995333745268666,0.2972926347484684,1.0,1.0,0.1732981129867109,0.014617098047867769,0.03347323821752122,False
1094,2025-07-07 15:17:54,2025-07-07 15:22:54,5.0,1.1833333333333333,1.2666666666666666,64,9,True,eligible,0.029104283888977026,0.016606189000853016,0.034262941346139615,-0.0316636774626377,0.09386224264470394,0.01249809488812401,0.36472873456956323,1.0,1.0,0.1790192350504342,0.016608688120006806,0.03425997072513897,False
1095,2025-07-07 15:18:54,2025-07-07 15:23:54,5.0,1.2,1.2833333333333334,80,9,True,eligible,0.037709532163343766,0.019499430932601747,0.034853061442349856,-0.03219673440411697,0.10085018805845901,0.01821010123074202,0.5224156232279655,1.0,1.0,0.18471317251514865,0.019503072224589496,0.034850527299045864,False
1096,2025-07-07 15:19:54,2025-07-07 15:24:54,5.0,1.2166666666666666,1.3,92,10,True,eligible,0.04999501925671824,0.024411718158065185,0.03580838626584172,-0.029174574405188943,0.11042811321250946,0.025583301098653054,0.7143421050445475,1.0,1.0,0.19415938454971074,0.024416833795157494,0.03580663281771085,False
1097,2025-07-07 15:20:54,2025-07-07 15:25:54,5.0,1.2333333333333334,1.3166666666666667,105,10,True,eligible,0.050235431527885226,0.023441439973988495,0.036292933538331545,-0.03147540183363804,0.11043202388328666,0.02679399155389673,0.738156174174694,1.0,1.0,0.19548684393249136,0.02344679770075393,0.03629128193242129,False
1098,2025-07-07 15:21:54,2025-07-07 15:26:54,5.0,1.25,1.3333333333333333,136,10,True,eligible,0.05329063281617558,0.02655267425709234,0.03666550758604091,-0.03158270830828033,0.11198191792364394,0.026737958559083244,0.7291284319675356,1.0,1.0,0.2003639561780466,0.026558020779499675,0.036663790444350926,False
1099,2025-07-07 15:22:54,2025-07-07 15:27:54,5.0,1.2666666666666666,1.35,160,11,True,eligible,0.047437330392990085,0.025063549113331716,0.0362235217727352,-0.03160768249428084,0.10859300767484359,0.022373781279658368,0.6175736140057645,1.0,1.0,0.19677622747943058,0.02506802297481535,0.03622128101147459,False
1100,2025-07-07 15:23:54,2025-07-07 15:28:54,5.0,1.2833333333333334,1.3666666666666667,174,15,True,eligible,0.042990213604718844,0.022125507639885366,0.0357274232502218,-0.03296249732151908,0.10431207728866199,0.020864705964833478,0.5839186495465025,1.0,1.0,0.19148557295073013,0.022129679746656982,0.03572506867910982,False
1101,2025-07-07 15:24:54,2025-07-07 15:29:54,5.0,1.3,1.3833333333333333,209,14,True,eligible,0.03746730719922222,0.020581696399963732,0.03555782362942998,-0.032418192571466144,0.10322627293542959,0.016885610799258488,0.47481933289422795,1.0,1.0,0.18913507892203651,0.02058507284683421,0.035555069439745714,False
1102,2025-07-07 15:25:54,2025-07-07 15:30:54,5.0,1.3166666666666667,1.4,248,14,True,eligible,0.041557947818752536,0.020630756217752334,0.03556871576624799,-0.030984678716213524,0.10322902399049247,0.020927191601000202,0.5882803144093482,1.0,1.0,0.18923861165071704,0.02063494081915226,0.03556638984360309,False
1103,2025-07-07 15:26:54,2025-07-07 15:31:54,5.0,1.3333333333333333,1.4166666666666667,261,18,True,eligible,0.04561442163530656,0.019009031254804763,0.03546241502832815,-0.03449602914056627,0.10121963117783395,0.026605390380501796,0.7501247026889479,1.0,1.0,0.1871177751834257,0.019014351268878047,0.0354608644017136,False
1104,2025-07-07 15:27:54,2025-07-07 15:32:54,5.0,1.35,1.4333333333333333,270,19,True,eligible,0.05281623737481006,0.020877507753150525,0.03562694572544342,-0.034165371598218405,0.10285960691567464,0.031938729621659535,0.8963151333961475,1.0,1.0,0.18977131368585276,0.02088389422178113,0.0356262456844134,False
1105,2025-07-07 15:28:54,2025-07-07 15:33:54,5.0,1.3666666666666667,1.45,280,17,True,eligible,0.054777514954857096,0.022335405039369937,0.035123941300091395,-0.032409767938910546,0.102654445026926,0.032442109915487155,0.9234755143804083,1.0,1.0,0.18884567229920513,0.02234189216392812,0.03512342480752308,False
1106,2025-07-07 15:29:54,2025-07-07 15:34:54,5.0,1.3833333333333333,1.4666666666666666,272,17,True,eligible,0.05037376871186887,0.022245006510404102,0.03477891869806409,-0.03192375232781114,0.10059098799299328,0.028128762201464767,0.808653969668882,1.0,1.0,0.1871155639287526,0.02225063113791889,0.034777715350195464,False
1107,2025-07-07 15:30:54,2025-07-07 15:35:54,5.0,1.4,1.4833333333333334,270,16,True,eligible,0.05052642339685373,0.019606809342883863,0.03533787040449032,-0.03644024020854336,0.09854243314415763,0.03091961405396987,0.8748166259789053,1.0,1.0,0.18712942903340635,0.019612992029157398,0.03533704144351934,False
1108,2025-07-07 15:31:54,2025-07-07 15:36:54,5.0,1.4166666666666667,1.5,266,14,True,eligible,0.04590644618845404,0.021016002422849837,0.03500617194987213,-0.034346870289101786,0.10003568884296804,0.024890443765604203,0.7109231331590871,1.0,1.0,0.18696071157831834,0.021020979516184295,0.035004440721583596,False
1109,2025-07-07 15:32:54,2025-07-07 15:37:54,5.0,1.4333333333333333,1.5166666666666666,251,13,True,eligible,0.04434015972437807,0.019103554951323584,0.035023864021889006,-0.0365608946707265,0.09824748412604262,0.025236604773054484,0.7204451208258646,1.0,1.0,0.18513242539156366,0.019108601263015855,0.035022179666424326,False
1110,2025-07-07 15:33:54,2025-07-07 15:38:54,5.0,1.45,1.5333333333333334,258,15,True,eligible,0.05150141906202774,0.022161298029234576,0.03645816538248048,-0.03626365608180183,0.10396148345536,0.02934012103279316,0.8046287554044911,1.0,1.0,0.19499223552525857,0.022167164880070967,0.0364568802505825,False
1111,2025-07-07 15:34:54,2025-07-07 15:39:54,5.0,1.4666666666666666,1.55,233,16,True,eligible,0.057386455467747385,0.023724643693484967,0.036790245990340885,-0.03648457659518941,0.10669473287655878,0.03366181177426242,0.9147976171673501,1.0,1.0,0.19813393396718085,0.023731374709636592,0.036789646285178335,False
1112,2025-07-07 15:35:54,2025-07-07 15:40:54,5.0,1.4833333333333334,1.5666666666666667,229,14,True,eligible,0.06062726567165527,0.02847525605965278,0.03775497255361607,-0.031613217299783315,0.11240854998793891,0.03215200961200249,0.8514498125781268,1.0,1.0,0.20745548547712991,0.028481685175751958,0.03775393454908268,False
1113,2025-07-07 15:36:54,2025-07-07 15:41:54,5.0,1.5,1.5833333333333333,203,13,True,eligible,0.06573310690741313,0.028988362842405253,0.03814876919496947,-0.03189922003816215,0.1123189728930289,0.03674474406500788,0.9630104321942209,1.0,1.0,0.20983992755179656,0.02899571032172239,0.038148492848602396,False
1114,2025-07-07 15:37:54,2025-07-07 15:42:54,5.0,1.5166666666666666,1.6,207,16,True,eligible,0.06498513520923511,0.03047423122287671,0.03790097234221029,-0.029909442022951514,0.11393402422641194,0.03451090398635841,0.9103880792686577,1.0,1.0,0.2101488965369503,0.030481132023513862,0.037900324017246974,False
1115,2025-07-07 15:38:54,2025-07-07 15:43:54,5.0,1.5333333333333334,1.6166666666666667,191,17,True,eligible,0.05895203896503301,0.024219273187443636,0.03627481430582004,-0.033672590435959125,0.10545367660991528,0.034732765777589374,0.957306353815545,1.0,1.0,0.1961867651343781,0.024226218351566336,0.03627451178513507,False
1116,2025-07-07 15:39:54,2025-07-07 15:44:54,5.0,1.55,1.6333333333333333,188,16,True,eligible,0.06112001006241876,0.024384768139867563,0.03609866672936009,-0.03302198323978387,0.10527951826171632,0.0367352419225512,1.017427228088522,1.0,1.0,0.1955196664012613,0.024392113719136223,0.036098794419218164,False
1117,2025-07-07 15:40:54,2025-07-07 15:45:54,5.0,1.5666666666666667,1.65,139,16,True,eligible,0.06004286693905663,0.02307701217905835,0.03509241862549744,-0.03193783282604548,0.10146659986610175,0.03696585475999828,1.0531636232850332,1.0,1.0,0.1894430180838465,0.023084403871671825,0.03509280253347887,False
1118,2025-07-07 15:41:54,2025-07-07 15:46:54,5.0,1.5833333333333333,1.6666666666666667,116,14,True,eligible,0.05677005293922369,0.02233892109502447,0.035208343849392365,-0.03361425402079395,0.10079278293222999,0.03443113184419923,0.9777340878215551,1.0,1.0,0.18925141572219137,0.022345805944423428,0.03520818944903451,False
1119,2025-07-07 15:42:54,2025-07-07 15:47:54,5.0,1.6,1.6833333333333333,85,14,True,eligible,0.05037110751116049,0.016267617673335618,0.0345776637924395,-0.03768270445998474,0.09569568227762633,0.034103489837824866,0.986092185012689,1.0,1.0,0.18019056896628183,0.016274437007436367,0.034577568935185675,False
1120,2025-07-07 15:43:54,2025-07-07 15:48:54,5.0,1.6166666666666667,1.7,56,12,True,eligible,0.04190829479022374,0.016392914328645442,0.035891695893887465,-0.04273002606062029,0.09582208344093979,0.025515380461578297,0.7107922854313631,1.0,1.0,0.18653539380413509,0.01639801638432662,0.0358899202042064,False
1121,2025-07-07 15:44:54,2025-07-07 15:49:54,5.0,1.6333333333333333,1.7166666666666666,43,13,True,eligible,-0.010478832131424167,-0.008643417248697131,0.027516673967817575,-0.05433065563477273,0.05129194469610554,-0.001835414882727036,-0.06669521872795295,1.0,1.0,0.12178694992532811,-0.008643784258271761,0.027513934404166066,False
1122,2025-07-07 15:45:54,2025-07-07 15:50:54,5.0,1.65,1.7333333333333334,43,13,True,eligible,-0.012059417976828881,-0.009436919270334205,0.026176831117582677,-0.05217635208385799,0.0479868065527781,-0.002622498706494676,-0.10017384857362863,1.0,1.0,0.11464242198422281,-0.009437443665196532,0.026174239574165665,False
1123,2025-07-07 15:46:54,2025-07-07 15:51:54,5.0,1.6666666666666667,1.75,54,13,True,eligible,0.011270445431518146,-0.0011939583927044219,0.031535528525980114,-0.05142348993388693,0.0719094554665468,0.012464403824222568,0.39520387654553424,1.0,1.0,0.1482911556947764,-0.001191466010416035,0.03153286741735276,False
1124,2025-07-07 15:47:54,2025-07-07 15:52:54,5.0,1.6833333333333333,1.7666666666666666,70,15,True,eligible,0.031578852060853486,-0.0019717562694808706,0.030574453984543795,-0.05436379398935665,0.06377961578421888,0.03355060833033436,1.0970994141495285,1.0,1.0,0.14297713853318966,-0.0019650474895707864,0.03057507744312078,False
1125,2025-07-07 15:48:54,2025-07-07 15:53:54,5.0,1.7,1.7833333333333334,85,15,True,eligible,0.02642328455123114,0.001669606807343871,0.03134081469068084,-0.05154565065547672,0.07000561917975906,0.02475367774388727,0.7896941927924674,1.0,1.0,0.15024115487328984,0.001674556552943528,0.031339635297016305,False
1126,2025-07-07 15:49:54,2025-07-07 15:54:54,5.0,1.7166666666666666,1.8,82,13,True,eligible,0.03279257661247523,0.0031381842524722896,0.031813785658400956,-0.050482684876934254,0.07338220891957853,0.02965439236000294,0.931949826186802,1.0,1.0,0.1539564575621779,0.003144113945005784,0.0318133678813806,False
1127,2025-07-07 15:50:54,2025-07-07 15:55:54,5.0,1.7333333333333334,1.8166666666666667,80,14,True,eligible,0.026914750694950133,-0.0012357234396898396,0.030203794581990497,-0.05153002577558991,0.06577490832021107,0.028150474134639974,0.9318436876438059,1.0,1.0,0.14195012953062772,-0.0012300944706567182,0.030203397349583296,False
1128,2025-07-07 15:51:54,2025-07-07 15:56:54,5.0,1.75,1.8333333333333333,83,17,True,eligible,0.019355672130457708,-0.003335976444322565,0.029732505137316966,-0.05168050600108001,0.06300625826827859,0.022691648574780274,0.7630725577921582,1.0,1.0,0.13761061771359162,-0.003331439022092054,0.029731263325982638,False
1129,2025-07-07 15:52:54,2025-07-07 15:57:54,5.0,1.7666666666666666,1.85,75,16,True,eligible,0.008302928860136663,-0.00909624899291319,0.02659764169529493,-0.05210688095974971,0.04975384781235895,0.017399177853049855,0.6540690451155373,1.0,1.0,0.11698703346981637,-0.009092769853170528,0.02659611984883698,False
1130,2025-07-07 15:53:54,2025-07-07 15:58:54,5.0,1.7833333333333334,1.8666666666666667,64,16,True,eligible,0.017747380638880615,-0.006252106409400761,0.025685162451671538,-0.04830092543479264,0.05095117598237695,0.023999487048281375,0.9341966667434842,1.0,1.0,0.1155125236881126,-0.006247307471778629,0.025684835928929527,False
1131,2025-07-07 15:54:54,2025-07-07 15:59:54,5.0,1.8,1.8833333333333333,66,14,True,eligible,0.026349838005453274,-0.00300475676842081,0.02387597423624054,-0.04173832093672859,0.049436765326687615,0.029354594773874084,1.2291529690233713,1.0,1.0,0.11019176095948972,-0.0029988870234150373,0.023877194920814016,False
1132,2025-07-07 15:55:54,2025-07-07 16:00:54,5.0,1.8166666666666667,1.9,62,14,True,eligible,0.03189027296709758,0.0007923083038201669,0.025409706379074533,-0.040172957807093394,0.05669749368576676,0.031097964663277414,1.2235560314545277,1.0,1.0,0.12126008987144658,0.0007985266530829688,0.02541097057652002,False
1133,2025-07-07 15:56:54,2025-07-07 16:01:54,5.0,1.8333333333333333,1.9166666666666667,45,12,True,eligible,0.04113877640780932,0.0001871585880315855,0.024062501755927532,-0.0373016149407866,0.05269335549578637,0.040951617819777734,1.7012224896561239,0.9982003599280144,0.9982003599280144,0.11428607212250451,0.00019534727385837628,0.024067063175391618,False
1134,2025-07-07 15:57:54,2025-07-07 16:02:54,5.0,1.85,1.9333333333333333,25,8,True,eligible,0.06955193724206012,0.013794970016604435,0.0251929131305684,-0.021590762827784573,0.06869497947676971,0.05575696722545568,2.2118960509529106,0.9504099180163967,0.9504099180163967,0.13328050899548188,0.013806119180216802,0.025202729593837542,False
1135,2025-07-07 15:58:54,2025-07-07 16:03:54,5.0,1.8666666666666667,1.95,11,4,True,eligible,0.0705304724665166,0.0006034060426767292,0.02658193837660197,-0.028207913363663233,0.06081055630944504,0.06992706642383988,2.628541959456584,0.7738452309538092,0.7738452309538092,0.1267045264380262,0.0006173886594381439,0.026597667028123856,False
1136,2025-07-07 15:59:54,2025-07-07 16:04:54,5.0,1.8833333333333333,1.9666666666666666,0,0,False,insufficient_merged_records_nodes_or_variation,,,,,,,,,,,,,False
1137,2025-07-07 16:00:54,2025-07-07 16:05:54,5.0,1.9,1.9833333333333334,1,1,False,insufficient_merged_records_nodes_or_variation,,,,,,,,,,,,,False
1138,2025-07-07 16:01:54,2025-07-07 16:06:54,5.0,1.9166666666666667,2.0,1,1,False,insufficient_merged_records_nodes_or_variation,,,,,,,,,,,,,False
1139,2025-07-07 16:02:54,2025-07-07 16:07:54,5.0,1.9333333333333333,2.0166666666666666,1,1,False,insufficient_merged_records_nodes_or_variation,,,,,,,,,,,,,False
1140,2025-07-07 16:03:54,2025-07-07 16:08:54,5.0,1.95,2.033333333333333,4,3,False,insufficient_merged_records_nodes_or_variation,,,,,,,,,,,,,False
1141,2025-07-07 16:04:54,2025-07-07 16:09:54,5.0,1.9666666666666666,2.05,4,3,False,insufficient_merged_records_nodes_or_variation,,,,,,,,,,,,,False
1142,2025-07-07 16:05:54,2025-07-07 16:10:54,5.0,1.9833333333333334,2.066666666666667,4,3,False,insufficient_merged_records_nodes_or_variation,,,,,,,,,,,,,False
1143,2025-07-07 16:06:54,2025-07-07 16:11:54,5.0,2.0,2.0833333333333335,7,5,True,eligible,-0.008891229591995127,0.007470020756529101,0.0362870346110263,-0.048793333126800925,0.09348802627095397,-0.016361250348524228,-0.45082995610453785,1.0,1.0,0.17947295469124894,0.007466749160778546,0.03628414334778722,False
1144,2025-07-07 16:07:54,2025-07-07 16:12:54,5.0,2.0166666666666666,2.1,11,8,True,eligible,0.002658235442965105,0.023244101143380085,0.035878015380781954,-0.034082282691209394,0.10865609111564954,-0.02058586570041498,-0.5736975692928031,1.0,1.0,0.19330951674303853,0.023239984793509975,0.035875608425386896,False
1145,2025-07-07 16:08:54,2025-07-07 16:13:54,5.0,2.033333333333333,2.1166666666666667,12,8,True,eligible,0.028720152528523245,0.015357975970704478,0.030634687492679304,-0.03546893441878831,0.08105650213358281,0.013362176557818767,0.43612609485761145,1.0,1.0,0.1605736567588554,0.015360647871635854,0.0306322066356728,False
1146,2025-07-07 16:09:54,2025-07-07 16:14:54,5.0,2.05,2.1333333333333333,13,8,True,eligible,0.018988622470408452,0.01700192317829399,0.031180817275229655,-0.0345746987275749,0.08535952891484148,0.0019866992921144626,0.06370903840414407,1.0,1.0,0.16480131445980822,0.017002320438700327,0.031177711694655275,False
1147,2025-07-07 16:10:54,2025-07-07 16:15:54,5.0,2.066666666666667,2.15,17,10,True,eligible,0.015815519911364012,0.0033155130878486437,0.030210475529692162,-0.04817285929565246,0.06743772386044296,0.012500006823515368,0.4137155429400042,1.0,1.0,0.14651992041113143,0.003318012589313053,0.030207971480209313,False
1148,2025-07-07 16:11:54,2025-07-07 16:16:54,5.0,2.0833333333333335,2.1666666666666665,16,10,True,eligible,0.033010914899281006,0.002711207738042194,0.03233224251573914,-0.05022628449729139,0.07400834146774346,0.030299707161238813,0.9369599977502311,1.0,1.0,0.15598748360043935,0.0027172664677285047,0.03233184821581678,False
1149,2025-07-07 16:12:54,2025-07-07 16:17:54,5.0,2.1,2.183333333333333,12,8,True,eligible,0.020870193175663604,7.891677198004571e-05,0.03144810807997324,-0.05192904856472418,0.07268460010832409,0.02079127640368356,0.6610346584368689,1.0,1.0,0.14915549799116312,8.30741957760231e-05,0.03144633751737364,False
1150,2025-07-07 16:13:54,2025-07-07 16:18:54,5.0,2.1166666666666667,2.2,11,7,True,eligible,0.012747620855539071,-0.010757179618181225,0.01913953399420145,-0.04233010072792443,0.030816307080327784,0.0235048004737203,1.2277679830015331,1.0,1.0,0.07998373480307179,-0.0107524795980905,0.01914050600682607,False
1151,2025-07-07 16:14:54,2025-07-07 16:19:54,5.0,2.1333333333333333,2.216666666666667,30,14,True,eligible,-0.0011430962034190027,0.006242760165127839,0.028494004988498852,-0.04079961363594377,0.06797017367925608,-0.007385856368546842,-0.25917972659110877,1.0,1.0,0.14130547425087642,0.006241283289229311,0.028491346872582268,False
1152,2025-07-07 16:15:54,2025-07-07 16:20:54,5.0,2.15,2.2333333333333334,32,11,True,eligible,0.007502692953230348,0.011594270898569578,0.028074993173130787,-0.03274130113479761,0.07397104135875002,-0.00409157794533923,-0.14572257297198737,1.0,1.0,0.14467087788785096,0.011593452746610904,0.02807224515701444,False
1153,2025-07-07 16:16:54,2025-07-07 16:21:54,5.0,2.1666666666666665,2.25,34,12,True,eligible,0.006530706334764042,0.012643275062956434,0.027025449690569688,-0.030359332050338143,0.073338141658139,-0.006112568728192392,-0.2261544761975732,1.0,1.0,0.14074495189378597,0.012642052793664656,0.027022885249291355,False
1154,2025-07-07 16:17:54,2025-07-07 16:22:54,5.0,2.183333333333333,2.2666666666666666,34,12,True,eligible,0.006530706334764042,0.012643275062956434,0.027025449690569688,-0.030359332050338143,0.073338141658139,-0.006112568728192392,-0.2261544761975732,1.0,1.0,0.14074495189378597,0.012642052793664656,0.027022885249291355,False
1155,2025-07-07 16:18:54,2025-07-07 16:23:54,5.0,2.2,2.283333333333333,39,13,True,eligible,0.01360917050025619,0.019946384894633226,0.03169060989962438,-0.03063767907744414,0.09148503843124939,-0.006337214394377037,-0.19995057134802904,1.0,1.0,0.17016109986532266,0.01994511770519224,0.03168756739338272,False
1156,2025-07-07 16:19:54,2025-07-07 16:24:54,5.0,2.216666666666667,2.3,26,7,True,eligible,0.026558583832156413,0.020632837391876244,0.03335076809314248,-0.03079115764979618,0.09561323960354731,0.005925746440280169,0.17766113664443983,1.0,1.0,0.178719151724621,0.02063402230418184,0.03334753812721365,False
1157,2025-07-07 16:20:54,2025-07-07 16:25:54,5.0,2.2333333333333334,2.316666666666667,25,9,True,eligible,0.013875579571066414,0.016605845604735818,0.029238991586129734,-0.028451778559900876,0.08023362918360093,-0.0027302660336694044,-0.09336815581317401,1.0,1.0,0.15519998491757891,0.016605299660717887,0.02923609303276307,False
1158,2025-07-07 16:21:54,2025-07-07 16:26:54,5.0,2.25,2.3333333333333335,23,8,True,eligible,0.005836774914431184,0.012991968744344926,0.0316792172733138,-0.03172033067171141,0.07929896051087906,-0.007155193829913742,-0.22584024097704755,1.0,1.0,0.16315268377457698,0.012990537991729468,0.03167621078665662,False
1159,2025-07-07 16:22:54,2025-07-07 16:27:54,5.0,2.2666666666666666,2.35,30,10,True,eligible,0.005893411267239572,0.02905871247827418,0.03416987424877946,-0.024541387697894587,0.10308041717139756,-0.02316530121103461,-0.6778462455885261,1.0,1.0,0.1910287667353372,0.029054080344458735,0.034168027377816906,False
1160,2025-07-07 16:23:54,2025-07-07 16:28:54,5.0,2.283333333333333,2.3666666666666667,33,13,True,eligible,-0.011647006240268484,0.030782844101410727,0.034420277788945346,-0.02331347294060032,0.10867925971144456,-0.04242985034167921,-1.2323887621693659,1.0,1.0,0.1939533201050722,0.03077435982819704,0.03442206499334794,False
1161,2025-07-07 16:24:54,2025-07-07 16:29:54,5.0,2.3,2.3833333333333333,28,12,True,eligible,-0.019564618352163353,0.020088839900798884,0.030055586695972462,-0.028933590520804818,0.08652521355745352,-0.03965345825296224,-1.3189758996759553,1.0,1.0,0.16257098081798435,0.02008091079496946,0.03005781163770535,False
1162,2025-07-07 16:25:54,2025-07-07 16:30:54,5.0,2.316666666666667,2.4,26,12,True,eligible,-0.015066519664532756,0.029631904978588374,0.03588725218125037,-0.0278339427447071,0.10892201632730894,-0.044698424643121126,-1.24520607616083,1.0,1.0,0.19975707058902337,0.029622967081239224,0.03588922958323239,False
1163,2025-07-07 16:26:54,2025-07-07 16:31:54,5.0,2.3333333333333335,2.4166666666666665,32,13,True,eligible,-0.019396843183090817,0.03421122080330743,0.03578582213965601,-0.02264253009022168,0.11503883232549289,-0.053608063986398245,-1.4975394451058093,1.0,1.0,0.20386549449388353,0.03420050133440393,0.03579027229810818,False
1164,2025-07-07 16:27:54,2025-07-07 16:32:54,5.0,2.35,2.433333333333333,25,10,True,eligible,-0.018603588476531572,0.016200012747034212,0.03391738591866018,-0.03361105965500148,0.08999648524754043,-0.03480360122356578,-1.0259180497964366,1.0,1.0,0.17698041333356596,0.016193053418655175,0.03391756476269339,False
1165,2025-07-07 16:28:54,2025-07-07 16:33:54,5.0,2.3666666666666667,2.45,23,8,True,eligible,-0.0061465545489994815,0.009951567205192902,0.030512537444372597,-0.03887517663195513,0.08029868878971427,-0.016098121754192382,-0.5275229732816199,1.0,1.0,0.1545836217574865,0.009948348224638177,0.03051033526277412,False
1166,2025-07-07 16:29:54,2025-07-07 16:34:54,5.0,2.3833333333333333,2.466666666666667,23,8,True,eligible,-0.004846197208811666,0.019071142136181468,0.03408481255685676,-0.03570828233116789,0.09691680670514229,-0.023917339344993134,-0.701596083632349,1.0,1.0,0.18063835948060963,0.019066359624814747,0.03408308197763129,False
1167,2025-07-07 16:30:54,2025-07-07 16:35:54,5.0,2.4,2.4833333333333334,19,8,True,eligible,0.0010071666985744631,0.01777906773139289,0.03520905012926208,-0.0388265410747719,0.09889748919622907,-0.016771901032818427,-0.4762935621899207,1.0,1.0,0.18467249902624228,0.01777571402192822,0.035206327892098085,False
1168,2025-07-07 16:31:54,2025-07-07 16:36:54,5.0,2.4166666666666665,2.5,11,7,True,eligible,0.005282537119738122,0.004797236465698385,0.030373789350715268,-0.045379129402212295,0.07349672980209776,0.0004853006540397366,0.015976015470671876,1.0,1.0,0.148770910695088,0.004797333506421048,0.03037075259521315,False
1169,2025-07-07 16:32:54,2025-07-07 16:37:54,5.0,2.433333333333333,2.5166666666666666,12,7,True,eligible,0.004423663801551027,0.0038816865918184424,0.028747469524340832,-0.043200716745528396,0.06929473360024534,0.0005419772097325849,0.018851155273251707,1.0,1.0,0.14014652032479258,0.003881794965585635,0.028744595655326298,False
1170,2025-07-07 16:33:54,2025-07-07 16:38:54,5.0,2.45,2.533333333333333,4,4,False,insufficient_merged_records_nodes_or_variation,,,,,,,,,,,,,False
1171,2025-07-07 16:34:54,2025-07-07 16:39:54,5.0,2.466666666666667,2.55,14,4,True,eligible,-0.00045621429036969734,0.01423808303100159,0.03697744332914423,-0.03877821468140829,0.1002226760226824,-0.014694297321371287,-0.3973394336247258,1.0,1.0,0.1895131999215531,0.014235144759191676,0.036974329266892966,False
1172,2025-07-07 16:35:54,2025-07-07 16:40:54,5.0,2.4833333333333334,2.566666666666667,20,5,True,eligible,-0.005885110444658552,0.011469538058365777,0.031434872377598705,-0.03336213761669863,0.08200875989087915,-0.01735464850302433,-0.5520106635906536,1.0,1.0,0.16047377966109436,0.011466067822712301,0.0314326867428737,False
1173,2025-07-07 16:36:54,2025-07-07 16:41:54,5.0,2.5,2.5833333333333335,22,5,True,eligible,-0.006512801121375741,0.010751741069031923,0.03181681372925551,-0.033094877152416546,0.08089513601940851,-0.017264542190407663,-0.5425530105994003,1.0,1.0,0.16156632449402758,0.010748288851037437,0.031814568595506486,False
1174,2025-07-07 16:37:54,2025-07-07 16:42:54,5.0,2.5166666666666666,2.6,24,6,True,eligible,-0.008576575966979635,0.01435175295401286,0.033749211643021894,-0.03208180733999348,0.08686532069120459,-0.022928328920992495,-0.6792744985544927,1.0,1.0,0.17432782812535252,0.014347168205178428,0.033747394051948314,False
1175,2025-07-07 16:38:54,2025-07-07 16:43:54,5.0,2.533333333333333,2.6166666666666667,33,11,True,eligible,-0.01809585237542391,0.012026258139325428,0.0273056856022716,-0.02999023117260543,0.06973452190559082,-0.030122110514749337,-1.1028997839468635,1.0,1.0,0.14146656343796102,0.01202023492186597,0.02730627726620431,False
1176,2025-07-07 16:39:54,2025-07-07 16:44:54,5.0,2.55,2.6333333333333333,43,20,True,eligible,-0.03335655860341529,-0.010270674722065179,0.023812843597155617,-0.051640280159088975,0.040031117648379126,-0.023085883881350112,-0.969283938847347,1.0,1.0,0.10260961654821589,-0.010275290975590745,0.023812699976512895,False
1177,2025-07-07 16:40:54,2025-07-07 16:45:54,5.0,2.566666666666667,2.65,44,20,True,eligible,-0.03163449492143196,-0.009550050216223432,0.02430325480954586,-0.0518078703144471,0.0416663502987083,-0.022084444705208525,-0.9085373136449346,1.0,1.0,0.10565392347644766,-0.009554466221963325,0.024302830899576817,False
1178,2025-07-07 16:41:54,2025-07-07 16:46:54,5.0,2.5833333333333335,2.6666666666666665,47,21,True,eligible,-0.020902671564478892,-0.009734204672447158,0.019909068633747966,-0.045931654898923015,0.030153449004925725,-0.011168466892031733,-0.5609001219990468,1.0,1.0,0.08463670481214926,-0.00973643791917622,0.019907704076629968,False
1179,2025-07-07 16:42:54,2025-07-07 16:47:54,5.0,2.6,2.683333333333333,69,28,True,eligible,-0.02542809720639471,-0.007248170623185059,0.024382866758057155,-0.04765402350835738,0.048880456376406804,-0.018179926583209653,-0.7454865306968477,1.0,1.0,0.10833086211772491,-0.007251805881450045,0.024381783676164177,False
1180,2025-07-07 16:43:54,2025-07-07 16:48:54,5.0,2.6166666666666667,2.7,68,26,True,eligible,-0.023148431590568893,-0.004202811543998936,0.027136427931556854,-0.048724772435965874,0.06027173387104678,-0.018945620046569956,-0.6980580822468828,1.0,1.0,0.12442795692331662,-0.004206599910334985,0.02713503669961769,False
1181,2025-07-07 16:44:54,2025-07-07 16:49:54,5.0,2.6333333333333333,2.716666666666667,46,21,True,eligible,-0.017273376602729318,0.008132050089922646,0.028135030682488,-0.036436990913116765,0.07495088957152682,-0.025405426692651965,-0.9028181375441962,1.0,1.0,0.14149956744914277,0.008126970020597982,0.028134510780233258,False
1182,2025-07-07 16:45:54,2025-07-07 16:50:54,5.0,2.65,2.7333333333333334,42,19,True,eligible,-0.014480449035423757,0.00643288524126168,0.0297455137596749,-0.040141974435169724,0.07797037875571766,-0.020913334276685437,-0.7029702108006582,1.0,1.0,0.14743118258651747,0.00642870341077244,0.029744009240991038,False
1183,2025-07-07 16:46:54,2025-07-07 16:51:54,5.0,2.6666666666666665,2.75,37,18,True,eligible,-0.01399844524159665,0.006571856025625373,0.03160742186433143,-0.042678979853701914,0.0823864979535273,-0.020570301267222025,-0.6507134284979605,1.0,1.0,0.1563951535246561,0.006567742788019452,0.031605599529563974,False
1184,2025-07-07 16:47:54,2025-07-07 16:52:54,5.0,2.683333333333333,2.7666666666666666,13,9,True,eligible,-0.009354397997450942,0.02697240626805188,0.03250389605685406,-0.0265596317657091,0.09981019796260843,-0.03632680426550282,-1.117362566558557,1.0,1.0,0.18105479186295526,0.026965142359980387,0.03250470477930402,False
1185,2025-07-07 16:48:54,2025-07-07 16:53:54,5.0,2.7,2.783333333333333,5,4,True,eligible,-0.00627030606543494,0.014115348798708635,0.034470938848688674,-0.04045692527367979,0.08740489345998471,-0.020385654864143576,-0.5913069048071221,1.0,1.0,0.17751129346171796,0.014111272482998944,0.034468697021358366,False
1186,2025-07-07 16:49:54,2025-07-07 16:54:54,5.0,2.716666666666667,2.8,11,7,True,eligible,0.011841176964914218,0.028536036537819075,0.03172177714610268,-0.02384084864048185,0.09977740385273233,-0.016694859572904855,-0.5262229869171212,1.0,1.0,0.1788999790333642,0.028532698233565343,0.031719483343816746,False
1187,2025-07-07 16:50:54,2025-07-07 16:55:54,5.0,2.7333333333333334,2.816666666666667,8,6,True,eligible,0.013350785340314237,0.03323701570680666,0.03620720935033798,-0.02604712041884928,0.11413612565445362,-0.019886230366492418,-0.5491625286571225,1.0,1.0,0.2048625486754589,0.033233039256023514,0.03620468054207509,False
1188,2025-07-07 16:51:54,2025-07-07 16:56:54,5.0,2.75,2.8333333333333335,16,10,True,eligible,-0.018800571156592987,0.00645884499444698,0.029978602195328267,-0.04378867206092375,0.07226717436141565,-0.025259416151039965,-0.8424374833368881,1.0,1.0,0.14856424490951112,0.006453794121391384,0.029977732208628746,False
1189,2025-07-07 16:52:54,2025-07-07 16:57:54,5.0,2.7666666666666666,2.85,29,11,True,eligible,-0.0045741873697522735,0.006829631475306285,0.02378417543851988,-0.03254174791873276,0.05689288118327592,-0.011403818845058557,-0.4794118998136206,1.0,1.0,0.11956835336394397,0.006827351167598814,0.023782343620973166,False
1190,2025-07-07 16:53:54,2025-07-07 16:58:54,5.0,2.783333333333333,2.8666666666666667,31,13,True,eligible,-0.007394196166461229,0.008219192257430105,0.02487866533415914,-0.03284323490191806,0.0621436862075374,-0.015613388423891334,-0.6274939822146579,1.0,1.0,0.12614707259764943,0.008216070204155983,0.02487715709324067,False
1191,2025-07-07 16:54:54,2025-07-07 16:59:54,5.0,2.8,2.8833333333333333,28,11,True,eligible,-0.012342999755853356,0.0019993380896834315,0.02372843081621761,-0.03588964544393956,0.054119306621817374,-0.014342337845536787,-0.6043543425710156,1.0,1.0,0.1144747569178346,0.0019964701956931216,0.023726924655731244,False
1192,2025-07-07 16:55:54,2025-07-07 17:00:54,5.0,2.816666666666667,2.9,30,12,True,eligible,-0.013283181475109537,0.0004897096134892867,0.023361895983334817,-0.037168958137129046,0.05107870387598722,-0.013772891088598823,-0.5894656696007947,1.0,1.0,0.11122758497226963,0.00048695558607704965,0.023360371555670358,False
1193,2025-07-07 16:56:54,2025-07-07 17:01:54,5.0,2.8333333333333335,2.9166666666666665,55,28,True,eligible,0.0011522814316056761,-0.003747880730193595,0.024676289441332308,-0.04891618662654772,0.04809982335078975,0.0049001621617992715,0.19855712131640033,1.0,1.0,0.11322064439359694,-0.0037469008937285287,0.024673918985395487,False
1194,2025-07-07 16:57:54,2025-07-07 17:02:54,5.0,2.85,2.933333333333333,53,29,True,eligible,0.011390518426082828,-0.0028778650482916292,0.02305859571957049,-0.04460522488870802,0.04734524908436366,0.014268383474374457,0.6187025029774995,1.0,1.0,0.10642829232988074,-0.0028750119422179692,0.023057172550051238,False
1195,2025-07-07 16:58:54,2025-07-07 17:03:54,5.0,2.8666666666666667,2.95,55,28,True,eligible,0.011615536101798728,-0.005377354602988492,0.024150027904632134,-0.0472900577184672,0.04857611629079735,0.016992890704787218,0.7035333828080492,1.0,1.0,0.10910428374679974,-0.005373956704427246,0.024148808317261267,False
1196,2025-07-07 16:59:54,2025-07-07 17:04:54,5.0,2.8833333333333333,2.966666666666667,52,27,True,eligible,0.00963645403043138,-0.005893429411440501,0.02231433746593896,-0.04510320826402795,0.0426766018303123,0.01552988344187188,0.695856596453006,1.0,1.0,0.09988608974161287,-0.005890324055823251,0.022313186603963187,False
1197,2025-07-07 17:00:54,2025-07-07 17:05:54,5.0,2.9,2.9833333333333334,66,32,True,eligible,0.04424983692480883,0.015146697970989404,0.02859165602415206,-0.03484289181322308,0.07729993339424543,0.029103138953819423,1.017682047929601,1.0,1.0,0.1506927137823896,0.01515251743488739,0.02859175864320078,False
1198,2025-07-07 17:01:54,2025-07-07 17:06:54,5.0,2.9166666666666665,3.0,43,22,True,eligible,0.032901283857251995,0.028276018378820322,0.030742884933904025,-0.02542065453147146,0.0955063898752311,0.004625265478431673,0.15043456901969735,1.0,1.0,0.17400038169004473,0.028276943246942386,0.03073988007174146,False
1199,2025-07-07 17:02:54,2025-07-07 17:07:54,5.0,2.933333333333333,3.0166666666666666,31,18,True,eligible,0.04079372607153937,0.03347896318118556,0.03339245680300748,-0.02350838732777022,0.10972063178987207,0.007314762890353807,0.21903140033112553,1.0,1.0,0.19176342267365576,0.03348042584123161,0.03338927760700845,False
1200,2025-07-07 17:03:54,2025-07-07 17:08:54,5.0,2.95,3.033333333333333,26,15,True,eligible,0.0636925862938818,0.023219176937958063,0.03442145994570459,-0.03575495243854689,0.10106800268629663,0.04047340935592374,1.1755390259779137,1.0,1.0,0.1864095997087175,0.023227270001216594,0.034422775763656766,False
1201,2025-07-07 17:04:54,2025-07-07 17:09:54,5.0,2.966666666666667,3.05,28,16,True,eligible,0.06068148656767687,0.029291494292335424,0.03486462939609081,-0.02883872628958904,0.10814522358595687,0.03138999227534145,0.9001762237426467,1.0,1.0,0.19457158991483708,0.02929777103544187,0.03486396852579763,False
1202,2025-07-07 17:05:54,2025-07-07 17:10:54,5.0,2.9833333333333334,3.066666666666667,40,22,True,eligible,0.08640410844699317,0.04272235301964159,0.02986559743673721,-0.008953880014673175,0.10974755727481816,0.04368175542735158,1.4621521724407225,0.9996000799840032,0.9996000799840032,0.18432608187774283,0.04273108762380623,0.029868998348020783,False
1203,2025-07-07 17:06:54,2025-07-07 17:11:54,5.0,3.0,3.0833333333333335,31,14,True,eligible,0.1269274961861226,0.03326129469711856,0.03280534018180393,-0.02153341399464532,0.10964519174596692,0.09366620148900404,2.852602033750475,0.6510697860427914,0.6510697860427914,0.1889060087462292,0.033280024191517474,0.032828789605636496,False
1204,2025-07-07 17:07:54,2025-07-07 17:12:54,5.0,3.0166666666666666,3.1,41,19,True,eligible,0.08234418185871381,0.002162715500542315,0.029727042590452727,-0.04901878453517024,0.06850505054877515,0.0801814663581715,2.6950271492799285,0.7354529094181164,0.7354529094181164,0.14318917988615326,0.002178748587196618,0.029745686715228904,False
1205,2025-07-07 17:08:54,2025-07-07 17:13:54,5.0,3.033333333333333,3.1166666666666667,42,19,True,eligible,0.07484928695530556,-0.0003006378339297926,0.029355168262297327,-0.051345631362305355,0.0653849741718075,0.07514992478923535,2.558091776950495,0.8066386722655469,0.8066386722655469,0.13895079998803123,-0.000285610854367857,0.029371462934469787,False
1206,2025-07-07 17:09:54,2025-07-07 17:14:54,5.0,3.05,3.1333333333333333,40,18,True,eligible,0.07906175788465025,0.0030056550057632947,0.02984764727543978,-0.048389045509464455,0.06992618773174822,0.07605610287888696,2.5462365153688107,0.8130373925214956,0.8130373925214956,0.14459232533011795,0.003020863184703285,0.029864034327122514,False
1207,2025-07-07 17:10:54,2025-07-07 17:15:54,5.0,3.066666666666667,3.15,13,8,True,eligible,-0.01310275900642751,0.0363695575870386,0.040756644116484324,-0.02830159268666147,0.1288227689091432,-0.04947231659346611,-1.21354653052683,1.0,1.0,0.22957705242789367,0.03635966510221687,0.04075857238631925,False
1208,2025-07-07 17:11:54,2025-07-07 17:16:54,5.0,3.0833333333333335,3.1666666666666665,14,8,True,eligible,0.000972987999815143,0.04031491451605409,0.04220037311642288,-0.027567993328081616,0.1359102071074427,-0.03934192651623895,-0.932090697448828,1.0,1.0,0.24035671820629934,0.04030704770411323,0.04219982005180085,False
1209,2025-07-07 17:12:54,2025-07-07 17:17:54,5.0,3.1,3.183333333333333,4,3,False,insufficient_merged_records_nodes_or_variation,,,,,,,,,,,,,False
1210,2025-07-07 17:13:54,2025-07-07 17:18:54,5.0,3.1166666666666667,3.2,5,3,True,eligible,0.04302993826996136,0.009372880326812725,0.036993134263435805,-0.04093143651499538,0.09567357112802491,0.03365705794314864,0.9096527957649327,1.0,1.0,0.18474378800921976,0.00937961039238824,0.036992496515416466,False
1211,2025-07-07 17:14:54,2025-07-07 17:19:54,5.0,3.1333333333333333,3.216666666666667,7,3,True,eligible,0.014244789094141857,0.010333806183937474,0.03746583449947792,-0.04218117158944917,0.10275609997036068,0.003910982910204383,0.10437743452711999,1.0,1.0,0.18792507234575978,0.010334588224111478,0.03746212855053844,False
1212,2025-07-07 17:15:54,2025-07-07 17:20:54,5.0,3.15,3.2333333333333334,8,3,True,eligible,-0.003354851827377635,0.0015051186905910997,0.025557219745412835,-0.03182026127179476,0.05535505515172929,-0.004859970517968735,-0.1901406791164552,1.0,1.0,0.12264733119890268,0.0015041468908474549,0.025554756303616154,False
1213,2025-07-07 17:16:54,2025-07-07 17:21:54,5.0,3.1666666666666665,3.25,17,12,True,eligible,-0.015487910757978295,-0.01650685174563966,0.019785921765569554,-0.04984608908416584,0.02691615143781771,0.0010189409876613653,0.05149312076985945,1.0,1.0,0.07727982640027706,-0.01650664799819162,0.019783948321299313,False
1214,2025-07-07 17:17:54,2025-07-07 17:22:54,5.0,3.183333333333333,3.2666666666666666,18,12,True,eligible,-0.017334248935215638,-0.017010968963477587,0.01929862762669865,-0.04956555219923031,0.02590293296920989,-0.00032327997173805037,-0.0167497737267257,1.0,1.0,0.07446561519755038,-0.017011033606543317,0.01929669820891983,False
1215,2025-07-07 17:18:54,2025-07-07 17:23:54,5.0,3.2,3.283333333333333,19,13,True,eligible,-0.03223060523012234,-0.015489112472004334,0.01977752411800797,-0.04998468750275259,0.026015003312000254,-0.016741492758118006,-0.8463455656758528,1.0,1.0,0.07826090121884384,-0.015492460101030156,0.019776963226274917,False
1216,2025-07-07 17:19:54,2025-07-07 17:24:54,5.0,3.216666666666667,3.3,21,15,True,eligible,-0.021335912228632996,-0.011068342948611228,0.021456901050650103,-0.050655283956380366,0.0328208890519226,-0.010267569280021769,-0.47846181426302226,1.0,1.0,0.09063892384980295,-0.011070396051846582,0.021455246522856696,False
1217,2025-07-07 17:20:54,2025-07-07 17:25:54,5.0,3.2333333333333334,3.316666666666667,26,17,True,eligible,-0.029479493662527917,-0.0003408990488977222,0.026069430238911773,-0.047313968300258906,0.055383756152451356,-0.029138594613630196,-1.1174790628770228,1.0,1.0,0.12323936591896667,-0.00034672560250972634,0.026070079545843103,False
1218,2025-07-07 17:21:54,2025-07-07 17:26:54,5.0,3.25,3.3333333333333335,21,8,True,eligible,-0.002169920835301896,0.005223110191359018,0.018250864238922013,-0.02641616729982834,0.04428284650856465,-0.0073930310266609135,-0.4050312680796038,1.0,1.0,0.09173323667532932,0.005221631880815795,0.018249338504564477,False
1219,2025-07-07 17:22:54,2025-07-07 17:27:54,5.0,3.2666666666666666,3.35,24,7,True,eligible,-0.0021852947871614965,0.0019763510129750536,0.014086409264186075,-0.02306040860459851,0.03171522877304785,-0.00416164580013655,-0.29540483903094866,1.0,1.0,0.068746521896609,0.0019755188502475715,0.014085123490387888,False
1220,2025-07-07 17:23:54,2025-07-07 17:28:54,5.0,3.283333333333333,3.3666666666666667,21,6,True,eligible,-0.0012899723577349132,-0.0010798328607244145,0.012404668880385042,-0.022649514653257943,0.024710470489917886,-0.00021013949701049876,-0.016938661274312383,1.0,1.0,0.05771899731805064,-0.0010798748802199176,0.012403428707415632,False
1221,2025-07-07 17:24:54,2025-07-07 17:29:54,5.0,3.3,3.3833333333333333,18,5,True,eligible,-0.008339586521194094,-0.004407313715873326,0.009790018062577385,-0.021966002263479237,0.01680453720559803,-0.003932272805320768,-0.4016148140160233,1.0,1.0,0.04199791829975441,-0.00440810001317493,0.009789196938991173,False
1222,2025-07-07 17:25:54,2025-07-07 17:30:54,5.0,3.316666666666667,3.4,13,2,False,insufficient_merged_records_nodes_or_variation,,,,,,,,,,,,,False
1223,2025-07-07 17:26:54,2025-07-07 17:31:54,5.0,3.3333333333333335,3.4166666666666665,10,4,True,eligible,0.005608598941962756,0.004906080303491621,0.024027504106657684,-0.031010366583122225,0.059356534950258576,0.0007025186384711354,0.02923517765408161,1.0,1.0,0.11879803337525495,0.004906220779124188,0.0240251032899233,False
1224,2025-07-07 17:27:54,2025-07-07 17:32:54,5.0,3.35,3.433333333333333,6,4,True,eligible,0.006433415119491408,0.019602356986920127,0.039324719315891966,-0.040899518942834306,0.11462297869051918,-0.013168941867428719,-0.33483971406552476,1.0,1.0,0.20600332959645581,0.019599723725198987,0.03932122759826233,False
1225,2025-07-07 17:28:54,2025-07-07 17:33:54,5.0,3.3666666666666667,3.45,31,8,True,eligible,0.063996574516741,0.03653650748282086,0.037182707802662494,-0.026694630840267155,0.11925054112925128,0.027460067033920135,0.7384030424367726,1.0,1.0,0.21279986402041423,0.0365419983980446,0.03718101706094643,False
1226,2025-07-07 17:29:54,2025-07-07 17:34:54,5.0,3.3833333333333333,3.466666666666667,33,11,True,eligible,0.047267494267594225,0.03629014789847579,0.036446226327216016,-0.025322738623504076,0.11664362013699675,0.010977346369118436,0.30116010771585977,1.0,1.0,0.20905119716887915,0.03629234292874356,0.03644291211771501,False
1227,2025-07-07 17:30:54,2025-07-07 17:35:54,5.0,3.4,3.4833333333333334,35,14,True,eligible,0.03078007651310734,0.02158057356631934,0.03285871545196822,-0.03454501019861343,0.09510635697970708,0.009199502946788,0.2799412907825515,1.0,1.0,0.17733590541819558,0.021582413099002162,0.032855686949195356,False
1228,2025-07-07 17:31:54,2025-07-07 17:36:54,5.0,3.4166666666666665,3.5,34,15,True,eligible,0.02426742627423377,0.016163948941603508,0.030136264083509175,-0.03606574630171341,0.08383596038660356,0.008103477332630261,0.2688657313630077,1.0,1.0,0.15901429173605672,0.016165569312995755,0.03013346818192808,False
1229,2025-07-07 17:32:54,2025-07-07 17:37:54,5.0,3.433333333333333,3.5166666666666666,38,17,True,eligible,0.026753881991049104,0.015607100030850748,0.026379606056509047,-0.029494994657091735,0.0738899048113,0.011146781960198356,0.42250322641183663,1.0,1.0,0.14065246796021785,0.015609328941460667,0.026377438923330828,False
1230,2025-07-07 17:33:54,2025-07-07 17:38:54,5.0,3.45,3.533333333333333,21,11,True,eligible,-0.026914643507475078,-0.015462508476443489,0.013117757328750972,-0.04108519126642396,0.010770676497619692,-0.01145213503103159,-0.8728715791249108,1.0,1.0,0.04671889278435111,-0.015464798445455896,0.013117445149833056,False
1231,2025-07-07 17:34:54,2025-07-07 17:39:54,5.0,3.466666666666667,3.55,23,10,True,eligible,-0.0076169807162872055,-0.017918095530494553,0.012650496341859854,-0.04242188053256096,0.007346909332109851,0.010301114814207347,0.8141500455449041,1.0,1.0,0.04205204747695311,-0.017916035719493913,0.012650069922078837,False
1232,2025-07-07 17:35:54,2025-07-07 17:40:54,5.0,3.4833333333333334,3.566666666666667,23,12,True,eligible,-0.01272707808585196,-0.020587101859334777,0.014496309381797192,-0.04876126619589303,0.00782428256609394,0.007860023773482817,0.5421384709365923,1.0,1.0,0.0481298611744099,-0.020585530168918162,0.014495285806760823,False
1233,2025-07-07 17:36:54,2025-07-07 17:41:54,5.0,3.5,3.5833333333333335,23,11,True,eligible,-0.014845848996399041,-0.022533780175200368,0.016105219118672534,-0.05305284251215871,0.009648637541388009,0.0076879311788013265,0.4772979142522386,1.0,1.0,0.05380919603260104,-0.022532242896420366,0.016103975463758847,False
1234,2025-07-07 17:37:54,2025-07-07 17:42:54,5.0,3.5166666666666666,3.6,24,10,True,eligible,-0.006821489865525645,-0.01772951271968911,0.02323182858261041,-0.05928613325802035,0.031964328387390696,0.010908022854163466,0.4694719552976519,1.0,1.0,0.09239534951664072,-0.017727331551351946,0.02323001739030789,False
1235,2025-07-07 17:38:54,2025-07-07 17:43:54,5.0,3.533333333333333,3.6166666666666667,18,9,True,eligible,-0.01548124596051852,-0.00034734901555925267,0.02970968023121494,-0.050584938643254126,0.06626138103645014,-0.015133896944959268,-0.5093286540193551,1.0,1.0,0.14047893558993194,-0.0003503751897134136,0.029707479937364993,False
1236,2025-07-07 17:39:54,2025-07-07 17:44:54,5.0,3.55,3.6333333333333333,19,12,True,eligible,0.024133762147005165,0.005938670075397308,0.02809939903208174,-0.0397923083300636,0.06887421561870123,0.018195092071607855,0.6474341462128782,1.0,1.0,0.13914072061169022,0.005942308366153479,0.02809776698875299,False
1237,2025-07-07 17:40:54,2025-07-07 17:45:54,5.0,3.566666666666667,3.65,17,13,True,eligible,-0.008394192023125023,-0.004111366138001923,0.027043814351931594,-0.05079204035337893,0.055818984082620655,-0.0042828258851230995,-0.15834996337928628,1.0,1.0,0.12407739232924543,-0.004112222531900169,0.027041177653881143,False
1238,2025-07-07 17:41:54,2025-07-07 17:46:54,5.0,3.5833333333333335,3.6666666666666665,19,14,True,eligible,-0.024148394230235126,-0.009527254245617105,0.023288611365025323,-0.05124595885903831,0.04097435043024168,-0.01462113998461802,-0.6277361038976846,1.0,1.0,0.10086358034668697,-0.009530177888885376,0.02328720022726682,False
1239,2025-07-07 17:42:54,2025-07-07 17:47:54,5.0,3.6,3.683333333333333,16,14,True,eligible,-0.02938692788380288,-0.005498496875527383,0.02273042242049119,-0.045938186117209324,0.04391150143556889,-0.023888431008275497,-1.0507242151543827,1.0,1.0,0.10225218415106156,-0.005503273606382867,0.022730659418476226,False
1240,2025-07-07 17:43:54,2025-07-07 17:48:54,5.0,3.6166666666666667,3.7,15,13,True,eligible,-0.02651366126232222,0.0004125995603523823,0.023596424313119205,-0.04084209831266698,0.05229466837976945,-0.026926260822674603,-1.1408535303565055,1.0,1.0,0.11227023766239688,0.0004072153850229133,0.023597136644642386,False
1241,2025-07-07 17:44:54,2025-07-07 17:49:54,5.0,3.6333333333333333,3.716666666666667,19,12,True,eligible,-0.01761446264848062,-0.003443211029912255,0.02143914448238898,-0.03639089708193822,0.0444724350188222,-0.014171251618568366,-0.6609039802719409,1.0,1.0,0.09818121911858023,-0.003446044713499251,0.021437937064853987,False
1242,2025-07-07 17:45:54,2025-07-07 17:50:54,5.0,3.65,3.7333333333333334,30,13,True,eligible,-0.002698571134641102,0.015710761466376413,0.02727971078970244,-0.015342490677431424,0.07384043911720733,-0.018409332601017514,-0.6747378748657815,1.0,1.0,0.14502042546425625,0.01570708033608227,0.027278224857889614,False
1243,2025-07-07 17:46:54,2025-07-07 17:51:54,5.0,3.6666666666666665,3.75,36,15,True,eligible,-0.006434249657933298,0.008802451573507333,0.026073998883532908,-0.019257516990264477,0.06575797496409666,-0.01523670123144063,-0.5842854384069002,1.0,1.0,0.13239593540279895,0.008799404842607224,0.026072281626727287,False
1244,2025-07-07 17:47:54,2025-07-07 17:52:54,5.0,3.683333333333333,3.7666666666666666,34,14,True,eligible,-0.004395665929389251,0.009562409477569402,0.026661601654512163,-0.018129153218838075,0.06806475811286555,-0.013958075406958653,-0.5234605842006914,1.0,1.0,0.13594066451773212,0.009559618420699384,0.026659666021268697,False
1245,2025-07-07 17:48:54,2025-07-07 17:53:54,5.0,3.7,3.783333333333333,33,14,True,eligible,-0.003847483851457781,0.01053216479578197,0.027622435116651963,-0.018414319179312702,0.07122121926782332,-0.014379648647239751,-0.5205124562040934,1.0,1.0,0.14146482798527227,0.010529289441123453,0.027620421223779685,False
1246,2025-07-07 17:49:54,2025-07-07 17:54:54,5.0,3.716666666666667,3.8,23,11,True,eligible,0.000267007545003507,0.015230020820369691,0.025905255001315165,-0.011900335838747448,0.07440256575983739,-0.014963013275366184,-0.5775283186322487,1.0,1.0,0.1380235795673972,0.015227028816115469,0.02590352851708042,False
1247,2025-07-07 17:50:54,2025-07-07 17:55:54,5.0,3.7333333333333334,3.816666666666667,10,5,True,eligible,-0.007559348777164231,-0.0014984054125129025,0.013634892505197149,-0.018336560759281906,0.03441822658920863,-0.006060943364651328,-0.4444639174179955,1.0,1.0,0.063131863575485,-0.0014996173587965764,0.013633798337489763,False
1248,2025-07-07 17:51:54,2025-07-07 17:56:54,5.0,3.75,3.8333333333333335,0,0,False,insufficient_merged_records_nodes_or_variation,,,,,,,,,,,,,False
1249,2025-07-07 17:52:54,2025-07-07 17:57:54,5.0,3.7666666666666666,3.85,0,0,False,insufficient_merged_records_nodes_or_variation,,,,,,,,,,,,,False
1250,2025-07-07 17:53:54,2025-07-07 17:58:54,5.0,3.783333333333333,3.8666666666666667,0,0,False,insufficient_merged_records_nodes_or_variation,,,,,,,,,,,,,False
1251,2025-07-07 17:54:54,2025-07-07 17:59:54,5.0,3.8,3.8833333333333333,0,0,False,insufficient_merged_records_nodes_or_variation,,,,,,,,,,,,,False
1252,2025-07-07 17:55:54,2025-07-07 18:00:54,5.0,3.816666666666667,3.9,0,0,False,insufficient_merged_records_nodes_or_variation,,,,,,,,,,,,,False
1253,2025-07-07 17:56:54,2025-07-07 18:01:54,5.0,3.8333333333333335,3.9166666666666665,0,0,False,insufficient_merged_records_nodes_or_variation,,,,,,,,,,,,,False
1254,2025-07-07 17:57:54,2025-07-07 18:02:54,5.0,3.85,3.933333333333333,0,0,False,insufficient_merged_records_nodes_or_variation,,,,,,,,,,,,,False
1255,2025-07-07 17:58:54,2025-07-07 18:03:54,5.0,3.8666666666666667,3.95,0,0,False,insufficient_merged_records_nodes_or_variation,,,,,,,,,,,,,False
1256,2025-07-07 17:59:54,2025-07-07 18:04:54,5.0,3.8833333333333333,3.966666666666667,0,0,False,insufficient_merged_records_nodes_or_variation,,,,,,,,,,,,,False
1257,2025-07-07 18:00:54,2025-07-07 18:05:54,5.0,3.9,3.9833333333333334,0,0,False,insufficient_merged_records_nodes_or_variation,,,,,,,,,,,,,False
1258,2025-07-07 18:01:54,2025-07-07 18:06:54,5.0,3.9166666666666665,4.0,0,0,False,insufficient_merged_records_nodes_or_variation,,,,,,,,,,,,,False
1259,2025-07-07 18:02:54,2025-07-07 18:07:54,5.0,3.933333333333333,4.016666666666667,0,0,False,insufficient_merged_records_nodes_or_variation,,,,,,,,,,,,,False
1260,2025-07-07 18:03:54,2025-07-07 18:08:54,5.0,3.95,4.033333333333333,0,0,False,insufficient_merged_records_nodes_or_variation,,,,,,,,,,,,,False
1261,2025-07-07 18:04:54,2025-07-07 18:09:54,5.0,3.966666666666667,4.05,45,19,True,eligible,0.0035168713007854343,0.007501432602002355,0.03084280396298042,-0.04306918181524771,0.07720745407018265,-0.0039845613012169205,-0.129176203947123,1.0,1.0,0.15369761060465587,0.007500635849092692,0.030839770999447947,False
1262,2025-07-07 18:05:54,2025-07-07 18:10:54,5.0,3.9833333333333334,4.066666666666666,45,19,True,eligible,0.0035168713007854343,0.007501432602002355,0.03084280396298042,-0.04306918181524771,0.07720745407018265,-0.0039845613012169205,-0.129176203947123,1.0,1.0,0.15369761060465587,0.007500635849092692,0.030839770999447947,False
1263,2025-07-07 18:06:54,2025-07-07 18:11:54,5.0,4.0,4.083333333333333,46,20,True,eligible,-0.0003026945609122215,0.00526378078541229,0.030819868299637135,-0.0454192464498569,0.07457930525080872,-0.005566475346324511,-0.1805945659114911,1.0,1.0,0.15135115861043713,0.005262667712957516,0.0308168866863763,False
1264,2025-07-07 18:07:54,2025-07-07 18:12:54,5.0,4.016666666666667,4.1,46,20,True,eligible,-0.0003026945609122215,0.00526378078541229,0.030819868299637135,-0.0454192464498569,0.07457930525080872,-0.005566475346324511,-0.1805945659114911,1.0,1.0,0.15135115861043713,0.005262667712957516,0.0308168866863763,False
1265,2025-07-07 18:08:54,2025-07-07 18:13:54,5.0,4.033333333333333,4.116666666666666,46,20,True,eligible,-0.0003026945609122215,0.00526378078541229,0.030819868299637135,-0.0454192464498569,0.07457930525080872,-0.005566475346324511,-0.1805945659114911,1.0,1.0,0.15135115861043713,0.005262667712957516,0.0308168866863763,False
1266,2025-07-07 18:09:54,2025-07-07 18:14:54,5.0,4.05,4.133333333333334,1,1,False,insufficient_merged_records_nodes_or_variation,,,,,,,,,,,,,False
1267,2025-07-07 18:10:54,2025-07-07 18:15:54,5.0,4.066666666666666,4.15,1,1,False,insufficient_merged_records_nodes_or_variation,,,,,,,,,,,,,False
1268,2025-07-07 18:11:54,2025-07-07 18:16:54,5.0,4.083333333333333,4.166666666666667,0,0,False,insufficient_merged_records_nodes_or_variation,,,,,,,,,,,,,False
1269,2025-07-07 18:12:54,2025-07-07 18:17:54,5.0,4.1,4.183333333333334,1,1,False,insufficient_merged_records_nodes_or_variation,,,,,,,,,,,,,False
1270,2025-07-07 18:13:54,2025-07-07 18:18:54,5.0,4.116666666666666,4.2,1,1,False,insufficient_merged_records_nodes_or_variation,,,,,,,,,,,,,False
1271,2025-07-07 18:14:54,2025-07-07 18:19:54,5.0,4.133333333333334,4.216666666666667,1,1,False,insufficient_merged_records_nodes_or_variation,,,,,,,,,,,,,False
1272,2025-07-07 18:15:54,2025-07-07 18:20:54,5.0,4.15,4.233333333333333,1,1,False,insufficient_merged_records_nodes_or_variation,,,,,,,,,,,,,False
1273,2025-07-07 18:16:54,2025-07-07 18:21:54,5.0,4.166666666666667,4.25,1,1,False,insufficient_merged_records_nodes_or_variation,,,,,,,,,,,,,False
1274,2025-07-07 18:17:54,2025-07-07 18:22:54,5.0,4.183333333333334,4.266666666666667,0,0,False,insufficient_merged_records_nodes_or_variation,,,,,,,,,,,,,False
1275,2025-07-07 18:18:54,2025-07-07 18:23:54,5.0,4.2,4.283333333333333,0,0,False,insufficient_merged_records_nodes_or_variation,,,,,,,,,,,,,False
1276,2025-07-07 18:19:54,2025-07-07 18:24:54,5.0,4.216666666666667,4.3,0,0,False,insufficient_merged_records_nodes_or_variation,,,,,,,,,,,,,False
1277,2025-07-07 18:20:54,2025-07-07 18:25:54,5.0,4.233333333333333,4.316666666666666,0,0,False,insufficient_merged_records_nodes_or_variation,,,,,,,,,,,,,False
1278,2025-07-07 18:21:54,2025-07-07 18:26:54,5.0,4.25,4.333333333333333,0,0,False,insufficient_merged_records_nodes_or_variation,,,,,,,,,,,,,False
1279,2025-07-07 18:22:54,2025-07-07 18:27:54,5.0,4.266666666666667,4.35,0,0,False,insufficient_merged_records_nodes_or_variation,,,,,,,,,,,,,False
1280,2025-07-07 18:23:54,2025-07-07 18:28:54,5.0,4.283333333333333,4.366666666666666,0,0,False,insufficient_merged_records_nodes_or_variation,,,,,,,,,,,,,False
1281,2025-07-07 18:24:54,2025-07-07 18:29:54,5.0,4.3,4.383333333333334,0,0,False,insufficient_merged_records_nodes_or_variation,,,,,,,,,,,,,False
1282,2025-07-07 18:25:54,2025-07-07 18:30:54,5.0,4.316666666666666,4.4,0,0,False,insufficient_merged_records_nodes_or_variation,,,,,,,,,,,,,False
1283,2025-07-07 18:26:54,2025-07-07 18:31:54,5.0,4.333333333333333,4.416666666666667,0,0,False,insufficient_merged_records_nodes_or_variation,,,,,,,,,,,,,False
1284,2025-07-07 18:27:54,2025-07-07 18:32:54,5.0,4.35,4.433333333333334,0,0,False,insufficient_merged_records_nodes_or_variation,,,,,,,,,,,,,False
1285,2025-07-07 18:28:54,2025-07-07 18:33:54,5.0,4.366666666666666,4.45,0,0,False,insufficient_merged_records_nodes_or_variation,,,,,,,,,,,,,False
1286,2025-07-07 18:29:54,2025-07-07 18:34:54,5.0,4.383333333333334,4.466666666666667,0,0,False,insufficient_merged_records_nodes_or_variation,,,,,,,,,,,,,False
1287,2025-07-07 18:30:54,2025-07-07 18:35:54,5.0,4.4,4.483333333333333,0,0,False,insufficient_merged_records_nodes_or_variation,,,,,,,,,,,,,False
1288,2025-07-07 18:31:54,2025-07-07 18:36:54,5.0,4.416666666666667,4.5,0,0,False,insufficient_merged_records_nodes_or_variation,,,,,,,,,,,,,False
1289,2025-07-07 18:32:54,2025-07-07 18:37:54,5.0,4.433333333333334,4.516666666666667,23,14,True,eligible,0.007447049652526018,-0.006469899434422275,0.02699990148028803,-0.05227530310652957,0.054230333320432846,0.013916949086948294,0.5153792205972623,1.0,1.0,0.12151742732826494,-0.0064671166011715355,0.02699791861529209,False
1290,2025-07-07 18:33:54,2025-07-07 18:38:54,5.0,4.45,4.533333333333333,34,14,True,eligible,0.019844531857728574,-0.007698232179735075,0.027045732962523886,-0.05136977106424077,0.053601200492113886,0.027542764037463648,1.0181700400986016,1.0,1.0,0.1205189576359288,-0.007692724728417846,0.02704583272110389,False
1291,2025-07-07 18:34:54,2025-07-07 18:39:54,5.0,4.466666666666667,4.55,34,14,True,eligible,0.019844531857728574,-0.007698232179735075,0.027045732962523886,-0.05136977106424077,0.053601200492113886,0.027542764037463648,1.0181700400986016,1.0,1.0,0.1205189576359288,-0.007692724728417846,0.02704583272110389,False
1292,2025-07-07 18:35:54,2025-07-07 18:40:54,5.0,4.483333333333333,4.566666666666666,46,17,True,eligible,0.039528012219217916,-0.004322385785394428,0.028134163646891638,-0.050158345921041236,0.05964710619363453,0.043850398004612344,1.5580831713294112,0.9992001599680064,0.9992001599680064,0.12907638908621655,-0.004313617459458694,0.02813818317623532,False
1293,2025-07-07 18:36:54,2025-07-07 18:41:54,5.0,4.5,4.583333333333333,46,17,True,eligible,0.039528012219217916,-0.004322385785394428,0.028134163646891638,-0.050158345921041236,0.05964710619363453,0.043850398004612344,1.5580831713294112,0.9992001599680064,0.9992001599680064,0.12907638908621655,-0.004313617459458694,0.02813818317623532,False
1294,2025-07-07 18:37:54,2025-07-07 18:42:54,5.0,4.516666666666667,4.6,23,11,True,eligible,0.056272368486180974,-0.0029841352064185873,0.03062796782509372,-0.05420701790893044,0.06538057867393728,0.05925650369259956,1.9338016350347174,0.99000199960008,0.99000199960008,0.14226044046214267,-0.002972286275466259,0.030636366051362666,False
1295,2025-07-07 18:38:54,2025-07-07 18:43:54,5.0,4.533333333333333,4.616666666666666,12,10,True,eligible,0.08488791745031127,0.008580125044476748,0.03378597503872686,-0.05032277741066585,0.07990647079753847,0.07630779240583452,2.2571872617354463,0.9322135572885423,0.9322135572885423,0.16882459301559408,0.008595383551256558,0.03379982476083838,False
1296,2025-07-07 18:39:54,2025-07-07 18:44:54,5.0,4.55,4.633333333333334,15,10,True,eligible,0.07928598283979446,0.014064417172176456,0.03524944527990811,-0.04583723805622548,0.08945060782740116,0.065221565667618,1.8494682675346312,0.9938012397520496,0.9938012397520496,0.1812191249343322,0.014077458876969018,0.035257984744852845,False
1297,2025-07-07 18:40:54,2025-07-07 18:45:54,5.0,4.566666666666666,4.65,3,3,False,insufficient_merged_records_nodes_or_variation,,,,,,,,,,,,,False
1298,2025-07-07 18:41:54,2025-07-07 18:46:54,5.0,4.583333333333333,4.666666666666667,3,3,False,insufficient_merged_records_nodes_or_variation,,,,,,,,,,,,,False
1299,2025-07-07 18:42:54,2025-07-07 18:47:54,5.0,4.6,4.683333333333334,3,3,False,insufficient_merged_records_nodes_or_variation,,,,,,,,,,,,,False
1300,2025-07-07 18:43:54,2025-07-07 18:48:54,5.0,4.616666666666666,4.7,3,3,False,insufficient_merged_records_nodes_or_variation,,,,,,,,,,,,,False
1301,2025-07-07 18:44:54,2025-07-07 18:49:54,5.0,4.633333333333334,4.716666666666667,0,0,False,insufficient_merged_records_nodes_or_variation,,,,,,,,,,,,,False
1302,2025-07-07 18:45:54,2025-07-07 18:50:54,5.0,4.65,4.733333333333333,0,0,False,insufficient_merged_records_nodes_or_variation,,,,,,,,,,,,,False
1303,2025-07-07 18:46:54,2025-07-07 18:51:54,5.0,4.666666666666667,4.75,0,0,False,insufficient_merged_records_nodes_or_variation,,,,,,,,,,,,,False
1304,2025-07-07 18:47:54,2025-07-07 18:52:54,5.0,4.683333333333334,4.766666666666667,0,0,False,insufficient_merged_records_nodes_or_variation,,,,,,,,,,,,,False
1305,2025-07-07 18:48:54,2025-07-07 18:53:54,5.0,4.7,4.783333333333333,0,0,False,insufficient_merged_records_nodes_or_variation,,,,,,,,,,,,,False
1306,2025-07-07 18:49:54,2025-07-07 18:54:54,5.0,4.716666666666667,4.8,0,0,False,insufficient_merged_records_nodes_or_variation,,,,,,,,,,,,,False
1307,2025-07-07 18:50:54,2025-07-07 18:55:54,5.0,4.733333333333333,4.816666666666666,0,0,False,insufficient_merged_records_nodes_or_variation,,,,,,,,,,,,,False
1308,2025-07-07 18:51:54,2025-07-07 18:56:54,5.0,4.75,4.833333333333333,0,0,False,insufficient_merged_records_nodes_or_variation,,,,,,,,,,,,,False
1309,2025-07-07 18:52:54,2025-07-07 18:57:54,5.0,4.766666666666667,4.85,0,0,False,insufficient_merged_records_nodes_or_variation,,,,,,,,,,,,,False
1310,2025-07-07 18:53:54,2025-07-07 18:58:54,5.0,4.783333333333333,4.866666666666666,0,0,False,insufficient_merged_records_nodes_or_variation,,,,,,,,,,,,,False
1311,2025-07-07 18:54:54,2025-07-07 18:59:54,5.0,4.8,4.883333333333334,0,0,False,insufficient_merged_records_nodes_or_variation,,,,,,,,,,,,,False
1312,2025-07-07 18:55:54,2025-07-07 19:00:54,5.0,4.816666666666666,4.9,0,0,False,insufficient_merged_records_nodes_or_variation,,,,,,,,,,,,,False
1313,2025-07-07 18:56:54,2025-07-07 19:01:54,5.0,4.833333333333333,4.916666666666667,0,0,False,insufficient_merged_records_nodes_or_variation,,,,,,,,,,,,,False
1314,2025-07-07 18:57:54,2025-07-07 19:02:54,5.0,4.85,4.933333333333334,0,0,False,insufficient_merged_records_nodes_or_variation,,,,,,,,,,,,,False
1315,2025-07-07 18:58:54,2025-07-07 19:03:54,5.0,4.866666666666666,4.95,0,0,False,insufficient_merged_records_nodes_or_variation,,,,,,,,,,,,,False
1316,2025-07-07 18:59:54,2025-07-07 19:04:54,5.0,4.883333333333334,4.966666666666667,0,0,False,insufficient_merged_records_nodes_or_variation,,,,,,,,,,,,,False
1317,2025-07-07 19:00:54,2025-07-07 19:05:54,5.0,4.9,4.983333333333333,0,0,False,insufficient_merged_records_nodes_or_variation,,,,,,,,,,,,,False
1318,2025-07-07 19:01:54,2025-07-07 19:06:54,5.0,4.916666666666667,5.0,0,0,False,insufficient_merged_records_nodes_or_variation,,,,,,,,,,,,,False
1319,2025-07-07 19:02:54,2025-07-07 19:07:54,5.0,4.933333333333334,5.016666666666667,0,0,False,insufficient_merged_records_nodes_or_variation,,,,,,,,,,,,,False
1320,2025-07-07 19:03:54,2025-07-07 19:08:54,5.0,4.95,5.033333333333333,0,0,False,insufficient_merged_records_nodes_or_variation,,,,,,,,,,,,,False
1321,2025-07-07 19:04:54,2025-07-07 19:09:54,5.0,4.966666666666667,5.05,0,0,False,insufficient_merged_records_nodes_or_variation,,,,,,,,,,,,,False
1322,2025-07-07 19:05:54,2025-07-07 19:10:54,5.0,4.983333333333333,5.066666666666666,0,0,False,insufficient_merged_records_nodes_or_variation,,,,,,,,,,,,,False
1323,2025-07-07 19:06:54,2025-07-07 19:11:54,5.0,5.0,5.083333333333333,0,0,False,insufficient_merged_records_nodes_or_variation,,,,,,,,,,,,,False
1324,2025-07-07 19:07:54,2025-07-07 19:12:54,5.0,5.016666666666667,5.1,0,0,False,insufficient_merged_records_nodes_or_variation,,,,,,,,,,,,,False
1325,2025-07-07 19:08:54,2025-07-07 19:13:54,5.0,5.033333333333333,5.116666666666666,0,0,False,insufficient_merged_records_nodes_or_variation,,,,,,,,,,,,,False
1326,2025-07-07 19:09:54,2025-07-07 19:14:54,5.0,5.05,5.133333333333334,0,0,False,insufficient_merged_records_nodes_or_variation,,,,,,,,,,,,,False
1327,2025-07-07 19:10:54,2025-07-07 19:15:54,5.0,5.066666666666666,5.15,0,0,False,insufficient_merged_records_nodes_or_variation,,,,,,,,,,,,,False
1328,2025-07-07 19:11:54,2025-07-07 19:16:54,5.0,5.083333333333333,5.166666666666667,0,0,False,insufficient_merged_records_nodes_or_variation,,,,,,,,,,,,,False
1329,2025-07-07 19:12:54,2025-07-07 19:17:54,5.0,5.1,5.183333333333334,0,0,False,insufficient_merged_records_nodes_or_variation,,,,,,,,,,,,,False
1330,2025-07-07 19:13:54,2025-07-07 19:18:54,5.0,5.116666666666666,5.2,0,0,False,insufficient_merged_records_nodes_or_variation,,,,,,,,,,,,,False
1331,2025-07-07 19:14:54,2025-07-07 19:19:54,5.0,5.133333333333334,5.216666666666667,0,0,False,insufficient_merged_records_nodes_or_variation,,,,,,,,,,,,,False
1332,2025-07-07 19:15:54,2025-07-07 19:20:54,5.0,5.15,5.233333333333333,0,0,False,insufficient_merged_records_nodes_or_variation,,,,,,,,,,,,,False
1333,2025-07-07 19:16:54,2025-07-07 19:21:54,5.0,5.166666666666667,5.25,0,0,False,insufficient_merged_records_nodes_or_variation,,,,,,,,,,,,,False
1334,2025-07-07 19:17:54,2025-07-07 19:22:54,5.0,5.183333333333334,5.266666666666667,0,0,False,insufficient_merged_records_nodes_or_variation,,,,,,,,,,,,,False
1335,2025-07-07 19:18:54,2025-07-07 19:23:54,5.0,5.2,5.283333333333333,1,1,False,insufficient_merged_records_nodes_or_variation,,,,,,,,,,,,,False
1336,2025-07-07 19:19:54,2025-07-07 19:24:54,5.0,5.216666666666667,5.3,9,9,True,eligible,0.08295068819645494,0.04919931547467663,0.0387494608389201,-0.01683638602258152,0.13323957821492355,0.03375137272177831,0.870862148140335,1.0,1.0,0.23289475471033125,0.049206064399436034,0.03874852508985284,False
1337,2025-07-07 19:20:54,2025-07-07 19:25:54,5.0,5.233333333333333,5.316666666666666,9,9,True,eligible,0.08295068819645494,0.04919931547467663,0.0387494608389201,-0.01683638602258152,0.13323957821492355,0.03375137272177831,0.870862148140335,1.0,1.0,0.23289475471033125,0.049206064399436034,0.03874852508985284,False
1338,2025-07-07 19:21:54,2025-07-07 19:26:54,5.0,5.25,5.333333333333333,9,9,True,eligible,0.08295068819645494,0.04919931547467663,0.0387494608389201,-0.01683638602258152,0.13323957821492355,0.03375137272177831,0.870862148140335,1.0,1.0,0.23289475471033125,0.049206064399436034,0.03874852508985284,False
1339,2025-07-07 19:22:54,2025-07-07 19:27:54,5.0,5.266666666666667,5.35,9,9,True,eligible,0.08295068819645494,0.04919931547467663,0.0387494608389201,-0.01683638602258152,0.13323957821492355,0.03375137272177831,0.870862148140335,1.0,1.0,0.23289475471033125,0.049206064399436034,0.03874852508985284,False
1340,2025-07-07 19:23:54,2025-07-07 19:28:54,5.0,5.283333333333333,5.366666666666666,8,8,True,eligible,0.07410390656463847,0.04366786145791385,0.04167474566852278,-0.025976641159887997,0.1389448248087001,0.030436045106724624,0.7302115225100291,1.0,1.0,0.24122526408280281,0.04367394744973683,0.04167280051991196,False
1341,2025-07-07 19:24:54,2025-07-07 19:29:54,5.0,5.3,5.383333333333334,0,0,False,insufficient_merged_records_nodes_or_variation,,,,,,,,,,,,,False
1342,2025-07-07 19:25:54,2025-07-07 19:30:54,5.0,5.316666666666666,5.4,0,0,False,insufficient_merged_records_nodes_or_variation,,,,,,,,,,,,,False
1343,2025-07-07 19:26:54,2025-07-07 19:31:54,5.0,5.333333333333333,5.416666666666667,0,0,False,insufficient_merged_records_nodes_or_variation,,,,,,,,,,,,,False
1344,2025-07-07 19:27:54,2025-07-07 19:32:54,5.0,5.35,5.433333333333334,0,0,False,insufficient_merged_records_nodes_or_variation,,,,,,,,,,,,,False
1345,2025-07-07 19:28:54,2025-07-07 19:33:54,5.0,5.366666666666666,5.45,0,0,False,insufficient_merged_records_nodes_or_variation,,,,,,,,,,,,,False
1346,2025-07-07 19:29:54,2025-07-07 19:34:54,5.0,5.383333333333334,5.466666666666667,0,0,False,insufficient_merged_records_nodes_or_variation,,,,,,,,,,,,,False
1347,2025-07-07 19:30:54,2025-07-07 19:35:54,5.0,5.4,5.483333333333333,0,0,False,insufficient_merged_records_nodes_or_variation,,,,,,,,,,,,,False
1348,2025-07-07 19:31:54,2025-07-07 19:36:54,5.0,5.416666666666667,5.5,0,0,False,insufficient_merged_records_nodes_or_variation,,,,,,,,,,,,,False
1349,2025-07-07 19:32:54,2025-07-07 19:37:54,5.0,5.433333333333334,5.516666666666667,0,0,False,insufficient_merged_records_nodes_or_variation,,,,,,,,,,,,,False
1350,2025-07-07 19:33:54,2025-07-07 19:38:54,5.0,5.45,5.533333333333333,0,0,False,insufficient_merged_records_nodes_or_variation,,,,,,,,,,,,,False
1351,2025-07-07 19:34:54,2025-07-07 19:39:54,5.0,5.466666666666667,5.55,0,0,False,insufficient_merged_records_nodes_or_variation,,,,,,,,,,,,,False
1352,2025-07-07 19:35:54,2025-07-07 19:40:54,5.0,5.483333333333333,5.566666666666666,0,0,False,insufficient_merged_records_nodes_or_variation,,,,,,,,,,,,,False
1353,2025-07-07 19:36:54,2025-07-07 19:41:54,5.0,5.5,5.583333333333333,1,1,False,insufficient_merged_records_nodes_or_variation,,,,,,,,,,,,,False
1354,2025-07-07 19:37:54,2025-07-07 19:42:54,5.0,5.516666666666667,5.6,6,5,True,eligible,0.009131864117861996,0.019710634360160514,0.03351964740735194,-0.030074272494825187,0.09879459393643895,-0.010578770242298518,-0.31556439874029546,1.0,1.0,0.17859522993377153,0.019708519029178247,0.03351662910498555,False
1355,2025-07-07 19:38:54,2025-07-07 19:43:54,5.0,5.533333333333333,5.616666666666666,7,6,True,eligible,-0.0013375625788204612,0.010037283601482804,0.03006613989674848,-0.03557916459663021,0.0810562922765306,-0.011374846180303265,-0.3782842208048954,1.0,1.0,0.1525523456659656,0.010035009087149608,0.03006356342797499,False
1356,2025-07-07 19:39:54,2025-07-07 19:44:54,5.0,5.55,5.633333333333334,7,6,True,eligible,-0.0013375625788204612,0.010037283601482804,0.03006613989674848,-0.03557916459663021,0.0810562922765306,-0.011374846180303265,-0.3782842208048954,1.0,1.0,0.1525523456659656,0.010035009087149608,0.03006356342797499,False
1357,2025-07-07 19:40:54,2025-07-07 19:45:54,5.0,5.566666666666666,5.65,7,6,True,eligible,-0.0013375625788204612,0.010037283601482804,0.03006613989674848,-0.03557916459663021,0.0810562922765306,-0.011374846180303265,-0.3782842208048954,1.0,1.0,0.1525523456659656,0.010035009087149608,0.03006356342797499,False
1358,2025-07-07 19:41:54,2025-07-07 19:46:54,5.0,5.583333333333333,5.666666666666667,9,6,True,eligible,-0.008873550180860076,-0.007589113820744612,0.008916961964711822,-0.02217119565843798,0.01288682016133324,-0.0012844363601154643,-0.14402946897662763,1.0,1.0,0.03467764870830919,-0.007589370656649455,0.008916088723613992,False
1359,2025-07-07 19:42:54,2025-07-07 19:47:54,5.0,5.6,5.683333333333334,4,1,False,insufficient_merged_records_nodes_or_variation,,,,,,,,,,,,,False
1360,2025-07-07 19:43:54,2025-07-07 19:48:54,5.0,5.616666666666666,5.7,6,1,False,insufficient_merged_records_nodes_or_variation,,,,,,,,,,,,,False
1361,2025-07-07 19:44:54,2025-07-07 19:49:54,5.0,5.633333333333334,5.716666666666667,6,1,False,insufficient_merged_records_nodes_or_variation,,,,,,,,,,,,,False
1362,2025-07-07 19:45:54,2025-07-07 19:50:54,5.0,5.65,5.733333333333333,6,1,False,insufficient_merged_records_nodes_or_variation,,,,,,,,,,,,,False
1363,2025-07-07 19:46:54,2025-07-07 19:51:54,5.0,5.666666666666667,5.75,3,1,False,insufficient_merged_records_nodes_or_variation,,,,,,,,,,,,,False
1364,2025-07-07 19:47:54,2025-07-07 19:52:54,5.0,5.683333333333334,5.766666666666667,3,1,False,insufficient_merged_records_nodes_or_variation,,,,,,,,,,,,,False
1365,2025-07-07 19:48:54,2025-07-07 19:53:54,5.0,5.7,5.783333333333333,1,1,False,insufficient_merged_records_nodes_or_variation,,,,,,,,,,,,,False
1366,2025-07-07 19:49:54,2025-07-07 19:54:54,5.0,5.716666666666667,5.8,1,1,False,insufficient_merged_records_nodes_or_variation,,,,,,,,,,,,,False
1367,2025-07-07 19:50:54,2025-07-07 19:55:54,5.0,5.733333333333333,5.816666666666666,1,1,False,insufficient_merged_records_nodes_or_variation,,,,,,,,,,,,,False
1368,2025-07-07 19:51:54,2025-07-07 19:56:54,5.0,5.75,5.833333333333333,1,1,False,insufficient_merged_records_nodes_or_variation,,,,,,,,,,,,,False
1369,2025-07-07 19:52:54,2025-07-07 19:57:54,5.0,5.766666666666667,5.85,1,1,False,insufficient_merged_records_nodes_or_variation,,,,,,,,,,,,,False
1370,2025-07-07 19:53:54,2025-07-07 19:58:54,5.0,5.783333333333333,5.866666666666666,0,0,False,insufficient_merged_records_nodes_or_variation,,,,,,,,,,,,,False
1371,2025-07-07 19:54:54,2025-07-07 19:59:54,5.0,5.8,5.883333333333334,0,0,False,insufficient_merged_records_nodes_or_variation,,,,,,,,,,,,,False
1372,2025-07-07 19:55:54,2025-07-07 20:00:54,5.0,5.816666666666666,5.9,0,0,False,insufficient_merged_records_nodes_or_variation,,,,,,,,,,,,,False
1373,2025-07-07 19:56:54,2025-07-07 20:01:54,5.0,5.833333333333333,5.916666666666667,0,0,False,insufficient_merged_records_nodes_or_variation,,,,,,,,,,,,,False
1374,2025-07-07 19:57:54,2025-07-07 20:02:54,5.0,5.85,5.933333333333334,0,0,False,insufficient_merged_records_nodes_or_variation,,,,,,,,,,,,,False
1375,2025-07-07 19:58:54,2025-07-07 20:03:54,5.0,5.866666666666666,5.95,0,0,False,insufficient_merged_records_nodes_or_variation,,,,,,,,,,,,,False
1376,2025-07-07 19:59:54,2025-07-07 20:04:54,5.0,5.883333333333334,5.966666666666667,0,0,False,insufficient_merged_records_nodes_or_variation,,,,,,,,,,,,,False
1377,2025-07-07 20:00:54,2025-07-07 20:05:54,5.0,5.9,5.983333333333333,0,0,False,insufficient_merged_records_nodes_or_variation,,,,,,,,,,,,,False
1378,2025-07-07 20:01:54,2025-07-07 20:06:54,5.0,5.916666666666667,6.0,0,0,False,insufficient_merged_records_nodes_or_variation,,,,,,,,,,,,,False
1379,2025-07-07 20:02:54,2025-07-07 20:07:54,5.0,5.933333333333334,6.016666666666667,0,0,False,insufficient_merged_records_nodes_or_variation,,,,,,,,,,,,,False
1380,2025-07-07 20:03:54,2025-07-07 20:08:54,5.0,5.95,6.033333333333333,0,0,False,insufficient_merged_records_nodes_or_variation,,,,,,,,,,,,,False
1381,2025-07-07 20:04:54,2025-07-07 20:09:54,5.0,5.966666666666667,6.05,0,0,False,insufficient_merged_records_nodes_or_variation,,,,,,,,,,,,,False
1382,2025-07-07 20:05:54,2025-07-07 20:10:54,5.0,5.983333333333333,6.066666666666666,0,0,False,insufficient_merged_records_nodes_or_variation,,,,,,,,,,,,,False
1383,2025-07-07 20:06:54,2025-07-07 20:11:54,5.0,6.0,6.083333333333333,0,0,False,insufficient_merged_records_nodes_or_variation,,,,,,,,,,,,,False
1384,2025-07-07 20:07:54,2025-07-07 20:12:54,5.0,6.016666666666667,6.1,0,0,False,insufficient_merged_records_nodes_or_variation,,,,,,,,,,,,,False
1385,2025-07-07 20:08:54,2025-07-07 20:13:54,5.0,6.033333333333333,6.116666666666666,0,0,False,insufficient_merged_records_nodes_or_variation,,,,,,,,,,,,,False
1386,2025-07-07 20:09:54,2025-07-07 20:14:54,5.0,6.05,6.133333333333334,0,0,False,insufficient_merged_records_nodes_or_variation,,,,,,,,,,,,,False
1387,2025-07-07 20:10:54,2025-07-07 20:15:54,5.0,6.066666666666666,6.15,1,1,False,insufficient_merged_records_nodes_or_variation,,,,,,,,,,,,,False
1388,2025-07-07 20:11:54,2025-07-07 20:16:54,5.0,6.083333333333333,6.166666666666667,1,1,False,insufficient_merged_records_nodes_or_variation,,,,,,,,,,,,,False
1389,2025-07-07 20:12:54,2025-07-07 20:17:54,5.0,6.1,6.183333333333334,1,1,False,insufficient_merged_records_nodes_or_variation,,,,,,,,,,,,,False
1390,2025-07-07 20:13:54,2025-07-07 20:18:54,5.0,6.116666666666666,6.2,1,1,False,insufficient_merged_records_nodes_or_variation,,,,,,,,,,,,,False
1391,2025-07-07 20:14:54,2025-07-07 20:19:54,5.0,6.133333333333334,6.216666666666667,1,1,False,insufficient_merged_records_nodes_or_variation,,,,,,,,,,,,,False
1392,2025-07-07 20:15:54,2025-07-07 20:20:54,5.0,6.15,6.233333333333333,0,0,False,insufficient_merged_records_nodes_or_variation,,,,,,,,,,,,,False
1393,2025-07-07 20:16:54,2025-07-07 20:21:54,5.0,6.166666666666667,6.25,0,0,False,insufficient_merged_records_nodes_or_variation,,,,,,,,,,,,,False
1394,2025-07-07 20:17:54,2025-07-07 20:22:54,5.0,6.183333333333334,6.266666666666667,0,0,False,insufficient_merged_records_nodes_or_variation,,,,,,,,,,,,,False
1395,2025-07-07 20:18:54,2025-07-07 20:23:54,5.0,6.2,6.283333333333333,0,0,False,insufficient_merged_records_nodes_or_variation,,,,,,,,,,,,,False
1396,2025-07-07 20:19:54,2025-07-07 20:24:54,5.0,6.216666666666667,6.3,0,0,False,insufficient_merged_records_nodes_or_variation,,,,,,,,,,,,,False
1397,2025-07-07 20:20:54,2025-07-07 20:25:54,5.0,6.233333333333333,6.316666666666666,0,0,False,insufficient_merged_records_nodes_or_variation,,,,,,,,,,,,,False
1398,2025-07-07 20:21:54,2025-07-07 20:26:54,5.0,6.25,6.333333333333333,0,0,False,insufficient_merged_records_nodes_or_variation,,,,,,,,,,,,,False
1399,2025-07-07 20:22:54,2025-07-07 20:27:54,5.0,6.266666666666667,6.35,0,0,False,insufficient_merged_records_nodes_or_variation,,,,,,,,,,,,,False
1400,2025-07-07 20:23:54,2025-07-07 20:28:54,5.0,6.283333333333333,6.366666666666666,0,0,False,insufficient_merged_records_nodes_or_variation,,,,,,,,,,,,,False
1401,2025-07-07 20:24:54,2025-07-07 20:29:54,5.0,6.3,6.383333333333334,0,0,False,insufficient_merged_records_nodes_or_variation,,,,,,,,,,,,,False
1402,2025-07-07 20:25:54,2025-07-07 20:30:54,5.0,6.316666666666666,6.4,0,0,False,insufficient_merged_records_nodes_or_variation,,,,,,,,,,,,,False
1403,2025-07-07 20:26:54,2025-07-07 20:31:54,5.0,6.333333333333333,6.416666666666667,0,0,False,insufficient_merged_records_nodes_or_variation,,,,,,,,,,,,,False
1404,2025-07-07 20:27:54,2025-07-07 20:32:54,5.0,6.35,6.433333333333334,0,0,False,insufficient_merged_records_nodes_or_variation,,,,,,,,,,,,,False
1405,2025-07-07 20:28:54,2025-07-07 20:33:54,5.0,6.366666666666666,6.45,0,0,False,insufficient_merged_records_nodes_or_variation,,,,,,,,,,,,,False
1406,2025-07-07 20:29:54,2025-07-07 20:34:54,5.0,6.383333333333334,6.466666666666667,0,0,False,insufficient_merged_records_nodes_or_variation,,,,,,,,,,,,,False
1407,2025-07-07 20:30:54,2025-07-07 20:35:54,5.0,6.4,6.483333333333333,0,0,False,insufficient_merged_records_nodes_or_variation,,,,,,,,,,,,,False
1408,2025-07-07 20:31:54,2025-07-07 20:36:54,5.0,6.416666666666667,6.5,0,0,False,insufficient_merged_records_nodes_or_variation,,,,,,,,,,,,,False
1409,2025-07-07 20:32:54,2025-07-07 20:37:54,5.0,6.433333333333334,6.516666666666667,0,0,False,insufficient_merged_records_nodes_or_variation,,,,,,,,,,,,,False
1410,2025-07-07 20:33:54,2025-07-07 20:38:54,5.0,6.45,6.533333333333333,0,0,False,insufficient_merged_records_nodes_or_variation,,,,,,,,,,,,,False
1411,2025-07-07 20:34:54,2025-07-07 20:39:54,5.0,6.466666666666667,6.55,0,0,False,insufficient_merged_records_nodes_or_variation,,,,,,,,,,,,,False
1412,2025-07-07 20:35:54,2025-07-07 20:40:54,5.0,6.483333333333333,6.566666666666666,0,0,False,insufficient_merged_records_nodes_or_variation,,,,,,,,,,,,,False
1413,2025-07-07 20:36:54,2025-07-07 20:41:54,5.0,6.5,6.583333333333333,0,0,False,insufficient_merged_records_nodes_or_variation,,,,,,,,,,,,,False
1414,2025-07-07 20:37:54,2025-07-07 20:42:54,5.0,6.516666666666667,6.6,0,0,False,insufficient_merged_records_nodes_or_variation,,,,,,,,,,,,,False
1415,2025-07-07 20:38:54,2025-07-07 20:43:54,5.0,6.533333333333333,6.616666666666666,0,0,False,insufficient_merged_records_nodes_or_variation,,,,,,,,,,,,,False
1416,2025-07-07 20:39:54,2025-07-07 20:44:54,5.0,6.55,6.633333333333334,0,0,False,insufficient_merged_records_nodes_or_variation,,,,,,,,,,,,,False
1417,2025-07-07 20:40:54,2025-07-07 20:45:54,5.0,6.566666666666666,6.65,0,0,False,insufficient_merged_records_nodes_or_variation,,,,,,,,,,,,,False
1418,2025-07-07 20:41:54,2025-07-07 20:46:54,5.0,6.583333333333333,6.666666666666667,0,0,False,insufficient_merged_records_nodes_or_variation,,,,,,,,,,,,,False
1419,2025-07-07 20:42:54,2025-07-07 20:47:54,5.0,6.6,6.683333333333334,0,0,False,insufficient_merged_records_nodes_or_variation,,,,,,,,,,,,,False
1420,2025-07-07 20:43:54,2025-07-07 20:48:54,5.0,6.616666666666666,6.7,0,0,False,insufficient_merged_records_nodes_or_variation,,,,,,,,,,,,,False
1421,2025-07-07 20:44:54,2025-07-07 20:49:54,5.0,6.633333333333334,6.716666666666667,0,0,False,insufficient_merged_records_nodes_or_variation,,,,,,,,,,,,,False
1422,2025-07-07 20:45:54,2025-07-07 20:50:54,5.0,6.65,6.733333333333333,13,8,True,eligible,0.06584631532812918,0.03323067551968724,0.025239080030775213,-0.0075498191756191,0.09128874533981278,0.03261563980844194,1.2919224705966321,1.0,1.0,0.15289191915849676,0.0332371973432842,0.025240770036135004,False
1423,2025-07-07 20:46:54,2025-07-07 20:51:54,5.0,6.666666666666667,6.75,13,8,True,eligible,0.06584631532812918,0.03323067551968724,0.025239080030775213,-0.0075498191756191,0.09128874533981278,0.03261563980844194,1.2919224705966321,1.0,1.0,0.15289191915849676,0.0332371973432842,0.025240770036135004,False
1424,2025-07-07 20:47:54,2025-07-07 20:52:54,5.0,6.683333333333334,6.766666666666667,13,8,True,eligible,0.06584631532812918,0.03323067551968724,0.025239080030775213,-0.0075498191756191,0.09128874533981278,0.03261563980844194,1.2919224705966321,1.0,1.0,0.15289191915849676,0.0332371973432842,0.025240770036135004,False
1425,2025-07-07 20:48:54,2025-07-07 20:53:54,5.0,6.7,6.783333333333333,13,8,True,eligible,0.06584631532812918,0.03323067551968724,0.025239080030775213,-0.0075498191756191,0.09128874533981278,0.03261563980844194,1.2919224705966321,1.0,1.0,0.15289191915849676,0.0332371973432842,0.025240770036135004,False
1426,2025-07-07 20:49:54,2025-07-07 20:54:54,5.0,6.716666666666667,6.8,13,8,True,eligible,0.06584631532812918,0.03323067551968724,0.025239080030775213,-0.0075498191756191,0.09128874533981278,0.03261563980844194,1.2919224705966321,1.0,1.0,0.15289191915849676,0.0332371973432842,0.025240770036135004,False
1427,2025-07-07 20:50:54,2025-07-07 20:55:54,5.0,6.733333333333333,6.816666666666666,0,0,False,insufficient_merged_records_nodes_or_variation,,,,,,,,,,,,,False
1428,2025-07-07 20:51:54,2025-07-07 20:56:54,5.0,6.75,6.833333333333333,0,0,False,insufficient_merged_records_nodes_or_variation,,,,,,,,,,,,,False
1429,2025-07-07 20:52:54,2025-07-07 20:57:54,5.0,6.766666666666667,6.85,0,0,False,insufficient_merged_records_nodes_or_variation,,,,,,,,,,,,,False
1430,2025-07-07 20:53:54,2025-07-07 20:58:54,5.0,6.783333333333333,6.866666666666666,0,0,False,insufficient_merged_records_nodes_or_variation,,,,,,,,,,,,,False
1431,2025-07-07 20:54:54,2025-07-07 20:59:54,5.0,6.8,6.883333333333334,1,1,False,insufficient_merged_records_nodes_or_variation,,,,,,,,,,,,,False
1432,2025-07-07 20:55:54,2025-07-07 21:00:54,5.0,6.816666666666666,6.9,2,1,False,insufficient_merged_records_nodes_or_variation,,,,,,,,,,,,,False
1433,2025-07-07 20:56:54,2025-07-07 21:01:54,5.0,6.833333333333333,6.916666666666667,2,1,False,insufficient_merged_records_nodes_or_variation,,,,,,,,,,,,,False
1434,2025-07-07 20:57:54,2025-07-07 21:02:54,5.0,6.85,6.933333333333334,2,1,False,insufficient_merged_records_nodes_or_variation,,,,,,,,,,,,,False
1435,2025-07-07 20:58:54,2025-07-07 21:03:54,5.0,6.866666666666666,6.95,2,1,False,insufficient_merged_records_nodes_or_variation,,,,,,,,,,,,,False
1436,2025-07-07 20:59:54,2025-07-07 21:04:54,5.0,6.883333333333334,6.966666666666667,1,1,False,insufficient_merged_records_nodes_or_variation,,,,,,,,,,,,,False
1437,2025-07-07 21:00:54,2025-07-07 21:05:54,5.0,6.9,6.983333333333333,0,0,False,insufficient_merged_records_nodes_or_variation,,,,,,,,,,,,,False
1438,2025-07-07 21:01:54,2025-07-07 21:06:54,5.0,6.916666666666667,7.0,2,2,False,insufficient_merged_records_nodes_or_variation,,,,,,,,,,,,,False
1439,2025-07-07 21:02:54,2025-07-07 21:07:54,5.0,6.933333333333334,7.016666666666667,2,2,False,insufficient_merged_records_nodes_or_variation,,,,,,,,,,,,,False
1440,2025-07-07 21:03:54,2025-07-07 21:08:54,5.0,6.95,7.033333333333333,2,2,False,insufficient_merged_records_nodes_or_variation,,,,,,,,,,,,,False
1441,2025-07-07 21:04:54,2025-07-07 21:09:54,5.0,6.966666666666667,7.05,2,2,False,insufficient_merged_records_nodes_or_variation,,,,,,,,,,,,,False
1442,2025-07-07 21:05:54,2025-07-07 21:10:54,5.0,6.983333333333333,7.066666666666666,2,2,False,insufficient_merged_records_nodes_or_variation,,,,,,,,,,,,,False
1443,2025-07-07 21:06:54,2025-07-07 21:11:54,5.0,7.0,7.083333333333333,0,0,False,insufficient_merged_records_nodes_or_variation,,,,,,,,,,,,,False
1444,2025-07-07 21:07:54,2025-07-07 21:12:54,5.0,7.016666666666667,7.1,0,0,False,insufficient_merged_records_nodes_or_variation,,,,,,,,,,,,,False
1445,2025-07-07 21:08:54,2025-07-07 21:13:54,5.0,7.033333333333333,7.116666666666666,0,0,False,insufficient_merged_records_nodes_or_variation,,,,,,,,,,,,,False
1446,2025-07-07 21:09:54,2025-07-07 21:14:54,5.0,7.05,7.133333333333334,0,0,False,insufficient_merged_records_nodes_or_variation,,,,,,,,,,,,,False
1447,2025-07-07 21:10:54,2025-07-07 21:15:54,5.0,7.066666666666666,7.15,0,0,False,insufficient_merged_records_nodes_or_variation,,,,,,,,,,,,,False
1448,2025-07-07 21:11:54,2025-07-07 21:16:54,5.0,7.083333333333333,7.166666666666667,0,0,False,insufficient_merged_records_nodes_or_variation,,,,,,,,,,,,,False
1449,2025-07-07 21:12:54,2025-07-07 21:17:54,5.0,7.1,7.183333333333334,0,0,False,insufficient_merged_records_nodes_or_variation,,,,,,,,,,,,,False
1450,2025-07-07 21:13:54,2025-07-07 21:18:54,5.0,7.116666666666666,7.2,0,0,False,insufficient_merged_records_nodes_or_variation,,,,,,,,,,,,,False
1451,2025-07-07 21:14:54,2025-07-07 21:19:54,5.0,7.133333333333334,7.216666666666667,0,0,False,insufficient_merged_records_nodes_or_variation,,,,,,,,,,,,,False
1452,2025-07-07 21:15:54,2025-07-07 21:20:54,5.0,7.15,7.233333333333333,0,0,False,insufficient_merged_records_nodes_or_variation,,,,,,,,,,,,,False
1453,2025-07-07 21:16:54,2025-07-07 21:21:54,5.0,7.166666666666667,7.25,0,0,False,insufficient_merged_records_nodes_or_variation,,,,,,,,,,,,,False
1454,2025-07-07 21:17:54,2025-07-07 21:22:54,5.0,7.183333333333334,7.266666666666667,0,0,False,insufficient_merged_records_nodes_or_variation,,,,,,,,,,,,,False
1455,2025-07-07 21:18:54,2025-07-07 21:23:54,5.0,7.2,7.283333333333333,1,1,False,insufficient_merged_records_nodes_or_variation,,,,,,,,,,,,,False
1456,2025-07-07 21:19:54,2025-07-07 21:24:54,5.0,7.216666666666667,7.3,2,1,False,insufficient_merged_records_nodes_or_variation,,,,,,,,,,,,,False
1457,2025-07-07 21:20:54,2025-07-07 21:25:54,5.0,7.233333333333333,7.316666666666666,2,1,False,insufficient_merged_records_nodes_or_variation,,,,,,,,,,,,,False
1458,2025-07-07 21:21:54,2025-07-07 21:26:54,5.0,7.25,7.333333333333333,2,1,False,insufficient_merged_records_nodes_or_variation,,,,,,,,,,,,,False
1459,2025-07-07 21:22:54,2025-07-07 21:27:54,5.0,7.266666666666667,7.35,4,3,False,insufficient_merged_records_nodes_or_variation,,,,,,,,,,,,,False
1460,2025-07-07 21:23:54,2025-07-07 21:28:54,5.0,7.283333333333333,7.366666666666666,3,3,False,insufficient_merged_records_nodes_or_variation,,,,,,,,,,,,,False
1461,2025-07-07 21:24:54,2025-07-07 21:29:54,5.0,7.3,7.383333333333334,2,2,False,insufficient_merged_records_nodes_or_variation,,,,,,,,,,,,,False
1462,2025-07-07 21:25:54,2025-07-07 21:30:54,5.0,7.316666666666666,7.4,5,3,True,eligible,-0.010359355110171319,-0.0015565940357810404,0.013792932132907429,-0.012596336676377967,0.02901152045506607,-0.008802761074390278,-0.6381183155519948,1.0,1.0,0.06382362981896196,-0.0015583542359558834,0.013792114502468497,False
1463,2025-07-07 21:26:54,2025-07-07 21:31:54,5.0,7.333333333333333,7.416666666666667,5,3,True,eligible,-0.010359355110171319,-0.0015565940357810404,0.013792932132907429,-0.012596336676377967,0.02901152045506607,-0.008802761074390278,-0.6381183155519948,1.0,1.0,0.06382362981896196,-0.0015583542359558834,0.013792114502468497,False
1464,2025-07-07 21:27:54,2025-07-07 21:32:54,5.0,7.35,7.433333333333334,3,3,False,insufficient_merged_records_nodes_or_variation,,,,,,,,,,,,,False
1465,2025-07-07 21:28:54,2025-07-07 21:33:54,5.0,7.366666666666666,7.45,6,4,True,eligible,0.02752293577981668,0.006876987367308824,0.023912055842917,-0.017532062058696257,0.07840594328898293,0.020645948412507855,0.8632610214709747,1.0,1.0,0.12023413622737988,0.006881115731318523,0.023911446868439653,False
1466,2025-07-07 21:29:54,2025-07-07 21:34:54,5.0,7.383333333333334,7.466666666666667,6,4,True,eligible,0.02752293577981668,0.006876987367308824,0.023912055842917,-0.017532062058696257,0.07840594328898293,0.020645948412507855,0.8632610214709747,1.0,1.0,0.12023413622737988,0.006881115731318523,0.023911446868439653,False
1467,2025-07-07 21:30:54,2025-07-07 21:35:54,5.0,7.4,7.483333333333333,3,2,False,insufficient_merged_records_nodes_or_variation,,,,,,,,,,,,,False
1468,2025-07-07 21:31:54,2025-07-07 21:36:54,5.0,7.416666666666667,7.5,3,2,False,insufficient_merged_records_nodes_or_variation,,,,,,,,,,,,,False
1469,2025-07-07 21:32:54,2025-07-07 21:37:54,5.0,7.433333333333334,7.516666666666667,3,2,False,insufficient_merged_records_nodes_or_variation,,,,,,,,,,,,,False
1470,2025-07-07 21:33:54,2025-07-07 21:38:54,5.0,7.45,7.533333333333333,0,0,False,insufficient_merged_records_nodes_or_variation,,,,,,,,,,,,,False
1471,2025-07-07 21:34:54,2025-07-07 21:39:54,5.0,7.466666666666667,7.55,0,0,False,insufficient_merged_records_nodes_or_variation,,,,,,,,,,,,,False
1472,2025-07-07 21:35:54,2025-07-07 21:40:54,5.0,7.483333333333333,7.566666666666666,12,6,True,eligible,0.011959586054737324,-0.007467488486928277,0.009262150348967355,-0.021625312997950737,0.014781820728781632,0.0194270745416656,2.0963374129952594,0.9716056788642271,0.9716056788642271,0.03645885175354669,-0.007463603848947541,0.009265297553380443,False
1473,2025-07-07 21:36:54,2025-07-07 21:41:54,5.0,7.5,7.583333333333333,52,6,True,eligible,0.023997411666504105,-0.0054581506645834995,0.014606576367002903,-0.028581119358015352,0.03007761993594085,0.029455562331087606,2.015574833626204,0.9816036792641472,0.9816036792641472,0.06381193284229598,-0.005452260730104178,0.01461105383203541,False
1474,2025-07-07 21:37:54,2025-07-07 21:42:54,5.0,7.516666666666667,7.6,92,6,True,eligible,0.019690550206491478,-0.0062637655040394665,0.013169749590196475,-0.026547474967357036,0.0260548044125287,0.025954315710530945,1.969790509612615,0.9864027194561088,0.9864027194561088,0.05619106351547601,-0.006258575678862394,0.013173545998278318,False
1475,2025-07-07 21:38:54,2025-07-07 21:43:54,5.0,7.533333333333333,7.616666666666666,134,6,True,eligible,0.01711902189442925,-0.006677475645106378,0.0127285423918677,-0.02634274229198371,0.024057488031019147,0.023796497539535628,1.8686983859014523,0.9928014397120576,0.9928014397120576,0.05368241709318676,-0.006672717297268037,0.01273171709848738,False
1476,2025-07-07 21:39:54,2025-07-07 21:44:54,5.0,7.55,7.633333333333334,166,6,True,eligible,0.014742257228046615,-0.0068422025734170095,0.012262757063237702,-0.025594658879840974,0.022938704348964428,0.021584459801463625,1.7594427197391898,0.9964007198560288,0.9964007198560288,0.05130631922007978,-0.006837886544662468,0.012265328976386346,False
1477,2025-07-07 21:40:54,2025-07-07 21:45:54,5.0,7.566666666666666,7.65,170,6,True,eligible,0.011623841987795938,-0.007116604700337001,0.011908402568431472,-0.024998294197395104,0.0212867990220082,0.01874044668813294,1.5731693778240108,0.9992001599680064,0.9992001599680064,0.049347658949162695,-0.007112857360467348,0.011910160223293734,False
1478,2025-07-07 21:41:54,2025-07-07 21:46:54,5.0,7.583333333333333,7.666666666666667,146,6,True,eligible,0.006119797062001792,-0.007563591845836106,0.010738569230696498,-0.022912089519670838,0.01843386669492794,0.013683388907837898,1.2738941103541899,1.0,1.0,0.04334886704703764,-0.007560855715280651,0.010739238580417578,False
1479,2025-07-07 21:42:54,2025-07-07 21:47:54,5.0,7.6,7.683333333333334,127,6,True,eligible,0.0022223969686895315,-0.007674425659678755,0.008594869863137372,-0.019791247498721628,0.011361418597932974,0.009896822628368286,1.1512124808978734,1.0,1.0,0.03307315061129454,-0.007672446690946828,0.008595149743268074,False
1480,2025-07-07 21:43:54,2025-07-07 21:48:54,5.0,7.616666666666666,7.7,111,6,True,eligible,0.00033827936394903506,-0.007422705968659211,0.0067512100213612545,-0.017097287348340314,0.006974438930393273,0.007760985332608246,1.1493027419967239,1.0,1.0,0.024584212875683527,-0.007421154081970027,0.006751426897701755,False
1481,2025-07-07 21:44:54,2025-07-07 21:49:54,5.0,7.633333333333334,7.716666666666667,107,9,True,eligible,-5.937286525032654e-05,-0.00665219029672756,0.0055526445084769765,-0.015511568904617815,0.00617929086386398,0.006592817431477233,1.1870432614137265,1.0,1.0,0.019672704408019062,-0.006650871996901229,0.005552871867366199,False
1482,2025-07-07 21:45:54,2025-07-07 21:50:54,5.0,7.65,7.733333333333333,126,9,True,eligible,0.0013531553383522997,-0.007112681453723385,0.0059818346571773335,-0.01651847192376341,0.007399428987131185,0.008465836792075685,1.414832739486782,0.9996000799840032,0.9996000799840032,0.02124894316283433,-0.007110988624930729,0.005982434338035832,False
1483,2025-07-07 21:46:54,2025-07-07 21:51:54,5.0,7.666666666666667,7.75,132,9,True,eligible,0.0005017077059349025,-0.006851481165352949,0.00515756690757726,-0.015052842064170034,0.0075954113964305445,0.007353188871287851,1.4252766669815176,0.9996000799840032,0.9996000799840032,0.017602132742053925,-0.0068500108216474325,0.005158099264441034,False
1484,2025-07-07 21:47:54,2025-07-07 21:52:54,5.0,7.683333333333334,7.766666666666667,124,9,True,eligible,0.002063328039460372,-0.007175717200542479,0.005844250474239728,-0.01634965412088535,0.009532902893991326,0.009239045240002852,1.5803247648165557,0.9992001599680064,0.9992001599680064,0.020535148505825496,-0.00717386976098239,0.0058451262715705265,False
1485,2025-07-07 21:48:54,2025-07-07 21:53:54,5.0,7.7,7.783333333333333,113,9,True,eligible,0.0008626806729132091,-0.0070105798115443875,0.005410487256578698,-0.015644941508360394,0.009381441518635866,0.007873260484457597,1.4547316246293465,0.9996000799840032,0.9996000799840032,0.01864245702811051,-0.007009005474314943,0.005411091650141168,False
1486,2025-07-07 21:49:54,2025-07-07 21:54:54,5.0,7.716666666666667,7.8,113,8,True,eligible,-3.599910973294239e-05,-0.007379020124015956,0.005439866489916804,-0.015659233245213445,0.005731189521198333,0.007343021014283014,1.3494723643523299,1.0,1.0,0.01841243779100759,-0.007377551813475208,0.005440313486720266,False
1487,2025-07-07 21:50:54,2025-07-07 21:55:54,5.0,7.733333333333333,7.816666666666666,97,8,True,eligible,0.0002889044053034388,-0.007310384636719483,0.005689726028785958,-0.01580509609196847,0.006159561351333196,0.007599289042022922,1.3352443024941572,1.0,1.0,0.019665586326823133,-0.007308865082821858,0.005690171808958941,False
1488,2025-07-07 21:51:54,2025-07-07 21:56:54,5.0,7.75,7.833333333333333,133,11,True,eligible,0.005602608729221795,-0.0076134768202313595,0.009581437446423735,-0.022264466368883712,0.014601556796085253,0.013216085549453156,1.3789424573948792,1.0,1.0,0.03781439103379433,-0.007610834131659182,0.009582301850248364,False
1489,2025-07-07 21:52:54,2025-07-07 21:57:54,5.0,7.766666666666667,7.85,135,11,True,eligible,0.005928426483366738,-0.007495892098164809,0.009804292462402006,-0.02248686722445742,0.015138494689936674,0.013424318581531546,1.3688352174107037,1.0,1.0,0.03898843525877086,-0.007493207771313873,0.009805149724354001,False
1490,2025-07-07 21:53:54,2025-07-07 21:58:54,5.0,7.783333333333333,7.866666666666666,157,11,True,eligible,0.008661671234907405,-0.007176754748439781,0.01159184179067494,-0.02426879032316758,0.020050097536083104,0.015838425983347185,1.365950919735963,1.0,1.0,0.047782690789475946,-0.00717358769665347,0.011592846201693555,False
1491,2025-07-07 21:54:54,2025-07-07 21:59:54,5.0,7.8,7.883333333333334,139,11,True,eligible,0.015661894371542962,-0.006194008938463972,0.013979459439163263,-0.027027345742742227,0.02715655837247249,0.021855903310006933,1.5628915270268393,0.9992001599680064,0.9992001599680064,0.060090027960146036,-0.006189638631863292,0.013981477681292081,False
1492,2025-07-07 21:55:54,2025-07-07 22:00:54,5.0,7.816666666666666,7.9,181,12,True,eligible,0.03272420913059041,-0.0028312407600358503,0.020084711074681877,-0.03325787654357243,0.0464020719759257,0.03555544989062626,1.7695429715121747,0.9962007598480304,0.9962007598480304,0.09240842822259165,-0.002824131091991334,0.02008899517834465,False
1493,2025-07-07 21:56:54,2025-07-07 22:01:54,5.0,7.833333333333333,7.916666666666667,141,10,True,eligible,0.04560683383282648,0.0007713647528980997,0.02369092914401753,-0.03582885466579285,0.058906431985501724,0.04483546907992838,1.8916496986575366,0.9912017596480703,0.9912017596480703,0.11311696059881904,0.000780330053653934,0.023697042751089147,False
1494,2025-07-07 21:57:54,2025-07-07 22:02:54,5.0,7.85,7.933333333333334,153,10,True,eligible,0.03669387964478333,-0.0012332638634482166,0.021215338385177303,-0.03416988724571329,0.05211497396061333,0.037927143508231544,1.7869730435409787,0.996000799840032,0.996000799840032,0.09936842362189535,-0.0012256799515289545,0.021219995306237374,False
1495,2025-07-07 21:58:54,2025-07-07 22:03:54,5.0,7.866666666666666,7.95,117,10,True,eligible,0.044260943820363476,0.0006818883781167168,0.024718436579895486,-0.03756455498730708,0.06162881521023884,0.04357905544224676,1.7622943586332696,0.9964007198560288,0.9964007198560288,0.11789387898787232,0.0006906024463915113,0.024723645718166244,False
1496,2025-07-07 21:59:54,2025-07-07 22:04:54,5.0,7.883333333333334,7.966666666666667,107,10,True,eligible,0.04504491753144426,0.00021099170819800835,0.024495141118476015,-0.03809583200043735,0.0603732615925394,0.04483392582324625,1.8295233799823276,0.9952009598080384,0.9952009598080384,0.11636727749794573,0.00021995670036422448,0.024500895326909144,False
1497,2025-07-07 22:00:54,2025-07-07 22:05:54,5.0,7.9,7.983333333333333,46,7,True,eligible,0.014216419940969335,-0.007265627493000532,0.013372293406924538,-0.02723479285814027,0.02477920922158984,0.021482047433969868,1.6058845052673902,0.999000199960008,0.999000199960008,0.05614049240367417,-0.007261331942623814,0.013374406324455421,False
1498,2025-07-07 22:01:54,2025-07-07 22:06:54,5.0,7.916666666666667,8.0,28,6,True,eligible,0.00038309283616387043,-0.007906346571319244,0.0070330562933727265,-0.017749968075597138,0.006263567871280652,0.008289439407483114,1.178358198905814,1.0,1.0,0.02543704822367191,-0.007904689014949022,0.007033329813301816,False
1499,2025-07-07 22:02:54,2025-07-07 22:07:54,5.0,7.933333333333334,8.016666666666667,1,1,False,insufficient_merged_records_nodes_or_variation,,,,,,,,,,,,,False
1500,2025-07-07 22:03:54,2025-07-07 22:08:54,5.0,7.95,8.033333333333333,0,0,False,insufficient_merged_records_nodes_or_variation,,,,,,,,,,,,,False
1501,2025-07-07 22:04:54,2025-07-07 22:09:54,5.0,7.966666666666667,8.05,0,0,False,insufficient_merged_records_nodes_or_variation,,,,,,,,,,,,,False
1502,2025-07-07 22:05:54,2025-07-07 22:10:54,5.0,7.983333333333333,8.066666666666666,1,1,False,insufficient_merged_records_nodes_or_variation,,,,,,,,,,,,,False
1503,2025-07-07 22:06:54,2025-07-07 22:11:54,5.0,8.0,8.083333333333334,1,1,False,insufficient_merged_records_nodes_or_variation,,,,,,,,,,,,,False
1504,2025-07-07 22:07:54,2025-07-07 22:12:54,5.0,8.016666666666667,8.1,1,1,False,insufficient_merged_records_nodes_or_variation,,,,,,,,,,,,,False
1505,2025-07-07 22:08:54,2025-07-07 22:13:54,5.0,8.033333333333333,8.116666666666667,1,1,False,insufficient_merged_records_nodes_or_variation,,,,,,,,,,,,,False
1506,2025-07-07 22:09:54,2025-07-07 22:14:54,5.0,8.05,8.133333333333333,2,2,False,insufficient_merged_records_nodes_or_variation,,,,,,,,,,,,,False
1507,2025-07-07 22:10:54,2025-07-07 22:15:54,5.0,8.066666666666666,8.15,1,1,False,insufficient_merged_records_nodes_or_variation,,,,,,,,,,,,,False
1508,2025-07-07 22:11:54,2025-07-07 22:16:54,5.0,8.083333333333334,8.166666666666666,2,1,False,insufficient_merged_records_nodes_or_variation,,,,,,,,,,,,,False
1509,2025-07-07 22:12:54,2025-07-07 22:17:54,5.0,8.1,8.183333333333334,3,2,False,insufficient_merged_records_nodes_or_variation,,,,,,,,,,,,,False
1510,2025-07-07 22:13:54,2025-07-07 22:18:54,5.0,8.116666666666667,8.2,3,2,False,insufficient_merged_records_nodes_or_variation,,,,,,,,,,,,,False
1511,2025-07-07 22:14:54,2025-07-07 22:19:54,5.0,8.133333333333333,8.216666666666667,4,2,False,insufficient_merged_records_nodes_or_variation,,,,,,,,,,,,,False
1512,2025-07-07 22:15:54,2025-07-07 22:20:54,5.0,8.15,8.233333333333333,4,2,False,insufficient_merged_records_nodes_or_variation,,,,,,,,,,,,,False
1513,2025-07-07 22:16:54,2025-07-07 22:21:54,5.0,8.166666666666666,8.25,3,2,False,insufficient_merged_records_nodes_or_variation,,,,,,,,,,,,,False
1514,2025-07-07 22:17:54,2025-07-07 22:22:54,5.0,8.183333333333334,8.266666666666667,2,2,False,insufficient_merged_records_nodes_or_variation,,,,,,,,,,,,,False
1515,2025-07-07 22:18:54,2025-07-07 22:23:54,5.0,8.2,8.283333333333333,4,2,False,insufficient_merged_records_nodes_or_variation,,,,,,,,,,,,,False
1516,2025-07-07 22:19:54,2025-07-07 22:24:54,5.0,8.216666666666667,8.3,2,2,False,insufficient_merged_records_nodes_or_variation,,,,,,,,,,,,,False
1517,2025-07-07 22:20:54,2025-07-07 22:25:54,5.0,8.233333333333333,8.316666666666666,2,2,False,insufficient_merged_records_nodes_or_variation,,,,,,,,,,,,,False
1518,2025-07-07 22:21:54,2025-07-07 22:26:54,5.0,8.25,8.333333333333334,3,2,False,insufficient_merged_records_nodes_or_variation,,,,,,,,,,,,,False
1519,2025-07-07 22:22:54,2025-07-07 22:27:54,5.0,8.266666666666667,8.35,3,2,False,insufficient_merged_records_nodes_or_variation,,,,,,,,,,,,,False
1520,2025-07-07 22:23:54,2025-07-07 22:28:54,5.0,8.283333333333333,8.366666666666667,1,1,False,insufficient_merged_records_nodes_or_variation,,,,,,,,,,,,,False
1521,2025-07-07 22:24:54,2025-07-07 22:29:54,5.0,8.3,8.383333333333333,2,2,False,insufficient_merged_records_nodes_or_variation,,,,,,,,,,,,,False
1522,2025-07-07 22:25:54,2025-07-07 22:30:54,5.0,8.316666666666666,8.4,2,2,False,insufficient_merged_records_nodes_or_variation,,,,,,,,,,,,,False
1523,2025-07-07 22:26:54,2025-07-07 22:31:54,5.0,8.333333333333334,8.416666666666666,2,1,False,insufficient_merged_records_nodes_or_variation,,,,,,,,,,,,,False
1524,2025-07-07 22:27:54,2025-07-07 22:32:54,5.0,8.35,8.433333333333334,4,3,False,insufficient_merged_records_nodes_or_variation,,,,,,,,,,,,,False
1525,2025-07-07 22:28:54,2025-07-07 22:33:54,5.0,8.366666666666667,8.45,4,3,False,insufficient_merged_records_nodes_or_variation,,,,,,,,,,,,,False
1526,2025-07-07 22:29:54,2025-07-07 22:34:54,5.0,8.383333333333333,8.466666666666667,7,4,True,eligible,0.09908861741322411,0.02183236906587681,0.02387772410095514,-0.011969608828247548,0.06404357713258288,0.0772562483473473,3.231789797647307,0.41471705658868224,0.41471705658868224,0.1351480755394951,0.021847817225914272,0.023900316859574205,False
1527,2025-07-07 22:30:54,2025-07-07 22:35:54,5.0,8.4,8.483333333333333,7,4,True,eligible,0.09908861741322411,0.02183236906587681,0.02387772410095514,-0.011969608828247548,0.06404357713258288,0.0772562483473473,3.231789797647307,0.41471705658868224,0.41471705658868224,0.1351480755394951,0.021847817225914272,0.023900316859574205,False
1528,2025-07-07 22:31:54,2025-07-07 22:36:54,5.0,8.416666666666666,8.5,7,5,True,eligible,0.15662525070980354,0.03953607876846153,0.02885911944362817,-0.00747571045297056,0.10994764397905693,0.11708917194134201,4.050200345741154,0.1219756048790242,0.1219756048790242,0.1765784369609384,0.03955949192021946,0.02890369581659842,False
1529,2025-07-07 22:32:54,2025-07-07 22:37:54,5.0,8.433333333333334,8.516666666666667,6,3,True,eligible,0.05697815854883908,0.018089447353111965,0.020661125659671285,-0.008027923211169349,0.058310857263736755,0.038888711195727114,1.8813619240282178,0.992001599680064,0.992001599680064,0.11606688139484173,0.018097223540113706,0.020666377113382154,False
1530,2025-07-07 22:33:39,2025-07-07 22:38:39,5.0,8.445833333333333,8.529166666666667,7,3,True,eligible,0.0471696951031724,0.014513226978749221,0.017376928419811973,-0.006984909146904873,0.04820449645826958,0.032656468124423174,1.8784492044306704,0.9922015596880623,0.9922015596880623,0.09691651955560064,0.01451975696637658,0.017381326074607125,False
1531,2025-07-07 14:06:54,2025-07-07 14:16:54,10.0,0.0,0.16666666666666666,0,0,False,insufficient_merged_records_nodes_or_variation,,,,,,,,,,,,,False
1532,2025-07-07 14:07:54,2025-07-07 14:17:54,10.0,0.016666666666666666,0.18333333333333332,0,0,False,insufficient_merged_records_nodes_or_variation,,,,,,,,,,,,,False
1533,2025-07-07 14:08:54,2025-07-07 14:18:54,10.0,0.03333333333333333,0.2,0,0,False,insufficient_merged_records_nodes_or_variation,,,,,,,,,,,,,False
1534,2025-07-07 14:09:54,2025-07-07 14:19:54,10.0,0.05,0.21666666666666667,0,0,False,insufficient_merged_records_nodes_or_variation,,,,,,,,,,,,,False
1535,2025-07-07 14:10:54,2025-07-07 14:20:54,10.0,0.06666666666666667,0.23333333333333334,0,0,False,insufficient_merged_records_nodes_or_variation,,,,,,,,,,,,,False
1536,2025-07-07 14:11:54,2025-07-07 14:21:54,10.0,0.08333333333333333,0.25,0,0,False,insufficient_merged_records_nodes_or_variation,,,,,,,,,,,,,False
1537,2025-07-07 14:12:54,2025-07-07 14:22:54,10.0,0.1,0.26666666666666666,0,0,False,insufficient_merged_records_nodes_or_variation,,,,,,,,,,,,,False
1538,2025-07-07 14:13:54,2025-07-07 14:23:54,10.0,0.11666666666666667,0.2833333333333333,0,0,False,insufficient_merged_records_nodes_or_variation,,,,,,,,,,,,,False
1539,2025-07-07 14:14:54,2025-07-07 14:24:54,10.0,0.13333333333333333,0.3,0,0,False,insufficient_merged_records_nodes_or_variation,,,,,,,,,,,,,False
1540,2025-07-07 14:15:54,2025-07-07 14:25:54,10.0,0.15,0.31666666666666665,0,0,False,insufficient_merged_records_nodes_or_variation,,,,,,,,,,,,,False
1541,2025-07-07 14:16:54,2025-07-07 14:26:54,10.0,0.16666666666666666,0.3333333333333333,0,0,False,insufficient_merged_records_nodes_or_variation,,,,,,,,,,,,,False
1542,2025-07-07 14:17:54,2025-07-07 14:27:54,10.0,0.18333333333333332,0.35,0,0,False,insufficient_merged_records_nodes_or_variation,,,,,,,,,,,,,False
1543,2025-07-07 14:18:54,2025-07-07 14:28:54,10.0,0.2,0.36666666666666664,0,0,False,insufficient_merged_records_nodes_or_variation,,,,,,,,,,,,,False
1544,2025-07-07 14:19:54,2025-07-07 14:29:54,10.0,0.21666666666666667,0.38333333333333336,0,0,False,insufficient_merged_records_nodes_or_variation,,,,,,,,,,,,,False
1545,2025-07-07 14:20:54,2025-07-07 14:30:54,10.0,0.23333333333333334,0.4,0,0,False,insufficient_merged_records_nodes_or_variation,,,,,,,,,,,,,False
1546,2025-07-07 14:21:54,2025-07-07 14:31:54,10.0,0.25,0.4166666666666667,0,0,False,insufficient_merged_records_nodes_or_variation,,,,,,,,,,,,,False
1547,2025-07-07 14:22:54,2025-07-07 14:32:54,10.0,0.26666666666666666,0.43333333333333335,0,0,False,insufficient_merged_records_nodes_or_variation,,,,,,,,,,,,,False
1548,2025-07-07 14:23:54,2025-07-07 14:33:54,10.0,0.2833333333333333,0.45,0,0,False,insufficient_merged_records_nodes_or_variation,,,,,,,,,,,,,False
1549,2025-07-07 14:24:54,2025-07-07 14:34:54,10.0,0.3,0.4666666666666667,0,0,False,insufficient_merged_records_nodes_or_variation,,,,,,,,,,,,,False
1550,2025-07-07 14:25:54,2025-07-07 14:35:54,10.0,0.31666666666666665,0.48333333333333334,0,0,False,insufficient_merged_records_nodes_or_variation,,,,,,,,,,,,,False
1551,2025-07-07 14:26:54,2025-07-07 14:36:54,10.0,0.3333333333333333,0.5,0,0,False,insufficient_merged_records_nodes_or_variation,,,,,,,,,,,,,False
1552,2025-07-07 14:27:54,2025-07-07 14:37:54,10.0,0.35,0.5166666666666667,6,1,False,insufficient_merged_records_nodes_or_variation,,,,,,,,,,,,,False
1553,2025-07-07 14:28:54,2025-07-07 14:38:54,10.0,0.36666666666666664,0.5333333333333333,8,3,True,eligible,0.00771352064266009,-0.0036247392190561795,0.01508267700332841,-0.02585827904560193,0.02897566044522576,0.01133825986171627,0.751622925265676,1.0,1.0,0.06787435679595437,-0.0036224720205235428,0.015082020893889981,False
1554,2025-07-07 14:29:54,2025-07-07 14:39:54,10.0,0.38333333333333336,0.55,9,4,True,eligible,0.00784912868198877,-0.0008769373376468791,0.01723634903541316,-0.027269829522347473,0.037566025131378536,0.008726066019635648,0.5061959515599717,1.0,1.0,0.08082822418058973,-0.0008751924734157981,0.017235067029908777,False
1555,2025-07-07 14:30:54,2025-07-07 14:40:54,10.0,0.4,0.5666666666666667,13,4,True,eligible,0.023793975598612578,0.004584899845448157,0.026123435960263675,-0.03136343836213273,0.0715598171530403,0.019209075753164422,0.7352063913011369,1.0,1.0,0.1284220808379987,0.0045887408923894,0.026122235787741963,False
1556,2025-07-07 14:31:54,2025-07-07 14:41:54,10.0,0.4166666666666667,0.5833333333333334,13,4,True,eligible,0.023793975598612578,0.004584899845448157,0.026123435960263675,-0.03136343836213273,0.0715598171530403,0.019209075753164422,0.7352063913011369,1.0,1.0,0.1284220808379987,0.0045887408923894,0.026122235787741963,False
1557,2025-07-07 14:32:54,2025-07-07 14:42:54,10.0,0.43333333333333335,0.6,14,5,True,eligible,0.02075316974705129,0.008587278958767038,0.026498973891335226,-0.030467419415884434,0.07404171660463961,0.012165890788284252,0.4590524250387889,1.0,1.0,0.13419907624113367,0.008589711650386371,0.02649688234549057,False
1558,2025-07-07 14:33:54,2025-07-07 14:43:54,10.0,0.45,0.6166666666666667,16,7,True,eligible,0.01286596389078021,0.00034646068602840025,0.026083365674052846,-0.0387387598901215,0.06480759749254666,0.012519503204751809,0.4799213208151788,1.0,1.0,0.1239885217446017,0.0003489640859893586,0.02608135805162788,False
1559,2025-07-07 14:34:54,2025-07-07 14:44:54,10.0,0.4666666666666667,0.6333333333333333,16,7,True,eligible,0.01286596389078021,0.00034646068602840025,0.026083365674052846,-0.0387387598901215,0.06480759749254666,0.012519503204751809,0.4799213208151788,1.0,1.0,0.1239885217446017,0.0003489640859893586,0.02608135805162788,False
1560,2025-07-07 14:35:54,2025-07-07 14:45:54,10.0,0.48333333333333334,0.65,19,8,True,eligible,0.021616854712774154,0.005936431411268381,0.02996473900015314,-0.03533360483070071,0.081508275298332,0.01568042330150577,0.5232292020952791,1.0,1.0,0.14797810672094944,0.005939566868837169,0.029962562833184866,False
1561,2025-07-07 14:36:54,2025-07-07 14:46:54,10.0,0.5,0.6666666666666666,21,8,True,eligible,0.014391328369596815,-0.001803341313899435,0.027706448092729596,-0.04075350574863953,0.06785761267068342,0.01619466968349625,0.5844306538491513,1.0,1.0,0.12953460063010977,-0.0018001030276199909,0.027704623791680878,False
1562,2025-07-07 14:37:54,2025-07-07 14:47:54,10.0,0.5166666666666667,0.6833333333333333,19,8,True,eligible,0.03381272374071357,-0.005911024498817522,0.01931216615416232,-0.03327645545975122,0.040912834350287704,0.03972374823953109,2.0558534104290196,0.9776044791041791,0.9776044791041791,0.0856764606527806,-0.00590308133780182,0.01931840318820563,False
1563,2025-07-07 14:38:54,2025-07-07 14:48:54,10.0,0.5333333333333333,0.7,18,7,True,eligible,0.022024313450663722,-0.00720785212429348,0.017621955393477173,-0.033119595270309485,0.03499924547991352,0.0292321655749572,1.658227069637982,0.9988002399520096,0.9988002399520096,0.07635009518658008,-0.007202006860231299,0.017625041133404972,False
1564,2025-07-07 14:39:54,2025-07-07 14:49:54,10.0,0.55,0.7166666666666667,17,7,True,eligible,0.023166784913234435,-0.008228971982139541,0.018680246041786173,-0.036104532544368774,0.03646979451403079,0.03139575689537398,1.680050388017028,0.9986002799440112,0.9986002799440112,0.08034779471272284,-0.008222694086339624,0.01868365331388853,False
1565,2025-07-07 14:40:54,2025-07-07 14:50:54,10.0,0.5666666666666667,0.7333333333333333,14,6,True,eligible,0.004556388849582702,-0.014888059997170225,0.014630163619488708,-0.03744163011178788,0.01921607471345681,0.019444448846752928,1.3286981706374639,1.0,1.0,0.05447592508559082,-0.014884171885023305,0.014631284338473268,False
1566,2025-07-07 14:41:54,2025-07-07 14:51:54,10.0,0.5833333333333334,0.75,14,6,True,eligible,0.004556388849582702,-0.014888059997170225,0.014630163619488708,-0.03744163011178788,0.01921607471345681,0.019444448846752928,1.3286981706374639,1.0,1.0,0.05447592508559082,-0.014884171885023305,0.014631284338473268,False
1567,2025-07-07 14:42:54,2025-07-07 14:52:54,10.0,0.6,0.7666666666666667,14,6,True,eligible,0.004556388849582702,-0.014888059997170225,0.014630163619488708,-0.03744163011178788,0.01921607471345681,0.019444448846752928,1.3286981706374639,1.0,1.0,0.05447592508559082,-0.014884171885023305,0.014631284338473268,False
1568,2025-07-07 14:43:54,2025-07-07 14:53:54,10.0,0.6166666666666667,0.7833333333333333,16,6,True,eligible,0.014636545081137178,-0.012454311417083398,0.02332543061577461,-0.04570304590552635,0.04785369240114741,0.027090856498220576,1.1611573467524388,1.0,1.0,0.09812995148342366,-0.012448894329201328,0.023326243842914065,False
1569,2025-07-07 14:44:54,2025-07-07 14:54:54,10.0,0.6333333333333333,0.8,18,6,True,eligible,0.019499432587548663,-0.010096282929922878,0.02548215563557571,-0.0489871021075752,0.052726394604988146,0.02959571551747154,1.1611563163505436,1.0,1.0,0.1107128649780819,-0.010090364970411285,0.0254830440495378,False
1570,2025-07-07 14:45:54,2025-07-07 14:55:54,10.0,0.65,0.8166666666666667,17,6,True,eligible,-0.004335103130361255,-0.01721765934493135,0.017758425661937124,-0.045486197701200944,0.024647572171439446,0.012882556214570096,0.7253227750554465,1.0,1.0,0.06696534336908305,-0.017215083348887647,0.017757584156297582,False
1571,2025-07-07 14:46:54,2025-07-07 14:56:54,10.0,0.6666666666666666,0.8333333333333334,19,7,True,eligible,-0.009802963239888432,-0.014875358600729723,0.017952063547692673,-0.044583504109194545,0.025747855369563998,0.005072395360841291,0.2825217164601639,1.0,1.0,0.0702201871975078,-0.014874344324512798,0.017950411558325077,False
1572,2025-07-07 14:47:54,2025-07-07 14:57:54,10.0,0.6833333333333333,0.85,16,7,True,eligible,-0.0005743698500009376,-0.01579675260123243,0.014162274624686161,-0.04108953542315572,0.012732233194159259,0.015222382751231492,1.0746227756057527,1.0,1.0,0.051344073022150695,-0.015793708733455737,0.014162494252809623,False
1573,2025-07-07 14:48:54,2025-07-07 14:58:54,10.0,0.7,0.8666666666666667,23,10,True,eligible,0.005786114472167549,-0.006320013609889283,0.01699320236715268,-0.03675641165327802,0.028534585748993452,0.012106128082056833,0.7123026795986241,1.0,1.0,0.07423528807892549,-0.006317592868421166,0.016992365306570292,False
1574,2025-07-07 14:49:54,2025-07-07 14:59:54,10.0,0.7166666666666667,0.8833333333333333,27,10,True,eligible,0.004116232223471537,-0.0072411736368529845,0.013529982518984336,-0.032310792699136184,0.0207515929535841,0.011357405860324521,0.8392819712775967,1.0,1.0,0.056898540547341794,-0.007238902609886311,0.013529582693254445,False
1575,2025-07-07 14:50:54,2025-07-07 15:00:54,10.0,0.7333333333333333,0.9,39,16,True,eligible,0.002610721420903765,0.00501282775828776,0.024599745965210598,-0.03601405856441766,0.05713191930764251,-0.002402106337383995,-0.09763775300852312,1.0,1.0,0.1216167220231755,0.005012347433085323,0.024597309321240858,False
1576,2025-07-07 14:51:54,2025-07-07 15:01:54,10.0,0.75,0.9166666666666666,63,27,True,eligible,-0.00669618098076182,-0.011551903330819818,0.020059435148781116,-0.04778102929867691,0.0298680937956661,0.004855722350057998,0.2420411373546001,1.0,1.0,0.08353254404756778,-0.011550932380539863,0.02005754663375935,False
1577,2025-07-07 14:52:54,2025-07-07 15:02:54,10.0,0.7666666666666667,0.9333333333333333,101,36,True,eligible,0.009027577619486204,-0.01242229768483408,0.02407073357373906,-0.0562698115261161,0.0362524100854413,0.021449875304320284,0.8909586430787252,1.0,1.0,0.10168776451603004,-0.012418008567596664,0.024070237551068834,False
1578,2025-07-07 14:53:54,2025-07-07 15:03:54,10.0,0.7833333333333333,0.95,115,40,True,eligible,0.0024734239047959224,-0.009774321148650672,0.024703815818632856,-0.0560480377972364,0.0415104543388325,0.012247745053446595,0.4957217859567688,1.0,1.0,0.10732856686965916,-0.009771872089451824,0.024701952468386454,False
1579,2025-07-07 14:54:54,2025-07-07 15:04:54,10.0,0.8,0.9666666666666667,159,48,True,eligible,0.037060057705859795,0.0062140364316123665,0.024741359947734836,-0.0405079973518897,0.057060321811115346,0.030846021274247428,1.2464207640967924,1.0,1.0,0.12351395393881101,0.006220204402273084,0.024742730698918143,False
1580,2025-07-07 14:55:54,2025-07-07 15:05:54,10.0,0.8166666666666667,0.9833333333333333,159,48,True,eligible,0.04011275293557263,0.006700184062491594,0.025569824889679932,-0.040831808500433726,0.058577675965215396,0.033412568873081035,1.3063650501365218,1.0,1.0,0.1279300543485295,0.0067068652400307,0.025571633053143025,False
1581,2025-07-07 14:56:54,2025-07-07 15:06:54,10.0,0.8333333333333334,1.0,161,48,True,eligible,0.046347931998988505,0.0047631051413434015,0.027832009458688047,-0.0461288901981565,0.06224994894850977,0.041584826857645106,1.4936539291262503,0.9996000799840032,0.9996000799840032,0.13672625395962051,0.004771420443654468,0.027835438145739185,False
1582,2025-07-07 14:57:54,2025-07-07 15:07:54,10.0,0.85,1.0166666666666666,163,47,True,eligible,0.04534003099406888,0.004449406221148082,0.027833319422973363,-0.045881343388047884,0.061819409763948306,0.0408906247729208,1.4686611653900299,0.9996000799840032,0.9996000799840032,0.13641764930822192,0.004457582710804734,0.027836542047060295,False
1583,2025-07-07 14:58:54,2025-07-07 15:08:54,10.0,0.8666666666666667,1.0333333333333334,156,46,True,eligible,0.0678958153639924,0.010545335259829852,0.02733583960888281,-0.03931467451915403,0.06706745850799058,0.05735048010416255,2.0968634490922224,0.9716056788642271,0.9716056788642271,0.14018733392880905,0.010556803062290194,0.027345134146205614,False
1584,2025-07-07 14:59:54,2025-07-07 15:09:54,10.0,0.8833333333333333,1.05,167,46,True,eligible,0.09111419059697509,0.01666087802225263,0.026802280735553966,-0.03182481872063706,0.07353180787295373,0.07445331257472246,2.775453711564358,0.6946610677864428,0.6946610677864428,0.1438181722933487,0.016675765707230582,0.026820272512413115,False
1585,2025-07-07 15:00:54,2025-07-07 15:10:54,10.0,0.9,1.0666666666666667,164,45,True,eligible,0.11260268080901127,0.027609693854924372,0.027460174583555323,-0.021108525990158153,0.08723641040359348,0.0849929869540869,3.091866482439379,0.4959008198360328,0.4959008198360328,0.1579141894164341,0.027626689053275512,0.027483719700823736,False
1586,2025-07-07 15:01:54,2025-07-07 15:11:54,10.0,0.9166666666666666,1.0833333333333333,166,48,True,eligible,0.10054478035884999,0.026720184005736246,0.026031586703008588,-0.021263689689000793,0.08131697609662453,0.07382459635311375,2.8334008220611073,0.6656668666266746,0.6656668666266746,0.15022541969800632,0.026734945972613496,0.02604990928623534,False
1587,2025-07-07 15:02:54,2025-07-07 15:12:54,10.0,0.9333333333333333,1.1,132,42,True,eligible,0.09050525731293545,0.02009191975147025,0.02629267695314235,-0.027822475062138582,0.07629712403732201,0.0704133375614652,2.675872741278974,0.7468506298740252,0.7468506298740252,0.14482420867078058,0.020105999603012244,0.026308896018827414,False
1588,2025-07-07 15:03:54,2025-07-07 15:13:54,10.0,0.95,1.1166666666666667,116,38,True,eligible,0.11556328550797965,0.04198014823028301,0.026691284428132782,-0.00456773867594262,0.0992124986773143,0.07358313727769664,2.7544544468964998,0.7056588682263547,0.7056588682263547,0.1686092606951755,0.041994861915001604,0.026708891002306865,False
1589,2025-07-07 15:04:54,2025-07-07 15:14:54,10.0,0.9666666666666667,1.1333333333333333,76,27,True,eligible,0.05483703598886868,0.0033772067355314706,0.026682553825678714,-0.04273572001320664,0.06276251120230199,0.05145982925333721,1.9276849444480588,0.99000199960008,0.99000199960008,0.12991142761119415,0.003387496643400564,0.026689807114823588,False
1590,2025-07-07 15:05:54,2025-07-07 15:15:54,10.0,0.9833333333333333,1.15,74,27,True,eligible,0.05428605139076281,0.0062960219037819015,0.02706516002754389,-0.0399769998635627,0.06659716938578408,0.04799002948698091,1.77239494343387,0.9962007598480304,0.9962007598480304,0.13463641916069197,0.006305617990461961,0.027070960441436767,False
1591,2025-07-07 15:06:54,2025-07-07 15:16:54,10.0,1.0,1.1666666666666667,68,26,True,eligible,0.052830693894773025,0.015734083343645084,0.027719936662418225,-0.03117495755328389,0.07773717926612253,0.03709661055112794,1.3378912535878205,1.0,1.0,0.14715918459248478,0.015741501182187607,0.027722128097573996,False
1592,2025-07-07 15:07:54,2025-07-07 15:17:54,10.0,1.0166666666666666,1.1833333333333333,65,26,True,eligible,0.0622203209350522,0.021720977245734668,0.029131521510042283,-0.027215560972161008,0.08745383764420153,0.04049934368931753,1.3898165534214504,0.9998000399920016,0.9998000399920016,0.15984091079231455,0.021729075494822718,0.029134237421872787,False
1593,2025-07-07 15:08:54,2025-07-07 15:18:54,10.0,1.0333333333333334,1.2,72,25,True,eligible,0.06034102764943373,0.025123844980513284,0.030265090863587182,-0.02578906643918779,0.092972924548345,0.035217182668920446,1.1633500559292762,1.0,1.0,0.16860864644776888,0.025130887008641443,0.030266161471636032,False
1594,2025-07-07 15:09:54,2025-07-07 15:19:54,10.0,1.05,1.2166666666666666,71,26,True,eligible,0.053680494999261114,0.026586390393794308,0.028047118383357928,-0.02119705306934757,0.08803916188765486,0.027094104605466806,0.9658342781239898,1.0,1.0,0.15954922826249548,0.026591808131167922,0.02804693049485624,False
1595,2025-07-07 15:10:54,2025-07-07 15:20:54,10.0,1.0666666666666667,1.2333333333333334,70,24,True,eligible,0.03892976861031286,0.02273353101527919,0.030229232271811582,-0.024605039107937106,0.09049612229470641,0.01619623759503367,0.5357117087287104,1.0,1.0,0.16602924714039072,0.022736769615078235,0.030227076861287932,False
1596,2025-07-07 15:11:54,2025-07-07 15:21:54,10.0,1.0833333333333333,1.25,56,9,True,eligible,0.04598014968040359,0.020575768477178527,0.03375624870152223,-0.027767963254424488,0.09690962965342234,0.025404381203225065,0.7524652187556294,1.0,1.0,0.1805965431786394,0.020580848337447118,0.033754784553311226,False
1597,2025-07-07 15:12:54,2025-07-07 15:22:54,10.0,1.1,1.2666666666666666,72,9,True,eligible,0.032601355377416145,0.018082541902030368,0.03378748236025252,-0.030028574682143625,0.09374826208200668,0.014518813475385778,0.42965894560834017,1.0,1.0,0.17824308434888042,0.018085445084089033,0.033784727262630376,False
1598,2025-07-07 15:13:54,2025-07-07 15:23:54,10.0,1.1166666666666667,1.2833333333333334,94,9,True,eligible,0.03835749073717849,0.020954094081984485,0.03480708680850666,-0.030294222029322606,0.10091134936170845,0.017403396655194008,0.4999333038846919,1.0,1.0,0.18594936657380504,0.020957574065318858,0.034804475990407056,False
1599,2025-07-07 15:14:54,2025-07-07 15:24:54,10.0,1.1333333333333333,1.3,114,11,True,eligible,0.048541442807522074,0.023647790543676838,0.035745928213945566,-0.0308697195650179,0.10826809682511794,0.024893652263845236,0.6963018706975618,1.0,1.0,0.19309881768779585,0.023652768278582623,0.035744086834070606,False
1600,2025-07-07 15:15:54,2025-07-07 15:25:54,10.0,1.15,1.3166666666666667,136,11,True,eligible,0.04853805138576576,0.023449459151099167,0.03619535999104085,-0.03176377382616624,0.10932783133947925,0.02508859223466659,0.6930412928465594,1.0,1.0,0.19503088427656134,0.02345447586620308,0.036193479058853464,False
1601,2025-07-07 15:16:54,2025-07-07 15:26:54,10.0,1.1666666666666667,1.3333333333333333,179,11,True,eligible,0.04829568588885087,0.024582163992093193,0.03612681968597735,-0.03145266851046681,0.1087363930856569,0.02371352189675768,0.6563027146071102,1.0,1.0,0.19583756422510318,0.02458690574812134,0.03612476318176222,False
1602,2025-07-07 15:17:54,2025-07-07 15:27:54,10.0,1.1833333333333333,1.35,224,11,True,eligible,0.04342935442932749,0.023149346376095916,0.03577670446208865,-0.03149609808916042,0.10594441667659855,0.02028000805323157,0.5667746520977102,1.0,1.0,0.19274256397550066,0.02315340156666845,0.03577427605065783,False
1603,2025-07-07 15:18:54,2025-07-07 15:28:54,10.0,1.2,1.3666666666666667,254,15,True,eligible,0.04158014227222143,0.02148022057809372,0.035518484899074464,-0.0323860292137372,0.10404909084914539,0.020099921694127713,0.5658256221079451,1.0,1.0,0.18984936860444723,0.02148423975859645,0.03551607019625421,False
1604,2025-07-07 15:19:54,2025-07-07 15:29:54,10.0,1.2166666666666666,1.3833333333333333,301,16,True,eligible,0.04217018067614487,0.022372961181537816,0.035596026992663975,-0.03160106989992575,0.10432086846394592,0.019797219494607055,0.5560909422646081,1.0,1.0,0.19110943026978722,0.022376919833706297,0.035593568134436954,False
1605,2025-07-07 15:20:54,2025-07-07 15:30:54,10.0,1.2333333333333334,1.4,353,16,True,eligible,0.045931011476888335,0.023856583889789326,0.03607330990908688,-0.031692996601748014,0.10703093572863653,0.02207442758709901,0.6118483305151031,1.0,1.0,0.19485704164563744,0.023860997892506203,0.03607105304316483,False
1606,2025-07-07 15:21:54,2025-07-07 15:31:54,10.0,1.25,1.4166666666666667,397,20,True,eligible,0.04892379035015123,0.02357650972215085,0.03635949354776173,-0.0333896508215168,0.106750407727083,0.02534728062800038,0.697026076965191,1.0,1.0,0.19593612230106663,0.023581578164587964,0.03635762423107857,False
1607,2025-07-07 15:22:54,2025-07-07 15:32:54,10.0,1.2666666666666666,1.4333333333333333,430,21,True,eligible,0.050979694041941075,0.024428234652097116,0.03637297333675906,-0.03226045236351537,0.1071217265094954,0.02655145938984396,0.7298658358479463,1.0,1.0,0.19685279430547625,0.024433543882129077,0.036371273809481866,False
1608,2025-07-07 15:23:54,2025-07-07 15:33:54,10.0,1.2833333333333334,1.45,454,21,True,eligible,0.0499175898427861,0.02415556903883911,0.03625956679815465,-0.03226208421787998,0.10676963714627138,0.025762020803946992,0.7103820468269036,1.0,1.0,0.19604190596258644,0.024160720412725118,0.03625777079405425,False
1609,2025-07-07 15:24:54,2025-07-07 15:34:54,10.0,1.3,1.4666666666666666,481,19,True,eligible,0.04554985691785811,0.022430466864143413,0.03580760716221385,-0.032388765963857195,0.10369190174109554,0.023119390053714696,0.6455643683276883,1.0,1.0,0.19217235933918467,0.02243508981756347,0.0358055187589932,False
1610,2025-07-07 15:25:54,2025-07-07 15:35:54,10.0,1.3166666666666667,1.4833333333333334,518,20,True,eligible,0.04673197301179267,0.020580697214165198,0.035591011955916865,-0.03414330290239043,0.10127612957279795,0.02615127579762747,0.7346587951029189,1.0,1.0,0.18929855421086075,0.020585926423482854,0.03558937395508482,False
1611,2025-07-07 15:26:54,2025-07-07 15:36:54,10.0,1.3333333333333333,1.5,527,21,True,eligible,0.0463282131265036,0.02037243723263375,0.03521500675228581,-0.0342528244178784,0.09938879826097155,0.02595577589386985,0.7369520492798547,1.0,1.0,0.1873079281722051,0.020377627349789092,0.035213397943696975,False
1612,2025-07-07 15:27:54,2025-07-07 15:37:54,10.0,1.35,1.5166666666666666,521,21,True,eligible,0.048951202979278755,0.020530179985966242,0.03526341647691621,-0.03461438794191969,0.09943899131711974,0.028421022993312513,0.8058304873624995,1.0,1.0,0.18769741821562771,0.02053586305395131,0.03526218028599472,False
1613,2025-07-07 15:28:54,2025-07-07 15:38:54,10.0,1.3666666666666667,1.5333333333333334,538,20,True,eligible,0.05315429021371579,0.022852173316119672,0.03580282076739317,-0.03363869957872598,0.10211517774347839,0.030302116897596116,0.8462159384079605,1.0,1.0,0.19257789500801942,0.022858232527656883,0.03580180461154725,False
1614,2025-07-07 15:29:54,2025-07-07 15:39:54,10.0,1.3833333333333333,1.55,505,21,True,eligible,0.053800417569440186,0.02346087701064879,0.03581463495101911,-0.03397621394232195,0.10228708871479468,0.030339540558791397,0.8469814343120412,1.0,1.0,0.19324263214503495,0.023466943705421593,0.0358136231033882,False
1615,2025-07-07 15:30:54,2025-07-07 15:40:54,10.0,1.4,1.5666666666666667,499,20,True,eligible,0.055076093195869445,0.0242740440816048,0.03673467177043623,-0.03499278842460044,0.10607986584661053,0.030802049114264644,0.8383579682790172,1.0,1.0,0.19841698088816132,0.024280203259592053,0.03673358052467164,False
1616,2025-07-07 15:31:54,2025-07-07 15:41:54,10.0,1.4166666666666667,1.5833333333333333,469,17,True,eligible,0.05522382910280717,0.02565196033846655,0.037039164823472484,-0.03346871364753863,0.10772153830639197,0.029571868764340616,0.7982638947341183,1.0,1.0,0.20123691535010443,0.025657873529581206,0.03703782141252128,False
1617,2025-07-07 15:32:54,2025-07-07 15:42:54,10.0,1.4333333333333333,1.6,458,20,True,eligible,0.0545994684322128,0.025510817767563445,0.03713784341284973,-0.03440807406826436,0.10900870137569045,0.029088650664649354,0.7831353654876287,1.0,1.0,0.2015630270547627,0.02551663433438301,0.037136407547782,False
1618,2025-07-07 15:33:54,2025-07-07 15:43:54,10.0,1.45,1.6166666666666667,449,20,True,eligible,0.05530651255915262,0.024344724194011742,0.037076126539784406,-0.03528235001194732,0.1064568800791476,0.03096178836514088,0.8349452172526802,1.0,1.0,0.20010622230948133,0.024350915313460883,0.03707500397157628,False
1619,2025-07-07 15:34:54,2025-07-07 15:44:54,10.0,1.4666666666666666,1.6333333333333333,421,20,True,eligible,0.05935381122454832,0.025767605299991725,0.037354295945401406,-0.034456842854341495,0.1087539609443434,0.03358620592455659,0.8989631053282064,1.0,1.0,0.202850225960157,0.02577432119799703,0.03735357972704742,False
1620,2025-07-07 15:35:54,2025-07-07 15:45:54,10.0,1.4833333333333334,1.65,368,18,True,eligible,0.06132646577816588,0.027953545915564638,0.037475447330222976,-0.03219368891991643,0.11127612424068246,0.03337291986260124,0.8903679633149725,1.0,1.0,0.20561016182547848,0.027960219164887293,0.03747467113377607,False
1621,2025-07-07 15:36:54,2025-07-07 15:46:54,10.0,1.5,1.6666666666666667,319,17,True,eligible,0.06286820896327774,0.027408552552864434,0.03735685647252796,-0.03252413834573132,0.10982875961988871,0.03545965641041331,0.9490337475567907,1.0,1.0,0.20450532507871327,0.02741564306604389,0.03735648599273057,False
1622,2025-07-07 15:37:54,2025-07-07 15:47:54,10.0,1.5166666666666666,1.6833333333333333,292,19,True,eligible,0.06085655140530966,0.026750631883877985,0.03714926165694648,-0.033029945338613635,0.10879413778319312,0.034105919521431674,0.9179088513912491,1.0,1.0,0.20286200954862155,0.026757451703818293,0.03714867728948066,False
1623,2025-07-07 15:38:54,2025-07-07 15:48:54,10.0,1.5333333333333334,1.7,247,19,True,eligible,0.05685173023285269,0.02293078303859936,0.03624275393801282,-0.035349106556497256,0.10413017308166726,0.03392094719425333,0.9357618250824006,1.0,1.0,0.19474542967658598,0.022937565871471634,0.03624230381314676,False
1624,2025-07-07 15:39:54,2025-07-07 15:49:54,10.0,1.55,1.7166666666666666,231,19,True,eligible,0.05504671200106776,0.019825699611602354,0.035727948046075195,-0.03775775633818642,0.10047910001515492,0.03522101238946541,0.985616902893853,1.0,1.0,0.1892018048345061,0.019832742405521468,0.035727846683792815,False
1625,2025-07-07 15:40:54,2025-07-07 15:50:54,10.0,1.5666666666666667,1.7333333333333334,182,19,True,eligible,0.05095740427662863,0.017293392225328597,0.034866705194096806,-0.038475657929747144,0.09668314987576065,0.03366401205130003,0.9653194710513331,1.0,1.0,0.18258579212938458,0.017300123681447628,0.03486646815330963,False
1626,2025-07-07 15:41:54,2025-07-07 15:51:54,10.0,1.5833333333333333,1.75,170,19,True,eligible,0.048487182027968555,0.016072643436140347,0.03455896454843552,-0.03865107674242728,0.09594518341129925,0.032414538591828204,0.9377725199439645,1.0,1.0,0.17990508932439161,0.016079125047536436,0.034558548359221085,False
1627,2025-07-07 15:42:54,2025-07-07 15:52:54,10.0,1.6,1.7666666666666666,155,18,True,eligible,0.04590944052246159,0.009034241983216323,0.033395005028513246,-0.04490779501097706,0.08371885537463732,0.03687519853924527,1.1039680157896528,1.0,1.0,0.16735523104305558,0.00904161554821117,0.03339573651314471,False
1628,2025-07-07 15:43:54,2025-07-07 15:53:54,10.0,1.6166666666666667,1.7833333333333334,141,17,True,eligible,0.0331379477107845,0.007896736343774684,0.033610560592831254,-0.04805115577976166,0.08126801889860441,0.025241211367009818,0.7508730701282132,1.0,1.0,0.1672268308328686,0.00790178357660152,0.033609094716732686,False
1629,2025-07-07 15:44:54,2025-07-07 15:54:54,10.0,1.6333333333333333,1.8,125,19,True,eligible,0.01828491473091852,-0.0008102857351428892,0.030778390007019454,-0.05233382728864412,0.0672495471155956,0.019095200466061408,0.6203234391639193,1.0,1.0,0.1450905526677278,-0.0008064674587049652,0.03077649655694958,False
1630,2025-07-07 15:45:54,2025-07-07 15:55:54,10.0,1.65,1.8166666666666667,123,19,True,eligible,0.012606622582578653,-0.0038368330005557716,0.029231058674944913,-0.052408609046985806,0.06089886738483816,0.016443455583134425,0.5624596676086733,1.0,1.0,0.134727801456851,-0.003833544967045846,0.02922906031559691,False
1631,2025-07-07 15:46:54,2025-07-07 15:56:54,10.0,1.6666666666666667,1.8333333333333333,137,20,True,eligible,0.015404410921577134,-0.0018503831625227615,0.030416344501669863,-0.051379651480748724,0.06612665953187485,0.017254794084099898,0.5672119476975754,1.0,1.0,0.1423329942681472,-0.0018469328937596944,0.030414281443406504,False
1632,2025-07-07 15:47:54,2025-07-07 15:57:54,10.0,1.6833333333333333,1.85,145,19,True,eligible,0.01746124905087717,-0.004782390106635152,0.02965830830698633,-0.05387973634924364,0.06101836431966866,0.02224363915751232,0.7498797429054415,1.0,1.0,0.13581211587302033,-0.004777942268371302,0.029657010380200115,False
1633,2025-07-07 15:48:54,2025-07-07 15:58:54,10.0,1.7,1.8666666666666667,149,19,True,eligible,0.02392912456413196,-0.0009277695470508609,0.029888706358201764,-0.05089143890339011,0.06368707504387373,0.02485689411118282,0.8315077321889912,1.0,1.0,0.14076125043373225,-0.0009227991623055741,0.029887784279544142,False
1634,2025-07-07 15:49:54,2025-07-07 15:59:54,10.0,1.7166666666666666,1.8833333333333333,148,17,True,eligible,0.02879738980341725,0.002346682372994407,0.030231724733627924,-0.04695791287579378,0.06909239280933276,0.02645070743042284,0.8747777090118001,1.0,1.0,0.14566311950854388,0.0023519714566637567,0.030231015347462132,False
1635,2025-07-07 15:50:54,2025-07-07 16:00:54,10.0,1.7333333333333334,1.9,142,17,True,eligible,0.028777214454217888,0.0016704693264723628,0.02983815808694839,-0.04702789551785721,0.06664655312617386,0.027106745127745524,0.908293290403357,1.0,1.0,0.14312221105091358,0.001675889591444917,0.029837636310995702,False
1636,2025-07-07 15:51:54,2025-07-07 16:01:54,10.0,1.75,1.9166666666666667,128,17,True,eligible,0.028376530144938534,-0.0006873237780498616,0.028187725744127826,-0.04695959117745336,0.061282304778879526,0.029063853922988395,1.0308692426852528,1.0,1.0,0.13294419331946938,-0.0006815121695869568,0.028187903093154516,False
1637,2025-07-07 15:52:54,2025-07-07 16:02:54,10.0,1.7666666666666666,1.9333333333333333,100,16,True,eligible,0.027582416072336413,-0.0015129633507854374,0.025952025414242335,-0.04361556114386236,0.05543889736296038,0.02909537942312185,1.1208687744039854,1.0,1.0,0.12152246407793693,-0.001507145438483273,0.025952691497082583,False
1638,2025-07-07 15:53:54,2025-07-07 16:03:54,10.0,1.7833333333333334,1.95,75,16,True,eligible,0.02830407593741981,-0.003329740121610872,0.024651114737233793,-0.043789568344985985,0.050655631791801894,0.03163381605903068,1.282921547414916,1.0,1.0,0.11354358025342451,-0.0033234146234986887,0.02465270820702,False
1639,2025-07-07 15:54:54,2025-07-07 16:04:54,10.0,1.8,1.9666666666666666,66,14,True,eligible,0.026349838005453274,-0.00300475676842081,0.02387597423624054,-0.04173832093672859,0.049436765326687615,0.029354594773874084,1.2291529690233713,1.0,1.0,0.11019176095948972,-0.0029988870234150373,0.023877194920814016,False
1640,2025-07-07 15:55:54,2025-07-07 16:05:54,10.0,1.8166666666666667,1.9833333333333334,63,14,True,eligible,0.030672419656941542,-0.0005566988399700161,0.025036144708185777,-0.04114181069746354,0.05458344573934899,0.031229118496911557,1.2470426134054284,1.0,1.0,0.11814082820809133,-0.0005504542651855906,0.0250375356755962,False
1641,2025-07-07 15:56:54,2025-07-07 16:06:54,10.0,1.8333333333333333,2.0,46,12,True,eligible,0.039528443628825585,-0.0015843093399392498,0.023577936259987938,-0.03844301656938277,0.04982477556480658,0.041112752968764835,1.742991812048546,0.9966006798640272,0.9966006798640272,0.1102187114578838,-0.0015760884335267794,0.023582745356699082,False
1642,2025-07-07 15:57:54,2025-07-07 16:07:54,10.0,1.85,2.0166666666666666,26,9,True,eligible,0.06786305186614577,0.011157179214436565,0.025074528693989153,-0.024181372647990553,0.06634635309019525,0.056705872651709205,2.2601113860563538,0.9314137172565486,0.9314137172565486,0.13008405094837416,0.01116851812118556,0.025084840550219936,False
1643,2025-07-07 15:58:54,2025-07-07 16:08:54,10.0,1.8666666666666667,2.033333333333333,15,6,True,eligible,0.05331235352172707,-0.012869199375366009,0.022803585927645635,-0.04308597047355015,0.036203436166713024,0.06618155289709308,2.899511872244773,0.6250749850029994,0.6250749850029994,0.09532539833641687,-0.012855965711519358,0.022820502949698077,False
1644,2025-07-07 15:59:54,2025-07-07 16:09:54,10.0,1.8833333333333333,2.05,4,3,False,insufficient_merged_records_nodes_or_variation,,,,,,,,,,,,,False
1645,2025-07-07 16:00:54,2025-07-07 16:10:54,10.0,1.9,2.066666666666667,5,4,True,eligible,0.015361904958991543,-0.0040361622139908175,0.029017165768007478,-0.04627541060502653,0.06480695872910786,0.019398067172982363,0.668406468505667,1.0,1.0,0.1335169600391337,-0.004032283376323755,0.02901556051465841,False
1646,2025-07-07 16:01:54,2025-07-07 16:11:54,10.0,1.9166666666666667,2.0833333333333335,8,5,True,eligible,-0.011828582509211606,0.006158716307930844,0.03418633658192953,-0.04576304052743709,0.08590265658328135,-0.01798729881714245,-0.5260874556143081,1.0,1.0,0.16820488037764897,0.0061551195675155004,0.03418386407964752,False
1647,2025-07-07 16:02:54,2025-07-07 16:12:54,10.0,1.9333333333333333,2.1,12,8,True,eligible,0.0022395060981144233,0.01798273764488662,0.032779627114004846,-0.03420315951941488,0.09545667766243941,-0.015743231546772193,-0.48021579467775705,1.0,1.0,0.17336056161824576,0.017979589628180602,0.03277710501094278,False
1648,2025-07-07 16:03:54,2025-07-07 16:13:54,10.0,1.95,2.1166666666666667,16,10,True,eligible,0.013961605584642526,0.02698340472790739,0.03317832277975891,-0.028240520387118564,0.10060090433127333,-0.013021799143264864,-0.3924338473208874,1.0,1.0,0.18425045268783602,0.02698080088884655,0.033175515804982084,False
1649,2025-07-07 16:04:54,2025-07-07 16:14:54,10.0,1.9666666666666666,2.1333333333333333,17,10,True,eligible,0.010537126282445212,0.028663848901934352,0.033088718470794774,-0.02718962548155017,0.10269933626860003,-0.01812672261948914,-0.5477506382600852,1.0,1.0,0.18550743069814046,0.028660224282334376,0.033086402340774416,False
1650,2025-07-07 16:05:54,2025-07-07 16:15:54,10.0,1.9833333333333334,2.15,21,13,True,eligible,0.006048899506938195,0.014657896609565927,0.03330502148676652,-0.042138972195396224,0.08981853301478937,-0.008608997102627733,-0.25846189564455735,1.0,1.0,0.1725250186779191,0.014656175154436428,0.03330191332859043,False
1651,2025-07-07 16:06:54,2025-07-07 16:16:54,10.0,2.0,2.1666666666666665,23,13,True,eligible,0.0136485500305948,0.014615976380462385,0.03329357716627838,-0.04207280519232772,0.0895212731718589,-0.000967426349867585,-0.029054539696409983,1.0,1.0,0.17242933820167802,0.014615782933881728,0.03329025045289018,False
1652,2025-07-07 16:07:54,2025-07-07 16:17:54,10.0,2.0166666666666666,2.183333333333333,23,13,True,eligible,0.0136485500305948,0.014615976380462385,0.03329357716627838,-0.04207280519232772,0.0895212731718589,-0.000967426349867585,-0.029054539696409983,1.0,1.0,0.17242933820167802,0.014615782933881728,0.03329025045289018,False
1653,2025-07-07 16:08:54,2025-07-07 16:18:54,10.0,2.033333333333333,2.2,23,11,True,eligible,0.019116404156222434,-0.0003781064098483894,0.024961133254276277,-0.04275553686715229,0.05219272013093791,0.019494510566070825,0.7808689114215409,1.0,1.0,0.11795026900129091,-0.0003742082873596726,0.02496015932827985,False
1654,2025-07-07 16:09:54,2025-07-07 16:19:54,10.0,2.05,2.216666666666667,43,18,True,eligible,0.0055892102198663385,0.009770985565985837,0.02886592929902489,-0.03890261201712241,0.07221571804550098,-0.004181775346119499,-0.14485411144145022,1.0,1.0,0.14659666344976996,0.00977014937815418,0.028863103136549703,False
1655,2025-07-07 16:10:54,2025-07-07 16:20:54,10.0,2.066666666666667,2.2333333333333334,49,17,True,eligible,0.0088976464504211,0.010722445808899509,0.028081207396800967,-0.036093047205995314,0.0720043200910054,-0.0018247993584784086,-0.06497641451537614,1.0,1.0,0.14382873541452879,0.010722080922005193,0.028078410992535684,False
1656,2025-07-07 16:11:54,2025-07-07 16:21:54,10.0,2.0833333333333335,2.25,50,18,True,eligible,0.012957397892037224,0.012187465741548303,0.028770384035627327,-0.0348996478412022,0.07606864955064371,0.0007699321504889209,0.026758597595718688,1.0,1.0,0.14856096613012748,0.012187619697187273,0.028767508913587966,False
1657,2025-07-07 16:12:54,2025-07-07 16:22:54,10.0,2.1,2.2666666666666666,46,17,True,eligible,0.011037745004998475,0.012401508098186721,0.027227481759190382,-0.03319214434981968,0.0725867393113821,-0.0013637630931882458,-0.05008272283719792,1.0,1.0,0.14146115561046152,0.012401235400107699,0.027224765704961205,False
1658,2025-07-07 16:13:54,2025-07-07 16:23:54,10.0,2.1166666666666667,2.283333333333333,50,17,True,eligible,0.010648727716100353,0.012114598607034718,0.027997443465848888,-0.03396937623293545,0.0757848897954659,-0.0014658708909343655,-0.052352064042379694,1.0,1.0,0.14482389412573665,0.012114305491479642,0.027994651255638835,False
1659,2025-07-07 16:14:54,2025-07-07 16:24:54,10.0,2.1333333333333333,2.3,56,17,True,eligible,0.013876887104152871,0.014700201629983787,0.030488081098267693,-0.034277097205983854,0.08421016960639612,-0.0008233145258309156,-0.02700177031488902,1.0,1.0,0.15921537075354397,0.014700037000004617,0.030485034360797202,False
1660,2025-07-07 16:15:54,2025-07-07 16:25:54,10.0,2.15,2.316666666666667,57,16,True,eligible,0.013374621905207716,0.015301481785707633,0.02716581401260332,-0.029209566655849804,0.07780311482508273,-0.0019268598804999173,-0.07092245760582408,1.0,1.0,0.14406874030816777,0.015301096490790516,0.02716311096112665,False
1661,2025-07-07 16:16:54,2025-07-07 16:26:54,10.0,2.1666666666666665,2.3333333333333335,57,16,True,eligible,0.009472660551999263,0.01505227690194676,0.02739905879711443,-0.029142121616035334,0.07703997577176748,-0.005579616349947497,-0.20362142687069198,1.0,1.0,0.14492487301640145,0.015051161201816798,0.027396432367405583,False
1662,2025-07-07 16:17:54,2025-07-07 16:27:54,10.0,2.183333333333333,2.35,64,16,True,eligible,0.010920283029201068,0.022259851621430623,0.028773195317080606,-0.026037536419197784,0.08478097366134382,-0.011339568592229555,-0.39405630160428734,1.0,1.0,0.15864636475938712,0.02225758416120422,0.028770764699984696,False
1663,2025-07-07 16:18:54,2025-07-07 16:28:54,10.0,2.2,2.3666666666666667,72,19,True,eligible,0.006776185237268354,0.02730945588167776,0.03134205134227596,-0.02414800310837326,0.09415670927359959,-0.020533270644409404,-0.6550412627765947,1.0,1.0,0.175874919385828,0.027305350048715468,0.0313402620232318,False
1664,2025-07-07 16:19:54,2025-07-07 16:29:54,10.0,2.216666666666667,2.3833333333333333,54,15,True,eligible,0.004044723242050945,0.02303386013045869,0.03013956801481182,-0.023844757295280468,0.08693822422575401,-0.018989136888407743,-0.6299521272266391,1.0,1.0,0.16589908432693412,0.0230300630624946,0.0301377501557563,False
1665,2025-07-07 16:20:54,2025-07-07 16:30:54,10.0,2.2333333333333334,2.4,51,15,True,eligible,-6.591775754119797e-05,0.024427238680116408,0.031302980595937606,-0.02396298135720805,0.08980498640410033,-0.024493156437657607,-0.7823283356343552,1.0,1.0,0.17280942041814656,0.024422341028359232,0.031301766369032244,False
1666,2025-07-07 16:21:54,2025-07-07 16:31:54,10.0,2.25,2.4166666666666665,55,15,True,eligible,-0.008096761056060567,0.02515577217470446,0.032650018914277504,-0.02211395394378196,0.09346234014589554,-0.033252533230765026,-1.018246298639765,1.0,1.0,0.17992821236708023,0.025149122997893666,0.032650139851592,False
1667,2025-07-07 16:22:54,2025-07-07 16:32:54,10.0,2.2666666666666666,2.433333333333333,55,15,True,eligible,-0.008096761056060567,0.02515577217470446,0.032650018914277504,-0.02211395394378196,0.09346234014589554,-0.033252533230765026,-1.018246298639765,1.0,1.0,0.17992821236708023,0.025149122997893666,0.032650139851592,False
1668,2025-07-07 16:23:54,2025-07-07 16:33:54,10.0,2.283333333333333,2.45,56,15,True,eligible,-0.009726137736608936,0.024560640354409996,0.03097554898864972,-0.024103906564639545,0.09162303664921465,-0.03428677809101893,-1.1066519247332776,1.0,1.0,0.17139772282554966,0.024553784369988677,0.030976245864172393,False
1669,2025-07-07 16:24:54,2025-07-07 16:34:54,10.0,2.3,2.466666666666667,51,16,True,eligible,-0.013864221142158632,0.024043585124022805,0.0295971192362369,-0.023734873992478776,0.08999475812362831,-0.03790780626618144,-1.2804557139531898,1.0,1.0,0.16435112800641105,0.024036005078778618,0.029599013701088285,False
1670,2025-07-07 16:25:54,2025-07-07 16:35:54,10.0,2.316666666666667,2.4833333333333334,45,15,True,eligible,-0.015191292711415179,0.031226595873875822,0.03426741369429156,-0.02342316873304525,0.10758305592810266,-0.046417888585291,-1.354194246900457,1.0,1.0,0.19367670051128277,0.031217314152503034,0.03427027324192256,False
1671,2025-07-07 16:26:54,2025-07-07 16:36:54,10.0,2.3333333333333335,2.5,43,15,True,eligible,-0.014482367915432696,0.03309353833434643,0.03441059486358688,-0.023232245787074307,0.11048606035043258,-0.04757590624977913,-1.3821923035467318,1.0,1.0,0.19622347380038346,0.03308402505575219,0.034413730165570026,False
1672,2025-07-07 16:27:54,2025-07-07 16:37:54,10.0,2.35,2.5166666666666666,37,13,True,eligible,-0.01316039707114652,0.016954935264374204,0.031826388694985434,-0.03467070691572925,0.08917274032791318,-0.030115332335520724,-0.9460585161514655,1.0,1.0,0.16782140126024156,0.016948913402279518,0.03182605511116766,False
1673,2025-07-07 16:28:54,2025-07-07 16:38:54,10.0,2.3666666666666667,2.533333333333333,27,9,True,eligible,-0.006910481701721206,0.014287278509660708,0.03201803325412873,-0.03710786568964271,0.08650543897068827,-0.021197760211381915,-0.6619617146384181,1.0,1.0,0.1660570796232763,0.014283039805359292,0.0320162345320182,False
1674,2025-07-07 16:29:54,2025-07-07 16:39:54,10.0,2.3833333333333333,2.55,37,8,True,eligible,-0.007186225265734441,0.01961090814377843,0.03494368170466761,-0.0353431065219943,0.09849740502367145,-0.02679713340951287,-0.7667445937821882,1.0,1.0,0.18525042613419032,0.019605549788767527,0.03494224187789031,False
1675,2025-07-07 16:30:54,2025-07-07 16:40:54,10.0,2.4,2.566666666666667,39,9,True,eligible,-0.008918083451490023,0.01775229325982466,0.03180248796062312,-0.03136679996116205,0.08857335868384765,-0.026670376711314683,-0.8384826783727108,1.0,1.0,0.16850325186821485,0.017746960251084146,0.031801543896320526,False
1676,2025-07-07 16:31:54,2025-07-07 16:41:54,10.0,2.4166666666666665,2.5833333333333335,33,9,True,eligible,-0.007037142907893064,0.014158064825071176,0.03046748697805461,-0.03297244528859114,0.08073971947017598,-0.02119520773296424,-0.6955632212233064,1.0,1.0,0.15857852143933243,0.014153826631163366,0.03046591437337253,False
1677,2025-07-07 16:32:54,2025-07-07 16:42:54,10.0,2.433333333333333,2.6,36,10,True,eligible,-0.009446792405222764,0.016111243045479957,0.03100014597295,-0.03124291932126586,0.08526979120670966,-0.02555803545070272,-0.8243104304774125,1.0,1.0,0.16305866130915447,0.01610613246050681,0.030999152650452562,False
1678,2025-07-07 16:33:54,2025-07-07 16:43:54,10.0,2.45,2.6166666666666667,37,12,True,eligible,-0.01859974981144332,0.014916874387311983,0.028415567798569186,-0.028633116647868443,0.07482811526736062,-0.033516624198755306,-1.1792342970718501,1.0,1.0,0.1496203967048271,0.014910172402869121,0.028416678769876972,False
1679,2025-07-07 16:34:54,2025-07-07 16:44:54,10.0,2.466666666666667,2.6333333333333333,57,22,True,eligible,-0.030936934177115877,-0.0031172480526147975,0.026598228026388965,-0.046199826600349984,0.05234075565056311,-0.02781968612450108,-1.045703591970704,1.0,1.0,0.12296816823227803,-0.003122810877274766,0.026598477344257167,False
1680,2025-07-07 16:35:54,2025-07-07 16:45:54,10.0,2.4833333333333334,2.65,64,22,True,eligible,-0.027698627701434837,-0.0019318454678586598,0.025682745784644558,-0.04315827519896683,0.052054353878041915,-0.025766782233576178,-1.0030708459149242,1.0,1.0,0.11981300232194335,-0.0019369977938401791,0.025682762102508198,False
1681,2025-07-07 16:36:54,2025-07-07 16:46:54,10.0,2.5,2.6666666666666665,69,23,True,eligible,-0.021647169725813226,-0.0019707107659086526,0.023040745711915726,-0.0394772677353114,0.04586839050960306,-0.019676458959904573,-0.853837699636828,1.0,1.0,0.10724782855682981,-0.0019746452707996554,0.023040121633632598,False
1682,2025-07-07 16:37:54,2025-07-07 16:47:54,10.0,2.5166666666666666,2.683333333333333,93,30,True,eligible,-0.02904993075942701,0.00030067851598743255,0.024812986173167455,-0.0433126974205012,0.05299164158376187,-0.02935060927541444,-1.182589213801965,1.0,1.0,0.11792629969006305,0.00029480956792196243,0.024813975964660718,False
1683,2025-07-07 16:38:54,2025-07-07 16:48:54,10.0,2.533333333333333,2.7,101,30,True,eligible,-0.027614099363413865,0.0027044205019672164,0.024739669858876292,-0.04101051374398092,0.055995943764559304,-0.03031851986538108,-1.2251957008203196,1.0,1.0,0.11998347958686596,0.0026983580104924347,0.024740910659097844,False
1684,2025-07-07 16:39:54,2025-07-07 16:49:54,10.0,2.55,2.716666666666667,89,29,True,eligible,-0.02484294890499297,-0.0011266505225723733,0.02461632020627522,-0.04262263326012204,0.05476214702689695,-0.023716298382420595,-0.963252286820642,1.0,1.0,0.1155622636118953,-0.0011313928337866148,0.024616143035040058,False
1685,2025-07-07 16:40:54,2025-07-07 16:50:54,10.0,2.566666666666667,2.7333333333333334,86,28,True,eligible,-0.023994214279378992,-0.0014156581876312415,0.025469752948318165,-0.044512220237438366,0.05633626873075234,-0.02257855609174775,-0.8863268171296143,1.0,1.0,0.1193174625320956,-0.00142017299588794,0.025469207122263887,False
1686,2025-07-07 16:41:54,2025-07-07 16:51:54,10.0,2.5833333333333335,2.75,84,28,True,eligible,-0.02297889801594198,-0.0019684936815626396,0.025678475151876875,-0.04494715005433143,0.05702436948609071,-0.02101040433437934,-0.8180741888164226,1.0,1.0,0.11975295751808855,-0.0019726949221813904,0.02567762604043534,False
1687,2025-07-07 16:42:54,2025-07-07 16:52:54,10.0,2.6,2.7666666666666666,82,29,True,eligible,-0.02345117752966594,-0.002288713497616086,0.025267979525084625,-0.04381940057607902,0.05626464422611739,-0.021162464032049855,-0.8373785639150034,1.0,1.0,0.1174871861929164,-0.0022929451440932003,0.02526722476230042,False
1688,2025-07-07 16:43:54,2025-07-07 16:53:54,10.0,2.6166666666666667,2.783333333333333,73,27,True,eligible,-0.02609454570157009,-0.0020918571832880106,0.026614947606813343,-0.046391624362144473,0.06009442702833612,-0.024002688518282078,-0.9016864379588326,1.0,1.0,0.12407004295346526,-0.0020966567610761094,0.026614450356843036,False
1689,2025-07-07 16:44:54,2025-07-07 16:54:54,10.0,2.6333333333333333,2.8,57,23,True,eligible,-0.018128631968827517,0.015394410574099394,0.02641522961743066,-0.029487135182031766,0.07583895864511501,-0.033523042542926915,-1.2687489239702348,1.0,1.0,0.14061763574544922,0.015387707306244378,0.026416841537245078,False
1690,2025-07-07 16:45:54,2025-07-07 16:55:54,10.0,2.65,2.816666666666667,50,23,True,eligible,-0.015836193163958602,0.016251962532603442,0.028875443659687073,-0.03079636103202052,0.08453864824197649,-0.032088155696562044,-1.1110127671754237,1.0,1.0,0.1531337729489652,0.016245546184733707,0.02887612122609096,False
1691,2025-07-07 16:46:54,2025-07-07 16:56:54,10.0,2.6666666666666665,2.8333333333333335,53,24,True,eligible,-0.021025741560415315,0.012230430920488509,0.030063683291266814,-0.03798700202177743,0.08145217164877364,-0.033256172480903824,-1.1059449848382952,1.0,1.0,0.15474486981895186,0.012223781015973233,0.030064354947321455,False
1692,2025-07-07 16:47:54,2025-07-07 16:57:54,10.0,2.683333333333333,2.85,42,16,True,eligible,-0.010419048765320982,0.015060496278911205,0.022228128736228488,-0.024236223947362214,0.06024372630438821,-0.025479545044232187,-1.1460096980320558,1.0,1.0,0.12043190082437714,0.015055401388880363,0.022228825984584977,False
1693,2025-07-07 16:48:54,2025-07-07 16:58:54,10.0,2.7,2.8666666666666667,36,13,True,eligible,-0.007636569373881772,0.010845687879997965,0.024660749576932064,-0.031642006013904274,0.06355850060167953,-0.01848225725387974,-0.7493434729834838,1.0,1.0,0.12774198194829797,0.01084199216768965,0.024659668373435886,False
1694,2025-07-07 16:49:54,2025-07-07 16:59:54,10.0,2.716666666666667,2.8833333333333333,39,13,True,eligible,-0.00801568014800056,0.009623572353752862,0.02422153560291706,-0.030803673878083658,0.061210449651884824,-0.017639252501753425,-0.728135249764637,1.0,1.0,0.12443765772599388,0.009620045208681528,0.02422039773844581,False
1695,2025-07-07 16:50:54,2025-07-07 17:00:54,10.0,2.7333333333333334,2.9,38,14,True,eligible,-0.01055450899516957,0.008508029953328305,0.025227950871261597,-0.03306665294587404,0.06268658701607172,-0.019062538948497874,-0.7554931942991981,1.0,1.0,0.12809303767703065,0.008504218207887694,0.025226868152976943,False
1696,2025-07-07 16:51:54,2025-07-07 17:01:54,10.0,2.75,2.9166666666666665,71,30,True,eligible,-0.00582748664081379,0.00010518263408240267,0.02397138225655199,-0.04480190277686829,0.04838112036581762,-0.005932669274896192,-0.24746340523011953,1.0,1.0,0.11373047424853672,0.0001039963374867424,0.023969131810761136,False
1697,2025-07-07 16:52:54,2025-07-07 17:02:54,10.0,2.7666666666666666,2.933333333333333,82,32,True,eligible,-0.003935412137722955,0.0012762302959256546,0.025044490022487258,-0.045521820301222544,0.05412569943648153,-0.005211642433648609,-0.2080736673488129,1.0,1.0,0.11998807901373552,0.0012751881758629373,0.025042093889040204,False
1698,2025-07-07 16:53:54,2025-07-07 17:03:54,10.0,2.783333333333333,2.95,86,32,True,eligible,0.0022153879387303956,0.004029480901195867,0.025128780156227208,-0.042709310231287254,0.056230169013505304,-0.0018140929624654717,-0.07218458914552746,1.0,1.0,0.12314109726526917,0.0040291181551525826,0.025126280247514093,False
1699,2025-07-07 16:54:54,2025-07-07 17:04:54,10.0,2.8,2.966666666666667,80,31,True,eligible,0.002238883481886682,0.0003746259872051093,0.025455746791813026,-0.04596250831887664,0.05416309227508258,0.0018642574946815729,0.07322787069037268,1.0,1.0,0.12103682187120061,0.00037499876414865703,0.025453214741406806,False
1700,2025-07-07 16:55:54,2025-07-07 17:05:54,10.0,2.816666666666667,2.9833333333333334,96,36,True,eligible,0.005786011545173548,0.02135781178681666,0.02865627247070108,-0.030581286078669643,0.0818566250503413,-0.015571800241643112,-0.5433289999669387,1.0,1.0,0.1571911499308631,0.021354698049515793,0.028654252773714618,False
1701,2025-07-07 16:56:54,2025-07-07 17:06:54,10.0,2.8333333333333335,3.0,98,36,True,eligible,0.009133545649651747,0.02287517443790421,0.03006064603758963,-0.030575521834727493,0.08782122703056269,-0.013741628788252464,-0.4570749401293744,1.0,1.0,0.16536465972834885,0.022872426661701806,0.030058267924645547,False
1702,2025-07-07 16:57:54,2025-07-07 17:07:54,10.0,2.85,3.0166666666666666,84,35,True,eligible,0.03133148547377096,0.012789138692126334,0.027989387815355246,-0.03593419566779581,0.07329842931937205,0.018542346781644625,0.6623824598278268,1.0,1.0,0.14547003692145136,0.012792846419937103,0.02798781697609053,False
1703,2025-07-07 16:58:54,2025-07-07 17:08:54,10.0,2.8666666666666667,3.033333333333333,81,33,True,eligible,0.03020627298442171,0.0086510042636302,0.028040733471355328,-0.04023751755842291,0.06905868486158606,0.021555268720791512,0.7685904674387675,1.0,1.0,0.1415779178754935,0.00865531445533602,0.02803958602414312,False
1704,2025-07-07 16:59:54,2025-07-07 17:09:54,10.0,2.8833333333333333,3.05,80,32,True,eligible,0.03009118723739329,0.007203462349949696,0.027407883113094448,-0.03967696755850108,0.06729161281790774,0.022887724887443596,0.83493646917951,1.0,1.0,0.1371320993704488,0.007208038979601255,0.02740705323397749,False
1705,2025-07-07 17:00:54,2025-07-07 17:10:54,10.0,2.9,3.066666666666667,106,42,True,eligible,0.010718065810921783,0.0033632970159897502,0.025544024176804927,-0.04234634748442945,0.0593333479900878,0.007354768794932033,0.28789405144885327,1.0,1.0,0.12444596990015655,0.0033647676756168123,0.02554168138695059,False
1706,2025-07-07 17:01:54,2025-07-07 17:11:54,10.0,2.9166666666666665,3.0833333333333335,74,32,True,eligible,0.025342427554276126,-0.001987347278631637,0.02680380308816512,-0.049902841471133524,0.0549891834084932,0.02732977483290776,1.0194151240558114,1.0,1.0,0.12508295123594182,-0.0019818824166374545,0.026803908757211666,False
1707,2025-07-07 17:02:54,2025-07-07 17:12:54,10.0,2.933333333333333,3.1,72,33,True,eligible,0.017296594947835163,-0.0011016318263461027,0.0282703637452159,-0.05364772423281229,0.05945924255741967,0.018398226774181264,0.6507029290285432,1.0,1.0,0.13291093312651203,-0.0010979529167731814,0.028268733770831795,False
1708,2025-07-07 17:03:54,2025-07-07 17:13:54,10.0,2.95,3.1166666666666667,68,31,True,eligible,0.028518582789810062,-0.0027427351259383514,0.028530594730838747,-0.055182060973390706,0.05817644867882529,0.03126131791574841,1.0954710561273058,1.0,1.0,0.1325164722882467,-0.0027364841125578775,0.028531166321144462,False
1709,2025-07-07 17:04:54,2025-07-07 17:14:54,10.0,2.966666666666667,3.1333333333333333,68,31,True,eligible,0.028518582789810062,-0.0027427351259383514,0.028530594730838747,-0.055182060973390706,0.05817644867882529,0.03126131791574841,1.0954710561273058,1.0,1.0,0.1325164722882467,-0.0027364841125578775,0.028531166321144462,False
1710,2025-07-07 17:05:54,2025-07-07 17:15:54,10.0,2.9833333333333334,3.15,53,26,True,eligible,0.034185026709543494,0.0006094208236990691,0.027593069663424005,-0.04909116680397985,0.05900007972998068,0.03357560588584443,1.2165112541745764,1.0,1.0,0.1314282951017256,0.0006161346021205536,0.02759439503105954,False
1711,2025-07-07 17:06:54,2025-07-07 17:16:54,10.0,3.0,3.1666666666666665,45,19,True,eligible,0.06188434548995139,-0.0065724997775563,0.02782811963306717,-0.055332088117922215,0.05411014283167036,0.0684568452675077,2.458255090063809,0.8590281943611278,0.8590281943611278,0.1254279359455811,-0.006558811146229066,0.02784217020960338,False
1712,2025-07-07 17:07:54,2025-07-07 17:17:54,10.0,3.0166666666666666,3.183333333333333,45,19,True,eligible,0.06188434548995139,-0.0065724997775563,0.02782811963306717,-0.055332088117922215,0.05411014283167036,0.0684568452675077,2.458255090063809,0.8590281943611278,0.8590281943611278,0.1254279359455811,-0.006558811146229066,0.02784217020960338,False
1713,2025-07-07 17:08:54,2025-07-07 17:18:54,10.0,3.033333333333333,3.2,47,19,True,eligible,0.05475973204636052,-0.009066823168689857,0.027895318003681085,-0.05828848659517674,0.05087951449669811,0.06382655521505037,2.286648581303178,0.9256148770245951,0.9256148770245951,0.12324061673208539,-0.009054060410198544,0.02790712704100387,False
1714,2025-07-07 17:09:54,2025-07-07 17:19:54,10.0,3.05,3.216666666666667,47,18,True,eligible,0.04243973410334172,-0.010219328897759332,0.0279310036471756,-0.05980273238092696,0.05051338028482966,0.05265906300110105,1.884468385454999,0.9914017196560688,0.9914017196560688,0.12223287509046922,-0.010208799191100447,0.02793813560407931,False
1715,2025-07-07 17:10:54,2025-07-07 17:20:54,10.0,3.066666666666667,3.2333333333333334,21,8,True,eligible,-0.005341087697213899,0.023393589991526163,0.034637797520350316,-0.030643567663739706,0.10414136477273117,-0.02873467768874006,-0.8294357660139469,1.0,1.0,0.18758436959055497,0.02338784420514569,0.03463671700633719,False
1716,2025-07-07 17:11:54,2025-07-07 17:21:54,10.0,3.0833333333333335,3.25,31,18,True,eligible,-0.014941062288703615,0.005213862898194413,0.029134656661163563,-0.04554585776046635,0.07011058878210896,-0.02015492518689803,-0.6916829757725271,1.0,1.0,0.1433164522120011,0.005209832719192832,0.029133137165028977,False
1717,2025-07-07 17:12:54,2025-07-07 17:22:54,10.0,3.1,3.2666666666666666,22,13,True,eligible,-0.011647008247710186,-0.012228732323793103,0.023555766331195507,-0.05353751896802576,0.037982883937036124,0.0005817240760829165,0.02469314223874227,1.0,1.0,0.09942712846937564,-0.012228616002242195,0.023553412073231278,False
1718,2025-07-07 17:13:54,2025-07-07 17:23:54,10.0,3.1166666666666667,3.283333333333333,24,15,True,eligible,-0.025036917707075904,-0.006929825032443186,0.02485049897230481,-0.050409450933012495,0.045285720678390186,-0.018107092674632716,-0.7285294936804205,1.0,1.0,0.11086565555841194,-0.006933445726839235,0.024849332988264722,False
1719,2025-07-07 17:14:54,2025-07-07 17:24:54,10.0,3.1333333333333333,3.3,28,17,True,eligible,-0.015918345761277646,-0.0020924850600242397,0.022612296641893213,-0.0425815749114179,0.045163678671532044,-0.013825860701253405,-0.6113470923193919,1.0,1.0,0.1050923923350013,-0.0020952496792406472,0.022610880554929123,False
1720,2025-07-07 17:15:54,2025-07-07 17:25:54,10.0,3.15,3.316666666666667,34,18,True,eligible,-0.018584750956212502,0.002615322628883713,0.02187579945856893,-0.03710291417292008,0.04838677093478885,-0.021200073585096214,-0.968922931464408,1.0,1.0,0.10631341602713967,0.0026110834620000707,0.021875665989427737,False
1721,2025-07-07 17:16:54,2025-07-07 17:26:54,10.0,3.1666666666666665,3.3333333333333335,38,18,True,eligible,-0.013231834723818114,-0.004843684856579803,0.013817803242217166,-0.030612158866326976,0.02297144685994238,-0.008388149867238312,-0.6069707413999966,1.0,1.0,0.060654263158966666,-0.004845362151094347,0.013816930538332228,False
1722,2025-07-07 17:17:54,2025-07-07 17:27:54,10.0,3.183333333333333,3.35,42,18,True,eligible,-0.011326590873580043,-0.006076740102805357,0.011745538973816864,-0.028085681674334704,0.01762944013220093,-0.005249850770774686,-0.4469118968647106,1.0,1.0,0.049597877814408206,-0.006077789863007471,0.011744598985606085,False
1723,2025-07-07 17:18:54,2025-07-07 17:28:54,10.0,3.2,3.3666666666666667,40,17,True,eligible,-0.011282540376394095,-0.007095048862308065,0.011940835179971777,-0.02975956300439391,0.01704526262455664,-0.0041874915140860305,-0.35064728356301766,1.0,1.0,0.049505080979401386,-0.007095886193144714,0.011939787870898945,False
1724,2025-07-07 17:19:54,2025-07-07 17:29:54,10.0,3.216666666666667,3.3833333333333333,39,17,True,eligible,-0.011719117940973325,-0.006872411175480882,0.012414314624195712,-0.030411895618826693,0.018339855442888884,-0.004846706765492443,-0.39036777668925104,1.0,1.0,0.05197210850391263,-0.0068733803230044774,0.012413262331911826,False
1725,2025-07-07 17:20:54,2025-07-07 17:30:54,10.0,3.2333333333333334,3.4,39,17,True,eligible,-0.013333191309478078,-0.005395353763878024,0.014668915225135373,-0.03191503934783401,0.025255689386891562,-0.007937837545600054,-0.541063296868739,1.0,1.0,0.06413662827647647,-0.005396941013937132,0.014667877753804218,False
1726,2025-07-07 17:21:54,2025-07-07 17:31:54,10.0,3.25,3.4166666666666665,31,8,True,eligible,0.0013994801236984734,0.005615404617893112,0.019060885167363907,-0.026107692363744096,0.0459998901574768,-0.004215924494194639,-0.22115879664341698,1.0,1.0,0.09596473640178158,0.005614561601597531,0.019059072222640094,False
1727,2025-07-07 17:22:54,2025-07-07 17:32:54,10.0,3.2666666666666666,3.433333333333333,30,7,True,eligible,0.0022143348591003296,0.006762753990477867,0.019102051387755642,-0.02488970212683169,0.04743300380441856,-0.004548419131377537,-0.23808640082117882,1.0,1.0,0.09730722098787879,0.006761844488551978,0.01910024937907805,False
1728,2025-07-07 17:23:54,2025-07-07 17:33:54,10.0,3.283333333333333,3.45,52,10,True,eligible,0.054603130017676374,0.030560350948741512,0.03543359063729306,-0.0257285548954981,0.10973670741802433,0.02404277906893486,0.6784316364260152,1.0,1.0,0.19853022464781472,0.030565158543036448,0.03543167827678586,False
1729,2025-07-07 17:24:54,2025-07-07 17:34:54,10.0,3.3,3.466666666666667,51,13,True,eligible,0.050430541558202625,0.03368607200866398,0.035913149543326826,-0.024135751704947857,0.1140241365346328,0.01674446954953865,0.46619224280892585,1.0,1.0,0.20392359208551417,0.033689420232929035,0.035910338671454746,False
1730,2025-07-07 17:25:54,2025-07-07 17:35:54,10.0,3.316666666666667,3.4833333333333334,48,14,True,eligible,0.056867071378573025,0.025149436937397986,0.037238450980697516,-0.03351235626655215,0.10793384065594244,0.031717634441175035,0.8515972716207295,1.0,1.0,0.20168106331081453,0.025155779195834536,0.03723742811245355,False
1731,2025-07-07 17:26:54,2025-07-07 17:36:54,10.0,3.3333333333333335,3.5,44,15,True,eligible,0.053147816108441145,0.026532288890482467,0.03752761032655487,-0.03539267015706841,0.11004296062540278,0.02661552721795868,0.7091186419223461,1.0,1.0,0.20442966994431866,0.02653761093151785,0.037525744781981514,False
1732,2025-07-07 17:27:54,2025-07-07 17:37:54,10.0,3.35,3.5166666666666666,44,17,True,eligible,0.04127348239048571,0.022521840060348144,0.030906250072266894,-0.029927481162207867,0.0895470937781276,0.01875164233013757,0.6066435625594339,1.0,1.0,0.1690284514603087,0.02252558963889846,0.030904296869960587,False
1733,2025-07-07 17:28:54,2025-07-07 17:38:54,10.0,3.3666666666666667,3.533333333333333,52,17,True,eligible,0.030514774960517365,0.013334753530603467,0.026209307365155542,-0.03172845963609924,0.07140625767016494,0.0171800214299139,0.6553994630548903,1.0,1.0,0.1375772071613827,0.013338188847826006,0.02620781230523041,False
1734,2025-07-07 17:29:54,2025-07-07 17:39:54,10.0,3.3833333333333333,3.55,56,19,True,eligible,0.031061442020989365,0.009011269457422531,0.024394633790298242,-0.03254055830770313,0.06229544760876189,0.022050172563566832,0.90373019549598,1.0,1.0,0.12465714511236933,0.009015678610104709,0.024394187027009347,False
1735,2025-07-07 17:30:54,2025-07-07 17:40:54,10.0,3.4,3.566666666666667,58,22,True,eligible,0.019728609408201522,0.00011787913499633811,0.02249003574158318,-0.038613365963164184,0.04956829657852131,0.019610730273205184,0.8718207187644632,1.0,1.0,0.10673401680444426,0.00012180049677862267,0.022489496394636616,False
1736,2025-07-07 17:31:54,2025-07-07 17:41:54,10.0,3.4166666666666665,3.5833333333333335,57,22,True,eligible,0.01378991978150775,-0.004875871593647915,0.02074848475629367,-0.04145729167573531,0.0391424312021518,0.018665791375155664,0.8994591818975602,1.0,1.0,0.09348487560263478,-0.004872139181855241,0.02074808878374252,False
1737,2025-07-07 17:32:54,2025-07-07 17:42:54,10.0,3.433333333333333,3.6,62,22,True,eligible,0.013570101243832308,-0.009186914188576754,0.021685857729691824,-0.04707916919510195,0.03747128380885818,0.022757015432409062,1.0491738628914078,1.0,1.0,0.09362121479598061,-0.009182363695588868,0.021686076773508145,False
1738,2025-07-07 17:33:54,2025-07-07 17:43:54,10.0,3.45,3.6166666666666667,39,16,True,eligible,-0.00632120348456187,-0.0229725568102718,0.019384992255580213,-0.05956823098594098,0.01729591397782163,0.01665135332570993,0.8588324510521269,1.0,1.0,0.06892357208060407,-0.02296922720552761,0.01938448378443409,False
1739,2025-07-07 17:34:54,2025-07-07 17:44:54,10.0,3.466666666666667,3.6333333333333333,42,17,True,eligible,-0.0039287958115181,-0.02288524732984283,0.01950544687753196,-0.05928376963350892,0.01624586387434572,0.01895645151832473,0.9716653327612217,1.0,1.0,0.0695842571828634,-0.02288145679764561,0.01950533825496166,False
1740,2025-07-07 17:35:54,2025-07-07 17:45:54,10.0,3.4833333333333334,3.65,40,19,True,eligible,-0.010804378867205715,-0.02256437886720569,0.020633405614678225,-0.06161351737267859,0.019516599238457878,0.011759999999999974,0.5698740514854567,1.0,1.0,0.07524472321474109,-0.022562027337511625,0.020632012353708595,False
1741,2025-07-07 17:36:54,2025-07-07 17:46:54,10.0,3.5,3.6666666666666665,42,20,True,eligible,-0.021606076248064904,-0.02114979721259541,0.021558431376130106,-0.06024998156478159,0.024703192979868362,-0.00045627903546949233,-0.02116264375347677,1.0,1.0,0.08103836694855264,-0.021149888450154992,0.021556276390796675,False
1742,2025-07-07 17:37:54,2025-07-07 17:47:54,10.0,3.5166666666666666,3.683333333333333,40,20,True,eligible,-0.024807811576017587,-0.019079408074077556,0.02333789264896206,-0.06105822624147145,0.03112767369073883,-0.005728403501940031,-0.24542902992080132,1.0,1.0,0.09154311636647396,-0.019080553525687622,0.023335699335071004,False
1743,2025-07-07 17:38:54,2025-07-07 17:48:54,10.0,3.533333333333333,3.7,33,19,True,eligible,-0.01908535492304203,-0.0013668837163016965,0.025770705983892535,-0.045917385044181615,0.055389761134824016,-0.017718471206740333,-0.6874418789380305,1.0,1.0,0.12079003135444402,-0.0013704267019459158,0.02576934685512959,False
1744,2025-07-07 17:39:54,2025-07-07 17:49:54,10.0,3.55,3.716666666666667,38,19,True,eligible,-0.019465119569831307,-0.004734443846988094,0.023966935023163792,-0.04577331257959466,0.04871496627517609,-0.014730675722843213,-0.6145402727577866,1.0,1.0,0.10887160389131129,-0.004737389393023456,0.023965443486260507,False
1745,2025-07-07 17:40:54,2025-07-07 17:50:54,10.0,3.566666666666667,3.7333333333333334,47,20,True,eligible,-0.018019871483490376,0.012152513180135991,0.02763580704438672,-0.02961137687857204,0.07598819607701181,-0.030172384663626366,-1.0915466625333794,1.0,1.0,0.143157467625362,0.012146479909857323,0.02763633697833345,False
1746,2025-07-07 17:41:54,2025-07-07 17:51:54,10.0,3.5833333333333335,3.75,55,22,True,eligible,-0.01693410370827846,0.00870006072291027,0.026908836828467068,-0.026351109448231883,0.06912489380897821,-0.02563416443118873,-0.9524483095992412,1.0,1.0,0.13625600140730443,0.008694934915185581,0.026908587442659112,False
1747,2025-07-07 17:42:54,2025-07-07 17:52:54,10.0,3.6,3.7666666666666666,50,21,True,eligible,-0.015111645110702,0.007530790299990369,0.026577521071617042,-0.02227132224275201,0.06634594092396552,-0.022642435410692368,-0.8517923418164437,1.0,1.0,0.13351444135178522,0.007526262718424545,0.02657679192190352,False
1748,2025-07-07 17:43:54,2025-07-07 17:53:54,10.0,3.6166666666666667,3.783333333333333,48,21,True,eligible,-0.014719181342218095,0.007649067110899725,0.025284868639103394,-0.021799143265111606,0.06391628986197133,-0.02236824845311782,-0.8844919291692727,1.0,1.0,0.12750575940192665,0.007644594355760131,0.02528431855673641,False
1749,2025-07-07 17:44:54,2025-07-07 17:54:54,10.0,3.6333333333333333,3.8,42,17,True,eligible,-0.00820730606929984,0.00718698285596989,0.02642699675441894,-0.02121796638192287,0.06486797529703567,-0.01539428892526973,-0.58244332039899,1.0,1.0,0.13245369634644327,0.007183904613833266,0.026425250567883057,False
1750,2025-07-07 17:45:54,2025-07-07 17:55:54,10.0,3.65,3.816666666666667,40,17,True,eligible,-0.006636385700912068,0.009258373842793046,0.027319468470689574,-0.01974394091744434,0.06884886099649802,-0.015894759543705114,-0.5817328649207555,1.0,1.0,0.13875548926929693,0.00925519552654755,0.027317661053281542,False
1751,2025-07-07 17:46:54,2025-07-07 17:56:54,10.0,3.6666666666666665,3.8333333333333335,36,15,True,eligible,-0.006434249657933298,0.008802451573507333,0.026073998883532908,-0.019257516990264477,0.06575797496409666,-0.01523670123144063,-0.5842854384069002,1.0,1.0,0.13239593540279895,0.008799404842607224,0.026072281626727287,False
1752,2025-07-07 17:47:54,2025-07-07 17:57:54,10.0,3.683333333333333,3.85,34,14,True,eligible,-0.004395665929389251,0.009562409477569402,0.026661601654512163,-0.018129153218838075,0.06806475811286555,-0.013958075406958653,-0.5234605842006914,1.0,1.0,0.13594066451773212,0.009559618420699384,0.026659666021268697,False
1753,2025-07-07 17:48:54,2025-07-07 17:58:54,10.0,3.7,3.8666666666666667,33,14,True,eligible,-0.003847483851457781,0.01053216479578197,0.027622435116651963,-0.018414319179312702,0.07122121926782332,-0.014379648647239751,-0.5205124562040934,1.0,1.0,0.14146482798527227,0.010529289441123453,0.027620421223779685,False
1754,2025-07-07 17:49:54,2025-07-07 17:59:54,10.0,3.716666666666667,3.8833333333333333,23,11,True,eligible,0.000267007545003507,0.015230020820369691,0.025905255001315165,-0.011900335838747448,0.07440256575983739,-0.014963013275366184,-0.5775283186322487,1.0,1.0,0.1380235795673972,0.015227028816115469,0.02590352851708042,False
1755,2025-07-07 17:50:54,2025-07-07 18:00:54,10.0,3.7333333333333334,3.9,10,5,True,eligible,-0.007559348777164231,-0.0014984054125129025,0.013634892505197149,-0.018336560759281906,0.03441822658920863,-0.006060943364651328,-0.4444639174179955,1.0,1.0,0.063131863575485,-0.0014996173587965764,0.013633798337489763,False
1756,2025-07-07 17:51:54,2025-07-07 18:01:54,10.0,3.75,3.9166666666666665,0,0,False,insufficient_merged_records_nodes_or_variation,,,,,,,,,,,,,False
1757,2025-07-07 17:52:54,2025-07-07 18:02:54,10.0,3.7666666666666666,3.933333333333333,0,0,False,insufficient_merged_records_nodes_or_variation,,,,,,,,,,,,,False
1758,2025-07-07 17:53:54,2025-07-07 18:03:54,10.0,3.783333333333333,3.95,0,0,False,insufficient_merged_records_nodes_or_variation,,,,,,,,,,,,,False
1759,2025-07-07 17:54:54,2025-07-07 18:04:54,10.0,3.8,3.966666666666667,0,0,False,insufficient_merged_records_nodes_or_variation,,,,,,,,,,,,,False
1760,2025-07-07 17:55:54,2025-07-07 18:05:54,10.0,3.816666666666667,3.9833333333333334,0,0,False,insufficient_merged_records_nodes_or_variation,,,,,,,,,,,,,False
1761,2025-07-07 17:56:54,2025-07-07 18:06:54,10.0,3.8333333333333335,4.0,0,0,False,insufficient_merged_records_nodes_or_variation,,,,,,,,,,,,,False
1762,2025-07-07 17:57:54,2025-07-07 18:07:54,10.0,3.85,4.016666666666667,0,0,False,insufficient_merged_records_nodes_or_variation,,,,,,,,,,,,,False
1763,2025-07-07 17:58:54,2025-07-07 18:08:54,10.0,3.8666666666666667,4.033333333333333,0,0,False,insufficient_merged_records_nodes_or_variation,,,,,,,,,,,,,False
1764,2025-07-07 17:59:54,2025-07-07 18:09:54,10.0,3.8833333333333333,4.05,45,19,True,eligible,0.0035168713007854343,0.007501432602002355,0.03084280396298042,-0.04306918181524771,0.07720745407018265,-0.0039845613012169205,-0.129176203947123,1.0,1.0,0.15369761060465587,0.007500635849092692,0.030839770999447947,False
1765,2025-07-07 18:00:54,2025-07-07 18:10:54,10.0,3.9,4.066666666666666,45,19,True,eligible,0.0035168713007854343,0.007501432602002355,0.03084280396298042,-0.04306918181524771,0.07720745407018265,-0.0039845613012169205,-0.129176203947123,1.0,1.0,0.15369761060465587,0.007500635849092692,0.030839770999447947,False
1766,2025-07-07 18:01:54,2025-07-07 18:11:54,10.0,3.9166666666666665,4.083333333333333,46,20,True,eligible,-0.0003026945609122215,0.00526378078541229,0.030819868299637135,-0.0454192464498569,0.07457930525080872,-0.005566475346324511,-0.1805945659114911,1.0,1.0,0.15135115861043713,0.005262667712957516,0.0308168866863763,False
1767,2025-07-07 18:02:54,2025-07-07 18:12:54,10.0,3.933333333333333,4.1,46,20,True,eligible,-0.0003026945609122215,0.00526378078541229,0.030819868299637135,-0.0454192464498569,0.07457930525080872,-0.005566475346324511,-0.1805945659114911,1.0,1.0,0.15135115861043713,0.005262667712957516,0.0308168866863763,False
1768,2025-07-07 18:03:54,2025-07-07 18:13:54,10.0,3.95,4.116666666666666,46,20,True,eligible,-0.0003026945609122215,0.00526378078541229,0.030819868299637135,-0.0454192464498569,0.07457930525080872,-0.005566475346324511,-0.1805945659114911,1.0,1.0,0.15135115861043713,0.005262667712957516,0.0308168866863763,False
1769,2025-07-07 18:04:54,2025-07-07 18:14:54,10.0,3.966666666666667,4.133333333333334,46,20,True,eligible,-0.0003026945609122215,0.00526378078541229,0.030819868299637135,-0.0454192464498569,0.07457930525080872,-0.005566475346324511,-0.1805945659114911,1.0,1.0,0.15135115861043713,0.005262667712957516,0.0308168866863763,False
1770,2025-07-07 18:05:54,2025-07-07 18:15:54,10.0,3.9833333333333334,4.15,46,20,True,eligible,-0.0003026945609122215,0.00526378078541229,0.030819868299637135,-0.0454192464498569,0.07457930525080872,-0.005566475346324511,-0.1805945659114911,1.0,1.0,0.15135115861043713,0.005262667712957516,0.0308168866863763,False
1771,2025-07-07 18:06:54,2025-07-07 18:16:54,10.0,4.0,4.166666666666667,46,20,True,eligible,-0.0003026945609122215,0.00526378078541229,0.030819868299637135,-0.0454192464498569,0.07457930525080872,-0.005566475346324511,-0.1805945659114911,1.0,1.0,0.15135115861043713,0.005262667712957516,0.0308168866863763,False
1772,2025-07-07 18:07:54,2025-07-07 18:17:54,10.0,4.016666666666667,4.183333333333334,47,21,True,eligible,0.003964217539827343,0.006834245661436319,0.030583638692720804,-0.043447903788444514,0.07484914964405948,-0.0028700281216089757,-0.09383248085316676,1.0,1.0,0.15180207134731308,0.006833671770590166,0.03058060710611576,False
1773,2025-07-07 18:08:54,2025-07-07 18:18:54,10.0,4.033333333333333,4.2,47,21,True,eligible,0.003964217539827343,0.006834245661436319,0.030583638692720804,-0.043447903788444514,0.07484914964405948,-0.0028700281216089757,-0.09383248085316676,1.0,1.0,0.15180207134731308,0.006833671770590166,0.03058060710611576,False
1774,2025-07-07 18:09:54,2025-07-07 18:19:54,10.0,4.05,4.216666666666667,2,2,False,insufficient_merged_records_nodes_or_variation,,,,,,,,,,,,,False
1775,2025-07-07 18:10:54,2025-07-07 18:20:54,10.0,4.066666666666666,4.233333333333333,2,2,False,insufficient_merged_records_nodes_or_variation,,,,,,,,,,,,,False
1776,2025-07-07 18:11:54,2025-07-07 18:21:54,10.0,4.083333333333333,4.25,1,1,False,insufficient_merged_records_nodes_or_variation,,,,,,,,,,,,,False
1777,2025-07-07 18:12:54,2025-07-07 18:22:54,10.0,4.1,4.266666666666667,1,1,False,insufficient_merged_records_nodes_or_variation,,,,,,,,,,,,,False
1778,2025-07-07 18:13:54,2025-07-07 18:23:54,10.0,4.116666666666666,4.283333333333333,1,1,False,insufficient_merged_records_nodes_or_variation,,,,,,,,,,,,,False
1779,2025-07-07 18:14:54,2025-07-07 18:24:54,10.0,4.133333333333334,4.3,1,1,False,insufficient_merged_records_nodes_or_variation,,,,,,,,,,,,,False
1780,2025-07-07 18:15:54,2025-07-07 18:25:54,10.0,4.15,4.316666666666666,1,1,False,insufficient_merged_records_nodes_or_variation,,,,,,,,,,,,,False
1781,2025-07-07 18:16:54,2025-07-07 18:26:54,10.0,4.166666666666667,4.333333333333333,1,1,False,insufficient_merged_records_nodes_or_variation,,,,,,,,,,,,,False
1782,2025-07-07 18:17:54,2025-07-07 18:27:54,10.0,4.183333333333334,4.35,0,0,False,insufficient_merged_records_nodes_or_variation,,,,,,,,,,,,,False
1783,2025-07-07 18:18:54,2025-07-07 18:28:54,10.0,4.2,4.366666666666666,0,0,False,insufficient_merged_records_nodes_or_variation,,,,,,,,,,,,,False
1784,2025-07-07 18:19:54,2025-07-07 18:29:54,10.0,4.216666666666667,4.383333333333334,0,0,False,insufficient_merged_records_nodes_or_variation,,,,,,,,,,,,,False
1785,2025-07-07 18:20:54,2025-07-07 18:30:54,10.0,4.233333333333333,4.4,0,0,False,insufficient_merged_records_nodes_or_variation,,,,,,,,,,,,,False
1786,2025-07-07 18:21:54,2025-07-07 18:31:54,10.0,4.25,4.416666666666667,0,0,False,insufficient_merged_records_nodes_or_variation,,,,,,,,,,,,,False
1787,2025-07-07 18:22:54,2025-07-07 18:32:54,10.0,4.266666666666667,4.433333333333334,0,0,False,insufficient_merged_records_nodes_or_variation,,,,,,,,,,,,,False
1788,2025-07-07 18:23:54,2025-07-07 18:33:54,10.0,4.283333333333333,4.45,0,0,False,insufficient_merged_records_nodes_or_variation,,,,,,,,,,,,,False
1789,2025-07-07 18:24:54,2025-07-07 18:34:54,10.0,4.3,4.466666666666667,0,0,False,insufficient_merged_records_nodes_or_variation,,,,,,,,,,,,,False
1790,2025-07-07 18:25:54,2025-07-07 18:35:54,10.0,4.316666666666666,4.483333333333333,0,0,False,insufficient_merged_records_nodes_or_variation,,,,,,,,,,,,,False
1791,2025-07-07 18:26:54,2025-07-07 18:36:54,10.0,4.333333333333333,4.5,0,0,False,insufficient_merged_records_nodes_or_variation,,,,,,,,,,,,,False
1792,2025-07-07 18:27:54,2025-07-07 18:37:54,10.0,4.35,4.516666666666667,23,14,True,eligible,0.007447049652526018,-0.006469899434422275,0.02699990148028803,-0.05227530310652957,0.054230333320432846,0.013916949086948294,0.5153792205972623,1.0,1.0,0.12151742732826494,-0.0064671166011715355,0.02699791861529209,False
1793,2025-07-07 18:28:54,2025-07-07 18:38:54,10.0,4.366666666666666,4.533333333333333,34,14,True,eligible,0.019844531857728574,-0.007698232179735075,0.027045732962523886,-0.05136977106424077,0.053601200492113886,0.027542764037463648,1.0181700400986016,1.0,1.0,0.1205189576359288,-0.007692724728417846,0.02704583272110389,False
1794,2025-07-07 18:29:54,2025-07-07 18:39:54,10.0,4.383333333333334,4.55,34,14,True,eligible,0.019844531857728574,-0.007698232179735075,0.027045732962523886,-0.05136977106424077,0.053601200492113886,0.027542764037463648,1.0181700400986016,1.0,1.0,0.1205189576359288,-0.007692724728417846,0.02704583272110389,False
1795,2025-07-07 18:30:54,2025-07-07 18:40:54,10.0,4.4,4.566666666666666,46,17,True,eligible,0.039528012219217916,-0.004322385785394428,0.028134163646891638,-0.050158345921041236,0.05964710619363453,0.043850398004612344,1.5580831713294112,0.9992001599680064,0.9992001599680064,0.12907638908621655,-0.004313617459458694,0.02813818317623532,False
1796,2025-07-07 18:31:54,2025-07-07 18:41:54,10.0,4.416666666666667,4.583333333333333,46,17,True,eligible,0.039528012219217916,-0.004322385785394428,0.028134163646891638,-0.050158345921041236,0.05964710619363453,0.043850398004612344,1.5580831713294112,0.9992001599680064,0.9992001599680064,0.12907638908621655,-0.004313617459458694,0.02813818317623532,False
1797,2025-07-07 18:32:54,2025-07-07 18:42:54,10.0,4.433333333333334,4.6,46,17,True,eligible,0.039528012219217916,-0.004322385785394428,0.028134163646891638,-0.050158345921041236,0.05964710619363453,0.043850398004612344,1.5580831713294112,0.9992001599680064,0.9992001599680064,0.12907638908621655,-0.004313617459458694,0.02813818317623532,False
1798,2025-07-07 18:33:54,2025-07-07 18:43:54,10.0,4.45,4.616666666666666,46,17,True,eligible,0.039528012219217916,-0.004322385785394428,0.028134163646891638,-0.050158345921041236,0.05964710619363453,0.043850398004612344,1.5580831713294112,0.9992001599680064,0.9992001599680064,0.12907638908621655,-0.004313617459458694,0.02813818317623532,False
1799,2025-07-07 18:34:54,2025-07-07 18:44:54,10.0,4.466666666666667,4.633333333333334,49,17,True,eligible,0.038511652996029225,-0.0033053330976430596,0.02916013556090076,-0.050019225757777994,0.06285091563810408,0.041816986093672286,1.4336082102598449,0.9996000799840032,0.9996000799840032,0.13495223280457005,-0.0032969713727693003,0.029163214935285987,False
1800,2025-07-07 18:35:54,2025-07-07 18:45:54,10.0,4.483333333333333,4.65,49,17,True,eligible,0.038511652996029225,-0.0033053330976430596,0.02916013556090076,-0.050019225757777994,0.06285091563810408,0.041816986093672286,1.4336082102598449,0.9996000799840032,0.9996000799840032,0.13495223280457005,-0.0032969713727693003,0.029163214935285987,False
1801,2025-07-07 18:36:54,2025-07-07 18:46:54,10.0,4.5,4.666666666666667,49,17,True,eligible,0.038511652996029225,-0.0033053330976430596,0.02916013556090076,-0.050019225757777994,0.06285091563810408,0.041816986093672286,1.4336082102598449,0.9996000799840032,0.9996000799840032,0.13495223280457005,-0.0032969713727693003,0.029163214935285987,False
1802,2025-07-07 18:37:54,2025-07-07 18:47:54,10.0,4.516666666666667,4.683333333333334,26,11,True,eligible,0.05368076406596594,0.0002632430556603315,0.03218338317483714,-0.05278150791375709,0.07168218235587018,0.053417521010305606,1.659162818678187,0.9988002399520096,0.9988002399520096,0.15286710097797965,0.00027392442358880687,0.032189028732529705,False
1803,2025-07-07 18:38:54,2025-07-07 18:48:54,10.0,4.533333333333333,4.7,15,10,True,eligible,0.07928598283979446,0.014064417172176456,0.03524944527990811,-0.04583723805622548,0.08945060782740116,0.065221565667618,1.8494682675346312,0.9938012397520496,0.9938012397520496,0.1812191249343322,0.014077458876969018,0.035257984744852845,False
1804,2025-07-07 18:39:54,2025-07-07 18:49:54,10.0,4.55,4.716666666666667,15,10,True,eligible,0.07928598283979446,0.014064417172176456,0.03524944527990811,-0.04583723805622548,0.08945060782740116,0.065221565667618,1.8494682675346312,0.9938012397520496,0.9938012397520496,0.1812191249343322,0.014077458876969018,0.035257984744852845,False
1805,2025-07-07 18:40:54,2025-07-07 18:50:54,10.0,4.566666666666666,4.733333333333333,3,3,False,insufficient_merged_records_nodes_or_variation,,,,,,,,,,,,,False
1806,2025-07-07 18:41:54,2025-07-07 18:51:54,10.0,4.583333333333333,4.75,3,3,False,insufficient_merged_records_nodes_or_variation,,,,,,,,,,,,,False
1807,2025-07-07 18:42:54,2025-07-07 18:52:54,10.0,4.6,4.766666666666667,3,3,False,insufficient_merged_records_nodes_or_variation,,,,,,,,,,,,,False
1808,2025-07-07 18:43:54,2025-07-07 18:53:54,10.0,4.616666666666666,4.783333333333333,3,3,False,insufficient_merged_records_nodes_or_variation,,,,,,,,,,,,,False
1809,2025-07-07 18:44:54,2025-07-07 18:54:54,10.0,4.633333333333334,4.8,0,0,False,insufficient_merged_records_nodes_or_variation,,,,,,,,,,,,,False
1810,2025-07-07 18:45:54,2025-07-07 18:55:54,10.0,4.65,4.816666666666666,0,0,False,insufficient_merged_records_nodes_or_variation,,,,,,,,,,,,,False
1811,2025-07-07 18:46:54,2025-07-07 18:56:54,10.0,4.666666666666667,4.833333333333333,0,0,False,insufficient_merged_records_nodes_or_variation,,,,,,,,,,,,,False
1812,2025-07-07 18:47:54,2025-07-07 18:57:54,10.0,4.683333333333334,4.85,0,0,False,insufficient_merged_records_nodes_or_variation,,,,,,,,,,,,,False
1813,2025-07-07 18:48:54,2025-07-07 18:58:54,10.0,4.7,4.866666666666666,0,0,False,insufficient_merged_records_nodes_or_variation,,,,,,,,,,,,,False
1814,2025-07-07 18:49:54,2025-07-07 18:59:54,10.0,4.716666666666667,4.883333333333334,0,0,False,insufficient_merged_records_nodes_or_variation,,,,,,,,,,,,,False
1815,2025-07-07 18:50:54,2025-07-07 19:00:54,10.0,4.733333333333333,4.9,0,0,False,insufficient_merged_records_nodes_or_variation,,,,,,,,,,,,,False
1816,2025-07-07 18:51:54,2025-07-07 19:01:54,10.0,4.75,4.916666666666667,0,0,False,insufficient_merged_records_nodes_or_variation,,,,,,,,,,,,,False
1817,2025-07-07 18:52:54,2025-07-07 19:02:54,10.0,4.766666666666667,4.933333333333334,0,0,False,insufficient_merged_records_nodes_or_variation,,,,,,,,,,,,,False
1818,2025-07-07 18:53:54,2025-07-07 19:03:54,10.0,4.783333333333333,4.95,0,0,False,insufficient_merged_records_nodes_or_variation,,,,,,,,,,,,,False
1819,2025-07-07 18:54:54,2025-07-07 19:04:54,10.0,4.8,4.966666666666667,0,0,False,insufficient_merged_records_nodes_or_variation,,,,,,,,,,,,,False
1820,2025-07-07 18:55:54,2025-07-07 19:05:54,10.0,4.816666666666666,4.983333333333333,0,0,False,insufficient_merged_records_nodes_or_variation,,,,,,,,,,,,,False
1821,2025-07-07 18:56:54,2025-07-07 19:06:54,10.0,4.833333333333333,5.0,0,0,False,insufficient_merged_records_nodes_or_variation,,,,,,,,,,,,,False
1822,2025-07-07 18:57:54,2025-07-07 19:07:54,10.0,4.85,5.016666666666667,0,0,False,insufficient_merged_records_nodes_or_variation,,,,,,,,,,,,,False
1823,2025-07-07 18:58:54,2025-07-07 19:08:54,10.0,4.866666666666666,5.033333333333333,0,0,False,insufficient_merged_records_nodes_or_variation,,,,,,,,,,,,,False
1824,2025-07-07 18:59:54,2025-07-07 19:09:54,10.0,4.883333333333334,5.05,0,0,False,insufficient_merged_records_nodes_or_variation,,,,,,,,,,,,,False
1825,2025-07-07 19:00:54,2025-07-07 19:10:54,10.0,4.9,5.066666666666666,0,0,False,insufficient_merged_records_nodes_or_variation,,,,,,,,,,,,,False
1826,2025-07-07 19:01:54,2025-07-07 19:11:54,10.0,4.916666666666667,5.083333333333333,0,0,False,insufficient_merged_records_nodes_or_variation,,,,,,,,,,,,,False
1827,2025-07-07 19:02:54,2025-07-07 19:12:54,10.0,4.933333333333334,5.1,0,0,False,insufficient_merged_records_nodes_or_variation,,,,,,,,,,,,,False
1828,2025-07-07 19:03:54,2025-07-07 19:13:54,10.0,4.95,5.116666666666666,0,0,False,insufficient_merged_records_nodes_or_variation,,,,,,,,,,,,,False
1829,2025-07-07 19:04:54,2025-07-07 19:14:54,10.0,4.966666666666667,5.133333333333334,0,0,False,insufficient_merged_records_nodes_or_variation,,,,,,,,,,,,,False
1830,2025-07-07 19:05:54,2025-07-07 19:15:54,10.0,4.983333333333333,5.15,0,0,False,insufficient_merged_records_nodes_or_variation,,,,,,,,,,,,,False
1831,2025-07-07 19:06:54,2025-07-07 19:16:54,10.0,5.0,5.166666666666667,0,0,False,insufficient_merged_records_nodes_or_variation,,,,,,,,,,,,,False
1832,2025-07-07 19:07:54,2025-07-07 19:17:54,10.0,5.016666666666667,5.183333333333334,0,0,False,insufficient_merged_records_nodes_or_variation,,,,,,,,,,,,,False
1833,2025-07-07 19:08:54,2025-07-07 19:18:54,10.0,5.033333333333333,5.2,0,0,False,insufficient_merged_records_nodes_or_variation,,,,,,,,,,,,,False
1834,2025-07-07 19:09:54,2025-07-07 19:19:54,10.0,5.05,5.216666666666667,0,0,False,insufficient_merged_records_nodes_or_variation,,,,,,,,,,,,,False
1835,2025-07-07 19:10:54,2025-07-07 19:20:54,10.0,5.066666666666666,5.233333333333333,0,0,False,insufficient_merged_records_nodes_or_variation,,,,,,,,,,,,,False
1836,2025-07-07 19:11:54,2025-07-07 19:21:54,10.0,5.083333333333333,5.25,0,0,False,insufficient_merged_records_nodes_or_variation,,,,,,,,,,,,,False
1837,2025-07-07 19:12:54,2025-07-07 19:22:54,10.0,5.1,5.266666666666667,0,0,False,insufficient_merged_records_nodes_or_variation,,,,,,,,,,,,,False
1838,2025-07-07 19:13:54,2025-07-07 19:23:54,10.0,5.116666666666666,5.283333333333333,1,1,False,insufficient_merged_records_nodes_or_variation,,,,,,,,,,,,,False
1839,2025-07-07 19:14:54,2025-07-07 19:24:54,10.0,5.133333333333334,5.3,9,9,True,eligible,0.08295068819645494,0.04919931547467663,0.0387494608389201,-0.01683638602258152,0.13323957821492355,0.03375137272177831,0.870862148140335,1.0,1.0,0.23289475471033125,0.049206064399436034,0.03874852508985284,False
1840,2025-07-07 19:15:54,2025-07-07 19:25:54,10.0,5.15,5.316666666666666,9,9,True,eligible,0.08295068819645494,0.04919931547467663,0.0387494608389201,-0.01683638602258152,0.13323957821492355,0.03375137272177831,0.870862148140335,1.0,1.0,0.23289475471033125,0.049206064399436034,0.03874852508985284,False
1841,2025-07-07 19:16:54,2025-07-07 19:26:54,10.0,5.166666666666667,5.333333333333333,9,9,True,eligible,0.08295068819645494,0.04919931547467663,0.0387494608389201,-0.01683638602258152,0.13323957821492355,0.03375137272177831,0.870862148140335,1.0,1.0,0.23289475471033125,0.049206064399436034,0.03874852508985284,False
1842,2025-07-07 19:17:54,2025-07-07 19:27:54,10.0,5.183333333333334,5.35,9,9,True,eligible,0.08295068819645494,0.04919931547467663,0.0387494608389201,-0.01683638602258152,0.13323957821492355,0.03375137272177831,0.870862148140335,1.0,1.0,0.23289475471033125,0.049206064399436034,0.03874852508985284,False
1843,2025-07-07 19:18:54,2025-07-07 19:28:54,10.0,5.2,5.366666666666666,9,9,True,eligible,0.08295068819645494,0.04919931547467663,0.0387494608389201,-0.01683638602258152,0.13323957821492355,0.03375137272177831,0.870862148140335,1.0,1.0,0.23289475471033125,0.049206064399436034,0.03874852508985284,False
1844,2025-07-07 19:19:54,2025-07-07 19:29:54,10.0,5.216666666666667,5.383333333333334,9,9,True,eligible,0.08295068819645494,0.04919931547467663,0.0387494608389201,-0.01683638602258152,0.13323957821492355,0.03375137272177831,0.870862148140335,1.0,1.0,0.23289475471033125,0.049206064399436034,0.03874852508985284,False
1845,2025-07-07 19:20:54,2025-07-07 19:30:54,10.0,5.233333333333333,5.4,9,9,True,eligible,0.08295068819645494,0.04919931547467663,0.0387494608389201,-0.01683638602258152,0.13323957821492355,0.03375137272177831,0.870862148140335,1.0,1.0,0.23289475471033125,0.049206064399436034,0.03874852508985284,False
1846,2025-07-07 19:21:54,2025-07-07 19:31:54,10.0,5.25,5.416666666666667,9,9,True,eligible,0.08295068819645494,0.04919931547467663,0.0387494608389201,-0.01683638602258152,0.13323957821492355,0.03375137272177831,0.870862148140335,1.0,1.0,0.23289475471033125,0.049206064399436034,0.03874852508985284,False
1847,2025-07-07 19:22:54,2025-07-07 19:32:54,10.0,5.266666666666667,5.433333333333334,9,9,True,eligible,0.08295068819645494,0.04919931547467663,0.0387494608389201,-0.01683638602258152,0.13323957821492355,0.03375137272177831,0.870862148140335,1.0,1.0,0.23289475471033125,0.049206064399436034,0.03874852508985284,False
1848,2025-07-07 19:23:54,2025-07-07 19:33:54,10.0,5.283333333333333,5.45,8,8,True,eligible,0.07410390656463847,0.04366786145791385,0.04167474566852278,-0.025976641159887997,0.1389448248087001,0.030436045106724624,0.7302115225100291,1.0,1.0,0.24122526408280281,0.04367394744973683,0.04167280051991196,False
1849,2025-07-07 19:24:54,2025-07-07 19:34:54,10.0,5.3,5.466666666666667,0,0,False,insufficient_merged_records_nodes_or_variation,,,,,,,,,,,,,False
1850,2025-07-07 19:25:54,2025-07-07 19:35:54,10.0,5.316666666666666,5.483333333333333,0,0,False,insufficient_merged_records_nodes_or_variation,,,,,,,,,,,,,False
1851,2025-07-07 19:26:54,2025-07-07 19:36:54,10.0,5.333333333333333,5.5,0,0,False,insufficient_merged_records_nodes_or_variation,,,,,,,,,,,,,False
1852,2025-07-07 19:27:54,2025-07-07 19:37:54,10.0,5.35,5.516666666666667,0,0,False,insufficient_merged_records_nodes_or_variation,,,,,,,,,,,,,False
1853,2025-07-07 19:28:54,2025-07-07 19:38:54,10.0,5.366666666666666,5.533333333333333,0,0,False,insufficient_merged_records_nodes_or_variation,,,,,,,,,,,,,False
1854,2025-07-07 19:29:54,2025-07-07 19:39:54,10.0,5.383333333333334,5.55,0,0,False,insufficient_merged_records_nodes_or_variation,,,,,,,,,,,,,False
1855,2025-07-07 19:30:54,2025-07-07 19:40:54,10.0,5.4,5.566666666666666,0,0,False,insufficient_merged_records_nodes_or_variation,,,,,,,,,,,,,False
1856,2025-07-07 19:31:54,2025-07-07 19:41:54,10.0,5.416666666666667,5.583333333333333,1,1,False,insufficient_merged_records_nodes_or_variation,,,,,,,,,,,,,False
1857,2025-07-07 19:32:54,2025-07-07 19:42:54,10.0,5.433333333333334,5.6,6,5,True,eligible,0.009131864117861996,0.019710634360160514,0.03351964740735194,-0.030074272494825187,0.09879459393643895,-0.010578770242298518,-0.31556439874029546,1.0,1.0,0.17859522993377153,0.019708519029178247,0.03351662910498555,False
1858,2025-07-07 19:33:54,2025-07-07 19:43:54,10.0,5.45,5.616666666666666,7,6,True,eligible,-0.0013375625788204612,0.010037283601482804,0.03006613989674848,-0.03557916459663021,0.0810562922765306,-0.011374846180303265,-0.3782842208048954,1.0,1.0,0.1525523456659656,0.010035009087149608,0.03006356342797499,False
1859,2025-07-07 19:34:54,2025-07-07 19:44:54,10.0,5.466666666666667,5.633333333333334,7,6,True,eligible,-0.0013375625788204612,0.010037283601482804,0.03006613989674848,-0.03557916459663021,0.0810562922765306,-0.011374846180303265,-0.3782842208048954,1.0,1.0,0.1525523456659656,0.010035009087149608,0.03006356342797499,False
1860,2025-07-07 19:35:54,2025-07-07 19:45:54,10.0,5.483333333333333,5.65,7,6,True,eligible,-0.0013375625788204612,0.010037283601482804,0.03006613989674848,-0.03557916459663021,0.0810562922765306,-0.011374846180303265,-0.3782842208048954,1.0,1.0,0.1525523456659656,0.010035009087149608,0.03006356342797499,False
1861,2025-07-07 19:36:54,2025-07-07 19:46:54,10.0,5.5,5.666666666666667,10,6,True,eligible,-0.01256706345031865,-0.00625304385120225,0.01123881562997064,-0.023669453053561912,0.020286946600095328,-0.0063140195991164,-0.5617308237248338,1.0,1.0,0.04702003153999168,-0.006254306402611791,0.011238046375748092,False
1862,2025-07-07 19:37:54,2025-07-07 19:47:54,10.0,5.516666666666667,5.683333333333334,10,6,True,eligible,-0.01256706345031865,-0.00625304385120225,0.01123881562997064,-0.023669453053561912,0.020286946600095328,-0.0063140195991164,-0.5617308237248338,1.0,1.0,0.04702003153999168,-0.006254306402611791,0.011238046375748092,False
1863,2025-07-07 19:38:54,2025-07-07 19:48:54,10.0,5.533333333333333,5.7,13,6,True,eligible,-0.01118472872167907,-0.007681448277895437,0.004775492882206272,-0.015241793836057551,0.003370582065851503,-0.003503280443783633,-0.7334827682480172,1.0,1.0,0.014955190514830416,-0.007682148793880997,0.004775272275535891,False
1864,2025-07-07 19:39:54,2025-07-07 19:49:54,10.0,5.55,5.716666666666667,13,6,True,eligible,-0.01118472872167907,-0.007681448277895437,0.004775492882206272,-0.015241793836057551,0.003370582065851503,-0.003503280443783633,-0.7334827682480172,1.0,1.0,0.014955190514830416,-0.007682148793880997,0.004775272275535891,False
1865,2025-07-07 19:40:54,2025-07-07 19:50:54,10.0,5.566666666666666,5.733333333333333,13,6,True,eligible,-0.01118472872167907,-0.007681448277895437,0.004775492882206272,-0.015241793836057551,0.003370582065851503,-0.003503280443783633,-0.7334827682480172,1.0,1.0,0.014955190514830416,-0.007682148793880997,0.004775272275535891,False
1866,2025-07-07 19:41:54,2025-07-07 19:51:54,10.0,5.583333333333333,5.75,12,6,True,eligible,-0.009279359809304964,-0.007893661941855111,0.0035585645756854283,-0.013748776231218,0.00035471558904058044,-0.0013856978674498532,-0.38935315288489003,1.0,1.0,0.008974125119861585,-0.007893939026011772,0.00355826265442567,False
1867,2025-07-07 19:42:54,2025-07-07 19:52:54,10.0,5.6,5.766666666666667,7,1,False,insufficient_merged_records_nodes_or_variation,,,,,,,,,,,,,False
1868,2025-07-07 19:43:54,2025-07-07 19:53:54,10.0,5.616666666666666,5.783333333333333,7,2,False,insufficient_merged_records_nodes_or_variation,,,,,,,,,,,,,False
1869,2025-07-07 19:44:54,2025-07-07 19:54:54,10.0,5.633333333333334,5.8,7,2,False,insufficient_merged_records_nodes_or_variation,,,,,,,,,,,,,False
1870,2025-07-07 19:45:54,2025-07-07 19:55:54,10.0,5.65,5.816666666666666,7,2,False,insufficient_merged_records_nodes_or_variation,,,,,,,,,,,,,False
1871,2025-07-07 19:46:54,2025-07-07 19:56:54,10.0,5.666666666666667,5.833333333333333,4,2,False,insufficient_merged_records_nodes_or_variation,,,,,,,,,,,,,False
1872,2025-07-07 19:47:54,2025-07-07 19:57:54,10.0,5.683333333333334,5.85,4,2,False,insufficient_merged_records_nodes_or_variation,,,,,,,,,,,,,False
1873,2025-07-07 19:48:54,2025-07-07 19:58:54,10.0,5.7,5.866666666666666,1,1,False,insufficient_merged_records_nodes_or_variation,,,,,,,,,,,,,False
1874,2025-07-07 19:49:54,2025-07-07 19:59:54,10.0,5.716666666666667,5.883333333333334,1,1,False,insufficient_merged_records_nodes_or_variation,,,,,,,,,,,,,False
1875,2025-07-07 19:50:54,2025-07-07 20:00:54,10.0,5.733333333333333,5.9,1,1,False,insufficient_merged_records_nodes_or_variation,,,,,,,,,,,,,False
1876,2025-07-07 19:51:54,2025-07-07 20:01:54,10.0,5.75,5.916666666666667,1,1,False,insufficient_merged_records_nodes_or_variation,,,,,,,,,,,,,False
1877,2025-07-07 19:52:54,2025-07-07 20:02:54,10.0,5.766666666666667,5.933333333333334,1,1,False,insufficient_merged_records_nodes_or_variation,,,,,,,,,,,,,False
1878,2025-07-07 19:53:54,2025-07-07 20:03:54,10.0,5.783333333333333,5.95,0,0,False,insufficient_merged_records_nodes_or_variation,,,,,,,,,,,,,False
1879,2025-07-07 19:54:54,2025-07-07 20:04:54,10.0,5.8,5.966666666666667,0,0,False,insufficient_merged_records_nodes_or_variation,,,,,,,,,,,,,False
1880,2025-07-07 19:55:54,2025-07-07 20:05:54,10.0,5.816666666666666,5.983333333333333,0,0,False,insufficient_merged_records_nodes_or_variation,,,,,,,,,,,,,False
1881,2025-07-07 19:56:54,2025-07-07 20:06:54,10.0,5.833333333333333,6.0,0,0,False,insufficient_merged_records_nodes_or_variation,,,,,,,,,,,,,False
1882,2025-07-07 19:57:54,2025-07-07 20:07:54,10.0,5.85,6.016666666666667,0,0,False,insufficient_merged_records_nodes_or_variation,,,,,,,,,,,,,False
1883,2025-07-07 19:58:54,2025-07-07 20:08:54,10.0,5.866666666666666,6.033333333333333,0,0,False,insufficient_merged_records_nodes_or_variation,,,,,,,,,,,,,False
1884,2025-07-07 19:59:54,2025-07-07 20:09:54,10.0,5.883333333333334,6.05,0,0,False,insufficient_merged_records_nodes_or_variation,,,,,,,,,,,,,False
1885,2025-07-07 20:00:54,2025-07-07 20:10:54,10.0,5.9,6.066666666666666,0,0,False,insufficient_merged_records_nodes_or_variation,,,,,,,,,,,,,False
1886,2025-07-07 20:01:54,2025-07-07 20:11:54,10.0,5.916666666666667,6.083333333333333,0,0,False,insufficient_merged_records_nodes_or_variation,,,,,,,,,,,,,False
1887,2025-07-07 20:02:54,2025-07-07 20:12:54,10.0,5.933333333333334,6.1,0,0,False,insufficient_merged_records_nodes_or_variation,,,,,,,,,,,,,False
1888,2025-07-07 20:03:54,2025-07-07 20:13:54,10.0,5.95,6.116666666666666,0,0,False,insufficient_merged_records_nodes_or_variation,,,,,,,,,,,,,False
1889,2025-07-07 20:04:54,2025-07-07 20:14:54,10.0,5.966666666666667,6.133333333333334,0,0,False,insufficient_merged_records_nodes_or_variation,,,,,,,,,,,,,False
1890,2025-07-07 20:05:54,2025-07-07 20:15:54,10.0,5.983333333333333,6.15,1,1,False,insufficient_merged_records_nodes_or_variation,,,,,,,,,,,,,False
1891,2025-07-07 20:06:54,2025-07-07 20:16:54,10.0,6.0,6.166666666666667,1,1,False,insufficient_merged_records_nodes_or_variation,,,,,,,,,,,,,False
1892,2025-07-07 20:07:54,2025-07-07 20:17:54,10.0,6.016666666666667,6.183333333333334,1,1,False,insufficient_merged_records_nodes_or_variation,,,,,,,,,,,,,False
1893,2025-07-07 20:08:54,2025-07-07 20:18:54,10.0,6.033333333333333,6.2,1,1,False,insufficient_merged_records_nodes_or_variation,,,,,,,,,,,,,False
1894,2025-07-07 20:09:54,2025-07-07 20:19:54,10.0,6.05,6.216666666666667,1,1,False,insufficient_merged_records_nodes_or_variation,,,,,,,,,,,,,False
1895,2025-07-07 20:10:54,2025-07-07 20:20:54,10.0,6.066666666666666,6.233333333333333,1,1,False,insufficient_merged_records_nodes_or_variation,,,,,,,,,,,,,False
1896,2025-07-07 20:11:54,2025-07-07 20:21:54,10.0,6.083333333333333,6.25,1,1,False,insufficient_merged_records_nodes_or_variation,,,,,,,,,,,,,False
1897,2025-07-07 20:12:54,2025-07-07 20:22:54,10.0,6.1,6.266666666666667,1,1,False,insufficient_merged_records_nodes_or_variation,,,,,,,,,,,,,False
1898,2025-07-07 20:13:54,2025-07-07 20:23:54,10.0,6.116666666666666,6.283333333333333,1,1,False,insufficient_merged_records_nodes_or_variation,,,,,,,,,,,,,False
1899,2025-07-07 20:14:54,2025-07-07 20:24:54,10.0,6.133333333333334,6.3,1,1,False,insufficient_merged_records_nodes_or_variation,,,,,,,,,,,,,False
1900,2025-07-07 20:15:54,2025-07-07 20:25:54,10.0,6.15,6.316666666666666,0,0,False,insufficient_merged_records_nodes_or_variation,,,,,,,,,,,,,False
1901,2025-07-07 20:16:54,2025-07-07 20:26:54,10.0,6.166666666666667,6.333333333333333,0,0,False,insufficient_merged_records_nodes_or_variation,,,,,,,,,,,,,False
1902,2025-07-07 20:17:54,2025-07-07 20:27:54,10.0,6.183333333333334,6.35,0,0,False,insufficient_merged_records_nodes_or_variation,,,,,,,,,,,,,False
1903,2025-07-07 20:18:54,2025-07-07 20:28:54,10.0,6.2,6.366666666666666,0,0,False,insufficient_merged_records_nodes_or_variation,,,,,,,,,,,,,False
1904,2025-07-07 20:19:54,2025-07-07 20:29:54,10.0,6.216666666666667,6.383333333333334,0,0,False,insufficient_merged_records_nodes_or_variation,,,,,,,,,,,,,False
1905,2025-07-07 20:20:54,2025-07-07 20:30:54,10.0,6.233333333333333,6.4,0,0,False,insufficient_merged_records_nodes_or_variation,,,,,,,,,,,,,False
1906,2025-07-07 20:21:54,2025-07-07 20:31:54,10.0,6.25,6.416666666666667,0,0,False,insufficient_merged_records_nodes_or_variation,,,,,,,,,,,,,False
1907,2025-07-07 20:22:54,2025-07-07 20:32:54,10.0,6.266666666666667,6.433333333333334,0,0,False,insufficient_merged_records_nodes_or_variation,,,,,,,,,,,,,False
1908,2025-07-07 20:23:54,2025-07-07 20:33:54,10.0,6.283333333333333,6.45,0,0,False,insufficient_merged_records_nodes_or_variation,,,,,,,,,,,,,False
1909,2025-07-07 20:24:54,2025-07-07 20:34:54,10.0,6.3,6.466666666666667,0,0,False,insufficient_merged_records_nodes_or_variation,,,,,,,,,,,,,False
1910,2025-07-07 20:25:54,2025-07-07 20:35:54,10.0,6.316666666666666,6.483333333333333,0,0,False,insufficient_merged_records_nodes_or_variation,,,,,,,,,,,,,False
1911,2025-07-07 20:26:54,2025-07-07 20:36:54,10.0,6.333333333333333,6.5,0,0,False,insufficient_merged_records_nodes_or_variation,,,,,,,,,,,,,False
1912,2025-07-07 20:27:54,2025-07-07 20:37:54,10.0,6.35,6.516666666666667,0,0,False,insufficient_merged_records_nodes_or_variation,,,,,,,,,,,,,False
1913,2025-07-07 20:28:54,2025-07-07 20:38:54,10.0,6.366666666666666,6.533333333333333,0,0,False,insufficient_merged_records_nodes_or_variation,,,,,,,,,,,,,False
1914,2025-07-07 20:29:54,2025-07-07 20:39:54,10.0,6.383333333333334,6.55,0,0,False,insufficient_merged_records_nodes_or_variation,,,,,,,,,,,,,False
1915,2025-07-07 20:30:54,2025-07-07 20:40:54,10.0,6.4,6.566666666666666,0,0,False,insufficient_merged_records_nodes_or_variation,,,,,,,,,,,,,False
1916,2025-07-07 20:31:54,2025-07-07 20:41:54,10.0,6.416666666666667,6.583333333333333,0,0,False,insufficient_merged_records_nodes_or_variation,,,,,,,,,,,,,False
1917,2025-07-07 20:32:54,2025-07-07 20:42:54,10.0,6.433333333333334,6.6,0,0,False,insufficient_merged_records_nodes_or_variation,,,,,,,,,,,,,False
1918,2025-07-07 20:33:54,2025-07-07 20:43:54,10.0,6.45,6.616666666666666,0,0,False,insufficient_merged_records_nodes_or_variation,,,,,,,,,,,,,False
1919,2025-07-07 20:34:54,2025-07-07 20:44:54,10.0,6.466666666666667,6.633333333333334,0,0,False,insufficient_merged_records_nodes_or_variation,,,,,,,,,,,,,False
1920,2025-07-07 20:35:54,2025-07-07 20:45:54,10.0,6.483333333333333,6.65,0,0,False,insufficient_merged_records_nodes_or_variation,,,,,,,,,,,,,False
1921,2025-07-07 20:36:54,2025-07-07 20:46:54,10.0,6.5,6.666666666666667,0,0,False,insufficient_merged_records_nodes_or_variation,,,,,,,,,,,,,False
1922,2025-07-07 20:37:54,2025-07-07 20:47:54,10.0,6.516666666666667,6.683333333333334,0,0,False,insufficient_merged_records_nodes_or_variation,,,,,,,,,,,,,False
1923,2025-07-07 20:38:54,2025-07-07 20:48:54,10.0,6.533333333333333,6.7,0,0,False,insufficient_merged_records_nodes_or_variation,,,,,,,,,,,,,False
1924,2025-07-07 20:39:54,2025-07-07 20:49:54,10.0,6.55,6.716666666666667,0,0,False,insufficient_merged_records_nodes_or_variation,,,,,,,,,,,,,False
1925,2025-07-07 20:40:54,2025-07-07 20:50:54,10.0,6.566666666666666,6.733333333333333,13,8,True,eligible,0.06584631532812918,0.03323067551968724,0.025239080030775213,-0.0075498191756191,0.09128874533981278,0.03261563980844194,1.2919224705966321,1.0,1.0,0.15289191915849676,0.0332371973432842,0.025240770036135004,False
1926,2025-07-07 20:41:54,2025-07-07 20:51:54,10.0,6.583333333333333,6.75,13,8,True,eligible,0.06584631532812918,0.03323067551968724,0.025239080030775213,-0.0075498191756191,0.09128874533981278,0.03261563980844194,1.2919224705966321,1.0,1.0,0.15289191915849676,0.0332371973432842,0.025240770036135004,False
1927,2025-07-07 20:42:54,2025-07-07 20:52:54,10.0,6.6,6.766666666666667,13,8,True,eligible,0.06584631532812918,0.03323067551968724,0.025239080030775213,-0.0075498191756191,0.09128874533981278,0.03261563980844194,1.2919224705966321,1.0,1.0,0.15289191915849676,0.0332371973432842,0.025240770036135004,False
1928,2025-07-07 20:43:54,2025-07-07 20:53:54,10.0,6.616666666666666,6.783333333333333,13,8,True,eligible,0.06584631532812918,0.03323067551968724,0.025239080030775213,-0.0075498191756191,0.09128874533981278,0.03261563980844194,1.2919224705966321,1.0,1.0,0.15289191915849676,0.0332371973432842,0.025240770036135004,False
1929,2025-07-07 20:44:54,2025-07-07 20:54:54,10.0,6.633333333333334,6.8,13,8,True,eligible,0.06584631532812918,0.03323067551968724,0.025239080030775213,-0.0075498191756191,0.09128874533981278,0.03261563980844194,1.2919224705966321,1.0,1.0,0.15289191915849676,0.0332371973432842,0.025240770036135004,False
1930,2025-07-07 20:45:54,2025-07-07 20:55:54,10.0,6.65,6.816666666666666,13,8,True,eligible,0.06584631532812918,0.03323067551968724,0.025239080030775213,-0.0075498191756191,0.09128874533981278,0.03261563980844194,1.2919224705966321,1.0,1.0,0.15289191915849676,0.0332371973432842,0.025240770036135004,False
1931,2025-07-07 20:46:54,2025-07-07 20:56:54,10.0,6.666666666666667,6.833333333333333,13,8,True,eligible,0.06584631532812918,0.03323067551968724,0.025239080030775213,-0.0075498191756191,0.09128874533981278,0.03261563980844194,1.2919224705966321,1.0,1.0,0.15289191915849676,0.0332371973432842,0.025240770036135004,False
1932,2025-07-07 20:47:54,2025-07-07 20:57:54,10.0,6.683333333333334,6.85,13,8,True,eligible,0.06584631532812918,0.03323067551968724,0.025239080030775213,-0.0075498191756191,0.09128874533981278,0.03261563980844194,1.2919224705966321,1.0,1.0,0.15289191915849676,0.0332371973432842,0.025240770036135004,False
1933,2025-07-07 20:48:54,2025-07-07 20:58:54,10.0,6.7,6.866666666666666,13,8,True,eligible,0.06584631532812918,0.03323067551968724,0.025239080030775213,-0.0075498191756191,0.09128874533981278,0.03261563980844194,1.2919224705966321,1.0,1.0,0.15289191915849676,0.0332371973432842,0.025240770036135004,False
1934,2025-07-07 20:49:54,2025-07-07 20:59:54,10.0,6.716666666666667,6.883333333333334,14,9,True,eligible,0.0794512171819467,0.038729070967249035,0.02567181671080967,-0.0024209882676652222,0.0965720181908509,0.04072214621469766,1.5857013236307373,0.9992001599680064,0.9992001599680064,0.16045377144039477,0.03873721376793184,0.025675707529078114,False
1935,2025-07-07 20:50:54,2025-07-07 21:00:54,10.0,6.733333333333333,6.9,2,1,False,insufficient_merged_records_nodes_or_variation,,,,,,,,,,,,,False
1936,2025-07-07 20:51:54,2025-07-07 21:01:54,10.0,6.75,6.916666666666667,2,1,False,insufficient_merged_records_nodes_or_variation,,,,,,,,,,,,,False
1937,2025-07-07 20:52:54,2025-07-07 21:02:54,10.0,6.766666666666667,6.933333333333334,2,1,False,insufficient_merged_records_nodes_or_variation,,,,,,,,,,,,,False
1938,2025-07-07 20:53:54,2025-07-07 21:03:54,10.0,6.783333333333333,6.95,2,1,False,insufficient_merged_records_nodes_or_variation,,,,,,,,,,,,,False
1939,2025-07-07 20:54:54,2025-07-07 21:04:54,10.0,6.8,6.966666666666667,2,1,False,insufficient_merged_records_nodes_or_variation,,,,,,,,,,,,,False
1940,2025-07-07 20:55:54,2025-07-07 21:05:54,10.0,6.816666666666666,6.983333333333333,2,1,False,insufficient_merged_records_nodes_or_variation,,,,,,,,,,,,,False
1941,2025-07-07 20:56:54,2025-07-07 21:06:54,10.0,6.833333333333333,7.0,4,3,False,insufficient_merged_records_nodes_or_variation,,,,,,,,,,,,,False
1942,2025-07-07 20:57:54,2025-07-07 21:07:54,10.0,6.85,7.016666666666667,4,3,False,insufficient_merged_records_nodes_or_variation,,,,,,,,,,,,,False
1943,2025-07-07 20:58:54,2025-07-07 21:08:54,10.0,6.866666666666666,7.033333333333333,4,3,False,insufficient_merged_records_nodes_or_variation,,,,,,,,,,,,,False
1944,2025-07-07 20:59:54,2025-07-07 21:09:54,10.0,6.883333333333334,7.05,3,3,False,insufficient_merged_records_nodes_or_variation,,,,,,,,,,,,,False
1945,2025-07-07 21:00:54,2025-07-07 21:10:54,10.0,6.9,7.066666666666666,2,2,False,insufficient_merged_records_nodes_or_variation,,,,,,,,,,,,,False
1946,2025-07-07 21:01:54,2025-07-07 21:11:54,10.0,6.916666666666667,7.083333333333333,2,2,False,insufficient_merged_records_nodes_or_variation,,,,,,,,,,,,,False
1947,2025-07-07 21:02:54,2025-07-07 21:12:54,10.0,6.933333333333334,7.1,2,2,False,insufficient_merged_records_nodes_or_variation,,,,,,,,,,,,,False
1948,2025-07-07 21:03:54,2025-07-07 21:13:54,10.0,6.95,7.116666666666666,2,2,False,insufficient_merged_records_nodes_or_variation,,,,,,,,,,,,,False
1949,2025-07-07 21:04:54,2025-07-07 21:14:54,10.0,6.966666666666667,7.133333333333334,2,2,False,insufficient_merged_records_nodes_or_variation,,,,,,,,,,,,,False
1950,2025-07-07 21:05:54,2025-07-07 21:15:54,10.0,6.983333333333333,7.15,2,2,False,insufficient_merged_records_nodes_or_variation,,,,,,,,,,,,,False
1951,2025-07-07 21:06:54,2025-07-07 21:16:54,10.0,7.0,7.166666666666667,0,0,False,insufficient_merged_records_nodes_or_variation,,,,,,,,,,,,,False
1952,2025-07-07 21:07:54,2025-07-07 21:17:54,10.0,7.016666666666667,7.183333333333334,0,0,False,insufficient_merged_records_nodes_or_variation,,,,,,,,,,,,,False
1953,2025-07-07 21:08:54,2025-07-07 21:18:54,10.0,7.033333333333333,7.2,0,0,False,insufficient_merged_records_nodes_or_variation,,,,,,,,,,,,,False
1954,2025-07-07 21:09:54,2025-07-07 21:19:54,10.0,7.05,7.216666666666667,0,0,False,insufficient_merged_records_nodes_or_variation,,,,,,,,,,,,,False
1955,2025-07-07 21:10:54,2025-07-07 21:20:54,10.0,7.066666666666666,7.233333333333333,0,0,False,insufficient_merged_records_nodes_or_variation,,,,,,,,,,,,,False
1956,2025-07-07 21:11:54,2025-07-07 21:21:54,10.0,7.083333333333333,7.25,0,0,False,insufficient_merged_records_nodes_or_variation,,,,,,,,,,,,,False
1957,2025-07-07 21:12:54,2025-07-07 21:22:54,10.0,7.1,7.266666666666667,0,0,False,insufficient_merged_records_nodes_or_variation,,,,,,,,,,,,,False
1958,2025-07-07 21:13:54,2025-07-07 21:23:54,10.0,7.116666666666666,7.283333333333333,1,1,False,insufficient_merged_records_nodes_or_variation,,,,,,,,,,,,,False
1959,2025-07-07 21:14:54,2025-07-07 21:24:54,10.0,7.133333333333334,7.3,2,1,False,insufficient_merged_records_nodes_or_variation,,,,,,,,,,,,,False
1960,2025-07-07 21:15:54,2025-07-07 21:25:54,10.0,7.15,7.316666666666666,2,1,False,insufficient_merged_records_nodes_or_variation,,,,,,,,,,,,,False
1961,2025-07-07 21:16:54,2025-07-07 21:26:54,10.0,7.166666666666667,7.333333333333333,2,1,False,insufficient_merged_records_nodes_or_variation,,,,,,,,,,,,,False
1962,2025-07-07 21:17:54,2025-07-07 21:27:54,10.0,7.183333333333334,7.35,4,3,False,insufficient_merged_records_nodes_or_variation,,,,,,,,,,,,,False
1963,2025-07-07 21:18:54,2025-07-07 21:28:54,10.0,7.2,7.366666666666666,4,3,False,insufficient_merged_records_nodes_or_variation,,,,,,,,,,,,,False
1964,2025-07-07 21:19:54,2025-07-07 21:29:54,10.0,7.216666666666667,7.383333333333334,4,3,False,insufficient_merged_records_nodes_or_variation,,,,,,,,,,,,,False
1965,2025-07-07 21:20:54,2025-07-07 21:30:54,10.0,7.233333333333333,7.4,7,3,True,eligible,-0.008989430010866368,0.0020686199743158843,0.02174178591070632,-0.013968191247654,0.048542922058678384,-0.011058049985182252,-0.5085441738828357,1.0,1.0,0.10512643693682049,0.0020664088065524017,0.021740173981357896,False
1966,2025-07-07 21:21:54,2025-07-07 21:31:54,10.0,7.25,7.416666666666667,7,3,True,eligible,-0.008989430010866368,0.0020686199743158843,0.02174178591070632,-0.013968191247654,0.048542922058678384,-0.011058049985182252,-0.5085441738828357,1.0,1.0,0.10512643693682049,0.0020664088065524017,0.021740173981357896,False
1967,2025-07-07 21:22:54,2025-07-07 21:32:54,10.0,7.266666666666667,7.433333333333334,7,3,True,eligible,-0.008989430010866368,0.0020686199743158843,0.02174178591070632,-0.013968191247654,0.048542922058678384,-0.011058049985182252,-0.5085441738828357,1.0,1.0,0.10512643693682049,0.0020664088065524017,0.021740173981357896,False
1968,2025-07-07 21:23:54,2025-07-07 21:33:54,10.0,7.283333333333333,7.45,9,4,True,eligible,0.013184320536692565,0.005950242717044387,0.02374670525151536,-0.017763306112310088,0.07599614117447645,0.007234077819648178,0.30460173156712556,1.0,1.0,0.11851353336582258,0.005951689243303066,0.023744550814530196,False
1969,2025-07-07 21:24:54,2025-07-07 21:34:54,10.0,7.3,7.466666666666667,8,4,True,eligible,0.012359454124109583,0.006160569908162325,0.02543263864486827,-0.019483306153978117,0.08265384945498176,0.0061988842159472575,0.24371154754119365,1.0,1.0,0.12671475000674418,0.006161809437099726,0.02543024632824299,False
1970,2025-07-07 21:25:54,2025-07-07 21:35:54,10.0,7.316666666666666,7.483333333333333,8,4,True,eligible,0.012359454124109583,0.006160569908162325,0.02543263864486827,-0.019483306153978117,0.08265384945498176,0.0061988842159472575,0.24371154754119365,1.0,1.0,0.12671475000674418,0.006161809437099726,0.02543024632824299,False
1971,2025-07-07 21:26:54,2025-07-07 21:36:54,10.0,7.333333333333333,7.5,8,4,True,eligible,0.012359454124109583,0.006160569908162325,0.02543263864486827,-0.019483306153978117,0.08265384945498176,0.0061988842159472575,0.24371154754119365,1.0,1.0,0.12671475000674418,0.006161809437099726,0.02543024632824299,False
1972,2025-07-07 21:27:54,2025-07-07 21:37:54,10.0,7.35,7.516666666666667,6,4,True,eligible,0.02752293577981668,0.006876987367308824,0.023912055842917,-0.017532062058696257,0.07840594328898293,0.020645948412507855,0.8632610214709747,1.0,1.0,0.12023413622737988,0.006881115731318523,0.023911446868439653,False
1973,2025-07-07 21:28:54,2025-07-07 21:38:54,10.0,7.366666666666666,7.533333333333333,6,4,True,eligible,0.02752293577981668,0.006876987367308824,0.023912055842917,-0.017532062058696257,0.07840594328898293,0.020645948412507855,0.8632610214709747,1.0,1.0,0.12023413622737988,0.006881115731318523,0.023911446868439653,False
1974,2025-07-07 21:29:54,2025-07-07 21:39:54,10.0,7.383333333333334,7.55,6,4,True,eligible,0.02752293577981668,0.006876987367308824,0.023912055842917,-0.017532062058696257,0.07840594328898293,0.020645948412507855,0.8632610214709747,1.0,1.0,0.12023413622737988,0.006881115731318523,0.023911446868439653,False
1975,2025-07-07 21:30:54,2025-07-07 21:40:54,10.0,7.4,7.566666666666666,15,8,True,eligible,0.010440365566987962,-0.010375692003744358,0.011659308643879667,-0.02852771447017852,0.016684589542922002,0.02081605757073232,1.7846122807291067,0.996000799840032,0.996000799840032,0.044911902120753196,-0.010371529624706019,0.01166185810577928,False
1976,2025-07-07 21:31:54,2025-07-07 21:41:54,10.0,7.416666666666667,7.583333333333333,55,8,True,eligible,0.022293205254225876,-0.0071882547271339605,0.014658359680381173,-0.030467934886961315,0.02835681564338261,0.029481459981359835,2.0102246391908007,0.982003599280144,0.982003599280144,0.062327239884180784,-0.0071823596141602835,0.01466282140500044,False
1977,2025-07-07 21:32:54,2025-07-07 21:42:54,10.0,7.433333333333334,7.6,95,8,True,eligible,0.018738787677071888,-0.007135782454170939,0.013201408321019594,-0.027607535526251205,0.025215597408340663,0.02587457013124283,1.9590372359321049,0.9868026394721056,0.9868026394721056,0.055468888437132366,-0.007130608574920542,0.013205158012059856,False
1978,2025-07-07 21:33:54,2025-07-07 21:43:54,10.0,7.45,7.616666666666666,134,6,True,eligible,0.01711902189442925,-0.006677475645106378,0.0127285423918677,-0.02634274229198371,0.024057488031019147,0.023796497539535628,1.8686983859014523,0.9928014397120576,0.9928014397120576,0.05368241709318676,-0.006672717297268037,0.01273171709848738,False
1979,2025-07-07 21:34:54,2025-07-07 21:44:54,10.0,7.466666666666667,7.633333333333334,166,6,True,eligible,0.014742257228046615,-0.0068422025734170095,0.012262757063237702,-0.025594658879840974,0.022938704348964428,0.021584459801463625,1.7594427197391898,0.9964007198560288,0.9964007198560288,0.05130631922007978,-0.006837886544662468,0.012265328976386346,False
1980,2025-07-07 21:35:54,2025-07-07 21:45:54,10.0,7.483333333333333,7.65,182,6,True,eligible,0.012474490618895882,-0.007054392608757579,0.011639979858916828,-0.024663265762742827,0.020951774391443405,0.019528883227653462,1.6771022890585883,0.9986002799440112,0.9986002799440112,0.04813923966713341,-0.007050487613111177,0.011642091457025593,False
1981,2025-07-07 21:36:54,2025-07-07 21:46:54,10.0,7.5,7.666666666666667,198,6,True,eligible,0.011232153773660204,-0.007109151159877577,0.011372716293511814,-0.024180679693518094,0.019828380880840532,0.01834130493353778,1.6121657154143565,0.999000199960008,0.999000199960008,0.0468158892664951,-0.007105483632396366,0.011374536271752595,False
1982,2025-07-07 21:37:54,2025-07-07 21:47:54,10.0,7.516666666666667,7.683333333333334,219,6,True,eligible,0.008725846379884642,-0.0073579126630082155,0.01009591050856705,-0.022378438802972894,0.016120755266184922,0.01608375904289286,1.592533054803571,0.9992001599680064,0.9992001599680064,0.04051266544648356,-0.007354696554421353,0.010097462583776279,False
1983,2025-07-07 21:38:54,2025-07-07 21:48:54,10.0,7.533333333333333,7.7,245,6,True,eligible,0.007792160326523238,-0.0074428611979911125,0.009458138434797222,-0.02141917572310833,0.014746470312874673,0.01523502152451435,1.6102056101656552,0.999000199960008,0.999000199960008,0.037403956373177616,-0.007439814802965215,0.009459646043539379,False
1984,2025-07-07 21:39:54,2025-07-07 21:49:54,10.0,7.55,7.716666666666667,273,9,True,eligible,0.007379054197015562,-0.007415038047540119,0.008984374607872188,-0.020781406997298395,0.014225302623451726,0.014794092244555681,1.6460360004868106,0.9988002399520096,0.9988002399520096,0.03518593732274253,-0.007412079820736568,0.0089859116163788,False
1985,2025-07-07 21:40:54,2025-07-07 21:50:54,10.0,7.566666666666666,7.733333333333333,296,9,True,eligible,0.0066000932126302845,-0.007569932665126936,0.00888828789518402,-0.02074316259004286,0.013452119386326527,0.01417002587775722,1.5936713385343593,0.9992001599680064,0.9992001599680064,0.034574622245725245,-0.0075670992266390815,0.008889657545261755,False
1986,2025-07-07 21:41:54,2025-07-07 21:51:54,10.0,7.583333333333333,7.75,278,9,True,eligible,0.003447864108593653,-0.007574787022995968,0.007462728244099515,-0.01857768156859516,0.00951967844273093,0.01102265113158962,1.476557259946387,0.9996000799840032,0.9996000799840032,0.027808910475848225,-0.007572582933587532,0.007463609669008929,False
1987,2025-07-07 21:42:54,2025-07-07 21:52:54,10.0,7.6,7.766666666666667,251,9,True,eligible,0.0026198841642227164,-0.007500616916833908,0.006948332822797589,-0.017836836061579785,0.008397448911245256,0.010120501081056624,1.4560821246566205,0.9996000799840032,0.9996000799840032,0.025443905395654408,-0.007498593221356794,0.006949111739123707,False
1988,2025-07-07 21:43:54,2025-07-07 21:53:54,10.0,7.616666666666666,7.783333333333333,224,9,True,eligible,0.0011264303078717397,-0.00721237717024632,0.0058273641549007535,-0.0161244475606464,0.007241337693461576,0.00833880747811806,1.43053820486915,0.9996000799840032,0.9996000799840032,0.020416999544889985,-0.007210709742236298,0.005827974409722688,False
1989,2025-07-07 21:44:54,2025-07-07 21:54:54,10.0,7.633333333333334,7.8,220,9,True,eligible,-0.00011305435954473225,-0.0070082325869658445,0.005387483404448394,-0.015510133968172659,0.005758754097857914,0.006895178227421112,1.279513899150387,1.0,1.0,0.018534321575035297,-0.007006853827072339,0.005387826949050866,False
1990,2025-07-07 21:45:54,2025-07-07 21:55:54,10.0,7.65,7.816666666666666,223,9,True,eligible,0.0008142048831286022,-0.0071937869016223165,0.005788540908061973,-0.016070945447954895,0.006950224429640731,0.00800799178475092,1.3830185140647495,1.0,1.0,0.020251094342851765,-0.007192185623520985,0.00578906965107681,False
1991,2025-07-07 21:46:54,2025-07-07 21:56:54,10.0,7.666666666666667,7.833333333333333,265,11,True,eligible,0.0026281823578883927,-0.00737032552459178,0.00684438442824975,-0.0178941798875287,0.008977191883774419,0.009998507882480172,1.4603761178849735,0.9996000799840032,0.9996000799840032,0.02508138694603585,-0.007368326222875627,0.006845160269562416,False
1992,2025-07-07 21:47:54,2025-07-07 21:57:54,10.0,7.683333333333334,7.85,259,11,True,eligible,0.004110709217725816,-0.007455836870986073,0.007438710455345353,-0.018867379572579245,0.010208139471609446,0.011566546088711889,1.5543815954826865,0.9992001599680064,0.9992001599680064,0.02781493125402327,-0.00745352402433766,0.007439764647028262,False
1993,2025-07-07 21:48:54,2025-07-07 21:58:54,10.0,7.7,7.866666666666666,270,11,True,eligible,0.005146989196520342,-0.007451844562455087,0.008137873197288351,-0.019791268520672645,0.011985003872100202,0.012598833758975428,1.5476471137480126,0.9996000799840032,0.9996000799840032,0.031133923592055926,-0.007449325299555872,0.008139009457763989,False
1994,2025-07-07 21:49:54,2025-07-07 21:59:54,10.0,7.716666666666667,7.883333333333334,252,11,True,eligible,0.005937641202853211,-0.007515823611845288,0.008923313618908135,-0.02079450992756907,0.013185983995678703,0.013453464814698498,1.5071826198347344,0.9996000799840032,0.9996000799840032,0.0347935188205669,-0.0075131334569133335,0.008924449156162277,False
1995,2025-07-07 21:50:54,2025-07-07 22:00:54,10.0,7.733333333333333,7.9,278,12,True,eligible,0.015246878837860875,-0.0063067665454284326,0.012879264424279528,-0.02598950412796908,0.024805627396914092,0.021553645383289306,1.6728795039950302,0.9988002399520096,0.9988002399520096,0.05476312019348022,-0.006302456678325194,0.012881582603363697,False
1996,2025-07-07 21:51:54,2025-07-07 22:01:54,10.0,7.75,7.916666666666667,274,13,True,eligible,0.022197470959329228,-0.005269210555073871,0.01572887456778464,-0.029236563831781685,0.03286190133465083,0.0274666815144031,1.7455517629823298,0.9964007198560288,0.9964007198560288,0.06931481718517819,-0.00526371831721856,0.015732096783901434,False
1997,2025-07-07 21:52:54,2025-07-07 22:02:54,10.0,7.766666666666667,7.933333333333334,288,13,True,eligible,0.019622098314531336,-0.005586509645366738,0.015050087660585566,-0.02848501479155723,0.030409115875276574,0.025208607959898075,1.6743436850966638,0.9986002799440112,0.9986002799440112,0.06577685600411733,-0.005581468931917447,0.015052803955834027,False
1998,2025-07-07 21:53:54,2025-07-07 22:03:54,10.0,7.783333333333333,7.95,274,13,True,eligible,0.021915992312441294,-0.005170297293960112,0.016372389038405877,-0.02991567109817484,0.03464685633755447,0.027086289606401408,1.6537703889718245,0.9988002399520096,0.9988002399520096,0.07246245753132236,-0.005164881119273769,0.016375231780846964,False
1999,2025-07-07 21:54:54,2025-07-07 22:04:54,10.0,7.8,7.966666666666667,246,13,True,eligible,0.028240130584647704,-0.0040983224946806555,0.018163018692320634,-0.031916467358387525,0.0410891617110199,0.03233845307932836,1.7797137934464924,0.996000799840032,0.996000799840032,0.082029223651928,-0.004091856097344257,0.018166958530663337,False
2000,2025-07-07 21:55:54,2025-07-07 22:05:54,10.0,7.816666666666666,7.983333333333333,227,13,True,eligible,0.029202595968241665,-0.0038094018534653514,0.01856228815047609,-0.031982403691910584,0.042280412971110605,0.033011997821707016,1.7777044648679827,0.996000799840032,0.996000799840032,0.08421137691178697,-0.0038028007741168794,0.01856630131421176,False
2001,2025-07-07 21:56:54,2025-07-07 22:06:54,10.0,7.833333333333333,8.0,169,10,True,eligible,0.032959131436671146,-0.0023273917919219367,0.019686434849270136,-0.032738423546707585,0.047192161609584206,0.03528652322859308,1.7916735977053202,0.996000799840032,0.996000799840032,0.09102451509194442,-0.002320335898454912,0.019690789315816293,False
2002,2025-07-07 21:57:54,2025-07-07 22:07:54,10.0,7.85,8.016666666666667,154,10,True,eligible,0.03570496517852186,-0.0015063858668819012,0.020844229734404807,-0.03382529197147816,0.05085761732558144,0.03721135104540376,1.7844640631233613,0.996000799840032,0.996000799840032,0.09733543060550592,-0.0014989450848292305,0.02084878649684477,False
2003,2025-07-07 21:58:54,2025-07-07 22:08:54,10.0,7.866666666666666,8.033333333333333,117,10,True,eligible,0.044260943820363476,0.0006818883781167168,0.024718436579895486,-0.03756455498730708,0.06162881521023884,0.04357905544224676,1.7622943586332696,0.9964007198560288,0.9964007198560288,0.11789387898787232,0.0006906024463915113,0.024723645718166244,False
2004,2025-07-07 21:59:54,2025-07-07 22:09:54,10.0,7.883333333333334,8.05,107,10,True,eligible,0.04504491753144426,0.00021099170819800835,0.024495141118476015,-0.03809583200043735,0.0603732615925394,0.04483392582324625,1.8295233799823276,0.9952009598080384,0.9952009598080384,0.11636727749794573,0.00021995670036422448,0.024500895326909144,False
2005,2025-07-07 22:00:54,2025-07-07 22:10:54,10.0,7.9,8.066666666666666,47,7,True,eligible,0.016195679102265943,-0.007321954437530214,0.013687573767859893,-0.028116272791767236,0.025068041531976854,0.023517633539796155,1.7174953042991292,0.998000399920016,0.998000399920016,0.05758181487650142,-0.007317251851339492,0.013690244680581836,False
2006,2025-07-07 22:01:54,2025-07-07 22:11:54,10.0,7.916666666666667,8.083333333333334,29,7,True,eligible,0.0024486143028408795,-0.008220577498341947,0.007230063241752823,-0.018631598750506267,0.006722022683218758,0.010669191801182826,1.475201884444186,0.9996000799840032,0.9996000799840032,0.026059949037447586,-0.008218444086664048,0.007230914291791303,False
2007,2025-07-07 22:02:54,2025-07-07 22:12:54,10.0,7.933333333333334,8.1,2,2,False,insufficient_merged_records_nodes_or_variation,,,,,,,,,,,,,False
2008,2025-07-07 22:03:54,2025-07-07 22:13:54,10.0,7.95,8.116666666666667,1,1,False,insufficient_merged_records_nodes_or_variation,,,,,,,,,,,,,False
2009,2025-07-07 22:04:54,2025-07-07 22:14:54,10.0,7.966666666666667,8.133333333333333,2,2,False,insufficient_merged_records_nodes_or_variation,,,,,,,,,,,,,False
2010,2025-07-07 22:05:54,2025-07-07 22:15:54,10.0,7.983333333333333,8.15,2,2,False,insufficient_merged_records_nodes_or_variation,,,,,,,,,,,,,False
2011,2025-07-07 22:06:54,2025-07-07 22:16:54,10.0,8.0,8.166666666666666,3,2,False,insufficient_merged_records_nodes_or_variation,,,,,,,,,,,,,False
2012,2025-07-07 22:07:54,2025-07-07 22:17:54,10.0,8.016666666666667,8.183333333333334,4,3,False,insufficient_merged_records_nodes_or_variation,,,,,,,,,,,,,False
2013,2025-07-07 22:08:54,2025-07-07 22:18:54,10.0,8.033333333333333,8.2,4,3,False,insufficient_merged_records_nodes_or_variation,,,,,,,,,,,,,False
2014,2025-07-07 22:09:54,2025-07-07 22:19:54,10.0,8.05,8.216666666666667,6,3,True,eligible,0.006465900236490568,-0.00634877038535685,0.009236887475023235,-0.016116905663472514,0.013929708966139478,0.012814670621847418,1.3869308415173804,1.0,1.0,0.037445615897940855,-0.006346207963716809,0.00923774121728392,False
2015,2025-07-07 22:10:54,2025-07-07 22:20:54,10.0,8.066666666666666,8.233333333333333,5,2,False,insufficient_merged_records_nodes_or_variation,,,,,,,,,,,,,False
2016,2025-07-07 22:11:54,2025-07-07 22:21:54,10.0,8.083333333333334,8.25,5,2,False,insufficient_merged_records_nodes_or_variation,,,,,,,,,,,,,False
2017,2025-07-07 22:12:54,2025-07-07 22:22:54,10.0,8.1,8.266666666666667,5,2,False,insufficient_merged_records_nodes_or_variation,,,,,,,,,,,,,False
2018,2025-07-07 22:13:54,2025-07-07 22:23:54,10.0,8.116666666666667,8.283333333333333,7,2,False,insufficient_merged_records_nodes_or_variation,,,,,,,,,,,,,False
2019,2025-07-07 22:14:54,2025-07-07 22:24:54,10.0,8.133333333333333,8.3,6,2,False,insufficient_merged_records_nodes_or_variation,,,,,,,,,,,,,False
2020,2025-07-07 22:15:54,2025-07-07 22:25:54,10.0,8.15,8.316666666666666,6,2,False,insufficient_merged_records_nodes_or_variation,,,,,,,,,,,,,False
2021,2025-07-07 22:16:54,2025-07-07 22:26:54,10.0,8.166666666666666,8.333333333333334,6,2,False,insufficient_merged_records_nodes_or_variation,,,,,,,,,,,,,False
2022,2025-07-07 22:17:54,2025-07-07 22:27:54,10.0,8.183333333333334,8.35,5,2,False,insufficient_merged_records_nodes_or_variation,,,,,,,,,,,,,False
2023,2025-07-07 22:18:54,2025-07-07 22:28:54,10.0,8.2,8.366666666666667,5,2,False,insufficient_merged_records_nodes_or_variation,,,,,,,,,,,,,False
2024,2025-07-07 22:19:54,2025-07-07 22:29:54,10.0,8.216666666666667,8.383333333333333,4,3,False,insufficient_merged_records_nodes_or_variation,,,,,,,,,,,,,False
2025,2025-07-07 22:20:54,2025-07-07 22:30:54,10.0,8.233333333333333,8.4,4,3,False,insufficient_merged_records_nodes_or_variation,,,,,,,,,,,,,False
2026,2025-07-07 22:21:54,2025-07-07 22:31:54,10.0,8.25,8.416666666666666,5,3,True,eligible,-0.008868034066033606,-0.007362396339871816,0.0014914014700855146,-0.008868034066033634,-0.005885391977757882,-0.0015056377261617902,-1.0093417715745365,1.0,1.0,-0.0002926450102934859,-0.007362697407203583,0.0014914043005291977,False
2027,2025-07-07 22:22:54,2025-07-07 22:32:54,10.0,8.266666666666667,8.433333333333334,7,5,True,eligible,0.0535642368103099,0.01373569193593339,0.02126823009838674,-0.019300473992379136,0.05529911087704109,0.03982854487437651,1.8718343936161808,0.9928014397120576,0.9928014397120576,0.11459168353505722,0.013743656052085032,0.02127355971982961,False
2028,2025-07-07 22:23:54,2025-07-07 22:33:54,10.0,8.283333333333333,8.45,5,4,True,eligible,0.09667584104187925,0.023787342121419607,0.027659554736793907,-0.016313832612489285,0.09377866992253647,0.07288849892045965,2.6331101554656136,0.7716456708658268,0.7716456708658268,0.15500086995371667,0.023801916906246733,0.027675987646914906,False
2029,2025-07-07 22:24:54,2025-07-07 22:34:54,10.0,8.3,8.466666666666667,9,5,True,eligible,0.07704948115133683,0.01751147451549589,0.018889025002811737,-0.009418132343192304,0.05112771265190623,0.05953800663584094,3.148547772343181,0.46330733853229356,0.46330733853229356,0.10714739442010134,0.017523379735779,0.018905891134457176,False
2030,2025-07-07 22:25:54,2025-07-07 22:35:54,10.0,8.316666666666666,8.483333333333333,9,5,True,eligible,0.07704948115133683,0.01751147451549589,0.018889025002811737,-0.009418132343192304,0.05112771265190623,0.05953800663584094,3.148547772343181,0.46330733853229356,0.46330733853229356,0.10714739442010134,0.017523379735779,0.018905891134457176,False
2031,2025-07-07 22:26:54,2025-07-07 22:36:54,10.0,8.333333333333334,8.5,9,5,True,eligible,0.10690580379800137,0.027024124768348878,0.021131891832092565,-0.007566577450375881,0.0757996815986858,0.07988167902965249,3.774380575114101,0.1899620075984803,0.1899620075984803,0.1273495567405974,0.027040097909526564,0.021159950434002123,False
2032,2025-07-07 22:27:54,2025-07-07 22:37:54,10.0,8.35,8.516666666666667,10,5,True,eligible,0.09057352554447823,0.02274117765186815,0.01833624423173132,-0.007224652752874837,0.06433335724019273,0.06783234789261008,3.693937278253198,0.21755648870225955,0.21755648870225955,0.10978849692255405,0.02275474140869531,0.01835948448151597,False
2033,2025-07-07 22:28:39,2025-07-07 22:38:39,10.0,8.3625,8.529166666666667,11,5,True,eligible,0.07811086151089638,0.019430536480396794,0.016124900930368207,-0.006872459292405759,0.05552259232081658,0.058680325030499594,3.6339392049646753,0.23635272945410918,0.23635272945410918,0.09597641689853251,0.019442270198659243,0.016144626534226086,False
2034,2025-07-07 14:06:54,2025-07-07 14:26:54,20.0,0.0,0.3333333333333333,0,0,False,insufficient_merged_records_nodes_or_variation,,,,,,,,,,,,,False
2035,2025-07-07 14:07:54,2025-07-07 14:27:54,20.0,0.016666666666666666,0.35,0,0,False,insufficient_merged_records_nodes_or_variation,,,,,,,,,,,,,False
2036,2025-07-07 14:08:54,2025-07-07 14:28:54,20.0,0.03333333333333333,0.36666666666666664,0,0,False,insufficient_merged_records_nodes_or_variation,,,,,,,,,,,,,False
2037,2025-07-07 14:09:54,2025-07-07 14:29:54,20.0,0.05,0.38333333333333336,0,0,False,insufficient_merged_records_nodes_or_variation,,,,,,,,,,,,,False
2038,2025-07-07 14:10:54,2025-07-07 14:30:54,20.0,0.06666666666666667,0.4,0,0,False,insufficient_merged_records_nodes_or_variation,,,,,,,,,,,,,False
2039,2025-07-07 14:11:54,2025-07-07 14:31:54,20.0,0.08333333333333333,0.4166666666666667,0,0,False,insufficient_merged_records_nodes_or_variation,,,,,,,,,,,,,False
2040,2025-07-07 14:12:54,2025-07-07 14:32:54,20.0,0.1,0.43333333333333335,0,0,False,insufficient_merged_records_nodes_or_variation,,,,,,,,,,,,,False
2041,2025-07-07 14:13:54,2025-07-07 14:33:54,20.0,0.11666666666666667,0.45,0,0,False,insufficient_merged_records_nodes_or_variation,,,,,,,,,,,,,False
2042,2025-07-07 14:14:54,2025-07-07 14:34:54,20.0,0.13333333333333333,0.4666666666666667,0,0,False,insufficient_merged_records_nodes_or_variation,,,,,,,,,,,,,False
2043,2025-07-07 14:15:54,2025-07-07 14:35:54,20.0,0.15,0.48333333333333334,0,0,False,insufficient_merged_records_nodes_or_variation,,,,,,,,,,,,,False
2044,2025-07-07 14:16:54,2025-07-07 14:36:54,20.0,0.16666666666666666,0.5,0,0,False,insufficient_merged_records_nodes_or_variation,,,,,,,,,,,,,False
2045,2025-07-07 14:17:54,2025-07-07 14:37:54,20.0,0.18333333333333332,0.5166666666666667,6,1,False,insufficient_merged_records_nodes_or_variation,,,,,,,,,,,,,False
2046,2025-07-07 14:18:54,2025-07-07 14:38:54,20.0,0.2,0.5333333333333333,8,3,True,eligible,0.00771352064266009,-0.0036247392190561795,0.01508267700332841,-0.02585827904560193,0.02897566044522576,0.01133825986171627,0.751622925265676,1.0,1.0,0.06787435679595437,-0.0036224720205235428,0.015082020893889981,False
2047,2025-07-07 14:19:54,2025-07-07 14:39:54,20.0,0.21666666666666667,0.55,9,4,True,eligible,0.00784912868198877,-0.0008769373376468791,0.01723634903541316,-0.027269829522347473,0.037566025131378536,0.008726066019635648,0.5061959515599717,1.0,1.0,0.08082822418058973,-0.0008751924734157981,0.017235067029908777,False
2048,2025-07-07 14:20:54,2025-07-07 14:40:54,20.0,0.23333333333333334,0.5666666666666667,13,4,True,eligible,0.023793975598612578,0.004584899845448157,0.026123435960263675,-0.03136343836213273,0.0715598171530403,0.019209075753164422,0.7352063913011369,1.0,1.0,0.1284220808379987,0.0045887408923894,0.026122235787741963,False
2049,2025-07-07 14:21:54,2025-07-07 14:41:54,20.0,0.25,0.5833333333333334,13,4,True,eligible,0.023793975598612578,0.004584899845448157,0.026123435960263675,-0.03136343836213273,0.0715598171530403,0.019209075753164422,0.7352063913011369,1.0,1.0,0.1284220808379987,0.0045887408923894,0.026122235787741963,False
2050,2025-07-07 14:22:54,2025-07-07 14:42:54,20.0,0.26666666666666666,0.6,14,5,True,eligible,0.02075316974705129,0.008587278958767038,0.026498973891335226,-0.030467419415884434,0.07404171660463961,0.012165890788284252,0.4590524250387889,1.0,1.0,0.13419907624113367,0.008589711650386371,0.02649688234549057,False
2051,2025-07-07 14:23:54,2025-07-07 14:43:54,20.0,0.2833333333333333,0.6166666666666667,16,7,True,eligible,0.01286596389078021,0.00034646068602840025,0.026083365674052846,-0.0387387598901215,0.06480759749254666,0.012519503204751809,0.4799213208151788,1.0,1.0,0.1239885217446017,0.0003489640859893586,0.02608135805162788,False
2052,2025-07-07 14:24:54,2025-07-07 14:44:54,20.0,0.3,0.6333333333333333,16,7,True,eligible,0.01286596389078021,0.00034646068602840025,0.026083365674052846,-0.0387387598901215,0.06480759749254666,0.012519503204751809,0.4799213208151788,1.0,1.0,0.1239885217446017,0.0003489640859893586,0.02608135805162788,False
2053,2025-07-07 14:25:54,2025-07-07 14:45:54,20.0,0.31666666666666665,0.65,19,8,True,eligible,0.021616854712774154,0.005936431411268381,0.02996473900015314,-0.03533360483070071,0.081508275298332,0.01568042330150577,0.5232292020952791,1.0,1.0,0.14797810672094944,0.005939566868837169,0.029962562833184866,False
2054,2025-07-07 14:26:54,2025-07-07 14:46:54,20.0,0.3333333333333333,0.6666666666666666,21,8,True,eligible,0.014391328369596815,-0.001803341313899435,0.027706448092729596,-0.04075350574863953,0.06785761267068342,0.01619466968349625,0.5844306538491513,1.0,1.0,0.12953460063010977,-0.0018001030276199909,0.027704623791680878,False
2055,2025-07-07 14:27:54,2025-07-07 14:47:54,20.0,0.35,0.6833333333333333,25,8,True,eligible,0.024927533553629422,-0.0018024389689877932,0.028219030022709597,-0.04030208565535796,0.07059284848862923,0.026729972522617215,0.9470524911099599,1.0,1.0,0.13197479276097784,-0.001797094043468375,0.028218739560862276,False
2056,2025-07-07 14:28:54,2025-07-07 14:48:54,20.0,0.36666666666666664,0.7,26,8,True,eligible,0.02206012118359913,6.543129988006218e-05,0.02861905595841861,-0.04116795708948312,0.07329141533212233,0.021994689883719068,0.7684108225047833,1.0,1.0,0.13573387410356366,6.982935824513282e-05,0.028617884055396826,False
2057,2025-07-07 14:29:54,2025-07-07 14:49:54,20.0,0.38333333333333336,0.7166666666666667,26,8,True,eligible,0.02206012118359913,6.543129988006218e-05,0.02861905595841861,-0.04116795708948312,0.07329141533212233,0.021994689883719068,0.7684108225047833,1.0,1.0,0.13573387410356366,6.982935824513282e-05,0.028617884055396826,False
2058,2025-07-07 14:30:54,2025-07-07 14:50:54,20.0,0.4,0.7333333333333333,27,8,True,eligible,0.018373473890261654,-0.0031429043813725947,0.02689052377137106,-0.04208723369047732,0.06544520259158519,0.02151637827163425,0.8000160310924165,1.0,1.0,0.12433224525595962,-0.003138601966201303,0.02688955598438242,False
2059,2025-07-07 14:31:54,2025-07-07 14:51:54,20.0,0.4166666666666667,0.75,27,8,True,eligible,0.018373473890261654,-0.0031429043813725947,0.02689052377137106,-0.04208723369047732,0.06544520259158519,0.02151637827163425,0.8000160310924165,1.0,1.0,0.12433224525595962,-0.003138601966201303,0.02688955598438242,False
2060,2025-07-07 14:32:54,2025-07-07 14:52:54,20.0,0.43333333333333335,0.7666666666666667,28,8,True,eligible,0.015515725914319564,-0.0016998815301715417,0.027632725710709228,-0.04333702755378987,0.06634979172239751,0.017215607444491104,0.6229287169095037,1.0,1.0,0.12928941313313452,-0.0016964390971692443,0.027631034730398074,False
2061,2025-07-07 14:33:54,2025-07-07 14:53:54,20.0,0.45,0.7833333333333333,32,9,True,eligible,0.015629528023028784,0.000288788856475255,0.029811663898547967,-0.04684994493923918,0.07405527327524412,0.015340739166553529,0.5145234265898811,1.0,1.0,0.14160466355965406,0.0002918563908017007,0.029809471910503524,False
2062,2025-07-07 14:34:54,2025-07-07 14:54:54,20.0,0.4666666666666667,0.8,34,9,True,eligible,0.022594667244648675,0.002444973244733801,0.03131247868920209,-0.04822020025333851,0.07546308448521154,0.020149693999914873,0.6434126687375943,1.0,1.0,0.15087816537883322,0.0024490023777071885,0.03131064376843593,False
2063,2025-07-07 14:35:54,2025-07-07 14:55:54,20.0,0.48333333333333334,0.8166666666666667,36,9,True,eligible,0.01607995352970362,-0.00018484945239632164,0.030158585728715073,-0.04884382056618198,0.07104771668506943,0.01626480298209994,0.539239612102672,1.0,1.0,0.14277605616976335,-0.0001815971422619283,0.030156446794693786,False
2064,2025-07-07 14:36:54,2025-07-07 14:56:54,20.0,0.5,0.8333333333333334,40,10,True,eligible,0.004899254323338313,-0.003372851023322248,0.027315576494952618,-0.04787561478661075,0.06091924480406055,0.008272105346660561,0.30280168435091387,1.0,1.0,0.1261074526197589,-0.0033711969330709663,0.0273130952826033,False
2065,2025-07-07 14:37:54,2025-07-07 14:57:54,20.0,0.5166666666666667,0.85,35,11,True,eligible,0.011055588021324135,-0.008587446481174385,0.023394434149088723,-0.044472802299371346,0.04764636429772576,0.01964303450249852,0.8395025159727516,1.0,1.0,0.10231531242884546,-0.008583518659838151,0.023393743684503417,False
2066,2025-07-07 14:38:54,2025-07-07 14:58:54,20.0,0.5333333333333333,0.8666666666666667,41,12,True,eligible,0.008261846445597996,-0.005078923895832126,0.02399961302777777,-0.04191760908821862,0.052570064826734375,0.013340770341430122,0.5558016519348091,1.0,1.0,0.10868685628261872,-0.005076256275287951,0.023997954440139725,False
2067,2025-07-07 14:39:54,2025-07-07 14:59:54,20.0,0.55,0.8833333333333333,44,12,True,eligible,0.0036858151899402973,-0.006034936740701171,0.021400152885720686,-0.03975081698517847,0.044426294853043204,0.009720751930641468,0.45418272027544454,1.0,1.0,0.0954071013213576,-0.006032992979067369,0.02139845426773079,False
2068,2025-07-07 14:40:54,2025-07-07 15:00:54,20.0,0.5666666666666667,0.9,53,18,True,eligible,0.0038228478617938497,-0.0022217577215878272,0.023163849940507086,-0.04133316877175999,0.04774254410588212,0.006044605583381677,0.2609220916965597,1.0,1.0,0.10757822921348392,-0.0022205490422070283,0.02316169115733239,False
2069,2025-07-07 14:41:54,2025-07-07 15:01:54,20.0,0.5833333333333334,0.9166666666666666,77,27,True,eligible,-0.003613098686414395,-0.012817372279627611,0.020606648064281176,-0.04890004726693034,0.03057000398118999,0.009204273593213217,0.4466116880716423,1.0,1.0,0.08486315807786625,-0.01281553179300629,0.020604998374148475,False
2070,2025-07-07 14:42:54,2025-07-07 15:02:54,20.0,0.6,0.9333333333333333,115,36,True,eligible,0.010539729811097171,-0.013232685243184588,0.023397926704263973,-0.05518192563054496,0.03576434335307587,0.023772415054281758,1.015798776673354,1.0,1.0,0.0976910847303146,-0.013227931710880192,0.02339800171822832,False
2071,2025-07-07 14:43:54,2025-07-07 15:03:54,20.0,0.6166666666666667,0.95,131,40,True,eligible,0.006659092664088087,-0.01112166233849657,0.023734671257217635,-0.054634045086490585,0.03782839759782418,0.017780755002584657,0.7490299590403684,1.0,1.0,0.10139196455643931,-0.011118106898584038,0.0237336295405963,False
2072,2025-07-07 14:44:54,2025-07-07 15:04:54,20.0,0.6333333333333333,0.9666666666666667,177,48,True,eligible,0.027420459500614724,-0.0024590929169264557,0.02426882617017611,-0.04700959614303793,0.04728671787103222,0.02987955241754118,1.2308810301301862,1.0,1.0,0.1126000017747809,-0.0024531182013860556,0.024270077262333913,False
2073,2025-07-07 14:45:54,2025-07-07 15:05:54,20.0,0.65,0.9833333333333333,176,48,True,eligible,0.0271618225213195,-0.00246427166887166,0.024225557082173173,-0.046974176516393844,0.04722848623359561,0.02962609419019116,1.2226221762289444,1.0,1.0,0.11238941036156495,-0.002458347634840428,0.02422675682811543,False
2074,2025-07-07 14:46:54,2025-07-07 15:06:54,20.0,0.6666666666666666,1.0,180,48,True,eligible,0.027784623546475967,-0.0035751950730531965,0.026705878454545005,-0.051510291541953176,0.05195855352147352,0.03135981861952916,1.173987251666532,1.0,1.0,0.12303598665261929,-0.003568924363471206,0.026706889589677648,False
2075,2025-07-07 14:47:54,2025-07-07 15:07:54,20.0,0.6833333333333333,1.0166666666666666,179,48,True,eligible,0.026665673485698954,-0.0032882681215574776,0.02646879477296445,-0.05126050487150858,0.05164392373916424,0.02995394160725643,1.1314120082046268,1.0,1.0,0.1221974545412398,-0.0032822785311541073,0.026469537003037256,False
2076,2025-07-07 14:48:54,2025-07-07 15:08:54,20.0,0.7,1.0333333333333334,179,48,True,eligible,0.029392858867804683,-0.0028364989063539865,0.026941870359165877,-0.05162483001258747,0.05350587662760455,0.03222935777415867,1.1959646779985886,1.0,1.0,0.1248942922104191,-0.0028300543237156817,0.02694303083051287,False
2077,2025-07-07 14:49:54,2025-07-07 15:09:54,20.0,0.7166666666666667,1.05,194,48,True,eligible,0.038818776943075825,-0.0022318577412154587,0.02591069022272847,-0.04944570585688535,0.052143102605378605,0.041050634684291286,1.5837568089106238,0.9992001599680064,0.9992001599680064,0.12062539221658389,-0.0022236492559756485,0.025914601262097953,False
2078,2025-07-07 14:50:54,2025-07-07 15:10:54,20.0,0.7333333333333333,1.0666666666666667,203,49,True,eligible,0.04590450797021858,-3.279741035964518e-05,0.025802010255653162,-0.04719702639658302,0.05403052297720886,0.045937305380578226,1.7796350065289583,0.996000799840032,0.996000799840032,0.12231821685972338,-2.36117864083194e-05,0.025807606384528354,False
2079,2025-07-07 14:51:54,2025-07-07 15:11:54,20.0,0.75,1.0833333333333333,229,51,True,eligible,0.038559585834067316,0.0031366873236851824,0.02566205959139453,-0.04497502185253488,0.05734965021560261,0.035422898510382134,1.379959799136271,1.0,1.0,0.12480663882363126,0.0031437704867546467,0.025664381940314302,False
2080,2025-07-07 14:52:54,2025-07-07 15:12:54,20.0,0.7666666666666667,1.1,233,51,True,eligible,0.0458645419006088,0.00504354706524416,0.025576917866575316,-0.04275767618780893,0.05912234394386227,0.04082099483536464,1.5954432539113432,0.9992001599680064,0.9992001599680064,0.12631870402661605,0.005051709631697943,0.02558087363424257,False
2081,2025-07-07 14:53:54,2025-07-07 15:13:54,20.0,0.7833333333333333,1.1166666666666667,231,51,True,eligible,0.05066301796072057,0.007580348843328313,0.025484747899998075,-0.03948303723964829,0.06183696599489889,0.04308266911739226,1.6898757055692,0.9984003199360127,0.9984003199360127,0.12842270710925396,0.007588963654189617,0.02548948077339353,False
2082,2025-07-07 14:54:54,2025-07-07 15:14:54,20.0,0.8,1.1333333333333333,235,51,True,eligible,0.05595870214531568,0.009294655333431179,0.024965289375254714,-0.03683807847678093,0.06273612273860489,0.046664046811884505,1.86831757741025,0.9928014397120576,0.9928014397120576,0.12768228398974835,0.009303986276604921,0.02497151256981735,False
2083,2025-07-07 14:55:54,2025-07-07 15:15:54,20.0,0.8166666666666667,1.15,233,51,True,eligible,0.05855015632359997,0.010381297186135667,0.025227365621533673,-0.03596612524826677,0.06466096091784856,0.048168859137464305,1.908502646180401,0.9908018396320736,0.9908018396320736,0.1300137349065618,0.010390929031594068,0.025234037473508254,False
2084,2025-07-07 14:56:54,2025-07-07 15:16:54,20.0,0.8333333333333334,1.1666666666666667,229,51,True,eligible,0.06410216690018426,0.01205499151330837,0.025619508433129573,-0.034702202570528695,0.06760641996942572,0.052047175386875894,2.0305037189737174,0.98000399920016,0.98000399920016,0.1335535064422454,0.012065398866915026,0.025627516732434408,False
2085,2025-07-07 14:57:54,2025-07-07 15:17:54,20.0,0.85,1.1833333333333333,228,50,True,eligible,0.06326504996266397,0.012279369600320144,0.025588471674046754,-0.034175844748760786,0.0674400969256532,0.05098568036234382,1.9915357266135516,0.9842031593681264,0.9842031593681264,0.13362859178645123,0.012289564697373205,0.025596068694168257,False
2086,2025-07-07 14:58:54,2025-07-07 15:18:54,20.0,0.8666666666666667,1.2,228,49,True,eligible,0.07755869037214361,0.019975063144787295,0.026335002859827015,-0.026567381797529047,0.07588766368460291,0.05758362722735631,2.185318229750027,0.9558088382323535,0.9558088382323535,0.14487573061754122,0.019986577567348254,0.026344956089704556,False
2087,2025-07-07 14:59:54,2025-07-07 15:19:54,20.0,0.8833333333333333,1.2166666666666666,238,49,True,eligible,0.0813806538834565,0.023924565344260903,0.02733932955788734,-0.023886227469486924,0.08321164512106576,0.05745608853919559,2.100453400316683,0.9714057188562287,0.9714057188562287,0.15358333054278878,0.02393605426418476,0.027348666535811215,False
2088,2025-07-07 15:00:54,2025-07-07 15:20:54,20.0,0.9,1.2333333333333334,234,48,True,eligible,0.0859132075224282,0.029393877847708107,0.028842658750134108,-0.019285775276601892,0.09283269805375163,0.05651932967472009,1.9586263470564442,0.9868026394721056,0.9868026394721056,0.1661735904758746,0.02940517945332194,0.028850846489444165,False
2089,2025-07-07 15:01:54,2025-07-07 15:21:54,20.0,0.9166666666666666,1.25,222,48,True,eligible,0.080423567472801,0.028813641936393714,0.029193430033614947,-0.018997644957836974,0.09269611551444423,0.05160992553640728,1.7671320445049485,0.9962007598480304,0.9962007598480304,0.16724580294967314,0.028823961857516768,0.029199632124683444,False
2090,2025-07-07 15:02:54,2025-07-07 15:22:54,20.0,0.9333333333333333,1.2666666666666666,204,43,True,eligible,0.065430903112696,0.024418816845097453,0.02986042461991985,-0.02312625377162714,0.0917987709297529,0.04101208626759855,1.3730632934196734,1.0,1.0,0.16599390918711315,0.02442701762219555,0.02986307017819878,False
2091,2025-07-07 15:03:54,2025-07-07 15:23:54,20.0,0.95,1.2833333333333334,210,40,True,eligible,0.07684869844174427,0.03753098764804543,0.03214741493893269,-0.013114778479999712,0.10853649766271034,0.03931771079369884,1.2227390939690466,1.0,1.0,0.18994230619071786,0.03753884961781021,0.032149007926403295,False
2092,2025-07-07 15:04:54,2025-07-07 15:24:54,20.0,0.9666666666666667,1.3,190,30,True,eligible,0.052788944601272696,0.022652999514094264,0.0344529129778029,-0.032295012702474625,0.10137575776717313,0.030135945087178432,0.8745451324526026,1.0,1.0,0.1859803826196603,0.022659025497914938,0.034452103139446265,False
2093,2025-07-07 15:05:54,2025-07-07 15:25:54,20.0,0.9833333333333333,1.3166666666666667,210,30,True,eligible,0.05317712913734301,0.024670600841120004,0.03530532327921873,-0.031820467763738244,0.10579408844779209,0.028506528296223004,0.807295271753278,1.0,1.0,0.19203654937246753,0.024676301006746126,0.035304093963908635,False
2094,2025-07-07 15:06:54,2025-07-07 15:26:54,20.0,1.0,1.3333333333333333,247,29,True,eligible,0.0543806759008835,0.027833532986815776,0.03570766915857244,-0.029085028994000724,0.10952782927291367,0.026547142914067727,0.7433423318820901,1.0,1.0,0.19710467840160814,0.02783884135372521,0.035706071629145957,False
2095,2025-07-07 15:07:54,2025-07-07 15:27:54,20.0,1.0166666666666666,1.35,289,29,True,eligible,0.04993983776458028,0.02656328071057207,0.03553678382430386,-0.028662244557698918,0.10800104353602184,0.02337655705400821,0.657718744420053,1.0,1.0,0.19502171923381906,0.026567955087107565,0.03553476752145934,False
2096,2025-07-07 15:08:54,2025-07-07 15:28:54,20.0,1.0333333333333334,1.3666666666666667,326,31,True,eligible,0.04746763094506187,0.02511622492369607,0.035403093019828434,-0.029480081047191662,0.10652722087041154,0.022351406021365802,0.6312522153423082,1.0,1.0,0.19294015597591432,0.02512069431102288,0.0354009634990682,False
2097,2025-07-07 15:09:54,2025-07-07 15:29:54,20.0,1.05,1.3833333333333333,372,31,True,eligible,0.04603526069559134,0.024690624990836314,0.03537935313451083,-0.029402078985785597,0.10532395910292722,0.02134463570475503,0.6032254214668475,1.0,1.0,0.1924012413721368,0.02469489306436256,0.035377102608401295,False
2098,2025-07-07 15:10:54,2025-07-07 15:30:54,20.0,1.0666666666666667,1.4,423,29,True,eligible,0.04528701366067523,0.0245257265441465,0.035562983959916826,-0.029943318729289195,0.10612129303945231,0.02076128711652873,0.5837109810437406,1.0,1.0,0.19310628845777117,0.024529877971284378,0.03556063936346506,False
2099,2025-07-07 15:11:54,2025-07-07 15:31:54,20.0,1.0833333333333333,1.4166666666666667,453,21,True,eligible,0.04892362765648398,0.023385012188784818,0.036061402555787034,-0.03248436679315871,0.10564947936255535,0.025538615467699165,0.7080917557079642,1.0,1.0,0.19433189114427057,0.023390118890538006,0.036059604648859475,False
2100,2025-07-07 15:12:54,2025-07-07 15:32:54,20.0,1.1,1.4333333333333333,502,21,True,eligible,0.04846258038597891,0.023616394152867627,0.03603076728252128,-0.03183457657682085,0.10531463906508036,0.02484618623311128,0.6894807705788323,1.0,1.0,0.19441746996747292,0.02362136239646553,0.03602887716311319,False
2101,2025-07-07 15:13:54,2025-07-07 15:33:54,20.0,1.1166666666666667,1.45,548,21,True,eligible,0.04803784179535632,0.023816420511097496,0.035999060673168486,-0.03180458552327251,0.10568452722149663,0.024221421284258825,0.6727370992738497,1.0,1.0,0.19446668369981393,0.023821263826691235,0.03599709008883913,False
2102,2025-07-07 15:14:54,2025-07-07 15:34:54,20.0,1.1333333333333333,1.4666666666666666,595,21,True,eligible,0.046273127480670105,0.023258012159366917,0.03590287817103029,-0.03197939329015306,0.10526287498296656,0.023015115321303188,0.640947750717398,1.0,1.0,0.19345139176464085,0.023262614262010647,0.03590076288262861,False
2103,2025-07-07 15:15:54,2025-07-07 15:35:54,20.0,1.15,1.4833333333333334,654,22,True,eligible,0.04723409750450886,0.022318964919457184,0.03591981822954031,-0.03348495466012652,0.10403649376874353,0.024915132585051677,0.6935292172379879,1.0,1.0,0.19259421974637272,0.022323946949568175,0.035917954046905926,False
2104,2025-07-07 15:16:54,2025-07-07 15:36:54,20.0,1.1666666666666667,1.5,706,23,True,eligible,0.04708445225087699,0.022412647909267454,0.035887208212181075,-0.03368918775241577,0.10405849529067936,0.024671804341609538,0.6873806402330005,1.0,1.0,0.1925331287342923,0.022417581283460938,0.035885315244046964,False
2105,2025-07-07 15:17:54,2025-07-07 15:37:54,20.0,1.1833333333333333,1.5166666666666666,745,23,True,eligible,0.0473837925519958,0.02229497861681378,0.03588761041018096,-0.0337190285000375,0.1038433045606055,0.025088813935182017,0.6989899769227784,1.0,1.0,0.1924177232423799,0.022299995376248927,0.03588577519548328,False
2106,2025-07-07 15:18:54,2025-07-07 15:38:54,20.0,1.2,1.5333333333333334,792,23,True,eligible,0.049766600676691905,0.02352059939768695,0.03624983471409613,-0.03368354479258106,0.10641067132837342,0.026246001279004956,0.7239205966061502,1.0,1.0,0.19536123388776183,0.023525847548312627,0.03624810960124621,False
2107,2025-07-07 15:19:54,2025-07-07 15:39:54,20.0,1.2166666666666666,1.55,806,24,True,eligible,0.0504001911708041,0.023930451841712466,0.036211362455338014,-0.03326348109565864,0.10681074397138075,0.02646973932909163,0.7308667054734679,1.0,1.0,0.19558893421976015,0.023935744731000422,0.036209675774818005,False
2108,2025-07-07 15:20:54,2025-07-07 15:40:54,20.0,1.2333333333333334,1.5666666666666667,852,24,True,eligible,0.05192505959436609,0.024515180210382823,0.03651931488898522,-0.03380714304492528,0.10744060062273657,0.027409879383983263,0.7504411191942972,1.0,1.0,0.19763414359041992,0.02452066109008368,0.036517719782872285,False
2109,2025-07-07 15:21:54,2025-07-07 15:41:54,20.0,1.25,1.5833333333333333,866,24,True,eligible,0.053166954296222396,0.025047242064433033,0.036725514826182415,-0.03387906772220599,0.10887624274366273,0.028119712231789364,0.7655509570786612,1.0,1.0,0.1991442013508499,0.025052864882315812,0.036723994861413034,False
2110,2025-07-07 15:22:54,2025-07-07 15:42:54,20.0,1.2666666666666666,1.6,888,27,True,eligible,0.05375021033449687,0.025479570709771568,0.03680277653165876,-0.033735499616900706,0.10942142481599647,0.0282706396247253,0.7680438362921781,1.0,1.0,0.1999428734557099,0.025485223707097045,0.036801267443082895,False
2111,2025-07-07 15:23:54,2025-07-07 15:43:54,20.0,1.2833333333333334,1.6166666666666667,903,27,True,eligible,0.05320402024785551,0.02499918626860868,0.036811310353424775,-0.03436114422151474,0.10883767076522075,0.02820483397924683,0.766078651440895,1.0,1.0,0.1995028764421711,0.02500482610743676,0.03680978981385228,False
2112,2025-07-07 15:24:54,2025-07-07 15:44:54,20.0,1.3,1.6333333333333333,902,25,True,eligible,0.05335636738259487,0.025302728893233525,0.03687015208951463,-0.03414425676637378,0.1087082838592731,0.028053638489361342,0.7607565660131165,1.0,1.0,0.2000851764788148,0.02530833849901024,0.03686859915067896,False
2113,2025-07-07 15:25:54,2025-07-07 15:45:54,20.0,1.3166666666666667,1.65,886,25,True,eligible,0.05385592338401994,0.025217660471507704,0.036812164493282055,-0.034015908582185325,0.10839088844508199,0.028638262912512237,0.7778316645775173,1.0,1.0,0.1997258029709524,0.025223386978788752,0.03681071073492884,False
2114,2025-07-07 15:26:54,2025-07-07 15:46:54,20.0,1.3333333333333333,1.6666666666666667,846,25,True,eligible,0.05349970662551373,0.024778621347023605,0.03673931653957083,-0.03433248235203652,0.10753285985849446,0.028721085278490127,0.7816274759684678,1.0,1.0,0.19894155898744467,0.024784364415465613,0.03673788741173493,False
2115,2025-07-07 15:27:54,2025-07-07 15:47:54,20.0,1.35,1.6833333333333333,813,26,True,eligible,0.053993948356714165,0.02470476505536449,0.03674571195874762,-0.03496633092784772,0.10741431404142189,0.029289183301349674,0.7969472728304831,1.0,1.0,0.19889855419636207,0.024710621720691696,0.03674437147142514,False
2116,2025-07-07 15:28:54,2025-07-07 15:48:54,20.0,1.3666666666666667,1.7,785,25,True,eligible,0.054288061945358256,0.024748345723898734,0.03672495784306536,-0.03491888331665254,0.10664856534414162,0.02953971622145952,0.8042174651173425,1.0,1.0,0.19884400568545513,0.02475425248579065,0.036723660876052173,False
2117,2025-07-07 15:29:54,2025-07-07 15:49:54,20.0,1.3833333333333333,1.7166666666666666,736,26,True,eligible,0.0540326106807566,0.024302027817438496,0.03673685671141626,-0.0354458450515812,0.106624682617979,0.029730582863318103,0.8091509919856947,1.0,1.0,0.19845426959859158,0.024307972745025636,0.03673558857387704,False
2118,2025-07-07 15:30:54,2025-07-07 15:50:54,20.0,1.4,1.7333333333333334,681,26,True,eligible,0.05404516307971035,0.023755803559601097,0.03683588460564287,-0.03593892548450179,0.10590896619396475,0.030289359520109253,0.8221408115914042,1.0,1.0,0.1983779560795033,0.023761860220173004,0.03683469112902748,False
2119,2025-07-07 15:31:54,2025-07-07 15:51:54,20.0,1.4166666666666667,1.75,639,23,True,eligible,0.053518979720087734,0.024028397923688643,0.0368071221032762,-0.034861288802150045,0.10623308167135864,0.02949058179639909,0.8010879226963972,1.0,1.0,0.19851344906705987,0.024034294860660534,0.03680580373772723,False
2120,2025-07-07 15:32:54,2025-07-07 15:52:54,20.0,1.4333333333333333,1.7666666666666666,613,24,True,eligible,0.05296785916939134,0.022256104615627846,0.036649684311742294,-0.03648531952185548,0.1042054264304148,0.030711754553763494,0.8378388205364924,1.0,1.0,0.19599613429684842,0.02226224573831407,0.03664859240040415,False
2121,2025-07-07 15:33:54,2025-07-07 15:53:54,20.0,1.45,1.7833333333333334,590,24,True,eligible,0.05228912672496318,0.021018402510793288,0.036526954495110515,-0.03780504611039016,0.10216364587357177,0.03127072421416989,0.8559516470907396,1.0,1.0,0.1941772878639799,0.02102465540505727,0.03652597833787632,False
2122,2025-07-07 15:34:54,2025-07-07 15:54:54,20.0,1.4666666666666666,1.8,546,25,True,eligible,0.05403950794507955,0.020479841243754647,0.03644406225135119,-0.038484012016282466,0.10174745906157177,0.0335596667013249,0.9206840487979181,1.0,1.0,0.1932482288787593,0.02048655183497667,0.03644350757886048,False
2123,2025-07-07 15:35:54,2025-07-07 15:55:54,20.0,1.4833333333333334,1.8166666666666667,491,23,True,eligible,0.053609014037640706,0.02095534903773503,0.036449436002494694,-0.03791280180137829,0.1016820040226704,0.03265366499990568,0.8957005718857064,1.0,1.0,0.1937482451837654,0.020961878464849582,0.036448715784628286,False
2124,2025-07-07 15:36:54,2025-07-07 15:56:54,20.0,1.5,1.8333333333333333,456,23,True,eligible,0.053159713520137604,0.01964571620835768,0.03632333849097366,-0.03955441542385233,0.09922868950495746,0.033513997311779925,0.9224866460727923,1.0,1.0,0.19184186559404814,0.019652417667528205,0.03632279772857046,False
2125,2025-07-07 15:37:54,2025-07-07 15:57:54,20.0,1.5166666666666666,1.85,437,23,True,eligible,0.05000216142438621,0.016981944625124132,0.03586952122017018,-0.04143546933295713,0.09624581239509877,0.03302021679926208,0.9203947301741899,1.0,1.0,0.1870266256447816,0.016988547347939423,0.03586897338080019,False
2126,2025-07-07 15:38:54,2025-07-07 15:58:54,20.0,1.5333333333333334,1.8666666666666667,396,23,True,eligible,0.04749377096949545,0.015124909941562351,0.03515321605225837,-0.04200979896545314,0.09278475436024879,0.0323688610279331,0.920623632838188,1.0,1.0,0.18177385079175243,0.015131382419272395,0.03515268063503121,False
2127,2025-07-07 15:39:54,2025-07-07 15:59:54,20.0,1.55,1.8833333333333333,379,23,True,eligible,0.0457749604164844,0.014720081831206088,0.03519302951146618,-0.042154878306244606,0.09259372062028781,0.031054878585278313,0.882258703737515,1.0,1.0,0.181556339765776,0.014726291564976388,0.03519224998288648,False
2128,2025-07-07 15:40:54,2025-07-07 16:00:54,20.0,1.5666666666666667,1.9,324,23,True,eligible,0.04147328671892807,0.012318375953774824,0.0344352309502916,-0.043265719232053676,0.08939496954235406,0.029154910765153245,0.8465140498815624,1.0,1.0,0.17556095483245476,0.012324205769964616,0.03443425534761267,False
2129,2025-07-07 15:41:54,2025-07-07 16:01:54,20.0,1.5833333333333333,1.9166666666666667,298,23,True,eligible,0.03878003789401622,0.010809035955056326,0.033727094178941784,-0.04349282888295318,0.08605773768115893,0.02797100193895989,0.8291933551114893,1.0,1.0,0.17069406275482996,0.010814629036827762,0.033726040717521624,False
2130,2025-07-07 15:42:54,2025-07-07 16:02:54,20.0,1.6,1.9333333333333333,255,20,True,eligible,0.03452047459734521,0.0074022742371541075,0.033058204223914624,-0.04618543041988133,0.0812900552329367,0.0271182003601911,0.8201796091227253,1.0,1.0,0.16411610110012,0.00740769679271503,0.03305712249251156,False
2131,2025-07-07 15:43:54,2025-07-07 16:03:54,20.0,1.6166666666666667,1.95,216,20,True,eligible,0.02988606686549423,0.005602737479057628,0.03208699798313603,-0.046826646774676225,0.07640317009945276,0.024283329386436604,0.7566775604443736,1.0,1.0,0.15771058862303175,0.005607593173795969,0.032085626640547205,False
2132,2025-07-07 15:44:54,2025-07-07 16:04:54,20.0,1.6333333333333333,1.9666666666666666,191,20,True,eligible,0.019976448931675193,-0.00012131752645760569,0.02941200851497169,-0.04798860016668371,0.06425507150354419,0.0200977664581328,0.6832181869206458,1.0,1.0,0.1393038856529992,-0.00011729877691588766,0.029410440315056956,False
2133,2025-07-07 15:45:54,2025-07-07 16:05:54,20.0,1.65,1.9833333333333334,186,20,True,eligible,0.018239052816163604,-0.001523923673400317,0.0284476890474107,-0.047628631687006165,0.060413149174167936,0.019762976489563922,0.6946099277975293,1.0,1.0,0.13333027905591716,-0.0015199718684633919,0.028446216925345363,False
2134,2025-07-07 15:46:54,2025-07-07 16:06:54,20.0,1.6666666666666667,2.0,183,20,True,eligible,0.02005146482438012,-0.0005466306270007493,0.028925041950887905,-0.04739511991750377,0.06263064502450504,0.02059809545138087,0.7120125191837079,1.0,1.0,0.13657086527067241,-0.0005425118316695392,0.028923615949421475,False
2135,2025-07-07 15:47:54,2025-07-07 16:07:54,20.0,1.6833333333333333,2.0166666666666666,171,19,True,eligible,0.02433712916430632,-1.4608503984488172e-05,0.029516439885254465,-0.048284287969564736,0.0638324586640125,0.02435173766829081,0.8248842422799588,1.0,1.0,0.13990946957730338,-9.7391303255622e-06,0.029515496898495436,False
2136,2025-07-07 15:48:54,2025-07-07 16:08:54,20.0,1.7,2.033333333333333,164,19,True,eligible,0.02349081581260922,-0.0010894052066774702,0.0291063188683923,-0.049388993691143544,0.0629058162502843,0.02458022101928669,0.8443531223462247,1.0,1.0,0.1368910367065095,-0.0010844901454858502,0.029105483603598298,False
2137,2025-07-07 15:49:54,2025-07-07 16:09:54,20.0,1.7166666666666666,2.05,152,17,True,eligible,0.025565015081946352,0.0001933391977498834,0.029849459454132095,-0.048812187252294956,0.06646831887285659,0.02537167588419647,0.8498414175428031,1.0,1.0,0.14169685290319398,0.00019841251826262002,0.02984863062690884,False
2138,2025-07-07 15:50:54,2025-07-07 16:10:54,20.0,1.7333333333333334,2.066666666666667,147,18,True,eligible,0.027303981212959762,-0.000535069281325108,0.0293800196402076,-0.04868613592549425,0.06364813980812307,0.02783905049428487,0.9473706606188258,1.0,1.0,0.13874604641348354,-0.0005295025845656027,0.029379718999683224,False
2139,2025-07-07 15:51:54,2025-07-07 16:11:54,20.0,1.75,2.0833333333333335,136,18,True,eligible,0.02389994084935048,-0.004865481308174942,0.027008249912234793,-0.04985628297905216,0.05453087011558194,0.028765422157525422,1.0648333223844404,1.0,1.0,0.1231755076832227,-0.004859729374130245,0.027008612163902136,False
2140,2025-07-07 15:52:54,2025-07-07 16:12:54,20.0,1.7666666666666666,2.1,112,18,True,eligible,0.024697305684064197,-0.0076742761195617735,0.024265039848865265,-0.04770844993588347,0.045923102537035194,0.03237158180362597,1.333712479777306,1.0,1.0,0.10737040213342783,-0.007667803097805397,0.024266931045943047,False
2141,2025-07-07 15:53:54,2025-07-07 16:13:54,20.0,1.7833333333333334,2.1166666666666667,91,18,True,eligible,0.02173162980352684,-0.012298487480348232,0.02241738272197532,-0.05088695489404544,0.03650986601062877,0.034030117283875075,1.5175222501155121,0.9996000799840032,0.9996000799840032,0.09399253225305358,-0.012291682817823963,0.022420305612494966,False
2142,2025-07-07 15:54:54,2025-07-07 16:14:54,20.0,1.8,2.1333333333333333,83,18,True,eligible,0.018906819785397773,-0.012881803740422288,0.02166532344538975,-0.049563770151914946,0.034165222714272483,0.03178862352582006,1.4667957829357354,0.9996000799840032,0.9996000799840032,0.08984158458333043,-0.01287544728700781,0.02166782004840142,False
2143,2025-07-07 15:55:54,2025-07-07 16:15:54,20.0,1.8166666666666667,2.15,84,18,True,eligible,0.028526181423510624,-0.010943933322866316,0.02293563367423643,-0.0496496515286995,0.038512734049161626,0.03947011474637694,1.7202265637850642,0.998000399920016,0.998000399920016,0.09781242281730124,-0.010936040878405932,0.02294013075526905,False
2144,2025-07-07 15:56:54,2025-07-07 16:16:54,20.0,1.8333333333333333,2.1666666666666665,69,17,True,eligible,0.03293009153210214,-0.014268208933709121,0.021622546805239732,-0.051751818360217784,0.03165524330349044,0.04719830046581126,2.18157057373231,0.9566086782643471,0.9566086782643471,0.08828221382246879,-0.014258771161170466,0.021630683536650475,False
2145,2025-07-07 15:57:54,2025-07-07 16:17:54,20.0,1.85,2.183333333333333,49,17,True,eligible,0.052691951593212806,-0.013092675892469105,0.02252333344782225,-0.05064359396635749,0.03542020008357319,0.06578462748568191,2.9179521780646316,0.6092781443711258,0.6092781443711258,0.0937734589638198,-0.0130795215978309,0.02254028482216849,False
2146,2025-07-07 15:58:54,2025-07-07 16:18:54,20.0,1.8666666666666667,2.2,38,13,True,eligible,0.02913009456862502,-0.01344291474832826,0.021838097284460452,-0.05214350886274853,0.031626774223528886,0.04257300931695328,1.9485481712904822,0.9874025194961008,0.9874025194961008,0.09011881489424757,-0.013434401849044725,0.02184421049723404,False
2147,2025-07-07 15:59:54,2025-07-07 16:19:54,20.0,1.8833333333333333,2.216666666666667,47,20,True,eligible,0.0022546902729190217,0.015059122036602968,0.028521717517140378,-0.03323693106936045,0.07671813866868105,-0.012804431763683947,-0.44888228519958856,1.0,1.0,0.1502539289322744,0.015056561662325085,0.02851943997681688,False
2148,2025-07-07 16:00:54,2025-07-07 16:20:54,20.0,1.9,2.2333333333333334,54,20,True,eligible,0.004909511904030629,0.013774758687463773,0.02769466811601109,-0.032711849476150585,0.07351921633263611,-0.008865246783433145,-0.3200713473693064,1.0,1.0,0.14504871016545806,0.01377298599264605,0.027692182263314307,False
2149,2025-07-07 16:01:54,2025-07-07 16:21:54,20.0,1.9166666666666667,2.25,58,21,True,eligible,0.008355028368273338,0.014373178628080331,0.02718521334875632,-0.030792914030073382,0.07385913017765153,-0.0060181502598069935,-0.22135265550576952,1.0,1.0,0.1432321397876589,0.014371975238706246,0.027182627905162304,False
2150,2025-07-07 16:02:54,2025-07-07 16:22:54,20.0,1.9333333333333333,2.2666666666666666,58,21,True,eligible,0.008355028368273338,0.014373178628080331,0.02718521334875632,-0.030792914030073382,0.07385913017765153,-0.0060181502598069935,-0.22135265550576952,1.0,1.0,0.1432321397876589,0.014371975238706246,0.027182627905162304,False
2151,2025-07-07 16:03:54,2025-07-07 16:23:54,20.0,1.95,2.283333333333333,66,22,True,eligible,0.011092343830305116,0.016222182069736375,0.027983328794814213,-0.030541744905974392,0.0774142141941392,-0.005129838239431259,-0.1832987145861295,1.0,1.0,0.14886424992895603,0.01622115630724099,0.02798062435143765,False
2152,2025-07-07 16:04:54,2025-07-07 16:24:54,20.0,1.9666666666666666,2.3,73,22,True,eligible,0.012607054282245345,0.018861422049063964,0.029919945728749255,-0.030099904506603565,0.08508618991033282,-0.006254367766818619,-0.209014925334882,1.0,1.0,0.16068311880666197,0.01886017142563529,0.02991708431046851,False
2153,2025-07-07 16:05:54,2025-07-07 16:25:54,20.0,1.9833333333333334,2.316666666666667,78,23,True,eligible,0.010329114918185143,0.016787472100987126,0.027866883527032718,-0.029406752323244325,0.07893008157301833,-0.006458357182801983,-0.2317330131936202,1.0,1.0,0.1488775805209477,0.016786180687833198,0.02786424636119056,False
2154,2025-07-07 16:06:54,2025-07-07 16:26:54,20.0,2.0,2.3333333333333335,80,23,True,eligible,0.009483257650796825,0.01659054710112321,0.028022682981518113,-0.029562563515442796,0.07910866125526014,-0.0071072894503263866,-0.25359931671200103,1.0,1.0,0.1494191694305119,0.01658912592746788,0.02802006081404708,False
2155,2025-07-07 16:07:54,2025-07-07 16:27:54,20.0,2.0166666666666666,2.35,87,23,True,eligible,0.010201208023387741,0.02234997527734737,0.029114441961866477,-0.02660981815678306,0.08574813457449085,-0.012148767253959627,-0.4172273441199893,1.0,1.0,0.16035414067338866,0.0223475460097501,0.02911203725628593,False
2156,2025-07-07 16:08:54,2025-07-07 16:28:54,20.0,2.033333333333333,2.3666666666666667,95,24,True,eligible,0.007477951374791653,0.020234441608080425,0.029172934846174295,-0.028556077656024824,0.08305922213182859,-0.012756490233288773,-0.43721933419455566,1.0,1.0,0.15851598634631842,0.020231890820191344,0.02917057515055908,False
2157,2025-07-07 16:09:54,2025-07-07 16:29:54,20.0,2.05,2.3833333333333333,97,24,True,eligible,0.006995485113021846,0.018833620667621308,0.02856384706018117,-0.029254155226364435,0.08042155965274933,-0.011838135554599461,-0.4143961707570067,1.0,1.0,0.15422791816861922,0.01883125351394112,0.02856148110465896,False
2158,2025-07-07 16:10:54,2025-07-07 16:30:54,20.0,2.066666666666667,2.4,100,23,True,eligible,0.006809941042183719,0.019073438791056,0.02866431100978369,-0.028704637361703148,0.08063900542482584,-0.012263497748872282,-0.4277809915532081,1.0,1.0,0.15494401772786526,0.01907098658194805,0.028661969049270587,False
2159,2025-07-07 16:11:54,2025-07-07 16:31:54,20.0,2.0833333333333335,2.4166666666666665,105,24,True,eligible,0.0045785662748378895,0.021791562443345843,0.029044480057549286,-0.026241645607046348,0.08427664614849499,-0.017212996168507952,-0.5925625442608621,1.0,1.0,0.1594655240178451,0.02178812053249431,0.029042595459898502,False
2160,2025-07-07 16:12:54,2025-07-07 16:32:54,20.0,2.1,2.433333333333333,101,24,True,eligible,0.0026218987933626825,0.021852402089623753,0.028746813083133534,-0.02551024121653396,0.08346909346706088,-0.01923050329626107,-0.6688644207097669,1.0,1.0,0.15811626339848767,0.02184855675803082,0.02874522454680087,False
2161,2025-07-07 16:13:54,2025-07-07 16:33:54,20.0,2.1166666666666667,2.45,106,24,True,eligible,0.0014675908071209534,0.019536697833230234,0.0283397811272273,-0.026371658266131484,0.08059505420648545,-0.01806910702610928,-0.6374984422798218,1.0,1.0,0.15387079867162934,0.019533084734444768,0.028338098933572288,False
2162,2025-07-07 16:14:54,2025-07-07 16:34:54,20.0,2.1333333333333333,2.466666666666667,107,24,True,eligible,0.0010309597774716642,0.02043926965882442,0.02855161952084423,-0.02617289676884738,0.0813991497020065,-0.019408309881352757,-0.6796627790116454,1.0,1.0,0.15577802202128369,0.02043538877302531,0.028550083357177878,False
2163,2025-07-07 16:15:54,2025-07-07 16:35:54,20.0,2.15,2.4833333333333334,102,22,True,eligible,0.0029497448881610094,0.023278676578263897,0.028453106841687108,-0.023333437715001102,0.0840472076738175,-0.020328931690102886,-0.7143635341759701,1.0,1.0,0.1581509199404906,0.02327461160492055,0.028451713650535927,False
2164,2025-07-07 16:16:54,2025-07-07 16:36:54,20.0,2.1666666666666665,2.5,100,22,True,eligible,0.0008689813673532691,0.023358577476224485,0.028561617682567552,-0.023496174736356724,0.08428893609176534,-0.022489596108871215,-0.7872787207259341,1.0,1.0,0.1587462458053268,0.023354080456406672,0.02856053199090703,False
2165,2025-07-07 16:17:54,2025-07-07 16:37:54,20.0,2.183333333333333,2.5166666666666666,101,22,True,eligible,0.0007955155125525969,0.022510114698409026,0.02805180209941633,-0.023405844965701438,0.08225928446984183,-0.02171459918585643,-0.7739655187292284,1.0,1.0,0.15548095541376233,0.02250577264698214,0.028050677464385682,False
2166,2025-07-07 16:18:54,2025-07-07 16:38:54,20.0,2.2,2.533333333333333,99,22,True,eligible,0.0005938356568444404,0.025517105115754023,0.030291050083714896,-0.023159525037543226,0.09054303529314842,-0.024923269458909582,-0.8226552396904437,1.0,1.0,0.16910322587803686,0.025512121458593672,0.03029007122245488,False
2167,2025-07-07 16:19:54,2025-07-07 16:39:54,20.0,2.216666666666667,2.55,91,18,True,eligible,-0.0013610967288394133,0.02352887326064725,0.03104173895323532,-0.02396476843222761,0.09059783966104515,-0.024889969989486664,-0.8016909745382041,1.0,1.0,0.17067305033426222,0.023523896262049065,0.031040630094685686,False
2168,2025-07-07 16:20:54,2025-07-07 16:40:54,20.0,2.2333333333333334,2.566666666666667,90,18,True,eligible,-0.004512096667891163,0.022794836866668163,0.030603049531128707,-0.023630686182240453,0.0883279186675867,-0.027306933534559326,-0.8921342984618102,1.0,1.0,0.16786120610547128,0.02278937657202018,0.030602425315318198,False
2169,2025-07-07 16:21:54,2025-07-07 16:41:54,20.0,2.25,2.5833333333333335,88,17,True,eligible,-0.00717956176071342,0.021578557106844812,0.03155655946062955,-0.025578824898198307,0.08928354663564333,-0.028758118867558233,-0.9111530761519867,1.0,1.0,0.17116520318650175,0.021572806633166037,0.03155602406053158,False
2170,2025-07-07 16:22:54,2025-07-07 16:42:54,20.0,2.2666666666666666,2.6,91,17,True,eligible,-0.008208858051305919,0.02198768308603445,0.03187280263181412,-0.024980899377226362,0.09030562383773813,-0.03019654113734037,-0.947228053294322,1.0,1.0,0.17307419083908948,0.021981644985427103,0.0318724756216149,False
2171,2025-07-07 16:23:54,2025-07-07 16:43:54,20.0,2.283333333333333,2.6166666666666667,93,20,True,eligible,-0.014405131339643305,0.021014763751581695,0.029373288780388567,-0.024080283417499057,0.08394900149131648,-0.035419895091225,-1.205558080152193,1.0,1.0,0.16025906621439812,0.021007681189075946,0.02937462168910903,False
2172,2025-07-07 16:24:54,2025-07-07 16:44:54,20.0,2.3,2.6333333333333333,108,28,True,eligible,-0.025495027859681586,0.009019360471764642,0.027348585801315516,-0.03540216599212994,0.06701944011569877,-0.034514388331446225,-1.2616902076468584,1.0,1.0,0.13866703218340604,0.009012458974397827,0.027350205799281206,False
2173,2025-07-07 16:25:54,2025-07-07 16:45:54,20.0,2.316666666666667,2.65,109,27,True,eligible,-0.02483398007763691,0.010256539704658448,0.02839763158978965,-0.03557376877430682,0.07049903344645422,-0.035090519782295354,-1.2353725901152424,1.0,1.0,0.14487654255908983,0.010249523004042114,0.028399127002167214,False
2174,2025-07-07 16:26:54,2025-07-07 16:46:54,20.0,2.3333333333333335,2.6666666666666665,112,27,True,eligible,-0.021129002162292215,0.009345872435707678,0.02638213709240697,-0.03380640345966792,0.06576882127608204,-0.03047487459799989,-1.1548633429562367,1.0,1.0,0.13440936745777482,0.009339778679539312,0.026383018413102526,False
2175,2025-07-07 16:27:54,2025-07-07 16:47:54,20.0,2.35,2.683333333333333,130,32,True,eligible,-0.02680120652019797,0.005951059121509594,0.02588095615506677,-0.03852511293013306,0.06117879429656106,-0.032752265641707565,-1.2651676364829523,1.0,1.0,0.12864143109064108,0.005944509978209911,0.025882511972435452,False
2176,2025-07-07 16:28:54,2025-07-07 16:48:54,20.0,2.3666666666666667,2.7,128,32,True,eligible,-0.026887603092649197,0.006616727835410424,0.024415551057484403,-0.03654899695576666,0.057960369893061504,-0.03350433092805962,-1.3718582417361829,1.0,1.0,0.12236298792303085,0.0066100283091300675,0.02441770613222082,False
2177,2025-07-07 16:29:54,2025-07-07 16:49:54,20.0,2.3833333333333333,2.716666666666667,126,31,True,eligible,-0.02716127371041131,0.007513026521328726,0.024790590684518023,-0.03637068062827258,0.05967429405201242,-0.034674300231740035,-1.3982745991648,1.0,1.0,0.12503795815308094,0.0075060930479770496,0.024792960394972086,False
2178,2025-07-07 16:30:54,2025-07-07 16:50:54,20.0,2.4,2.7333333333333334,125,31,True,eligible,-0.02670654162046454,0.007009094370379579,0.02414197593565646,-0.03601718631169303,0.05767193408608133,-0.03371563599084412,-1.396144726485242,1.0,1.0,0.12145907552201841,0.007002352591537178,0.024144269267028628,False
2179,2025-07-07 16:31:54,2025-07-07 16:51:54,20.0,2.4166666666666665,2.75,117,31,True,eligible,-0.026459684412423932,0.004772586273053224,0.02374260125497826,-0.037733691138076036,0.05507433928132185,-0.031232270685477157,-1.3150937286223219,1.0,1.0,0.11732716006540274,0.004766341067957148,0.02374433456776737,False
2180,2025-07-07 16:32:54,2025-07-07 16:52:54,20.0,2.433333333333333,2.7666666666666666,118,31,True,eligible,-0.02668234952818295,0.005556165441197991,0.02399880316294607,-0.03781440622493296,0.05651997172288222,-0.03223851496938094,-1.3429618366836842,1.0,1.0,0.11932600373948389,0.005549719027486858,0.02400073306272337,False
2181,2025-07-07 16:33:54,2025-07-07 16:53:54,20.0,2.45,2.783333333333333,110,30,True,eligible,-0.02809573864304278,0.00561590779429671,0.024936851443545897,-0.03872913567228361,0.058631019347211336,-0.03371164643733949,-1.35149851437504,1.0,1.0,0.12383293073118136,0.00560916681320546,0.024938914173970858,False
2182,2025-07-07 16:34:54,2025-07-07 16:54:54,20.0,2.466666666666667,2.8,114,30,True,eligible,-0.02618430806572919,0.006275611511566897,0.024566212183112567,-0.037247613302506075,0.05802873059508231,-0.03245991957729609,-1.3209610567321388,1.0,1.0,0.12273476047742513,0.006269120825788595,0.02456804364225751,False
2183,2025-07-07 16:35:54,2025-07-07 16:55:54,20.0,2.4833333333333334,2.816666666666667,114,30,True,eligible,-0.02618430806572919,0.006275611511566897,0.024566212183112567,-0.037247613302506075,0.05802873059508231,-0.03245991957729609,-1.3209610567321388,1.0,1.0,0.12273476047742513,0.006269120825788595,0.02456804364225751,False
2184,2025-07-07 16:36:54,2025-07-07 16:56:54,20.0,2.5,2.8333333333333335,122,30,True,eligible,-0.02598180631642557,0.004155994125075339,0.024309664111357016,-0.03865139924569234,0.05575061726013773,-0.030137800441500908,-1.239431241054802,1.0,1.0,0.11939693490805899,0.004149967770258001,0.024310968683539325,False
2185,2025-07-07 16:37:54,2025-07-07 16:57:54,20.0,2.5166666666666666,2.85,135,31,True,eligible,-0.02289113346966875,0.005364860795934227,0.023624325527111,-0.03614017092119067,0.05494705170170191,-0.028255994265602977,-1.1957644563758352,1.0,1.0,0.11735594129806819,0.005359210727094875,0.023625341969425784,False
2186,2025-07-07 16:38:54,2025-07-07 16:58:54,20.0,2.533333333333333,2.8666666666666667,137,32,True,eligible,-0.02386194997146862,0.005649336679741938,0.02319977522260968,-0.03579680218325263,0.0540832703083672,-0.02951128665121056,-1.2717176200873705,1.0,1.0,0.11562954684610624,0.005643435602627119,0.023201208434989393,False
2187,2025-07-07 16:39:54,2025-07-07 16:59:54,20.0,2.55,2.8833333333333333,128,32,True,eligible,-0.023172268082812544,0.0031983523021304715,0.02193589093188132,-0.03607344118602204,0.04886829623443549,-0.026370620384943016,-1.201873880259265,1.0,1.0,0.1071855366749461,0.003193079232667376,0.021936866878072482,False
2188,2025-07-07 16:40:54,2025-07-07 17:00:54,20.0,2.566666666666667,2.9,124,33,True,eligible,-0.024186006555240586,0.0024122191833720196,0.022865059080067016,-0.03858349766798577,0.05055646612381329,-0.026598225738612605,-1.1629958436880312,1.0,1.0,0.11080330987030729,0.0024069006019405838,0.02286586603168859,False
2189,2025-07-07 16:41:54,2025-07-07 17:01:54,20.0,2.5833333333333335,2.9166666666666665,155,39,True,eligible,-0.01751097600827225,-0.00022788338612636915,0.02377988695442859,-0.042939007231164485,0.05224531096274007,-0.01728309262214588,-0.7266835275116248,1.0,1.0,0.11249269742704618,-0.00023133931346533017,0.023778764813862516,False
2190,2025-07-07 16:42:54,2025-07-07 17:02:54,20.0,2.6,2.933333333333333,164,41,True,eligible,-0.014384672833789712,9.34318712978143e-05,0.024488315514430422,-0.04249842846937311,0.05548724017585661,-0.014478104705087527,-0.5911452501509313,1.0,1.0,0.11617067058634949,9.053682936518333e-05,0.024486722441665703,False
2191,2025-07-07 16:43:54,2025-07-07 17:03:54,20.0,2.6166666666666667,2.95,159,40,True,eligible,-0.011909794583321191,0.0016583925801816606,0.025468079657634285,-0.04351392503717212,0.0583092058562444,-0.013568187163502853,-0.5326842839055508,1.0,1.0,0.1223793226942959,0.0016556794853679233,0.02546625548857826,False
2192,2025-07-07 16:44:54,2025-07-07 17:04:54,20.0,2.6333333333333333,2.966666666666667,137,38,True,eligible,-0.007736139517867806,0.008412663726278306,0.025344458385919994,-0.03673327326961146,0.0643394385921286,-0.016148803244146113,-0.6370833877879795,1.0,1.0,0.12854855654356406,0.008409434611452443,0.025342952647657915,False
2193,2025-07-07 16:45:54,2025-07-07 17:05:54,20.0,2.65,2.9833333333333334,146,40,True,eligible,-0.0030595338987810736,0.021800992508900385,0.028728435164260473,-0.029526487860401615,0.08481806526256393,-0.02486052640768146,-0.8652117593427312,1.0,1.0,0.1579807150009765,0.02179602139784106,0.028727713219598362,False
2194,2025-07-07 16:46:54,2025-07-07 17:06:54,20.0,2.6666666666666665,3.0,151,40,True,eligible,-0.0032849764880602244,0.020921643284736585,0.030875413639161135,-0.03277569683738721,0.0896122425737865,-0.02420661977279681,-0.7838830150068016,1.0,1.0,0.16727710100857612,0.0209168029288532,0.030874223517527593,False
2195,2025-07-07 16:47:54,2025-07-07 17:07:54,20.0,2.683333333333333,3.0166666666666666,126,37,True,eligible,0.0017527393620028783,0.024979828796942157,0.029491051332809545,-0.027966935420036282,0.08832675584906059,-0.02322708943493928,-0.7874702991838325,1.0,1.0,0.16477319796531664,0.02497518430795297,0.02948993120123872,False
2196,2025-07-07 16:48:54,2025-07-07 17:08:54,20.0,2.7,3.033333333333333,117,37,True,eligible,-0.003261562602160641,0.02290846869632374,0.029155599074546096,-0.02983391404864982,0.08444410048548255,-0.02617003129848438,-0.8974367884921371,1.0,1.0,0.1611136487097678,0.022903235736655973,0.02915503205833405,False
2197,2025-07-07 16:49:54,2025-07-07 17:09:54,20.0,2.716666666666667,3.05,119,37,True,eligible,-0.004982258799258439,0.02476166963747514,0.029427741736995795,-0.028981755936718343,0.08682046038690706,-0.029743928436733576,-1.0105402401146344,1.0,1.0,0.16425922298470025,0.024755722041307028,0.02942780471284551,False
2198,2025-07-07 16:50:54,2025-07-07 17:10:54,20.0,2.7333333333333334,3.066666666666667,144,45,True,eligible,-0.02759817592607085,0.00465784837105903,0.029223901055439917,-0.04920493099337718,0.06736884716112254,-0.032256024297129884,-1.1035101440570474,1.0,1.0,0.14319130773808403,0.004651398456182579,0.02922453822099731,False
2199,2025-07-07 16:51:54,2025-07-07 17:11:54,20.0,2.75,3.0833333333333335,145,45,True,eligible,-0.02806579285025415,0.005316971426644925,0.02935280343433473,-0.04865890956788588,0.06801895895620513,-0.033382764276899075,-1.1370331512177558,1.0,1.0,0.14446233052432775,0.005310296208833109,0.029353663983624108,False
2200,2025-07-07 16:52:54,2025-07-07 17:12:54,20.0,2.7666666666666666,3.1,154,46,True,eligible,-0.02580369014740143,0.008090118757191466,0.03010779689167613,-0.04646999659856854,0.0710347678481623,-0.0338938089045929,-1.1254933956672346,1.0,1.0,0.1508141797222656,0.008083341350891808,0.03010860092893192,False
2201,2025-07-07 16:53:54,2025-07-07 17:13:54,20.0,2.783333333333333,3.1166666666666667,154,46,True,eligible,-0.02474398580409632,0.007174455533468279,0.02979771233293179,-0.04688562476563588,0.0693358771320131,-0.0319184413375646,-1.070940913369677,1.0,1.0,0.14842721258843408,0.007168073121683125,0.029798150885252204,False
2202,2025-07-07 16:54:54,2025-07-07 17:14:54,20.0,2.8,3.1333333333333333,148,45,True,eligible,-0.020761041108244335,0.004652649415065401,0.02993391668802241,-0.05016230366492206,0.06772647110398541,-0.025413690523309735,-0.8488471087046031,1.0,1.0,0.1465463453521698,0.0046475676933050904,0.029933080458181265,False
2203,2025-07-07 16:55:54,2025-07-07 17:15:54,20.0,2.816666666666667,3.15,149,45,True,eligible,-0.02119325819945765,0.005192285932475959,0.030180353828138037,-0.05023382279625195,0.06857641150588314,-0.02638554413193361,-0.8741080487550781,1.0,1.0,0.14825462137325035,0.005187009878860296,0.030179642111623668,False
2204,2025-07-07 16:56:54,2025-07-07 17:16:54,20.0,2.8333333333333335,3.1666666666666665,143,45,True,eligible,-0.014871701751109212,0.008503698374821901,0.03057622738952657,-0.04833092268131078,0.07288185331882067,-0.023375400125931114,-0.7643747928070336,1.0,1.0,0.15344063655130652,0.008499024229625755,0.030574956422764855,False
2205,2025-07-07 16:57:54,2025-07-07 17:17:54,20.0,2.85,3.183333333333333,129,44,True,eligible,0.007231022505205639,0.004517216690236607,0.028725416328295183,-0.048054532260830896,0.06681205241367634,0.002713805814969032,0.09446450058119334,1.0,1.0,0.14067806792142773,0.004517759342869075,0.028722569278863467,False
2206,2025-07-07 16:58:54,2025-07-07 17:18:54,20.0,2.8666666666666667,3.2,128,44,True,eligible,0.0047858983406918075,0.004189446733082755,0.02879712542435958,-0.04801654384611628,0.0666886047694859,0.0005964516076090521,0.020710121199528173,1.0,1.0,0.1406896642995696,0.004189565999550984,0.028794246803075668,False
2207,2025-07-07 16:59:54,2025-07-07 17:19:54,20.0,2.8833333333333333,3.216666666666667,127,44,True,eligible,0.0072690610838055565,0.0032768856268704633,0.028838244539324005,-0.048628704587375705,0.06634996268943884,0.003992175456935093,0.13841926903408333,1.0,1.0,0.13997294536379484,0.0032776839023067627,0.028835415830118186,False
2208,2025-07-07 17:00:54,2025-07-07 17:20:54,20.0,2.9,3.2333333333333334,127,44,True,eligible,0.004365367233057465,0.004594258534192429,0.030510358425988517,-0.05044115686846885,0.06956930222706902,-0.00022889130113496435,-0.007501334973894189,1.0,1.0,0.14921513265629602,0.0045942127650860235,0.030507307409278008,False
2209,2025-07-07 17:01:54,2025-07-07 17:21:54,20.0,2.9166666666666665,3.25,105,36,True,eligible,-0.0002480795445019293,0.00335916161215384,0.030898146213725868,-0.05332560569874166,0.06885175475219243,-0.0036072411566557693,-0.11673437033331886,1.0,1.0,0.14981769625215446,0.003358440308183304,0.03089509835352959,False
2210,2025-07-07 17:02:54,2025-07-07 17:22:54,20.0,2.933333333333333,3.2666666666666666,94,35,True,eligible,-0.012484541171555064,0.0012461302436314315,0.031967233562770356,-0.05696045144119558,0.06944308286510747,-0.013730671415186494,-0.42947243202663127,1.0,1.0,0.15277277428838143,0.0012433846584654267,0.03196462637948606,False
2211,2025-07-07 17:03:54,2025-07-07 17:23:54,20.0,2.95,3.283333333333333,92,34,True,eligible,-0.01913374583531602,0.001181527233674054,0.031838267029593394,-0.05628015963094413,0.0681934731934732,-0.020315273068990072,-0.6379874647606786,1.0,1.0,0.15209889434659438,0.0011774649915086885,0.03183637915902287,False
2212,2025-07-07 17:04:54,2025-07-07 17:24:54,20.0,2.966666666666667,3.3,96,36,True,eligible,-0.028341482410972674,0.003282319241919656,0.03163559252814829,-0.05408982735493914,0.06924840984812457,-0.03162380165289233,-0.9994274998094806,1.0,1.0,0.1532455751309993,0.0032759957462882043,0.031635589538298745,False
2213,2025-07-07 17:05:54,2025-07-07 17:25:54,20.0,2.9833333333333334,3.316666666666667,87,33,True,eligible,-0.03415539280529753,-0.007629152232089912,0.0281216234657833,-0.058553967026482835,0.05201785638226205,-0.02652624057320762,-0.9430902619798615,1.0,1.0,0.12567557619293393,-0.007634456419367098,0.02812131293801521,False
2214,2025-07-07 17:06:54,2025-07-07 17:26:54,20.0,3.0,3.3333333333333335,83,31,True,eligible,-0.02120469616165463,-0.010437172701763094,0.023332040827033062,-0.052204854151665626,0.03990035663503234,-0.010767523459891536,-0.46143489437399793,1.0,1.0,0.10015829501430992,-0.010439325775840258,0.023330204362674235,False
2215,2025-07-07 17:07:54,2025-07-07 17:27:54,20.0,3.0166666666666666,3.35,87,31,True,eligible,-0.02054959706593271,-0.010914229231427944,0.021079120968563885,-0.04908050447867465,0.03410578158561862,-0.009635367834504766,-0.4570495776219655,1.0,1.0,0.08900222265315709,-0.0109161559196572,0.021077453339741436,False
2216,2025-07-07 17:08:54,2025-07-07 17:28:54,20.0,3.033333333333333,3.3666666666666667,87,31,True,eligible,-0.02054959706593271,-0.010914229231427944,0.021079120968563885,-0.04908050447867465,0.03410578158561862,-0.009635367834504766,-0.4570495776219655,1.0,1.0,0.08900222265315709,-0.0109161559196572,0.021077453339741436,False
2217,2025-07-07 17:09:54,2025-07-07 17:29:54,20.0,3.05,3.3833333333333333,86,31,True,eligible,-0.01986695550033336,-0.011913709344398754,0.019431492806288628,-0.04767143793125803,0.029047557210905274,-0.007953246155934606,-0.4092489429289973,1.0,1.0,0.08019267842824962,-0.011915299675563708,0.019429875048325357,False
2218,2025-07-07 17:10:54,2025-07-07 17:30:54,20.0,3.066666666666667,3.4,60,22,True,eligible,-0.015240946912328496,0.004836555076272328,0.018325316441612914,-0.027791459309311567,0.04478406644971551,-0.020077501988600824,-1.0953745671752908,1.0,1.0,0.09170605972440118,0.004832540378814101,0.018325683188817613,False
2219,2025-07-07 17:11:54,2025-07-07 17:31:54,20.0,3.0833333333333335,3.4166666666666665,62,22,True,eligible,-0.013287008373357228,0.007432322431338962,0.019059968571032433,-0.02671812504132557,0.048102487962924566,-0.02071933080469619,-1.0868229816605715,1.0,1.0,0.09778424295014362,0.007428179393785532,0.01906031443638756,False
2220,2025-07-07 17:12:54,2025-07-07 17:32:54,20.0,3.1,3.433333333333333,52,18,True,eligible,-0.009521246326468115,0.0008497853186465451,0.016560021276978445,-0.029351616695994842,0.03558259330513516,-0.01037103164511466,-0.6261820580140722,1.0,1.0,0.07934627892712284,0.0008477115270758357,0.016559014620171262,False
2221,2025-07-07 17:13:54,2025-07-07 17:33:54,20.0,3.1166666666666667,3.45,76,21,True,eligible,0.03036211441209153,0.02319095273814663,0.03127695081745751,-0.02831670215157303,0.09192869933298624,0.007171161673944899,0.22925531189168563,1.0,1.0,0.17144777878720963,0.023192386683692306,0.03127398736909811,False
2222,2025-07-07 17:14:54,2025-07-07 17:34:54,20.0,3.1333333333333333,3.466666666666667,79,24,True,eligible,0.0274791267410846,0.024009296005795513,0.03126636881593805,-0.027940902894398954,0.09248754980407951,0.0034698307352890867,0.1109652234046916,1.0,1.0,0.17221462578479912,0.0240099898331771,0.031263280525787016,False
2223,2025-07-07 17:15:54,2025-07-07 17:35:54,20.0,3.15,3.4833333333333334,82,26,True,eligible,0.027034307269688074,0.01974280048593521,0.03166741739423719,-0.03206631748923335,0.08862064342528223,0.007291506783752864,0.23022841252860254,1.0,1.0,0.1698505019096344,0.019744258495690014,0.03166441836579305,False
2224,2025-07-07 17:16:54,2025-07-07 17:36:54,20.0,3.1666666666666665,3.5,82,27,True,eligible,0.030200777673198904,0.01664511403247362,0.03210505418416564,-0.035701021187232694,0.0857466309526201,0.013555663640725284,0.4221786026466962,1.0,1.0,0.16883040971742314,0.016647824623083642,0.03210241581442053,False
2225,2025-07-07 17:17:54,2025-07-07 17:37:54,20.0,3.183333333333333,3.5166666666666666,86,29,True,eligible,0.03705029471369949,0.01872348835083742,0.03302186766837524,-0.03343576584633579,0.09021122341055744,0.01832680636286207,0.5549174292313633,1.0,1.0,0.17525759682566666,0.018727152979184328,0.03301958231857166,False
2226,2025-07-07 17:18:54,2025-07-07 17:38:54,20.0,3.2,3.533333333333333,92,28,True,eligible,0.043705895743227925,0.01724865244827623,0.03531384855982622,-0.03662179500444976,0.09328992805803371,0.026457243294951697,0.7490861174821913,1.0,1.0,0.18465308712012063,0.017253942838857103,0.035312298929368005,False
2227,2025-07-07 17:19:54,2025-07-07 17:39:54,20.0,3.216666666666667,3.55,95,30,True,eligible,0.04775857861436412,0.016182801117121667,0.03512737068634462,-0.037764175567222794,0.09229835787753315,0.031575777497242455,0.898731377181877,1.0,1.0,0.18270840093291174,0.016189115009842568,0.03512669570246106,False
2228,2025-07-07 17:20:54,2025-07-07 17:40:54,20.0,3.2333333333333334,3.566666666666667,97,33,True,eligible,0.043225399917147606,0.012156332545880668,0.03532568559782434,-0.04292298918276991,0.08932140117887555,0.03106906737126694,0.8793476551166294,1.0,1.0,0.1796213541352106,0.012162545116840728,0.03532488500943004,False
2229,2025-07-07 17:21:54,2025-07-07 17:41:54,20.0,3.25,3.5833333333333335,88,24,True,eligible,0.05282366060479292,0.014603996193478724,0.035922719819542315,-0.040665887812263275,0.09377761281397945,0.03821966441131419,1.0637145178791265,1.0,1.0,0.18490674720397338,0.014611638597880115,0.03592319307919323,False
2230,2025-07-07 17:22:54,2025-07-07 17:42:54,20.0,3.2666666666666666,3.6,92,24,True,eligible,0.05078862910969018,0.011204677629852987,0.03601988057783846,-0.04513930054537817,0.09094203537942028,0.0395839514798372,1.098704789776121,1.0,1.0,0.1819695939289874,0.011212592837107505,0.036020627779958014,False
2231,2025-07-07 17:23:54,2025-07-07 17:43:54,20.0,3.283333333333333,3.6166666666666667,91,24,True,eligible,0.05016498127513057,0.0092526928661466,0.03552399287278951,-0.04585390001748486,0.08824589847164402,0.04091228840898397,1.1514126214741551,1.0,1.0,0.17766905181573053,0.009260873687664093,0.035525151300753406,False
2232,2025-07-07 17:24:54,2025-07-07 17:44:54,20.0,3.3,3.6333333333333333,93,28,True,eligible,0.045160841695029694,0.005990011579702578,0.034678488213272456,-0.04826590979907334,0.08346816473487774,0.03917083011532711,1.1292856234906141,1.0,1.0,0.1703969182185557,0.005997844179205743,0.03467944397872647,False
2233,2025-07-07 17:25:54,2025-07-07 17:45:54,20.0,3.316666666666667,3.65,88,28,True,eligible,0.04596983508299337,0.0014168801341452892,0.03324075314901557,-0.05099215551611113,0.07575551655859496,0.04455295494884808,1.3399365629051199,1.0,1.0,0.15901724453629051,0.0014257889433732128,0.03324339925693504,False
2234,2025-07-07 17:26:54,2025-07-07 17:46:54,20.0,3.3333333333333335,3.6666666666666665,86,30,True,eligible,0.03207311343515146,-0.0018290243828326866,0.028135876221114697,-0.049061221382252454,0.061066174150302875,0.033902137817984145,1.2046480399311172,1.0,1.0,0.13156284827524828,-0.0018222453110834389,0.028137146803619967,False
2235,2025-07-07 17:27:54,2025-07-07 17:47:54,20.0,3.35,3.683333333333333,84,31,True,eligible,0.015357766143106483,-0.005712390924956214,0.02459378432751638,-0.048657940663175525,0.046774869109947985,0.021070157068062697,0.8565784071460065,1.0,1.0,0.11087638329659975,-0.005708177736180358,0.024593129716490837,False
2236,2025-07-07 17:28:54,2025-07-07 17:48:54,20.0,3.3666666666666667,3.7,85,31,True,eligible,0.01350395913163606,-0.0062062680723805825,0.02452635903284521,-0.049125879884721564,0.04649477829333427,0.019710227204016644,0.8035022301040616,1.0,1.0,0.11006158608068654,-0.006202326815191218,0.024525490046586575,False
2237,2025-07-07 17:29:54,2025-07-07 17:49:54,20.0,3.3833333333333333,3.716666666666667,94,31,True,eligible,0.007294936794731284,-0.009721378958033107,0.02344820390527473,-0.05252606096662693,0.0404644936746958,0.01701631575276439,0.7255872902879886,1.0,1.0,0.10143376217792317,-0.00971797637539908,0.023447093682385022,False
2238,2025-07-07 17:30:54,2025-07-07 17:50:54,20.0,3.4,3.7333333333333334,105,33,True,eligible,-0.009557338088161692,-0.011322554814145219,0.02132930476688687,-0.05023873147971742,0.034001901867984005,0.0017652167259835268,0.08275183258235938,1.0,1.0,0.08978004443047041,-0.011322201841394573,0.021327186337249837,False
2239,2025-07-07 17:31:54,2025-07-07 17:51:54,20.0,3.4166666666666665,3.75,112,33,True,eligible,-0.018809385301531735,-0.011344968004653844,0.02123876315899007,-0.049059530734924646,0.03490886174132255,-0.007464417296877891,-0.351413068254769,1.0,1.0,0.08932778730625762,-0.011346460589596227,0.021236901487468315,False
2240,2025-07-07 17:32:54,2025-07-07 17:52:54,20.0,3.433333333333333,3.7666666666666666,112,33,True,eligible,-0.018809385301531735,-0.011344968004653844,0.02123876315899007,-0.049059530734924646,0.03490886174132255,-0.007464417296877891,-0.351413068254769,1.0,1.0,0.08932778730625762,-0.011346460589596227,0.021236901487468315,False
2241,2025-07-07 17:33:54,2025-07-07 17:53:54,20.0,3.45,3.783333333333333,87,28,True,eligible,-0.029049682726533715,-0.0033475549760554157,0.02386146663589163,-0.040775813710871224,0.050012132800713094,-0.0257021277504783,-1.0769068645067978,1.0,1.0,0.10976520295811001,-0.0033526943737259784,0.023861848410239684,False
2242,2025-07-07 17:34:54,2025-07-07 17:54:54,20.0,3.466666666666667,3.8,84,26,True,eligible,-0.02697260288883283,-0.0024566555278597102,0.02392369380516711,-0.039853163675152826,0.05120413405753732,-0.02451594736097312,-1.0245459169553974,1.0,1.0,0.1109500858630722,-0.0024615577368901,0.023923813219402828,False
2243,2025-07-07 17:35:54,2025-07-07 17:55:54,20.0,3.4833333333333334,3.816666666666667,80,26,True,eligible,-0.028001183342391114,-0.0020147326127782084,0.024367566711033496,-0.040233641323416336,0.05305329856691799,-0.025986450729612906,-1.0662081569045894,1.0,1.0,0.11349692635525412,-0.002019928863673953,0.02436790068662185,False
2244,2025-07-07 17:36:54,2025-07-07 17:56:54,20.0,3.5,3.8333333333333335,78,26,True,eligible,-0.028537277084000397,-0.0009166125945443452,0.024992938368032673,-0.039004474548348184,0.05600504981544421,-0.02762066448945605,-1.104893331817404,1.0,1.0,0.11756035122142107,-0.0009221356228365776,0.024993490924359686,False
2245,2025-07-07 17:37:54,2025-07-07 17:57:54,20.0,3.5166666666666666,3.85,74,25,True,eligible,-0.024851599976621473,0.0036285693170239773,0.026316045737190846,-0.03530739539060294,0.06406847678709164,-0.02848016929364545,-1.0820009883384454,1.0,1.0,0.12837711021784198,0.0036228744221442235,0.026316495738596315,False
2246,2025-07-07 17:38:54,2025-07-07 17:58:54,20.0,3.533333333333333,3.8666666666666667,66,24,True,eligible,-0.01640631485920099,0.013281999544730425,0.028154688434001252,-0.026986783787040232,0.07855620572836546,-0.029688314403931416,-1.054248797246882,1.0,1.0,0.14674580401318904,0.013276063069144757,0.028155002885333895,False
2247,2025-07-07 17:39:54,2025-07-07 17:59:54,20.0,3.55,3.8833333333333333,61,23,True,eligible,-0.016329151158007316,0.014402491274366514,0.028234521170227934,-0.025301250300328572,0.08028407290080214,-0.030731642432373828,-1.0882044137386706,1.0,1.0,0.14824551526994248,0.014396346174899934,0.0282350420058909,False
2248,2025-07-07 17:40:54,2025-07-07 18:00:54,20.0,3.566666666666667,3.9,57,22,True,eligible,-0.01696250672609735,0.01080451357433921,0.02696503678000143,-0.026408811978499196,0.07309218668967228,-0.02776702030043656,-1.0295295064366694,1.0,1.0,0.13862839672132107,0.010798961280737842,0.026965198989702694,False
2249,2025-07-07 17:41:54,2025-07-07 18:01:54,20.0,3.5833333333333335,3.9166666666666665,55,22,True,eligible,-0.01693410370827846,0.00870006072291027,0.026908836828467068,-0.026351109448231883,0.06912489380897821,-0.02563416443118873,-0.9524483095992412,1.0,1.0,0.13625600140730443,0.008694934915185581,0.026908587442659112,False
2250,2025-07-07 17:42:54,2025-07-07 18:02:54,20.0,3.6,3.933333333333333,50,21,True,eligible,-0.015111645110702,0.007530790299990369,0.026577521071617042,-0.02227132224275201,0.06634594092396552,-0.022642435410692368,-0.8517923418164437,1.0,1.0,0.13351444135178522,0.007526262718424545,0.02657679192190352,False
2251,2025-07-07 17:43:54,2025-07-07 18:03:54,20.0,3.6166666666666667,3.95,48,21,True,eligible,-0.014719181342218095,0.007649067110899725,0.025284868639103394,-0.021799143265111606,0.06391628986197133,-0.02236824845311782,-0.8844919291692727,1.0,1.0,0.12750575940192665,0.007644594355760131,0.02528431855673641,False
2252,2025-07-07 17:44:54,2025-07-07 18:04:54,20.0,3.6333333333333333,3.966666666666667,42,17,True,eligible,-0.00820730606929984,0.00718698285596989,0.02642699675441894,-0.02121796638192287,0.06486797529703567,-0.01539428892526973,-0.58244332039899,1.0,1.0,0.13245369634644327,0.007183904613833266,0.026425250567883057,False
2253,2025-07-07 17:45:54,2025-07-07 18:05:54,20.0,3.65,3.9833333333333334,40,17,True,eligible,-0.006636385700912068,0.009258373842793046,0.027319468470689574,-0.01974394091744434,0.06884886099649802,-0.015894759543705114,-0.5817328649207555,1.0,1.0,0.13875548926929693,0.00925519552654755,0.027317661053281542,False
2254,2025-07-07 17:46:54,2025-07-07 18:06:54,20.0,3.6666666666666665,4.0,36,15,True,eligible,-0.006434249657933298,0.008802451573507333,0.026073998883532908,-0.019257516990264477,0.06575797496409666,-0.01523670123144063,-0.5842854384069002,1.0,1.0,0.13239593540279895,0.008799404842607224,0.026072281626727287,False
2255,2025-07-07 17:47:54,2025-07-07 18:07:54,20.0,3.683333333333333,4.016666666666667,34,14,True,eligible,-0.004395665929389251,0.009562409477569402,0.026661601654512163,-0.018129153218838075,0.06806475811286555,-0.013958075406958653,-0.5234605842006914,1.0,1.0,0.13594066451773212,0.009559618420699384,0.026659666021268697,False
2256,2025-07-07 17:48:54,2025-07-07 18:08:54,20.0,3.7,4.033333333333333,33,14,True,eligible,-0.003847483851457781,0.01053216479578197,0.027622435116651963,-0.018414319179312702,0.07122121926782332,-0.014379648647239751,-0.5205124562040934,1.0,1.0,0.14146482798527227,0.010529289441123453,0.027620421223779685,False
2257,2025-07-07 17:49:54,2025-07-07 18:09:54,20.0,3.716666666666667,4.05,68,29,True,eligible,-0.02184309770821536,-0.0049386812913565035,0.021633302444160465,-0.04247979665418814,0.041773750155410135,-0.01690441641685886,-0.7812812967116389,1.0,1.0,0.09760734371513292,-0.0049420614985984275,0.021632459756495224,False
2258,2025-07-07 17:50:54,2025-07-07 18:10:54,20.0,3.7333333333333334,4.066666666666666,55,23,True,eligible,-0.013660025554271026,-0.0030280689960231867,0.023822603029719464,-0.04297779664664371,0.04870819832736132,-0.010631956558247838,-0.4462435100181571,1.0,1.0,0.10989261371036127,-0.0030301949621416124,0.023820695099177797,False
2259,2025-07-07 17:51:54,2025-07-07 18:11:54,20.0,3.75,4.083333333333333,46,20,True,eligible,-0.0003026945609122215,0.00526378078541229,0.030819868299637135,-0.0454192464498569,0.07457930525080872,-0.005566475346324511,-0.1805945659114911,1.0,1.0,0.15135115861043713,0.005262667712957516,0.0308168866863763,False
2260,2025-07-07 17:52:54,2025-07-07 18:12:54,20.0,3.7666666666666666,4.1,46,20,True,eligible,-0.0003026945609122215,0.00526378078541229,0.030819868299637135,-0.0454192464498569,0.07457930525080872,-0.005566475346324511,-0.1805945659114911,1.0,1.0,0.15135115861043713,0.005262667712957516,0.0308168866863763,False
2261,2025-07-07 17:53:54,2025-07-07 18:13:54,20.0,3.783333333333333,4.116666666666666,46,20,True,eligible,-0.0003026945609122215,0.00526378078541229,0.030819868299637135,-0.0454192464498569,0.07457930525080872,-0.005566475346324511,-0.1805945659114911,1.0,1.0,0.15135115861043713,0.005262667712957516,0.0308168866863763,False
2262,2025-07-07 17:54:54,2025-07-07 18:14:54,20.0,3.8,4.133333333333334,46,20,True,eligible,-0.0003026945609122215,0.00526378078541229,0.030819868299637135,-0.0454192464498569,0.07457930525080872,-0.005566475346324511,-0.1805945659114911,1.0,1.0,0.15135115861043713,0.005262667712957516,0.0308168866863763,False
2263,2025-07-07 17:55:54,2025-07-07 18:15:54,20.0,3.816666666666667,4.15,46,20,True,eligible,-0.0003026945609122215,0.00526378078541229,0.030819868299637135,-0.0454192464498569,0.07457930525080872,-0.005566475346324511,-0.1805945659114911,1.0,1.0,0.15135115861043713,0.005262667712957516,0.0308168866863763,False
2264,2025-07-07 17:56:54,2025-07-07 18:16:54,20.0,3.8333333333333335,4.166666666666667,46,20,True,eligible,-0.0003026945609122215,0.00526378078541229,0.030819868299637135,-0.0454192464498569,0.07457930525080872,-0.005566475346324511,-0.1805945659114911,1.0,1.0,0.15135115861043713,0.005262667712957516,0.0308168866863763,False
2265,2025-07-07 17:57:54,2025-07-07 18:17:54,20.0,3.85,4.183333333333334,47,21,True,eligible,0.003964217539827343,0.006834245661436319,0.030583638692720804,-0.043447903788444514,0.07484914964405948,-0.0028700281216089757,-0.09383248085316676,1.0,1.0,0.15180207134731308,0.006833671770590166,0.03058060710611576,False
2266,2025-07-07 17:58:54,2025-07-07 18:18:54,20.0,3.8666666666666667,4.2,47,21,True,eligible,0.003964217539827343,0.006834245661436319,0.030583638692720804,-0.043447903788444514,0.07484914964405948,-0.0028700281216089757,-0.09383248085316676,1.0,1.0,0.15180207134731308,0.006833671770590166,0.03058060710611576,False
2267,2025-07-07 17:59:54,2025-07-07 18:19:54,20.0,3.8833333333333333,4.216666666666667,47,21,True,eligible,0.003964217539827343,0.006834245661436319,0.030583638692720804,-0.043447903788444514,0.07484914964405948,-0.0028700281216089757,-0.09383248085316676,1.0,1.0,0.15180207134731308,0.006833671770590166,0.03058060710611576,False
2268,2025-07-07 18:00:54,2025-07-07 18:20:54,20.0,3.9,4.233333333333333,47,21,True,eligible,0.003964217539827343,0.006834245661436319,0.030583638692720804,-0.043447903788444514,0.07484914964405948,-0.0028700281216089757,-0.09383248085316676,1.0,1.0,0.15180207134731308,0.006833671770590166,0.03058060710611576,False
2269,2025-07-07 18:01:54,2025-07-07 18:21:54,20.0,3.9166666666666665,4.25,47,21,True,eligible,0.003964217539827343,0.006834245661436319,0.030583638692720804,-0.043447903788444514,0.07484914964405948,-0.0028700281216089757,-0.09383248085316676,1.0,1.0,0.15180207134731308,0.006833671770590166,0.03058060710611576,False
2270,2025-07-07 18:02:54,2025-07-07 18:22:54,20.0,3.933333333333333,4.266666666666667,47,21,True,eligible,0.003964217539827343,0.006834245661436319,0.030583638692720804,-0.043447903788444514,0.07484914964405948,-0.0028700281216089757,-0.09383248085316676,1.0,1.0,0.15180207134731308,0.006833671770590166,0.03058060710611576,False
2271,2025-07-07 18:03:54,2025-07-07 18:23:54,20.0,3.95,4.283333333333333,47,21,True,eligible,0.003964217539827343,0.006834245661436319,0.030583638692720804,-0.043447903788444514,0.07484914964405948,-0.0028700281216089757,-0.09383248085316676,1.0,1.0,0.15180207134731308,0.006833671770590166,0.03058060710611576,False
2272,2025-07-07 18:04:54,2025-07-07 18:24:54,20.0,3.966666666666667,4.3,47,21,True,eligible,0.003964217539827343,0.006834245661436319,0.030583638692720804,-0.043447903788444514,0.07484914964405948,-0.0028700281216089757,-0.09383248085316676,1.0,1.0,0.15180207134731308,0.006833671770590166,0.03058060710611576,False
2273,2025-07-07 18:05:54,2025-07-07 18:25:54,20.0,3.9833333333333334,4.316666666666666,47,21,True,eligible,0.003964217539827343,0.006834245661436319,0.030583638692720804,-0.043447903788444514,0.07484914964405948,-0.0028700281216089757,-0.09383248085316676,1.0,1.0,0.15180207134731308,0.006833671770590166,0.03058060710611576,False
2274,2025-07-07 18:06:54,2025-07-07 18:26:54,20.0,4.0,4.333333333333333,47,21,True,eligible,0.003964217539827343,0.006834245661436319,0.030583638692720804,-0.043447903788444514,0.07484914964405948,-0.0028700281216089757,-0.09383248085316676,1.0,1.0,0.15180207134731308,0.006833671770590166,0.03058060710611576,False
2275,2025-07-07 18:07:54,2025-07-07 18:27:54,20.0,4.016666666666667,4.35,47,21,True,eligible,0.003964217539827343,0.006834245661436319,0.030583638692720804,-0.043447903788444514,0.07484914964405948,-0.0028700281216089757,-0.09383248085316676,1.0,1.0,0.15180207134731308,0.006833671770590166,0.03058060710611576,False
2276,2025-07-07 18:08:54,2025-07-07 18:28:54,20.0,4.033333333333333,4.366666666666666,47,21,True,eligible,0.003964217539827343,0.006834245661436319,0.030583638692720804,-0.043447903788444514,0.07484914964405948,-0.0028700281216089757,-0.09383248085316676,1.0,1.0,0.15180207134731308,0.006833671770590166,0.03058060710611576,False
2277,2025-07-07 18:09:54,2025-07-07 18:29:54,20.0,4.05,4.383333333333334,2,2,False,insufficient_merged_records_nodes_or_variation,,,,,,,,,,,,,False
2278,2025-07-07 18:10:54,2025-07-07 18:30:54,20.0,4.066666666666666,4.4,2,2,False,insufficient_merged_records_nodes_or_variation,,,,,,,,,,,,,False
2279,2025-07-07 18:11:54,2025-07-07 18:31:54,20.0,4.083333333333333,4.416666666666667,1,1,False,insufficient_merged_records_nodes_or_variation,,,,,,,,,,,,,False
2280,2025-07-07 18:12:54,2025-07-07 18:32:54,20.0,4.1,4.433333333333334,1,1,False,insufficient_merged_records_nodes_or_variation,,,,,,,,,,,,,False
2281,2025-07-07 18:13:54,2025-07-07 18:33:54,20.0,4.116666666666666,4.45,1,1,False,insufficient_merged_records_nodes_or_variation,,,,,,,,,,,,,False
2282,2025-07-07 18:14:54,2025-07-07 18:34:54,20.0,4.133333333333334,4.466666666666667,1,1,False,insufficient_merged_records_nodes_or_variation,,,,,,,,,,,,,False
2283,2025-07-07 18:15:54,2025-07-07 18:35:54,20.0,4.15,4.483333333333333,1,1,False,insufficient_merged_records_nodes_or_variation,,,,,,,,,,,,,False
2284,2025-07-07 18:16:54,2025-07-07 18:36:54,20.0,4.166666666666667,4.5,1,1,False,insufficient_merged_records_nodes_or_variation,,,,,,,,,,,,,False
2285,2025-07-07 18:17:54,2025-07-07 18:37:54,20.0,4.183333333333334,4.516666666666667,23,14,True,eligible,0.007447049652526018,-0.006469899434422275,0.02699990148028803,-0.05227530310652957,0.054230333320432846,0.013916949086948294,0.5153792205972623,1.0,1.0,0.12151742732826494,-0.0064671166011715355,0.02699791861529209,False
2286,2025-07-07 18:18:54,2025-07-07 18:38:54,20.0,4.2,4.533333333333333,34,14,True,eligible,0.019844531857728574,-0.007698232179735075,0.027045732962523886,-0.05136977106424077,0.053601200492113886,0.027542764037463648,1.0181700400986016,1.0,1.0,0.1205189576359288,-0.007692724728417846,0.02704583272110389,False
2287,2025-07-07 18:19:54,2025-07-07 18:39:54,20.0,4.216666666666667,4.55,34,14,True,eligible,0.019844531857728574,-0.007698232179735075,0.027045732962523886,-0.05136977106424077,0.053601200492113886,0.027542764037463648,1.0181700400986016,1.0,1.0,0.1205189576359288,-0.007692724728417846,0.02704583272110389,False
2288,2025-07-07 18:20:54,2025-07-07 18:40:54,20.0,4.233333333333333,4.566666666666666,46,17,True,eligible,0.039528012219217916,-0.004322385785394428,0.028134163646891638,-0.050158345921041236,0.05964710619363453,0.043850398004612344,1.5580831713294112,0.9992001599680064,0.9992001599680064,0.12907638908621655,-0.004313617459458694,0.02813818317623532,False
2289,2025-07-07 18:21:54,2025-07-07 18:41:54,20.0,4.25,4.583333333333333,46,17,True,eligible,0.039528012219217916,-0.004322385785394428,0.028134163646891638,-0.050158345921041236,0.05964710619363453,0.043850398004612344,1.5580831713294112,0.9992001599680064,0.9992001599680064,0.12907638908621655,-0.004313617459458694,0.02813818317623532,False
2290,2025-07-07 18:22:54,2025-07-07 18:42:54,20.0,4.266666666666667,4.6,46,17,True,eligible,0.039528012219217916,-0.004322385785394428,0.028134163646891638,-0.050158345921041236,0.05964710619363453,0.043850398004612344,1.5580831713294112,0.9992001599680064,0.9992001599680064,0.12907638908621655,-0.004313617459458694,0.02813818317623532,False
2291,2025-07-07 18:23:54,2025-07-07 18:43:54,20.0,4.283333333333333,4.616666666666666,46,17,True,eligible,0.039528012219217916,-0.004322385785394428,0.028134163646891638,-0.050158345921041236,0.05964710619363453,0.043850398004612344,1.5580831713294112,0.9992001599680064,0.9992001599680064,0.12907638908621655,-0.004313617459458694,0.02813818317623532,False
2292,2025-07-07 18:24:54,2025-07-07 18:44:54,20.0,4.3,4.633333333333334,49,17,True,eligible,0.038511652996029225,-0.0033053330976430596,0.02916013556090076,-0.050019225757777994,0.06285091563810408,0.041816986093672286,1.4336082102598449,0.9996000799840032,0.9996000799840032,0.13495223280457005,-0.0032969713727693003,0.029163214935285987,False
2293,2025-07-07 18:25:54,2025-07-07 18:45:54,20.0,4.316666666666666,4.65,49,17,True,eligible,0.038511652996029225,-0.0033053330976430596,0.02916013556090076,-0.050019225757777994,0.06285091563810408,0.041816986093672286,1.4336082102598449,0.9996000799840032,0.9996000799840032,0.13495223280457005,-0.0032969713727693003,0.029163214935285987,False
2294,2025-07-07 18:26:54,2025-07-07 18:46:54,20.0,4.333333333333333,4.666666666666667,49,17,True,eligible,0.038511652996029225,-0.0033053330976430596,0.02916013556090076,-0.050019225757777994,0.06285091563810408,0.041816986093672286,1.4336082102598449,0.9996000799840032,0.9996000799840032,0.13495223280457005,-0.0032969713727693003,0.029163214935285987,False
2295,2025-07-07 18:27:54,2025-07-07 18:47:54,20.0,4.35,4.683333333333334,49,17,True,eligible,0.038511652996029225,-0.0033053330976430596,0.02916013556090076,-0.050019225757777994,0.06285091563810408,0.041816986093672286,1.4336082102598449,0.9996000799840032,0.9996000799840032,0.13495223280457005,-0.0032969713727693003,0.029163214935285987,False
2296,2025-07-07 18:28:54,2025-07-07 18:48:54,20.0,4.366666666666666,4.7,49,17,True,eligible,0.038511652996029225,-0.0033053330976430596,0.02916013556090076,-0.050019225757777994,0.06285091563810408,0.041816986093672286,1.4336082102598449,0.9996000799840032,0.9996000799840032,0.13495223280457005,-0.0032969713727693003,0.029163214935285987,False
2297,2025-07-07 18:29:54,2025-07-07 18:49:54,20.0,4.383333333333334,4.716666666666667,49,17,True,eligible,0.038511652996029225,-0.0033053330976430596,0.02916013556090076,-0.050019225757777994,0.06285091563810408,0.041816986093672286,1.4336082102598449,0.9996000799840032,0.9996000799840032,0.13495223280457005,-0.0032969713727693003,0.029163214935285987,False
2298,2025-07-07 18:30:54,2025-07-07 18:50:54,20.0,4.4,4.733333333333333,49,17,True,eligible,0.038511652996029225,-0.0033053330976430596,0.02916013556090076,-0.050019225757777994,0.06285091563810408,0.041816986093672286,1.4336082102598449,0.9996000799840032,0.9996000799840032,0.13495223280457005,-0.0032969713727693003,0.029163214935285987,False
2299,2025-07-07 18:31:54,2025-07-07 18:51:54,20.0,4.416666666666667,4.75,49,17,True,eligible,0.038511652996029225,-0.0033053330976430596,0.02916013556090076,-0.050019225757777994,0.06285091563810408,0.041816986093672286,1.4336082102598449,0.9996000799840032,0.9996000799840032,0.13495223280457005,-0.0032969713727693003,0.029163214935285987,False
2300,2025-07-07 18:32:54,2025-07-07 18:52:54,20.0,4.433333333333334,4.766666666666667,49,17,True,eligible,0.038511652996029225,-0.0033053330976430596,0.02916013556090076,-0.050019225757777994,0.06285091563810408,0.041816986093672286,1.4336082102598449,0.9996000799840032,0.9996000799840032,0.13495223280457005,-0.0032969713727693003,0.029163214935285987,False
2301,2025-07-07 18:33:54,2025-07-07 18:53:54,20.0,4.45,4.783333333333333,49,17,True,eligible,0.038511652996029225,-0.0033053330976430596,0.02916013556090076,-0.050019225757777994,0.06285091563810408,0.041816986093672286,1.4336082102598449,0.9996000799840032,0.9996000799840032,0.13495223280457005,-0.0032969713727693003,0.029163214935285987,False
2302,2025-07-07 18:34:54,2025-07-07 18:54:54,20.0,4.466666666666667,4.8,49,17,True,eligible,0.038511652996029225,-0.0033053330976430596,0.02916013556090076,-0.050019225757777994,0.06285091563810408,0.041816986093672286,1.4336082102598449,0.9996000799840032,0.9996000799840032,0.13495223280457005,-0.0032969713727693003,0.029163214935285987,False
2303,2025-07-07 18:35:54,2025-07-07 18:55:54,20.0,4.483333333333333,4.816666666666666,49,17,True,eligible,0.038511652996029225,-0.0033053330976430596,0.02916013556090076,-0.050019225757777994,0.06285091563810408,0.041816986093672286,1.4336082102598449,0.9996000799840032,0.9996000799840032,0.13495223280457005,-0.0032969713727693003,0.029163214935285987,False
2304,2025-07-07 18:36:54,2025-07-07 18:56:54,20.0,4.5,4.833333333333333,49,17,True,eligible,0.038511652996029225,-0.0033053330976430596,0.02916013556090076,-0.050019225757777994,0.06285091563810408,0.041816986093672286,1.4336082102598449,0.9996000799840032,0.9996000799840032,0.13495223280457005,-0.0032969713727693003,0.029163214935285987,False
2305,2025-07-07 18:37:54,2025-07-07 18:57:54,20.0,4.516666666666667,4.85,26,11,True,eligible,0.05368076406596594,0.0002632430556603315,0.03218338317483714,-0.05278150791375709,0.07168218235587018,0.053417521010305606,1.659162818678187,0.9988002399520096,0.9988002399520096,0.15286710097797965,0.00027392442358880687,0.032189028732529705,False
2306,2025-07-07 18:38:54,2025-07-07 18:58:54,20.0,4.533333333333333,4.866666666666666,15,10,True,eligible,0.07928598283979446,0.014064417172176456,0.03524944527990811,-0.04583723805622548,0.08945060782740116,0.065221565667618,1.8494682675346312,0.9938012397520496,0.9938012397520496,0.1812191249343322,0.014077458876969018,0.035257984744852845,False
2307,2025-07-07 18:39:54,2025-07-07 18:59:54,20.0,4.55,4.883333333333334,15,10,True,eligible,0.07928598283979446,0.014064417172176456,0.03524944527990811,-0.04583723805622548,0.08945060782740116,0.065221565667618,1.8494682675346312,0.9938012397520496,0.9938012397520496,0.1812191249343322,0.014077458876969018,0.035257984744852845,False
2308,2025-07-07 18:40:54,2025-07-07 19:00:54,20.0,4.566666666666666,4.9,3,3,False,insufficient_merged_records_nodes_or_variation,,,,,,,,,,,,,False
2309,2025-07-07 18:41:54,2025-07-07 19:01:54,20.0,4.583333333333333,4.916666666666667,3,3,False,insufficient_merged_records_nodes_or_variation,,,,,,,,,,,,,False
2310,2025-07-07 18:42:54,2025-07-07 19:02:54,20.0,4.6,4.933333333333334,3,3,False,insufficient_merged_records_nodes_or_variation,,,,,,,,,,,,,False
2311,2025-07-07 18:43:54,2025-07-07 19:03:54,20.0,4.616666666666666,4.95,3,3,False,insufficient_merged_records_nodes_or_variation,,,,,,,,,,,,,False
2312,2025-07-07 18:44:54,2025-07-07 19:04:54,20.0,4.633333333333334,4.966666666666667,0,0,False,insufficient_merged_records_nodes_or_variation,,,,,,,,,,,,,False
2313,2025-07-07 18:45:54,2025-07-07 19:05:54,20.0,4.65,4.983333333333333,0,0,False,insufficient_merged_records_nodes_or_variation,,,,,,,,,,,,,False
2314,2025-07-07 18:46:54,2025-07-07 19:06:54,20.0,4.666666666666667,5.0,0,0,False,insufficient_merged_records_nodes_or_variation,,,,,,,,,,,,,False
2315,2025-07-07 18:47:54,2025-07-07 19:07:54,20.0,4.683333333333334,5.016666666666667,0,0,False,insufficient_merged_records_nodes_or_variation,,,,,,,,,,,,,False
2316,2025-07-07 18:48:54,2025-07-07 19:08:54,20.0,4.7,5.033333333333333,0,0,False,insufficient_merged_records_nodes_or_variation,,,,,,,,,,,,,False
2317,2025-07-07 18:49:54,2025-07-07 19:09:54,20.0,4.716666666666667,5.05,0,0,False,insufficient_merged_records_nodes_or_variation,,,,,,,,,,,,,False
2318,2025-07-07 18:50:54,2025-07-07 19:10:54,20.0,4.733333333333333,5.066666666666666,0,0,False,insufficient_merged_records_nodes_or_variation,,,,,,,,,,,,,False
2319,2025-07-07 18:51:54,2025-07-07 19:11:54,20.0,4.75,5.083333333333333,0,0,False,insufficient_merged_records_nodes_or_variation,,,,,,,,,,,,,False
2320,2025-07-07 18:52:54,2025-07-07 19:12:54,20.0,4.766666666666667,5.1,0,0,False,insufficient_merged_records_nodes_or_variation,,,,,,,,,,,,,False
2321,2025-07-07 18:53:54,2025-07-07 19:13:54,20.0,4.783333333333333,5.116666666666666,0,0,False,insufficient_merged_records_nodes_or_variation,,,,,,,,,,,,,False
2322,2025-07-07 18:54:54,2025-07-07 19:14:54,20.0,4.8,5.133333333333334,0,0,False,insufficient_merged_records_nodes_or_variation,,,,,,,,,,,,,False
2323,2025-07-07 18:55:54,2025-07-07 19:15:54,20.0,4.816666666666666,5.15,0,0,False,insufficient_merged_records_nodes_or_variation,,,,,,,,,,,,,False
2324,2025-07-07 18:56:54,2025-07-07 19:16:54,20.0,4.833333333333333,5.166666666666667,0,0,False,insufficient_merged_records_nodes_or_variation,,,,,,,,,,,,,False
2325,2025-07-07 18:57:54,2025-07-07 19:17:54,20.0,4.85,5.183333333333334,0,0,False,insufficient_merged_records_nodes_or_variation,,,,,,,,,,,,,False
2326,2025-07-07 18:58:54,2025-07-07 19:18:54,20.0,4.866666666666666,5.2,0,0,False,insufficient_merged_records_nodes_or_variation,,,,,,,,,,,,,False
2327,2025-07-07 18:59:54,2025-07-07 19:19:54,20.0,4.883333333333334,5.216666666666667,0,0,False,insufficient_merged_records_nodes_or_variation,,,,,,,,,,,,,False
2328,2025-07-07 19:00:54,2025-07-07 19:20:54,20.0,4.9,5.233333333333333,0,0,False,insufficient_merged_records_nodes_or_variation,,,,,,,,,,,,,False
2329,2025-07-07 19:01:54,2025-07-07 19:21:54,20.0,4.916666666666667,5.25,0,0,False,insufficient_merged_records_nodes_or_variation,,,,,,,,,,,,,False
2330,2025-07-07 19:02:54,2025-07-07 19:22:54,20.0,4.933333333333334,5.266666666666667,0,0,False,insufficient_merged_records_nodes_or_variation,,,,,,,,,,,,,False
2331,2025-07-07 19:03:54,2025-07-07 19:23:54,20.0,4.95,5.283333333333333,1,1,False,insufficient_merged_records_nodes_or_variation,,,,,,,,,,,,,False
2332,2025-07-07 19:04:54,2025-07-07 19:24:54,20.0,4.966666666666667,5.3,9,9,True,eligible,0.08295068819645494,0.04919931547467663,0.0387494608389201,-0.01683638602258152,0.13323957821492355,0.03375137272177831,0.870862148140335,1.0,1.0,0.23289475471033125,0.049206064399436034,0.03874852508985284,False
2333,2025-07-07 19:05:54,2025-07-07 19:25:54,20.0,4.983333333333333,5.316666666666666,9,9,True,eligible,0.08295068819645494,0.04919931547467663,0.0387494608389201,-0.01683638602258152,0.13323957821492355,0.03375137272177831,0.870862148140335,1.0,1.0,0.23289475471033125,0.049206064399436034,0.03874852508985284,False
2334,2025-07-07 19:06:54,2025-07-07 19:26:54,20.0,5.0,5.333333333333333,9,9,True,eligible,0.08295068819645494,0.04919931547467663,0.0387494608389201,-0.01683638602258152,0.13323957821492355,0.03375137272177831,0.870862148140335,1.0,1.0,0.23289475471033125,0.049206064399436034,0.03874852508985284,False
2335,2025-07-07 19:07:54,2025-07-07 19:27:54,20.0,5.016666666666667,5.35,9,9,True,eligible,0.08295068819645494,0.04919931547467663,0.0387494608389201,-0.01683638602258152,0.13323957821492355,0.03375137272177831,0.870862148140335,1.0,1.0,0.23289475471033125,0.049206064399436034,0.03874852508985284,False
2336,2025-07-07 19:08:54,2025-07-07 19:28:54,20.0,5.033333333333333,5.366666666666666,9,9,True,eligible,0.08295068819645494,0.04919931547467663,0.0387494608389201,-0.01683638602258152,0.13323957821492355,0.03375137272177831,0.870862148140335,1.0,1.0,0.23289475471033125,0.049206064399436034,0.03874852508985284,False
2337,2025-07-07 19:09:54,2025-07-07 19:29:54,20.0,5.05,5.383333333333334,9,9,True,eligible,0.08295068819645494,0.04919931547467663,0.0387494608389201,-0.01683638602258152,0.13323957821492355,0.03375137272177831,0.870862148140335,1.0,1.0,0.23289475471033125,0.049206064399436034,0.03874852508985284,False
2338,2025-07-07 19:10:54,2025-07-07 19:30:54,20.0,5.066666666666666,5.4,9,9,True,eligible,0.08295068819645494,0.04919931547467663,0.0387494608389201,-0.01683638602258152,0.13323957821492355,0.03375137272177831,0.870862148140335,1.0,1.0,0.23289475471033125,0.049206064399436034,0.03874852508985284,False
2339,2025-07-07 19:11:54,2025-07-07 19:31:54,20.0,5.083333333333333,5.416666666666667,9,9,True,eligible,0.08295068819645494,0.04919931547467663,0.0387494608389201,-0.01683638602258152,0.13323957821492355,0.03375137272177831,0.870862148140335,1.0,1.0,0.23289475471033125,0.049206064399436034,0.03874852508985284,False
2340,2025-07-07 19:12:54,2025-07-07 19:32:54,20.0,5.1,5.433333333333334,9,9,True,eligible,0.08295068819645494,0.04919931547467663,0.0387494608389201,-0.01683638602258152,0.13323957821492355,0.03375137272177831,0.870862148140335,1.0,1.0,0.23289475471033125,0.049206064399436034,0.03874852508985284,False
2341,2025-07-07 19:13:54,2025-07-07 19:33:54,20.0,5.116666666666666,5.45,9,9,True,eligible,0.08295068819645494,0.04919931547467663,0.0387494608389201,-0.01683638602258152,0.13323957821492355,0.03375137272177831,0.870862148140335,1.0,1.0,0.23289475471033125,0.049206064399436034,0.03874852508985284,False
2342,2025-07-07 19:14:54,2025-07-07 19:34:54,20.0,5.133333333333334,5.466666666666667,9,9,True,eligible,0.08295068819645494,0.04919931547467663,0.0387494608389201,-0.01683638602258152,0.13323957821492355,0.03375137272177831,0.870862148140335,1.0,1.0,0.23289475471033125,0.049206064399436034,0.03874852508985284,False
2343,2025-07-07 19:15:54,2025-07-07 19:35:54,20.0,5.15,5.483333333333333,9,9,True,eligible,0.08295068819645494,0.04919931547467663,0.0387494608389201,-0.01683638602258152,0.13323957821492355,0.03375137272177831,0.870862148140335,1.0,1.0,0.23289475471033125,0.049206064399436034,0.03874852508985284,False
2344,2025-07-07 19:16:54,2025-07-07 19:36:54,20.0,5.166666666666667,5.5,9,9,True,eligible,0.08295068819645494,0.04919931547467663,0.0387494608389201,-0.01683638602258152,0.13323957821492355,0.03375137272177831,0.870862148140335,1.0,1.0,0.23289475471033125,0.049206064399436034,0.03874852508985284,False
2345,2025-07-07 19:17:54,2025-07-07 19:37:54,20.0,5.183333333333334,5.516666666666667,9,9,True,eligible,0.08295068819645494,0.04919931547467663,0.0387494608389201,-0.01683638602258152,0.13323957821492355,0.03375137272177831,0.870862148140335,1.0,1.0,0.23289475471033125,0.049206064399436034,0.03874852508985284,False
2346,2025-07-07 19:18:54,2025-07-07 19:38:54,20.0,5.2,5.533333333333333,9,9,True,eligible,0.08295068819645494,0.04919931547467663,0.0387494608389201,-0.01683638602258152,0.13323957821492355,0.03375137272177831,0.870862148140335,1.0,1.0,0.23289475471033125,0.049206064399436034,0.03874852508985284,False
2347,2025-07-07 19:19:54,2025-07-07 19:39:54,20.0,5.216666666666667,5.55,9,9,True,eligible,0.08295068819645494,0.04919931547467663,0.0387494608389201,-0.01683638602258152,0.13323957821492355,0.03375137272177831,0.870862148140335,1.0,1.0,0.23289475471033125,0.049206064399436034,0.03874852508985284,False
2348,2025-07-07 19:20:54,2025-07-07 19:40:54,20.0,5.233333333333333,5.566666666666666,9,9,True,eligible,0.08295068819645494,0.04919931547467663,0.0387494608389201,-0.01683638602258152,0.13323957821492355,0.03375137272177831,0.870862148140335,1.0,1.0,0.23289475471033125,0.049206064399436034,0.03874852508985284,False
2349,2025-07-07 19:21:54,2025-07-07 19:41:54,20.0,5.25,5.583333333333333,10,10,True,eligible,0.09171542962734706,0.054558587414022836,0.03740110515331964,-0.009752592136330632,0.13256133867159103,0.03715684221332423,0.9932717570033147,1.0,1.0,0.23186698361467314,0.054566017296489015,0.03740105572208883,False
2350,2025-07-07 19:22:54,2025-07-07 19:42:54,20.0,5.266666666666667,5.6,15,10,True,eligible,0.09033904335891692,0.05130755858282862,0.03718413736622206,-0.01123407716159288,0.1325831342449028,0.039031484776088296,1.049460503605126,1.0,1.0,0.22758981195114797,0.05131536331883664,0.03718451519235399,False
2351,2025-07-07 19:23:54,2025-07-07 19:43:54,20.0,5.283333333333333,5.616666666666666,15,11,True,eligible,0.08080108497887727,0.044543410512625795,0.036553415399778806,-0.0183528898252059,0.12413944383697911,0.03625767446625147,0.9917126243568054,1.0,1.0,0.21783307670488047,0.044550660597502074,0.036553355771674394,False
2352,2025-07-07 19:24:54,2025-07-07 19:44:54,20.0,5.3,5.633333333333334,7,6,True,eligible,-0.0013375625788204612,0.010037283601482804,0.03006613989674848,-0.03557916459663021,0.0810562922765306,-0.011374846180303265,-0.3782842208048954,1.0,1.0,0.1525523456659656,0.010035009087149608,0.03006356342797499,False
2353,2025-07-07 19:25:54,2025-07-07 19:45:54,20.0,5.316666666666666,5.65,7,6,True,eligible,-0.0013375625788204612,0.010037283601482804,0.03006613989674848,-0.03557916459663021,0.0810562922765306,-0.011374846180303265,-0.3782842208048954,1.0,1.0,0.1525523456659656,0.010035009087149608,0.03006356342797499,False
2354,2025-07-07 19:26:54,2025-07-07 19:46:54,20.0,5.333333333333333,5.666666666666667,10,6,True,eligible,-0.01256706345031865,-0.00625304385120225,0.01123881562997064,-0.023669453053561912,0.020286946600095328,-0.0063140195991164,-0.5617308237248338,1.0,1.0,0.04702003153999168,-0.006254306402611791,0.011238046375748092,False
2355,2025-07-07 19:27:54,2025-07-07 19:47:54,20.0,5.35,5.683333333333334,10,6,True,eligible,-0.01256706345031865,-0.00625304385120225,0.01123881562997064,-0.023669453053561912,0.020286946600095328,-0.0063140195991164,-0.5617308237248338,1.0,1.0,0.04702003153999168,-0.006254306402611791,0.011238046375748092,False
2356,2025-07-07 19:28:54,2025-07-07 19:48:54,20.0,5.366666666666666,5.7,13,6,True,eligible,-0.01118472872167907,-0.007681448277895437,0.004775492882206272,-0.015241793836057551,0.003370582065851503,-0.003503280443783633,-0.7334827682480172,1.0,1.0,0.014955190514830416,-0.007682148793880997,0.004775272275535891,False
2357,2025-07-07 19:29:54,2025-07-07 19:49:54,20.0,5.383333333333334,5.716666666666667,13,6,True,eligible,-0.01118472872167907,-0.007681448277895437,0.004775492882206272,-0.015241793836057551,0.003370582065851503,-0.003503280443783633,-0.7334827682480172,1.0,1.0,0.014955190514830416,-0.007682148793880997,0.004775272275535891,False
2358,2025-07-07 19:30:54,2025-07-07 19:50:54,20.0,5.4,5.733333333333333,13,6,True,eligible,-0.01118472872167907,-0.007681448277895437,0.004775492882206272,-0.015241793836057551,0.003370582065851503,-0.003503280443783633,-0.7334827682480172,1.0,1.0,0.014955190514830416,-0.007682148793880997,0.004775272275535891,False
2359,2025-07-07 19:31:54,2025-07-07 19:51:54,20.0,5.416666666666667,5.75,13,6,True,eligible,-0.01118472872167907,-0.007681448277895437,0.004775492882206272,-0.015241793836057551,0.003370582065851503,-0.003503280443783633,-0.7334827682480172,1.0,1.0,0.014955190514830416,-0.007682148793880997,0.004775272275535891,False
2360,2025-07-07 19:32:54,2025-07-07 19:52:54,20.0,5.433333333333334,5.766666666666667,13,6,True,eligible,-0.01118472872167907,-0.007681448277895437,0.004775492882206272,-0.015241793836057551,0.003370582065851503,-0.003503280443783633,-0.7334827682480172,1.0,1.0,0.014955190514830416,-0.007682148793880997,0.004775272275535891,False
2361,2025-07-07 19:33:54,2025-07-07 19:53:54,20.0,5.45,5.783333333333333,14,6,True,eligible,-0.011167786441363448,-0.007299391052288577,0.006022080885368481,-0.01620115497831603,0.006763588971530057,-0.0038683953890748714,-0.642277837166397,1.0,1.0,0.021246035925660225,-0.007300164576661517,0.006021727110754928,False
2362,2025-07-07 19:34:54,2025-07-07 19:54:54,20.0,5.466666666666667,5.8,14,6,True,eligible,-0.011167786441363448,-0.007299391052288577,0.006022080885368481,-0.01620115497831603,0.006763588971530057,-0.0038683953890748714,-0.642277837166397,1.0,1.0,0.021246035925660225,-0.007300164576661517,0.006021727110754928,False
2363,2025-07-07 19:35:54,2025-07-07 19:55:54,20.0,5.483333333333333,5.816666666666666,14,6,True,eligible,-0.011167786441363448,-0.007299391052288577,0.006022080885368481,-0.01620115497831603,0.006763588971530057,-0.0038683953890748714,-0.642277837166397,1.0,1.0,0.021246035925660225,-0.007300164576661517,0.006021727110754928,False
2364,2025-07-07 19:36:54,2025-07-07 19:56:54,20.0,5.5,5.833333333333333,14,6,True,eligible,-0.011167786441363448,-0.007299391052288577,0.006022080885368481,-0.01620115497831603,0.006763588971530057,-0.0038683953890748714,-0.642277837166397,1.0,1.0,0.021246035925660225,-0.007300164576661517,0.006021727110754928,False
2365,2025-07-07 19:37:54,2025-07-07 19:57:54,20.0,5.516666666666667,5.85,14,6,True,eligible,-0.011167786441363448,-0.007299391052288577,0.006022080885368481,-0.01620115497831603,0.006763588971530057,-0.0038683953890748714,-0.642277837166397,1.0,1.0,0.021246035925660225,-0.007300164576661517,0.006021727110754928,False
2366,2025-07-07 19:38:54,2025-07-07 19:58:54,20.0,5.533333333333333,5.866666666666666,14,6,True,eligible,-0.011167786441363448,-0.007299391052288577,0.006022080885368481,-0.01620115497831603,0.006763588971530057,-0.0038683953890748714,-0.642277837166397,1.0,1.0,0.021246035925660225,-0.007300164576661517,0.006021727110754928,False
2367,2025-07-07 19:39:54,2025-07-07 19:59:54,20.0,5.55,5.883333333333334,14,6,True,eligible,-0.011167786441363448,-0.007299391052288577,0.006022080885368481,-0.01620115497831603,0.006763588971530057,-0.0038683953890748714,-0.642277837166397,1.0,1.0,0.021246035925660225,-0.007300164576661517,0.006021727110754928,False
2368,2025-07-07 19:40:54,2025-07-07 20:00:54,20.0,5.566666666666666,5.9,14,6,True,eligible,-0.011167786441363448,-0.007299391052288577,0.006022080885368481,-0.01620115497831603,0.006763588971530057,-0.0038683953890748714,-0.642277837166397,1.0,1.0,0.021246035925660225,-0.007300164576661517,0.006021727110754928,False
2369,2025-07-07 19:41:54,2025-07-07 20:01:54,20.0,5.583333333333333,5.916666666666667,13,6,True,eligible,-0.009156196164489743,-0.007616860744778062,0.004747493035886693,-0.014935155193691723,0.0034867509361323646,-0.0015393354197116814,-0.3242059223314245,1.0,1.0,0.014886468241242082,-0.007617168550300898,0.004747068169271597,False
2370,2025-07-07 19:42:54,2025-07-07 20:02:54,20.0,5.6,5.933333333333334,8,2,False,insufficient_merged_records_nodes_or_variation,,,,,,,,,,,,,False
2371,2025-07-07 19:43:54,2025-07-07 20:03:54,20.0,5.616666666666666,5.95,7,2,False,insufficient_merged_records_nodes_or_variation,,,,,,,,,,,,,False
2372,2025-07-07 19:44:54,2025-07-07 20:04:54,20.0,5.633333333333334,5.966666666666667,7,2,False,insufficient_merged_records_nodes_or_variation,,,,,,,,,,,,,False
2373,2025-07-07 19:45:54,2025-07-07 20:05:54,20.0,5.65,5.983333333333333,7,2,False,insufficient_merged_records_nodes_or_variation,,,,,,,,,,,,,False
2374,2025-07-07 19:46:54,2025-07-07 20:06:54,20.0,5.666666666666667,6.0,4,2,False,insufficient_merged_records_nodes_or_variation,,,,,,,,,,,,,False
2375,2025-07-07 19:47:54,2025-07-07 20:07:54,20.0,5.683333333333334,6.016666666666667,4,2,False,insufficient_merged_records_nodes_or_variation,,,,,,,,,,,,,False
2376,2025-07-07 19:48:54,2025-07-07 20:08:54,20.0,5.7,6.033333333333333,1,1,False,insufficient_merged_records_nodes_or_variation,,,,,,,,,,,,,False
2377,2025-07-07 19:49:54,2025-07-07 20:09:54,20.0,5.716666666666667,6.05,1,1,False,insufficient_merged_records_nodes_or_variation,,,,,,,,,,,,,False
2378,2025-07-07 19:50:54,2025-07-07 20:10:54,20.0,5.733333333333333,6.066666666666666,1,1,False,insufficient_merged_records_nodes_or_variation,,,,,,,,,,,,,False
2379,2025-07-07 19:51:54,2025-07-07 20:11:54,20.0,5.75,6.083333333333333,1,1,False,insufficient_merged_records_nodes_or_variation,,,,,,,,,,,,,False
2380,2025-07-07 19:52:54,2025-07-07 20:12:54,20.0,5.766666666666667,6.1,1,1,False,insufficient_merged_records_nodes_or_variation,,,,,,,,,,,,,False
2381,2025-07-07 19:53:54,2025-07-07 20:13:54,20.0,5.783333333333333,6.116666666666666,0,0,False,insufficient_merged_records_nodes_or_variation,,,,,,,,,,,,,False
2382,2025-07-07 19:54:54,2025-07-07 20:14:54,20.0,5.8,6.133333333333334,0,0,False,insufficient_merged_records_nodes_or_variation,,,,,,,,,,,,,False
2383,2025-07-07 19:55:54,2025-07-07 20:15:54,20.0,5.816666666666666,6.15,1,1,False,insufficient_merged_records_nodes_or_variation,,,,,,,,,,,,,False
2384,2025-07-07 19:56:54,2025-07-07 20:16:54,20.0,5.833333333333333,6.166666666666667,1,1,False,insufficient_merged_records_nodes_or_variation,,,,,,,,,,,,,False
2385,2025-07-07 19:57:54,2025-07-07 20:17:54,20.0,5.85,6.183333333333334,1,1,False,insufficient_merged_records_nodes_or_variation,,,,,,,,,,,,,False
2386,2025-07-07 19:58:54,2025-07-07 20:18:54,20.0,5.866666666666666,6.2,1,1,False,insufficient_merged_records_nodes_or_variation,,,,,,,,,,,,,False
2387,2025-07-07 19:59:54,2025-07-07 20:19:54,20.0,5.883333333333334,6.216666666666667,1,1,False,insufficient_merged_records_nodes_or_variation,,,,,,,,,,,,,False
2388,2025-07-07 20:00:54,2025-07-07 20:20:54,20.0,5.9,6.233333333333333,1,1,False,insufficient_merged_records_nodes_or_variation,,,,,,,,,,,,,False
2389,2025-07-07 20:01:54,2025-07-07 20:21:54,20.0,5.916666666666667,6.25,1,1,False,insufficient_merged_records_nodes_or_variation,,,,,,,,,,,,,False
2390,2025-07-07 20:02:54,2025-07-07 20:22:54,20.0,5.933333333333334,6.266666666666667,1,1,False,insufficient_merged_records_nodes_or_variation,,,,,,,,,,,,,False
2391,2025-07-07 20:03:54,2025-07-07 20:23:54,20.0,5.95,6.283333333333333,1,1,False,insufficient_merged_records_nodes_or_variation,,,,,,,,,,,,,False
2392,2025-07-07 20:04:54,2025-07-07 20:24:54,20.0,5.966666666666667,6.3,1,1,False,insufficient_merged_records_nodes_or_variation,,,,,,,,,,,,,False
2393,2025-07-07 20:05:54,2025-07-07 20:25:54,20.0,5.983333333333333,6.316666666666666,1,1,False,insufficient_merged_records_nodes_or_variation,,,,,,,,,,,,,False
2394,2025-07-07 20:06:54,2025-07-07 20:26:54,20.0,6.0,6.333333333333333,1,1,False,insufficient_merged_records_nodes_or_variation,,,,,,,,,,,,,False
2395,2025-07-07 20:07:54,2025-07-07 20:27:54,20.0,6.016666666666667,6.35,1,1,False,insufficient_merged_records_nodes_or_variation,,,,,,,,,,,,,False
2396,2025-07-07 20:08:54,2025-07-07 20:28:54,20.0,6.033333333333333,6.366666666666666,1,1,False,insufficient_merged_records_nodes_or_variation,,,,,,,,,,,,,False
2397,2025-07-07 20:09:54,2025-07-07 20:29:54,20.0,6.05,6.383333333333334,1,1,False,insufficient_merged_records_nodes_or_variation,,,,,,,,,,,,,False
2398,2025-07-07 20:10:54,2025-07-07 20:30:54,20.0,6.066666666666666,6.4,1,1,False,insufficient_merged_records_nodes_or_variation,,,,,,,,,,,,,False
2399,2025-07-07 20:11:54,2025-07-07 20:31:54,20.0,6.083333333333333,6.416666666666667,1,1,False,insufficient_merged_records_nodes_or_variation,,,,,,,,,,,,,False
2400,2025-07-07 20:12:54,2025-07-07 20:32:54,20.0,6.1,6.433333333333334,1,1,False,insufficient_merged_records_nodes_or_variation,,,,,,,,,,,,,False
2401,2025-07-07 20:13:54,2025-07-07 20:33:54,20.0,6.116666666666666,6.45,1,1,False,insufficient_merged_records_nodes_or_variation,,,,,,,,,,,,,False
2402,2025-07-07 20:14:54,2025-07-07 20:34:54,20.0,6.133333333333334,6.466666666666667,1,1,False,insufficient_merged_records_nodes_or_variation,,,,,,,,,,,,,False
2403,2025-07-07 20:15:54,2025-07-07 20:35:54,20.0,6.15,6.483333333333333,0,0,False,insufficient_merged_records_nodes_or_variation,,,,,,,,,,,,,False
2404,2025-07-07 20:16:54,2025-07-07 20:36:54,20.0,6.166666666666667,6.5,0,0,False,insufficient_merged_records_nodes_or_variation,,,,,,,,,,,,,False
2405,2025-07-07 20:17:54,2025-07-07 20:37:54,20.0,6.183333333333334,6.516666666666667,0,0,False,insufficient_merged_records_nodes_or_variation,,,,,,,,,,,,,False
2406,2025-07-07 20:18:54,2025-07-07 20:38:54,20.0,6.2,6.533333333333333,0,0,False,insufficient_merged_records_nodes_or_variation,,,,,,,,,,,,,False
2407,2025-07-07 20:19:54,2025-07-07 20:39:54,20.0,6.216666666666667,6.55,0,0,False,insufficient_merged_records_nodes_or_variation,,,,,,,,,,,,,False
2408,2025-07-07 20:20:54,2025-07-07 20:40:54,20.0,6.233333333333333,6.566666666666666,0,0,False,insufficient_merged_records_nodes_or_variation,,,,,,,,,,,,,False
2409,2025-07-07 20:21:54,2025-07-07 20:41:54,20.0,6.25,6.583333333333333,0,0,False,insufficient_merged_records_nodes_or_variation,,,,,,,,,,,,,False
2410,2025-07-07 20:22:54,2025-07-07 20:42:54,20.0,6.266666666666667,6.6,0,0,False,insufficient_merged_records_nodes_or_variation,,,,,,,,,,,,,False
2411,2025-07-07 20:23:54,2025-07-07 20:43:54,20.0,6.283333333333333,6.616666666666666,0,0,False,insufficient_merged_records_nodes_or_variation,,,,,,,,,,,,,False
2412,2025-07-07 20:24:54,2025-07-07 20:44:54,20.0,6.3,6.633333333333334,0,0,False,insufficient_merged_records_nodes_or_variation,,,,,,,,,,,,,False
2413,2025-07-07 20:25:54,2025-07-07 20:45:54,20.0,6.316666666666666,6.65,0,0,False,insufficient_merged_records_nodes_or_variation,,,,,,,,,,,,,False
2414,2025-07-07 20:26:54,2025-07-07 20:46:54,20.0,6.333333333333333,6.666666666666667,0,0,False,insufficient_merged_records_nodes_or_variation,,,,,,,,,,,,,False
2415,2025-07-07 20:27:54,2025-07-07 20:47:54,20.0,6.35,6.683333333333334,0,0,False,insufficient_merged_records_nodes_or_variation,,,,,,,,,,,,,False
2416,2025-07-07 20:28:54,2025-07-07 20:48:54,20.0,6.366666666666666,6.7,0,0,False,insufficient_merged_records_nodes_or_variation,,,,,,,,,,,,,False
2417,2025-07-07 20:29:54,2025-07-07 20:49:54,20.0,6.383333333333334,6.716666666666667,0,0,False,insufficient_merged_records_nodes_or_variation,,,,,,,,,,,,,False
2418,2025-07-07 20:30:54,2025-07-07 20:50:54,20.0,6.4,6.733333333333333,13,8,True,eligible,0.06584631532812918,0.03323067551968724,0.025239080030775213,-0.0075498191756191,0.09128874533981278,0.03261563980844194,1.2919224705966321,1.0,1.0,0.15289191915849676,0.0332371973432842,0.025240770036135004,False
2419,2025-07-07 20:31:54,2025-07-07 20:51:54,20.0,6.416666666666667,6.75,13,8,True,eligible,0.06584631532812918,0.03323067551968724,0.025239080030775213,-0.0075498191756191,0.09128874533981278,0.03261563980844194,1.2919224705966321,1.0,1.0,0.15289191915849676,0.0332371973432842,0.025240770036135004,False
2420,2025-07-07 20:32:54,2025-07-07 20:52:54,20.0,6.433333333333334,6.766666666666667,13,8,True,eligible,0.06584631532812918,0.03323067551968724,0.025239080030775213,-0.0075498191756191,0.09128874533981278,0.03261563980844194,1.2919224705966321,1.0,1.0,0.15289191915849676,0.0332371973432842,0.025240770036135004,False
2421,2025-07-07 20:33:54,2025-07-07 20:53:54,20.0,6.45,6.783333333333333,13,8,True,eligible,0.06584631532812918,0.03323067551968724,0.025239080030775213,-0.0075498191756191,0.09128874533981278,0.03261563980844194,1.2919224705966321,1.0,1.0,0.15289191915849676,0.0332371973432842,0.025240770036135004,False
2422,2025-07-07 20:34:54,2025-07-07 20:54:54,20.0,6.466666666666667,6.8,13,8,True,eligible,0.06584631532812918,0.03323067551968724,0.025239080030775213,-0.0075498191756191,0.09128874533981278,0.03261563980844194,1.2919224705966321,1.0,1.0,0.15289191915849676,0.0332371973432842,0.025240770036135004,False
2423,2025-07-07 20:35:54,2025-07-07 20:55:54,20.0,6.483333333333333,6.816666666666666,13,8,True,eligible,0.06584631532812918,0.03323067551968724,0.025239080030775213,-0.0075498191756191,0.09128874533981278,0.03261563980844194,1.2919224705966321,1.0,1.0,0.15289191915849676,0.0332371973432842,0.025240770036135004,False
2424,2025-07-07 20:36:54,2025-07-07 20:56:54,20.0,6.5,6.833333333333333,13,8,True,eligible,0.06584631532812918,0.03323067551968724,0.025239080030775213,-0.0075498191756191,0.09128874533981278,0.03261563980844194,1.2919224705966321,1.0,1.0,0.15289191915849676,0.0332371973432842,0.025240770036135004,False
2425,2025-07-07 20:37:54,2025-07-07 20:57:54,20.0,6.516666666666667,6.85,13,8,True,eligible,0.06584631532812918,0.03323067551968724,0.025239080030775213,-0.0075498191756191,0.09128874533981278,0.03261563980844194,1.2919224705966321,1.0,1.0,0.15289191915849676,0.0332371973432842,0.025240770036135004,False
2426,2025-07-07 20:38:54,2025-07-07 20:58:54,20.0,6.533333333333333,6.866666666666666,13,8,True,eligible,0.06584631532812918,0.03323067551968724,0.025239080030775213,-0.0075498191756191,0.09128874533981278,0.03261563980844194,1.2919224705966321,1.0,1.0,0.15289191915849676,0.0332371973432842,0.025240770036135004,False
2427,2025-07-07 20:39:54,2025-07-07 20:59:54,20.0,6.55,6.883333333333334,14,9,True,eligible,0.0794512171819467,0.038729070967249035,0.02567181671080967,-0.0024209882676652222,0.0965720181908509,0.04072214621469766,1.5857013236307373,0.9992001599680064,0.9992001599680064,0.16045377144039477,0.03873721376793184,0.025675707529078114,False
2428,2025-07-07 20:40:54,2025-07-07 21:00:54,20.0,6.566666666666666,6.9,15,9,True,eligible,0.0869327307904717,0.04124214514357765,0.026893578597522415,-0.0015632246658404078,0.10519099269189383,0.04569058564689405,1.6982803877618662,0.9982003599280144,0.9982003599280144,0.16876523804013316,0.04125128143344907,0.026898649767265706,False
2429,2025-07-07 20:41:54,2025-07-07 21:01:54,20.0,6.583333333333333,6.916666666666667,15,9,True,eligible,0.0869327307904717,0.04124214514357765,0.026893578597522415,-0.0015632246658404078,0.10519099269189383,0.04569058564689405,1.6982803877618662,0.9982003599280144,0.9982003599280144,0.16876523804013316,0.04125128143344907,0.026898649767265706,False
2430,2025-07-07 20:42:54,2025-07-07 21:02:54,20.0,6.6,6.933333333333334,15,9,True,eligible,0.0869327307904717,0.04124214514357765,0.026893578597522415,-0.0015632246658404078,0.10519099269189383,0.04569058564689405,1.6982803877618662,0.9982003599280144,0.9982003599280144,0.16876523804013316,0.04125128143344907,0.026898649767265706,False
2431,2025-07-07 20:43:54,2025-07-07 21:03:54,20.0,6.616666666666666,6.95,15,9,True,eligible,0.0869327307904717,0.04124214514357765,0.026893578597522415,-0.0015632246658404078,0.10519099269189383,0.04569058564689405,1.6982803877618662,0.9982003599280144,0.9982003599280144,0.16876523804013316,0.04125128143344907,0.026898649767265706,False
2432,2025-07-07 20:44:54,2025-07-07 21:04:54,20.0,6.633333333333334,6.966666666666667,15,9,True,eligible,0.0869327307904717,0.04124214514357765,0.026893578597522415,-0.0015632246658404078,0.10519099269189383,0.04569058564689405,1.6982803877618662,0.9982003599280144,0.9982003599280144,0.16876523804013316,0.04125128143344907,0.026898649767265706,False
2433,2025-07-07 20:45:54,2025-07-07 21:05:54,20.0,6.65,6.983333333333333,15,9,True,eligible,0.0869327307904717,0.04124214514357765,0.026893578597522415,-0.0015632246658404078,0.10519099269189383,0.04569058564689405,1.6982803877618662,0.9982003599280144,0.9982003599280144,0.16876523804013316,0.04125128143344907,0.026898649767265706,False
2434,2025-07-07 20:46:54,2025-07-07 21:06:54,20.0,6.666666666666667,7.0,17,11,True,eligible,0.07540702760645493,0.04281831085824685,0.027343314328805168,-0.0006679864163926893,0.1066478640860569,0.03258871674820808,1.1915465310019622,1.0,1.0,0.17245217768114607,0.042824827298308485,0.027344463233633293,False
2435,2025-07-07 20:47:54,2025-07-07 21:07:54,20.0,6.683333333333334,7.016666666666667,17,11,True,eligible,0.07540702760645493,0.04281831085824685,0.027343314328805168,-0.0006679864163926893,0.1066478640860569,0.03258871674820808,1.1915465310019622,1.0,1.0,0.17245217768114607,0.042824827298308485,0.027344463233633293,False
2436,2025-07-07 20:48:54,2025-07-07 21:08:54,20.0,6.7,7.033333333333333,17,11,True,eligible,0.07540702760645493,0.04281831085824685,0.027343314328805168,-0.0006679864163926893,0.1066478640860569,0.03258871674820808,1.1915465310019622,1.0,1.0,0.17245217768114607,0.042824827298308485,0.027344463233633293,False
2437,2025-07-07 20:49:54,2025-07-07 21:09:54,20.0,6.716666666666667,7.05,17,11,True,eligible,0.07540702760645493,0.04281831085824685,0.027343314328805168,-0.0006679864163926893,0.1066478640860569,0.03258871674820808,1.1915465310019622,1.0,1.0,0.17245217768114607,0.042824827298308485,0.027344463233633293,False
2438,2025-07-07 20:50:54,2025-07-07 21:10:54,20.0,6.733333333333333,7.066666666666666,4,3,False,insufficient_merged_records_nodes_or_variation,,,,,,,,,,,,,False
2439,2025-07-07 20:51:54,2025-07-07 21:11:54,20.0,6.75,7.083333333333333,4,3,False,insufficient_merged_records_nodes_or_variation,,,,,,,,,,,,,False
2440,2025-07-07 20:52:54,2025-07-07 21:12:54,20.0,6.766666666666667,7.1,4,3,False,insufficient_merged_records_nodes_or_variation,,,,,,,,,,,,,False
2441,2025-07-07 20:53:54,2025-07-07 21:13:54,20.0,6.783333333333333,7.116666666666666,4,3,False,insufficient_merged_records_nodes_or_variation,,,,,,,,,,,,,False
2442,2025-07-07 20:54:54,2025-07-07 21:14:54,20.0,6.8,7.133333333333334,4,3,False,insufficient_merged_records_nodes_or_variation,,,,,,,,,,,,,False
2443,2025-07-07 20:55:54,2025-07-07 21:15:54,20.0,6.816666666666666,7.15,4,3,False,insufficient_merged_records_nodes_or_variation,,,,,,,,,,,,,False
2444,2025-07-07 20:56:54,2025-07-07 21:16:54,20.0,6.833333333333333,7.166666666666667,4,3,False,insufficient_merged_records_nodes_or_variation,,,,,,,,,,,,,False
2445,2025-07-07 20:57:54,2025-07-07 21:17:54,20.0,6.85,7.183333333333334,4,3,False,insufficient_merged_records_nodes_or_variation,,,,,,,,,,,,,False
2446,2025-07-07 20:58:54,2025-07-07 21:18:54,20.0,6.866666666666666,7.2,4,3,False,insufficient_merged_records_nodes_or_variation,,,,,,,,,,,,,False
2447,2025-07-07 20:59:54,2025-07-07 21:19:54,20.0,6.883333333333334,7.216666666666667,3,3,False,insufficient_merged_records_nodes_or_variation,,,,,,,,,,,,,False
2448,2025-07-07 21:00:54,2025-07-07 21:20:54,20.0,6.9,7.233333333333333,2,2,False,insufficient_merged_records_nodes_or_variation,,,,,,,,,,,,,False
2449,2025-07-07 21:01:54,2025-07-07 21:21:54,20.0,6.916666666666667,7.25,2,2,False,insufficient_merged_records_nodes_or_variation,,,,,,,,,,,,,False
2450,2025-07-07 21:02:54,2025-07-07 21:22:54,20.0,6.933333333333334,7.266666666666667,2,2,False,insufficient_merged_records_nodes_or_variation,,,,,,,,,,,,,False
2451,2025-07-07 21:03:54,2025-07-07 21:23:54,20.0,6.95,7.283333333333333,3,3,False,insufficient_merged_records_nodes_or_variation,,,,,,,,,,,,,False
2452,2025-07-07 21:04:54,2025-07-07 21:24:54,20.0,6.966666666666667,7.3,4,3,False,insufficient_merged_records_nodes_or_variation,,,,,,,,,,,,,False
2453,2025-07-07 21:05:54,2025-07-07 21:25:54,20.0,6.983333333333333,7.316666666666666,4,3,False,insufficient_merged_records_nodes_or_variation,,,,,,,,,,,,,False
2454,2025-07-07 21:06:54,2025-07-07 21:26:54,20.0,7.0,7.333333333333333,2,1,False,insufficient_merged_records_nodes_or_variation,,,,,,,,,,,,,False
2455,2025-07-07 21:07:54,2025-07-07 21:27:54,20.0,7.016666666666667,7.35,4,3,False,insufficient_merged_records_nodes_or_variation,,,,,,,,,,,,,False
2456,2025-07-07 21:08:54,2025-07-07 21:28:54,20.0,7.033333333333333,7.366666666666666,4,3,False,insufficient_merged_records_nodes_or_variation,,,,,,,,,,,,,False
2457,2025-07-07 21:09:54,2025-07-07 21:29:54,20.0,7.05,7.383333333333334,4,3,False,insufficient_merged_records_nodes_or_variation,,,,,,,,,,,,,False
2458,2025-07-07 21:10:54,2025-07-07 21:30:54,20.0,7.066666666666666,7.4,7,3,True,eligible,-0.008989430010866368,0.0020686199743158843,0.02174178591070632,-0.013968191247654,0.048542922058678384,-0.011058049985182252,-0.5085441738828357,1.0,1.0,0.10512643693682049,0.0020664088065524017,0.021740173981357896,False
2459,2025-07-07 21:11:54,2025-07-07 21:31:54,20.0,7.083333333333333,7.416666666666667,7,3,True,eligible,-0.008989430010866368,0.0020686199743158843,0.02174178591070632,-0.013968191247654,0.048542922058678384,-0.011058049985182252,-0.5085441738828357,1.0,1.0,0.10512643693682049,0.0020664088065524017,0.021740173981357896,False
2460,2025-07-07 21:12:54,2025-07-07 21:32:54,20.0,7.1,7.433333333333334,7,3,True,eligible,-0.008989430010866368,0.0020686199743158843,0.02174178591070632,-0.013968191247654,0.048542922058678384,-0.011058049985182252,-0.5085441738828357,1.0,1.0,0.10512643693682049,0.0020664088065524017,0.021740173981357896,False
2461,2025-07-07 21:13:54,2025-07-07 21:33:54,20.0,7.116666666666666,7.45,10,4,True,eligible,0.012736011566896402,0.005326212462653234,0.021534522307443443,-0.016124750786469803,0.06784820707455679,0.007409799104243168,0.34405084812432024,1.0,1.0,0.10740382306946807,0.0053276941261413855,0.021532623683805235,False
2462,2025-07-07 21:14:54,2025-07-07 21:34:54,20.0,7.133333333333334,7.466666666666667,10,4,True,eligible,0.012736011566896402,0.005326212462653234,0.021534522307443443,-0.016124750786469803,0.06784820707455679,0.007409799104243168,0.34405084812432024,1.0,1.0,0.10740382306946807,0.0053276941261413855,0.021532623683805235,False
2463,2025-07-07 21:15:54,2025-07-07 21:35:54,20.0,7.15,7.483333333333333,10,4,True,eligible,0.012736011566896402,0.005326212462653234,0.021534522307443443,-0.016124750786469803,0.06784820707455679,0.007409799104243168,0.34405084812432024,1.0,1.0,0.10740382306946807,0.0053276941261413855,0.021532623683805235,False
2464,2025-07-07 21:16:54,2025-07-07 21:36:54,20.0,7.166666666666667,7.5,10,4,True,eligible,0.012736011566896402,0.005326212462653234,0.021534522307443443,-0.016124750786469803,0.06784820707455679,0.007409799104243168,0.34405084812432024,1.0,1.0,0.10740382306946807,0.0053276941261413855,0.021532623683805235,False
2465,2025-07-07 21:17:54,2025-07-07 21:37:54,20.0,7.183333333333334,7.516666666666667,10,4,True,eligible,0.012736011566896402,0.005326212462653234,0.021534522307443443,-0.016124750786469803,0.06784820707455679,0.007409799104243168,0.34405084812432024,1.0,1.0,0.10740382306946807,0.0053276941261413855,0.021532623683805235,False
2466,2025-07-07 21:18:54,2025-07-07 21:38:54,20.0,7.2,7.533333333333333,10,4,True,eligible,0.012736011566896402,0.005326212462653234,0.021534522307443443,-0.016124750786469803,0.06784820707455679,0.007409799104243168,0.34405084812432024,1.0,1.0,0.10740382306946807,0.0053276941261413855,0.021532623683805235,False
2467,2025-07-07 21:19:54,2025-07-07 21:39:54,20.0,7.216666666666667,7.55,10,4,True,eligible,0.012736011566896402,0.005326212462653234,0.021534522307443443,-0.016124750786469803,0.06784820707455679,0.007409799104243168,0.34405084812432024,1.0,1.0,0.10740382306946807,0.0053276941261413855,0.021532623683805235,False
2468,2025-07-07 21:20:54,2025-07-07 21:40:54,20.0,7.233333333333333,7.566666666666666,22,10,True,eligible,0.016016425020239245,-0.006882643839475431,0.015326295780647353,-0.031131910271474175,0.02454895909733427,0.022899068859714676,1.4936205357255081,0.9996000799840032,0.9996000799840032,0.06578570699946586,-0.006878064941483086,0.015328183708053805,False
2469,2025-07-07 21:21:54,2025-07-07 21:41:54,20.0,7.25,7.583333333333333,62,10,True,eligible,0.025492826857343966,-0.00851564312417124,0.015017595575689428,-0.03330768480047919,0.026737813592409305,0.03400846998151521,2.2631881873174047,0.9308138372325535,0.9308138372325535,0.06271195222015881,-0.008508842790241724,0.015023792470341782,False
2470,2025-07-07 21:22:54,2025-07-07 21:42:54,20.0,7.266666666666667,7.6,102,10,True,eligible,0.020602443532072606,-0.007851084708460259,0.013465120006847721,-0.0292843170567216,0.02470781720957478,0.028453528240532863,2.111974364409118,0.9708058388322336,0.9708058388322336,0.056008570676997924,-0.0078453951407257,0.013469784080810733,False
2471,2025-07-07 21:23:54,2025-07-07 21:43:54,20.0,7.283333333333333,7.616666666666666,143,10,True,eligible,0.01794216739865122,-0.0074553409190161336,0.012943063027770003,-0.0275194639266308,0.023777475322838013,0.025397508317667357,1.9612974853889267,0.9868026394721056,0.9868026394721056,0.05392424657889398,-0.007450262433049793,0.012946750822283177,False
2472,2025-07-07 21:24:54,2025-07-07 21:44:54,20.0,7.3,7.633333333333334,174,10,True,eligible,0.015476768686001976,-0.007250462691167897,0.01243222734886784,-0.026511395493359565,0.022807788872261193,0.022727231377169872,1.8272967612360433,0.9952009598080384,0.9952009598080384,0.051703271580675544,-0.0072459181537999386,0.012435137697300763,False
2473,2025-07-07 21:25:54,2025-07-07 21:45:54,20.0,7.316666666666666,7.65,190,10,True,eligible,0.01305876455743197,-0.007390092201435912,0.011797340599935306,-0.02562385137241313,0.020983311418673944,0.020448856758867883,1.732650843756783,0.9978004399120176,0.9978004399120176,0.0485508935616415,-0.0073860032478748495,0.011799704411869788,False
2474,2025-07-07 21:26:54,2025-07-07 21:46:54,20.0,7.333333333333333,7.666666666666667,206,10,True,eligible,0.011735871630562849,-0.0073978009352390454,0.011518764514365145,-0.024976089806253255,0.020258991063079594,0.019133672565801896,1.6604630793618964,0.9988002399520096,0.9988002399520096,0.047220719111891324,-0.007393974965919751,0.011520790094191108,False
2475,2025-07-07 21:27:54,2025-07-07 21:47:54,20.0,7.35,7.683333333333334,225,10,True,eligible,0.008691088059018462,-0.0076568358588003475,0.010161926965268074,-0.02286106602568556,0.016190767525171634,0.016347923917818807,1.60816554668015,0.999000199960008,0.999000199960008,0.040527037666673614,-0.007653566927802985,0.010163540078670928,False
2476,2025-07-07 21:28:54,2025-07-07 21:48:54,20.0,7.366666666666666,7.7,251,10,True,eligible,0.007761873717492815,-0.007683631902288414,0.009516529395862575,-0.021813953702875696,0.014776204244042317,0.015445505619781228,1.6224291799448711,0.999000199960008,0.999000199960008,0.037440254620399904,-0.007680543418861142,0.00951808394920429,False
2477,2025-07-07 21:29:54,2025-07-07 21:49:54,20.0,7.383333333333334,7.716666666666667,279,11,True,eligible,0.007437184597088859,-0.007605443553916056,0.009051425527024206,-0.021338983848523625,0.014334729474520002,0.015042628151004916,1.661282173601269,0.9988002399520096,0.9988002399520096,0.03531370959669226,-0.007602435629870662,0.009053019689218214,False
2478,2025-07-07 21:30:54,2025-07-07 21:50:54,20.0,7.4,7.733333333333333,311,9,True,eligible,0.006913033131557801,-0.007687626541286348,0.008873230743692104,-0.020928621713691507,0.013430192147145041,0.014600659672844149,1.6448629921538747,0.9988002399520096,0.9988002399520096,0.03438632252367625,-0.007684706993261385,0.008874745309762302,False
2479,2025-07-07 21:31:54,2025-07-07 21:51:54,20.0,7.416666666666667,7.75,333,9,True,eligible,0.005752427203298857,-0.007715312629343315,0.008211200114720742,-0.019944406727027478,0.01162142078434626,0.013467739832642172,1.6395620790899086,0.9988002399520096,0.9988002399520096,0.031219427847241955,-0.007712619619978659,0.008212587370129787,False
2480,2025-07-07 21:32:54,2025-07-07 21:52:54,20.0,7.433333333333334,7.766666666666667,346,9,True,eligible,0.005800453221338311,-0.00772253187678811,0.008216380994247083,-0.019946731470879376,0.011782859624072724,0.013522985098126421,1.6452464862864213,0.9988002399520096,0.9988002399520096,0.03123685672457894,-0.007719827820579727,0.008217784480692268,False
2481,2025-07-07 21:33:54,2025-07-07 21:53:54,20.0,7.45,7.783333333333333,358,9,True,eligible,0.005408066718870067,-0.007551291752763233,0.007805556629599857,-0.019232590622229553,0.011262501154015761,0.012959358471633299,1.659650064659988,0.9988002399520096,0.9988002399520096,0.029460301021240743,-0.00754870039933959,0.007806927131270957,False
2482,2025-07-07 21:34:54,2025-07-07 21:54:54,20.0,7.466666666666667,7.8,386,9,True,eligible,0.004577852828093819,-0.007551741058642783,0.007646328535919492,-0.01898009604350375,0.010305003884011196,0.012129593886736602,1.5857715780426924,0.9992001599680064,0.9992001599680064,0.028703857240064863,-0.007549315624952174,0.007647487583309117,False
2483,2025-07-07 21:35:54,2025-07-07 21:55:54,20.0,7.483333333333333,7.816666666666666,405,9,True,eligible,0.004981576572776929,-0.0075963948173525635,0.00789438479811929,-0.019364549618252864,0.010805291705163695,0.012577971390129492,1.5927172181376048,0.9992001599680064,0.9992001599680064,0.02983547315574242,-0.007593879726092789,0.00789559888953448,False
2484,2025-07-07 21:36:54,2025-07-07 21:56:54,20.0,7.5,7.833333333333333,463,11,True,eligible,0.005988721060518803,-0.007583914644031998,0.008480247557174529,-0.020354828636755837,0.01238781144170854,0.013572635704550801,1.5999301601364464,0.9992001599680064,0.9992001599680064,0.032625974177109315,-0.007581200659687955,0.00848157129499295,False
2485,2025-07-07 21:37:54,2025-07-07 21:57:54,20.0,7.516666666666667,7.85,478,11,True,eligible,0.006186819278224876,-0.0075613462443441274,0.008528730204363788,-0.020436378165594248,0.012671940104396751,0.013748165522569003,1.6114028890460756,0.999000199960008,0.999000199960008,0.03287859626464512,-0.007558597161056271,0.008530092959817274,False
2486,2025-07-07 21:38:54,2025-07-07 21:58:54,20.0,7.533333333333333,7.866666666666666,515,11,True,eligible,0.006577594963257761,-0.007485853583395426,0.00868827635679356,-0.02050377073373259,0.013036005997908212,0.014063448546653187,1.6180838615707953,0.999000199960008,0.999000199960008,0.03371069568150313,-0.0074830414561115515,0.008689683367659077,False
2487,2025-07-07 21:39:54,2025-07-07 21:59:54,20.0,7.55,7.883333333333334,525,11,True,eligible,0.006886779383319675,-0.007440647620006719,0.008897084236328246,-0.020862381068487715,0.013500452537730582,0.014327427003326393,1.6097724564877525,0.999000199960008,0.999000199960008,0.03474586227623965,-0.0074377827075885385,0.00889850117212339,False
2488,2025-07-07 21:40:54,2025-07-07 22:00:54,20.0,7.566666666666666,7.9,574,12,True,eligible,0.01031552944810778,-0.0071002146028456845,0.010556918914440471,-0.023068843773934186,0.01825072927214535,0.017415744050953464,1.6490858672862332,0.9988002399520096,0.9988002399520096,0.04295730998390211,-0.007096732150525959,0.010558735566200494,False
2489,2025-07-07 21:41:54,2025-07-07 22:01:54,20.0,7.583333333333333,7.916666666666667,552,13,True,eligible,0.010366941601305808,-0.007131626094810694,0.010675529803469617,-0.02313789628789697,0.018715555518425485,0.017498567696116504,1.6385247122861097,0.9988002399520096,0.9988002399520096,0.04348811485682781,-0.007128127081074218,0.010677329765732052,False
2490,2025-07-07 21:42:54,2025-07-07 22:02:54,20.0,7.6,7.933333333333334,539,13,True,eligible,0.009451806379128697,-0.007186022949382008,0.01036425303411971,-0.02281670679473119,0.017515063401886154,0.016637829328510705,1.6047350986898312,0.9992001599680064,0.9992001599680064,0.04195714015461517,-0.007182696048896404,0.010365886831793087,False
2491,2025-07-07 21:43:54,2025-07-07 22:03:54,20.0,7.616666666666666,7.95,498,13,True,eligible,0.009166744392377303,-0.007176813258202513,0.010175358096930629,-0.0225836757292191,0.01699772033954315,0.016343557650579817,1.6056151908299565,0.999000199960008,0.999000199960008,0.04107070066334653,-0.007173545200283981,0.010176964995090042,False
2492,2025-07-07 21:44:54,2025-07-07 22:04:54,20.0,7.633333333333334,7.966666666666667,466,13,True,eligible,0.009378525274964829,-0.007159759446483439,0.010148177433637176,-0.02247326504849093,0.01710042533753509,0.01653828472144827,1.629084772542109,0.999000199960008,0.999000199960008,0.04095928775673999,-0.007156452450938257,0.010149857149607412,False
2493,2025-07-07 21:45:54,2025-07-07 22:05:54,20.0,7.65,7.983333333333333,450,13,True,eligible,0.010072863336726775,-0.00711834836794756,0.01029929320321149,-0.022692539133907494,0.01774704829406615,0.017191211704674334,1.6685325551872587,0.9988002399520096,0.9988002399520096,0.04171795307521246,-0.00711491081311759,0.010301132031502609,False
2494,2025-07-07 21:46:54,2025-07-07 22:06:54,20.0,7.666666666666667,8.0,434,13,True,eligible,0.01060904017917722,-0.007107750277858499,0.010366092091790546,-0.02279716164168054,0.018034807229715646,0.017716790457035718,1.7084400610916213,0.9982003599280144,0.9982003599280144,0.0420460380684124,-0.007104207628297005,0.01036808268014753,False
2495,2025-07-07 21:47:54,2025-07-07 22:07:54,20.0,7.683333333333334,8.016666666666667,413,13,True,eligible,0.012235307540436188,-0.006992232195380299,0.011049921052457255,-0.02385354886500825,0.02004061623028191,0.019227539735816486,1.7393607653608412,0.9968006398720256,0.9968006398720256,0.045404753994963166,-0.006988387456380934,0.01105216087407206,False
2496,2025-07-07 21:48:54,2025-07-07 22:08:54,20.0,7.7,8.033333333333333,387,13,True,eligible,0.013383384657852621,-0.006868139130153314,0.011651167740949145,-0.024659641061160104,0.021701890745714516,0.020251523788005935,1.7374554060451173,0.9978004399120176,0.9978004399120176,0.04837982314105657,-0.006864089635294686,0.011653521709219357,False
2497,2025-07-07 21:49:54,2025-07-07 22:09:54,20.0,7.716666666666667,8.05,359,13,True,eligible,0.0143032130996464,-0.006721579364662847,0.012260833139371118,-0.025482682166920907,0.023016222709258877,0.021024792464309244,1.714117748135289,0.998000399920016,0.998000399920016,0.05141679217713243,-0.00671737524699352,0.012263211421448301,False
2498,2025-07-07 21:50:54,2025-07-07 22:10:54,20.0,7.733333333333333,8.066666666666666,325,13,True,eligible,0.015838357087738363,-0.006450931415542624,0.012881668170273615,-0.02606332763808678,0.02486738267390053,0.022289288503280987,1.7296199812251898,0.9978004399120176,0.9978004399120176,0.05463167959187652,-0.0064464744492352295,0.012884235715863989,False
2499,2025-07-07 21:51:54,2025-07-07 22:11:54,20.0,7.75,8.083333333333334,303,13,True,eligible,0.01900858847912951,-0.005843426589225188,0.014504333526022598,-0.027898950730669628,0.029210322587595376,0.0248520150683547,1.7127459567500305,0.9982003599280144,0.9982003599280144,0.06293313014174988,-0.005838457180093345,0.01450714016360641,False
2500,2025-07-07 21:52:54,2025-07-07 22:12:54,20.0,7.766666666666667,8.1,290,13,True,eligible,0.019672007427273337,-0.0056601067925486845,0.014908722111265586,-0.02835577315023632,0.030229328059148665,0.02533211421982202,1.6984870979534572,0.9982003599280144,0.9982003599280144,0.06503359051683406,-0.0056550413827866726,0.01491153441234679,False
2501,2025-07-07 21:53:54,2025-07-07 22:13:54,20.0,7.783333333333333,8.116666666666667,275,13,True,eligible,0.022366250945492893,-0.0051764832541945,0.016379361665764564,-0.029880847663940502,0.03491345861374323,0.02754273419968739,1.680907810013124,0.9986002799440112,0.9986002799440112,0.07249012587542757,-0.005170975808843633,0.01638235398175794,False
2502,2025-07-07 21:54:54,2025-07-07 22:14:54,20.0,7.8,8.133333333333333,248,14,True,eligible,0.02865317132296509,-0.004056429518367798,0.018199701882713616,-0.03192100270177387,0.04089421065796415,0.03270960084133289,1.796500389675376,0.9958008398320336,0.9958008398320336,0.08224564495262245,-0.004049888906321942,0.018203759051338926,False
2503,2025-07-07 21:55:54,2025-07-07 22:15:54,20.0,7.816666666666666,8.15,229,14,True,eligible,0.029626868367814706,-0.0037662820824200345,0.018602689976673296,-0.032093976354729124,0.042367694000664154,0.03339315045023474,1.7943135326097785,0.9958008398320336,0.9958008398320336,0.0844466642725223,-0.003759604787788914,0.018606822357876293,False
2504,2025-07-07 21:56:54,2025-07-07 22:16:54,20.0,7.833333333333333,8.166666666666666,172,11,True,eligible,0.03336325092683429,-0.002268465969004428,0.01978216020833449,-0.032741180803135095,0.04672336838184823,0.035631716895838716,1.800440459516924,0.9958008398320336,0.9958008398320336,0.09153769524504635,-0.002261341050608938,0.019786598212196173,False
2505,2025-07-07 21:57:54,2025-07-07 22:17:54,20.0,7.85,8.183333333333334,158,12,True,eligible,0.037952048172800845,-0.0013638448982999313,0.02095365108533162,-0.0339209245611651,0.050781537307945705,0.039315893071100776,1.875478876018185,0.9928014397120576,0.9928014397120576,0.09800053388246717,-0.0013559832920069692,0.020958930525659877,False
2506,2025-07-07 21:58:54,2025-07-07 22:18:54,20.0,7.866666666666666,8.2,121,12,True,eligible,0.04760391745697216,0.0007713053470902523,0.024839553388004,-0.03773969307773878,0.0615108639663581,0.046832612109881905,1.8845464917460952,0.9914017196560688,0.9914017196560688,0.11856348144169583,0.0007806699965823306,0.024845896700063114,False
2507,2025-07-07 21:59:54,2025-07-07 22:19:54,20.0,7.883333333333334,8.216666666666667,113,12,True,eligible,0.051020177671624825,0.0003423708781675864,0.02469409322561473,-0.03846966258741797,0.06033874685459625,0.050677806793457236,2.051155000876288,0.978004399120176,0.978004399120176,0.117453266752819,0.00035250441281934697,0.024702020684521354,False
2508,2025-07-07 22:00:54,2025-07-07 22:20:54,20.0,7.9,8.233333333333333,52,9,True,eligible,0.02072865138111554,-0.006411158692904887,0.015325892178007212,-0.03024737317205203,0.028443437443581472,0.027139810074020426,1.770114966780087,0.9962007598480304,0.9962007598480304,0.06626268876561318,-0.00640573181626541,0.015329164323569065,False
2509,2025-07-07 22:01:54,2025-07-07 22:21:54,20.0,7.916666666666667,8.25,34,9,True,eligible,0.003973027384051968,-0.005973995986142992,0.01243292992963607,-0.0218289431119011,0.021394705352123348,0.00994702337019496,0.7999234694085832,1.0,1.0,0.052964594686843024,-0.005972006979270328,0.012432482285680498,False
2510,2025-07-07 22:02:54,2025-07-07 22:22:54,20.0,7.933333333333334,8.266666666666667,7,4,True,eligible,0.0029885625688156462,-0.002848760757701743,0.015018151005529317,-0.019032424780351824,0.036334629126126186,0.00583732332651739,0.38863982785668366,1.0,1.0,0.06834041362186524,-0.002847593526482683,0.015016875978677338,False
2511,2025-07-07 22:03:54,2025-07-07 22:23:54,20.0,7.95,8.283333333333333,8,3,True,eligible,0.003941408318136487,-0.005945890934760997,0.007583639787201563,-0.0141773045473263,0.010941820107065132,0.009887299252897483,1.3034151266716323,1.0,1.0,0.030009100899682468,-0.005943913870323305,0.007584170220352359,False
2512,2025-07-07 22:04:54,2025-07-07 22:24:54,20.0,7.966666666666667,8.3,8,3,True,eligible,0.003941408318136487,-0.005945890934760997,0.007583639787201563,-0.0141773045473263,0.010941820107065132,0.009887299252897483,1.3034151266716323,1.0,1.0,0.030009100899682468,-0.005943913870323305,0.007584170220352359,False
2513,2025-07-07 22:05:54,2025-07-07 22:25:54,20.0,7.983333333333333,8.316666666666666,8,3,True,eligible,0.003941408318136487,-0.005945890934760997,0.007583639787201563,-0.0141773045473263,0.010941820107065132,0.009887299252897483,1.3034151266716323,1.0,1.0,0.030009100899682468,-0.005943913870323305,0.007584170220352359,False
2514,2025-07-07 22:06:54,2025-07-07 22:26:54,20.0,8.0,8.333333333333334,9,3,True,eligible,0.001280601814663186,-0.005696224884043474,0.005735969603383602,-0.012237316382293086,0.007123091882839225,0.00697682669870666,1.2160276088408086,1.0,1.0,0.02149803048247037,-0.005694829797720997,0.00573624444187874,False
2515,2025-07-07 22:07:54,2025-07-07 22:27:54,20.0,8.016666666666667,8.35,9,3,True,eligible,0.001280601814663186,-0.005696224884043474,0.005735969603383602,-0.012237316382293086,0.007123091882839225,0.00697682669870666,1.2160276088408086,1.0,1.0,0.02149803048247037,-0.005694829797720997,0.00573624444187874,False
2516,2025-07-07 22:08:54,2025-07-07 22:28:54,20.0,8.033333333333333,8.366666666666667,9,3,True,eligible,0.001280601814663186,-0.005696224884043474,0.005735969603383602,-0.012237316382293086,0.007123091882839225,0.00697682669870666,1.2160276088408086,1.0,1.0,0.02149803048247037,-0.005694829797720997,0.00573624444187874,False
2517,2025-07-07 22:09:54,2025-07-07 22:29:54,20.0,8.05,8.383333333333333,10,4,True,eligible,-0.0008149004276896846,-0.007277018210095337,0.005717657283113362,-0.01408765772051582,0.005523214009895871,0.006462117782405652,1.1299464574440525,1.0,1.0,0.01982977225811895,-0.007275726044971879,0.005717815720132998,False
2518,2025-07-07 22:10:54,2025-07-07 22:30:54,20.0,8.066666666666666,8.4,9,3,True,eligible,-0.008113205745933562,-0.006031354696699079,0.0020621665234455354,-0.008113205745933563,-0.00398909510957399,-0.002081851049234483,-1.0093417715744681,1.0,1.0,0.003744017537650063,-0.006031770983651535,0.0020621704371109155,False
2519,2025-07-07 22:11:54,2025-07-07 22:31:54,20.0,8.083333333333334,8.416666666666666,10,3,True,eligible,-0.009095535880755307,-0.006958805536939133,0.0021165269178449603,-0.00909553588075533,-0.004862710318520165,-0.002136730343816174,-1.0093417715743624,1.0,1.0,0.003074253496229735,-0.006959232797555772,0.002116530934677704,False
2520,2025-07-07 22:12:54,2025-07-07 22:32:54,20.0,8.1,8.433333333333334,12,5,True,eligible,0.005892467301636521,0.0012420471010993576,0.011468634370407925,-0.01466354977685887,0.03226367342207442,0.004650420200537163,0.4054431170515652,1.0,1.0,0.05560588191821843,0.001242976999159853,0.0114676759992582,False
2521,2025-07-07 22:13:54,2025-07-07 22:33:54,20.0,8.116666666666667,8.45,12,5,True,eligible,0.005892467301636521,0.0012420471010993576,0.011468634370407925,-0.01466354977685887,0.03226367342207442,0.004650420200537163,0.4054431170515652,1.0,1.0,0.05560588191821843,0.001242976999159853,0.0114676759992582,False
2522,2025-07-07 22:14:54,2025-07-07 22:34:54,20.0,8.133333333333333,8.466666666666667,15,6,True,eligible,0.031286183272659446,0.004235189370013614,0.011316745235988137,-0.015483117452220948,0.030131068820068975,0.027050993902645832,2.388747614799596,0.8910217956408718,0.8910217956408718,0.057913287147678606,0.004240598486970751,0.011322077149601963,False
2523,2025-07-07 22:15:54,2025-07-07 22:35:54,20.0,8.15,8.483333333333333,15,6,True,eligible,0.031286183272659446,0.004235189370013614,0.011316745235988137,-0.015483117452220948,0.030131068820068975,0.027050993902645832,2.388747614799596,0.8910217956408718,0.8910217956408718,0.057913287147678606,0.004240598486970751,0.011322077149601963,False
2524,2025-07-07 22:16:54,2025-07-07 22:36:54,20.0,8.166666666666666,8.5,15,7,True,eligible,0.05369946875107126,0.012657823531428846,0.013077514551184364,-0.010594847103586708,0.04069514332707475,0.04104164521964242,3.134936950073431,0.47070585882823435,0.47070585882823435,0.0747152524711513,0.012666030219135233,0.013089079361221246,False
2525,2025-07-07 22:17:54,2025-07-07 22:37:54,20.0,8.183333333333334,8.516666666666667,15,7,True,eligible,0.06003569853713028,0.01518976605265326,0.013461230999280155,-0.008578099946736332,0.04377104531440663,0.04484593248447702,3.3274641431006438,0.36312737452509497,0.36312737452509497,0.07907655042033963,0.015198733445671556,0.013474815403924421,False
2526,2025-07-07 22:18:39,2025-07-07 22:38:39,20.0,8.195833333333333,8.529166666666667,16,7,True,eligible,0.05559598995140089,0.013605587772638615,0.012513198417019436,-0.008499049139529995,0.040147442067945814,0.04199040217876227,3.3515815643911977,0.353129374125175,0.353129374125175,0.07299404423325656,0.013613984173794141,0.012526028375273219,False
2527,2025-07-07 14:06:54,2025-07-07 14:36:54,30.0,0.0,0.5,0,0,False,insufficient_merged_records_nodes_or_variation,,,,,,,,,,,,,False
2528,2025-07-07 14:07:54,2025-07-07 14:37:54,30.0,0.016666666666666666,0.5166666666666667,6,1,False,insufficient_merged_records_nodes_or_variation,,,,,,,,,,,,,False
2529,2025-07-07 14:08:54,2025-07-07 14:38:54,30.0,0.03333333333333333,0.5333333333333333,8,3,True,eligible,0.00771352064266009,-0.0036247392190561795,0.01508267700332841,-0.02585827904560193,0.02897566044522576,0.01133825986171627,0.751622925265676,1.0,1.0,0.06787435679595437,-0.0036224720205235428,0.015082020893889981,False
2530,2025-07-07 14:09:54,2025-07-07 14:39:54,30.0,0.05,0.55,9,4,True,eligible,0.00784912868198877,-0.0008769373376468791,0.01723634903541316,-0.027269829522347473,0.037566025131378536,0.008726066019635648,0.5061959515599717,1.0,1.0,0.08082822418058973,-0.0008751924734157981,0.017235067029908777,False
2531,2025-07-07 14:10:54,2025-07-07 14:40:54,30.0,0.06666666666666667,0.5666666666666667,13,4,True,eligible,0.023793975598612578,0.004584899845448157,0.026123435960263675,-0.03136343836213273,0.0715598171530403,0.019209075753164422,0.7352063913011369,1.0,1.0,0.1284220808379987,0.0045887408923894,0.026122235787741963,False
2532,2025-07-07 14:11:54,2025-07-07 14:41:54,30.0,0.08333333333333333,0.5833333333333334,13,4,True,eligible,0.023793975598612578,0.004584899845448157,0.026123435960263675,-0.03136343836213273,0.0715598171530403,0.019209075753164422,0.7352063913011369,1.0,1.0,0.1284220808379987,0.0045887408923894,0.026122235787741963,False
2533,2025-07-07 14:12:54,2025-07-07 14:42:54,30.0,0.1,0.6,14,5,True,eligible,0.02075316974705129,0.008587278958767038,0.026498973891335226,-0.030467419415884434,0.07404171660463961,0.012165890788284252,0.4590524250387889,1.0,1.0,0.13419907624113367,0.008589711650386371,0.02649688234549057,False
2534,2025-07-07 14:13:54,2025-07-07 14:43:54,30.0,0.11666666666666667,0.6166666666666667,16,7,True,eligible,0.01286596389078021,0.00034646068602840025,0.026083365674052846,-0.0387387598901215,0.06480759749254666,0.012519503204751809,0.4799213208151788,1.0,1.0,0.1239885217446017,0.0003489640859893586,0.02608135805162788,False
2535,2025-07-07 14:14:54,2025-07-07 14:44:54,30.0,0.13333333333333333,0.6333333333333333,16,7,True,eligible,0.01286596389078021,0.00034646068602840025,0.026083365674052846,-0.0387387598901215,0.06480759749254666,0.012519503204751809,0.4799213208151788,1.0,1.0,0.1239885217446017,0.0003489640859893586,0.02608135805162788,False
2536,2025-07-07 14:15:54,2025-07-07 14:45:54,30.0,0.15,0.65,19,8,True,eligible,0.021616854712774154,0.005936431411268381,0.02996473900015314,-0.03533360483070071,0.081508275298332,0.01568042330150577,0.5232292020952791,1.0,1.0,0.14797810672094944,0.005939566868837169,0.029962562833184866,False
2537,2025-07-07 14:16:54,2025-07-07 14:46:54,30.0,0.16666666666666666,0.6666666666666666,21,8,True,eligible,0.014391328369596815,-0.001803341313899435,0.027706448092729596,-0.04075350574863953,0.06785761267068342,0.01619466968349625,0.5844306538491513,1.0,1.0,0.12953460063010977,-0.0018001030276199909,0.027704623791680878,False
2538,2025-07-07 14:17:54,2025-07-07 14:47:54,30.0,0.18333333333333332,0.6833333333333333,25,8,True,eligible,0.024927533553629422,-0.0018024389689877932,0.028219030022709597,-0.04030208565535796,0.07059284848862923,0.026729972522617215,0.9470524911099599,1.0,1.0,0.13197479276097784,-0.001797094043468375,0.028218739560862276,False
2539,2025-07-07 14:18:54,2025-07-07 14:48:54,30.0,0.2,0.7,26,8,True,eligible,0.02206012118359913,6.543129988006218e-05,0.02861905595841861,-0.04116795708948312,0.07329141533212233,0.021994689883719068,0.7684108225047833,1.0,1.0,0.13573387410356366,6.982935824513282e-05,0.028617884055396826,False
2540,2025-07-07 14:19:54,2025-07-07 14:49:54,30.0,0.21666666666666667,0.7166666666666667,26,8,True,eligible,0.02206012118359913,6.543129988006218e-05,0.02861905595841861,-0.04116795708948312,0.07329141533212233,0.021994689883719068,0.7684108225047833,1.0,1.0,0.13573387410356366,6.982935824513282e-05,0.028617884055396826,False
2541,2025-07-07 14:20:54,2025-07-07 14:50:54,30.0,0.23333333333333334,0.7333333333333333,27,8,True,eligible,0.018373473890261654,-0.0031429043813725947,0.02689052377137106,-0.04208723369047732,0.06544520259158519,0.02151637827163425,0.8000160310924165,1.0,1.0,0.12433224525595962,-0.003138601966201303,0.02688955598438242,False
2542,2025-07-07 14:21:54,2025-07-07 14:51:54,30.0,0.25,0.75,27,8,True,eligible,0.018373473890261654,-0.0031429043813725947,0.02689052377137106,-0.04208723369047732,0.06544520259158519,0.02151637827163425,0.8000160310924165,1.0,1.0,0.12433224525595962,-0.003138601966201303,0.02688955598438242,False
2543,2025-07-07 14:22:54,2025-07-07 14:52:54,30.0,0.26666666666666666,0.7666666666666667,28,8,True,eligible,0.015515725914319564,-0.0016998815301715417,0.027632725710709228,-0.04333702755378987,0.06634979172239751,0.017215607444491104,0.6229287169095037,1.0,1.0,0.12928941313313452,-0.0016964390971692443,0.027631034730398074,False
2544,2025-07-07 14:23:54,2025-07-07 14:53:54,30.0,0.2833333333333333,0.7833333333333333,32,9,True,eligible,0.015629528023028784,0.000288788856475255,0.029811663898547967,-0.04684994493923918,0.07405527327524412,0.015340739166553529,0.5145234265898811,1.0,1.0,0.14160466355965406,0.0002918563908017007,0.029809471910503524,False
2545,2025-07-07 14:24:54,2025-07-07 14:54:54,30.0,0.3,0.8,34,9,True,eligible,0.022594667244648675,0.002444973244733801,0.03131247868920209,-0.04822020025333851,0.07546308448521154,0.020149693999914873,0.6434126687375943,1.0,1.0,0.15087816537883322,0.0024490023777071885,0.03131064376843593,False
2546,2025-07-07 14:25:54,2025-07-07 14:55:54,30.0,0.31666666666666665,0.8166666666666667,36,9,True,eligible,0.01607995352970362,-0.00018484945239632164,0.030158585728715073,-0.04884382056618198,0.07104771668506943,0.01626480298209994,0.539239612102672,1.0,1.0,0.14277605616976335,-0.0001815971422619283,0.030156446794693786,False
2547,2025-07-07 14:26:54,2025-07-07 14:56:54,30.0,0.3333333333333333,0.8333333333333334,40,10,True,eligible,0.004899254323338313,-0.003372851023322248,0.027315576494952618,-0.04787561478661075,0.06091924480406055,0.008272105346660561,0.30280168435091387,1.0,1.0,0.1261074526197589,-0.0033711969330709663,0.0273130952826033,False
2548,2025-07-07 14:27:54,2025-07-07 14:57:54,30.0,0.35,0.85,41,11,True,eligible,0.008945350345193948,-0.0024908031006747873,0.027298645826880432,-0.04721831278161657,0.06299514234534538,0.011436153445868735,0.41887827051251453,1.0,1.0,0.1269109643353791,-0.0024885163273402813,0.027296394865611983,False
2549,2025-07-07 14:28:54,2025-07-07 14:58:54,30.0,0.36666666666666664,0.8666666666666667,49,13,True,eligible,0.007884120493934945,0.0036529894810134614,0.0293869011301471,-0.044130596530985444,0.07142194038103301,0.004231131012921483,0.1439654783197728,1.0,1.0,0.14294978877521947,0.003653835538004647,0.029384023206828,False
2550,2025-07-07 14:29:54,2025-07-07 14:59:54,30.0,0.38333333333333336,0.8833333333333333,53,13,True,eligible,0.003704484122233151,0.0029117353453111455,0.028210120835089423,-0.04231759451467984,0.06639565667954467,0.0007927487769220057,0.028098761853015648,1.0,1.0,0.13662956009553887,0.00291189386336292,0.028207301909467165,False
2551,2025-07-07 14:30:54,2025-07-07 15:00:54,30.0,0.4,0.9,66,18,True,eligible,0.013503626455525,0.01037761397060029,0.031010103338162467,-0.04155948890533865,0.07919328094741342,0.003126012484924709,0.10079607870655084,1.0,1.0,0.15736812819149082,0.010378239048081776,0.03100703368175871,False
2552,2025-07-07 14:31:54,2025-07-07 15:01:54,30.0,0.4166666666666667,0.9166666666666666,90,27,True,eligible,-0.0015629823197183478,-0.004926861705528786,0.027162340835985923,-0.05131921926613346,0.05425760345887291,0.003363879385810438,0.12383093111070739,1.0,1.0,0.12382512437398537,-0.004926189064179894,0.02715966612134064,False
2553,2025-07-07 14:32:54,2025-07-07 15:02:54,30.0,0.43333333333333335,0.9333333333333333,129,36,True,eligible,0.0065448835450113915,-0.011910477876186688,0.027688899892753062,-0.0603758823486224,0.04780350675586974,0.01845536142119808,0.6664293940051261,1.0,1.0,0.11934608037424697,-0.011906787541969291,0.027687360811157066,False
2554,2025-07-07 14:33:54,2025-07-07 15:03:54,30.0,0.45,0.95,147,40,True,eligible,0.00798935064874324,-0.008263013630327809,0.027458034972800003,-0.05679801160864309,0.04993225996695253,0.01625236427907105,0.591818399354989,1.0,1.0,0.12189751974878374,-0.008259763807436572,0.027456250893668387,False
2555,2025-07-07 14:34:54,2025-07-07 15:04:54,30.0,0.4666666666666667,0.9666666666666667,193,48,True,eligible,0.023675786436317025,-0.00526992197192623,0.026986991578470725,-0.054502847651632394,0.050416180565532286,0.028945708408243256,1.072349456896328,1.0,1.0,0.1226705314633878,-0.005264133987841397,0.026987396914358915,False
2556,2025-07-07 14:35:54,2025-07-07 15:05:54,30.0,0.48333333333333334,0.9833333333333333,195,48,True,eligible,0.02551015524401472,-0.005252979762574308,0.027318754714925272,-0.05495115320049747,0.05154598599079522,0.03076313500658903,1.125825839275133,1.0,1.0,0.1242621180946635,-0.005246828365852335,0.02731948631563657,False
2557,2025-07-07 14:36:54,2025-07-07 15:06:54,30.0,0.5,1.0,201,48,True,eligible,0.028972250258895927,-0.005451840828594342,0.028722415846933608,-0.05706199971061958,0.05550847890150922,0.03442409108749027,1.1982176869190355,1.0,1.0,0.1307205621499179,-0.005444957387065152,0.028723668513404844,False
2558,2025-07-07 14:37:54,2025-07-07 15:07:54,30.0,0.5166666666666667,1.0166666666666666,198,48,True,eligible,0.029455561287104286,-0.004856409432015962,0.026863134139942537,-0.053438407171471816,0.05088666191482707,0.03431197071912025,1.2769524431640453,1.0,1.0,0.1225040821974452,-0.0048495484100765235,0.026864829525036403,False
2559,2025-07-07 14:38:54,2025-07-07 15:08:54,30.0,0.5333333333333333,1.0333333333333334,197,48,True,eligible,0.029859068863386684,-0.004920527217996173,0.026695957835873772,-0.05329799328767757,0.05057572918090199,0.034779596081382855,1.3024525477461633,1.0,1.0,0.12164833589551713,-0.00491357268968556,0.026697818368311976,False
2560,2025-07-07 14:39:54,2025-07-07 15:09:54,30.0,0.55,1.05,211,48,True,eligible,0.03646734228383725,-0.0047939315476738424,0.02572163852174876,-0.052035121878106695,0.04912719133707152,0.0412612738315111,1.6035734490981781,0.9992001599680064,0.9992001599680064,0.11716779011550851,-0.004785680943028468,0.02572568362868923,False
2561,2025-07-07 14:40:54,2025-07-07 15:10:54,30.0,0.5666666666666667,1.0666666666666667,217,49,True,eligible,0.041358107074666216,-0.0024603892222708327,0.024910844891785435,-0.04812473431785902,0.04982193315154554,0.04381849629693705,1.7582930574484776,0.9964007198560288,0.9964007198560288,0.11566379305304926,-0.0024516272754008203,0.024916059450090143,False
2562,2025-07-07 14:41:54,2025-07-07 15:11:54,30.0,0.5833333333333334,1.0833333333333333,243,51,True,eligible,0.03448536431915201,0.00032697039528272056,0.024724195819673517,-0.04563128115627806,0.05267519972219335,0.03415839392386929,1.3811758344205867,1.0,1.0,0.11755033122854999,0.00033380070800495017,0.024726441601459013,False
2563,2025-07-07 14:42:54,2025-07-07 15:12:54,30.0,0.6,1.1,247,51,True,eligible,0.041007367107670244,0.0019206094457682526,0.024729598036388325,-0.04394192268809844,0.05407060118422605,0.03908675766190199,1.5800131616039155,0.9992001599680064,0.9992001599680064,0.11917747525594977,0.0019284252341429582,0.024733301483297238,False
2564,2025-07-07 14:43:54,2025-07-07 15:13:54,30.0,0.6166666666666667,1.1166666666666667,247,51,True,eligible,0.04277316356727346,0.0018712649427349117,0.024725261539435446,-0.04361267051579394,0.05432127308412714,0.04090189862453855,1.6536376149915835,0.9988002399520096,0.9988002399520096,0.11911072629884374,0.0018794436867110246,0.024729553506661478,False
2565,2025-07-07 14:44:54,2025-07-07 15:14:54,30.0,0.6333333333333333,1.1333333333333333,253,51,True,eligible,0.0456426554985908,0.002122524883768575,0.02403808362618077,-0.0414917958320067,0.052916821709766755,0.043520130614822225,1.8096918317199082,0.9958008398320336,0.9958008398320336,0.1161105192072742,0.002131227169434407,0.024043556790441872,False
2566,2025-07-07 14:45:54,2025-07-07 15:15:54,30.0,0.65,1.15,250,51,True,eligible,0.04569543216499842,0.0027404879927371314,0.023948398515474284,-0.040812301891886525,0.053098301279521615,0.04295494417226129,1.7928897785627944,0.9958008398320336,0.9958008398320336,0.11630242927321013,0.002749077263717387,0.02395370614233042,False
2567,2025-07-07 14:46:54,2025-07-07 15:16:54,30.0,0.6666666666666666,1.1666666666666667,248,51,True,eligible,0.04624194060332848,0.0029587063926924803,0.024358890790696558,-0.041703045498119734,0.05410592395712756,0.043283234210636,1.7761584270473005,0.996000799840032,0.996000799840032,0.11846640679061131,0.002967361308551436,0.024364143781203707,False
2568,2025-07-07 14:47:54,2025-07-07 15:17:54,30.0,0.6833333333333333,1.1833333333333333,244,51,True,eligible,0.04670856258167588,0.0038624749664970016,0.024418263062309827,-0.041254388666460994,0.05585286210139896,0.042846087615178885,1.7539585025287618,0.9964007198560288,0.9964007198560288,0.11965069680819192,0.003871042470519232,0.024423337296404588,False
2569,2025-07-07 14:48:54,2025-07-07 15:18:54,30.0,0.7,1.2,251,51,True,eligible,0.05071477693371906,0.005900625994142243,0.024625323678350432,-0.03887871845316633,0.05856711427107972,0.044814150939576816,1.8190558182416807,0.9956008798240352,0.9956008798240352,0.12267374128915508,0.0059095870321225616,0.024631014316485175,False
2570,2025-07-07 14:49:54,2025-07-07 15:19:54,30.0,0.7166666666666667,1.2166666666666666,265,51,True,eligible,0.049610888123739816,0.0065170339831581965,0.02483544238814647,-0.037902152586265433,0.05916009086528033,0.04309385414058162,1.7344800183864812,0.9978004399120176,0.9978004399120176,0.12428256819873248,0.006525651030576832,0.02484043438750219,False
2571,2025-07-07 14:50:54,2025-07-07 15:20:54,30.0,0.7333333333333333,1.2333333333333334,273,51,True,eligible,0.05034232782923879,0.008043112640561637,0.025586077678101164,-0.037127845884413695,0.06459144600093222,0.04229921518867715,1.6525953031419136,0.9988002399520096,0.9988002399520096,0.1293642478692111,0.00805157079196909,0.025590510245833645,False
2572,2025-07-07 14:51:54,2025-07-07 15:21:54,30.0,0.75,1.25,285,51,True,eligible,0.04923601601115466,0.008918448838876174,0.025988393804648187,-0.03656651475758806,0.0656814778724417,0.04031756717227849,1.5508398940381167,0.9992001599680064,0.9992001599680064,0.13214269201858764,0.008926510739930418,0.025992048196713153,False
2573,2025-07-07 14:52:54,2025-07-07 15:22:54,30.0,0.7666666666666667,1.2666666666666666,305,51,True,eligible,0.049838933493244954,0.011161155266772395,0.0268879012496844,-0.03445476318516771,0.0707930012472559,0.03867777822647256,1.4380412734877703,0.9996000799840032,0.9996000799840032,0.13864551492494548,0.01116888927561592,0.026890774924589047,False
2574,2025-07-07 14:53:54,2025-07-07 15:23:54,30.0,0.7833333333333333,1.2833333333333334,325,51,True,eligible,0.05406930185732404,0.01588143504321933,0.028877929087246144,-0.03190896627821028,0.08058974276644768,0.03818786681410471,1.3220260255597176,1.0,1.0,0.15279611256062373,0.01588907108937292,0.02888009012665724,False
2575,2025-07-07 14:54:54,2025-07-07 15:24:54,30.0,0.8,1.3,349,51,True,eligible,0.06111920010980073,0.02017827916222915,0.030553069259710238,-0.03051441505654113,0.08763698481044493,0.04094092094757158,1.3396192497457502,1.0,1.0,0.16503583859377502,0.020186465709109293,0.030555498816891565,False
2576,2025-07-07 14:55:54,2025-07-07 15:25:54,30.0,0.8166666666666667,1.3166666666666667,369,51,True,eligible,0.062155597251011996,0.022254889029242938,0.03188803362363773,-0.030365953867929944,0.0932773178168806,0.039900708221769055,1.2509543515824277,1.0,1.0,0.17343771301179473,0.022262867575178105,0.03188983644796513,False
2577,2025-07-07 14:56:54,2025-07-07 15:26:54,30.0,0.8333333333333334,1.3333333333333333,408,51,True,eligible,0.0632558262471686,0.024192502984446026,0.03314793050187296,-0.029794133851097936,0.09907635550104384,0.03906332326272258,1.1781729489786383,1.0,1.0,0.1813453011913163,0.02420031408687809,0.03314921819767451,False
2578,2025-07-07 14:57:54,2025-07-07 15:27:54,30.0,0.85,1.35,452,50,True,eligible,0.057161241215718646,0.023368278303579907,0.03353198023629896,-0.030042684358986195,0.09951355393859572,0.033792962912138735,1.0075800272530402,1.0,1.0,0.1823347641790906,0.023375035544714113,0.0335320319549363,False
2579,2025-07-07 14:58:54,2025-07-07 15:28:54,30.0,0.8666666666666667,1.3666666666666667,482,49,True,eligible,0.05675232693164364,0.024655182758493342,0.03399796659691911,-0.0290590060851371,0.10194061070239478,0.0320971441731503,0.9439116107306421,1.0,1.0,0.18582835374134918,0.02466160090369893,0.033997596451965074,False
2580,2025-07-07 14:59:54,2025-07-07 15:29:54,30.0,0.8833333333333333,1.3833333333333333,539,49,True,eligible,0.05601584629880945,0.025348197431144904,0.03447124594234956,-0.02850102427883083,0.10345975760351131,0.030667648867664547,0.8894995102711678,1.0,1.0,0.18876302407824264,0.02535432973445777,0.0344705266391933,False
2581,2025-07-07 15:00:54,2025-07-07 15:30:54,30.0,0.9,1.4,587,49,True,eligible,0.058271462662692286,0.02684851738115506,0.034686154069062086,-0.027132443315753735,0.10471509465971762,0.031422945281537225,0.9057569696432295,1.0,1.0,0.19128273310010277,0.026854800713544895,0.03468553155215815,False
2582,2025-07-07 15:01:54,2025-07-07 15:31:54,30.0,0.9166666666666666,1.4166666666666667,619,52,True,eligible,0.0572070359219142,0.026043047013524858,0.03506302813830014,-0.028692262461696656,0.10436673995905636,0.031163988908389343,0.8886400847138439,1.0,1.0,0.19226325242315065,0.026049278564996243,0.03506229112650398,False
2583,2025-07-07 15:02:54,2025-07-07 15:32:54,30.0,0.9333333333333333,1.4333333333333333,634,50,True,eligible,0.055159810269301265,0.025253393803685357,0.035311737105634525,-0.02976161970281949,0.10440474498061238,0.02990641646561591,0.8467802671262055,1.0,1.0,0.1926511197782731,0.025259373890961025,0.035310738262496415,False
2584,2025-07-07 15:03:54,2025-07-07 15:33:54,30.0,0.95,1.45,664,48,True,eligible,0.056614446611859104,0.027775067185990043,0.03543345012513414,-0.027690910703174716,0.10697131622826442,0.02883937942586906,0.8137673962672028,1.0,1.0,0.19574862704586338,0.027780833908530703,0.035432253535334315,False
2585,2025-07-07 15:04:54,2025-07-07 15:34:54,30.0,0.9666666666666667,1.4666666666666666,671,37,True,eligible,0.04717007236027873,0.022776071717756485,0.03557250212011362,-0.032280796329665316,0.10285708497409708,0.024394000642522246,0.6856536281639312,1.0,1.0,0.191404660843945,0.022780949542320083,0.03557061731485145,False
2586,2025-07-07 15:05:54,2025-07-07 15:35:54,30.0,0.9833333333333333,1.4833333333333334,728,38,True,eligible,0.04815537363569975,0.022198007990516723,0.03561127172538582,-0.033590637895866936,0.10218247608395782,0.025957365645183028,0.7287971103514138,1.0,1.0,0.1910117190595605,0.022203198425558752,0.03560960223569944,False
2587,2025-07-07 15:06:54,2025-07-07 15:36:54,30.0,1.0,1.5,774,38,True,eligible,0.048514315920208585,0.023018710839496134,0.03558549972381504,-0.0329609424365556,0.10323223045284226,0.02549560508071245,0.7163521128686069,1.0,1.0,0.19170985878719748,0.023023808940892,0.035583767425827424,False
2588,2025-07-07 15:07:54,2025-07-07 15:37:54,30.0,1.0166666666666666,1.5166666666666666,810,38,True,eligible,0.04914489082696457,0.023140081530066456,0.0356358756846737,-0.03280777033536903,0.10338815315146303,0.026004809296898114,0.7296249826423795,1.0,1.0,0.19207045291898195,0.02314528145194146,0.03563420934527763,False
2589,2025-07-07 15:08:54,2025-07-07 15:38:54,30.0,1.0333333333333334,1.5333333333333334,864,38,True,eligible,0.05127676713599298,0.024399037355738052,0.035992780483990475,-0.03261235907848183,0.10615412580076405,0.02687772978025493,0.7466370769454137,1.0,1.0,0.19502185204602,0.02440441182679989,0.035991187872870284,False
2590,2025-07-07 15:09:54,2025-07-07 15:39:54,30.0,1.05,1.55,877,37,True,eligible,0.05134768264238317,0.024639482060088588,0.035918069486830455,-0.03227371785436749,0.10664656209945515,0.026708200582294585,0.7434713111052322,1.0,1.0,0.1949080281765026,0.024644822632090644,0.035916463233257104,False
2591,2025-07-07 15:10:54,2025-07-07 15:40:54,30.0,1.0666666666666667,1.5666666666666667,922,36,True,eligible,0.05124428954622991,0.02486755895720944,0.0362507446333881,-0.03291073137905804,0.10695962576912117,0.026376730589020465,0.7275077489985078,1.0,1.0,0.19671262238133316,0.024872833248469,0.03624903835603681,False
2592,2025-07-07 15:11:54,2025-07-07 15:41:54,30.0,1.0833333333333333,1.5833333333333333,922,24,True,eligible,0.0530007887850265,0.02493593649975809,0.03654606970689418,-0.033460018353038995,0.10807038475144308,0.02806485228526841,0.7678087489287371,1.0,1.0,0.19818231437683587,0.024941548347845528,0.0365445698246208,False
2593,2025-07-07 15:12:54,2025-07-07 15:42:54,30.0,1.1,1.6,960,27,True,eligible,0.052272075400980444,0.02501503831378774,0.03659203332177284,-0.033558950144605505,0.10862703761975238,0.027257037087192706,0.7447741421741806,1.0,1.0,0.1984785332351667,0.02502048863114171,0.036590404025419826,False
2594,2025-07-07 15:13:54,2025-07-07 15:43:54,30.0,1.1166666666666667,1.6166666666666667,997,27,True,eligible,0.052023889473267686,0.02476441849177578,0.036612558013491024,-0.0339692101893407,0.10837352899650858,0.027259470981491906,0.7444231336879724,1.0,1.0,0.1983251984860866,0.024769869295811268,0.03661092588893138,False
2595,2025-07-07 15:14:54,2025-07-07 15:44:54,30.0,1.1333333333333333,1.6333333333333333,1016,27,True,eligible,0.053044857912384974,0.0253273326327707,0.036778559791749876,-0.03383214719741039,0.10911333278094609,0.027717525279614273,0.7535145664921242,1.0,1.0,0.19967534366950387,0.025332875029347307,0.036776970367071615,False
2596,2025-07-07 15:15:54,2025-07-07 15:45:54,30.0,1.15,1.65,1022,27,True,eligible,0.05335037495333664,0.0254021840015938,0.036798287474035886,-0.033873683219661624,0.10916230592517587,0.02794819095174284,0.7593773291581183,1.0,1.0,0.1998439116327113,0.02540777252208005,0.036796729844746724,False
2597,2025-07-07 15:16:54,2025-07-07 15:46:54,30.0,1.1666666666666667,1.6666666666666667,1025,27,True,eligible,0.05305658337932618,0.025166102325327653,0.03676541166115386,-0.03403842231806754,0.10878328546674694,0.027890481053998526,0.7584870390055906,1.0,1.0,0.19945195255508438,0.02517167930614229,0.0367638504538485,False
2598,2025-07-07 15:17:54,2025-07-07 15:47:54,30.0,1.1833333333333333,1.6833333333333333,1037,28,True,eligible,0.05234741143456321,0.024830091046083892,0.03669217596607914,-0.034251333628734,0.10810058822269655,0.027517320388479316,0.7498334872414754,1.0,1.0,0.19876847802380868,0.024835593409688866,0.03669056996385449,False
2599,2025-07-07 15:18:54,2025-07-07 15:48:54,30.0,1.2,1.7,1039,28,True,eligible,0.05203216195335199,0.02452387462866049,0.036670915893404495,-0.03452080272480984,0.10816074632258987,0.0275082873246915,0.7500218949742365,1.0,1.0,0.19836148503348255,0.024529375186013953,0.03666931185826617,False
2600,2025-07-07 15:19:54,2025-07-07 15:49:54,30.0,1.2166666666666666,1.7166666666666666,1037,29,True,eligible,0.05207778864654696,0.02434911914521213,0.0366258938775037,-0.03455645344860441,0.1076937659629644,0.027728669501334832,0.756959234238753,1.0,1.0,0.19797353613379862,0.024354663770187402,0.036624330112360305,False
2601,2025-07-07 15:20:54,2025-07-07 15:50:54,30.0,1.2333333333333334,1.7333333333333334,1034,29,True,eligible,0.05229972253758847,0.024350237769646087,0.03667517816934455,-0.034863405720311526,0.10748503472083715,0.02794948476794238,0.7619613394576376,1.0,1.0,0.19820845491668804,0.024355826548843832,0.03667364017265632,False
2602,2025-07-07 15:21:54,2025-07-07 15:51:54,30.0,1.25,1.75,1036,29,True,eligible,0.05267735736161591,0.024421288805147663,0.036704132038044214,-0.03476484287284179,0.10747197641677556,0.02825606855646825,0.7697108774479312,1.0,1.0,0.19841702487935955,0.02442693888884222,0.03670263640607671,False
2603,2025-07-07 15:22:54,2025-07-07 15:52:54,30.0,1.2666666666666666,1.7666666666666666,1043,30,True,eligible,0.05323433964458265,0.024020363511611954,0.036664655160081466,-0.034961804026623126,0.1067360142330055,0.029213976132970696,0.7966582878999928,1.0,1.0,0.1978298911365849,0.02402620513851317,0.036663315940718706,False
2604,2025-07-07 15:23:54,2025-07-07 15:53:54,30.0,1.2833333333333334,1.7833333333333334,1044,30,True,eligible,0.05223255634152981,0.02337908117576981,0.03660785505582062,-0.03573913977139713,0.1057546868552198,0.02885347516576,0.7880494141267352,1.0,1.0,0.19691904691766748,0.023384850716894737,0.03660646795429981,False
2605,2025-07-07 15:24:54,2025-07-07 15:54:54,30.0,1.3,1.8,1027,28,True,eligible,0.05136364399456755,0.02274739432651267,0.03646172700816284,-0.03596606789330601,0.1052570986301599,0.028616249668054875,0.7847030047931369,1.0,1.0,0.19559452294420795,0.02275311643202518,0.036460326247998325,False
2606,2025-07-07 15:25:54,2025-07-07 15:55:54,30.0,1.3166666666666667,1.8166666666666667,1009,28,True,eligible,0.0510164483515807,0.022160959941245627,0.03630344258097675,-0.03605406486408938,0.10358566164939169,0.028855488410335074,0.7947119932014788,1.0,1.0,0.19425808469318695,0.02216672988493896,0.03630210530788811,False
2607,2025-07-07 15:26:54,2025-07-07 15:56:54,30.0,1.3333333333333333,1.8333333333333333,983,28,True,eligible,0.050093637912681184,0.021458736240616623,0.03619948286685036,-0.036749783335409764,0.10283922320038477,0.02863490167206456,0.7909021205106748,1.0,1.0,0.19306290680975566,0.021464462075784,0.036198127548844744,False
2608,2025-07-07 15:27:54,2025-07-07 15:57:54,30.0,1.35,1.85,958,28,True,eligible,0.0499360680480729,0.020533049097886915,0.036127665341872194,-0.038012776940988265,0.10151044554334496,0.029403018950185985,0.813729096639405,1.0,1.0,0.19179756011290322,0.020538928525791374,0.036126445083121496,False
2609,2025-07-07 15:28:54,2025-07-07 15:58:54,30.0,1.3666666666666667,1.8666666666666667,934,28,True,eligible,0.05108395222870454,0.021040714154400397,0.03606414075026948,-0.03764312368947711,0.10119988852424029,0.030043238074304146,0.8329090804327585,1.0,1.0,0.19200476299815417,0.021046721600526036,0.03606303657125688,False
2610,2025-07-07 15:29:54,2025-07-07 15:59:54,30.0,1.3833333333333333,1.8833333333333333,884,28,True,eligible,0.05084782955427544,0.02089336800611545,0.03604707425200744,-0.03772509179054632,0.10132710420063201,0.02995446154815999,0.8308413302632275,1.0,1.0,0.19177643845905895,0.02089935770048621,0.03604595819071849,False
2611,2025-07-07 15:30:54,2025-07-07 16:00:54,30.0,1.4,1.9,823,28,True,eligible,0.05062683473805057,0.02027270978568631,0.036130729669009806,-0.03833524912914608,0.10050489266022489,0.030354124952364257,0.8399760792349276,1.0,1.0,0.1915526806986254,0.020278779396754567,0.036129666179229546,False
2612,2025-07-07 15:31:54,2025-07-07 16:01:54,30.0,1.4166666666666667,1.9166666666666667,767,25,True,eligible,0.049927874422882386,0.020467132131523413,0.03612254211172622,-0.03788224514049602,0.10045323770772491,0.029460742291358973,0.8154420006397396,1.0,1.0,0.19170741646468714,0.020473023101787627,0.036121332109440664,False
2613,2025-07-07 15:32:54,2025-07-07 16:02:54,30.0,1.4333333333333333,1.9333333333333333,713,25,True,eligible,0.04905062887712939,0.019537038128649046,0.03608845668812031,-0.03880246192996925,0.09966701669317793,0.029513590748480343,0.8176760550489475,1.0,1.0,0.19061581777784517,0.019542939666491174,0.03608726099833245,False
2614,2025-07-07 15:33:54,2025-07-07 16:03:54,30.0,1.45,1.95,665,25,True,eligible,0.049471190462058376,0.01887534825189899,0.03604709270503702,-0.03920416589104858,0.09877349729041543,0.030595842210159385,0.8486282160649097,1.0,1.0,0.18975914505810118,0.018881466196752055,0.03604608435853208,False
2615,2025-07-07 15:34:54,2025-07-07 16:04:54,30.0,1.4666666666666666,1.9666666666666666,612,25,True,eligible,0.05060119070827361,0.01864101519366474,0.03608163530191118,-0.03978841448516811,0.09802549119461257,0.03196017551460887,0.8856160013909554,1.0,1.0,0.18968992812501106,0.01864740595061627,0.03608085751326814,False
2616,2025-07-07 15:35:54,2025-07-07 16:05:54,30.0,1.4833333333333334,1.9833333333333334,554,24,True,eligible,0.05034533680320737,0.01938634446294371,0.03617074146238984,-0.03902766099631202,0.09912211896072434,0.030958992340263662,0.8557643204241604,1.0,1.0,0.19085656721212174,0.01939253502329969,0.03616977366451302,False
2617,2025-07-07 15:36:54,2025-07-07 16:06:54,30.0,1.5,2.0,502,23,True,eligible,0.05095686704619591,0.018778971314770673,0.036109705245290176,-0.0396707481323336,0.09865128490473112,0.03217789573142524,0.8909550551081532,1.0,1.0,0.18996115384830464,0.018785405607058495,0.03610896111390503,False
2618,2025-07-07 15:37:54,2025-07-07 16:07:54,30.0,1.5166666666666666,2.0166666666666666,463,23,True,eligible,0.05048916208813536,0.01837727176862576,0.03600206159993452,-0.040006045696041916,0.09837676005027221,0.032111890319509596,0.8917857664278035,1.0,1.0,0.18904918857114789,0.018383692862470893,0.03600132502032217,False
2619,2025-07-07 15:38:54,2025-07-07 16:08:54,30.0,1.5333333333333334,2.033333333333333,411,23,True,eligible,0.04597177135307219,0.014793918113522153,0.03513943557209969,-0.041998701726873804,0.09295231023411603,0.031177853239550038,0.8871025431056503,1.0,1.0,0.181376285203118,0.014800152437305309,0.035138687356975,False
2620,2025-07-07 15:39:54,2025-07-07 16:09:54,30.0,1.55,2.05,383,23,True,eligible,0.04447455741082381,0.013618296006872572,0.035049493574696895,-0.04317447599394335,0.09106659249982962,0.030856261403951236,0.8802063239701767,1.0,1.0,0.1797740322256828,0.013624466025149709,0.035048704542958234,False
2621,2025-07-07 15:40:54,2025-07-07 16:10:54,30.0,1.5666666666666667,2.066666666666667,329,24,True,eligible,0.04088110106772969,0.011104206925435458,0.03421672444697089,-0.044141215131946396,0.08772437584627138,0.029776894142294237,0.8700909681108578,1.0,1.0,0.173311758766015,0.01111016111342632,0.03421589356218932,False
2622,2025-07-07 15:41:54,2025-07-07 16:11:54,30.0,1.5833333333333333,2.0833333333333335,306,24,True,eligible,0.036674524133384616,0.008297826687304485,0.033116692521704426,-0.045337239878720084,0.08212549719406428,0.02837669744608013,0.8567213557742829,1.0,1.0,0.16529012416538819,0.00830350089195277,0.03311581186836511,False
2623,2025-07-07 15:42:54,2025-07-07 16:12:54,30.0,1.6,2.1,267,22,True,eligible,0.032444166004432104,0.0037416915654561746,0.03200826012100937,-0.04831117138940811,0.07469768903701667,0.02870247443897593,0.8965591258837888,1.0,1.0,0.1554806929100634,0.0037474309124745663,0.03200763258493359,False
2624,2025-07-07 15:43:54,2025-07-07 16:13:54,30.0,1.6166666666666667,2.1166666666666667,232,22,True,eligible,0.02602557324661089,0.00011759490266674455,0.030563706672075235,-0.050297770769571884,0.06731296595349985,0.025907978343944146,0.8475257110684992,1.0,1.0,0.14500697789366496,0.00012277546222362248,0.030562845995233456,False
2625,2025-07-07 15:44:54,2025-07-07 16:14:54,30.0,1.6333333333333333,2.1333333333333333,208,22,True,eligible,0.01596863616497875,-0.005449176961492366,0.02782395825046184,-0.05121648021657852,0.05510131887262479,0.021417813126471116,0.7696389947737088,1.0,1.0,0.12645014224869927,-0.005444894255408289,0.027822824162753213,False
2626,2025-07-07 15:45:54,2025-07-07 16:15:54,30.0,1.65,2.15,207,22,True,eligible,0.016173368202095355,-0.006233687117135349,0.02688977427188406,-0.050749461809339924,0.052312638997792885,0.022407055319230703,0.8331516506860676,1.0,1.0,0.12123877775447048,-0.006229206602174495,0.02688895207231746,False
2627,2025-07-07 15:46:54,2025-07-07 16:16:54,30.0,1.6666666666666667,2.1666666666666665,206,22,True,eligible,0.017275425532220404,-0.006245118918627324,0.02702658675496221,-0.05138600080389513,0.0525111793370818,0.023520544450847728,0.8701214259942889,1.0,1.0,0.1218769199925223,-0.006240415750370806,0.02702593061160358,False
2628,2025-07-07 15:47:54,2025-07-07 16:17:54,30.0,1.6833333333333333,2.183333333333333,194,21,True,eligible,0.02060377609647394,-0.006259179326216693,0.027420452792035428,-0.05208262293386483,0.05364023311310468,0.026862955422690633,0.9794766237514163,1.0,1.0,0.12373324794897037,-0.006253807809435512,0.02742034189957932,False
2629,2025-07-07 15:48:54,2025-07-07 16:18:54,30.0,1.7,2.2,187,21,True,eligible,0.020184342519566564,-0.007920127913567833,0.02606802515694825,-0.05216272917583808,0.049047052949305336,0.028104470433134396,1.0778873731695666,1.0,1.0,0.11566384777345383,-0.007914508143435233,0.02606844774549693,False
2630,2025-07-07 15:49:54,2025-07-07 16:19:54,30.0,1.7166666666666666,2.216666666666667,195,26,True,eligible,0.0108320541683314,-0.011203813927677319,0.024725970560407252,-0.053711248134274345,0.0426671542033155,0.02203586809600872,0.8910435052702002,1.0,1.0,0.10601247625167097,-0.011199407635316589,0.024725461409392312,False
2631,2025-07-07 15:50:54,2025-07-07 16:20:54,30.0,1.7333333333333334,2.2333333333333334,196,26,True,eligible,0.007904144029798407,-0.01329094425220071,0.02359495868097429,-0.054228931454062386,0.036721502559198704,0.02119508828199912,0.8981265828506652,1.0,1.0,0.09856383003937212,-0.013286706082178317,0.02359450273113696,False
2632,2025-07-07 15:51:54,2025-07-07 16:21:54,30.0,1.75,2.25,186,27,True,eligible,0.006844002707197618,-0.014641199944628041,0.02252634082393828,-0.054657673373356634,0.03216910946441871,0.021485202651825658,0.9535992111206708,1.0,1.0,0.09214900855881403,-0.014636903763333936,0.022526136997625207,False
2633,2025-07-07 15:52:54,2025-07-07 16:22:54,30.0,1.7666666666666666,2.2666666666666666,158,26,True,eligible,0.004826863416567481,-0.015469450239760499,0.020934173320722983,-0.05281211613104769,0.02796258473620799,0.02029631365632798,0.9693421876793081,1.0,1.0,0.0837731656078922,-0.015465391788719444,0.020934047298476092,False
2634,2025-07-07 15:53:54,2025-07-07 16:23:54,30.0,1.7833333333333334,2.283333333333333,141,27,True,eligible,0.0026404713736060364,-0.013680721254286897,0.021983297319221176,-0.053178348399668264,0.03309068221229032,0.016321192627892934,0.7423209250421713,1.0,1.0,0.0905304266506623,-0.01367745766847848,0.021982310469232012,False
2635,2025-07-07 15:54:54,2025-07-07 16:24:54,30.0,1.8,2.3,139,27,True,eligible,0.0005757410870083532,-0.012086865985881599,0.02320292750224335,-0.05275321146073389,0.03774263532995972,0.012662607072889952,0.5456623602742393,1.0,1.0,0.09790220211721588,-0.012084333970870024,0.023201298054561927,False
2636,2025-07-07 15:55:54,2025-07-07 16:25:54,30.0,1.8166666666666667,2.316666666666667,141,28,True,eligible,0.001803449635944921,-0.011686350999250413,0.02272060377920788,-0.0519643573736567,0.036793463333250565,0.013489800635195334,0.5936451690328268,1.0,1.0,0.0960171601240055,-0.011683653578607503,0.022719132434827625,False
2637,2025-07-07 15:56:54,2025-07-07 16:26:54,30.0,1.8333333333333333,2.3333333333333335,126,27,True,eligible,0.004518000861946348,-0.008002154178411616,0.0247140937482575,-0.05064130454954907,0.045457632314601336,0.012520155040357965,0.5065361616545077,1.0,1.0,0.10914963451545073,-0.007999650648109608,0.02471225641456543,False
2638,2025-07-07 15:57:54,2025-07-07 16:27:54,30.0,1.85,2.35,113,27,True,eligible,0.004677639167298423,-0.0007068431742273091,0.025415299110899337,-0.04503047171443703,0.05287412268308168,0.0053844823415257325,0.21183775539173688,1.0,1.0,0.11976480820162773,-0.0007057664930952305,0.0254128715178203,False
2639,2025-07-07 15:58:54,2025-07-07 16:28:54,30.0,1.8666666666666667,2.3666666666666667,110,25,True,eligible,0.002183636109996212,0.013616551813670762,0.02814106625046496,-0.03456685712984207,0.07416420829667876,-0.011432915703674551,-0.4062242711830423,1.0,1.0,0.1470068001870553,0.013614265687755206,0.028138716439738334,False
2640,2025-07-07 15:59:54,2025-07-07 16:29:54,30.0,1.8833333333333333,2.3833333333333333,101,25,True,eligible,0.005195307294568207,0.021264699721104053,0.028288495934198476,-0.026351620447232514,0.08195412268694444,-0.016069392426535847,-0.5679788571382639,1.0,1.0,0.15535497159370032,0.02126148648526591,0.028286579665388306,False
2641,2025-07-07 16:00:54,2025-07-07 16:30:54,30.0,1.9,2.4,105,25,True,eligible,0.004618050537948947,0.020796413260560826,0.028400563662626284,-0.026859787389350367,0.08191080332341474,-0.01617836272261188,-0.5695739258623135,1.0,1.0,0.1554179126365621,0.02079317823502141,0.028398644956550513,False
2642,2025-07-07 16:01:54,2025-07-07 16:31:54,30.0,1.9166666666666667,2.4166666666666665,113,25,True,eligible,0.0020696485105154475,0.022056099441688314,0.028721719480716165,-0.024973202959212466,0.08318100041578469,-0.019986450931172867,-0.6957621518686115,1.0,1.0,0.158201358982349,0.02205210295080026,0.0287202377804223,False
2643,2025-07-07 16:02:54,2025-07-07 16:32:54,30.0,1.9333333333333333,2.433333333333333,113,25,True,eligible,0.0020696485105154475,0.022056099441688314,0.028721719480716165,-0.024973202959212466,0.08318100041578469,-0.019986450931172867,-0.6957621518686115,1.0,1.0,0.158201358982349,0.02205210295080026,0.0287202377804223,False
2644,2025-07-07 16:03:54,2025-07-07 16:33:54,30.0,1.95,2.45,122,25,True,eligible,0.002630516742319407,0.021093556042471796,0.028484302242839207,-0.026245187299154274,0.08210399890015031,-0.01846303930015239,-0.6480909345471036,1.0,1.0,0.156112828587974,0.021089864172985667,0.028482650268154035,False
2645,2025-07-07 16:04:54,2025-07-07 16:34:54,30.0,1.9666666666666666,2.466666666666667,124,25,True,eligible,0.0020105752568269366,0.02236216343584221,0.02861838799523374,-0.025414032708221467,0.08363548424858035,-0.020351588179015275,-0.7110297304416495,1.0,1.0,0.15801782030218206,0.022358093932107158,0.028616973108341826,False
2646,2025-07-07 16:05:54,2025-07-07 16:35:54,30.0,1.9833333333333334,2.4833333333333334,123,25,True,eligible,0.002047018674306725,0.023074270533466404,0.02905653224020375,-0.02536242403030026,0.08532652092268561,-0.021027251859159678,-0.7235567103575175,1.0,1.0,0.16080697478147027,0.02307006592401646,0.029055147922437224,False
2647,2025-07-07 16:06:54,2025-07-07 16:36:54,30.0,2.0,2.5,123,25,True,eligible,0.002047018674306725,0.023074270533466404,0.02905653224020375,-0.02536242403030026,0.08532652092268561,-0.021027251859159678,-0.7235567103575175,1.0,1.0,0.16080697478147027,0.02307006592401646,0.029055147922437224,False
2648,2025-07-07 16:07:54,2025-07-07 16:37:54,30.0,2.0166666666666666,2.5166666666666666,124,25,True,eligible,0.0020105752568269366,0.02236216343584221,0.02861838799523374,-0.025414032708221467,0.08363548424858035,-0.020351588179015275,-0.7110297304416495,1.0,1.0,0.15801782030218206,0.022358093932107158,0.028616973108341826,False
2649,2025-07-07 16:08:54,2025-07-07 16:38:54,30.0,2.033333333333333,2.533333333333333,122,25,True,eligible,0.002601962491139328,0.02035323690800348,0.028629461127561238,-0.026476471317203886,0.08236913647063951,-0.017751274416864152,-0.6199494116415768,1.0,1.0,0.15606025804470494,0.020349687363029105,0.02862769854865288,False
2650,2025-07-07 16:09:54,2025-07-07 16:39:54,30.0,2.05,2.55,134,25,True,eligible,0.0014421910330185887,0.02053899719414558,0.02950645415604272,-0.02691594961933296,0.08410485591956177,-0.01909680616112699,-0.6471159582590931,1.0,1.0,0.16040338994727235,0.020535178596632852,0.029504739173763023,False
2651,2025-07-07 16:10:54,2025-07-07 16:40:54,30.0,2.066666666666667,2.566666666666667,139,24,True,eligible,0.001396171892549431,0.01978171251136432,0.028654284206003963,-0.026076892990962136,0.081430219398386,-0.018385540618814887,-0.6415426669949632,1.0,1.0,0.15560664431254334,0.019778036138515125,0.028652598169452714,False
2652,2025-07-07 16:11:54,2025-07-07 16:41:54,30.0,2.0833333333333335,2.5833333333333335,138,24,True,eligible,0.0014693354429712296,0.02031499993344934,0.02901310008379587,-0.02612059123251822,0.08264808712916036,-0.018845664490478108,-0.6494647422829094,1.0,1.0,0.15784085911198217,0.02031123155422709,0.029011422613990426,False
2653,2025-07-07 16:12:54,2025-07-07 16:42:54,30.0,2.1,2.6,137,24,True,eligible,-0.0009225625683478512,0.02068953227816971,0.029090106517829773,-0.025574600829845334,0.08254298805438404,-0.02161209484651756,-0.7428209899894831,1.0,1.0,0.1585816616528452,0.02068521072351134,0.029088802797784582,False
2654,2025-07-07 16:13:54,2025-07-07 16:43:54,30.0,2.1166666666666667,2.6166666666666667,143,28,True,eligible,-0.004562473600451512,0.018792146167097082,0.02783631436218897,-0.025255194034706083,0.07777380368439805,-0.023354619767548594,-0.8388553593302349,1.0,1.0,0.1507425544447863,0.018787476177141563,0.02783548977530085,False
2655,2025-07-07 16:14:54,2025-07-07 16:44:54,30.0,2.1333333333333333,2.6333333333333333,164,32,True,eligible,-0.010822842434780367,0.012099657210809776,0.027326834818337,-0.03187086295458077,0.06943583424341494,-0.022922499645590143,-0.8386846036947045,1.0,1.0,0.1416350147640685,0.012095073627597297,0.027326024540591392,False
2656,2025-07-07 16:15:54,2025-07-07 16:45:54,30.0,2.15,2.65,166,31,True,eligible,-0.009676262103433525,0.013181054661472166,0.02671007949842612,-0.030268752726469016,0.06913997600768036,-0.02285731676490569,-0.8556080224879543,1.0,1.0,0.13979312571746066,0.013176484112229032,0.026709364118876398,False
2657,2025-07-07 16:16:54,2025-07-07 16:46:54,30.0,2.1666666666666665,2.6666666666666665,169,31,True,eligible,-0.009362368482099495,0.012125225695016976,0.025828125594426078,-0.03004174603798608,0.06620513351480298,-0.021487594177116473,-0.8318048154886416,1.0,1.0,0.13455625844475969,0.012120929035513456,0.025827330062993977,False
2658,2025-07-07 16:17:54,2025-07-07 16:47:54,30.0,2.183333333333333,2.683333333333333,194,34,True,eligible,-0.014537480930312326,0.012486052229566154,0.025688437192944516,-0.03142097008328639,0.06626754968397526,-0.02702353315987848,-1.0517510969922956,1.0,1.0,0.1342588476827898,0.012480648603659359,0.025688710581083043,False
2659,2025-07-07 16:18:54,2025-07-07 16:48:54,30.0,2.2,2.7,200,34,True,eligible,-0.015947388255561377,0.014982740009959897,0.026395869228259497,-0.030376593505071176,0.06996653022472255,-0.030930128265521273,-1.1715011335609997,1.0,1.0,0.14011172839723693,0.014976555221264534,0.02639685322610549,False
2660,2025-07-07 16:19:54,2025-07-07 16:49:54,30.0,2.216666666666667,2.716666666666667,180,34,True,eligible,-0.01812282079440278,0.013291810585411585,0.02599334201108941,-0.03060602573070616,0.06751091859231188,-0.031414631379814366,-1.208267253835369,1.0,1.0,0.13651351580317334,0.013285528915469613,0.025994538551114207,False
2661,2025-07-07 16:20:54,2025-07-07 16:50:54,30.0,2.2333333333333334,2.7333333333333334,176,34,True,eligible,-0.019676594758605007,0.013203489966906292,0.025977828032181648,-0.030608502965393594,0.06713122678195084,-0.0328800847255113,-1.2653687697557539,1.0,1.0,0.13635309465621098,0.01319691526490159,0.02597939099591652,False
2662,2025-07-07 16:21:54,2025-07-07 16:51:54,30.0,2.25,2.75,172,33,True,eligible,-0.021596259610569032,0.012714731128359913,0.02650400934883141,-0.03221457553438653,0.0682179323924339,-0.034310990738928945,-1.2942122187024332,1.0,1.0,0.13835950818670562,0.012707870302377322,0.02650579975773942,False
2663,2025-07-07 16:22:54,2025-07-07 16:52:54,30.0,2.2666666666666666,2.7666666666666666,173,33,True,eligible,-0.02181585164484874,0.013291132860808406,0.026665448299484418,-0.03191044447588966,0.06859888535042293,-0.03510698450565715,-1.3162123329005706,1.0,1.0,0.13970183564508587,0.013284112867905856,0.026667402846320333,False
2664,2025-07-07 16:23:54,2025-07-07 16:53:54,30.0,2.283333333333333,2.783333333333333,166,32,True,eligible,-0.02423254025128934,0.013045039786920322,0.025927725061244702,-0.03192008884828018,0.06696292914637562,-0.03727758003820966,-1.4373089392042295,1.0,1.0,0.13596195142619857,0.01303758576171772,0.025930490652651045,False
2665,2025-07-07 16:24:54,2025-07-07 16:54:54,30.0,2.3,2.8,165,32,True,eligible,-0.024089453523812913,0.012511424307224796,0.025195916063117996,-0.03160721666969453,0.06513589645784591,-0.03660087783103771,-1.4521995805584964,1.0,1.0,0.13195945027045766,0.012504105595400956,0.025198712084147885,False
2666,2025-07-07 16:25:54,2025-07-07 16:55:54,30.0,2.316666666666667,2.816666666666667,159,32,True,eligible,-0.02473195655307059,0.013979928081384475,0.026515790278992316,-0.03225371141391961,0.06982224230450072,-0.03871188463445506,-1.4594989071820463,1.0,1.0,0.13968540185890138,0.013972187252623336,0.026518789164715884,False
2667,2025-07-07 16:26:54,2025-07-07 16:56:54,30.0,2.3333333333333335,2.8333333333333335,165,32,True,eligible,-0.025129902710724027,0.011802026223649831,0.026110077772661108,-0.03402645531530034,0.06639390610441452,-0.03693192893437386,-1.4140459956751632,1.0,1.0,0.13558272676736746,0.011794641314844721,0.02611268950126224,False
2668,2025-07-07 16:27:54,2025-07-07 16:57:54,30.0,2.35,2.85,172,32,True,eligible,-0.02242491838284876,0.008663839982369425,0.02470649570444761,-0.0341665484742518,0.060517124471421296,-0.031088758365218187,-1.2579983048132093,1.0,1.0,0.12578642852151045,0.008657623473998058,0.024707936201441887,False
2669,2025-07-07 16:28:54,2025-07-07 16:58:54,30.0,2.3666666666666667,2.8666666666666667,164,33,True,eligible,-0.02293783217739087,0.008047034586585327,0.023886612744996694,-0.03422444286294719,0.05789277231364055,-0.030984866763976198,-1.2968166689867897,1.0,1.0,0.12128385812173056,0.00804083885237937,0.02388824247144668,False
2670,2025-07-07 16:29:54,2025-07-07 16:59:54,30.0,2.3833333333333333,2.8833333333333333,165,32,True,eligible,-0.02274302085087238,0.008406602670638747,0.02408375738068567,-0.033706258160146906,0.05895176801959722,-0.031149623521511127,-1.2930416179915392,1.0,1.0,0.12257791613092656,0.008400373991670238,0.024085376997313633,False
2671,2025-07-07 16:30:54,2025-07-07 17:00:54,30.0,2.4,2.9,163,33,True,eligible,-0.023332953689896862,0.007562568603500061,0.02389490007067045,-0.03462198583395314,0.056976023348620515,-0.030895522293396923,-1.2926302462943005,1.0,1.0,0.12083857616169541,0.007556390734615159,0.02389650444360658,False
2672,2025-07-07 16:31:54,2025-07-07 17:01:54,30.0,2.4166666666666665,2.9166666666666665,188,39,True,eligible,-0.020202440361971247,0.0037723694191798968,0.023482606222682056,-0.03930175370230316,0.05278792253979801,-0.023974809781151143,-1.0207518924383168,1.0,1.0,0.11508813159555699,0.0037675754160242966,0.023482705205412128,False
2673,2025-07-07 16:32:54,2025-07-07 17:02:54,30.0,2.433333333333333,2.933333333333333,200,41,True,eligible,-0.017894474320138846,0.004690289346262271,0.02410462171693074,-0.039537843363139515,0.055650399183111376,-0.022584763666401116,-0.9367715475853619,1.0,1.0,0.1189531481054297,0.004685773296738894,0.024104326903481396,False
2674,2025-07-07 16:33:54,2025-07-07 17:03:54,30.0,2.45,2.95,196,41,True,eligible,-0.016277383314606354,0.005696274195733442,0.024743421339952512,-0.03908329149633029,0.05800309992270106,-0.021973657510339795,-0.887901799584674,1.0,1.0,0.12298642295710589,0.00569188034300192,0.024742897996022358,False
2675,2025-07-07 16:34:54,2025-07-07 17:04:54,30.0,2.466666666666667,2.966666666666667,194,41,True,eligible,-0.0157952171437565,0.004808268425882958,0.024563983813695792,-0.03935740267623226,0.05656194491557926,-0.02060348556963946,-0.8386252358414827,1.0,1.0,0.12124708849657466,0.004804148552743658,0.024563255213552692,False
2676,2025-07-07 16:35:54,2025-07-07 17:05:54,30.0,2.4833333333333334,2.9833333333333334,210,43,True,eligible,-0.016503368779463873,0.013047262115804127,0.02614513822974415,-0.03463746941907041,0.06721857528114279,-0.029550630895268,-1.129996051068003,1.0,1.0,0.13698669875199038,0.013041353171413955,0.02614586300806447,False
2677,2025-07-07 16:36:54,2025-07-07 17:06:54,30.0,2.5,3.0,220,43,True,eligible,-0.017013733401801578,0.012326042773595376,0.027038834843033457,-0.03643866840212517,0.06845539071168641,-0.029339776175396952,-1.0848614511841488,1.0,1.0,0.14050095600092588,0.012320175991716673,0.02703931397092198,False
2678,2025-07-07 16:37:54,2025-07-07 17:07:54,30.0,2.5166666666666666,3.0166666666666666,219,43,True,eligible,-0.01712611427498552,0.012700096250202204,0.027313177402039597,-0.036622498693668425,0.06935767202203999,-0.029826210525187722,-1.0917687378332868,1.0,1.0,0.14217566016633665,0.012694132200907024,0.027313702474274455,False
2679,2025-07-07 16:38:54,2025-07-07 17:08:54,30.0,2.533333333333333,3.033333333333333,218,43,True,eligible,-0.016746709602328217,0.012281036762278895,0.027030134307502014,-0.03648478526615428,0.0694469684950412,-0.029027746364607112,-1.0736719807638457,1.0,1.0,0.1404144568429267,0.012275232373883652,0.02703054796639538,False
2680,2025-07-07 16:39:54,2025-07-07 17:09:54,30.0,2.55,3.05,208,43,True,eligible,-0.014593733818176063,0.011438000915532385,0.02736981761079851,-0.036895402267970286,0.0705790926747397,-0.02603173473370845,-0.9509299087688778,1.0,1.0,0.14117909928584332,0.01143279560964682,0.027369556039643497,False
2681,2025-07-07 16:40:54,2025-07-07 17:10:54,30.0,2.566666666666667,3.066666666666667,230,50,True,eligible,-0.026055860522272344,0.0025528062021300036,0.028670905010276884,-0.04910220158585715,0.06483155291990673,-0.02860866672440235,-0.9976301445339637,1.0,1.0,0.1384624163329284,0.0025470856129029685,0.028670892005310235,False
2682,2025-07-07 16:41:54,2025-07-07 17:11:54,30.0,2.5833333333333335,3.0833333333333335,229,50,True,eligible,-0.025856769693978376,0.0028710081082455106,0.028784983747499784,-0.049039602869691175,0.06610460547403216,-0.028727777802223887,-0.9978134997181101,1.0,1.0,0.13932139327294904,0.002865263701566403,0.028784971744378055,False
2683,2025-07-07 16:42:54,2025-07-07 17:12:54,30.0,2.6,3.1,236,50,True,eligible,-0.024103658680620907,0.004783897395847356,0.029003025163005347,-0.04799653574793721,0.06817247215897955,-0.028887556076468264,-0.9958203698633243,1.0,1.0,0.14226782821145295,0.0047781210399032515,0.029003001539814013,False
2684,2025-07-07 16:43:54,2025-07-07 17:13:54,30.0,2.6166666666666667,3.1166666666666667,227,49,True,eligible,-0.02456512903945999,0.004748911076743638,0.029344681308516966,-0.048393431515585554,0.06807154956089433,-0.029314040116203626,-0.9987562950375746,1.0,1.0,0.14385246927039577,0.004743049441047536,0.029344674597925727,False
2685,2025-07-07 16:44:54,2025-07-07 17:14:54,30.0,2.6333333333333333,3.1333333333333333,205,48,True,eligible,-0.023810974804213944,0.009977743057429671,0.029512751336311357,-0.04366036666643941,0.07311886501415674,-0.03378871786164361,-1.1446209200151403,1.0,1.0,0.14988152396889787,0.009970986665135803,0.02951366769436898,False
2686,2025-07-07 16:45:54,2025-07-07 17:15:54,30.0,2.65,3.15,199,48,True,eligible,-0.02204423563322351,0.010528103310847983,0.030403125468579824,-0.04439628314647841,0.07544559381074638,-0.032572338944071494,-1.0711183390990078,1.0,1.0,0.1546507587241306,0.010521590145692195,0.030403574087163033,False
2687,2025-07-07 16:46:54,2025-07-07 17:16:54,30.0,2.6666666666666665,3.1666666666666665,196,48,True,eligible,-0.022580563684189647,0.012596898329731085,0.03166993534035504,-0.04501273719875438,0.07994820326115569,-0.03517746201392073,-1.110504529398529,1.0,1.0,0.162725766981406,0.012589864244145418,0.03167067490250045,False
2688,2025-07-07 16:47:54,2025-07-07 17:17:54,30.0,2.683333333333333,3.183333333333333,171,46,True,eligible,-0.020901230001834754,0.012857531359343637,0.030681003212078384,-0.043013271794492484,0.07750693884944318,-0.03375876136117839,-1.1000716122367236,1.0,1.0,0.1582981725123323,0.012850780957151838,0.03068164888862119,False
2689,2025-07-07 16:48:54,2025-07-07 17:18:54,30.0,2.7,3.2,164,46,True,eligible,-0.024599042645331394,0.010703499470866176,0.03056250243158391,-0.04642917122890206,0.07402913279977538,-0.03530254211619757,-1.1548237707670608,1.0,1.0,0.1555838527476512,0.010696440374262256,0.03056352312193017,False
2690,2025-07-07 16:49:54,2025-07-07 17:19:54,30.0,2.716666666666667,3.216666666666667,166,46,True,eligible,-0.024043551292903344,0.009776678163136487,0.029974943267930695,-0.04626302626898775,0.07243890496671349,-0.03382022945603983,-1.1280269714749152,1.0,1.0,0.1518710211062098,0.00976991546978395,0.029975760879614066,False
2691,2025-07-07 16:50:54,2025-07-07 17:20:54,30.0,2.7333333333333334,3.2333333333333334,165,46,True,eligible,-0.02226542861319631,0.008916625482592175,0.029920065218104346,-0.047107210967797304,0.07117781904959673,-0.031182054095788485,-1.0419613342416703,1.0,1.0,0.15074868744089737,0.008910390318805776,0.02992032228786259,False
2692,2025-07-07 16:51:54,2025-07-07 17:21:54,30.0,2.75,3.25,176,46,True,eligible,-0.026348803405045876,0.005803025369508912,0.029324507186159844,-0.048850526693461675,0.06616616555118851,-0.03215182877455479,-1.096173604605211,1.0,1.0,0.14481321828101393,0.00579659628956999,0.029325099199221355,False
2693,2025-07-07 16:52:54,2025-07-07 17:22:54,30.0,2.7666666666666666,3.2666666666666666,176,46,True,eligible,-0.02717124399130571,0.004694698631395137,0.028752119835734807,-0.04882685772021865,0.06457695722727452,-0.031865942622700844,-1.1080520065902069,1.0,1.0,0.140991829422655,0.004688326717253426,0.028752775608971774,False
2694,2025-07-07 16:53:54,2025-07-07 17:23:54,30.0,2.783333333333333,3.283333333333333,178,46,True,eligible,-0.02953554024578079,0.005376712402606517,0.028573680123085074,-0.048115068684689635,0.06396781588869493,-0.03491225264838731,-1.2215280712828018,1.0,1.0,0.14083089786414144,0.005369731348287702,0.02857508756013467,False
2695,2025-07-07 16:54:54,2025-07-07 17:24:54,30.0,2.8,3.3,176,46,True,eligible,-0.027598559496775112,0.004213198278237113,0.02826780803429481,-0.04888428701741826,0.06231465160916323,-0.031811757775012224,-1.1251155382668565,1.0,1.0,0.13821490198368006,0.0042068371988979785,0.028268560529051585,False
2696,2025-07-07 16:55:54,2025-07-07 17:25:54,30.0,2.816666666666667,3.316666666666667,183,46,True,eligible,-0.028632759039986383,0.005715137114934692,0.028107825972792995,-0.04757106313069445,0.06353022482517666,-0.03434789615492108,-1.2217001452035317,1.0,1.0,0.13896093493807116,0.005708268909344828,0.028109211645882298,False
2697,2025-07-07 16:56:54,2025-07-07 17:26:54,30.0,2.8333333333333335,3.3333333333333335,181,46,True,eligible,-0.02455980815116309,0.005303423947943454,0.02659078412671495,-0.045718696465808735,0.05978775683775872,-0.029863232099106546,-1.1228131212404873,1.0,1.0,0.13135525197166334,0.0052974524958140584,0.02659147820965145,False
2698,2025-07-07 16:57:54,2025-07-07 17:27:54,30.0,2.85,3.35,171,46,True,eligible,-0.021595803778563932,0.002731473669860277,0.027037603923522238,-0.04782154865902992,0.058246858043784565,-0.02432727744842421,-0.8995943808676463,1.0,1.0,0.13089683967809548,0.0027266091872671107,0.027037088584715714,False
2699,2025-07-07 16:58:54,2025-07-07 17:28:54,30.0,2.8666666666666667,3.3666666666666667,168,46,True,eligible,-0.022259338965085813,0.0017437831240161438,0.026422402294750045,-0.04738681624000328,0.0566039250955575,-0.024003122089101957,-0.9082725298893962,1.0,1.0,0.12699308204444418,0.0017389834595312203,0.026421940149989345,False
2700,2025-07-07 16:59:54,2025-07-07 17:29:54,30.0,2.8833333333333333,3.3833333333333333,166,46,True,eligible,-0.021257317118814446,0.0013694145297843373,0.026628555100985343,-0.048104384657044946,0.055658368959107384,-0.022626731648598783,-0.8495705579692865,1.0,1.0,0.1275949428900246,0.0013648900883429054,0.026627814482214185,False
2701,2025-07-07 17:00:54,2025-07-07 17:30:54,30.0,2.9,3.4,166,46,True,eligible,-0.02210312803192972,0.002827960570354258,0.026860196372808252,-0.047040633088954176,0.05841908753944771,-0.024931088602283977,-0.928006953302582,1.0,1.0,0.1301528768165884,0.002822975349677936,0.02685982394086691,False
2702,2025-07-07 17:01:54,2025-07-07 17:31:54,30.0,2.9166666666666665,3.4166666666666665,136,38,True,eligible,-0.024995188640415594,0.008374884000578708,0.026901254255675702,-0.04235169423072414,0.06364438363322922,-0.0333700726409943,-1.2401504906962126,1.0,1.0,0.1359013810166271,0.008368211320586504,0.026902702705275793,False
2703,2025-07-07 17:02:54,2025-07-07 17:32:54,30.0,2.933333333333333,3.433333333333333,124,37,True,eligible,-0.03235755447579692,0.0069910590536906144,0.026630190447895673,-0.04298363809207693,0.06236461542928047,-0.039348613529487535,-1.4771239759279386,1.0,1.0,0.1332394385962,0.006983190904614533,0.02663334020808737,False
2704,2025-07-07 17:03:54,2025-07-07 17:33:54,30.0,2.95,3.45,144,37,True,eligible,-0.019756942339080756,0.02356199282038179,0.03175596913933688,-0.03455565441313948,0.08992434301298895,-0.04331893515946254,-1.3637293437409246,1.0,1.0,0.1741065263847384,0.02355333076576082,0.03175870146346978,False
2705,2025-07-07 17:04:54,2025-07-07 17:34:54,30.0,2.966666666666667,3.466666666666667,147,38,True,eligible,-0.02103793383019071,0.023821919458857897,0.03154259613780763,-0.03327530946883277,0.08960739576894836,-0.04485985328904861,-1.4217694306451707,1.0,1.0,0.17335697504889672,0.023812949282235412,0.03154582040216864,False
2706,2025-07-07 17:05:54,2025-07-07 17:35:54,30.0,2.9833333333333334,3.4833333333333334,135,37,True,eligible,-0.009481303805167636,0.006570972282204779,0.030586765910907848,-0.046561865307729516,0.07296090432893353,-0.016052276087372416,-0.5247442442292011,1.0,1.0,0.15155485075041378,0.006567762468949956,0.030584549426915828,False
2707,2025-07-07 17:06:54,2025-07-07 17:36:54,30.0,3.0,3.5,127,36,True,eligible,0.002800167214685692,0.006229205254338993,0.030949141583581054,-0.04708828666190028,0.07419372429525634,-0.003429038039653301,-0.1107846897021034,1.0,1.0,0.152929477090177,0.006228519583865158,0.030946084503176378,False
2708,2025-07-07 17:07:54,2025-07-07 17:37:54,30.0,3.0166666666666666,3.5166666666666666,131,38,True,eligible,0.0073463471857092705,0.007925729943579481,0.03167298263171821,-0.045439532872096344,0.07736554794546482,-0.0005793827578702108,-0.01829081988333607,1.0,1.0,0.15805744628432,0.007925614090198584,0.0316698162348128,False
2709,2025-07-07 17:08:54,2025-07-07 17:38:54,30.0,3.033333333333333,3.533333333333333,139,38,True,eligible,0.014147210528039446,0.008747196997358734,0.03380266284422703,-0.04629244082006386,0.0819504286638576,0.0054000135306807116,0.1597347511807885,1.0,1.0,0.1689753241154981,0.008748276784107521,0.03379936866600423,False
2710,2025-07-07 17:09:54,2025-07-07 17:39:54,30.0,3.05,3.55,142,39,True,eligible,0.02145110952974105,0.006220929334462218,0.03312852591348522,-0.04762439387056788,0.07822021892514756,0.01523018019527883,0.45967441774657386,1.0,1.0,0.16325848276666663,0.006223974761415884,0.033125912995054116,False
2711,2025-07-07 17:10:54,2025-07-07 17:40:54,30.0,3.066666666666667,3.566666666666667,118,36,True,eligible,0.03213709292659459,0.02234226667554163,0.03458199744211884,-0.0313418090112581,0.09753478320703483,0.009794826251052963,0.2832042469601692,1.0,1.0,0.1862662711612952,0.022344225249077126,0.03457881646419931,False
2712,2025-07-07 17:11:54,2025-07-07 17:41:54,30.0,3.0833333333333335,3.5833333333333335,119,36,True,eligible,0.031551095837317196,0.019184818977569594,0.03432608102133691,-0.03372022321544785,0.09331365051082925,0.012366276859747602,0.36021823110934115,1.0,1.0,0.1818970752619985,0.019187291738389376,0.0343230937003155,False
2713,2025-07-07 17:12:54,2025-07-07 17:42:54,30.0,3.1,3.6,114,34,True,eligible,0.03647111380452035,0.009640952172807965,0.034244927794739505,-0.043352089240086364,0.08314687319648721,0.02683016163171239,0.7833520074287259,1.0,1.0,0.17197928151229308,0.00964631713214244,0.03424360494131828,False
2714,2025-07-07 17:13:54,2025-07-07 17:43:54,30.0,3.1166666666666667,3.6166666666666667,115,34,True,eligible,0.03622386644720377,0.009658559531765323,0.03473863916520687,-0.04465334215779466,0.0862018667925169,0.026565306915438444,0.7645981165872979,1.0,1.0,0.1743367227069857,0.009663871530748614,0.034737196365330916,False
2715,2025-07-07 17:14:54,2025-07-07 17:44:54,30.0,3.1333333333333333,3.6333333333333333,121,38,True,eligible,0.03275620443034365,0.007885027491792295,0.03434861037419818,-0.04562495335447757,0.08365739119904117,0.02487117693855135,0.7239706839358813,1.0,1.0,0.17071299905079904,0.007890000732531856,0.03434697598889802,False
2716,2025-07-07 17:15:54,2025-07-07 17:45:54,30.0,3.15,3.65,122,40,True,eligible,0.032994826466246005,0.0075447698174199605,0.03428347465077343,-0.04667652320064282,0.08181805048235091,0.025450056648826044,0.7422267016197053,1.0,1.0,0.17006452886244625,0.007549858810951017,0.03428193515507911,False
2717,2025-07-07 17:16:54,2025-07-07 17:46:54,30.0,3.1666666666666665,3.6666666666666665,124,42,True,eligible,0.03401409328062314,0.00556071590705314,0.03338940579848454,-0.046412533843016975,0.07830306326782903,0.028453377373569996,0.8520207690708241,1.0,1.0,0.16384567365194388,0.005566405444620341,0.033388491065806505,False
2718,2025-07-07 17:17:54,2025-07-07 17:47:54,30.0,3.183333333333333,3.683333333333333,126,42,True,eligible,0.03207638714914951,0.0055093337054173954,0.03326162446105315,-0.04641678902098662,0.07817463211782362,0.026567053443732114,0.7985990922948943,1.0,1.0,0.16318678830626399,0.0055146460536364995,0.03326041984243165,False
2719,2025-07-07 17:18:54,2025-07-07 17:48:54,30.0,3.2,3.7,125,41,True,eligible,0.031700370721917615,0.004037874706576561,0.033382595480726106,-0.04867177694366293,0.07688392242471874,0.027662496015341053,0.8285105230603301,1.0,1.0,0.16228976520890226,0.004043406099501045,0.033381548999834074,False
2720,2025-07-07 17:19:54,2025-07-07 17:49:54,30.0,3.216666666666667,3.716666666666667,133,41,True,eligible,0.027114491539846762,0.0016091707852678894,0.03222105836590816,-0.05028614543550991,0.07381657812621467,0.025505320754578873,0.7914443095851587,1.0,1.0,0.1543535792366887,0.0016142708294099777,0.03221985476628534,False
2721,2025-07-07 17:20:54,2025-07-07 17:50:54,30.0,3.2333333333333334,3.7333333333333334,144,43,True,eligible,0.013352979904066168,-0.002713923441075641,0.029740689124643144,-0.05220346741072658,0.06325165376054222,0.016066903345141808,0.5401632861208584,1.0,1.0,0.13826604422160452,-0.0027107107029542368,0.029738582794807435,False
2722,2025-07-07 17:21:54,2025-07-07 17:51:54,30.0,3.25,3.75,143,34,True,eligible,0.013267914747737603,-0.0024210239272905503,0.028585512826889183,-0.05041690959906753,0.05997021170378035,0.015688938675028154,0.548770907109947,1.0,1.0,0.1330832308282798,-0.002417886766987605,0.02858351510894242,False
2723,2025-07-07 17:22:54,2025-07-07 17:52:54,30.0,3.2666666666666666,3.7666666666666666,142,34,True,eligible,0.013985423276631038,-0.0017420018489036984,0.028801542382209746,-0.050037257675325776,0.06075368793290737,0.015727425125534735,0.5459910384843277,1.0,1.0,0.13478624286782745,-0.0017388569928498022,0.02879952080006931,False
2724,2025-07-07 17:23:54,2025-07-07 17:53:54,30.0,3.283333333333333,3.783333333333333,139,34,True,eligible,0.011825170176797122,-0.002899107169271216,0.028090735085092643,-0.04995623683679068,0.05846722062298235,0.014724277346068338,0.5241016617331242,1.0,1.0,0.1302592555215262,-0.002896162902655326,0.028088697583539893,False
2725,2025-07-07 17:24:54,2025-07-07 17:54:54,30.0,3.3,3.8,135,34,True,eligible,0.008689148480458856,-0.003846696526097344,0.027322877751577174,-0.050582981395907486,0.055702838140742915,0.0125358450065562,0.45874845719079493,1.0,1.0,0.125670606883132,-0.0038441898584295653,0.027320720413182262,False
2726,2025-07-07 17:25:54,2025-07-07 17:55:54,30.0,3.316666666666667,3.816666666666667,128,33,True,eligible,0.007981398070324008,-0.006789886572113247,0.025837981283696,-0.05184183179028384,0.049217630996714584,0.014771284642437255,0.5716129744644959,1.0,1.0,0.11569064249482157,-0.006786932905917998,0.025836241715957234,False
2727,2025-07-07 17:26:54,2025-07-07 17:56:54,30.0,3.3333333333333335,3.8333333333333335,122,33,True,eligible,-0.002826536207371973,-0.008512714560139082,0.023427667980296454,-0.05074621465773633,0.040640551554768076,0.005686178352767109,0.24268640163195235,1.0,1.0,0.10253762046076466,-0.008511577551870184,0.0234254630925712,False
2728,2025-07-07 17:27:54,2025-07-07 17:57:54,30.0,3.35,3.85,118,33,True,eligible,-0.011480277219261795,-0.010033089150523379,0.022121704127913925,-0.05003544808858466,0.03761716427550063,-0.0014471880687384163,-0.06541280784334638,1.0,1.0,0.09482486361333092,-0.010033378530261178,0.022119501313347032,False
2729,2025-07-07 17:28:54,2025-07-07 17:58:54,30.0,3.3666666666666667,3.8666666666666667,118,33,True,eligible,-0.011480277219261795,-0.010033089150523379,0.022121704127913925,-0.05003544808858466,0.03761716427550063,-0.0014471880687384163,-0.06541280784334638,1.0,1.0,0.09482486361333092,-0.010033378530261178,0.022119501313347032,False
2730,2025-07-07 17:29:54,2025-07-07 17:59:54,30.0,3.3833333333333333,3.8833333333333333,117,33,True,eligible,-0.013716771642668536,-0.010443605554992023,0.02194131188465578,-0.0503654667557851,0.0377280902216028,-0.003273166087676513,-0.14916298621613794,1.0,1.0,0.09355909866540339,-0.010444260057309095,0.021939166467326913,False
2731,2025-07-07 17:30:54,2025-07-07 18:00:54,30.0,3.4,3.9,115,33,True,eligible,-0.01591322766353977,-0.01111667145639047,0.021589536727366496,-0.049246501281840445,0.036759394672190374,-0.0047965562071493,-0.2221471033324709,1.0,1.0,0.09121856659048434,-0.011117630575808017,0.02158748422010501,False
2732,2025-07-07 17:31:54,2025-07-07 18:01:54,30.0,3.4166666666666665,3.9166666666666665,112,33,True,eligible,-0.018809385301531735,-0.011344968004653844,0.02123876315899007,-0.049059530734924646,0.03490886174132255,-0.007464417296877891,-0.351413068254769,1.0,1.0,0.08932778730625762,-0.011346460589596227,0.021236901487468315,False
2733,2025-07-07 17:32:54,2025-07-07 18:02:54,30.0,3.433333333333333,3.933333333333333,112,33,True,eligible,-0.018809385301531735,-0.011344968004653844,0.02123876315899007,-0.049059530734924646,0.03490886174132255,-0.007464417296877891,-0.351413068254769,1.0,1.0,0.08932778730625762,-0.011346460589596227,0.021236901487468315,False
2734,2025-07-07 17:33:54,2025-07-07 18:03:54,30.0,3.45,3.95,87,28,True,eligible,-0.029049682726533715,-0.0033475549760554157,0.02386146663589163,-0.040775813710871224,0.050012132800713094,-0.0257021277504783,-1.0769068645067978,1.0,1.0,0.10976520295811001,-0.0033526943737259784,0.023861848410239684,False
2735,2025-07-07 17:34:54,2025-07-07 18:04:54,30.0,3.466666666666667,3.966666666666667,84,26,True,eligible,-0.02697260288883283,-0.0024566555278597102,0.02392369380516711,-0.039853163675152826,0.05120413405753732,-0.02451594736097312,-1.0245459169553974,1.0,1.0,0.1109500858630722,-0.0024615577368901,0.023923813219402828,False
2736,2025-07-07 17:35:54,2025-07-07 18:05:54,30.0,3.4833333333333334,3.9833333333333334,80,26,True,eligible,-0.028001183342391114,-0.0020147326127782084,0.024367566711033496,-0.040233641323416336,0.05305329856691799,-0.025986450729612906,-1.0662081569045894,1.0,1.0,0.11349692635525412,-0.002019928863673953,0.02436790068662185,False
2737,2025-07-07 17:36:54,2025-07-07 18:06:54,30.0,3.5,4.0,78,26,True,eligible,-0.028537277084000397,-0.0009166125945443452,0.024992938368032673,-0.039004474548348184,0.05600504981544421,-0.02762066448945605,-1.104893331817404,1.0,1.0,0.11756035122142107,-0.0009221356228365776,0.024993490924359686,False
2738,2025-07-07 17:37:54,2025-07-07 18:07:54,30.0,3.5166666666666666,4.016666666666667,74,25,True,eligible,-0.024851599976621473,0.0036285693170239773,0.026316045737190846,-0.03530739539060294,0.06406847678709164,-0.02848016929364545,-1.0820009883384454,1.0,1.0,0.12837711021784198,0.0036228744221442235,0.026316495738596315,False
2739,2025-07-07 17:38:54,2025-07-07 18:08:54,30.0,3.533333333333333,4.033333333333333,66,24,True,eligible,-0.01640631485920099,0.013281999544730425,0.028154688434001252,-0.026986783787040232,0.07855620572836546,-0.029688314403931416,-1.054248797246882,1.0,1.0,0.14674580401318904,0.013276063069144757,0.028155002885333895,False
2740,2025-07-07 17:39:54,2025-07-07 18:09:54,30.0,3.55,4.05,106,40,True,eligible,-0.039547487094843,-0.0031446821358311785,0.023159884224595473,-0.04152308424559695,0.047738130013707296,-0.036402804959011825,-1.5712590039947074,1.0,1.0,0.10665438998377604,-0.003151961241001947,0.023163288650254663,False
2741,2025-07-07 17:40:54,2025-07-07 18:10:54,30.0,3.566666666666667,4.066666666666666,102,39,True,eligible,-0.03967996642859532,-0.004224288582830236,0.022218973534113416,-0.04099851614047969,0.04392433568468411,-0.03545567784576509,-1.5951731272467382,1.0,1.0,0.1011146966522945,-0.004231378300455863,0.022222408040012288,False
2742,2025-07-07 17:41:54,2025-07-07 18:11:54,30.0,3.5833333333333335,4.083333333333333,101,39,True,eligible,-0.035997228736635266,-0.00477846860658717,0.021952794065839578,-0.04071195311475657,0.04317861882621183,-0.031218760130048095,-1.4216563203500265,1.0,1.0,0.09929388411522345,-0.004784711110112474,0.021955037360111018,False
2743,2025-07-07 17:42:54,2025-07-07 18:12:54,30.0,3.6,4.1,96,38,True,eligible,-0.03386115012982678,-0.004384305963478763,0.021517910688254024,-0.03793452659657525,0.04276575291930928,-0.029476844166348017,-1.3694809199459,1.0,1.0,0.09762511856013611,-0.004390200153474033,0.021519795965844468,False
2744,2025-07-07 17:43:54,2025-07-07 18:13:54,30.0,3.6166666666666667,4.116666666666666,94,38,True,eligible,-0.030826163220894688,-0.005282416157566968,0.020806652927050317,-0.03832576477499427,0.03994582054364095,-0.02554374706332772,-1.2273643928960953,1.0,1.0,0.09335211563609613,-0.005287523885434061,0.020807707542500498,False
2745,2025-07-07 17:44:54,2025-07-07 18:14:54,30.0,3.6333333333333333,4.133333333333334,88,34,True,eligible,-0.025442798262225598,-0.005247812558018641,0.02127322858055429,-0.038647562288812894,0.04099365044001347,-0.020194985704206955,-0.949134133325301,1.0,1.0,0.0955936087545614,-0.00525185074752158,0.02127301801270683,False
2746,2025-07-07 17:45:54,2025-07-07 18:15:54,30.0,3.65,4.15,86,34,True,eligible,-0.028136048652950184,-0.005222238633653865,0.021661967645440962,-0.039925153540493925,0.04155171025834997,-0.022913810019296318,-1.0575658052322878,1.0,1.0,0.0974636867476274,-0.005226820479288595,0.021662224762108037,False
2747,2025-07-07 17:46:54,2025-07-07 18:16:54,30.0,3.6666666666666665,4.166666666666667,82,33,True,eligible,-0.025076284629962954,-0.006444045310746098,0.02111327196108007,-0.04067342591321182,0.03893286471693613,-0.018632239319216856,-0.8823324987456735,1.0,1.0,0.09363819128424535,-0.006447771013469398,0.021112804575345357,False
2748,2025-07-07 17:47:54,2025-07-07 18:17:54,30.0,3.683333333333333,4.183333333333334,81,33,True,eligible,-0.026824920866827494,-0.006265126874188097,0.02119188643205686,-0.040076598293068956,0.038820804066170354,-0.020559793992639398,-0.9699846261652901,1.0,1.0,0.09419102225033886,-0.006269238010759311,0.02119176149969762,False
2749,2025-07-07 17:48:54,2025-07-07 18:18:54,30.0,3.7,4.2,80,33,True,eligible,-0.02744145496589712,-0.006001096539281304,0.021638864223585498,-0.04108292578312546,0.040635358729655395,-0.021440358426615815,-0.9906301255231096,1.0,1.0,0.09657419269716506,-0.006005383753523779,0.021638824279701634,False
2750,2025-07-07 17:49:54,2025-07-07 18:19:54,30.0,3.716666666666667,4.216666666666667,70,30,True,eligible,-0.021774143144919315,-0.005459070476300389,0.02141145256366437,-0.04257400275962858,0.04068937831431897,-0.016315072668618927,-0.7618583834412379,1.0,1.0,0.09603512219130377,-0.0054623328383617,0.021410554324911152,False
2751,2025-07-07 17:50:54,2025-07-07 18:20:54,30.0,3.7333333333333334,4.233333333333333,57,25,True,eligible,-0.012678302523643286,-0.003756049347334751,0.023682413046383206,-0.043894249323604737,0.04695834816461701,-0.008922253176308535,-0.37670294073781263,1.0,1.0,0.1084998105293461,-0.0037578334411512496,0.023680380792940856,False
2752,2025-07-07 17:51:54,2025-07-07 18:21:54,30.0,3.75,4.25,47,21,True,eligible,0.003964217539827343,0.006834245661436319,0.030583638692720804,-0.043447903788444514,0.07484914964405948,-0.0028700281216089757,-0.09383248085316676,1.0,1.0,0.15180207134731308,0.006833671770590166,0.03058060710611576,False
2753,2025-07-07 17:52:54,2025-07-07 18:22:54,30.0,3.7666666666666666,4.266666666666667,47,21,True,eligible,0.003964217539827343,0.006834245661436319,0.030583638692720804,-0.043447903788444514,0.07484914964405948,-0.0028700281216089757,-0.09383248085316676,1.0,1.0,0.15180207134731308,0.006833671770590166,0.03058060710611576,False
2754,2025-07-07 17:53:54,2025-07-07 18:23:54,30.0,3.783333333333333,4.283333333333333,47,21,True,eligible,0.003964217539827343,0.006834245661436319,0.030583638692720804,-0.043447903788444514,0.07484914964405948,-0.0028700281216089757,-0.09383248085316676,1.0,1.0,0.15180207134731308,0.006833671770590166,0.03058060710611576,False
2755,2025-07-07 17:54:54,2025-07-07 18:24:54,30.0,3.8,4.3,47,21,True,eligible,0.003964217539827343,0.006834245661436319,0.030583638692720804,-0.043447903788444514,0.07484914964405948,-0.0028700281216089757,-0.09383248085316676,1.0,1.0,0.15180207134731308,0.006833671770590166,0.03058060710611576,False
2756,2025-07-07 17:55:54,2025-07-07 18:25:54,30.0,3.816666666666667,4.316666666666666,47,21,True,eligible,0.003964217539827343,0.006834245661436319,0.030583638692720804,-0.043447903788444514,0.07484914964405948,-0.0028700281216089757,-0.09383248085316676,1.0,1.0,0.15180207134731308,0.006833671770590166,0.03058060710611576,False
2757,2025-07-07 17:56:54,2025-07-07 18:26:54,30.0,3.8333333333333335,4.333333333333333,47,21,True,eligible,0.003964217539827343,0.006834245661436319,0.030583638692720804,-0.043447903788444514,0.07484914964405948,-0.0028700281216089757,-0.09383248085316676,1.0,1.0,0.15180207134731308,0.006833671770590166,0.03058060710611576,False
2758,2025-07-07 17:57:54,2025-07-07 18:27:54,30.0,3.85,4.35,47,21,True,eligible,0.003964217539827343,0.006834245661436319,0.030583638692720804,-0.043447903788444514,0.07484914964405948,-0.0028700281216089757,-0.09383248085316676,1.0,1.0,0.15180207134731308,0.006833671770590166,0.03058060710611576,False
2759,2025-07-07 17:58:54,2025-07-07 18:28:54,30.0,3.8666666666666667,4.366666666666666,47,21,True,eligible,0.003964217539827343,0.006834245661436319,0.030583638692720804,-0.043447903788444514,0.07484914964405948,-0.0028700281216089757,-0.09383248085316676,1.0,1.0,0.15180207134731308,0.006833671770590166,0.03058060710611576,False
2760,2025-07-07 17:59:54,2025-07-07 18:29:54,30.0,3.8833333333333333,4.383333333333334,47,21,True,eligible,0.003964217539827343,0.006834245661436319,0.030583638692720804,-0.043447903788444514,0.07484914964405948,-0.0028700281216089757,-0.09383248085316676,1.0,1.0,0.15180207134731308,0.006833671770590166,0.03058060710611576,False
2761,2025-07-07 18:00:54,2025-07-07 18:30:54,30.0,3.9,4.4,47,21,True,eligible,0.003964217539827343,0.006834245661436319,0.030583638692720804,-0.043447903788444514,0.07484914964405948,-0.0028700281216089757,-0.09383248085316676,1.0,1.0,0.15180207134731308,0.006833671770590166,0.03058060710611576,False
2762,2025-07-07 18:01:54,2025-07-07 18:31:54,30.0,3.9166666666666665,4.416666666666667,47,21,True,eligible,0.003964217539827343,0.006834245661436319,0.030583638692720804,-0.043447903788444514,0.07484914964405948,-0.0028700281216089757,-0.09383248085316676,1.0,1.0,0.15180207134731308,0.006833671770590166,0.03058060710611576,False
2763,2025-07-07 18:02:54,2025-07-07 18:32:54,30.0,3.933333333333333,4.433333333333334,47,21,True,eligible,0.003964217539827343,0.006834245661436319,0.030583638692720804,-0.043447903788444514,0.07484914964405948,-0.0028700281216089757,-0.09383248085316676,1.0,1.0,0.15180207134731308,0.006833671770590166,0.03058060710611576,False
2764,2025-07-07 18:03:54,2025-07-07 18:33:54,30.0,3.95,4.45,47,21,True,eligible,0.003964217539827343,0.006834245661436319,0.030583638692720804,-0.043447903788444514,0.07484914964405948,-0.0028700281216089757,-0.09383248085316676,1.0,1.0,0.15180207134731308,0.006833671770590166,0.03058060710611576,False
2765,2025-07-07 18:04:54,2025-07-07 18:34:54,30.0,3.966666666666667,4.466666666666667,47,21,True,eligible,0.003964217539827343,0.006834245661436319,0.030583638692720804,-0.043447903788444514,0.07484914964405948,-0.0028700281216089757,-0.09383248085316676,1.0,1.0,0.15180207134731308,0.006833671770590166,0.03058060710611576,False
2766,2025-07-07 18:05:54,2025-07-07 18:35:54,30.0,3.9833333333333334,4.483333333333333,47,21,True,eligible,0.003964217539827343,0.006834245661436319,0.030583638692720804,-0.043447903788444514,0.07484914964405948,-0.0028700281216089757,-0.09383248085316676,1.0,1.0,0.15180207134731308,0.006833671770590166,0.03058060710611576,False
2767,2025-07-07 18:06:54,2025-07-07 18:36:54,30.0,4.0,4.5,47,21,True,eligible,0.003964217539827343,0.006834245661436319,0.030583638692720804,-0.043447903788444514,0.07484914964405948,-0.0028700281216089757,-0.09383248085316676,1.0,1.0,0.15180207134731308,0.006833671770590166,0.03058060710611576,False
2768,2025-07-07 18:07:54,2025-07-07 18:37:54,30.0,4.016666666666667,4.516666666666667,70,27,True,eligible,0.01376729083470003,0.0014915200679918282,0.029304352916042234,-0.047253079525583344,0.06617071004788856,0.0122757707667082,0.41885682524933177,1.0,1.0,0.14040079324984348,0.0014939747312125253,0.029301936517762604,False
2769,2025-07-07 18:08:54,2025-07-07 18:38:54,30.0,4.033333333333333,4.533333333333333,81,27,True,eligible,0.01833470361113201,-0.0002977110083407999,0.028730564966576364,-0.04852367305863954,0.06472178873452605,0.01863241461947281,0.6484302879172287,1.0,1.0,0.1358963341819212,-0.0002939852705644605,0.02872889997401602,False
2770,2025-07-07 18:09:54,2025-07-07 18:39:54,30.0,4.05,4.55,36,16,True,eligible,0.026689157119177315,-0.007287987323562662,0.02728095958859112,-0.051265818163229934,0.05495556675210154,0.03397714444273998,1.245135061565729,1.0,1.0,0.1220522396008757,-0.007281193253488128,0.027282462297663113,False
2771,2025-07-07 18:10:54,2025-07-07 18:40:54,30.0,4.066666666666666,4.566666666666666,48,19,True,eligible,0.04396365876193417,-0.00402681706190317,0.02823019921767047,-0.050219433323067865,0.06040190945488172,0.04799047582383734,1.6993084863213945,0.9982003599280144,0.9982003599280144,0.12983427245009155,-0.004017220885973588,0.02823553229689045,False
2772,2025-07-07 18:11:54,2025-07-07 18:41:54,30.0,4.083333333333333,4.583333333333333,47,18,True,eligible,0.04656889087182078,-0.0037840305556127597,0.028246264079840405,-0.05011498695991472,0.0598275993390097,0.050352921427433535,1.7818956799870753,0.996000799840032,0.996000799840032,0.1301575553802813,-0.0037739619850413876,0.028252413102672385,False
2773,2025-07-07 18:12:54,2025-07-07 18:42:54,30.0,4.1,4.6,47,18,True,eligible,0.04656889087182078,-0.0037840305556127597,0.028246264079840405,-0.05011498695991472,0.0598275993390097,0.050352921427433535,1.7818956799870753,0.996000799840032,0.996000799840032,0.1301575553802813,-0.0037739619850413876,0.028252413102672385,False
2774,2025-07-07 18:13:54,2025-07-07 18:43:54,30.0,4.116666666666666,4.616666666666666,47,18,True,eligible,0.04656889087182078,-0.0037840305556127597,0.028246264079840405,-0.05011498695991472,0.0598275993390097,0.050352921427433535,1.7818956799870753,0.996000799840032,0.996000799840032,0.1301575553802813,-0.0037739619850413876,0.028252413102672385,False
2775,2025-07-07 18:14:54,2025-07-07 18:44:54,30.0,4.133333333333334,4.633333333333334,50,18,True,eligible,0.04517645050945898,-0.00267153158272114,0.029240497110210095,-0.0499483308201182,0.06315539987158104,0.04784798209218012,1.6357585536391765,0.999000199960008,0.999000199960008,0.13597684484046038,-0.00266196389983928,0.02924540073647733,False
2776,2025-07-07 18:15:54,2025-07-07 18:45:54,30.0,4.15,4.65,50,18,True,eligible,0.04517645050945898,-0.00267153158272114,0.029240497110210095,-0.0499483308201182,0.06315539987158104,0.04784798209218012,1.6357585536391765,0.999000199960008,0.999000199960008,0.13597684484046038,-0.00266196389983928,0.02924540073647733,False
2777,2025-07-07 18:16:54,2025-07-07 18:46:54,30.0,4.166666666666667,4.666666666666667,50,18,True,eligible,0.04517645050945898,-0.00267153158272114,0.029240497110210095,-0.0499483308201182,0.06315539987158104,0.04784798209218012,1.6357585536391765,0.999000199960008,0.999000199960008,0.13597684484046038,-0.00266196389983928,0.02924540073647733,False
2778,2025-07-07 18:17:54,2025-07-07 18:47:54,30.0,4.183333333333334,4.683333333333334,49,17,True,eligible,0.038511652996029225,-0.0033053330976430596,0.02916013556090076,-0.050019225757777994,0.06285091563810408,0.041816986093672286,1.4336082102598449,0.9996000799840032,0.9996000799840032,0.13495223280457005,-0.0032969713727693003,0.029163214935285987,False
2779,2025-07-07 18:18:54,2025-07-07 18:48:54,30.0,4.2,4.7,49,17,True,eligible,0.038511652996029225,-0.0033053330976430596,0.02916013556090076,-0.050019225757777994,0.06285091563810408,0.041816986093672286,1.4336082102598449,0.9996000799840032,0.9996000799840032,0.13495223280457005,-0.0032969713727693003,0.029163214935285987,False
2780,2025-07-07 18:19:54,2025-07-07 18:49:54,30.0,4.216666666666667,4.716666666666667,49,17,True,eligible,0.038511652996029225,-0.0033053330976430596,0.02916013556090076,-0.050019225757777994,0.06285091563810408,0.041816986093672286,1.4336082102598449,0.9996000799840032,0.9996000799840032,0.13495223280457005,-0.0032969713727693003,0.029163214935285987,False
2781,2025-07-07 18:20:54,2025-07-07 18:50:54,30.0,4.233333333333333,4.733333333333333,49,17,True,eligible,0.038511652996029225,-0.0033053330976430596,0.02916013556090076,-0.050019225757777994,0.06285091563810408,0.041816986093672286,1.4336082102598449,0.9996000799840032,0.9996000799840032,0.13495223280457005,-0.0032969713727693003,0.029163214935285987,False
2782,2025-07-07 18:21:54,2025-07-07 18:51:54,30.0,4.25,4.75,49,17,True,eligible,0.038511652996029225,-0.0033053330976430596,0.02916013556090076,-0.050019225757777994,0.06285091563810408,0.041816986093672286,1.4336082102598449,0.9996000799840032,0.9996000799840032,0.13495223280457005,-0.0032969713727693003,0.029163214935285987,False
2783,2025-07-07 18:22:54,2025-07-07 18:52:54,30.0,4.266666666666667,4.766666666666667,49,17,True,eligible,0.038511652996029225,-0.0033053330976430596,0.02916013556090076,-0.050019225757777994,0.06285091563810408,0.041816986093672286,1.4336082102598449,0.9996000799840032,0.9996000799840032,0.13495223280457005,-0.0032969713727693003,0.029163214935285987,False
2784,2025-07-07 18:23:54,2025-07-07 18:53:54,30.0,4.283333333333333,4.783333333333333,49,17,True,eligible,0.038511652996029225,-0.0033053330976430596,0.02916013556090076,-0.050019225757777994,0.06285091563810408,0.041816986093672286,1.4336082102598449,0.9996000799840032,0.9996000799840032,0.13495223280457005,-0.0032969713727693003,0.029163214935285987,False
2785,2025-07-07 18:24:54,2025-07-07 18:54:54,30.0,4.3,4.8,49,17,True,eligible,0.038511652996029225,-0.0033053330976430596,0.02916013556090076,-0.050019225757777994,0.06285091563810408,0.041816986093672286,1.4336082102598449,0.9996000799840032,0.9996000799840032,0.13495223280457005,-0.0032969713727693003,0.029163214935285987,False
2786,2025-07-07 18:25:54,2025-07-07 18:55:54,30.0,4.316666666666666,4.816666666666666,49,17,True,eligible,0.038511652996029225,-0.0033053330976430596,0.02916013556090076,-0.050019225757777994,0.06285091563810408,0.041816986093672286,1.4336082102598449,0.9996000799840032,0.9996000799840032,0.13495223280457005,-0.0032969713727693003,0.029163214935285987,False
2787,2025-07-07 18:26:54,2025-07-07 18:56:54,30.0,4.333333333333333,4.833333333333333,49,17,True,eligible,0.038511652996029225,-0.0033053330976430596,0.02916013556090076,-0.050019225757777994,0.06285091563810408,0.041816986093672286,1.4336082102598449,0.9996000799840032,0.9996000799840032,0.13495223280457005,-0.0032969713727693003,0.029163214935285987,False
2788,2025-07-07 18:27:54,2025-07-07 18:57:54,30.0,4.35,4.85,49,17,True,eligible,0.038511652996029225,-0.0033053330976430596,0.02916013556090076,-0.050019225757777994,0.06285091563810408,0.041816986093672286,1.4336082102598449,0.9996000799840032,0.9996000799840032,0.13495223280457005,-0.0032969713727693003,0.029163214935285987,False
2789,2025-07-07 18:28:54,2025-07-07 18:58:54,30.0,4.366666666666666,4.866666666666666,49,17,True,eligible,0.038511652996029225,-0.0033053330976430596,0.02916013556090076,-0.050019225757777994,0.06285091563810408,0.041816986093672286,1.4336082102598449,0.9996000799840032,0.9996000799840032,0.13495223280457005,-0.0032969713727693003,0.029163214935285987,False
2790,2025-07-07 18:29:54,2025-07-07 18:59:54,30.0,4.383333333333334,4.883333333333334,49,17,True,eligible,0.038511652996029225,-0.0033053330976430596,0.02916013556090076,-0.050019225757777994,0.06285091563810408,0.041816986093672286,1.4336082102598449,0.9996000799840032,0.9996000799840032,0.13495223280457005,-0.0032969713727693003,0.029163214935285987,False
2791,2025-07-07 18:30:54,2025-07-07 19:00:54,30.0,4.4,4.9,49,17,True,eligible,0.038511652996029225,-0.0033053330976430596,0.02916013556090076,-0.050019225757777994,0.06285091563810408,0.041816986093672286,1.4336082102598449,0.9996000799840032,0.9996000799840032,0.13495223280457005,-0.0032969713727693003,0.029163214935285987,False
2792,2025-07-07 18:31:54,2025-07-07 19:01:54,30.0,4.416666666666667,4.916666666666667,49,17,True,eligible,0.038511652996029225,-0.0033053330976430596,0.02916013556090076,-0.050019225757777994,0.06285091563810408,0.041816986093672286,1.4336082102598449,0.9996000799840032,0.9996000799840032,0.13495223280457005,-0.0032969713727693003,0.029163214935285987,False
2793,2025-07-07 18:32:54,2025-07-07 19:02:54,30.0,4.433333333333334,4.933333333333334,49,17,True,eligible,0.038511652996029225,-0.0033053330976430596,0.02916013556090076,-0.050019225757777994,0.06285091563810408,0.041816986093672286,1.4336082102598449,0.9996000799840032,0.9996000799840032,0.13495223280457005,-0.0032969713727693003,0.029163214935285987,False
2794,2025-07-07 18:33:54,2025-07-07 19:03:54,30.0,4.45,4.95,49,17,True,eligible,0.038511652996029225,-0.0033053330976430596,0.02916013556090076,-0.050019225757777994,0.06285091563810408,0.041816986093672286,1.4336082102598449,0.9996000799840032,0.9996000799840032,0.13495223280457005,-0.0032969713727693003,0.029163214935285987,False
2795,2025-07-07 18:34:54,2025-07-07 19:04:54,30.0,4.466666666666667,4.966666666666667,49,17,True,eligible,0.038511652996029225,-0.0033053330976430596,0.02916013556090076,-0.050019225757777994,0.06285091563810408,0.041816986093672286,1.4336082102598449,0.9996000799840032,0.9996000799840032,0.13495223280457005,-0.0032969713727693003,0.029163214935285987,False
2796,2025-07-07 18:35:54,2025-07-07 19:05:54,30.0,4.483333333333333,4.983333333333333,49,17,True,eligible,0.038511652996029225,-0.0033053330976430596,0.02916013556090076,-0.050019225757777994,0.06285091563810408,0.041816986093672286,1.4336082102598449,0.9996000799840032,0.9996000799840032,0.13495223280457005,-0.0032969713727693003,0.029163214935285987,False
2797,2025-07-07 18:36:54,2025-07-07 19:06:54,30.0,4.5,5.0,49,17,True,eligible,0.038511652996029225,-0.0033053330976430596,0.02916013556090076,-0.050019225757777994,0.06285091563810408,0.041816986093672286,1.4336082102598449,0.9996000799840032,0.9996000799840032,0.13495223280457005,-0.0032969713727693003,0.029163214935285987,False
2798,2025-07-07 18:37:54,2025-07-07 19:07:54,30.0,4.516666666666667,5.016666666666667,26,11,True,eligible,0.05368076406596594,0.0002632430556603315,0.03218338317483714,-0.05278150791375709,0.07168218235587018,0.053417521010305606,1.659162818678187,0.9988002399520096,0.9988002399520096,0.15286710097797965,0.00027392442358880687,0.032189028732529705,False
2799,2025-07-07 18:38:54,2025-07-07 19:08:54,30.0,4.533333333333333,5.033333333333333,15,10,True,eligible,0.07928598283979446,0.014064417172176456,0.03524944527990811,-0.04583723805622548,0.08945060782740116,0.065221565667618,1.8494682675346312,0.9938012397520496,0.9938012397520496,0.1812191249343322,0.014077458876969018,0.035257984744852845,False
2800,2025-07-07 18:39:54,2025-07-07 19:09:54,30.0,4.55,5.05,15,10,True,eligible,0.07928598283979446,0.014064417172176456,0.03524944527990811,-0.04583723805622548,0.08945060782740116,0.065221565667618,1.8494682675346312,0.9938012397520496,0.9938012397520496,0.1812191249343322,0.014077458876969018,0.035257984744852845,False
2801,2025-07-07 18:40:54,2025-07-07 19:10:54,30.0,4.566666666666666,5.066666666666666,3,3,False,insufficient_merged_records_nodes_or_variation,,,,,,,,,,,,,False
2802,2025-07-07 18:41:54,2025-07-07 19:11:54,30.0,4.583333333333333,5.083333333333333,3,3,False,insufficient_merged_records_nodes_or_variation,,,,,,,,,,,,,False
2803,2025-07-07 18:42:54,2025-07-07 19:12:54,30.0,4.6,5.1,3,3,False,insufficient_merged_records_nodes_or_variation,,,,,,,,,,,,,False
2804,2025-07-07 18:43:54,2025-07-07 19:13:54,30.0,4.616666666666666,5.116666666666666,3,3,False,insufficient_merged_records_nodes_or_variation,,,,,,,,,,,,,False
2805,2025-07-07 18:44:54,2025-07-07 19:14:54,30.0,4.633333333333334,5.133333333333334,0,0,False,insufficient_merged_records_nodes_or_variation,,,,,,,,,,,,,False
2806,2025-07-07 18:45:54,2025-07-07 19:15:54,30.0,4.65,5.15,0,0,False,insufficient_merged_records_nodes_or_variation,,,,,,,,,,,,,False
2807,2025-07-07 18:46:54,2025-07-07 19:16:54,30.0,4.666666666666667,5.166666666666667,0,0,False,insufficient_merged_records_nodes_or_variation,,,,,,,,,,,,,False
2808,2025-07-07 18:47:54,2025-07-07 19:17:54,30.0,4.683333333333334,5.183333333333334,0,0,False,insufficient_merged_records_nodes_or_variation,,,,,,,,,,,,,False
2809,2025-07-07 18:48:54,2025-07-07 19:18:54,30.0,4.7,5.2,0,0,False,insufficient_merged_records_nodes_or_variation,,,,,,,,,,,,,False
2810,2025-07-07 18:49:54,2025-07-07 19:19:54,30.0,4.716666666666667,5.216666666666667,0,0,False,insufficient_merged_records_nodes_or_variation,,,,,,,,,,,,,False
2811,2025-07-07 18:50:54,2025-07-07 19:20:54,30.0,4.733333333333333,5.233333333333333,0,0,False,insufficient_merged_records_nodes_or_variation,,,,,,,,,,,,,False
2812,2025-07-07 18:51:54,2025-07-07 19:21:54,30.0,4.75,5.25,0,0,False,insufficient_merged_records_nodes_or_variation,,,,,,,,,,,,,False
2813,2025-07-07 18:52:54,2025-07-07 19:22:54,30.0,4.766666666666667,5.266666666666667,0,0,False,insufficient_merged_records_nodes_or_variation,,,,,,,,,,,,,False
2814,2025-07-07 18:53:54,2025-07-07 19:23:54,30.0,4.783333333333333,5.283333333333333,1,1,False,insufficient_merged_records_nodes_or_variation,,,,,,,,,,,,,False
2815,2025-07-07 18:54:54,2025-07-07 19:24:54,30.0,4.8,5.3,9,9,True,eligible,0.08295068819645494,0.04919931547467663,0.0387494608389201,-0.01683638602258152,0.13323957821492355,0.03375137272177831,0.870862148140335,1.0,1.0,0.23289475471033125,0.049206064399436034,0.03874852508985284,False
2816,2025-07-07 18:55:54,2025-07-07 19:25:54,30.0,4.816666666666666,5.316666666666666,9,9,True,eligible,0.08295068819645494,0.04919931547467663,0.0387494608389201,-0.01683638602258152,0.13323957821492355,0.03375137272177831,0.870862148140335,1.0,1.0,0.23289475471033125,0.049206064399436034,0.03874852508985284,False
2817,2025-07-07 18:56:54,2025-07-07 19:26:54,30.0,4.833333333333333,5.333333333333333,9,9,True,eligible,0.08295068819645494,0.04919931547467663,0.0387494608389201,-0.01683638602258152,0.13323957821492355,0.03375137272177831,0.870862148140335,1.0,1.0,0.23289475471033125,0.049206064399436034,0.03874852508985284,False
2818,2025-07-07 18:57:54,2025-07-07 19:27:54,30.0,4.85,5.35,9,9,True,eligible,0.08295068819645494,0.04919931547467663,0.0387494608389201,-0.01683638602258152,0.13323957821492355,0.03375137272177831,0.870862148140335,1.0,1.0,0.23289475471033125,0.049206064399436034,0.03874852508985284,False
2819,2025-07-07 18:58:54,2025-07-07 19:28:54,30.0,4.866666666666666,5.366666666666666,9,9,True,eligible,0.08295068819645494,0.04919931547467663,0.0387494608389201,-0.01683638602258152,0.13323957821492355,0.03375137272177831,0.870862148140335,1.0,1.0,0.23289475471033125,0.049206064399436034,0.03874852508985284,False
2820,2025-07-07 18:59:54,2025-07-07 19:29:54,30.0,4.883333333333334,5.383333333333334,9,9,True,eligible,0.08295068819645494,0.04919931547467663,0.0387494608389201,-0.01683638602258152,0.13323957821492355,0.03375137272177831,0.870862148140335,1.0,1.0,0.23289475471033125,0.049206064399436034,0.03874852508985284,False
2821,2025-07-07 19:00:54,2025-07-07 19:30:54,30.0,4.9,5.4,9,9,True,eligible,0.08295068819645494,0.04919931547467663,0.0387494608389201,-0.01683638602258152,0.13323957821492355,0.03375137272177831,0.870862148140335,1.0,1.0,0.23289475471033125,0.049206064399436034,0.03874852508985284,False
2822,2025-07-07 19:01:54,2025-07-07 19:31:54,30.0,4.916666666666667,5.416666666666667,9,9,True,eligible,0.08295068819645494,0.04919931547467663,0.0387494608389201,-0.01683638602258152,0.13323957821492355,0.03375137272177831,0.870862148140335,1.0,1.0,0.23289475471033125,0.049206064399436034,0.03874852508985284,False
2823,2025-07-07 19:02:54,2025-07-07 19:32:54,30.0,4.933333333333334,5.433333333333334,9,9,True,eligible,0.08295068819645494,0.04919931547467663,0.0387494608389201,-0.01683638602258152,0.13323957821492355,0.03375137272177831,0.870862148140335,1.0,1.0,0.23289475471033125,0.049206064399436034,0.03874852508985284,False
2824,2025-07-07 19:03:54,2025-07-07 19:33:54,30.0,4.95,5.45,9,9,True,eligible,0.08295068819645494,0.04919931547467663,0.0387494608389201,-0.01683638602258152,0.13323957821492355,0.03375137272177831,0.870862148140335,1.0,1.0,0.23289475471033125,0.049206064399436034,0.03874852508985284,False
2825,2025-07-07 19:04:54,2025-07-07 19:34:54,30.0,4.966666666666667,5.466666666666667,9,9,True,eligible,0.08295068819645494,0.04919931547467663,0.0387494608389201,-0.01683638602258152,0.13323957821492355,0.03375137272177831,0.870862148140335,1.0,1.0,0.23289475471033125,0.049206064399436034,0.03874852508985284,False
2826,2025-07-07 19:05:54,2025-07-07 19:35:54,30.0,4.983333333333333,5.483333333333333,9,9,True,eligible,0.08295068819645494,0.04919931547467663,0.0387494608389201,-0.01683638602258152,0.13323957821492355,0.03375137272177831,0.870862148140335,1.0,1.0,0.23289475471033125,0.049206064399436034,0.03874852508985284,False
2827,2025-07-07 19:06:54,2025-07-07 19:36:54,30.0,5.0,5.5,9,9,True,eligible,0.08295068819645494,0.04919931547467663,0.0387494608389201,-0.01683638602258152,0.13323957821492355,0.03375137272177831,0.870862148140335,1.0,1.0,0.23289475471033125,0.049206064399436034,0.03874852508985284,False
2828,2025-07-07 19:07:54,2025-07-07 19:37:54,30.0,5.016666666666667,5.516666666666667,9,9,True,eligible,0.08295068819645494,0.04919931547467663,0.0387494608389201,-0.01683638602258152,0.13323957821492355,0.03375137272177831,0.870862148140335,1.0,1.0,0.23289475471033125,0.049206064399436034,0.03874852508985284,False
2829,2025-07-07 19:08:54,2025-07-07 19:38:54,30.0,5.033333333333333,5.533333333333333,9,9,True,eligible,0.08295068819645494,0.04919931547467663,0.0387494608389201,-0.01683638602258152,0.13323957821492355,0.03375137272177831,0.870862148140335,1.0,1.0,0.23289475471033125,0.049206064399436034,0.03874852508985284,False
2830,2025-07-07 19:09:54,2025-07-07 19:39:54,30.0,5.05,5.55,9,9,True,eligible,0.08295068819645494,0.04919931547467663,0.0387494608389201,-0.01683638602258152,0.13323957821492355,0.03375137272177831,0.870862148140335,1.0,1.0,0.23289475471033125,0.049206064399436034,0.03874852508985284,False
2831,2025-07-07 19:10:54,2025-07-07 19:40:54,30.0,5.066666666666666,5.566666666666666,9,9,True,eligible,0.08295068819645494,0.04919931547467663,0.0387494608389201,-0.01683638602258152,0.13323957821492355,0.03375137272177831,0.870862148140335,1.0,1.0,0.23289475471033125,0.049206064399436034,0.03874852508985284,False
2832,2025-07-07 19:11:54,2025-07-07 19:41:54,30.0,5.083333333333333,5.583333333333333,10,10,True,eligible,0.09171542962734706,0.054558587414022836,0.03740110515331964,-0.009752592136330632,0.13256133867159103,0.03715684221332423,0.9932717570033147,1.0,1.0,0.23186698361467314,0.054566017296489015,0.03740105572208883,False
2833,2025-07-07 19:12:54,2025-07-07 19:42:54,30.0,5.1,5.6,15,10,True,eligible,0.09033904335891692,0.05130755858282862,0.03718413736622206,-0.01123407716159288,0.1325831342449028,0.039031484776088296,1.049460503605126,1.0,1.0,0.22758981195114797,0.05131536331883664,0.03718451519235399,False
2834,2025-07-07 19:13:54,2025-07-07 19:43:54,30.0,5.116666666666666,5.616666666666666,16,11,True,eligible,0.07872327004352458,0.04475342206522441,0.036051052682618705,-0.016652999432283468,0.12376206396265464,0.033969847978300174,0.9420927896340704,1.0,1.0,0.21565952675233488,0.04476021467629785,0.03605064781402131,False
2835,2025-07-07 19:14:54,2025-07-07 19:44:54,30.0,5.133333333333334,5.633333333333334,16,11,True,eligible,0.07872327004352458,0.04475342206522441,0.036051052682618705,-0.016652999432283468,0.12376206396265464,0.033969847978300174,0.9420927896340704,1.0,1.0,0.21565952675233488,0.04476021467629785,0.03605064781402131,False
2836,2025-07-07 19:15:54,2025-07-07 19:45:54,30.0,5.15,5.65,16,11,True,eligible,0.07872327004352458,0.04475342206522441,0.036051052682618705,-0.016652999432283468,0.12376206396265464,0.033969847978300174,0.9420927896340704,1.0,1.0,0.21565952675233488,0.04476021467629785,0.03605064781402131,False
2837,2025-07-07 19:16:54,2025-07-07 19:46:54,30.0,5.166666666666667,5.666666666666667,19,11,True,eligible,0.03182567957026254,0.017791776231529867,0.02361675954271285,-0.022953245862932903,0.06921550114401322,0.014033903338732674,0.5941545423081502,1.0,1.0,0.1297433844467596,0.01779458245095373,0.02361523159412585,False
2838,2025-07-07 19:17:54,2025-07-07 19:47:54,30.0,5.183333333333334,5.683333333333334,19,11,True,eligible,0.03182567957026254,0.017791776231529867,0.02361675954271285,-0.022953245862932903,0.06921550114401322,0.014033903338732674,0.5941545423081502,1.0,1.0,0.1297433844467596,0.01779458245095373,0.02361523159412585,False
2839,2025-07-07 19:18:54,2025-07-07 19:48:54,30.0,5.2,5.7,22,11,True,eligible,0.00697990827633024,0.003323965961877358,0.014050270948458924,-0.021348563362593272,0.03279027267530919,0.003655942314452882,0.26017662657567664,1.0,1.0,0.06992427040508463,0.003324697004131797,0.01404896097050157,False
2840,2025-07-07 19:19:54,2025-07-07 19:49:54,30.0,5.216666666666667,5.716666666666667,22,11,True,eligible,0.00697990827633024,0.003323965961877358,0.014050270948458924,-0.021348563362593272,0.03279027267530919,0.003655942314452882,0.26017662657567664,1.0,1.0,0.06992427040508463,0.003324697004131797,0.01404896097050157,False
2841,2025-07-07 19:20:54,2025-07-07 19:50:54,30.0,5.233333333333333,5.733333333333333,22,11,True,eligible,0.00697990827633024,0.003323965961877358,0.014050270948458924,-0.021348563362593272,0.03279027267530919,0.003655942314452882,0.26017662657567664,1.0,1.0,0.06992427040508463,0.003324697004131797,0.01404896097050157,False
2842,2025-07-07 19:21:54,2025-07-07 19:51:54,30.0,5.25,5.75,22,11,True,eligible,0.00697990827633024,0.003323965961877358,0.014050270948458924,-0.021348563362593272,0.03279027267530919,0.003655942314452882,0.26017662657567664,1.0,1.0,0.06992427040508463,0.003324697004131797,0.01404896097050157,False
2843,2025-07-07 19:22:54,2025-07-07 19:52:54,30.0,5.266666666666667,5.766666666666667,22,11,True,eligible,0.00697990827633024,0.003323965961877358,0.014050270948458924,-0.021348563362593272,0.03279027267530919,0.003655942314452882,0.26017662657567664,1.0,1.0,0.06992427040508463,0.003324697004131797,0.01404896097050157,False
2844,2025-07-07 19:23:54,2025-07-07 19:53:54,30.0,5.283333333333333,5.783333333333333,22,11,True,eligible,0.00697990827633024,0.003323965961877358,0.014050270948458924,-0.021348563362593272,0.03279027267530919,0.003655942314452882,0.26017662657567664,1.0,1.0,0.06992427040508463,0.003324697004131797,0.01404896097050157,False
2845,2025-07-07 19:24:54,2025-07-07 19:54:54,30.0,5.3,5.8,14,6,True,eligible,-0.011167786441363448,-0.007299391052288577,0.006022080885368481,-0.01620115497831603,0.006763588971530057,-0.0038683953890748714,-0.642277837166397,1.0,1.0,0.021246035925660225,-0.007300164576661517,0.006021727110754928,False
2846,2025-07-07 19:25:54,2025-07-07 19:55:54,30.0,5.316666666666666,5.816666666666666,14,6,True,eligible,-0.011167786441363448,-0.007299391052288577,0.006022080885368481,-0.01620115497831603,0.006763588971530057,-0.0038683953890748714,-0.642277837166397,1.0,1.0,0.021246035925660225,-0.007300164576661517,0.006021727110754928,False
2847,2025-07-07 19:26:54,2025-07-07 19:56:54,30.0,5.333333333333333,5.833333333333333,14,6,True,eligible,-0.011167786441363448,-0.007299391052288577,0.006022080885368481,-0.01620115497831603,0.006763588971530057,-0.0038683953890748714,-0.642277837166397,1.0,1.0,0.021246035925660225,-0.007300164576661517,0.006021727110754928,False
2848,2025-07-07 19:27:54,2025-07-07 19:57:54,30.0,5.35,5.85,14,6,True,eligible,-0.011167786441363448,-0.007299391052288577,0.006022080885368481,-0.01620115497831603,0.006763588971530057,-0.0038683953890748714,-0.642277837166397,1.0,1.0,0.021246035925660225,-0.007300164576661517,0.006021727110754928,False
2849,2025-07-07 19:28:54,2025-07-07 19:58:54,30.0,5.366666666666666,5.866666666666666,14,6,True,eligible,-0.011167786441363448,-0.007299391052288577,0.006022080885368481,-0.01620115497831603,0.006763588971530057,-0.0038683953890748714,-0.642277837166397,1.0,1.0,0.021246035925660225,-0.007300164576661517,0.006021727110754928,False
2850,2025-07-07 19:29:54,2025-07-07 19:59:54,30.0,5.383333333333334,5.883333333333334,14,6,True,eligible,-0.011167786441363448,-0.007299391052288577,0.006022080885368481,-0.01620115497831603,0.006763588971530057,-0.0038683953890748714,-0.642277837166397,1.0,1.0,0.021246035925660225,-0.007300164576661517,0.006021727110754928,False
2851,2025-07-07 19:30:54,2025-07-07 20:00:54,30.0,5.4,5.9,14,6,True,eligible,-0.011167786441363448,-0.007299391052288577,0.006022080885368481,-0.01620115497831603,0.006763588971530057,-0.0038683953890748714,-0.642277837166397,1.0,1.0,0.021246035925660225,-0.007300164576661517,0.006021727110754928,False
2852,2025-07-07 19:31:54,2025-07-07 20:01:54,30.0,5.416666666666667,5.916666666666667,14,6,True,eligible,-0.011167786441363448,-0.007299391052288577,0.006022080885368481,-0.01620115497831603,0.006763588971530057,-0.0038683953890748714,-0.642277837166397,1.0,1.0,0.021246035925660225,-0.007300164576661517,0.006021727110754928,False
2853,2025-07-07 19:32:54,2025-07-07 20:02:54,30.0,5.433333333333334,5.933333333333334,14,6,True,eligible,-0.011167786441363448,-0.007299391052288577,0.006022080885368481,-0.01620115497831603,0.006763588971530057,-0.0038683953890748714,-0.642277837166397,1.0,1.0,0.021246035925660225,-0.007300164576661517,0.006021727110754928,False
2854,2025-07-07 19:33:54,2025-07-07 20:03:54,30.0,5.45,5.95,14,6,True,eligible,-0.011167786441363448,-0.007299391052288577,0.006022080885368481,-0.01620115497831603,0.006763588971530057,-0.0038683953890748714,-0.642277837166397,1.0,1.0,0.021246035925660225,-0.007300164576661517,0.006021727110754928,False
2855,2025-07-07 19:34:54,2025-07-07 20:04:54,30.0,5.466666666666667,5.966666666666667,14,6,True,eligible,-0.011167786441363448,-0.007299391052288577,0.006022080885368481,-0.01620115497831603,0.006763588971530057,-0.0038683953890748714,-0.642277837166397,1.0,1.0,0.021246035925660225,-0.007300164576661517,0.006021727110754928,False
2856,2025-07-07 19:35:54,2025-07-07 20:05:54,30.0,5.483333333333333,5.983333333333333,14,6,True,eligible,-0.011167786441363448,-0.007299391052288577,0.006022080885368481,-0.01620115497831603,0.006763588971530057,-0.0038683953890748714,-0.642277837166397,1.0,1.0,0.021246035925660225,-0.007300164576661517,0.006021727110754928,False
2857,2025-07-07 19:36:54,2025-07-07 20:06:54,30.0,5.5,6.0,14,6,True,eligible,-0.011167786441363448,-0.007299391052288577,0.006022080885368481,-0.01620115497831603,0.006763588971530057,-0.0038683953890748714,-0.642277837166397,1.0,1.0,0.021246035925660225,-0.007300164576661517,0.006021727110754928,False
2858,2025-07-07 19:37:54,2025-07-07 20:07:54,30.0,5.516666666666667,6.016666666666667,14,6,True,eligible,-0.011167786441363448,-0.007299391052288577,0.006022080885368481,-0.01620115497831603,0.006763588971530057,-0.0038683953890748714,-0.642277837166397,1.0,1.0,0.021246035925660225,-0.007300164576661517,0.006021727110754928,False
2859,2025-07-07 19:38:54,2025-07-07 20:08:54,30.0,5.533333333333333,6.033333333333333,14,6,True,eligible,-0.011167786441363448,-0.007299391052288577,0.006022080885368481,-0.01620115497831603,0.006763588971530057,-0.0038683953890748714,-0.642277837166397,1.0,1.0,0.021246035925660225,-0.007300164576661517,0.006021727110754928,False
2860,2025-07-07 19:39:54,2025-07-07 20:09:54,30.0,5.55,6.05,14,6,True,eligible,-0.011167786441363448,-0.007299391052288577,0.006022080885368481,-0.01620115497831603,0.006763588971530057,-0.0038683953890748714,-0.642277837166397,1.0,1.0,0.021246035925660225,-0.007300164576661517,0.006021727110754928,False
2861,2025-07-07 19:40:54,2025-07-07 20:10:54,30.0,5.566666666666666,6.066666666666666,14,6,True,eligible,-0.011167786441363448,-0.007299391052288577,0.006022080885368481,-0.01620115497831603,0.006763588971530057,-0.0038683953890748714,-0.642277837166397,1.0,1.0,0.021246035925660225,-0.007300164576661517,0.006021727110754928,False
2862,2025-07-07 19:41:54,2025-07-07 20:11:54,30.0,5.583333333333333,6.083333333333333,13,6,True,eligible,-0.009156196164489743,-0.007616860744778062,0.004747493035886693,-0.014935155193691723,0.0034867509361323646,-0.0015393354197116814,-0.3242059223314245,1.0,1.0,0.014886468241242082,-0.007617168550300898,0.004747068169271597,False
2863,2025-07-07 19:42:54,2025-07-07 20:12:54,30.0,5.6,6.1,8,2,False,insufficient_merged_records_nodes_or_variation,,,,,,,,,,,,,False
2864,2025-07-07 19:43:54,2025-07-07 20:13:54,30.0,5.616666666666666,6.116666666666666,7,2,False,insufficient_merged_records_nodes_or_variation,,,,,,,,,,,,,False
2865,2025-07-07 19:44:54,2025-07-07 20:14:54,30.0,5.633333333333334,6.133333333333334,7,2,False,insufficient_merged_records_nodes_or_variation,,,,,,,,,,,,,False
2866,2025-07-07 19:45:54,2025-07-07 20:15:54,30.0,5.65,6.15,8,2,False,insufficient_merged_records_nodes_or_variation,,,,,,,,,,,,,False
2867,2025-07-07 19:46:54,2025-07-07 20:16:54,30.0,5.666666666666667,6.166666666666667,5,2,False,insufficient_merged_records_nodes_or_variation,,,,,,,,,,,,,False
2868,2025-07-07 19:47:54,2025-07-07 20:17:54,30.0,5.683333333333334,6.183333333333334,5,2,False,insufficient_merged_records_nodes_or_variation,,,,,,,,,,,,,False
2869,2025-07-07 19:48:54,2025-07-07 20:18:54,30.0,5.7,6.2,2,2,False,insufficient_merged_records_nodes_or_variation,,,,,,,,,,,,,False
2870,2025-07-07 19:49:54,2025-07-07 20:19:54,30.0,5.716666666666667,6.216666666666667,2,2,False,insufficient_merged_records_nodes_or_variation,,,,,,,,,,,,,False
2871,2025-07-07 19:50:54,2025-07-07 20:20:54,30.0,5.733333333333333,6.233333333333333,2,2,False,insufficient_merged_records_nodes_or_variation,,,,,,,,,,,,,False
2872,2025-07-07 19:51:54,2025-07-07 20:21:54,30.0,5.75,6.25,2,2,False,insufficient_merged_records_nodes_or_variation,,,,,,,,,,,,,False
2873,2025-07-07 19:52:54,2025-07-07 20:22:54,30.0,5.766666666666667,6.266666666666667,2,2,False,insufficient_merged_records_nodes_or_variation,,,,,,,,,,,,,False
2874,2025-07-07 19:53:54,2025-07-07 20:23:54,30.0,5.783333333333333,6.283333333333333,1,1,False,insufficient_merged_records_nodes_or_variation,,,,,,,,,,,,,False
2875,2025-07-07 19:54:54,2025-07-07 20:24:54,30.0,5.8,6.3,1,1,False,insufficient_merged_records_nodes_or_variation,,,,,,,,,,,,,False
2876,2025-07-07 19:55:54,2025-07-07 20:25:54,30.0,5.816666666666666,6.316666666666666,1,1,False,insufficient_merged_records_nodes_or_variation,,,,,,,,,,,,,False
2877,2025-07-07 19:56:54,2025-07-07 20:26:54,30.0,5.833333333333333,6.333333333333333,1,1,False,insufficient_merged_records_nodes_or_variation,,,,,,,,,,,,,False
2878,2025-07-07 19:57:54,2025-07-07 20:27:54,30.0,5.85,6.35,1,1,False,insufficient_merged_records_nodes_or_variation,,,,,,,,,,,,,False
2879,2025-07-07 19:58:54,2025-07-07 20:28:54,30.0,5.866666666666666,6.366666666666666,1,1,False,insufficient_merged_records_nodes_or_variation,,,,,,,,,,,,,False
2880,2025-07-07 19:59:54,2025-07-07 20:29:54,30.0,5.883333333333334,6.383333333333334,1,1,False,insufficient_merged_records_nodes_or_variation,,,,,,,,,,,,,False
2881,2025-07-07 20:00:54,2025-07-07 20:30:54,30.0,5.9,6.4,1,1,False,insufficient_merged_records_nodes_or_variation,,,,,,,,,,,,,False
2882,2025-07-07 20:01:54,2025-07-07 20:31:54,30.0,5.916666666666667,6.416666666666667,1,1,False,insufficient_merged_records_nodes_or_variation,,,,,,,,,,,,,False
2883,2025-07-07 20:02:54,2025-07-07 20:32:54,30.0,5.933333333333334,6.433333333333334,1,1,False,insufficient_merged_records_nodes_or_variation,,,,,,,,,,,,,False
2884,2025-07-07 20:03:54,2025-07-07 20:33:54,30.0,5.95,6.45,1,1,False,insufficient_merged_records_nodes_or_variation,,,,,,,,,,,,,False
2885,2025-07-07 20:04:54,2025-07-07 20:34:54,30.0,5.966666666666667,6.466666666666667,1,1,False,insufficient_merged_records_nodes_or_variation,,,,,,,,,,,,,False
2886,2025-07-07 20:05:54,2025-07-07 20:35:54,30.0,5.983333333333333,6.483333333333333,1,1,False,insufficient_merged_records_nodes_or_variation,,,,,,,,,,,,,False
2887,2025-07-07 20:06:54,2025-07-07 20:36:54,30.0,6.0,6.5,1,1,False,insufficient_merged_records_nodes_or_variation,,,,,,,,,,,,,False
2888,2025-07-07 20:07:54,2025-07-07 20:37:54,30.0,6.016666666666667,6.516666666666667,1,1,False,insufficient_merged_records_nodes_or_variation,,,,,,,,,,,,,False
2889,2025-07-07 20:08:54,2025-07-07 20:38:54,30.0,6.033333333333333,6.533333333333333,1,1,False,insufficient_merged_records_nodes_or_variation,,,,,,,,,,,,,False
2890,2025-07-07 20:09:54,2025-07-07 20:39:54,30.0,6.05,6.55,1,1,False,insufficient_merged_records_nodes_or_variation,,,,,,,,,,,,,False
2891,2025-07-07 20:10:54,2025-07-07 20:40:54,30.0,6.066666666666666,6.566666666666666,1,1,False,insufficient_merged_records_nodes_or_variation,,,,,,,,,,,,,False
2892,2025-07-07 20:11:54,2025-07-07 20:41:54,30.0,6.083333333333333,6.583333333333333,1,1,False,insufficient_merged_records_nodes_or_variation,,,,,,,,,,,,,False
2893,2025-07-07 20:12:54,2025-07-07 20:42:54,30.0,6.1,6.6,1,1,False,insufficient_merged_records_nodes_or_variation,,,,,,,,,,,,,False
2894,2025-07-07 20:13:54,2025-07-07 20:43:54,30.0,6.116666666666666,6.616666666666666,1,1,False,insufficient_merged_records_nodes_or_variation,,,,,,,,,,,,,False
2895,2025-07-07 20:14:54,2025-07-07 20:44:54,30.0,6.133333333333334,6.633333333333334,1,1,False,insufficient_merged_records_nodes_or_variation,,,,,,,,,,,,,False
2896,2025-07-07 20:15:54,2025-07-07 20:45:54,30.0,6.15,6.65,0,0,False,insufficient_merged_records_nodes_or_variation,,,,,,,,,,,,,False
2897,2025-07-07 20:16:54,2025-07-07 20:46:54,30.0,6.166666666666667,6.666666666666667,0,0,False,insufficient_merged_records_nodes_or_variation,,,,,,,,,,,,,False
2898,2025-07-07 20:17:54,2025-07-07 20:47:54,30.0,6.183333333333334,6.683333333333334,0,0,False,insufficient_merged_records_nodes_or_variation,,,,,,,,,,,,,False
2899,2025-07-07 20:18:54,2025-07-07 20:48:54,30.0,6.2,6.7,0,0,False,insufficient_merged_records_nodes_or_variation,,,,,,,,,,,,,False
2900,2025-07-07 20:19:54,2025-07-07 20:49:54,30.0,6.216666666666667,6.716666666666667,0,0,False,insufficient_merged_records_nodes_or_variation,,,,,,,,,,,,,False
2901,2025-07-07 20:20:54,2025-07-07 20:50:54,30.0,6.233333333333333,6.733333333333333,13,8,True,eligible,0.06584631532812918,0.03323067551968724,0.025239080030775213,-0.0075498191756191,0.09128874533981278,0.03261563980844194,1.2919224705966321,1.0,1.0,0.15289191915849676,0.0332371973432842,0.025240770036135004,False
2902,2025-07-07 20:21:54,2025-07-07 20:51:54,30.0,6.25,6.75,13,8,True,eligible,0.06584631532812918,0.03323067551968724,0.025239080030775213,-0.0075498191756191,0.09128874533981278,0.03261563980844194,1.2919224705966321,1.0,1.0,0.15289191915849676,0.0332371973432842,0.025240770036135004,False
2903,2025-07-07 20:22:54,2025-07-07 20:52:54,30.0,6.266666666666667,6.766666666666667,13,8,True,eligible,0.06584631532812918,0.03323067551968724,0.025239080030775213,-0.0075498191756191,0.09128874533981278,0.03261563980844194,1.2919224705966321,1.0,1.0,0.15289191915849676,0.0332371973432842,0.025240770036135004,False
2904,2025-07-07 20:23:54,2025-07-07 20:53:54,30.0,6.283333333333333,6.783333333333333,13,8,True,eligible,0.06584631532812918,0.03323067551968724,0.025239080030775213,-0.0075498191756191,0.09128874533981278,0.03261563980844194,1.2919224705966321,1.0,1.0,0.15289191915849676,0.0332371973432842,0.025240770036135004,False
2905,2025-07-07 20:24:54,2025-07-07 20:54:54,30.0,6.3,6.8,13,8,True,eligible,0.06584631532812918,0.03323067551968724,0.025239080030775213,-0.0075498191756191,0.09128874533981278,0.03261563980844194,1.2919224705966321,1.0,1.0,0.15289191915849676,0.0332371973432842,0.025240770036135004,False
2906,2025-07-07 20:25:54,2025-07-07 20:55:54,30.0,6.316666666666666,6.816666666666666,13,8,True,eligible,0.06584631532812918,0.03323067551968724,0.025239080030775213,-0.0075498191756191,0.09128874533981278,0.03261563980844194,1.2919224705966321,1.0,1.0,0.15289191915849676,0.0332371973432842,0.025240770036135004,False
2907,2025-07-07 20:26:54,2025-07-07 20:56:54,30.0,6.333333333333333,6.833333333333333,13,8,True,eligible,0.06584631532812918,0.03323067551968724,0.025239080030775213,-0.0075498191756191,0.09128874533981278,0.03261563980844194,1.2919224705966321,1.0,1.0,0.15289191915849676,0.0332371973432842,0.025240770036135004,False
2908,2025-07-07 20:27:54,2025-07-07 20:57:54,30.0,6.35,6.85,13,8,True,eligible,0.06584631532812918,0.03323067551968724,0.025239080030775213,-0.0075498191756191,0.09128874533981278,0.03261563980844194,1.2919224705966321,1.0,1.0,0.15289191915849676,0.0332371973432842,0.025240770036135004,False
2909,2025-07-07 20:28:54,2025-07-07 20:58:54,30.0,6.366666666666666,6.866666666666666,13,8,True,eligible,0.06584631532812918,0.03323067551968724,0.025239080030775213,-0.0075498191756191,0.09128874533981278,0.03261563980844194,1.2919224705966321,1.0,1.0,0.15289191915849676,0.0332371973432842,0.025240770036135004,False
2910,2025-07-07 20:29:54,2025-07-07 20:59:54,30.0,6.383333333333334,6.883333333333334,14,9,True,eligible,0.0794512171819467,0.038729070967249035,0.02567181671080967,-0.0024209882676652222,0.0965720181908509,0.04072214621469766,1.5857013236307373,0.9992001599680064,0.9992001599680064,0.16045377144039477,0.03873721376793184,0.025675707529078114,False
2911,2025-07-07 20:30:54,2025-07-07 21:00:54,30.0,6.4,6.9,15,9,True,eligible,0.0869327307904717,0.04124214514357765,0.026893578597522415,-0.0015632246658404078,0.10519099269189383,0.04569058564689405,1.6982803877618662,0.9982003599280144,0.9982003599280144,0.16876523804013316,0.04125128143344907,0.026898649767265706,False
2912,2025-07-07 20:31:54,2025-07-07 21:01:54,30.0,6.416666666666667,6.916666666666667,15,9,True,eligible,0.0869327307904717,0.04124214514357765,0.026893578597522415,-0.0015632246658404078,0.10519099269189383,0.04569058564689405,1.6982803877618662,0.9982003599280144,0.9982003599280144,0.16876523804013316,0.04125128143344907,0.026898649767265706,False
2913,2025-07-07 20:32:54,2025-07-07 21:02:54,30.0,6.433333333333334,6.933333333333334,15,9,True,eligible,0.0869327307904717,0.04124214514357765,0.026893578597522415,-0.0015632246658404078,0.10519099269189383,0.04569058564689405,1.6982803877618662,0.9982003599280144,0.9982003599280144,0.16876523804013316,0.04125128143344907,0.026898649767265706,False
2914,2025-07-07 20:33:54,2025-07-07 21:03:54,30.0,6.45,6.95,15,9,True,eligible,0.0869327307904717,0.04124214514357765,0.026893578597522415,-0.0015632246658404078,0.10519099269189383,0.04569058564689405,1.6982803877618662,0.9982003599280144,0.9982003599280144,0.16876523804013316,0.04125128143344907,0.026898649767265706,False
2915,2025-07-07 20:34:54,2025-07-07 21:04:54,30.0,6.466666666666667,6.966666666666667,15,9,True,eligible,0.0869327307904717,0.04124214514357765,0.026893578597522415,-0.0015632246658404078,0.10519099269189383,0.04569058564689405,1.6982803877618662,0.9982003599280144,0.9982003599280144,0.16876523804013316,0.04125128143344907,0.026898649767265706,False
2916,2025-07-07 20:35:54,2025-07-07 21:05:54,30.0,6.483333333333333,6.983333333333333,15,9,True,eligible,0.0869327307904717,0.04124214514357765,0.026893578597522415,-0.0015632246658404078,0.10519099269189383,0.04569058564689405,1.6982803877618662,0.9982003599280144,0.9982003599280144,0.16876523804013316,0.04125128143344907,0.026898649767265706,False
2917,2025-07-07 20:36:54,2025-07-07 21:06:54,30.0,6.5,7.0,17,11,True,eligible,0.07540702760645493,0.04281831085824685,0.027343314328805168,-0.0006679864163926893,0.1066478640860569,0.03258871674820808,1.1915465310019622,1.0,1.0,0.17245217768114607,0.042824827298308485,0.027344463233633293,False
2918,2025-07-07 20:37:54,2025-07-07 21:07:54,30.0,6.516666666666667,7.016666666666667,17,11,True,eligible,0.07540702760645493,0.04281831085824685,0.027343314328805168,-0.0006679864163926893,0.1066478640860569,0.03258871674820808,1.1915465310019622,1.0,1.0,0.17245217768114607,0.042824827298308485,0.027344463233633293,False
2919,2025-07-07 20:38:54,2025-07-07 21:08:54,30.0,6.533333333333333,7.033333333333333,17,11,True,eligible,0.07540702760645493,0.04281831085824685,0.027343314328805168,-0.0006679864163926893,0.1066478640860569,0.03258871674820808,1.1915465310019622,1.0,1.0,0.17245217768114607,0.042824827298308485,0.027344463233633293,False
2920,2025-07-07 20:39:54,2025-07-07 21:09:54,30.0,6.55,7.05,17,11,True,eligible,0.07540702760645493,0.04281831085824685,0.027343314328805168,-0.0006679864163926893,0.1066478640860569,0.03258871674820808,1.1915465310019622,1.0,1.0,0.17245217768114607,0.042824827298308485,0.027344463233633293,False
2921,2025-07-07 20:40:54,2025-07-07 21:10:54,30.0,6.566666666666666,7.066666666666666,17,11,True,eligible,0.07540702760645493,0.04281831085824685,0.027343314328805168,-0.0006679864163926893,0.1066478640860569,0.03258871674820808,1.1915465310019622,1.0,1.0,0.17245217768114607,0.042824827298308485,0.027344463233633293,False
2922,2025-07-07 20:41:54,2025-07-07 21:11:54,30.0,6.583333333333333,7.083333333333333,17,11,True,eligible,0.07540702760645493,0.04281831085824685,0.027343314328805168,-0.0006679864163926893,0.1066478640860569,0.03258871674820808,1.1915465310019622,1.0,1.0,0.17245217768114607,0.042824827298308485,0.027344463233633293,False
2923,2025-07-07 20:42:54,2025-07-07 21:12:54,30.0,6.6,7.1,17,11,True,eligible,0.07540702760645493,0.04281831085824685,0.027343314328805168,-0.0006679864163926893,0.1066478640860569,0.03258871674820808,1.1915465310019622,1.0,1.0,0.17245217768114607,0.042824827298308485,0.027344463233633293,False
2924,2025-07-07 20:43:54,2025-07-07 21:13:54,30.0,6.616666666666666,7.116666666666666,17,11,True,eligible,0.07540702760645493,0.04281831085824685,0.027343314328805168,-0.0006679864163926893,0.1066478640860569,0.03258871674820808,1.1915465310019622,1.0,1.0,0.17245217768114607,0.042824827298308485,0.027344463233633293,False
2925,2025-07-07 20:44:54,2025-07-07 21:14:54,30.0,6.633333333333334,7.133333333333334,17,11,True,eligible,0.07540702760645493,0.04281831085824685,0.027343314328805168,-0.0006679864163926893,0.1066478640860569,0.03258871674820808,1.1915465310019622,1.0,1.0,0.17245217768114607,0.042824827298308485,0.027344463233633293,False
2926,2025-07-07 20:45:54,2025-07-07 21:15:54,30.0,6.65,7.15,17,11,True,eligible,0.07540702760645493,0.04281831085824685,0.027343314328805168,-0.0006679864163926893,0.1066478640860569,0.03258871674820808,1.1915465310019622,1.0,1.0,0.17245217768114607,0.042824827298308485,0.027344463233633293,False
2927,2025-07-07 20:46:54,2025-07-07 21:16:54,30.0,6.666666666666667,7.166666666666667,17,11,True,eligible,0.07540702760645493,0.04281831085824685,0.027343314328805168,-0.0006679864163926893,0.1066478640860569,0.03258871674820808,1.1915465310019622,1.0,1.0,0.17245217768114607,0.042824827298308485,0.027344463233633293,False
2928,2025-07-07 20:47:54,2025-07-07 21:17:54,30.0,6.683333333333334,7.183333333333334,17,11,True,eligible,0.07540702760645493,0.04281831085824685,0.027343314328805168,-0.0006679864163926893,0.1066478640860569,0.03258871674820808,1.1915465310019622,1.0,1.0,0.17245217768114607,0.042824827298308485,0.027344463233633293,False
2929,2025-07-07 20:48:54,2025-07-07 21:18:54,30.0,6.7,7.2,17,11,True,eligible,0.07540702760645493,0.04281831085824685,0.027343314328805168,-0.0006679864163926893,0.1066478640860569,0.03258871674820808,1.1915465310019622,1.0,1.0,0.17245217768114607,0.042824827298308485,0.027344463233633293,False
2930,2025-07-07 20:49:54,2025-07-07 21:19:54,30.0,6.716666666666667,7.216666666666667,17,11,True,eligible,0.07540702760645493,0.04281831085824685,0.027343314328805168,-0.0006679864163926893,0.1066478640860569,0.03258871674820808,1.1915465310019622,1.0,1.0,0.17245217768114607,0.042824827298308485,0.027344463233633293,False
2931,2025-07-07 20:50:54,2025-07-07 21:20:54,30.0,6.733333333333333,7.233333333333333,4,3,False,insufficient_merged_records_nodes_or_variation,,,,,,,,,,,,,False
2932,2025-07-07 20:51:54,2025-07-07 21:21:54,30.0,6.75,7.25,4,3,False,insufficient_merged_records_nodes_or_variation,,,,,,,,,,,,,False
2933,2025-07-07 20:52:54,2025-07-07 21:22:54,30.0,6.766666666666667,7.266666666666667,4,3,False,insufficient_merged_records_nodes_or_variation,,,,,,,,,,,,,False
2934,2025-07-07 20:53:54,2025-07-07 21:23:54,30.0,6.783333333333333,7.283333333333333,5,4,True,eligible,-0.023073898557622395,-0.007128602666777105,0.01815304401381488,-0.02597106967696532,0.03853927391373327,-0.01594529589084529,-0.8782258174978315,1.0,1.0,0.07892135917834535,-0.007131791088270977,0.018152629029709415,False
2935,2025-07-07 20:54:54,2025-07-07 21:24:54,30.0,6.8,7.3,6,4,True,eligible,-0.020343501864337817,-0.0022140685071771406,0.023496229739708455,-0.025212032225034264,0.0548482448175266,-0.018129433357160676,-0.7714659806328332,1.0,1.0,0.10916246741995116,-0.002217693668816244,0.023495278664981415,False
2936,2025-07-07 20:55:54,2025-07-07 21:25:54,30.0,6.816666666666666,7.316666666666666,6,4,True,eligible,-0.020343501864337817,-0.0022140685071771406,0.023496229739708455,-0.025212032225034264,0.0548482448175266,-0.018129433357160676,-0.7714659806328332,1.0,1.0,0.10916246741995116,-0.002217693668816244,0.023495278664981415,False
2937,2025-07-07 20:56:54,2025-07-07 21:26:54,30.0,6.833333333333333,7.333333333333333,6,4,True,eligible,-0.020343501864337817,-0.0022140685071771406,0.023496229739708455,-0.025212032225034264,0.0548482448175266,-0.018129433357160676,-0.7714659806328332,1.0,1.0,0.10916246741995116,-0.002217693668816244,0.023495278664981415,False
2938,2025-07-07 20:57:54,2025-07-07 21:27:54,30.0,6.85,7.35,8,4,True,eligible,-0.021330230754314436,-0.003975063021136268,0.019592682287984588,-0.025402365716501833,0.03296490207485008,-0.01735516773317817,-0.885640419776822,1.0,1.0,0.08889923620711883,-0.003978533360615007,0.01959226002588273,False
2939,2025-07-07 20:58:54,2025-07-07 21:28:54,30.0,6.866666666666666,7.366666666666666,8,4,True,eligible,-0.021330230754314436,-0.003975063021136268,0.019592682287984588,-0.025402365716501833,0.03296490207485008,-0.01735516773317817,-0.885640419776822,1.0,1.0,0.08889923620711883,-0.003978533360615007,0.01959226002588273,False
2940,2025-07-07 20:59:54,2025-07-07 21:29:54,30.0,6.883333333333334,7.383333333333334,7,4,True,eligible,-0.01695709932015294,-0.0013536505951913574,0.0197618300390665,-0.021333124951160326,0.04138990909327765,-0.015603448724961581,-0.7894469449178189,1.0,1.0,0.09232132226030819,-0.001356770660923203,0.019761085605130468,False
2941,2025-07-07 21:00:54,2025-07-07 21:30:54,30.0,6.9,7.4,9,3,True,eligible,-0.010134972861328508,0.0011045679427446988,0.02051981597222208,-0.014169748787165544,0.045455273227981,-0.011239540804073207,-0.547669633036663,1.0,1.0,0.09837039043618383,0.0011023204840756179,0.020518379452767396,False
2942,2025-07-07 21:01:54,2025-07-07 21:31:54,30.0,6.916666666666667,7.416666666666667,9,3,True,eligible,-0.010134972861328508,0.0011045679427446988,0.02051981597222208,-0.014169748787165544,0.045455273227981,-0.011239540804073207,-0.547669633036663,1.0,1.0,0.09837039043618383,0.0011023204840756179,0.020518379452767396,False
2943,2025-07-07 21:02:54,2025-07-07 21:32:54,30.0,6.933333333333334,7.433333333333334,9,3,True,eligible,-0.010134972861328508,0.0011045679427446988,0.02051981597222208,-0.014169748787165544,0.045455273227981,-0.011239540804073207,-0.547669633036663,1.0,1.0,0.09837039043618383,0.0011023204840756179,0.020518379452767396,False
2944,2025-07-07 21:03:54,2025-07-07 21:33:54,30.0,6.95,7.45,12,4,True,eligible,0.006076100089302679,0.00503442889912253,0.02336838573771875,-0.017335271148155314,0.07116216358192105,0.0010416711901801486,0.04457162185882484,1.0,1.0,0.11580220167201752,0.005034637191702051,0.023366053425189118,False
2945,2025-07-07 21:04:54,2025-07-07 21:34:54,30.0,6.966666666666667,7.466666666666667,12,4,True,eligible,0.006076100089302679,0.00503442889912253,0.02336838573771875,-0.017335271148155314,0.07116216358192105,0.0010416711901801486,0.04457162185882484,1.0,1.0,0.11580220167201752,0.005034637191702051,0.023366053425189118,False
2946,2025-07-07 21:05:54,2025-07-07 21:35:54,30.0,6.983333333333333,7.483333333333333,12,4,True,eligible,0.006076100089302679,0.00503442889912253,0.02336838573771875,-0.017335271148155314,0.07116216358192105,0.0010416711901801486,0.04457162185882484,1.0,1.0,0.11580220167201752,0.005034637191702051,0.023366053425189118,False
2947,2025-07-07 21:06:54,2025-07-07 21:36:54,30.0,7.0,7.5,10,4,True,eligible,0.012736011566896402,0.005326212462653234,0.021534522307443443,-0.016124750786469803,0.06784820707455679,0.007409799104243168,0.34405084812432024,1.0,1.0,0.10740382306946807,0.0053276941261413855,0.021532623683805235,False
2948,2025-07-07 21:07:54,2025-07-07 21:37:54,30.0,7.016666666666667,7.516666666666667,10,4,True,eligible,0.012736011566896402,0.005326212462653234,0.021534522307443443,-0.016124750786469803,0.06784820707455679,0.007409799104243168,0.34405084812432024,1.0,1.0,0.10740382306946807,0.0053276941261413855,0.021532623683805235,False
2949,2025-07-07 21:08:54,2025-07-07 21:38:54,30.0,7.033333333333333,7.533333333333333,10,4,True,eligible,0.012736011566896402,0.005326212462653234,0.021534522307443443,-0.016124750786469803,0.06784820707455679,0.007409799104243168,0.34405084812432024,1.0,1.0,0.10740382306946807,0.0053276941261413855,0.021532623683805235,False
2950,2025-07-07 21:09:54,2025-07-07 21:39:54,30.0,7.05,7.55,10,4,True,eligible,0.012736011566896402,0.005326212462653234,0.021534522307443443,-0.016124750786469803,0.06784820707455679,0.007409799104243168,0.34405084812432024,1.0,1.0,0.10740382306946807,0.0053276941261413855,0.021532623683805235,False
2951,2025-07-07 21:10:54,2025-07-07 21:40:54,30.0,7.066666666666666,7.566666666666666,22,10,True,eligible,0.016016425020239245,-0.006882643839475431,0.015326295780647353,-0.031131910271474175,0.02454895909733427,0.022899068859714676,1.4936205357255081,0.9996000799840032,0.9996000799840032,0.06578570699946586,-0.006878064941483086,0.015328183708053805,False
2952,2025-07-07 21:11:54,2025-07-07 21:41:54,30.0,7.083333333333333,7.583333333333333,62,10,True,eligible,0.025492826857343966,-0.00851564312417124,0.015017595575689428,-0.03330768480047919,0.026737813592409305,0.03400846998151521,2.2631881873174047,0.9308138372325535,0.9308138372325535,0.06271195222015881,-0.008508842790241724,0.015023792470341782,False
2953,2025-07-07 21:12:54,2025-07-07 21:42:54,30.0,7.1,7.6,102,10,True,eligible,0.020602443532072606,-0.007851084708460259,0.013465120006847721,-0.0292843170567216,0.02470781720957478,0.028453528240532863,2.111974364409118,0.9708058388322336,0.9708058388322336,0.056008570676997924,-0.0078453951407257,0.013469784080810733,False
2954,2025-07-07 21:13:54,2025-07-07 21:43:54,30.0,7.116666666666666,7.616666666666666,144,10,True,eligible,0.017754010555057674,-0.007693877909323345,0.012936319459873353,-0.027769294163273818,0.02356975758480963,0.025447888464381018,1.9662086781323207,0.9868026394721056,0.9868026394721056,0.053653860880165015,-0.007688789349342466,0.012940030316908156,False
2955,2025-07-07 21:14:54,2025-07-07 21:44:54,30.0,7.133333333333334,7.633333333333334,176,10,True,eligible,0.015193092087101026,-0.00763398037809125,0.012431994096032956,-0.026930359291330055,0.02227935639399912,0.022827072465192277,1.8353531193878796,0.9948010397920416,0.9948010397920416,0.051318841949796884,-0.007629415876498531,0.01243494111433512,False
2956,2025-07-07 21:15:54,2025-07-07 21:45:54,30.0,7.15,7.65,192,10,True,eligible,0.012811994195764885,-0.007728492891748594,0.011800462404313795,-0.0259980934572892,0.02058941255480974,0.02054048708751348,1.7399499282635587,0.9968006398720256,0.9968006398720256,0.04822745511177674,-0.0077243856157862825,0.011802856782232887,False
2957,2025-07-07 21:16:54,2025-07-07 21:46:54,30.0,7.166666666666667,7.666666666666667,208,10,True,eligible,0.01151315742777801,-0.007704300768461664,0.011523636572416708,-0.025370617372908553,0.020024545522425954,0.019217458196239674,1.6670254432510354,0.9988002399520096,0.9988002399520096,0.04693745564769217,-0.007700458045367033,0.011525688195661023,False
2958,2025-07-07 21:17:54,2025-07-07 21:47:54,30.0,7.183333333333334,7.683333333333334,229,10,True,eligible,0.008907436379485335,-0.007817649565795202,0.01023883508251285,-0.02316762682620383,0.01581367359616416,0.016725085945280535,1.6328960622799031,0.999000199960008,0.999000199960008,0.040731332165093836,-0.007814305217475809,0.010240542544767792,False
2959,2025-07-07 21:18:54,2025-07-07 21:48:54,30.0,7.2,7.7,255,10,True,eligible,0.007948801610921498,-0.007815544242455893,0.009585876329569703,-0.022148846886387664,0.01470171190675468,0.01576434585337739,1.6439298926313302,0.9988002399520096,0.9988002399520096,0.037637520638542185,-0.0078123920037329615,0.009587509592289581,False
2960,2025-07-07 21:19:54,2025-07-07 21:49:54,30.0,7.216666666666667,7.716666666666667,283,11,True,eligible,0.007654866647551613,-0.007710337211341304,0.0091154420806907,-0.021644390089579787,0.014417778344754715,0.015365203858892916,1.6849763598553245,0.9986002799440112,0.9986002799440112,0.03551274945931013,-0.007707264785054783,0.009117119859132872,False
2961,2025-07-07 21:20:54,2025-07-07 21:50:54,30.0,7.233333333333333,7.733333333333333,318,11,True,eligible,0.007305594960457326,-0.0077951911017795795,0.00896814440565771,-0.021474286377027203,0.013707746960508091,0.015100786062236905,1.6831795521227468,0.9986002799440112,0.9986002799440112,0.0347294188222531,-0.007792171548477792,0.008969789640026536,False
2962,2025-07-07 21:21:54,2025-07-07 21:51:54,30.0,7.25,7.75,340,11,True,eligible,0.006076851599511612,-0.007804117928296182,0.008301563652259984,-0.020328978731332707,0.011794304306657451,0.013880969527807794,1.6714565530662504,0.9988002399520096,0.9988002399520096,0.031559564920411266,-0.0078013422895183765,0.008303053922383292,False
2963,2025-07-07 21:22:54,2025-07-07 21:52:54,30.0,7.266666666666667,7.766666666666667,353,11,True,eligible,0.006114839980093994,-0.007808934408859665,0.008302146402309665,-0.02033988308644817,0.011930843102118813,0.013923774388953659,1.6764903241913993,0.9986002799440112,0.9986002799440112,0.03155758643063826,-0.007806150210821482,0.008303650781658888,False
2964,2025-07-07 21:23:54,2025-07-07 21:53:54,30.0,7.283333333333333,7.783333333333333,367,11,True,eligible,0.005569985910234718,-0.007676005356079012,0.007897701527914101,-0.01965548718166776,0.011297213059837309,0.01324599126631373,1.6765565208347786,0.9986002799440112,0.9986002799440112,0.029772748796296246,-0.007673356687559454,0.007899132795833298,False
2965,2025-07-07 21:24:54,2025-07-07 21:54:54,30.0,7.3,7.8,394,11,True,eligible,0.004756289749130606,-0.007595402683759661,0.007738664863971757,-0.019322760205168456,0.010628298353304788,0.012351692432890266,1.5955352489371573,0.9992001599680064,0.9992001599680064,0.029098143902173197,-0.007592932839241987,0.0077398619658192135,False
2966,2025-07-07 21:25:54,2025-07-07 21:55:54,30.0,7.316666666666666,7.816666666666666,413,11,True,eligible,0.005148786584998835,-0.007646301334004407,0.007978630226155034,-0.019624549074866993,0.011090214665897028,0.012795087919003242,1.6030972118906275,0.9992001599680064,0.9992001599680064,0.03018516534386865,-0.007643742828121783,0.007979883763900774,False
2967,2025-07-07 21:26:54,2025-07-07 21:56:54,30.0,7.333333333333333,7.833333333333333,471,13,True,eligible,0.006188542387281161,-0.007629958466354994,0.008562041574277994,-0.0206502237974286,0.012575311330238977,0.013818500853636156,1.613344404955335,0.999000199960008,0.999000199960008,0.03296796244628533,-0.0076271953188137755,0.008563415017686458,False
2968,2025-07-07 21:27:54,2025-07-07 21:57:54,30.0,7.35,7.85,484,13,True,eligible,0.006216583938663721,-0.007657724532667513,0.008576525581366758,-0.02062836576343182,0.012643653182010633,0.013874308471331233,1.6171224940761126,0.999000199960008,0.999000199960008,0.033008930143623993,-0.0076549502258346155,0.008577911825055257,False
2969,2025-07-07 21:28:54,2025-07-07 21:58:54,30.0,7.366666666666666,7.866666666666666,521,13,True,eligible,0.006602347703976,-0.007578768558118751,0.008730763879546825,-0.02073112219054034,0.012973270357496024,0.014181116262094751,1.6236791373013129,0.999000199960008,0.999000199960008,0.033819325527584466,-0.007575932901997556,0.008732193621418955,False
2970,2025-07-07 21:29:54,2025-07-07 21:59:54,30.0,7.383333333333334,7.883333333333334,531,13,True,eligible,0.006913303559662757,-0.007535100549088186,0.008938011261976265,-0.02105542317868918,0.013342100325180597,0.014448404108750944,1.6159283847038697,0.999000199960008,0.999000199960008,0.03484556459300549,-0.007532211446087036,0.008939452479756419,False
2971,2025-07-07 21:30:54,2025-07-07 22:00:54,30.0,7.4,7.9,589,12,True,eligible,0.01045214241448201,-0.00718664360557069,0.010517455802554906,-0.023191228353204734,0.018186553214532854,0.0176387860200527,1.6764571680484,0.9986002799440112,0.9986002799440112,0.04268427143021865,-0.007183116553777039,0.010519361487051074,False
2972,2025-07-07 21:31:54,2025-07-07 22:01:54,30.0,7.416666666666667,7.916666666666667,607,13,True,eligible,0.011637318213596941,-0.007148707351638977,0.010926058513934396,-0.023820752843856,0.01918411995513503,0.01878602556523592,1.7186981904659795,0.998000399920016,0.998000399920016,0.04466052653143666,-0.007144950897816695,0.010928195081372211,False
2973,2025-07-07 21:32:54,2025-07-07 22:02:54,30.0,7.433333333333334,7.933333333333334,634,13,True,eligible,0.010927054884670377,-0.007207590287133417,0.010719911396708543,-0.023561127294188442,0.01820993947424701,0.018134645171803795,1.6910256704341313,0.9984003199360127,0.9984003199360127,0.04362359491999738,-0.007203964083339816,0.010721906405687784,False
2974,2025-07-07 21:33:54,2025-07-07 22:03:54,30.0,7.45,7.95,632,13,True,eligible,0.010932797073143376,-0.00712018653542014,0.010660748354747984,-0.02328804040987328,0.018194284967354837,0.018052983608563517,1.692752156116726,0.9984003199360127,0.9984003199360127,0.04343049530381623,-0.007116576660673377,0.010662738587332883,False
2975,2025-07-07 21:34:54,2025-07-07 22:04:54,30.0,7.466666666666667,7.966666666666667,632,13,True,eligible,0.010932797073143376,-0.00712018653542014,0.010660748354747984,-0.02328804040987328,0.018194284967354837,0.018052983608563517,1.692752156116726,0.9984003199360127,0.9984003199360127,0.04343049530381623,-0.007116576660673377,0.010662738587332883,False
2976,2025-07-07 21:35:54,2025-07-07 22:05:54,30.0,7.483333333333333,7.983333333333333,632,13,True,eligible,0.010932797073143376,-0.00712018653542014,0.010660748354747984,-0.02328804040987328,0.018194284967354837,0.018052983608563517,1.692752156116726,0.9984003199360127,0.9984003199360127,0.04343049530381623,-0.007116576660673377,0.010662738587332883,False
2977,2025-07-07 21:36:54,2025-07-07 22:06:54,30.0,7.5,8.0,632,13,True,eligible,0.010932797073143376,-0.00712018653542014,0.010660748354747984,-0.02328804040987328,0.018194284967354837,0.018052983608563517,1.692752156116726,0.9984003199360127,0.9984003199360127,0.04343049530381623,-0.007116576660673377,0.010662738587332883,False
2978,2025-07-07 21:37:54,2025-07-07 22:07:54,30.0,7.516666666666667,8.016666666666667,632,13,True,eligible,0.010932797073143376,-0.00712018653542014,0.010660748354747984,-0.02328804040987328,0.018194284967354837,0.018052983608563517,1.692752156116726,0.9984003199360127,0.9984003199360127,0.04343049530381623,-0.007116576660673377,0.010662738587332883,False
2979,2025-07-07 21:38:54,2025-07-07 22:08:54,30.0,7.533333333333333,8.033333333333333,632,13,True,eligible,0.010932797073143376,-0.00712018653542014,0.010660748354747984,-0.02328804040987328,0.018194284967354837,0.018052983608563517,1.692752156116726,0.9984003199360127,0.9984003199360127,0.04343049530381623,-0.007116576660673377,0.010662738587332883,False
2980,2025-07-07 21:39:54,2025-07-07 22:09:54,30.0,7.55,8.05,632,13,True,eligible,0.010932797073143376,-0.00712018653542014,0.010660748354747984,-0.02328804040987328,0.018194284967354837,0.018052983608563517,1.692752156116726,0.9984003199360127,0.9984003199360127,0.04343049530381623,-0.007116576660673377,0.010662738587332883,False
2981,2025-07-07 21:40:54,2025-07-07 22:10:54,30.0,7.566666666666666,8.066666666666666,621,13,True,eligible,0.010838410639099794,-0.007145246129734801,0.010720594663261683,-0.023348048856413263,0.018448969273134365,0.017983656768834594,1.6768473862337032,0.9986002799440112,0.9986002799440112,0.04368890563051658,-0.007141650117583464,0.010722538559139553,False
2982,2025-07-07 21:41:54,2025-07-07 22:11:54,30.0,7.583333333333333,8.083333333333334,581,13,True,eligible,0.009723875496266564,-0.007213519685023314,0.010425129068651312,-0.022843196570173318,0.01778622374283448,0.01693739518128988,1.6240790328772443,0.999000199960008,0.999000199960008,0.04221864265124557,-0.007210132883347392,0.010426837633396076,False
2983,2025-07-07 21:42:54,2025-07-07 22:12:54,30.0,7.6,8.1,541,13,True,eligible,0.009488399047429347,-0.007208697919210825,0.01031855671792709,-0.02271097593094743,0.01745011362383529,0.016697096966640172,1.6175767989593024,0.999000199960008,0.999000199960008,0.041718020549304666,-0.007205359167567826,0.010320226047837363,False
2984,2025-07-07 21:43:54,2025-07-07 22:13:54,30.0,7.616666666666666,8.116666666666667,499,13,True,eligible,0.009320404500028304,-0.0071928588473749114,0.010179148840718032,-0.022618919939389557,0.01692856060899939,0.016513263347403218,1.6216747731639278,0.999000199960008,0.999000199960008,0.04107291231415696,-0.007189556855103886,0.010180809141478378,False
2985,2025-07-07 21:44:54,2025-07-07 22:14:54,30.0,7.633333333333334,8.133333333333333,468,14,True,eligible,0.009490757474928956,-0.007126291272004923,0.010173101043680903,-0.02258032068944471,0.017156477451014764,0.016617048746933878,1.6328311479904245,0.999000199960008,0.999000199960008,0.04111100143811055,-0.007122968526804578,0.010174797328052295,False
2986,2025-07-07 21:45:54,2025-07-07 22:15:54,30.0,7.65,8.15,452,14,True,eligible,0.010191406601542165,-0.00708374738311445,0.010325102991601127,-0.02284268129782961,0.017670361264712248,0.017275153984656615,1.672486337815256,0.9988002399520096,0.9988002399520096,0.041875009579647716,-0.007080293043185505,0.010326960079858968,False
2987,2025-07-07 21:46:54,2025-07-07 22:16:54,30.0,7.666666666666667,8.166666666666666,437,14,True,eligible,0.010676180168200227,-0.007016719692601055,0.010420004275025008,-0.022959739189539124,0.01784368255422896,0.017692899860801282,1.697315314648517,0.9984003199360127,0.9984003199360127,0.04239249814154473,-0.007013181820203373,0.010421965698263168,False
2988,2025-07-07 21:47:54,2025-07-07 22:17:54,30.0,7.683333333333334,8.183333333333334,417,15,True,eligible,0.01267730020276891,-0.006893224721104438,0.011106160932619007,-0.024073893750129194,0.020068038476284702,0.019570524923873348,1.7614092976935445,0.9964007198560288,0.9964007198560288,0.04577089793952631,-0.006889311398784128,0.011108497966471674,False
2989,2025-07-07 21:48:54,2025-07-07 22:18:54,30.0,7.7,8.2,391,15,True,eligible,0.013885021027237144,-0.006763157406188573,0.01171050531455669,-0.024966536611033395,0.022018321046181465,0.020648178433425715,1.7624942753562294,0.9964007198560288,0.9964007198560288,0.04876671977303664,-0.006759028596263876,0.011712974000626762,False
2990,2025-07-07 21:49:54,2025-07-07 22:19:54,30.0,7.716666666666667,8.216666666666667,365,15,True,eligible,0.015230798576927981,-0.006545693495038265,0.012360592339698802,-0.025796852579090503,0.023293250020754552,0.021776492071966247,1.7610450505997777,0.9964007198560288,0.9964007198560288,0.05206678848617807,-0.006541339067509377,0.012363191751978288,False
2991,2025-07-07 21:50:54,2025-07-07 22:20:54,30.0,7.733333333333333,8.233333333333333,330,15,True,eligible,0.01662723224592187,-0.006238314678079032,0.012986138611206139,-0.026288142124906457,0.025588499728722115,0.0228655469240009,1.7600440639919788,0.9964007198560288,0.9964007198560288,0.05534041017610716,-0.006233742483133222,0.012988864993075127,False
2992,2025-07-07 21:51:54,2025-07-07 22:21:54,30.0,7.75,8.25,308,15,True,eligible,0.019970796404207108,-0.005625390944013275,0.014611145731562579,-0.028107977630278162,0.0294652861380684,0.025596187348220382,1.7511137246288164,0.9964007198560288,0.9964007198560288,0.0636586808871913,-0.005620272730186396,0.014614167414979312,False
2993,2025-07-07 21:52:54,2025-07-07 22:22:54,30.0,7.766666666666667,8.266666666666667,295,15,True,eligible,0.02070195130852048,-0.00543279506655974,0.015020339599563273,-0.028510923078059674,0.030535413504684628,0.02613474637508022,1.7392566831015446,0.9968006398720256,0.9968006398720256,0.06579128797101805,-0.005427569162465544,0.01502338368157961,False
2994,2025-07-07 21:53:54,2025-07-07 22:23:54,30.0,7.783333333333333,8.283333333333333,282,15,True,eligible,0.02419713528386072,-0.004863956145361219,0.016546626685686436,-0.030137864684950572,0.03549159220640605,0.02906109142922194,1.7555981421908575,0.9964007198560288,0.9964007198560288,0.07359804225471837,-0.004858145089286591,0.016550074686732384,False
2995,2025-07-07 21:54:54,2025-07-07 22:24:54,30.0,7.8,8.3,254,15,True,eligible,0.03111918914590798,-0.0037942005706966624,0.018342496142599102,-0.03199282674783404,0.04168565098280305,0.03491338971660464,1.9025359675428144,0.9908018396320736,0.9908018396320736,0.08318880088786013,-0.0037872192890096804,0.018347305402063117,False
2996,2025-07-07 21:55:54,2025-07-07 22:25:54,30.0,7.816666666666666,8.316666666666666,235,15,True,eligible,0.032450247544643235,-0.0034668811634220773,0.01875794706176291,-0.0324010754362432,0.04269782656662915,0.035917128708065314,1.9138756629341762,0.9908018396320736,0.9908018396320736,0.08548668176607492,-0.003459699174078334,0.018762946524785093,False
2997,2025-07-07 21:56:54,2025-07-07 22:26:54,30.0,7.833333333333333,8.333333333333334,178,12,True,eligible,0.03713974264633114,-0.001964385428696954,0.020006003775531248,-0.03313192973800376,0.04777475522371771,0.03910412807502809,1.9536779877148183,0.9868026394721056,0.9868026394721056,0.09290930832678015,-0.0019565661669343004,0.020011644221367145,False
2998,2025-07-07 21:57:54,2025-07-07 22:27:54,30.0,7.85,8.35,163,12,True,eligible,0.04045521233528737,-0.0011728871961757957,0.021175553711376326,-0.03436808005031849,0.0509404119777512,0.04162809953146317,1.9649007582509976,0.9868026394721056,0.9868026394721056,0.09924760733339945,-0.0011645632410605268,0.021181617138462807,False
2999,2025-07-07 21:58:54,2025-07-07 22:28:54,30.0,7.866666666666666,8.366666666666667,126,12,True,eligible,0.05128699470627986,0.0008037541653183556,0.025017383940660862,-0.038574383940801545,0.06198133646720547,0.05048324054096151,2.0169035975717677,0.9816036792641472,0.9816036792641472,0.11944601897730989,0.0008138487945007106,0.025025066132335638,False
3000,2025-07-07 21:59:54,2025-07-07 22:29:54,30.0,7.883333333333334,8.383333333333333,117,12,True,eligible,0.05228386837541083,0.000551009202579565,0.02472027484711622,-0.03839914804855965,0.06038409512042418,0.05173285917283127,2.0916049134000994,0.9718056388722256,0.9718056388722256,0.11778823723500442,0.0005613537055135445,0.024728625534646265,False
3001,2025-07-07 22:00:54,2025-07-07 22:30:54,30.0,7.9,8.4,56,10,True,eligible,0.021059623349222397,-0.004669274048605215,0.016537293510799186,-0.029948425412206013,0.03172960459482681,0.02572889739782761,1.5552787083375224,0.9992001599680064,0.9992001599680064,0.07374260032690788,-0.0046641292980757545,0.01653964174356565,False
3002,2025-07-07 22:01:54,2025-07-07 22:31:54,30.0,7.916666666666667,8.416666666666666,39,10,True,eligible,0.0021980016171460003,-0.0004334691589740898,0.014984411517023096,-0.020658200430994516,0.030393054320744226,0.00263147077612009,0.1755957918983296,1.0,1.0,0.07059428058528953,-0.00043294297005664907,0.014982959208532588,False
3003,2025-07-07 22:02:54,2025-07-07 22:32:54,30.0,7.933333333333334,8.433333333333334,14,7,True,eligible,0.008422490325518006,0.004132301388572893,0.013026681852642061,-0.01617345777373087,0.03346232642840895,0.004290188936945113,0.3293020885178257,1.0,1.0,0.06588107809237716,0.0041331592547870395,0.013025520396900785,False
3004,2025-07-07 22:03:54,2025-07-07 22:33:54,30.0,7.95,8.45,13,6,True,eligible,0.010600229878798651,-0.0011420160915159168,0.012241616132604348,-0.019958735453537123,0.027338057962128157,0.011742245970314568,0.9590230495560003,1.0,1.0,0.05689166124802435,-0.0011396681119177736,0.01224151807003143,False
3005,2025-07-07 22:04:54,2025-07-07 22:34:54,30.0,7.966666666666667,8.466666666666667,17,7,True,eligible,0.026784588281443075,0.0006964088891502541,0.010592557600516889,-0.01857876652711768,0.022971813474228806,0.026088179392292823,2.461139598825039,0.8574285142971406,0.8574285142971406,0.05094142702737125,0.0007016254817102006,0.010597920903058493,False
3006,2025-07-07 22:05:54,2025-07-07 22:35:54,30.0,7.983333333333333,8.483333333333333,17,7,True,eligible,0.026784588281443075,0.0006964088891502541,0.010592557600516889,-0.01857876652711768,0.022971813474228806,0.026088179392292823,2.461139598825039,0.8574285142971406,0.8574285142971406,0.05094142702737125,0.0007016254817102006,0.010597920903058493,False
3007,2025-07-07 22:06:54,2025-07-07 22:36:54,30.0,8.0,8.5,18,8,True,eligible,0.038001719700980166,0.0068926496552949015,0.011119114672868538,-0.012379705080461753,0.03016637035994386,0.031109070045685264,2.795334063027454,0.6860627874425115,0.6860627874425115,0.05964537701927501,0.006898870225190057,0.011126702130944783,False
3008,2025-07-07 22:07:54,2025-07-07 22:37:54,30.0,8.016666666666667,8.516666666666667,19,8,True,eligible,0.038614763499145506,0.0068128116270875635,0.01062350251902402,-0.011680231645596876,0.029406642617240967,0.03180195187205794,2.990568795304959,0.5630873825234953,0.5630873825234953,0.0572203119133342,0.006819170745638267,0.010631954965699068,False
3009,2025-07-07 22:08:39,2025-07-07 22:38:39,30.0,8.029166666666667,8.529166666666667,20,8,True,eligible,0.03808435432003595,0.0065275325342615985,0.010126039009968708,-0.011402937606860423,0.02834843773531398,0.031556821785774354,3.1130698707138187,0.4843031393721256,0.4843031393721256,0.05457846455492201,0.006533842636598287,0.01013485498036805,False
3010,2025-07-07 14:06:54,2025-07-07 15:06:54,60.0,0.0,1.0,201,48,True,eligible,0.028972250258895927,-0.005451840828594342,0.028722415846933608,-0.05706199971061958,0.05550847890150922,0.03442409108749027,1.1982176869190355,1.0,1.0,0.1307205621499179,-0.005444957387065152,0.028723668513404844,False
3011,2025-07-07 14:07:54,2025-07-07 15:07:54,60.0,0.016666666666666666,1.0166666666666666,204,48,True,eligible,0.030034981619014578,-0.005333255271779741,0.02842128257073281,-0.05611975190120916,0.05407434518453791,0.03536823689079432,1.2441108492554884,1.0,1.0,0.12941325277261417,-0.005326183038848169,0.028422840841733583,False
3012,2025-07-07 14:08:54,2025-07-07 15:08:54,60.0,0.03333333333333333,1.0333333333333334,205,48,True,eligible,0.029957691886284107,-0.005430849121316974,0.028664941419431482,-0.05677194835530502,0.05455991761209405,0.03538854100760108,1.2342467740451937,1.0,1.0,0.1304704669190918,-0.005423772828374042,0.02866644293401459,False
3013,2025-07-07 14:09:54,2025-07-07 15:09:54,60.0,0.05,1.05,220,48,True,eligible,0.03594319305550027,-0.006000610952599934,0.02730224002663761,-0.05513950260834748,0.051422886898515284,0.0419438040081002,1.5357610288385435,0.9996000799840032,0.9996000799840032,0.12345256267374397,-0.00599222386921499,0.027305951992042627,False
3014,2025-07-07 14:10:54,2025-07-07 15:10:54,60.0,0.06666666666666667,1.0666666666666667,230,49,True,eligible,0.04065321566987838,-0.005038527659212807,0.026676908464250464,-0.054045740508398214,0.05022182630052839,0.04569174332909119,1.7121091377428839,0.9982003599280144,0.9982003599280144,0.12145783670947334,-0.005029391137851262,0.02668206471227305,False
3015,2025-07-07 14:11:54,2025-07-07 15:11:54,60.0,0.08333333333333333,1.0833333333333333,256,51,True,eligible,0.03488477849206874,-0.002562610136130827,0.026235506188902802,-0.05056097528848512,0.05114180283601886,0.03744738862819957,1.4269219242478732,0.9996000799840032,0.9996000799840032,0.12182807567994482,-0.0025551221560012123,0.026238226501288375,False
3016,2025-07-07 14:12:54,2025-07-07 15:12:54,60.0,0.1,1.1,261,51,True,eligible,0.03866119838656478,-0.0020065134564841896,0.025965326201974382,-0.0497142744947755,0.0507845639498309,0.04066771184304897,1.5656909035171749,0.9992001599680064,0.9992001599680064,0.12110900178798915,-0.0019983815404987755,0.025969097626949038,False
3017,2025-07-07 14:13:54,2025-07-07 15:13:54,60.0,0.11666666666666667,1.1166666666666667,263,51,True,eligible,0.04011763844371934,-0.0019686355969091526,0.02570237316248676,-0.049469483548856136,0.050659775011473035,0.042086274040628494,1.6368445035847077,0.999000199960008,0.999000199960008,0.11990322336697992,-0.001960220025215365,0.02570669258856521,False
3018,2025-07-07 14:14:54,2025-07-07 15:14:54,60.0,0.13333333333333333,1.1333333333333333,269,51,True,eligible,0.042439800847626184,-0.0018484067257121086,0.024756020709986355,-0.047523069874750204,0.04872274651607312,0.04428820757333829,1.7882362720831855,0.996000799840032,0.996000799840032,0.11554301414538563,-0.0018395508553715081,0.024761466028991215,False
3019,2025-07-07 14:15:54,2025-07-07 15:15:54,60.0,0.15,1.15,269,51,True,eligible,0.042439800847626184,-0.0018484067257121086,0.024756020709986355,-0.047523069874750204,0.04872274651607312,0.04428820757333829,1.7882362720831855,0.996000799840032,0.996000799840032,0.11554301414538563,-0.0018395508553715081,0.024761466028991215,False
3020,2025-07-07 14:16:54,2025-07-07 15:16:54,60.0,0.16666666666666666,1.1666666666666667,269,51,True,eligible,0.042439800847626184,-0.0018484067257121086,0.024756020709986355,-0.047523069874750204,0.04872274651607312,0.04428820757333829,1.7882362720831855,0.996000799840032,0.996000799840032,0.11554301414538563,-0.0018395508553715081,0.024761466028991215,False
3021,2025-07-07 14:17:54,2025-07-07 15:17:54,60.0,0.18333333333333332,1.1833333333333333,269,51,True,eligible,0.042439800847626184,-0.0018484067257121086,0.024756020709986355,-0.047523069874750204,0.04872274651607312,0.04428820757333829,1.7882362720831855,0.996000799840032,0.996000799840032,0.11554301414538563,-0.0018395508553715081,0.024761466028991215,False
3022,2025-07-07 14:18:54,2025-07-07 15:18:54,60.0,0.2,1.2,277,51,True,eligible,0.0434556055806008,-0.0010879541874330074,0.0245351590021174,-0.046046254757523906,0.05081551581090647,0.04454355976803381,1.8147196015988878,0.9958008398320336,0.9958008398320336,0.11525739606950319,-0.0010790472568655146,0.024540790102354295,False
3023,2025-07-07 14:19:54,2025-07-07 15:19:54,60.0,0.21666666666666667,1.2166666666666666,291,51,True,eligible,0.04202503345032723,-0.0004436417135493291,0.024583521649703,-0.045553479563387636,0.051616673017895305,0.04246867516387656,1.7268381316690276,0.9978004399120176,0.9978004399120176,0.11612698012140545,-0.0004351496769238789,0.024588397921357225,False
3024,2025-07-07 14:20:54,2025-07-07 15:20:54,60.0,0.23333333333333334,1.2333333333333334,300,51,True,eligible,0.042021396073196826,0.0007099591978509381,0.024965138754469783,-0.044225154145450425,0.05359877277944586,0.041311436875345886,1.6541466588852312,0.9988002399520096,0.9988002399520096,0.11908686581389075,0.000718219833098958,0.024969476568621227,False
3025,2025-07-07 14:21:54,2025-07-07 15:21:54,60.0,0.25,1.25,312,51,True,eligible,0.04092445333776862,0.001597187108076461,0.025224477755390416,-0.04311678545718866,0.05617042324702393,0.039327266229692154,1.5585567384794787,0.9992001599680064,0.9992001599680064,0.1211996404023759,0.0016050509885463065,0.025228085303831898,False
3026,2025-07-07 14:22:54,2025-07-07 15:22:54,60.0,0.26666666666666666,1.2666666666666666,333,51,True,eligible,0.0403247563629012,0.0032299482922009716,0.025758851458937557,-0.04132483232995282,0.0590314907722673,0.03709480807070023,1.4396375658764409,0.9996000799840032,0.9996000799840032,0.12536117690031465,0.003237365770319487,0.02576161630653419,False
3027,2025-07-07 14:23:54,2025-07-07 15:23:54,60.0,0.2833333333333333,1.2833333333333334,357,51,True,eligible,0.043950741244978,0.0063684839153154175,0.027307634932152075,-0.039070613855203946,0.06672456253139195,0.03758225732966258,1.375856418097101,1.0,1.0,0.1358403320905452,0.006375998863791655,0.027310075300702275,False
3028,2025-07-07 14:24:54,2025-07-07 15:24:54,60.0,0.3,1.3,383,51,True,eligible,0.049809609354433425,0.00967495252512644,0.028790928757122046,-0.03879558325688222,0.07350202015181616,0.04013465682930699,1.393593412968709,0.9996000799840032,0.9996000799840032,0.1461802147647021,0.009682977851427042,0.028793643202952884,False
3029,2025-07-07 14:25:54,2025-07-07 15:25:54,60.0,0.31666666666666665,1.3166666666666667,405,51,True,eligible,0.05057205549516161,0.011698055595892867,0.03006013551090056,-0.038161631714695485,0.07926597642914814,0.03887399989926874,1.2928622657467133,1.0,1.0,0.15421649175357108,0.011705828841223655,0.03006215563998238,False
3030,2025-07-07 14:26:54,2025-07-07 15:26:54,60.0,0.3333333333333333,1.3333333333333333,448,51,True,eligible,0.051789613316742124,0.014166449886131525,0.0315187210411827,-0.03701103320968239,0.08576820134763913,0.0376231634306106,1.1933873609056578,1.0,1.0,0.16359587708498713,0.014173973014192041,0.03152005923207004,False
3031,2025-07-07 14:27:54,2025-07-07 15:27:54,60.0,0.35,1.35,493,51,True,eligible,0.04797793509494319,0.014798038772808789,0.03224261034453072,-0.03624770470283297,0.0884025347908032,0.0331798963221344,1.0288579723609736,1.0,1.0,0.16765275374302258,0.014804673425142748,0.0322427998430882,False
3032,2025-07-07 14:28:54,2025-07-07 15:28:54,60.0,0.36666666666666664,1.3666666666666667,531,51,True,eligible,0.04627970902384299,0.01478603197969635,0.03262917481601007,-0.03646795443170995,0.08902639999651127,0.03149367704414664,0.9650135399974717,1.0,1.0,0.16947097264062477,0.014792329455609998,0.032628951059397046,False
3033,2025-07-07 14:29:54,2025-07-07 15:29:54,60.0,0.38333333333333336,1.3833333333333333,592,51,True,eligible,0.04616762953601719,0.01580208095324075,0.033160577782544144,-0.035994238580971595,0.090486687578986,0.03036554858277644,0.9155439819230512,1.0,1.0,0.17300444948655216,0.015808152848578238,0.033160041775022644,False
3034,2025-07-07 14:30:54,2025-07-07 15:30:54,60.0,0.4,1.4,653,51,True,eligible,0.04805029239043248,0.017075261980252093,0.03343377536989534,-0.03497378375883592,0.09192900644115762,0.030975030410180387,0.9262871328976945,1.0,1.0,0.17557314755451692,0.017081455747580663,0.03343330112550773,False
3035,2025-07-07 14:31:54,2025-07-07 15:31:54,60.0,0.4166666666666667,1.4166666666666667,709,54,True,eligible,0.04904882562063967,0.017114657407927506,0.033784053841474794,-0.03601530692682008,0.09268761990404333,0.031934168212712166,0.9450648953446106,1.0,1.0,0.17727378111217165,0.017121042964458745,0.03378369338810189,False
3036,2025-07-07 14:32:54,2025-07-07 15:32:54,60.0,0.43333333333333335,1.4333333333333333,763,55,True,eligible,0.04991742704495983,0.018126392923927998,0.03400855033141294,-0.03513120380197775,0.09378624199589283,0.03179103412103183,0.9346202183561501,1.0,1.0,0.1793493932045927,0.01813274985936512,0.0340081206904543,False
3037,2025-07-07 14:33:54,2025-07-07 15:33:54,60.0,0.45,1.45,811,55,True,eligible,0.049593410126808665,0.01875377505515147,0.03415840708369688,-0.03493866813332187,0.09511507723338726,0.030839635071657195,0.9026778930352809,1.0,1.0,0.18068602645042695,0.01875994174882707,0.034157775011309024,False
3038,2025-07-07 14:34:54,2025-07-07 15:34:54,60.0,0.4666666666666667,1.4666666666666666,864,55,True,eligible,0.04798840135246311,0.018744788076421527,0.034185423787366116,-0.03463911853476775,0.09561418558483922,0.02924361327604158,0.8552929044126047,1.0,1.0,0.18080344114892866,0.018750635629566106,0.03418450635104569,False
3039,2025-07-07 14:35:54,2025-07-07 15:35:54,60.0,0.48333333333333334,1.4833333333333334,923,55,True,eligible,0.04849312086531685,0.01820502620916391,0.03425021108420499,-0.03553486838468333,0.09498330943808657,0.030288094656152936,0.8841609401926945,1.0,1.0,0.18057182183263926,0.018211082616813614,0.03424946395155564,False
3040,2025-07-07 14:36:54,2025-07-07 15:36:54,60.0,0.5,1.5,975,55,True,eligible,0.048233251607778437,0.018576960712662675,0.03433235536031289,-0.03571444920484451,0.09498444474684616,0.02965629089511576,0.8636492793926505,1.0,1.0,0.1813324455459755,0.018582890784827263,0.03433148331207129,False
3041,2025-07-07 14:37:54,2025-07-07 15:37:54,60.0,0.5166666666666667,1.5166666666666666,1008,55,True,eligible,0.0489822809969925,0.01928552269506032,0.03445878370881809,-0.03500945435545421,0.09629219222621838,0.029696758301932177,0.8616550363417954,1.0,1.0,0.18264028202524019,0.0192914608590879,0.03445789658928779,False
3042,2025-07-07 14:38:54,2025-07-07 15:38:54,60.0,0.5333333333333333,1.5333333333333334,1061,55,True,eligible,0.05115913789626739,0.020753391011119168,0.03489514802508543,-0.03462326623633041,0.098684568518481,0.03040574688514822,0.8711927316852404,1.0,1.0,0.18617711210466986,0.020759470944509518,0.034894307362909896,False
3043,2025-07-07 14:39:54,2025-07-07 15:39:54,60.0,0.55,1.55,1088,55,True,eligible,0.051598012420812515,0.02106864102242396,0.03490135851983047,-0.03441080033973636,0.0992083880543639,0.030529371398388554,0.8745786796473461,1.0,1.0,0.18652192501828452,0.021074745675772968,0.034900538345329156,False
3044,2025-07-07 14:40:54,2025-07-07 15:40:54,60.0,0.5666666666666667,1.5666666666666667,1139,55,True,eligible,0.05282639053639157,0.022036896375351115,0.03524500336024649,-0.03434122145782405,0.10162934129144692,0.030789494161040456,0.8734306754764797,1.0,1.0,0.18911922052174918,0.02204305304284982,0.03524416803514328,False
3045,2025-07-07 14:41:54,2025-07-07 15:41:54,60.0,0.5833333333333334,1.5833333333333333,1165,55,True,eligible,0.05347704534550761,0.022459610559188374,0.03543543660290839,-0.03429573499803913,0.10254277924552109,0.031017434786319235,0.8751679417183775,1.0,1.0,0.19044476514597292,0.022465812805696338,0.03543460753249398,False
3046,2025-07-07 14:42:54,2025-07-07 15:42:54,60.0,0.6,1.6,1207,56,True,eligible,0.05364750736163328,0.02294731489145232,0.03553870689032146,-0.03403364160288112,0.10342035903862708,0.03070019247018096,0.8637014602674465,1.0,1.0,0.19142161484745987,0.022953453702184212,0.03553780452095636,False
3047,2025-07-07 14:43:54,2025-07-07 15:43:54,60.0,0.6166666666666667,1.6166666666666667,1244,56,True,eligible,0.0535055322353292,0.02288649990435647,0.035617762768759234,-0.034417670528111705,0.10339973930463456,0.030619032330972733,0.8595067972479928,1.0,1.0,0.1917354190875215,0.02289262248630627,0.03561683263825337,False
3048,2025-07-07 14:44:54,2025-07-07 15:44:54,60.0,0.6333333333333333,1.6333333333333333,1269,56,True,eligible,0.05445070081587758,0.023531893182017493,0.035786043685514884,-0.03425559980971033,0.10434559795470237,0.030918807633860085,0.8638398133374525,1.0,1.0,0.1931787195581058,0.02353807570703926,0.035785135891580555,False
3049,2025-07-07 14:45:54,2025-07-07 15:45:54,60.0,0.65,1.65,1272,56,True,eligible,0.05486445296281403,0.023790456944569372,0.035810278215891285,-0.0342750608771874,0.10456628714499384,0.03107399601824466,0.8675875186430478,1.0,1.0,0.1935523062374846,0.02379667050106172,0.03580939305160123,False
3050,2025-07-07 14:46:54,2025-07-07 15:46:54,60.0,0.6666666666666666,1.6666666666666667,1273,56,True,eligible,0.054740912901993274,0.023613141193014924,0.03579706083987724,-0.03439075472681909,0.10437248654364466,0.03112777170897835,0.8694095577265383,1.0,1.0,0.19331239909542047,0.023619365502494816,0.035796187335321826,False
3051,2025-07-07 14:47:54,2025-07-07 15:47:54,60.0,0.6833333333333333,1.6833333333333333,1281,56,True,eligible,0.05435001180794398,0.023496575640849848,0.03572748897595258,-0.034286102312393485,0.10392498500703626,0.03085343616709413,0.8634262393715636,1.0,1.0,0.19286580330806966,0.0235027450941926,0.035726580114363055,False
3052,2025-07-07 14:48:54,2025-07-07 15:48:54,60.0,0.7,1.7,1290,56,True,eligible,0.05399978003855573,0.023364024172364595,0.03572642549595114,-0.03432557994969502,0.1038705951486709,0.030635755866191137,0.8573609224507335,1.0,1.0,0.19272799015522576,0.023370150098352638,0.035725479361305,False
3053,2025-07-07 14:49:54,2025-07-07 15:49:54,60.0,0.7166666666666667,1.7166666666666666,1302,56,True,eligible,0.053809656140366244,0.023036074123669297,0.03565999107009084,-0.03445298151332085,0.10328642839555163,0.030773582016696947,0.8628217092489515,1.0,1.0,0.19208530021639,0.023042227609375493,0.0356590802029917,False
3054,2025-07-07 14:50:54,2025-07-07 15:50:54,60.0,0.7333333333333333,1.7333333333333334,1307,56,True,eligible,0.05389716829057909,0.023049598371439994,0.03567428691707518,-0.03456521898941557,0.10306871383499834,0.030847569919139096,0.8645493127525026,1.0,1.0,0.19216665795650348,0.023055766651767756,0.035673386334228,False
3055,2025-07-07 14:51:54,2025-07-07 15:51:54,60.0,0.75,1.75,1321,56,True,eligible,0.05382440895764306,0.02302330685189525,0.035683419939299195,-0.03464495004020368,0.10312951676660749,0.03080110210574781,0.8630262654385208,1.0,1.0,0.19218360692918002,0.02302946584051867,0.03568250973390348,False
3056,2025-07-07 14:52:54,2025-07-07 15:52:54,60.0,0.7666666666666667,1.7666666666666666,1348,56,True,eligible,0.053859088483151775,0.022727214698579926,0.03565949668493206,-0.0348709234826655,0.10271183924098713,0.03113187378457185,0.872877978253261,1.0,1.0,0.1917744640043028,0.022733439828310897,0.03565864809320454,False
3057,2025-07-07 14:53:54,2025-07-07 15:53:54,60.0,0.7833333333333333,1.7833333333333334,1369,56,True,eligible,0.053139093591598456,0.022642195006919486,0.035675978433918246,-0.034895402836000254,0.10275139030181316,0.03049689858467897,0.8546821490010672,1.0,1.0,0.19176691597013168,0.02264829316700441,0.03567501726838567,False
3058,2025-07-07 14:54:54,2025-07-07 15:54:54,60.0,0.8,1.8,1376,56,True,eligible,0.05330016307973072,0.022628542569139085,0.03565841374618547,-0.03482963525710217,0.10284275191528862,0.030671620510591635,0.86000139683627,1.0,1.0,0.19167018894615234,0.02263467566662171,0.03565748558772075,False
3059,2025-07-07 14:55:54,2025-07-07 15:55:54,60.0,0.8166666666666667,1.8166666666666667,1378,56,True,eligible,0.053111921009509025,0.02245011265309661,0.0356362719194716,-0.03498238375920141,0.1026501598684139,0.030661808356412416,0.8602604078798122,1.0,1.0,0.19138680325334453,0.022456243788540806,0.03563534592568528,False
3060,2025-07-07 14:56:54,2025-07-07 15:56:54,60.0,0.8333333333333334,1.8333333333333333,1391,56,True,eligible,0.05295043945811553,0.022349825208697355,0.03565491457595179,-0.035127372474981954,0.10247880467732796,0.030600614249418172,0.8580949389107696,1.0,1.0,0.19137481450351357,0.02235594410776743,0.03565397482612296,False
3061,2025-07-07 14:57:54,2025-07-07 15:57:54,60.0,0.85,1.85,1410,56,True,eligible,0.05194606301860265,0.021620279725422204,0.03556316474219299,-0.035661741116118695,0.10147875019338444,0.030325783293180444,0.8525829273419848,1.0,1.0,0.1902101233293367,0.02162634366929207,0.03556219386639072,False
3062,2025-07-07 14:58:54,2025-07-07 15:58:54,60.0,0.8666666666666667,1.8666666666666667,1416,56,True,eligible,0.053066946350034214,0.022561548693106726,0.03563831568518612,-0.03486599406621217,0.10258767823451057,0.030505397656927488,0.855823654220573,1.0,1.0,0.19150776763296326,0.022567648552666204,0.0356373624951331,False
3063,2025-07-07 14:59:54,2025-07-07 15:59:54,60.0,0.8833333333333333,1.8833333333333333,1423,56,True,eligible,0.053413119213166216,0.022968894221506282,0.03568451554006019,-0.03444431692488798,0.10310488689566993,0.030444224991659934,0.8530020854056604,1.0,1.0,0.19213402545259387,0.02297498184897912,0.03568354390330909,False
3064,2025-07-07 15:00:54,2025-07-07 16:00:54,60.0,0.9,1.9,1410,56,True,eligible,0.05423871788458786,0.023505726056376706,0.035717796481104284,-0.03388249830720658,0.10362377250551404,0.030732991828211154,0.860289485286067,1.0,1.0,0.19282889163011063,0.02351187142566849,0.03571686854768654,False
3065,2025-07-07 15:01:54,2025-07-07 16:01:54,60.0,0.9166666666666666,1.9166666666666667,1386,56,True,eligible,0.05372909680500028,0.023524449685738837,0.03578578457325079,-0.03399653432433257,0.10361653200830365,0.030204647119261442,0.8438958856147849,1.0,1.0,0.19316932698597578,0.023530489407218393,0.035784754864377565,False
3066,2025-07-07 15:02:54,2025-07-07 16:02:54,60.0,0.9333333333333333,1.9333333333333333,1347,53,True,eligible,0.05270281182737708,0.02294465855776945,0.03585812591390697,-0.03451950578995948,0.1034730161250883,0.02975815326960763,0.8297458017740875,1.0,1.0,0.19293197058490327,0.022950608998335256,0.035857009177302675,False
3067,2025-07-07 15:03:54,2025-07-07 16:03:54,60.0,0.95,1.95,1329,51,True,eligible,0.053977284512084465,0.024137702103854474,0.03592690627946341,-0.03352710136698452,0.10488862311647473,0.02983958240822999,0.830423338961129,1.0,1.0,0.1944510950653659,0.0241436688269915,0.03592579144321164,False
3068,2025-07-07 15:04:54,2025-07-07 16:04:54,60.0,0.9666666666666667,1.9666666666666666,1283,42,True,eligible,0.05012364984762366,0.021809054673169175,0.03605976743857817,-0.03631685753733563,0.10346927864621225,0.028314595174454484,0.7850860194021172,1.0,1.0,0.19275070355803262,0.02181471645984673,0.036058384289323626,False
3069,2025-07-07 15:05:54,2025-07-07 16:05:54,60.0,0.9833333333333333,1.9833333333333334,1282,42,True,eligible,0.05018837596308612,0.021857963775517564,0.03604165276930261,-0.03620307042592398,0.10348534341258386,0.028330412187568554,0.7859192864414339,1.0,1.0,0.1927137682888889,0.021863628724965188,0.036040275034313805,False
3070,2025-07-07 15:06:54,2025-07-07 16:06:54,60.0,1.0,2.0,1276,42,True,eligible,0.050606527002564454,0.022307662154501823,0.03604536458906785,-0.03575811347925487,0.10395980776626342,0.02829886484806263,0.7849634027048791,1.0,1.0,0.19318103002837383,0.022313320795743188,0.03604398129814289,False
3071,2025-07-07 15:07:54,2025-07-07 16:07:54,60.0,1.0166666666666666,2.0166666666666666,1273,42,True,eligible,0.05092085646127757,0.02247454317124825,0.036057602526006184,-0.035574861294331656,0.10412356600374512,0.02844631329002932,0.7887850980489731,1.0,1.0,0.1934060554900918,0.02248023129628125,0.036056240458070286,False
3072,2025-07-07 15:08:54,2025-07-07 16:08:54,60.0,1.0333333333333334,2.033333333333333,1275,42,True,eligible,0.050764203575179336,0.022321767678022353,0.03605535588834893,-0.03578132362133582,0.10399889192991499,0.028442435897156983,0.788726732579604,1.0,1.0,0.19324262778808815,0.022327455027731844,0.03605399357321447,False
3073,2025-07-07 15:09:54,2025-07-07 16:09:54,60.0,1.05,2.05,1260,41,True,eligible,0.05052188769655952,0.022332943522759954,0.03602820500880495,-0.035658499932708525,0.1039965594276456,0.028188944173799566,0.78228712604339,1.0,1.0,0.1931248753118732,0.022338580184262415,0.03602680726045069,False
3074,2025-07-07 15:10:54,2025-07-07 16:10:54,60.0,1.0666666666666667,2.066666666666667,1251,41,True,eligible,0.049871874467181304,0.02212588129437643,0.036054301722147776,-0.03591238591513104,0.10375658105684663,0.027745993172804875,0.7694387449990399,1.0,1.0,0.19304109120644697,0.02213142938339319,0.036052831059115345,False
3075,2025-07-07 15:11:54,2025-07-07 16:11:54,60.0,1.0833333333333333,2.0833333333333335,1228,30,True,eligible,0.050506430175227296,0.021573189656753068,0.036102028413007685,-0.036656275997791546,0.10328714279313822,0.028933240518474228,0.801298195450935,1.0,1.0,0.1927157344214505,0.021578975147758566,0.03610073651942976,False
3076,2025-07-07 15:12:54,2025-07-07 16:12:54,60.0,1.1,2.1,1227,30,True,eligible,0.04992092259207317,0.021172920628303178,0.0360652397165829,-0.03688953292456774,0.10261764484257334,0.02874800196376999,0.7969807533264219,1.0,1.0,0.19214091852621937,0.02117866907900579,0.036063924245477136,False
3077,2025-07-07 15:13:54,2025-07-07 16:13:54,60.0,1.1166666666666667,2.1166666666666667,1229,30,True,eligible,0.04957818594130943,0.020843879666633085,0.0360396324884415,-0.03726256630973799,0.10213952460410437,0.028734306274676345,0.7971670527980198,1.0,1.0,0.1916904924003202,0.020849625378745597,0.0360383190220016,False
3078,2025-07-07 15:14:54,2025-07-07 16:14:54,60.0,1.1333333333333333,2.1333333333333333,1224,30,True,eligible,0.049491852840092256,0.020733344901486636,0.036077690272102364,-0.0373568564874155,0.10206416422263466,0.02875850793860562,0.7969968666142584,1.0,1.0,0.1917603654651929,0.02073909545296406,0.03607637443955517,False
3079,2025-07-07 15:15:54,2025-07-07 16:15:54,60.0,1.15,2.15,1229,30,True,eligible,0.04958305412612569,0.020659810456543495,0.036050961797348235,-0.0374542092004859,0.10200193449250773,0.028923243669582193,0.8021558813346711,1.0,1.0,0.19156030238109176,0.020665593948579003,0.03604967669056072,False
3080,2025-07-07 15:16:54,2025-07-07 16:16:54,60.0,1.1666666666666667,2.1666666666666665,1231,30,True,eligible,0.04943785303282859,0.020477064124790986,0.03602557913204044,-0.03761240514391548,0.1017699868208247,0.028960788908037605,0.8037628630856731,1.0,1.0,0.1912572845509988,0.02048285512437268,0.03602430422985292,False
3081,2025-07-07 15:17:54,2025-07-07 16:17:54,60.0,1.1833333333333333,2.183333333333333,1231,30,True,eligible,0.04943785303282859,0.020477064124790986,0.03602557913204044,-0.03761240514391548,0.1017699868208247,0.028960788908037605,0.8037628630856731,1.0,1.0,0.1912572845509988,0.02048285512437268,0.03602430422985292,False
3082,2025-07-07 15:18:54,2025-07-07 16:18:54,60.0,1.2,2.2,1226,30,True,eligible,0.049254306611820245,0.02011031920916196,0.035961284070391314,-0.0378141074436283,0.10118175151359819,0.029143987402658285,0.810292541115111,1.0,1.0,0.19058597386722761,0.020116146841116102,0.035960049355267046,False
3083,2025-07-07 15:19:54,2025-07-07 16:19:54,60.0,1.2166666666666666,2.216666666666667,1232,36,True,eligible,0.04770437192417498,0.019036462775821324,0.035797053058552214,-0.0386827629969514,0.09961658519955346,0.028667909148353658,0.8007140992278209,1.0,1.0,0.1887332443807939,0.019042195211163924,0.03579576872775414,False
3084,2025-07-07 15:20:54,2025-07-07 16:20:54,60.0,1.2333333333333334,2.2333333333333334,1230,36,True,eligible,0.04721202770476784,0.01832456255534072,0.03570569042855479,-0.03943271073080496,0.09881378808997009,0.028887465149427118,0.8089099134507819,1.0,1.0,0.18758851933421697,0.018330338893103048,0.03570445649312975,False
3085,2025-07-07 15:21:54,2025-07-07 16:21:54,60.0,1.25,2.25,1222,36,True,eligible,0.047219971879385134,0.0179923625235452,0.03566599859358898,-0.039862611972662165,0.09821348338252975,0.029227609355839932,0.8193440920265349,1.0,1.0,0.18706852067480184,0.017998206876545766,0.035664826642690925,False
3086,2025-07-07 15:22:54,2025-07-07 16:22:54,60.0,1.2666666666666666,2.2666666666666666,1201,36,True,eligible,0.0475242095694914,0.01794466082766601,0.03567069614280428,-0.03984042771015062,0.09819129618294013,0.029579548741825393,0.8290995531541449,1.0,1.0,0.187043429526406,0.017950575554469012,0.035669581418196844,False
3087,2025-07-07 15:23:54,2025-07-07 16:23:54,60.0,1.2833333333333334,2.283333333333333,1185,36,True,eligible,0.04644361607284519,0.016883260173901023,0.03551007156326362,-0.04057700993754272,0.09657927777067349,0.029560355898944166,0.8323090200011154,1.0,1.0,0.18522069238128264,0.01688917106290301,0.03550898079886551,False
3088,2025-07-07 15:24:54,2025-07-07 16:24:54,60.0,1.3,2.3,1166,36,True,eligible,0.04478508978924141,0.015734276099698578,0.03528285384016974,-0.04137642352969126,0.09447064869742378,0.02905081368954283,0.8232310428160146,1.0,1.0,0.18299425477372824,0.015740085100636295,0.03528171701257922,False
3089,2025-07-07 15:25:54,2025-07-07 16:25:54,60.0,1.3166666666666667,2.316666666666667,1150,37,True,eligible,0.04454268522365238,0.014873298598329768,0.03499261472929833,-0.04163106145324781,0.09260525546976892,0.029669386625322612,0.8477299706134195,1.0,1.0,0.1807582362820976,0.014879231289116676,0.03499163054607018,False
3090,2025-07-07 15:26:54,2025-07-07 16:26:54,60.0,1.3333333333333333,2.3333333333333335,1109,37,True,eligible,0.04371360820953265,0.014020797061214046,0.03476638449031845,-0.042188783380191074,0.09159314460231481,0.029692811148318603,0.8539190345043299,1.0,1.0,0.17883349114062339,0.014026734435968758,0.03476544329615053,False
3091,2025-07-07 15:27:54,2025-07-07 16:27:54,60.0,1.35,2.35,1071,37,True,eligible,0.04351769572299612,0.01308523589457786,0.034660999212854184,-0.04307152900315088,0.09014409143377312,0.030432459828418263,0.8778475184970246,1.0,1.0,0.17739919004087787,0.01309132116948856,0.03466020454850861,False
3092,2025-07-07 15:28:54,2025-07-07 16:28:54,60.0,1.3666666666666667,2.3666666666666667,1044,38,True,eligible,0.042527954721755315,0.012038078087520027,0.03436277376233651,-0.04377649585683742,0.08859891676019566,0.03048987663423529,0.8871352763673267,1.0,1.0,0.17493859544245347,0.012044174843495677,0.03436204228410994,False
3093,2025-07-07 15:29:54,2025-07-07 16:29:54,60.0,1.3833333333333333,2.3833333333333333,985,38,True,eligible,0.04188401818018092,0.011120040289981812,0.03416775425542789,-0.04454654404992303,0.08744047345032598,0.030763977890199107,0.9002174653357216,1.0,1.0,0.1730965144454386,0.011126191855246801,0.034167106848414106,False
3094,2025-07-07 15:30:54,2025-07-07 16:30:54,60.0,1.4,2.4,928,38,True,eligible,0.040114717588004126,0.009252459720225092,0.03384148495587372,-0.045995169707017704,0.08538391457075463,0.030862257867779033,0.9117982436286096,1.0,1.0,0.16968262897839473,0.009258630937555181,0.03384091477041398,False
3095,2025-07-07 15:31:54,2025-07-07 16:31:54,60.0,1.4166666666666667,2.4166666666666665,880,35,True,eligible,0.03756891783397082,0.007879122653181548,0.03349963792487142,-0.04705454715808906,0.0822346475733362,0.029689795180789277,0.8861139259380434,1.0,1.0,0.16668781379884565,0.007885059424863372,0.033498918750976645,False
3096,2025-07-07 15:32:54,2025-07-07 16:32:54,60.0,1.4333333333333333,2.433333333333333,826,35,True,eligible,0.035681259629855265,0.00621909663751907,0.03317181506015495,-0.048085582525871313,0.07953392925673047,0.029462162992336196,0.8880097202283463,1.0,1.0,0.16347377318722198,0.006224987891866667,0.03317111408466801,False
3097,2025-07-07 15:33:54,2025-07-07 16:33:54,60.0,1.45,2.45,787,35,True,eligible,0.03349498345369864,0.0037897945762071688,0.03249310381319676,-0.0496573246973862,0.0763079186463388,0.029705188877491472,0.9140320199481425,1.0,1.0,0.15782785671713584,0.0037957344260127076,0.03249256960316436,False
3098,2025-07-07 15:34:54,2025-07-07 16:34:54,60.0,1.4666666666666666,2.466666666666667,736,35,True,eligible,0.0323514261181307,0.002131063413637626,0.03202614202603437,-0.050784904145936956,0.07355507276466891,0.030220362704493076,0.9434371295082828,1.0,1.0,0.15395644638848222,0.0021371062776057294,0.03202579047983049,False
3099,2025-07-07 15:35:54,2025-07-07 16:35:54,60.0,1.4833333333333334,2.4833333333333334,677,35,True,eligible,0.03024770783726032,0.0016441753110771138,0.031881272549125615,-0.05115841979818785,0.0727481149267134,0.028603532526183206,0.8970272814882555,1.0,1.0,0.1527811925000039,0.001649894873669833,0.031880650180609815,False
3100,2025-07-07 15:36:54,2025-07-07 16:36:54,60.0,1.5,2.5,625,34,True,eligible,0.02816125580435475,-0.0004426902414220091,0.031132970602367645,-0.052452902139629096,0.06882647262609658,0.02860394604577676,0.9185976183083182,1.0,1.0,0.1471476238629744,-0.0004369705961419095,0.03113248481218895,False
3101,2025-07-07 15:37:54,2025-07-07 16:37:54,60.0,1.5166666666666666,2.5166666666666666,587,34,True,eligible,0.025532647407120294,-0.002143894432892498,0.030429858047959935,-0.05334868564086807,0.06547046864995952,0.02767654184001279,0.9093531146306468,1.0,1.0,0.1421129136016776,-0.002138360231364801,0.030429331789031445,False
3102,2025-07-07 15:38:54,2025-07-07 16:38:54,60.0,1.5333333333333334,2.533333333333333,533,34,True,eligible,0.019115086772442613,-0.006051331386476855,0.028638534476127353,-0.05477865774458835,0.05856947845966984,0.025166418158919467,0.8786049941222578,1.0,1.0,0.12971254513967356,-0.006046299109300507,0.028637881698908164,False
3103,2025-07-07 15:39:54,2025-07-07 16:39:54,60.0,1.55,2.55,517,34,True,eligible,0.01302952954257353,-0.009236454709772197,0.027391782408903595,-0.05684628490044698,0.05283640240944918,0.022265984252345727,0.8127359931618356,1.0,1.0,0.12061525923702832,-0.009232002403383005,0.02739085279015534,False
3104,2025-07-07 15:40:54,2025-07-07 16:40:54,60.0,1.5666666666666667,2.566666666666667,468,34,True,eligible,0.00494179921166617,-0.012743926175243489,0.025257198622409747,-0.05700513503917668,0.04419100388740755,0.01768572538690966,0.7001208126836113,1.0,1.0,0.10698610842748843,-0.012740389737453662,0.025255911021046188,False
3105,2025-07-07 15:41:54,2025-07-07 16:41:54,60.0,1.5833333333333333,2.5833333333333335,444,34,True,eligible,0.0013171169925504365,-0.014065839428699314,0.024310947970010946,-0.05671836750510495,0.039768997927448056,0.01538295642124975,0.6326698108906423,1.0,1.0,0.10117719396605859,-0.014062763452610282,0.024309490006342575,False
3106,2025-07-07 15:42:54,2025-07-07 16:42:54,60.0,1.6,2.6,404,31,True,eligible,-0.004749965714839814,-0.015218684242444092,0.023684834897539576,-0.05688142666614405,0.035876467987268214,0.010468718527604278,0.44194808922707113,1.0,1.0,0.09705313273991986,-0.015216590917403579,0.023682928963148102,False
3107,2025-07-07 15:43:54,2025-07-07 16:43:54,60.0,1.6166666666666667,2.6166666666666667,375,35,True,eligible,-0.011669199481506385,-0.01470971998995669,0.023103399322200412,-0.05530534131013085,0.0333938301383813,0.003040520508450306,0.13159151408021838,1.0,1.0,0.09480256871745249,-0.014709112007451501,0.023101128877444033,False
3108,2025-07-07 15:44:54,2025-07-07 16:44:54,60.0,1.6333333333333333,2.6333333333333333,372,38,True,eligible,-0.017198365931265877,-0.013457091442501777,0.02284372073679778,-0.053300126296481114,0.03440713133822547,-0.0037412744887640997,-0.1637601203941884,1.0,1.0,0.09482304995814379,-0.013457839547778478,0.02284149751773231,False
3109,2025-07-07 15:45:54,2025-07-07 16:45:54,60.0,1.65,2.65,373,38,True,eligible,-0.017697731732700738,-0.01291741741915547,0.02288607300083392,-0.05282009115831415,0.03461398080157557,-0.004780314313545269,-0.2088525888933513,1.0,1.0,0.09556345132070636,-0.012918373290843842,0.022883884117411792,False
3110,2025-07-07 15:46:54,2025-07-07 16:46:54,60.0,1.6666666666666667,2.6666666666666665,375,38,True,eligible,-0.016723448607081477,-0.012777757727735596,0.02259604393421297,-0.05245573630610699,0.034018456333277866,-0.003945690879345881,-0.17460067036558788,1.0,1.0,0.09432837612411633,-0.01277854670811539,0.022593853108960286,False
3111,2025-07-07 15:47:54,2025-07-07 16:47:54,60.0,1.6833333333333333,2.683333333333333,388,41,True,eligible,-0.020963645136708266,-0.011415059847878009,0.023024103869919783,-0.052694328835804424,0.03554825192108969,-0.009548585288830257,-0.4146726669309523,1.0,1.0,0.09772053374361848,-0.011416969183068736,0.02302219730153847,False
3112,2025-07-07 15:48:54,2025-07-07 16:48:54,60.0,1.7,2.7,387,41,True,eligible,-0.022252116482787822,-0.010058477464475135,0.02284575661947665,-0.05149791144209701,0.03699941061686,-0.012193639018312687,-0.5336690295041253,1.0,1.0,0.0982324184506872,-0.010060915704630767,0.02284412267559329,False
3113,2025-07-07 15:49:54,2025-07-07 16:49:54,60.0,1.7166666666666666,2.716666666666667,375,40,True,eligible,-0.022049915752325018,-0.00993444939742804,0.022839201352196734,-0.05121317002078539,0.037019450922641736,-0.012115466354896978,-0.5304000857608218,1.0,1.0,0.09832535123859792,-0.00993687200617727,0.022837559931334545,False
3114,2025-07-07 15:50:54,2025-07-07 16:50:54,60.0,1.7333333333333334,2.7333333333333334,372,40,True,eligible,-0.021844616748069385,-0.009124470458031034,0.023030964619576447,-0.05071632339847703,0.038265429726254525,-0.01272014629003835,-0.5522342189741368,1.0,1.0,0.10004446230132769,-0.009127013978584932,0.023029363868666868,False
3115,2025-07-07 15:51:54,2025-07-07 16:51:54,60.0,1.75,2.75,358,40,True,eligible,-0.021419368823536452,-0.007211429890170143,0.023613594047894718,-0.049278107774001496,0.04205237501900816,-0.014207938933366308,-0.6016028023934401,1.0,1.0,0.10471962564078814,-0.007214270909752902,0.02361208733946955,False
3116,2025-07-07 15:52:54,2025-07-07 16:52:54,60.0,1.7666666666666666,2.7666666666666666,331,40,True,eligible,-0.021594117838324524,-0.0046920724955122105,0.023598370555094034,-0.04653480389564791,0.044014862834625794,-0.016902045342812314,-0.7161294791298856,1.0,1.0,0.10716797011058429,-0.00469545222863415,0.023597221036372722,False
3117,2025-07-07 15:53:54,2025-07-07 16:53:54,60.0,1.7833333333333334,2.783333333333333,307,40,True,eligible,-0.020237349380464828,-0.000281033527074151,0.0241217791852816,-0.04342919928341025,0.049630102403101645,-0.019956315853390676,-0.8271759364235535,1.0,1.0,0.11406147401351437,-0.00028502399215181386,0.024121017681656146,False
3118,2025-07-07 15:54:54,2025-07-07 16:54:54,60.0,1.8,2.8,304,40,True,eligible,-0.01976116145504688,0.0009854600666515973,0.024379495455337557,-0.04248490001862793,0.051777798117038185,-0.02074662152169848,-0.8508398179176687,1.0,1.0,0.11654994274084414,0.0009813115720461786,0.02437882265296169,False
3119,2025-07-07 15:55:54,2025-07-07 16:55:54,60.0,1.8166666666666667,2.816666666666667,300,40,True,eligible,-0.02005438709077398,0.0013226168974576481,0.024614344073293895,-0.0423298244749615,0.05245125291971269,-0.021377003988231627,-0.8683251907297583,1.0,1.0,0.11800060146320139,0.0013183423515691793,0.024613738804906807,False
3120,2025-07-07 15:56:54,2025-07-07 16:56:54,60.0,1.8333333333333333,2.8333333333333335,291,40,True,eligible,-0.018499174873438082,0.0034304072919104016,0.025026356095248236,-0.040804390506376534,0.055365739860153765,-0.021929582165348484,-0.8761046327566168,1.0,1.0,0.12206155127773594,0.0034260222524852162,0.02502577466910183,False
3121,2025-07-07 15:57:54,2025-07-07 16:57:54,60.0,1.85,2.85,285,40,True,eligible,-0.017009351136030762,0.00597642276386703,0.024656478658516678,-0.037104045418770416,0.056991569354513334,-0.022985773899897793,-0.9320665482721161,1.0,1.0,0.12285516297559952,0.005971826528334156,0.024656155407538113,False
3122,2025-07-07 15:58:54,2025-07-07 16:58:54,60.0,1.8666666666666667,2.8666666666666667,274,36,True,eligible,-0.015055681318667644,0.010876598554044131,0.02517788150958902,-0.03262288178062271,0.06364465279552531,-0.025932279872711773,-1.0297505490417513,1.0,1.0,0.13022873320042108,0.01087141313515337,0.025178034115104702,False
3123,2025-07-07 15:59:54,2025-07-07 16:59:54,60.0,1.8833333333333333,2.8833333333333333,266,36,True,eligible,-0.012935069693787774,0.013742194724937335,0.025215250107909516,-0.029418337611455472,0.06622445377865994,-0.02667726441872511,-1.0577572008858773,1.0,1.0,0.13327202772056157,0.01373686033893079,0.02521555042157187,False
3124,2025-07-07 16:00:54,2025-07-07 17:00:54,60.0,1.9,2.9,268,36,True,eligible,-0.013152841550072899,0.013306254693066663,0.025201131841650758,-0.029984661359143325,0.06573785926583964,-0.026459096243139562,-1.049696320989514,1.0,1.0,0.13276899936170974,0.013300963931970255,0.025201389157109767,False
3125,2025-07-07 16:01:54,2025-07-07 17:01:54,60.0,1.9166666666666667,2.9166666666666665,301,42,True,eligible,-0.012949779226891698,0.011613415159956692,0.024807333364242734,-0.032326549421681665,0.06329781363272295,-0.02456319438684839,-0.9899625627248305,1.0,1.0,0.12920827151767175,0.01160850350341063,0.02480728429033385,False
3126,2025-07-07 16:02:54,2025-07-07 17:02:54,60.0,1.9333333333333333,2.933333333333333,313,43,True,eligible,-0.011780465507691212,0.01220805809280598,0.024891452922477013,-0.032451968575388165,0.063898864485297,-0.02398852360049719,-0.9635395017535546,1.0,1.0,0.1302011908607431,0.012203261347434954,0.02489127514904989,False
3127,2025-07-07 16:03:54,2025-07-07 17:03:54,60.0,1.95,2.95,318,43,True,eligible,-0.010394853389587632,0.01299535814622919,0.024959222783169605,-0.031891943280838456,0.0645267428554118,-0.023390211535816822,-0.9369610513713904,1.0,1.0,0.1313092756847185,0.012990681039343406,0.02495891840402823,False
3128,2025-07-07 16:04:54,2025-07-07 17:04:54,60.0,1.9666666666666666,2.966666666666667,318,43,True,eligible,-0.010394853389587632,0.01299535814622919,0.024959222783169605,-0.031891943280838456,0.0645267428554118,-0.023390211535816822,-0.9369610513713904,1.0,1.0,0.1313092756847185,0.012990681039343406,0.02495891840402823,False
3129,2025-07-07 16:05:54,2025-07-07 17:05:54,60.0,1.9833333333333334,2.9833333333333334,333,45,True,eligible,-0.01196116488601938,0.018593988436142277,0.025795427445670732,-0.02867672205782684,0.07165726114637473,-0.030555153322161657,-1.1842336448228186,1.0,1.0,0.140876898141533,0.018587878627439585,0.025796466471808117,False
3130,2025-07-07 16:06:54,2025-07-07 17:06:54,60.0,2.0,3.0,343,45,True,eligible,-0.013164262021929371,0.018252124946490835,0.026137967339412482,-0.029775193458589238,0.07164759763385001,-0.03141638696842021,-1.2016507949817126,1.0,1.0,0.14215926494224307,0.018245842925501347,0.026139128837266518,False
3131,2025-07-07 16:07:54,2025-07-07 17:07:54,60.0,2.0166666666666666,3.0166666666666666,343,45,True,eligible,-0.013164262021929371,0.018252124946490835,0.026137967339412482,-0.029775193458589238,0.07164759763385001,-0.03141638696842021,-1.2016507949817126,1.0,1.0,0.14215926494224307,0.018245842925501347,0.026139128837266518,False
3132,2025-07-07 16:08:54,2025-07-07 17:08:54,60.0,2.033333333333333,3.033333333333333,340,45,True,eligible,-0.012769433382861635,0.01714875579057226,0.025986147550026473,-0.030815957816921348,0.06998992519593872,-0.029918189173433894,-1.151045333205699,1.0,1.0,0.14033498912517325,0.017142773349225843,0.025986992752736335,False
3133,2025-07-07 16:09:54,2025-07-07 17:09:54,60.0,2.05,3.05,342,45,True,eligible,-0.01313355383443318,0.017709888011040825,0.026044399828810044,-0.030110146852977665,0.07069268765463156,-0.030843441845474003,-1.1839794501479795,1.0,1.0,0.14117304215529158,0.017703720556162702,0.0260454473147669,False
3134,2025-07-07 16:10:54,2025-07-07 17:10:54,60.0,2.066666666666667,3.066666666666667,369,51,True,eligible,-0.019878272220784983,0.011632461212099375,0.026289830607751426,-0.03700371760768848,0.06531662632340747,-0.03151073343288436,-1.1982982496026018,1.0,1.0,0.13625942695152796,0.011626160325590103,0.026290977690089316,False
3135,2025-07-07 16:11:54,2025-07-07 17:11:54,60.0,2.0833333333333335,3.0833333333333335,367,51,True,eligible,-0.020250879280284566,0.012205096903676153,0.026443496860747227,-0.03696526979771046,0.0660731698073122,-0.03245597618396072,-1.2270632810341797,1.0,1.0,0.13756124050193203,0.012198607006418812,0.02644483523242148,False
3136,2025-07-07 16:12:54,2025-07-07 17:12:54,60.0,2.1,3.1,373,51,True,eligible,-0.021012723456776634,0.013603688727466997,0.02678337609782296,-0.035739494076328246,0.06827087894340056,-0.03461641218424363,-1.2921138528551128,1.0,1.0,0.1405727727266855,0.01359676682940976,0.02678517083437478,False
3137,2025-07-07 16:13:54,2025-07-07 17:13:54,60.0,2.1166666666666667,3.1166666666666667,370,51,True,eligible,-0.0212951598288786,0.01272087641396768,0.026650615795153505,-0.036228004379873245,0.06759958325407309,-0.03401603624284628,-1.2760341592110462,1.0,1.0,0.139060161574243,0.01271407456708849,0.02665229151623536,False
3138,2025-07-07 16:14:54,2025-07-07 17:14:54,60.0,2.1333333333333333,3.1333333333333333,369,51,True,eligible,-0.021132322511821365,0.012530310021455087,0.026632330737034072,-0.03625604362993846,0.06748433865655701,-0.03366263253327645,-1.263647990227094,1.0,1.0,0.13878258208290048,0.012523578841184484,0.026633921482324713,False
3139,2025-07-07 16:15:54,2025-07-07 17:15:54,60.0,2.15,3.15,365,51,True,eligible,-0.021101013386711425,0.013702884875060831,0.026655449259504686,-0.03531156580195145,0.06910239223190942,-0.034803898261772256,-1.3053423842585143,1.0,1.0,0.14006588370142525,0.013695925487286029,0.026657327068839096,False
3140,2025-07-07 16:16:54,2025-07-07 17:16:54,60.0,2.1666666666666665,3.1666666666666665,365,51,True,eligible,-0.022186934958145443,0.014270419529438211,0.02693881986517935,-0.03516894761857257,0.07011583308692418,-0.03645735448758365,-1.3529558997308824,1.0,1.0,0.14197812766542134,0.014263129516543275,0.02694105881938874,False
3141,2025-07-07 16:17:54,2025-07-07 17:17:54,60.0,2.183333333333333,3.183333333333333,365,51,True,eligible,-0.022186934958145443,0.014270419529438211,0.02693881986517935,-0.03516894761857257,0.07011583308692418,-0.03645735448758365,-1.3529558997308824,1.0,1.0,0.14197812766542134,0.014263129516543275,0.02694105881938874,False
3142,2025-07-07 16:18:54,2025-07-07 17:18:54,60.0,2.2,3.2,364,51,True,eligible,-0.02260821161771641,0.015119159052313612,0.02741596420401971,-0.03521180343521735,0.07172606385304758,-0.03772737067003002,-1.3757115149237065,1.0,1.0,0.1450895275887594,0.015111615086972672,0.02741841315966664,False
3143,2025-07-07 16:19:54,2025-07-07 17:19:54,60.0,2.216666666666667,3.216666666666667,346,51,True,eligible,-0.02335650376956949,0.013383931076377377,0.027049998832783365,-0.035906582714730184,0.06909389752582132,-0.036740434845946864,-1.3578553890957221,1.0,1.0,0.14161884448097534,0.013376584458731718,0.027052282977470813,False
3144,2025-07-07 16:20:54,2025-07-07 17:20:54,60.0,2.2333333333333334,3.2333333333333334,341,51,True,eligible,-0.024111800236113173,0.012960122520968767,0.02701907153617387,-0.03665701368428312,0.06808803383333475,-0.03707192275708194,-1.3716696541209346,1.0,1.0,0.14104882864812232,0.012952709618997745,0.027021455015613472,False
3145,2025-07-07 16:21:54,2025-07-07 17:21:54,60.0,2.25,3.25,348,50,True,eligible,-0.027146294990239954,0.011014362070094784,0.027217225405567962,-0.038917952083792604,0.0669686652916497,-0.03816065706033474,-1.4016617425148001,1.0,1.0,0.14004336238535833,0.011006731464803776,0.027219852905873882,False
3146,2025-07-07 16:22:54,2025-07-07 17:22:54,60.0,2.2666666666666666,3.2666666666666666,349,50,True,eligible,-0.027236404182785157,0.010764147785504134,0.02717847121128413,-0.03911842381955234,0.06668052268969624,-0.03800055196828929,-1.3977727831089164,1.0,1.0,0.1396093064508206,0.01075654919482861,0.027181065361074,False
3147,2025-07-07 16:23:54,2025-07-07 17:23:54,60.0,2.283333333333333,3.283333333333333,344,50,True,eligible,-0.028720582203251993,0.010599122933656535,0.027026003998544417,-0.0394596609665539,0.06604823094683217,-0.03931970513690853,-1.454430897849061,1.0,1.0,0.13872324472750042,0.010591260565102864,0.027029020647521055,False
3148,2025-07-07 16:24:54,2025-07-07 17:24:54,60.0,2.3,3.3,341,50,True,eligible,-0.02765057182553691,0.009723281809640051,0.026501232088831872,-0.039839500622438136,0.064224806846897,-0.03737385363517696,-1.4098471824077978,1.0,1.0,0.13535821063258005,0.009715808533568227,0.026503851499202362,False
3149,2025-07-07 16:25:54,2025-07-07 17:25:54,60.0,2.316666666666667,3.316666666666667,342,50,True,eligible,-0.028205212226806404,0.011143711315734817,0.02719898177428782,-0.03903089163009729,0.06717119552579294,-0.03934892354254122,-1.4462584738752544,1.0,1.0,0.14008761989854177,0.011135843104668523,0.027201953206926036,False
3150,2025-07-07 16:26:54,2025-07-07 17:26:54,60.0,2.3333333333333335,3.3333333333333335,346,50,True,eligible,-0.026700408446697417,0.009739700451480655,0.02599228223929541,-0.03865254681577726,0.06358914590779007,-0.03644010889817807,-1.4015432116382842,1.0,1.0,0.13296159572352553,0.009732413887013912,0.025994790621635185,False
3151,2025-07-07 16:27:54,2025-07-07 17:27:54,60.0,2.35,3.35,343,50,True,eligible,-0.025840459686989524,0.00705232988504709,0.024904734218176728,-0.039640974303395964,0.05890570844929997,-0.03289278957203661,-1.320382121891907,1.0,1.0,0.12511626899523481,0.0070457526425811755,0.024906587104079957,False
3152,2025-07-07 16:28:54,2025-07-07 17:28:54,60.0,2.3666666666666667,3.3666666666666667,332,50,True,eligible,-0.02557931763882806,0.006220542536533888,0.024256873229613687,-0.039529623368017026,0.056496512983735564,-0.031799860175361946,-1.3106065961819129,1.0,1.0,0.12121296889268116,0.006214183836238875,0.02425861548971937,False
3153,2025-07-07 16:29:54,2025-07-07 17:29:54,60.0,2.3833333333333333,3.3833333333333333,331,50,True,eligible,-0.02550437032686105,0.006446024794694151,0.02428369119432358,-0.03938400494554613,0.05676271316161007,-0.0319503951215552,-1.3153549017083983,1.0,1.0,0.1215657052748347,0.006439635993430093,0.024285465678351825,False
3154,2025-07-07 16:30:54,2025-07-07 17:30:54,60.0,2.4,3.4,329,50,True,eligible,-0.02542462240147418,0.006334857153249328,0.024339877823597176,-0.039522943220581475,0.056830511481622076,-0.03175947955472351,-1.3044806359858072,1.0,1.0,0.12172062096639732,0.006328506527463541,0.02434158702934031,False
3155,2025-07-07 16:31:54,2025-07-07 17:31:54,60.0,2.4166666666666665,3.4166666666666665,324,50,True,eligible,-0.02527181032937513,0.006468127122929991,0.02434666643006468,-0.0396329685838307,0.05672947350150501,-0.03173993745230512,-1.303314859277452,1.0,1.0,0.12188604361237357,0.00646178040478316,0.024348368706354775,False
3156,2025-07-07 16:32:54,2025-07-07 17:32:54,60.0,2.433333333333333,3.433333333333333,324,50,True,eligible,-0.02527181032937513,0.006468127122929991,0.02434666643006468,-0.0396329685838307,0.05672947350150501,-0.03173993745230512,-1.303314859277452,1.0,1.0,0.12188604361237357,0.00646178040478316,0.024348368706354775,False
3157,2025-07-07 16:33:54,2025-07-07 17:33:54,60.0,2.45,3.45,340,50,True,eligible,-0.018834717772045824,0.013686777206941142,0.02635369759994753,-0.03608858352935918,0.06756759558791581,-0.032521494978986966,-1.2337279399049759,1.0,1.0,0.13861739473737913,0.013680274208545028,0.026355074671564317,False
3158,2025-07-07 16:34:54,2025-07-07 17:34:54,60.0,2.466666666666667,3.466666666666667,341,51,True,eligible,-0.01924727100106214,0.013252255881808771,0.026184436406796883,-0.03603827449678095,0.06646776282783178,-0.03249952688287091,-1.2408620372517103,1.0,1.0,0.1373806667396532,0.013245757276153326,0.026185850885713107,False
3159,2025-07-07 16:35:54,2025-07-07 17:35:54,60.0,2.4833333333333334,3.4833333333333334,345,52,True,eligible,-0.01923139936285568,0.012694966379787469,0.026322910093737138,-0.03690668970288176,0.0664641766719569,-0.03192636574264315,-1.2125741054679284,1.0,1.0,0.13747909997564492,0.01268858238343821,0.02632414926424317,False
3160,2025-07-07 16:36:54,2025-07-07 17:36:54,60.0,2.5,3.5,347,52,True,eligible,-0.018507115943289295,0.012793124413758699,0.026453407795656095,-0.03719162167813245,0.06682003741552874,-0.031300240357047995,-1.1829375993199522,1.0,1.0,0.13819515032217924,0.01278686561744655,0.02645446520486469,False
3161,2025-07-07 16:37:54,2025-07-07 17:37:54,60.0,2.5166666666666666,3.5166666666666666,350,53,True,eligible,-0.016735901876411316,0.014078267876911105,0.02675588772209419,-0.03543730054682377,0.06920354822143182,-0.03081416975332242,-1.1514102570716944,1.0,1.0,0.1409134306488671,0.014072106275280768,0.026756760209904723,False
3162,2025-07-07 16:38:54,2025-07-07 17:38:54,60.0,2.533333333333333,3.533333333333333,357,53,True,eligible,-0.012867572916025034,0.01508565490477122,0.027528412948278104,-0.035449752995481164,0.07195712283765987,-0.027953227820796255,-1.015225686996788,1.0,1.0,0.14557983877383177,0.015080065377112593,0.027528497999111456,False
3163,2025-07-07 16:39:54,2025-07-07 17:39:54,60.0,2.55,3.55,350,54,True,eligible,-0.01046412635279664,0.013562069261522248,0.027241320414594712,-0.03659897110047083,0.07084322793589103,-0.024026195614318888,-0.8818194169848257,1.0,1.0,0.1426927929158916,0.013557264983255038,0.027240714905311544,False
3164,2025-07-07 16:40:54,2025-07-07 17:40:54,60.0,2.566666666666667,3.566666666666667,348,55,True,eligible,-0.011795024586933996,0.012544556838948168,0.027842268704909384,-0.03826984714234218,0.07126606491159176,-0.024339581425882162,-0.8740411531514454,1.0,1.0,0.14452378982677402,0.012539689896051571,0.02784161179967814,False
3165,2025-07-07 16:41:54,2025-07-07 17:41:54,60.0,2.5833333333333335,3.5833333333333335,348,55,True,eligible,-0.011870190512742598,0.011782579711272681,0.02789269770137195,-0.03909817523270473,0.07018814084158664,-0.02365277022401528,-0.8478457528661535,1.0,1.0,0.1440004081466155,0.0117778501031495,0.027891913754299752,False
3166,2025-07-07 16:42:54,2025-07-07 17:42:54,60.0,2.6,3.6,350,55,True,eligible,-0.011875776190263683,0.010339277026019139,0.027792874312381553,-0.04074902164834247,0.0687107447151276,-0.022215053216282823,-0.7991765519991773,1.0,1.0,0.1420831336609928,0.010334834903800327,0.027791870317645254,False
3167,2025-07-07 16:43:54,2025-07-07 17:43:54,60.0,2.6166666666666667,3.6166666666666667,342,54,True,eligible,-0.012390041191819218,0.01064948940039925,0.028513568943129824,-0.04156557451784415,0.07048284699639291,-0.023039530592218468,-0.807886362698014,1.0,1.0,0.14580972421930644,0.01064488241567775,0.0285125788366691,False
3168,2025-07-07 16:44:54,2025-07-07 17:44:54,60.0,2.6333333333333333,3.6333333333333333,326,56,True,eligible,-0.010987792371258062,0.014042855048131861,0.028554621985378503,-0.03803616682482153,0.07464699062253408,-0.02503064741938992,-0.8764333243383757,1.0,1.0,0.14939886163340327,0.014037849919673676,0.02855396023402434,False
3169,2025-07-07 16:45:54,2025-07-07 17:45:54,60.0,2.65,3.65,321,56,True,eligible,-0.010765866714966894,0.014515200495673796,0.029146496362579117,-0.03835276412522567,0.07675431468890889,-0.02528106721064069,-0.8672273355189362,1.0,1.0,0.1526766705690309,0.014510145293272148,0.029145774092919068,False
3170,2025-07-07 16:46:54,2025-07-07 17:46:54,60.0,2.6666666666666665,3.6666666666666665,320,57,True,eligible,-0.014006024624512895,0.01541553974393596,0.02930667100950676,-0.03742629653917191,0.07810906393887021,-0.029421564368448856,-1.0037188702240787,1.0,1.0,0.15433902548894446,0.015409656607689518,0.029306693442592555,False
3171,2025-07-07 16:47:54,2025-07-07 17:47:54,60.0,2.683333333333333,3.683333333333333,297,56,True,eligible,-0.00810828782976411,0.015138465312250321,0.029188282812509122,-0.03758962455446538,0.07601087930050734,-0.02324675314201443,-0.7963111475973598,1.0,1.0,0.15349679447821496,0.015133816891306108,0.02918721506184686,False
3172,2025-07-07 16:48:54,2025-07-07 17:48:54,60.0,2.7,3.7,289,56,True,eligible,-0.007428845645530582,0.012985323371018867,0.029321552696456366,-0.03936633924304944,0.07367178141679852,-0.02041416901654945,-0.6961138512642308,1.0,1.0,0.15197388709243526,0.01298124135361904,0.029320041487584714,False
3173,2025-07-07 16:49:54,2025-07-07 17:49:54,60.0,2.716666666666667,3.716666666666667,299,56,True,eligible,-0.008923631588324397,0.011384106319541237,0.028656490012118067,-0.040138117992820334,0.07121113486234616,-0.020307737907865636,-0.7085546122134324,1.0,1.0,0.14722033917678642,0.01138004558410675,0.028655063170085225,False
3174,2025-07-07 16:50:54,2025-07-07 17:50:54,60.0,2.7333333333333334,3.7333333333333334,309,57,True,eligible,-0.013191790452940812,0.007905586398345758,0.028183267843329304,-0.04283143303687088,0.06657534364511326,-0.02109737685128657,-0.748461319486897,1.0,1.0,0.14149922443926255,0.00790136776670183,0.028182028476906363,False
3175,2025-07-07 16:51:54,2025-07-07 17:51:54,60.0,2.75,3.75,319,57,True,eligible,-0.014436395389932952,0.006127188956448596,0.027499226003191077,-0.04385362619937697,0.06355061772936017,-0.020563584346381548,-0.7476711900404925,1.0,1.0,0.13647833750122398,0.006123077061958217,0.027498013466023354,False
3176,2025-07-07 16:52:54,2025-07-07 17:52:54,60.0,2.7666666666666666,3.7666666666666666,318,57,True,eligible,-0.01443916617250176,0.0056531911166817885,0.02739748486079038,-0.043849874305379594,0.06311091144716385,-0.020092357289183547,-0.7332522834881411,1.0,1.0,0.13552187042979028,0.005649173448757537,0.02739621829160548,False
3177,2025-07-07 16:53:54,2025-07-07 17:53:54,60.0,2.783333333333333,3.783333333333333,317,57,True,eligible,-0.013882857902725025,0.005374328838701436,0.027406992561210396,-0.044400194791041965,0.06332244847065399,-0.01925718674142646,-0.7025327967745423,1.0,1.0,0.1352876714481511,0.005370478171486595,0.027405604638825742,False
3178,2025-07-07 16:54:54,2025-07-07 17:54:54,60.0,2.8,3.8,311,57,True,eligible,-0.014640680355785599,0.004383451947930908,0.02704670264237483,-0.04502525448634745,0.06122431660256704,-0.019024132303716506,-0.7032757287632506,1.0,1.0,0.13258897453275337,0.004379647882283294,0.027045335791009303,False
3179,2025-07-07 16:55:54,2025-07-07 17:55:54,60.0,2.816666666666667,3.816666666666667,311,57,True,eligible,-0.014640680355785599,0.004383451947930908,0.02704670264237483,-0.04502525448634745,0.06122431660256704,-0.019024132303716506,-0.7032757287632506,1.0,1.0,0.13258897453275337,0.004379647882283294,0.027045335791009303,False
3180,2025-07-07 16:56:54,2025-07-07 17:56:54,60.0,2.8333333333333335,3.8333333333333335,303,57,True,eligible,-0.014040465398622026,0.005227418209910596,0.02708355195471177,-0.04440809574820942,0.06211263554399281,-0.019267883608532623,-0.7113166878788765,1.0,1.0,0.13360771471098468,0.005223565403750121,0.027082214055481914,False
3181,2025-07-07 16:57:54,2025-07-07 17:57:54,60.0,2.85,3.85,289,57,True,eligible,-0.016998505594300987,0.004047307358153148,0.02660675017039145,-0.04447086114690312,0.05999723964813816,-0.021045812952454133,-0.7908666953813512,1.0,1.0,0.1301685727039717,0.004043099037226842,0.026605753857648146,False
3182,2025-07-07 16:58:54,2025-07-07 17:58:54,60.0,2.8666666666666667,3.8666666666666667,286,57,True,eligible,-0.017011835702735352,0.002702571258039904,0.026314510493194276,-0.04509437301624599,0.05737094769327489,-0.019714406960775255,-0.7490669414317982,1.0,1.0,0.12743797946893815,0.0026986291650663435,0.02631335569305232,False
3183,2025-07-07 16:59:54,2025-07-07 17:59:54,60.0,2.8833333333333333,3.8833333333333333,283,57,True,eligible,-0.01789736466942688,0.0024462561018192826,0.02620526605075028,-0.04539609406534374,0.05712585967927261,-0.020343620771246164,-0.7761936576662833,1.0,1.0,0.1266641983913124,0.002442188191247148,0.026204224499627147,False
3184,2025-07-07 17:00:54,2025-07-07 18:00:54,60.0,2.9,3.9,281,57,True,eligible,-0.017456500298845743,0.0035279037810949,0.026669510741751893,-0.045096608252121556,0.05948335224657542,-0.020984404079940643,-0.7867038760448491,1.0,1.0,0.1299466058203853,0.003523707739487233,0.026668494559618665,False
3185,2025-07-07 17:01:54,2025-07-07 18:01:54,60.0,2.9166666666666665,3.9166666666666665,248,52,True,eligible,-0.014125598592381718,0.0051882768631645974,0.027549693677745946,-0.04380188785313061,0.06281306372596387,-0.019313875455546317,-0.7009513752655101,1.0,1.0,0.13577802434225503,0.005184414860474025,0.02754829241263903,False
3186,2025-07-07 17:02:54,2025-07-07 18:02:54,60.0,2.933333333333333,3.933333333333333,236,52,True,eligible,-0.015874767158075127,0.004800567882165086,0.028602831979905277,-0.045865271491884275,0.0660263679617097,-0.020675335040240213,-0.7227322157920661,1.0,1.0,0.14038264740562784,0.00479643364200507,0.028601465865785356,False
3187,2025-07-07 17:03:54,2025-07-07 18:03:54,60.0,2.95,3.95,231,51,True,eligible,-0.017532090580941996,0.003105028150450583,0.02848713126619505,-0.047347646708003295,0.06428223648451085,-0.020637118731392578,-0.7243261067345959,1.0,1.0,0.13813868953101413,0.0031009015520239887,0.028485777250227193,False
3188,2025-07-07 17:04:54,2025-07-07 18:04:54,60.0,2.966666666666667,3.966666666666667,231,51,True,eligible,-0.017532090580941996,0.003105028150450583,0.02848713126619505,-0.047347646708003295,0.06428223648451085,-0.020637118731392578,-0.7243261067345959,1.0,1.0,0.13813868953101413,0.0031009015520239887,0.028485777250227193,False
3189,2025-07-07 17:05:54,2025-07-07 18:05:54,60.0,2.9833333333333334,3.9833333333333334,215,50,True,eligible,-0.005780330061557624,-0.005166088167098288,0.02814623366321131,-0.05483101148265343,0.05476335164014895,-0.0006142418944593362,-0.02182105321316198,1.0,1.0,0.12824862202955034,-0.005166210990912417,0.02814342023944029,False
3190,2025-07-07 17:06:54,2025-07-07 18:06:54,60.0,3.0,4.0,205,50,True,eligible,0.003109926420653004,-0.005681843892710848,0.028538963885882656,-0.05531838193057305,0.05625899063025592,0.008791770313363851,0.30802828206553035,1.0,1.0,0.12959758925724127,-0.005680085890248667,0.028536380659460587,False
3191,2025-07-07 17:07:54,2025-07-07 18:07:54,60.0,3.0166666666666666,4.016666666666667,205,50,True,eligible,0.003109926420653004,-0.005681843892710848,0.028538963885882656,-0.05531838193057305,0.05625899063025592,0.008791770313363851,0.30802828206553035,1.0,1.0,0.12959758925724127,-0.005680085890248667,0.028536380659460587,False
3192,2025-07-07 17:08:54,2025-07-07 18:08:54,60.0,3.033333333333333,4.033333333333333,205,50,True,eligible,0.003109926420653004,-0.005681843892710848,0.028538963885882656,-0.05531838193057305,0.05625899063025592,0.008791770313363851,0.30802828206553035,1.0,1.0,0.12959758925724127,-0.005680085890248667,0.028536380659460587,False
3193,2025-07-07 17:09:54,2025-07-07 18:09:54,60.0,3.05,4.05,248,57,True,eligible,-0.013455419587220123,0.0025950979827760443,0.027582148853266875,-0.04676195903316474,0.06116630232684786,-0.01605051756999617,-0.581838990608826,1.0,1.0,0.1333373467099116,0.0025918885211543684,0.027580324397962524,False
3194,2025-07-07 17:10:54,2025-07-07 18:10:54,60.0,3.066666666666667,4.066666666666666,220,53,True,eligible,-0.010386204077171748,0.015488020205740903,0.028107771925726055,-0.03366674289692566,0.07596647150371257,-0.025874224282912653,-0.9203662881468627,1.0,1.0,0.148726651605321,0.015482846395646342,0.028107342485245577,False
3195,2025-07-07 17:11:54,2025-07-07 18:11:54,60.0,3.0833333333333335,4.083333333333333,220,53,True,eligible,-0.010275067074426828,0.014199619014822983,0.02785430019440203,-0.034708350608694705,0.07345316647736476,-0.02447468608924981,-0.8785124783958067,1.0,1.0,0.14623596283043386,0.01419472505639682,0.027853664839805475,False
3196,2025-07-07 17:12:54,2025-07-07 18:12:54,60.0,3.1,4.1,210,51,True,eligible,-0.010694921763750136,0.009179092714518522,0.027653580008040236,-0.03879835411056307,0.06837614636168744,-0.019874014478268656,-0.7185688601673693,1.0,1.0,0.14026150771646273,0.009175118706424488,0.027652242633429018,False
3197,2025-07-07 17:13:54,2025-07-07 18:13:54,60.0,3.1166666666666667,4.116666666666666,209,51,True,eligible,-0.011973696405156414,0.009258269879721203,0.02765311385144096,-0.03871027516847152,0.06838467753861034,-0.02123196628487762,-0.7676745748064395,1.0,1.0,0.14033916061433122,0.009254024335573055,0.027651978373885576,False
3198,2025-07-07 17:14:54,2025-07-07 18:14:54,60.0,3.1333333333333333,4.133333333333334,209,51,True,eligible,-0.011973696405156414,0.009258269879721203,0.02765311385144096,-0.03871027516847152,0.06838467753861034,-0.02123196628487762,-0.7676745748064395,1.0,1.0,0.14033916061433122,0.009254024335573055,0.027651978373885576,False
3199,2025-07-07 17:15:54,2025-07-07 18:15:54,60.0,3.15,4.15,208,51,True,eligible,-0.011545035021323601,0.008541695858622406,0.027533205747378196,-0.039278927107640305,0.06761019399340512,-0.02008673087994601,-0.729433913230013,1.0,1.0,0.13905366307790049,0.008537679315754991,0.02753191752238409,False
3200,2025-07-07 17:16:54,2025-07-07 18:16:54,60.0,3.1666666666666665,4.166666666666667,206,51,True,eligible,-0.01135562471205955,0.006928349631035445,0.02743776659536307,-0.04087021029843744,0.06596576990565477,-0.018283974343094995,-0.6662836326422257,1.0,1.0,0.13698711926243665,0.006924693567379557,0.027436240939832737,False
3201,2025-07-07 17:17:54,2025-07-07 18:17:54,60.0,3.183333333333333,4.183333333333334,207,52,True,eligible,-0.007878059162951763,0.007407295593579805,0.027345917016059512,-0.040363986324390706,0.06573050070531003,-0.015285354756531568,-0.5588896229773067,1.0,1.0,0.13702956696776664,0.007404239133920429,0.0273440365835755,False
3202,2025-07-07 17:18:54,2025-07-07 18:18:54,60.0,3.2,4.2,205,51,True,eligible,-0.009478591998079083,0.006537227335498018,0.027352794034922957,-0.041234030892519084,0.06521208239336189,-0.0160158193335771,-0.5854491239203952,1.0,1.0,0.13619234531954447,0.006534024812135976,0.02735099627955431,False
3203,2025-07-07 17:19:54,2025-07-07 18:19:54,60.0,3.216666666666667,4.216666666666667,203,51,True,eligible,-0.012424767743359193,0.006525216845123167,0.027228037600258034,-0.04123425442226422,0.06513453100993644,-0.01894998458848236,-0.6958699261718033,1.0,1.0,0.1355902015204828,0.0065214276060532855,0.027226633364717145,False
3204,2025-07-07 17:20:54,2025-07-07 18:20:54,60.0,3.2333333333333334,4.233333333333333,201,51,True,eligible,-0.015673217817001775,0.006411404872404026,0.02700097737491421,-0.04133015141205093,0.06412363901213086,-0.0220846226894058,-0.8177829100562843,1.0,1.0,0.13440179426192633,0.00640698883107441,0.02700008324526677,False
3205,2025-07-07 17:21:54,2025-07-07 18:21:54,60.0,3.25,4.25,190,47,True,eligible,-0.009963649896774677,0.009605137886034386,0.027202918343531793,-0.03781770764086728,0.06842275030456625,-0.019568787782809065,-0.7192544148484674,1.0,1.0,0.1385513531315292,0.009601224911072816,0.02720160544578572,False
3206,2025-07-07 17:22:54,2025-07-07 18:22:54,60.0,3.2666666666666666,4.266666666666667,189,47,True,eligible,-0.009150182557021026,0.010549098177630249,0.027371497634952714,-0.037091426113429755,0.06960425000674711,-0.019699280734651277,-0.7195912908584986,1.0,1.0,0.14029441086876424,0.010545159109296985,0.027370177928113547,False
3207,2025-07-07 17:23:54,2025-07-07 18:23:54,60.0,3.283333333333333,4.283333333333333,186,47,True,eligible,-0.011031260014367284,0.009146668081424393,0.026803512526989846,-0.03786003053994203,0.06664533833746844,-0.020177928095791678,-0.752691188276751,1.0,1.0,0.1362000816891937,0.009142633302760972,0.026802350859607353,False
3208,2025-07-07 17:24:54,2025-07-07 18:24:54,60.0,3.3,4.3,182,47,True,eligible,-0.015565038261008218,0.00811127655560403,0.026079611672646788,-0.03817823730003938,0.06362886876752318,-0.023676314816612247,-0.9076821148631095,1.0,1.0,0.13173564547935157,0.008106542239503927,0.02607915272637286,False
3209,2025-07-07 17:25:54,2025-07-07 18:25:54,60.0,3.316666666666667,4.316666666666666,175,46,True,eligible,-0.019200580430757404,0.004107003529188306,0.02497994355040289,-0.04100012409742914,0.05761007397337661,-0.02330758395994571,-0.9328774227436094,1.0,1.0,0.12251907343434729,0.004102342944513251,0.0249796198376592,False
3210,2025-07-07 17:26:54,2025-07-07 18:26:54,60.0,3.3333333333333335,4.333333333333333,169,46,True,eligible,-0.03374654690680985,0.0015177219045735234,0.02318953730583284,-0.03995691133280142,0.05074799496935383,-0.03526426881138338,-1.5201938642124948,1.0,1.0,0.11145587693492082,0.0015106704610999412,0.023192579708361125,False
3211,2025-07-07 17:27:54,2025-07-07 18:27:54,60.0,3.35,4.35,165,46,True,eligible,-0.04373834715480248,-0.0010303215723922819,0.02242233011773966,-0.04123682665950026,0.04692256622698806,-0.0427080255824102,-1.9038285450867454,1.0,1.0,0.10528287260442709,-0.0010388614695293367,0.022428220122798718,False
3212,2025-07-07 17:28:54,2025-07-07 18:28:54,60.0,3.3666666666666667,4.366666666666666,165,46,True,eligible,-0.04373834715480248,-0.0010303215723922819,0.02242233011773966,-0.04123682665950026,0.04692256622698806,-0.0427080255824102,-1.9038285450867454,1.0,1.0,0.10528287260442709,-0.0010388614695293367,0.022428220122798718,False
3213,2025-07-07 17:29:54,2025-07-07 18:29:54,60.0,3.3833333333333333,4.383333333333334,164,46,True,eligible,-0.04613513562668577,-0.0017500483547906295,0.022352394384023446,-0.042084265438146216,0.0461917142900068,-0.04438508727189514,-1.9847162964037486,1.0,1.0,0.10423452769398499,-0.0017589235971965276,0.02235896994945712,False
3214,2025-07-07 17:30:54,2025-07-07 18:30:54,60.0,3.4,4.4,162,46,True,eligible,-0.04771786176853875,-0.00307330859940886,0.022223907118387447,-0.043195372409742944,0.04520677686922767,-0.04464455316912989,-2.0078416669509256,1.0,1.0,0.10230291214780536,-0.0030822357246176445,0.02223065034391084,False
3215,2025-07-07 17:31:54,2025-07-07 18:31:54,60.0,3.4166666666666665,4.416666666666667,159,46,True,eligible,-0.04966733181863102,-0.004099134185518459,0.021982368674469996,-0.04334485824360398,0.043035469063847615,-0.04556819763311256,-2.0718456947434936,1.0,1.0,0.1001342580239431,-0.004108246002681649,0.02198961338266547,False
3216,2025-07-07 17:32:54,2025-07-07 18:32:54,60.0,3.433333333333333,4.433333333333334,159,46,True,eligible,-0.04966733181863102,-0.004099134185518459,0.021982368674469996,-0.04334485824360398,0.043035469063847615,-0.04556819763311256,-2.0718456947434936,1.0,1.0,0.1001342580239431,-0.004108246002681649,0.02198961338266547,False
3217,2025-07-07 17:33:54,2025-07-07 18:33:54,60.0,3.45,4.45,134,44,True,eligible,-0.05399681226391756,-0.00924232613934472,0.022130523217685872,-0.04697207729665885,0.038216604564416314,-0.04475448612457284,-2.021268167881258,1.0,1.0,0.0956916170537551,-0.009251275246748151,0.022137357985542692,False
3218,2025-07-07 17:34:54,2025-07-07 18:34:54,60.0,3.466666666666667,4.466666666666667,131,44,True,eligible,-0.053373360321886235,-0.008717869492747762,0.022073497286446968,-0.046092080789374885,0.03784873216377623,-0.04465549082913847,-2.022006900494828,1.0,1.0,0.09594570795171663,-0.008726798805051129,0.02208032104435902,False
3219,2025-07-07 17:35:54,2025-07-07 18:35:54,60.0,3.4833333333333334,4.483333333333333,127,44,True,eligible,-0.05277194679028552,-0.008157846961958455,0.022070521430546382,-0.04574327156995925,0.038515461611086634,-0.044614099828327064,-2.02040640117201,1.0,1.0,0.0964915594710767,-0.00816676799771697,0.022077329970194952,False
3220,2025-07-07 17:36:54,2025-07-07 18:36:54,60.0,3.5,4.5,125,44,True,eligible,-0.05274459911770245,-0.0076782169017591915,0.022269346171802068,-0.04515972560967512,0.0396644481024432,-0.04506638221594326,-2.0226653150741116,1.0,1.0,0.09791402179206438,-0.00768722837590755,0.022276236412420988,False
3221,2025-07-07 17:37:54,2025-07-07 18:37:54,60.0,3.5166666666666666,4.516666666666667,144,47,True,eligible,-0.0468937226750154,-0.005292949749014785,0.02154310055491589,-0.04211874561450896,0.041155826631402805,-0.04160077292600061,-1.9301359015362498,1.0,1.0,0.0968523848530193,-0.005301268239901808,0.021548977148194058,False
3222,2025-07-07 17:38:54,2025-07-07 18:38:54,60.0,3.533333333333333,4.533333333333333,147,46,True,eligible,-0.026888082313514326,-0.0030019487146540863,0.021515450413537324,-0.040094390732233594,0.04301103866208427,-0.02388613359886024,-1.1099373802676695,1.0,1.0,0.09899036243912933,-0.0030067249861195655,0.0215159501355253,False
3223,2025-07-07 17:39:54,2025-07-07 18:39:54,60.0,3.55,4.55,142,45,True,eligible,-0.024722592650494226,-0.002332437903397429,0.02142050699863179,-0.039435133694975116,0.043500231716503635,-0.022390154747096797,-1.0450485999306072,1.0,1.0,0.09920865889078809,-0.0023369150389197443,0.021420704848617494,False
3224,2025-07-07 17:40:54,2025-07-07 18:40:54,60.0,3.566666666666667,4.566666666666666,150,48,True,eligible,-0.0075253381026738585,-0.002148431099387061,0.0205448404133953,-0.038041787682154445,0.04110612497309343,-0.005376907003286797,-0.2616877311993473,1.0,1.0,0.09523492995375762,-0.002149506265754445,0.02054292653416081,False
3225,2025-07-07 17:41:54,2025-07-07 18:41:54,60.0,3.5833333333333335,4.583333333333333,148,48,True,eligible,-0.005132721144489303,-0.002215801758792283,0.02065547391246328,-0.03810974660138922,0.04208213108920732,-0.0029169193856970204,-0.141203343566193,1.0,1.0,0.09569198880294309,-0.002216385026015977,0.02065344944970239,False
3226,2025-07-07 17:42:54,2025-07-07 18:42:54,60.0,3.6,4.6,143,47,True,eligible,-0.0009224743788314414,-0.0018952259113392976,0.020504689306139558,-0.03711377878618829,0.04241572745250966,0.0009727515325078562,0.047435689366930295,1.0,1.0,0.09529844102138157,-0.0018950313999350772,0.02050264334898972,False
3227,2025-07-07 17:43:54,2025-07-07 18:43:54,60.0,3.6166666666666667,4.616666666666666,141,47,True,eligible,0.0034604987913261307,-0.0024810227301524834,0.02013630428727955,-0.037417385911841884,0.04104151444378253,0.005941521521478614,0.2950330790303316,1.0,1.0,0.09296827991091419,-0.0024798346634615255,0.02013446585146117,False
3228,2025-07-07 17:44:54,2025-07-07 18:44:54,60.0,3.6333333333333333,4.633333333333334,138,43,True,eligible,0.010758473931498156,-0.0017446529610867908,0.020972883122347036,-0.03812525288035243,0.04324184489350574,0.012503126892584947,0.596076021013216,1.0,1.0,0.09767409742530885,-0.001742152835733345,0.020971531023816072,False
3229,2025-07-07 17:45:54,2025-07-07 18:45:54,60.0,3.65,4.65,136,43,True,eligible,0.009857442594662404,-0.0018548640116086944,0.021479873618392195,-0.038927191795595874,0.04494220248249895,0.011712306606271098,0.5451981615782007,1.0,1.0,0.09996638747047994,-0.0018525220186860248,0.021478364085915587,False
3230,2025-07-07 17:46:54,2025-07-07 18:46:54,60.0,3.6666666666666665,4.666666666666667,132,42,True,eligible,0.014015816912520223,-0.0021647258001137337,0.021318863747936054,-0.038890962500240385,0.0450371886342079,0.016180542712633958,0.7588581415002897,1.0,1.0,0.09889701657730379,-0.002161490338663497,0.021317959663976992,False
3231,2025-07-07 17:47:54,2025-07-07 18:47:54,60.0,3.683333333333333,4.683333333333334,130,42,True,eligible,0.011972200244086129,-0.0023792990903969487,0.02126891775056629,-0.03922456316499279,0.04479481356015602,0.014351499334483077,0.6746657978566555,1.0,1.0,0.09844409971026559,-0.0023764293644752354,0.021267759021052348,False
3232,2025-07-07 17:48:54,2025-07-07 18:48:54,60.0,3.7,4.7,129,42,True,eligible,0.012517302323593991,-0.0020364274281370054,0.021793712261943463,-0.03969796410407238,0.04651347739452546,0.014553729751730997,0.6676983617029625,1.0,1.0,0.10127458570884404,-0.0020335172642194435,0.021792504553555615,False
3233,2025-07-07 17:49:54,2025-07-07 18:49:54,60.0,3.716666666666667,4.716666666666667,119,39,True,eligible,0.020299052617274407,-0.0008938406834512904,0.02228040235388469,-0.03937517770007496,0.04826772826217207,0.0211928933007257,0.9510087571761324,1.0,1.0,0.1047303881747783,-0.0008896029523373678,0.022280189756115475,False
3234,2025-07-07 17:50:54,2025-07-07 18:50:54,60.0,3.7333333333333334,4.733333333333333,106,34,True,eligible,0.033830876683227255,0.00270916602119052,0.02463628287114165,-0.039377511729401946,0.057725558667261756,0.031121710662036735,1.2629192093073571,1.0,1.0,0.11951147341777868,0.0027153891187034246,0.024637749853839812,False
3235,2025-07-07 17:51:54,2025-07-07 18:51:54,60.0,3.75,4.75,96,30,True,eligible,0.04645204411273236,0.007290057925810439,0.0290738669895367,-0.04049358777988092,0.07301663278378075,0.039161986186921925,1.3466034159091393,1.0,1.0,0.14513475451654875,0.007297888756881609,0.029076233502212237,False
3236,2025-07-07 17:52:54,2025-07-07 18:52:54,60.0,3.7666666666666666,4.766666666666667,96,30,True,eligible,0.04645204411273236,0.007290057925810439,0.0290738669895367,-0.04049358777988092,0.07301663278378075,0.039161986186921925,1.3466034159091393,1.0,1.0,0.14513475451654875,0.007297888756881609,0.029076233502212237,False
3237,2025-07-07 17:53:54,2025-07-07 18:53:54,60.0,3.783333333333333,4.783333333333333,96,30,True,eligible,0.04645204411273236,0.007290057925810439,0.0290738669895367,-0.04049358777988092,0.07301663278378075,0.039161986186921925,1.3466034159091393,1.0,1.0,0.14513475451654875,0.007297888756881609,0.029076233502212237,False
3238,2025-07-07 17:54:54,2025-07-07 18:54:54,60.0,3.8,4.8,96,30,True,eligible,0.04645204411273236,0.007290057925810439,0.0290738669895367,-0.04049358777988092,0.07301663278378075,0.039161986186921925,1.3466034159091393,1.0,1.0,0.14513475451654875,0.007297888756881609,0.029076233502212237,False
3239,2025-07-07 17:55:54,2025-07-07 18:55:54,60.0,3.816666666666667,4.816666666666666,96,30,True,eligible,0.04645204411273236,0.007290057925810439,0.0290738669895367,-0.04049358777988092,0.07301663278378075,0.039161986186921925,1.3466034159091393,1.0,1.0,0.14513475451654875,0.007297888756881609,0.029076233502212237,False
3240,2025-07-07 17:56:54,2025-07-07 18:56:54,60.0,3.8333333333333335,4.833333333333333,96,30,True,eligible,0.04645204411273236,0.007290057925810439,0.0290738669895367,-0.04049358777988092,0.07301663278378075,0.039161986186921925,1.3466034159091393,1.0,1.0,0.14513475451654875,0.007297888756881609,0.029076233502212237,False
3241,2025-07-07 17:57:54,2025-07-07 18:57:54,60.0,3.85,4.85,96,30,True,eligible,0.04645204411273236,0.007290057925810439,0.0290738669895367,-0.04049358777988092,0.07301663278378075,0.039161986186921925,1.3466034159091393,1.0,1.0,0.14513475451654875,0.007297888756881609,0.029076233502212237,False
3242,2025-07-07 17:58:54,2025-07-07 18:58:54,60.0,3.8666666666666667,4.866666666666666,96,30,True,eligible,0.04645204411273236,0.007290057925810439,0.0290738669895367,-0.04049358777988092,0.07301663278378075,0.039161986186921925,1.3466034159091393,1.0,1.0,0.14513475451654875,0.007297888756881609,0.029076233502212237,False
3243,2025-07-07 17:59:54,2025-07-07 18:59:54,60.0,3.8833333333333333,4.883333333333334,96,30,True,eligible,0.04645204411273236,0.007290057925810439,0.0290738669895367,-0.04049358777988092,0.07301663278378075,0.039161986186921925,1.3466034159091393,1.0,1.0,0.14513475451654875,0.007297888756881609,0.029076233502212237,False
3244,2025-07-07 18:00:54,2025-07-07 19:00:54,60.0,3.9,4.9,96,30,True,eligible,0.04645204411273236,0.007290057925810439,0.0290738669895367,-0.04049358777988092,0.07301663278378075,0.039161986186921925,1.3466034159091393,1.0,1.0,0.14513475451654875,0.007297888756881609,0.029076233502212237,False
3245,2025-07-07 18:01:54,2025-07-07 19:01:54,60.0,3.9166666666666665,4.916666666666667,96,30,True,eligible,0.04645204411273236,0.007290057925810439,0.0290738669895367,-0.04049358777988092,0.07301663278378075,0.039161986186921925,1.3466034159091393,1.0,1.0,0.14513475451654875,0.007297888756881609,0.029076233502212237,False
3246,2025-07-07 18:02:54,2025-07-07 19:02:54,60.0,3.933333333333333,4.933333333333334,96,30,True,eligible,0.04645204411273236,0.007290057925810439,0.0290738669895367,-0.04049358777988092,0.07301663278378075,0.039161986186921925,1.3466034159091393,1.0,1.0,0.14513475451654875,0.007297888756881609,0.029076233502212237,False
3247,2025-07-07 18:03:54,2025-07-07 19:03:54,60.0,3.95,4.95,96,30,True,eligible,0.04645204411273236,0.007290057925810439,0.0290738669895367,-0.04049358777988092,0.07301663278378075,0.039161986186921925,1.3466034159091393,1.0,1.0,0.14513475451654875,0.007297888756881609,0.029076233502212237,False
3248,2025-07-07 18:04:54,2025-07-07 19:04:54,60.0,3.966666666666667,4.966666666666667,96,30,True,eligible,0.04645204411273236,0.007290057925810439,0.0290738669895367,-0.04049358777988092,0.07301663278378075,0.039161986186921925,1.3466034159091393,1.0,1.0,0.14513475451654875,0.007297888756881609,0.029076233502212237,False
3249,2025-07-07 18:05:54,2025-07-07 19:05:54,60.0,3.9833333333333334,4.983333333333333,96,30,True,eligible,0.04645204411273236,0.007290057925810439,0.0290738669895367,-0.04049358777988092,0.07301663278378075,0.039161986186921925,1.3466034159091393,1.0,1.0,0.14513475451654875,0.007297888756881609,0.029076233502212237,False
3250,2025-07-07 18:06:54,2025-07-07 19:06:54,60.0,4.0,5.0,96,30,True,eligible,0.04645204411273236,0.007290057925810439,0.0290738669895367,-0.04049358777988092,0.07301663278378075,0.039161986186921925,1.3466034159091393,1.0,1.0,0.14513475451654875,0.007297888756881609,0.029076233502212237,False
3251,2025-07-07 18:07:54,2025-07-07 19:07:54,60.0,4.016666666666667,5.016666666666667,96,30,True,eligible,0.04645204411273236,0.007290057925810439,0.0290738669895367,-0.04049358777988092,0.07301663278378075,0.039161986186921925,1.3466034159091393,1.0,1.0,0.14513475451654875,0.007297888756881609,0.029076233502212237,False
3252,2025-07-07 18:08:54,2025-07-07 19:08:54,60.0,4.033333333333333,5.033333333333333,96,30,True,eligible,0.04645204411273236,0.007290057925810439,0.0290738669895367,-0.04049358777988092,0.07301663278378075,0.039161986186921925,1.3466034159091393,1.0,1.0,0.14513475451654875,0.007297888756881609,0.029076233502212237,False
3253,2025-07-07 18:09:54,2025-07-07 19:09:54,60.0,4.05,5.05,51,19,True,eligible,0.04273431822111721,-0.003058849103629353,0.029250411849272358,-0.05042949618868386,0.06357386073324357,0.04579316732474656,1.5650162924145485,0.9992001599680064,0.9992001599680064,0.13563298300887502,-0.0030496923015248248,0.029254654245167794,False
3254,2025-07-07 18:10:54,2025-07-07 19:10:54,60.0,4.066666666666666,5.066666666666666,51,19,True,eligible,0.04273431822111721,-0.003058849103629353,0.029250411849272358,-0.05042949618868386,0.06357386073324357,0.04579316732474656,1.5650162924145485,0.9992001599680064,0.9992001599680064,0.13563298300887502,-0.0030496923015248248,0.029254654245167794,False
3255,2025-07-07 18:11:54,2025-07-07 19:11:54,60.0,4.083333333333333,5.083333333333333,50,18,True,eligible,0.04517645050945898,-0.00267153158272114,0.029240497110210095,-0.0499483308201182,0.06315539987158104,0.04784798209218012,1.6357585536391765,0.999000199960008,0.999000199960008,0.13597684484046038,-0.00266196389983928,0.02924540073647733,False
3256,2025-07-07 18:12:54,2025-07-07 19:12:54,60.0,4.1,5.1,50,18,True,eligible,0.04517645050945898,-0.00267153158272114,0.029240497110210095,-0.0499483308201182,0.06315539987158104,0.04784798209218012,1.6357585536391765,0.999000199960008,0.999000199960008,0.13597684484046038,-0.00266196389983928,0.02924540073647733,False
3257,2025-07-07 18:13:54,2025-07-07 19:13:54,60.0,4.116666666666666,5.116666666666666,50,18,True,eligible,0.04517645050945898,-0.00267153158272114,0.029240497110210095,-0.0499483308201182,0.06315539987158104,0.04784798209218012,1.6357585536391765,0.999000199960008,0.999000199960008,0.13597684484046038,-0.00266196389983928,0.02924540073647733,False
3258,2025-07-07 18:14:54,2025-07-07 19:14:54,60.0,4.133333333333334,5.133333333333334,50,18,True,eligible,0.04517645050945898,-0.00267153158272114,0.029240497110210095,-0.0499483308201182,0.06315539987158104,0.04784798209218012,1.6357585536391765,0.999000199960008,0.999000199960008,0.13597684484046038,-0.00266196389983928,0.02924540073647733,False
3259,2025-07-07 18:15:54,2025-07-07 19:15:54,60.0,4.15,5.15,50,18,True,eligible,0.04517645050945898,-0.00267153158272114,0.029240497110210095,-0.0499483308201182,0.06315539987158104,0.04784798209218012,1.6357585536391765,0.999000199960008,0.999000199960008,0.13597684484046038,-0.00266196389983928,0.02924540073647733,False
3260,2025-07-07 18:16:54,2025-07-07 19:16:54,60.0,4.166666666666667,5.166666666666667,50,18,True,eligible,0.04517645050945898,-0.00267153158272114,0.029240497110210095,-0.0499483308201182,0.06315539987158104,0.04784798209218012,1.6357585536391765,0.999000199960008,0.999000199960008,0.13597684484046038,-0.00266196389983928,0.02924540073647733,False
3261,2025-07-07 18:17:54,2025-07-07 19:17:54,60.0,4.183333333333334,5.183333333333334,49,17,True,eligible,0.038511652996029225,-0.0033053330976430596,0.02916013556090076,-0.050019225757777994,0.06285091563810408,0.041816986093672286,1.4336082102598449,0.9996000799840032,0.9996000799840032,0.13495223280457005,-0.0032969713727693003,0.029163214935285987,False
3262,2025-07-07 18:18:54,2025-07-07 19:18:54,60.0,4.2,5.2,49,17,True,eligible,0.038511652996029225,-0.0033053330976430596,0.02916013556090076,-0.050019225757777994,0.06285091563810408,0.041816986093672286,1.4336082102598449,0.9996000799840032,0.9996000799840032,0.13495223280457005,-0.0032969713727693003,0.029163214935285987,False
3263,2025-07-07 18:19:54,2025-07-07 19:19:54,60.0,4.216666666666667,5.216666666666667,49,17,True,eligible,0.038511652996029225,-0.0033053330976430596,0.02916013556090076,-0.050019225757777994,0.06285091563810408,0.041816986093672286,1.4336082102598449,0.9996000799840032,0.9996000799840032,0.13495223280457005,-0.0032969713727693003,0.029163214935285987,False
3264,2025-07-07 18:20:54,2025-07-07 19:20:54,60.0,4.233333333333333,5.233333333333333,49,17,True,eligible,0.038511652996029225,-0.0033053330976430596,0.02916013556090076,-0.050019225757777994,0.06285091563810408,0.041816986093672286,1.4336082102598449,0.9996000799840032,0.9996000799840032,0.13495223280457005,-0.0032969713727693003,0.029163214935285987,False
3265,2025-07-07 18:21:54,2025-07-07 19:21:54,60.0,4.25,5.25,49,17,True,eligible,0.038511652996029225,-0.0033053330976430596,0.02916013556090076,-0.050019225757777994,0.06285091563810408,0.041816986093672286,1.4336082102598449,0.9996000799840032,0.9996000799840032,0.13495223280457005,-0.0032969713727693003,0.029163214935285987,False
3266,2025-07-07 18:22:54,2025-07-07 19:22:54,60.0,4.266666666666667,5.266666666666667,49,17,True,eligible,0.038511652996029225,-0.0033053330976430596,0.02916013556090076,-0.050019225757777994,0.06285091563810408,0.041816986093672286,1.4336082102598449,0.9996000799840032,0.9996000799840032,0.13495223280457005,-0.0032969713727693003,0.029163214935285987,False
3267,2025-07-07 18:23:54,2025-07-07 19:23:54,60.0,4.283333333333333,5.283333333333333,50,17,True,eligible,0.03741792240148999,-0.0028173130932970603,0.029202816652018942,-0.04903414018380638,0.06552999374693376,0.04023523549478705,1.377386947386411,1.0,1.0,0.1356400996985666,-0.002809267655285705,0.02920543869905745,False
3268,2025-07-07 18:24:54,2025-07-07 19:24:54,60.0,4.3,5.3,58,19,True,eligible,0.05391527291704825,0.003432289383100657,0.029677884127059184,-0.04683174544312379,0.07031035587868387,0.05048298353394759,1.7003684396180287,0.9982003599280144,0.9982003599280144,0.14415802367036892,0.003442383960891886,0.02968350139896422,False
3269,2025-07-07 18:25:54,2025-07-07 19:25:54,60.0,4.316666666666666,5.316666666666666,58,19,True,eligible,0.05391527291704825,0.003432289383100657,0.029677884127059184,-0.04683174544312379,0.07031035587868387,0.05048298353394759,1.7003684396180287,0.9982003599280144,0.9982003599280144,0.14415802367036892,0.003442383960891886,0.02968350139896422,False
3270,2025-07-07 18:26:54,2025-07-07 19:26:54,60.0,4.333333333333333,5.333333333333333,58,19,True,eligible,0.05391527291704825,0.003432289383100657,0.029677884127059184,-0.04683174544312379,0.07031035587868387,0.05048298353394759,1.7003684396180287,0.9982003599280144,0.9982003599280144,0.14415802367036892,0.003442383960891886,0.02968350139896422,False
3271,2025-07-07 18:27:54,2025-07-07 19:27:54,60.0,4.35,5.35,58,19,True,eligible,0.05391527291704825,0.003432289383100657,0.029677884127059184,-0.04683174544312379,0.07031035587868387,0.05048298353394759,1.7003684396180287,0.9982003599280144,0.9982003599280144,0.14415802367036892,0.003442383960891886,0.02968350139896422,False
3272,2025-07-07 18:28:54,2025-07-07 19:28:54,60.0,4.366666666666666,5.366666666666666,58,19,True,eligible,0.05391527291704825,0.003432289383100657,0.029677884127059184,-0.04683174544312379,0.07031035587868387,0.05048298353394759,1.7003684396180287,0.9982003599280144,0.9982003599280144,0.14415802367036892,0.003442383960891886,0.02968350139896422,False
3273,2025-07-07 18:29:54,2025-07-07 19:29:54,60.0,4.383333333333334,5.383333333333334,58,19,True,eligible,0.05391527291704825,0.003432289383100657,0.029677884127059184,-0.04683174544312379,0.07031035587868387,0.05048298353394759,1.7003684396180287,0.9982003599280144,0.9982003599280144,0.14415802367036892,0.003442383960891886,0.02968350139896422,False
3274,2025-07-07 18:30:54,2025-07-07 19:30:54,60.0,4.4,5.4,58,19,True,eligible,0.05391527291704825,0.003432289383100657,0.029677884127059184,-0.04683174544312379,0.07031035587868387,0.05048298353394759,1.7003684396180287,0.9982003599280144,0.9982003599280144,0.14415802367036892,0.003442383960891886,0.02968350139896422,False
3275,2025-07-07 18:31:54,2025-07-07 19:31:54,60.0,4.416666666666667,5.416666666666667,58,19,True,eligible,0.05391527291704825,0.003432289383100657,0.029677884127059184,-0.04683174544312379,0.07031035587868387,0.05048298353394759,1.7003684396180287,0.9982003599280144,0.9982003599280144,0.14415802367036892,0.003442383960891886,0.02968350139896422,False
3276,2025-07-07 18:32:54,2025-07-07 19:32:54,60.0,4.433333333333334,5.433333333333334,58,19,True,eligible,0.05391527291704825,0.003432289383100657,0.029677884127059184,-0.04683174544312379,0.07031035587868387,0.05048298353394759,1.7003684396180287,0.9982003599280144,0.9982003599280144,0.14415802367036892,0.003442383960891886,0.02968350139896422,False
3277,2025-07-07 18:33:54,2025-07-07 19:33:54,60.0,4.45,5.45,58,19,True,eligible,0.05391527291704825,0.003432289383100657,0.029677884127059184,-0.04683174544312379,0.07031035587868387,0.05048298353394759,1.7003684396180287,0.9982003599280144,0.9982003599280144,0.14415802367036892,0.003442383960891886,0.02968350139896422,False
3278,2025-07-07 18:34:54,2025-07-07 19:34:54,60.0,4.466666666666667,5.466666666666667,58,19,True,eligible,0.05391527291704825,0.003432289383100657,0.029677884127059184,-0.04683174544312379,0.07031035587868387,0.05048298353394759,1.7003684396180287,0.9982003599280144,0.9982003599280144,0.14415802367036892,0.003442383960891886,0.02968350139896422,False
3279,2025-07-07 18:35:54,2025-07-07 19:35:54,60.0,4.483333333333333,5.483333333333333,58,19,True,eligible,0.05391527291704825,0.003432289383100657,0.029677884127059184,-0.04683174544312379,0.07031035587868387,0.05048298353394759,1.7003684396180287,0.9982003599280144,0.9982003599280144,0.14415802367036892,0.003442383960891886,0.02968350139896422,False
3280,2025-07-07 18:36:54,2025-07-07 19:36:54,60.0,4.5,5.5,58,19,True,eligible,0.05391527291704825,0.003432289383100657,0.029677884127059184,-0.04683174544312379,0.07031035587868387,0.05048298353394759,1.7003684396180287,0.9982003599280144,0.9982003599280144,0.14415802367036892,0.003442383960891886,0.02968350139896422,False
3281,2025-07-07 18:37:54,2025-07-07 19:37:54,60.0,4.516666666666667,5.516666666666667,35,15,True,eligible,0.0813101181054428,0.015942315840740153,0.032605115559529815,-0.039863630829171944,0.08666747838792208,0.06536780226470264,2.0038270519650414,0.9822035592881424,0.9822035592881424,0.17056768636321326,0.015955386787003843,0.03261495609331615,False
3282,2025-07-07 18:38:54,2025-07-07 19:38:54,60.0,4.533333333333333,5.533333333333333,24,14,True,eligible,0.11757757629932315,0.039742465840888676,0.03571517102030969,-0.02254421529817382,0.11668369301494061,0.07783511045843447,2.178076986986881,0.9572085582883423,0.9572085582883423,0.2091304567782642,0.03975802975019849,0.035728556434903185,False
3283,2025-07-07 18:39:54,2025-07-07 19:39:54,60.0,4.55,5.55,24,14,True,eligible,0.11757757629932315,0.039742465840888676,0.03571517102030969,-0.02254421529817382,0.11668369301494061,0.07783511045843447,2.178076986986881,0.9572085582883423,0.9572085582883423,0.2091304567782642,0.03975802975019849,0.035728556434903185,False
3284,2025-07-07 18:40:54,2025-07-07 19:40:54,60.0,4.566666666666666,5.566666666666666,12,10,True,eligible,0.09236008742947029,0.05180691302800731,0.03849705531916318,-0.01402938036903464,0.13470238397803921,0.04055317440146298,1.0531876085772376,1.0,1.0,0.23431360884015476,0.051815022041084985,0.038497476668148484,False
3285,2025-07-07 18:41:54,2025-07-07 19:41:54,60.0,4.583333333333333,5.583333333333333,13,10,True,eligible,0.09225510397707891,0.04975103977079846,0.03740491208570467,-0.01266005468117308,0.13416504306877133,0.04250406420628045,1.1360627863075339,1.0,1.0,0.22708394584067593,0.04975953888381711,0.03740600044772366,False
3286,2025-07-07 18:42:54,2025-07-07 19:42:54,60.0,4.6,5.6,18,10,True,eligible,0.08911175853381914,0.04952604325896304,0.03728197583099354,-0.012078102613539416,0.13341331430123568,0.039585715274856104,1.0615664943150747,1.0,1.0,0.2262726705718256,0.049533958818906015,0.03728244997073765,False
3287,2025-07-07 18:43:54,2025-07-07 19:43:54,60.0,4.616666666666666,5.616666666666666,19,11,True,eligible,0.08054360366740508,0.044307450443399725,0.03655853976552907,-0.015896787950928255,0.12605649537393468,0.036236153224005356,0.9909851980132199,1.0,1.0,0.21762137951598015,0.04431469622488822,0.036558474854266755,False
3288,2025-07-07 18:44:54,2025-07-07 19:44:54,60.0,4.633333333333334,5.633333333333334,16,11,True,eligible,0.07872327004352458,0.04475342206522441,0.036051052682618705,-0.016652999432283468,0.12376206396265464,0.033969847978300174,0.9420927896340704,1.0,1.0,0.21565952675233488,0.04476021467629785,0.03605064781402131,False
3289,2025-07-07 18:45:54,2025-07-07 19:45:54,60.0,4.65,5.65,16,11,True,eligible,0.07872327004352458,0.04475342206522441,0.036051052682618705,-0.016652999432283468,0.12376206396265464,0.033969847978300174,0.9420927896340704,1.0,1.0,0.21565952675233488,0.04476021467629785,0.03605064781402131,False
3290,2025-07-07 18:46:54,2025-07-07 19:46:54,60.0,4.666666666666667,5.666666666666667,19,11,True,eligible,0.03182567957026254,0.017791776231529867,0.02361675954271285,-0.022953245862932903,0.06921550114401322,0.014033903338732674,0.5941545423081502,1.0,1.0,0.1297433844467596,0.01779458245095373,0.02361523159412585,False
3291,2025-07-07 18:47:54,2025-07-07 19:47:54,60.0,4.683333333333334,5.683333333333334,19,11,True,eligible,0.03182567957026254,0.017791776231529867,0.02361675954271285,-0.022953245862932903,0.06921550114401322,0.014033903338732674,0.5941545423081502,1.0,1.0,0.1297433844467596,0.01779458245095373,0.02361523159412585,False
3292,2025-07-07 18:48:54,2025-07-07 19:48:54,60.0,4.7,5.7,22,11,True,eligible,0.00697990827633024,0.003323965961877358,0.014050270948458924,-0.021348563362593272,0.03279027267530919,0.003655942314452882,0.26017662657567664,1.0,1.0,0.06992427040508463,0.003324697004131797,0.01404896097050157,False
3293,2025-07-07 18:49:54,2025-07-07 19:49:54,60.0,4.716666666666667,5.716666666666667,22,11,True,eligible,0.00697990827633024,0.003323965961877358,0.014050270948458924,-0.021348563362593272,0.03279027267530919,0.003655942314452882,0.26017662657567664,1.0,1.0,0.06992427040508463,0.003324697004131797,0.01404896097050157,False
3294,2025-07-07 18:50:54,2025-07-07 19:50:54,60.0,4.733333333333333,5.733333333333333,22,11,True,eligible,0.00697990827633024,0.003323965961877358,0.014050270948458924,-0.021348563362593272,0.03279027267530919,0.003655942314452882,0.26017662657567664,1.0,1.0,0.06992427040508463,0.003324697004131797,0.01404896097050157,False
3295,2025-07-07 18:51:54,2025-07-07 19:51:54,60.0,4.75,5.75,22,11,True,eligible,0.00697990827633024,0.003323965961877358,0.014050270948458924,-0.021348563362593272,0.03279027267530919,0.003655942314452882,0.26017662657567664,1.0,1.0,0.06992427040508463,0.003324697004131797,0.01404896097050157,False
3296,2025-07-07 18:52:54,2025-07-07 19:52:54,60.0,4.766666666666667,5.766666666666667,22,11,True,eligible,0.00697990827633024,0.003323965961877358,0.014050270948458924,-0.021348563362593272,0.03279027267530919,0.003655942314452882,0.26017662657567664,1.0,1.0,0.06992427040508463,0.003324697004131797,0.01404896097050157,False
3297,2025-07-07 18:53:54,2025-07-07 19:53:54,60.0,4.783333333333333,5.783333333333333,23,11,True,eligible,0.007886444265288187,0.004198906810814177,0.014781353273263086,-0.02156112702329673,0.036135724126124674,0.00368753745447401,0.24944575873481453,1.0,1.0,0.07426457654327653,0.004199644170833068,0.014779967048365617,False
3298,2025-07-07 18:54:54,2025-07-07 19:54:54,60.0,4.8,5.8,23,11,True,eligible,0.007886444265288187,0.004198906810814177,0.014781353273263086,-0.02156112702329673,0.036135724126124674,0.00368753745447401,0.24944575873481453,1.0,1.0,0.07426457654327653,0.004199644170833068,0.014779967048365617,False
3299,2025-07-07 18:55:54,2025-07-07 19:55:54,60.0,4.816666666666666,5.816666666666666,23,11,True,eligible,0.007886444265288187,0.004198906810814177,0.014781353273263086,-0.02156112702329673,0.036135724126124674,0.00368753745447401,0.24944575873481453,1.0,1.0,0.07426457654327653,0.004199644170833068,0.014779967048365617,False
3300,2025-07-07 18:56:54,2025-07-07 19:56:54,60.0,4.833333333333333,5.833333333333333,23,11,True,eligible,0.007886444265288187,0.004198906810814177,0.014781353273263086,-0.02156112702329673,0.036135724126124674,0.00368753745447401,0.24944575873481453,1.0,1.0,0.07426457654327653,0.004199644170833068,0.014779967048365617,False
3301,2025-07-07 18:57:54,2025-07-07 19:57:54,60.0,4.85,5.85,23,11,True,eligible,0.007886444265288187,0.004198906810814177,0.014781353273263086,-0.02156112702329673,0.036135724126124674,0.00368753745447401,0.24944575873481453,1.0,1.0,0.07426457654327653,0.004199644170833068,0.014779967048365617,False
3302,2025-07-07 18:58:54,2025-07-07 19:58:54,60.0,4.866666666666666,5.866666666666666,23,11,True,eligible,0.007886444265288187,0.004198906810814177,0.014781353273263086,-0.02156112702329673,0.036135724126124674,0.00368753745447401,0.24944575873481453,1.0,1.0,0.07426457654327653,0.004199644170833068,0.014779967048365617,False
3303,2025-07-07 18:59:54,2025-07-07 19:59:54,60.0,4.883333333333334,5.883333333333334,23,11,True,eligible,0.007886444265288187,0.004198906810814177,0.014781353273263086,-0.02156112702329673,0.036135724126124674,0.00368753745447401,0.24944575873481453,1.0,1.0,0.07426457654327653,0.004199644170833068,0.014779967048365617,False
3304,2025-07-07 19:00:54,2025-07-07 20:00:54,60.0,4.9,5.9,23,11,True,eligible,0.007886444265288187,0.004198906810814177,0.014781353273263086,-0.02156112702329673,0.036135724126124674,0.00368753745447401,0.24944575873481453,1.0,1.0,0.07426457654327653,0.004199644170833068,0.014779967048365617,False
3305,2025-07-07 19:01:54,2025-07-07 20:01:54,60.0,4.916666666666667,5.916666666666667,23,11,True,eligible,0.007886444265288187,0.004198906810814177,0.014781353273263086,-0.02156112702329673,0.036135724126124674,0.00368753745447401,0.24944575873481453,1.0,1.0,0.07426457654327653,0.004199644170833068,0.014779967048365617,False
3306,2025-07-07 19:02:54,2025-07-07 20:02:54,60.0,4.933333333333334,5.933333333333334,23,11,True,eligible,0.007886444265288187,0.004198906810814177,0.014781353273263086,-0.02156112702329673,0.036135724126124674,0.00368753745447401,0.24944575873481453,1.0,1.0,0.07426457654327653,0.004199644170833068,0.014779967048365617,False
3307,2025-07-07 19:03:54,2025-07-07 20:03:54,60.0,4.95,5.95,23,11,True,eligible,0.007886444265288187,0.004198906810814177,0.014781353273263086,-0.02156112702329673,0.036135724126124674,0.00368753745447401,0.24944575873481453,1.0,1.0,0.07426457654327653,0.004199644170833068,0.014779967048365617,False
3308,2025-07-07 19:04:54,2025-07-07 20:04:54,60.0,4.966666666666667,5.966666666666667,23,11,True,eligible,0.007886444265288187,0.004198906810814177,0.014781353273263086,-0.02156112702329673,0.036135724126124674,0.00368753745447401,0.24944575873481453,1.0,1.0,0.07426457654327653,0.004199644170833068,0.014779967048365617,False
3309,2025-07-07 19:05:54,2025-07-07 20:05:54,60.0,4.983333333333333,5.983333333333333,23,11,True,eligible,0.007886444265288187,0.004198906810814177,0.014781353273263086,-0.02156112702329673,0.036135724126124674,0.00368753745447401,0.24944575873481453,1.0,1.0,0.07426457654327653,0.004199644170833068,0.014779967048365617,False
3310,2025-07-07 19:06:54,2025-07-07 20:06:54,60.0,5.0,6.0,23,11,True,eligible,0.007886444265288187,0.004198906810814177,0.014781353273263086,-0.02156112702329673,0.036135724126124674,0.00368753745447401,0.24944575873481453,1.0,1.0,0.07426457654327653,0.004199644170833068,0.014779967048365617,False
3311,2025-07-07 19:07:54,2025-07-07 20:07:54,60.0,5.016666666666667,6.016666666666667,23,11,True,eligible,0.007886444265288187,0.004198906810814177,0.014781353273263086,-0.02156112702329673,0.036135724126124674,0.00368753745447401,0.24944575873481453,1.0,1.0,0.07426457654327653,0.004199644170833068,0.014779967048365617,False
3312,2025-07-07 19:08:54,2025-07-07 20:08:54,60.0,5.033333333333333,6.033333333333333,23,11,True,eligible,0.007886444265288187,0.004198906810814177,0.014781353273263086,-0.02156112702329673,0.036135724126124674,0.00368753745447401,0.24944575873481453,1.0,1.0,0.07426457654327653,0.004199644170833068,0.014779967048365617,False
3313,2025-07-07 19:09:54,2025-07-07 20:09:54,60.0,5.05,6.05,23,11,True,eligible,0.007886444265288187,0.004198906810814177,0.014781353273263086,-0.02156112702329673,0.036135724126124674,0.00368753745447401,0.24944575873481453,1.0,1.0,0.07426457654327653,0.004199644170833068,0.014779967048365617,False
3314,2025-07-07 19:10:54,2025-07-07 20:10:54,60.0,5.066666666666666,6.066666666666666,23,11,True,eligible,0.007886444265288187,0.004198906810814177,0.014781353273263086,-0.02156112702329673,0.036135724126124674,0.00368753745447401,0.24944575873481453,1.0,1.0,0.07426457654327653,0.004199644170833068,0.014779967048365617,False
3315,2025-07-07 19:11:54,2025-07-07 20:11:54,60.0,5.083333333333333,6.083333333333333,23,11,True,eligible,0.007886444265288187,0.004198906810814177,0.014781353273263086,-0.02156112702329673,0.036135724126124674,0.00368753745447401,0.24944575873481453,1.0,1.0,0.07426457654327653,0.004199644170833068,0.014779967048365617,False
3316,2025-07-07 19:12:54,2025-07-07 20:12:54,60.0,5.1,6.1,23,11,True,eligible,0.007886444265288187,0.004198906810814177,0.014781353273263086,-0.02156112702329673,0.036135724126124674,0.00368753745447401,0.24944575873481453,1.0,1.0,0.07426457654327653,0.004199644170833068,0.014779967048365617,False
3317,2025-07-07 19:13:54,2025-07-07 20:13:54,60.0,5.116666666666666,6.116666666666666,23,11,True,eligible,0.007886444265288187,0.004198906810814177,0.014781353273263086,-0.02156112702329673,0.036135724126124674,0.00368753745447401,0.24944575873481453,1.0,1.0,0.07426457654327653,0.004199644170833068,0.014779967048365617,False
3318,2025-07-07 19:14:54,2025-07-07 20:14:54,60.0,5.133333333333334,6.133333333333334,23,11,True,eligible,0.007886444265288187,0.004198906810814177,0.014781353273263086,-0.02156112702329673,0.036135724126124674,0.00368753745447401,0.24944575873481453,1.0,1.0,0.07426457654327653,0.004199644170833068,0.014779967048365617,False
3319,2025-07-07 19:15:54,2025-07-07 20:15:54,60.0,5.15,6.15,24,11,True,eligible,0.0036699718859952084,0.0016563155502432676,0.012732014629895433,-0.020723556842477373,0.028891348630494126,0.002013656335751941,0.15814072342483199,1.0,1.0,0.06200737805106603,0.001656718200980271,0.012730773208912785,False
3320,2025-07-07 19:16:54,2025-07-07 20:16:54,60.0,5.166666666666667,6.166666666666667,24,11,True,eligible,0.0036699718859952084,0.0016563155502432676,0.012732014629895433,-0.020723556842477373,0.028891348630494126,0.002013656335751941,0.15814072342483199,1.0,1.0,0.06200737805106603,0.001656718200980271,0.012730773208912785,False
3321,2025-07-07 19:17:54,2025-07-07 20:17:54,60.0,5.183333333333334,6.183333333333334,24,11,True,eligible,0.0036699718859952084,0.0016563155502432676,0.012732014629895433,-0.020723556842477373,0.028891348630494126,0.002013656335751941,0.15814072342483199,1.0,1.0,0.06200737805106603,0.001656718200980271,0.012730773208912785,False
3322,2025-07-07 19:18:54,2025-07-07 20:18:54,60.0,5.2,6.2,24,11,True,eligible,0.0036699718859952084,0.0016563155502432676,0.012732014629895433,-0.020723556842477373,0.028891348630494126,0.002013656335751941,0.15814072342483199,1.0,1.0,0.06200737805106603,0.001656718200980271,0.012730773208912785,False
3323,2025-07-07 19:19:54,2025-07-07 20:19:54,60.0,5.216666666666667,6.216666666666667,24,11,True,eligible,0.0036699718859952084,0.0016563155502432676,0.012732014629895433,-0.020723556842477373,0.028891348630494126,0.002013656335751941,0.15814072342483199,1.0,1.0,0.06200737805106603,0.001656718200980271,0.012730773208912785,False
3324,2025-07-07 19:20:54,2025-07-07 20:20:54,60.0,5.233333333333333,6.233333333333333,24,11,True,eligible,0.0036699718859952084,0.0016563155502432676,0.012732014629895433,-0.020723556842477373,0.028891348630494126,0.002013656335751941,0.15814072342483199,1.0,1.0,0.06200737805106603,0.001656718200980271,0.012730773208912785,False
3325,2025-07-07 19:21:54,2025-07-07 20:21:54,60.0,5.25,6.25,24,11,True,eligible,0.0036699718859952084,0.0016563155502432676,0.012732014629895433,-0.020723556842477373,0.028891348630494126,0.002013656335751941,0.15814072342483199,1.0,1.0,0.06200737805106603,0.001656718200980271,0.012730773208912785,False
3326,2025-07-07 19:22:54,2025-07-07 20:22:54,60.0,5.266666666666667,6.266666666666667,24,11,True,eligible,0.0036699718859952084,0.0016563155502432676,0.012732014629895433,-0.020723556842477373,0.028891348630494126,0.002013656335751941,0.15814072342483199,1.0,1.0,0.06200737805106603,0.001656718200980271,0.012730773208912785,False
3327,2025-07-07 19:23:54,2025-07-07 20:23:54,60.0,5.283333333333333,6.283333333333333,23,11,True,eligible,0.002803895390018808,0.0008705532188219941,0.012067205877858178,-0.0203372550890285,0.025964071311574036,0.0019333421711968139,0.1601981404875628,1.0,1.0,0.05807036237998604,0.0008709398099380102,0.012066030068750176,False
3328,2025-07-07 19:24:54,2025-07-07 20:24:54,60.0,5.3,6.3,15,6,True,eligible,-0.010708807659669766,-0.007356794722769169,0.004824725520592634,-0.014582192548473196,0.0037832108490642637,-0.0033520129369005967,-0.694654249029697,1.0,1.0,0.015513125657243328,-0.007357464991302842,0.0048244758785368795,False
3329,2025-07-07 19:25:54,2025-07-07 20:25:54,60.0,5.316666666666666,6.316666666666666,15,6,True,eligible,-0.010708807659669766,-0.007356794722769169,0.004824725520592634,-0.014582192548473196,0.0037832108490642637,-0.0033520129369005967,-0.694654249029697,1.0,1.0,0.015513125657243328,-0.007357464991302842,0.0048244758785368795,False
3330,2025-07-07 19:26:54,2025-07-07 20:26:54,60.0,5.333333333333333,6.333333333333333,15,6,True,eligible,-0.010708807659669766,-0.007356794722769169,0.004824725520592634,-0.014582192548473196,0.0037832108490642637,-0.0033520129369005967,-0.694654249029697,1.0,1.0,0.015513125657243328,-0.007357464991302842,0.0048244758785368795,False
3331,2025-07-07 19:27:54,2025-07-07 20:27:54,60.0,5.35,6.35,15,6,True,eligible,-0.010708807659669766,-0.007356794722769169,0.004824725520592634,-0.014582192548473196,0.0037832108490642637,-0.0033520129369005967,-0.694654249029697,1.0,1.0,0.015513125657243328,-0.007357464991302842,0.0048244758785368795,False
3332,2025-07-07 19:28:54,2025-07-07 20:28:54,60.0,5.366666666666666,6.366666666666666,15,6,True,eligible,-0.010708807659669766,-0.007356794722769169,0.004824725520592634,-0.014582192548473196,0.0037832108490642637,-0.0033520129369005967,-0.694654249029697,1.0,1.0,0.015513125657243328,-0.007357464991302842,0.0048244758785368795,False
3333,2025-07-07 19:29:54,2025-07-07 20:29:54,60.0,5.383333333333334,6.383333333333334,15,6,True,eligible,-0.010708807659669766,-0.007356794722769169,0.004824725520592634,-0.014582192548473196,0.0037832108490642637,-0.0033520129369005967,-0.694654249029697,1.0,1.0,0.015513125657243328,-0.007357464991302842,0.0048244758785368795,False
3334,2025-07-07 19:30:54,2025-07-07 20:30:54,60.0,5.4,6.4,15,6,True,eligible,-0.010708807659669766,-0.007356794722769169,0.004824725520592634,-0.014582192548473196,0.0037832108490642637,-0.0033520129369005967,-0.694654249029697,1.0,1.0,0.015513125657243328,-0.007357464991302842,0.0048244758785368795,False
3335,2025-07-07 19:31:54,2025-07-07 20:31:54,60.0,5.416666666666667,6.416666666666667,15,6,True,eligible,-0.010708807659669766,-0.007356794722769169,0.004824725520592634,-0.014582192548473196,0.0037832108490642637,-0.0033520129369005967,-0.694654249029697,1.0,1.0,0.015513125657243328,-0.007357464991302842,0.0048244758785368795,False
3336,2025-07-07 19:32:54,2025-07-07 20:32:54,60.0,5.433333333333334,6.433333333333334,15,6,True,eligible,-0.010708807659669766,-0.007356794722769169,0.004824725520592634,-0.014582192548473196,0.0037832108490642637,-0.0033520129369005967,-0.694654249029697,1.0,1.0,0.015513125657243328,-0.007357464991302842,0.0048244758785368795,False
3337,2025-07-07 19:33:54,2025-07-07 20:33:54,60.0,5.45,6.45,15,6,True,eligible,-0.010708807659669766,-0.007356794722769169,0.004824725520592634,-0.014582192548473196,0.0037832108490642637,-0.0033520129369005967,-0.694654249029697,1.0,1.0,0.015513125657243328,-0.007357464991302842,0.0048244758785368795,False
3338,2025-07-07 19:34:54,2025-07-07 20:34:54,60.0,5.466666666666667,6.466666666666667,15,6,True,eligible,-0.010708807659669766,-0.007356794722769169,0.004824725520592634,-0.014582192548473196,0.0037832108490642637,-0.0033520129369005967,-0.694654249029697,1.0,1.0,0.015513125657243328,-0.007357464991302842,0.0048244758785368795,False
3339,2025-07-07 19:35:54,2025-07-07 20:35:54,60.0,5.483333333333333,6.483333333333333,15,6,True,eligible,-0.010708807659669766,-0.007356794722769169,0.004824725520592634,-0.014582192548473196,0.0037832108490642637,-0.0033520129369005967,-0.694654249029697,1.0,1.0,0.015513125657243328,-0.007357464991302842,0.0048244758785368795,False
3340,2025-07-07 19:36:54,2025-07-07 20:36:54,60.0,5.5,6.5,15,6,True,eligible,-0.010708807659669766,-0.007356794722769169,0.004824725520592634,-0.014582192548473196,0.0037832108490642637,-0.0033520129369005967,-0.694654249029697,1.0,1.0,0.015513125657243328,-0.007357464991302842,0.0048244758785368795,False
3341,2025-07-07 19:37:54,2025-07-07 20:37:54,60.0,5.516666666666667,6.516666666666667,15,6,True,eligible,-0.010708807659669766,-0.007356794722769169,0.004824725520592634,-0.014582192548473196,0.0037832108490642637,-0.0033520129369005967,-0.694654249029697,1.0,1.0,0.015513125657243328,-0.007357464991302842,0.0048244758785368795,False
3342,2025-07-07 19:38:54,2025-07-07 20:38:54,60.0,5.533333333333333,6.533333333333333,15,6,True,eligible,-0.010708807659669766,-0.007356794722769169,0.004824725520592634,-0.014582192548473196,0.0037832108490642637,-0.0033520129369005967,-0.694654249029697,1.0,1.0,0.015513125657243328,-0.007357464991302842,0.0048244758785368795,False
3343,2025-07-07 19:39:54,2025-07-07 20:39:54,60.0,5.55,6.55,15,6,True,eligible,-0.010708807659669766,-0.007356794722769169,0.004824725520592634,-0.014582192548473196,0.0037832108490642637,-0.0033520129369005967,-0.694654249029697,1.0,1.0,0.015513125657243328,-0.007357464991302842,0.0048244758785368795,False
3344,2025-07-07 19:40:54,2025-07-07 20:40:54,60.0,5.566666666666666,6.566666666666666,15,6,True,eligible,-0.010708807659669766,-0.007356794722769169,0.004824725520592634,-0.014582192548473196,0.0037832108490642637,-0.0033520129369005967,-0.694654249029697,1.0,1.0,0.015513125657243328,-0.007357464991302842,0.0048244758785368795,False
3345,2025-07-07 19:41:54,2025-07-07 20:41:54,60.0,5.583333333333333,6.583333333333333,14,6,True,eligible,-0.008999273350599052,-0.007515254047809854,0.003782604245979034,-0.013433697900169675,0.0011803394756943995,-0.0014840193027891978,-0.3922821466288714,1.0,1.0,0.01041449496448579,-0.00751555079232151,0.003782284182515336,False
3346,2025-07-07 19:42:54,2025-07-07 20:42:54,60.0,5.6,6.6,9,2,False,insufficient_merged_records_nodes_or_variation,,,,,,,,,,,,,False
3347,2025-07-07 19:43:54,2025-07-07 20:43:54,60.0,5.616666666666666,6.616666666666666,8,2,False,insufficient_merged_records_nodes_or_variation,,,,,,,,,,,,,False
3348,2025-07-07 19:44:54,2025-07-07 20:44:54,60.0,5.633333333333334,6.633333333333334,8,2,False,insufficient_merged_records_nodes_or_variation,,,,,,,,,,,,,False
3349,2025-07-07 19:45:54,2025-07-07 20:45:54,60.0,5.65,6.65,8,2,False,insufficient_merged_records_nodes_or_variation,,,,,,,,,,,,,False
3350,2025-07-07 19:46:54,2025-07-07 20:46:54,60.0,5.666666666666667,6.666666666666667,5,2,False,insufficient_merged_records_nodes_or_variation,,,,,,,,,,,,,False
3351,2025-07-07 19:47:54,2025-07-07 20:47:54,60.0,5.683333333333334,6.683333333333334,5,2,False,insufficient_merged_records_nodes_or_variation,,,,,,,,,,,,,False
3352,2025-07-07 19:48:54,2025-07-07 20:48:54,60.0,5.7,6.7,2,2,False,insufficient_merged_records_nodes_or_variation,,,,,,,,,,,,,False
3353,2025-07-07 19:49:54,2025-07-07 20:49:54,60.0,5.716666666666667,6.716666666666667,2,2,False,insufficient_merged_records_nodes_or_variation,,,,,,,,,,,,,False
3354,2025-07-07 19:50:54,2025-07-07 20:50:54,60.0,5.733333333333333,6.733333333333333,15,10,True,eligible,0.07181418488796026,0.04278579240082881,0.02812626356297267,-0.002737368892855201,0.10672118247923588,0.029028392487131453,1.0318611771258805,1.0,1.0,0.17612596432392139,0.042791596918422714,0.028126446282605883,False
3355,2025-07-07 19:51:54,2025-07-07 20:51:54,60.0,5.75,6.75,15,10,True,eligible,0.07181418488796026,0.04278579240082881,0.02812626356297267,-0.002737368892855201,0.10672118247923588,0.029028392487131453,1.0318611771258805,1.0,1.0,0.17612596432392139,0.042791596918422714,0.028126446282605883,False
3356,2025-07-07 19:52:54,2025-07-07 20:52:54,60.0,5.766666666666667,6.766666666666667,15,10,True,eligible,0.07181418488796026,0.04278579240082881,0.02812626356297267,-0.002737368892855201,0.10672118247923588,0.029028392487131453,1.0318611771258805,1.0,1.0,0.17612596432392139,0.042791596918422714,0.028126446282605883,False
3357,2025-07-07 19:53:54,2025-07-07 20:53:54,60.0,5.783333333333333,6.783333333333333,14,9,True,eligible,0.07838116711889019,0.047413597279015535,0.028728138916548608,0.001324186953032599,0.11262276913669883,0.030967569839874656,1.077719544184745,1.0,1.0,0.18360870398103452,0.047419789554528406,0.0287286035884066,False
3358,2025-07-07 19:54:54,2025-07-07 20:54:54,60.0,5.8,6.8,14,9,True,eligible,0.07838116711889019,0.047413597279015535,0.028728138916548608,0.001324186953032599,0.11262276913669883,0.030967569839874656,1.077719544184745,1.0,1.0,0.18360870398103452,0.047419789554528406,0.0287286035884066,False
3359,2025-07-07 19:55:54,2025-07-07 20:55:54,60.0,5.816666666666666,6.816666666666666,14,9,True,eligible,0.07838116711889019,0.047413597279015535,0.028728138916548608,0.001324186953032599,0.11262276913669883,0.030967569839874656,1.077719544184745,1.0,1.0,0.18360870398103452,0.047419789554528406,0.0287286035884066,False
3360,2025-07-07 19:56:54,2025-07-07 20:56:54,60.0,5.833333333333333,6.833333333333333,14,9,True,eligible,0.07838116711889019,0.047413597279015535,0.028728138916548608,0.001324186953032599,0.11262276913669883,0.030967569839874656,1.077719544184745,1.0,1.0,0.18360870398103452,0.047419789554528406,0.0287286035884066,False
3361,2025-07-07 19:57:54,2025-07-07 20:57:54,60.0,5.85,6.85,14,9,True,eligible,0.07838116711889019,0.047413597279015535,0.028728138916548608,0.001324186953032599,0.11262276913669883,0.030967569839874656,1.077719544184745,1.0,1.0,0.18360870398103452,0.047419789554528406,0.0287286035884066,False
3362,2025-07-07 19:58:54,2025-07-07 20:58:54,60.0,5.866666666666666,6.866666666666666,14,9,True,eligible,0.07838116711889019,0.047413597279015535,0.028728138916548608,0.001324186953032599,0.11262276913669883,0.030967569839874656,1.077719544184745,1.0,1.0,0.18360870398103452,0.047419789554528406,0.0287286035884066,False
3363,2025-07-07 19:59:54,2025-07-07 20:59:54,60.0,5.883333333333334,6.883333333333334,15,10,True,eligible,0.09526818600214555,0.053643169469719997,0.0282690057360606,0.0075868804014273305,0.11872873328889055,0.041625016532425556,1.471994976260443,0.9996000799840032,0.9996000799840032,0.1876773156831567,0.05365149280835875,0.028272306539736097,False
3364,2025-07-07 20:00:54,2025-07-07 21:00:54,60.0,5.9,6.9,16,10,True,eligible,0.10502935110265056,0.05609887355227717,0.028427136340555985,0.009519276534983625,0.12002221164524943,0.04893047755037339,1.7205777154831565,0.998000399920016,0.998000399920016,0.19089489564827497,0.05610865769095951,0.02843271360047436,False
3365,2025-07-07 20:01:54,2025-07-07 21:01:54,60.0,5.916666666666667,6.916666666666667,16,10,True,eligible,0.10502935110265056,0.05609887355227717,0.028427136340555985,0.009519276534983625,0.12002221164524943,0.04893047755037339,1.7205777154831565,0.998000399920016,0.998000399920016,0.19089489564827497,0.05610865769095951,0.02843271360047436,False
3366,2025-07-07 20:02:54,2025-07-07 21:02:54,60.0,5.933333333333334,6.933333333333334,16,10,True,eligible,0.10502935110265056,0.05609887355227717,0.028427136340555985,0.009519276534983625,0.12002221164524943,0.04893047755037339,1.7205777154831565,0.998000399920016,0.998000399920016,0.19089489564827497,0.05610865769095951,0.02843271360047436,False
3367,2025-07-07 20:03:54,2025-07-07 21:03:54,60.0,5.95,6.95,16,10,True,eligible,0.10502935110265056,0.05609887355227717,0.028427136340555985,0.009519276534983625,0.12002221164524943,0.04893047755037339,1.7205777154831565,0.998000399920016,0.998000399920016,0.19089489564827497,0.05610865769095951,0.02843271360047436,False
3368,2025-07-07 20:04:54,2025-07-07 21:04:54,60.0,5.966666666666667,6.966666666666667,16,10,True,eligible,0.10502935110265056,0.05609887355227717,0.028427136340555985,0.009519276534983625,0.12002221164524943,0.04893047755037339,1.7205777154831565,0.998000399920016,0.998000399920016,0.19089489564827497,0.05610865769095951,0.02843271360047436,False
3369,2025-07-07 20:05:54,2025-07-07 21:05:54,60.0,5.983333333333333,6.983333333333333,16,10,True,eligible,0.10502935110265056,0.05609887355227717,0.028427136340555985,0.009519276534983625,0.12002221164524943,0.04893047755037339,1.7205777154831565,0.998000399920016,0.998000399920016,0.19089489564827497,0.05610865769095951,0.02843271360047436,False
3370,2025-07-07 20:06:54,2025-07-07 21:06:54,60.0,6.0,7.0,18,12,True,eligible,0.09278251930478963,0.056864829663631176,0.02758759294152955,0.010179540510172842,0.11855578665519229,0.035917689641158455,1.3016000721697294,1.0,1.0,0.1876610121792118,0.05687201176513909,0.02758950948718739,False
3371,2025-07-07 20:07:54,2025-07-07 21:07:54,60.0,6.016666666666667,7.016666666666667,18,12,True,eligible,0.09278251930478963,0.056864829663631176,0.02758759294152955,0.010179540510172842,0.11855578665519229,0.035917689641158455,1.3016000721697294,1.0,1.0,0.1876610121792118,0.05687201176513909,0.02758950948718739,False
3372,2025-07-07 20:08:54,2025-07-07 21:08:54,60.0,6.033333333333333,7.033333333333333,18,12,True,eligible,0.09278251930478963,0.056864829663631176,0.02758759294152955,0.010179540510172842,0.11855578665519229,0.035917689641158455,1.3016000721697294,1.0,1.0,0.1876610121792118,0.05687201176513909,0.02758950948718739,False
3373,2025-07-07 20:09:54,2025-07-07 21:09:54,60.0,6.05,7.05,18,12,True,eligible,0.09278251930478963,0.056864829663631176,0.02758759294152955,0.010179540510172842,0.11855578665519229,0.035917689641158455,1.3016000721697294,1.0,1.0,0.1876610121792118,0.05687201176513909,0.02758950948718739,False
3374,2025-07-07 20:10:54,2025-07-07 21:10:54,60.0,6.066666666666666,7.066666666666666,18,12,True,eligible,0.09278251930478963,0.056864829663631176,0.02758759294152955,0.010179540510172842,0.11855578665519229,0.035917689641158455,1.3016000721697294,1.0,1.0,0.1876610121792118,0.05687201176513909,0.02758950948718739,False
3375,2025-07-07 20:11:54,2025-07-07 21:11:54,60.0,6.083333333333333,7.083333333333333,18,12,True,eligible,0.09278251930478963,0.056864829663631176,0.02758759294152955,0.010179540510172842,0.11855578665519229,0.035917689641158455,1.3016000721697294,1.0,1.0,0.1876610121792118,0.05687201176513909,0.02758950948718739,False
3376,2025-07-07 20:12:54,2025-07-07 21:12:54,60.0,6.1,7.1,18,12,True,eligible,0.09278251930478963,0.056864829663631176,0.02758759294152955,0.010179540510172842,0.11855578665519229,0.035917689641158455,1.3016000721697294,1.0,1.0,0.1876610121792118,0.05687201176513909,0.02758950948718739,False
3377,2025-07-07 20:13:54,2025-07-07 21:13:54,60.0,6.116666666666666,7.116666666666666,18,12,True,eligible,0.09278251930478963,0.056864829663631176,0.02758759294152955,0.010179540510172842,0.11855578665519229,0.035917689641158455,1.3016000721697294,1.0,1.0,0.1876610121792118,0.05687201176513909,0.02758950948718739,False
3378,2025-07-07 20:14:54,2025-07-07 21:14:54,60.0,6.133333333333334,7.133333333333334,18,12,True,eligible,0.09278251930478963,0.056864829663631176,0.02758759294152955,0.010179540510172842,0.11855578665519229,0.035917689641158455,1.3016000721697294,1.0,1.0,0.1876610121792118,0.05687201176513909,0.02758950948718739,False
3379,2025-07-07 20:15:54,2025-07-07 21:15:54,60.0,6.15,7.15,17,11,True,eligible,0.07540702760645493,0.04281831085824685,0.027343314328805168,-0.0006679864163926893,0.1066478640860569,0.03258871674820808,1.1915465310019622,1.0,1.0,0.17245217768114607,0.042824827298308485,0.027344463233633293,False
3380,2025-07-07 20:16:54,2025-07-07 21:16:54,60.0,6.166666666666667,7.166666666666667,17,11,True,eligible,0.07540702760645493,0.04281831085824685,0.027343314328805168,-0.0006679864163926893,0.1066478640860569,0.03258871674820808,1.1915465310019622,1.0,1.0,0.17245217768114607,0.042824827298308485,0.027344463233633293,False
3381,2025-07-07 20:17:54,2025-07-07 21:17:54,60.0,6.183333333333334,7.183333333333334,17,11,True,eligible,0.07540702760645493,0.04281831085824685,0.027343314328805168,-0.0006679864163926893,0.1066478640860569,0.03258871674820808,1.1915465310019622,1.0,1.0,0.17245217768114607,0.042824827298308485,0.027344463233633293,False
3382,2025-07-07 20:18:54,2025-07-07 21:18:54,60.0,6.2,7.2,17,11,True,eligible,0.07540702760645493,0.04281831085824685,0.027343314328805168,-0.0006679864163926893,0.1066478640860569,0.03258871674820808,1.1915465310019622,1.0,1.0,0.17245217768114607,0.042824827298308485,0.027344463233633293,False
3383,2025-07-07 20:19:54,2025-07-07 21:19:54,60.0,6.216666666666667,7.216666666666667,17,11,True,eligible,0.07540702760645493,0.04281831085824685,0.027343314328805168,-0.0006679864163926893,0.1066478640860569,0.03258871674820808,1.1915465310019622,1.0,1.0,0.17245217768114607,0.042824827298308485,0.027344463233633293,False
3384,2025-07-07 20:20:54,2025-07-07 21:20:54,60.0,6.233333333333333,7.233333333333333,17,11,True,eligible,0.07540702760645493,0.04281831085824685,0.027343314328805168,-0.0006679864163926893,0.1066478640860569,0.03258871674820808,1.1915465310019622,1.0,1.0,0.17245217768114607,0.042824827298308485,0.027344463233633293,False
3385,2025-07-07 20:21:54,2025-07-07 21:21:54,60.0,6.25,7.25,17,11,True,eligible,0.07540702760645493,0.04281831085824685,0.027343314328805168,-0.0006679864163926893,0.1066478640860569,0.03258871674820808,1.1915465310019622,1.0,1.0,0.17245217768114607,0.042824827298308485,0.027344463233633293,False
3386,2025-07-07 20:22:54,2025-07-07 21:22:54,60.0,6.266666666666667,7.266666666666667,17,11,True,eligible,0.07540702760645493,0.04281831085824685,0.027343314328805168,-0.0006679864163926893,0.1066478640860569,0.03258871674820808,1.1915465310019622,1.0,1.0,0.17245217768114607,0.042824827298308485,0.027344463233633293,False
3387,2025-07-07 20:23:54,2025-07-07 21:23:54,60.0,6.283333333333333,7.283333333333333,18,11,True,eligible,0.07814283959770958,0.04371937536674254,0.02625314767622783,0.0005124157914130566,0.10228164900996657,0.034423464230967045,1.3108564076375755,1.0,1.0,0.16818913796310564,0.0437262586829255,0.026255035039886347,False
3388,2025-07-07 20:24:54,2025-07-07 21:24:54,60.0,6.3,7.3,19,11,True,eligible,0.07698796128084909,0.042468973109203674,0.024924676809666178,0.0006729591925302752,0.09669004153148823,0.034518988171645414,1.384528250432857,1.0,1.0,0.16064298889558642,0.04247587552635458,0.024926963927030518,False
3389,2025-07-07 20:25:54,2025-07-07 21:25:54,60.0,6.316666666666666,7.316666666666666,19,11,True,eligible,0.07698796128084909,0.042468973109203674,0.024924676809666178,0.0006729591925302752,0.09669004153148823,0.034518988171645414,1.384528250432857,1.0,1.0,0.16064298889558642,0.04247587552635458,0.024926963927030518,False
3390,2025-07-07 20:26:54,2025-07-07 21:26:54,60.0,6.333333333333333,7.333333333333333,19,11,True,eligible,0.07698796128084909,0.042468973109203674,0.024924676809666178,0.0006729591925302752,0.09669004153148823,0.034518988171645414,1.384528250432857,1.0,1.0,0.16064298889558642,0.04247587552635458,0.024926963927030518,False
3391,2025-07-07 20:27:54,2025-07-07 21:27:54,60.0,6.35,7.35,21,11,True,eligible,0.061680134831171914,0.04064070440316056,0.02556565812873483,-0.0018391894749657943,0.09702845937441813,0.021039430428011353,0.8228187395232214,1.0,1.0,0.16183586305120756,0.04064491144783722,0.025564832657461668,False
3392,2025-07-07 20:28:54,2025-07-07 21:28:54,60.0,6.366666666666666,7.366666666666666,21,11,True,eligible,0.061680134831171914,0.04064070440316056,0.02556565812873483,-0.0018391894749657943,0.09702845937441813,0.021039430428011353,0.8228187395232214,1.0,1.0,0.16183586305120756,0.04064491144783722,0.025564832657461668,False
3393,2025-07-07 20:29:54,2025-07-07 21:29:54,60.0,6.383333333333334,7.383333333333334,21,11,True,eligible,0.061680134831171914,0.04064070440316056,0.02556565812873483,-0.0018391894749657943,0.09702845937441813,0.021039430428011353,0.8228187395232214,1.0,1.0,0.16183586305120756,0.04064491144783722,0.025564832657461668,False
3394,2025-07-07 20:30:54,2025-07-07 21:30:54,60.0,6.4,7.4,24,11,True,eligible,0.04528572067839088,0.03529470622454928,0.024657959466958042,-0.0059292074998877975,0.08898286123417003,0.009991014453841603,0.40513699883289594,1.0,1.0,0.15217882176192613,0.035296704027879384,0.024655898323992856,False
3395,2025-07-07 20:31:54,2025-07-07 21:31:54,60.0,6.416666666666667,7.416666666666667,24,11,True,eligible,0.04528572067839088,0.03529470622454928,0.024657959466958042,-0.0059292074998877975,0.08898286123417003,0.009991014453841603,0.40513699883289594,1.0,1.0,0.15217882176192613,0.035296704027879384,0.024655898323992856,False
3396,2025-07-07 20:32:54,2025-07-07 21:32:54,60.0,6.433333333333334,7.433333333333334,24,11,True,eligible,0.04528572067839088,0.03529470622454928,0.024657959466958042,-0.0059292074998877975,0.08898286123417003,0.009991014453841603,0.40513699883289594,1.0,1.0,0.15217882176192613,0.035296704027879384,0.024655898323992856,False
3397,2025-07-07 20:33:54,2025-07-07 21:33:54,60.0,6.45,7.45,27,11,True,eligible,0.0537046731618211,0.035114088159488514,0.02404860433500071,-0.005298306762648487,0.08803682618234127,0.018590585002332585,0.7729186934731042,1.0,1.0,0.14911643661552296,0.03511780553301428,0.024047636298310852,False
3398,2025-07-07 20:34:54,2025-07-07 21:34:54,60.0,6.466666666666667,7.466666666666667,27,11,True,eligible,0.0537046731618211,0.035114088159488514,0.02404860433500071,-0.005298306762648487,0.08803682618234127,0.018590585002332585,0.7729186934731042,1.0,1.0,0.14911643661552296,0.03511780553301428,0.024047636298310852,False
3399,2025-07-07 20:35:54,2025-07-07 21:35:54,60.0,6.483333333333333,7.483333333333333,27,11,True,eligible,0.0537046731618211,0.035114088159488514,0.02404860433500071,-0.005298306762648487,0.08803682618234127,0.018590585002332585,0.7729186934731042,1.0,1.0,0.14911643661552296,0.03511780553301428,0.024047636298310852,False
3400,2025-07-07 20:36:54,2025-07-07 21:36:54,60.0,6.5,7.5,27,11,True,eligible,0.0537046731618211,0.035114088159488514,0.02404860433500071,-0.005298306762648487,0.08803682618234127,0.018590585002332585,0.7729186934731042,1.0,1.0,0.14911643661552296,0.03511780553301428,0.024047636298310852,False
3401,2025-07-07 20:37:54,2025-07-07 21:37:54,60.0,6.516666666666667,7.516666666666667,27,11,True,eligible,0.0537046731618211,0.035114088159488514,0.02404860433500071,-0.005298306762648487,0.08803682618234127,0.018590585002332585,0.7729186934731042,1.0,1.0,0.14911643661552296,0.03511780553301428,0.024047636298310852,False
3402,2025-07-07 20:38:54,2025-07-07 21:38:54,60.0,6.533333333333333,7.533333333333333,27,11,True,eligible,0.0537046731618211,0.035114088159488514,0.02404860433500071,-0.005298306762648487,0.08803682618234127,0.018590585002332585,0.7729186934731042,1.0,1.0,0.14911643661552296,0.03511780553301428,0.024047636298310852,False
3403,2025-07-07 20:39:54,2025-07-07 21:39:54,60.0,6.55,7.55,27,11,True,eligible,0.0537046731618211,0.035114088159488514,0.02404860433500071,-0.005298306762648487,0.08803682618234127,0.018590585002332585,0.7729186934731042,1.0,1.0,0.14911643661552296,0.03511780553301428,0.024047636298310852,False
3404,2025-07-07 20:40:54,2025-07-07 21:40:54,60.0,6.566666666666666,7.566666666666666,39,17,True,eligible,0.03186572229281156,0.01555404731386091,0.019975574786355914,-0.02135978057210313,0.056934181694438764,0.016311674978950648,0.8164449385949234,1.0,1.0,0.11024903861099954,0.015557308996520166,0.019974908931835223,False
3405,2025-07-07 20:41:54,2025-07-07 21:41:54,60.0,6.583333333333333,7.583333333333333,79,17,True,eligible,0.020528136100141908,-0.009849207265133803,0.016043192192120158,-0.03892566571944934,0.024467099393489577,0.03037734336527571,1.8926048052422142,0.9912017596480703,0.9912017596480703,0.06622981436393405,-0.009843133011311511,0.016047338053528044,False
3406,2025-07-07 20:42:54,2025-07-07 21:42:54,60.0,6.6,7.6,119,17,True,eligible,0.01676164046697095,-0.009368318636132206,0.01398028455126334,-0.03304544569532438,0.02208689572212829,0.026129959103103156,1.868218378426299,0.9928014397120576,0.9928014397120576,0.056927434750005806,-0.009363093689300953,0.013983768952256092,False
3407,2025-07-07 20:43:54,2025-07-07 21:43:54,60.0,6.616666666666666,7.616666666666666,161,17,True,eligible,0.01487816627866581,-0.008880863893986773,0.013232720991729492,-0.030486917065648926,0.022086520101233773,0.02375903017265258,1.7947178290051833,0.9958008398320336,0.9958008398320336,0.053867991130092,-0.008876113038123412,0.013235662416055833,False
3408,2025-07-07 20:44:54,2025-07-07 21:44:54,60.0,6.633333333333334,7.633333333333334,193,17,True,eligible,0.012778998813883578,-0.008615329447636178,0.012650819144417923,-0.02902868297433427,0.021597513738860673,0.021394328261519754,1.6904892778037741,0.9984003199360127,0.9984003199360127,0.051371733492926785,-0.008611051437585884,0.012653171204527653,False
3409,2025-07-07 20:45:54,2025-07-07 21:45:54,60.0,6.65,7.65,209,17,True,eligible,0.01061077472777144,-0.008540231845305758,0.011998930888392708,-0.027803461745431867,0.020068757536943264,0.0191510065730772,1.595493476303448,0.9992001599680064,0.9992001599680064,0.048353732504474,-0.00853640240987823,0.012000786854993103,False
3410,2025-07-07 20:46:54,2025-07-07 21:46:54,60.0,6.666666666666667,7.666666666666667,225,17,True,eligible,0.009470967837569398,-0.00842382042798392,0.01170375512717955,-0.026966166980466468,0.018924343054417564,0.017894788265553317,1.5284682312927051,0.9996000799840032,0.9996000799840032,0.04706922296149571,-0.008420242185979207,0.011705320174314044,False
3411,2025-07-07 20:47:54,2025-07-07 21:47:54,60.0,6.683333333333334,7.683333333333334,246,17,True,eligible,0.0071296608415233114,-0.008295487932286745,0.010399084564217882,-0.024795556598858872,0.01566306466846975,0.015425148773810057,1.4828434437120277,0.9996000799840032,0.9996000799840032,0.04101072194058144,-0.008292403519414559,0.010400332163408665,False
3412,2025-07-07 20:48:54,2025-07-07 21:48:54,60.0,6.7,7.7,272,17,True,eligible,0.0064034837542980136,-0.008167377172295636,0.009718806022988719,-0.023482304252025684,0.014322181138993691,0.01457086092659365,1.4987572143524281,0.9996000799840032,0.9996000799840032,0.03791361038260062,-0.008164463582828213,0.009720018157457636,False
3413,2025-07-07 20:49:54,2025-07-07 21:49:54,60.0,6.716666666666667,7.716666666666667,300,17,True,eligible,0.006387371837057031,-0.00794370470805832,0.009264629856384099,-0.022535839757238767,0.01407002114248542,0.01433107654511535,1.54633446048785,0.9996000799840032,0.9996000799840032,0.03598456572933994,-0.007940839065877734,0.009265919675885892,False
3414,2025-07-07 20:50:54,2025-07-07 21:50:54,60.0,6.733333333333333,7.733333333333333,322,12,True,eligible,0.007263864891782428,-0.007791022557151628,0.009021698756445935,-0.021861489748447514,0.013734092631714026,0.015054887448934056,1.6681107104333728,0.9988002399520096,0.9988002399520096,0.03498728478918022,-0.007788012181736924,0.009023308212923646,False
3415,2025-07-07 20:51:54,2025-07-07 21:51:54,60.0,6.75,7.75,344,12,True,eligible,0.006027818698128896,-0.007789276192297649,0.008349815098407288,-0.020703608908681597,0.01217331861737213,0.013817094890426544,1.654160230958917,0.9988002399520096,0.9988002399520096,0.03180294465989868,-0.007786513325892845,0.008351265956873822,False
3416,2025-07-07 20:52:54,2025-07-07 21:52:54,60.0,6.766666666666667,7.766666666666667,357,12,True,eligible,0.006069601560395151,-0.007795062214081988,0.008346725864158695,-0.020676788958978464,0.012074476300462527,0.01386466377447714,1.660465962023707,0.9988002399520096,0.9988002399520096,0.03178260376416679,-0.00779228983580275,0.008348193647585286,False
3417,2025-07-07 20:53:54,2025-07-07 21:53:54,60.0,6.783333333333333,7.783333333333333,372,12,True,eligible,0.00548156948000027,-0.007724214531258872,0.007942934379440457,-0.020069812046088764,0.011170754034598553,0.013205784011259141,1.6619570078875026,0.9988002399520096,0.9988002399520096,0.029938814600856192,-0.007721573902582353,0.007944335094061795,False
3418,2025-07-07 20:54:54,2025-07-07 21:54:54,60.0,6.8,7.8,400,12,True,eligible,0.004640166927158271,-0.007694541497865295,0.00778411528659765,-0.01974180965808817,0.010525766351393469,0.012334708425023566,1.58404381425042,0.9992001599680064,0.9992001599680064,0.029214359339317042,-0.0076920750494699685,0.007785290953245469,False
3419,2025-07-07 20:55:54,2025-07-07 21:55:54,60.0,6.816666666666666,7.816666666666666,419,12,True,eligible,0.005032805031949512,-0.007748312672187602,0.008019560227044956,-0.020078370969410834,0.010990532285777864,0.012781117704137115,1.5931790289499221,0.9992001599680064,0.9992001599680064,0.030277091123442824,-0.007745756959789255,0.00802079475033087,False
3420,2025-07-07 20:56:54,2025-07-07 21:56:54,60.0,6.833333333333333,7.833333333333333,477,14,True,eligible,0.006111043297720574,-0.007725630294011518,0.008597673074730403,-0.02101659204724585,0.012367214298557921,0.013836673591732091,1.6087734814890366,0.999000199960008,0.999000199960008,0.03304117359692901,-0.007722863512649444,0.008599039559979402,False
3421,2025-07-07 20:57:54,2025-07-07 21:57:54,60.0,6.85,7.85,492,14,True,eligible,0.006314491500242734,-0.007700210214737083,0.008640348981576925,-0.02102402005026463,0.012609835672527377,0.014014701714979816,1.6214177752679857,0.999000199960008,0.999000199960008,0.03326913544679348,-0.00769740783487006,0.00864175757096096,False
3422,2025-07-07 20:58:54,2025-07-07 21:58:54,60.0,6.866666666666666,7.866666666666666,529,14,True,eligible,0.006694324953573582,-0.007621595066089725,0.008788418446350336,-0.021135730788860115,0.01298590111703824,0.014315920019663307,1.6283580709135304,0.999000199960008,0.999000199960008,0.03404994760087912,-0.0076187324546080895,0.008789871014150996,False
3423,2025-07-07 20:59:54,2025-07-07 21:59:54,60.0,6.883333333333334,7.883333333333334,538,14,True,eligible,0.007100246646574473,-0.007560021518420296,0.008994443039101145,-0.02135015594367963,0.013367662034872328,0.014660268164994768,1.629329331384451,0.999000199960008,0.999000199960008,0.03508843146488695,-0.007557090051080767,0.00899593250751879,False
3424,2025-07-07 21:00:54,2025-07-07 22:00:54,60.0,6.9,7.9,598,14,True,eligible,0.010934182613118605,-0.007211500037353466,0.01058001039476033,-0.02347917405926262,0.017997641717323022,0.018145682650472072,1.7144155162795385,0.998000399920016,0.998000399920016,0.04295675841844893,-0.00720787162650554,0.010582063722214966,False
3425,2025-07-07 21:01:54,2025-07-07 22:01:54,60.0,6.916666666666667,7.916666666666667,616,15,True,eligible,0.012133561743713002,-0.0071803358582432355,0.01098474360899171,-0.024080988662977997,0.019157180915476003,0.01931389760195624,1.75752845716816,0.9964007198560288,0.9964007198560288,0.044907960263499684,-0.007176473851124267,0.010987040076694297,False
3426,2025-07-07 21:02:54,2025-07-07 22:02:54,60.0,6.933333333333334,7.933333333333334,643,15,True,eligible,0.01137931993867331,-0.00723735150496702,0.010776409336813772,-0.023806484640124553,0.018254150098211713,0.01861667144364033,1.7268513975441355,0.9978004399120176,0.9978004399120176,0.04386243647104388,-0.007233628915196244,0.010778546944074173,False
3427,2025-07-07 21:03:54,2025-07-07 22:03:54,60.0,6.95,7.95,644,15,True,eligible,0.011277629532070692,-0.007245545569375693,0.010732818335216757,-0.023745754058188694,0.01809389806031712,0.018523175101446385,1.7251581708109305,0.9978004399120176,0.9978004399120176,0.0436475083388578,-0.007241841675134253,0.010734941016161813,False
3428,2025-07-07 21:04:54,2025-07-07 22:04:54,60.0,6.966666666666667,7.966666666666667,644,15,True,eligible,0.011277629532070692,-0.007245545569375693,0.010732818335216757,-0.023745754058188694,0.01809389806031712,0.018523175101446385,1.7251581708109305,0.9978004399120176,0.9978004399120176,0.0436475083388578,-0.007241841675134253,0.010734941016161813,False
3429,2025-07-07 21:05:54,2025-07-07 22:05:54,60.0,6.983333333333333,7.983333333333333,644,15,True,eligible,0.011277629532070692,-0.007245545569375693,0.010732818335216757,-0.023745754058188694,0.01809389806031712,0.018523175101446385,1.7251581708109305,0.9978004399120176,0.9978004399120176,0.0436475083388578,-0.007241841675134253,0.010734941016161813,False
3430,2025-07-07 21:06:54,2025-07-07 22:06:54,60.0,7.0,8.0,642,15,True,eligible,0.011104445123977888,-0.007283606476920588,0.010712684735673468,-0.023663957058939696,0.018082502792873673,0.018388051600898476,1.7157975972069364,0.998000399920016,0.998000399920016,0.043513793794722685,-0.007279929601975398,0.010714768895748728,False
3431,2025-07-07 21:07:54,2025-07-07 22:07:54,60.0,7.016666666666667,8.016666666666667,642,15,True,eligible,0.011104445123977888,-0.007283606476920588,0.010712684735673468,-0.023663957058939696,0.018082502792873673,0.018388051600898476,1.7157975972069364,0.998000399920016,0.998000399920016,0.043513793794722685,-0.007279929601975398,0.010714768895748728,False
3432,2025-07-07 21:08:54,2025-07-07 22:08:54,60.0,7.033333333333333,8.033333333333333,642,15,True,eligible,0.011104445123977888,-0.007283606476920588,0.010712684735673468,-0.023663957058939696,0.018082502792873673,0.018388051600898476,1.7157975972069364,0.998000399920016,0.998000399920016,0.043513793794722685,-0.007279929601975398,0.010714768895748728,False
3433,2025-07-07 21:09:54,2025-07-07 22:09:54,60.0,7.05,8.05,642,15,True,eligible,0.011104445123977888,-0.007283606476920588,0.010712684735673468,-0.023663957058939696,0.018082502792873673,0.018388051600898476,1.7157975972069364,0.998000399920016,0.998000399920016,0.043513793794722685,-0.007279929601975398,0.010714768895748728,False
3434,2025-07-07 21:10:54,2025-07-07 22:10:54,60.0,7.066666666666666,8.066666666666666,643,15,True,eligible,0.011236499064071112,-0.007294854635055974,0.010714871078641976,-0.023661798917401795,0.017993637525258867,0.018531353699127086,1.728808595252068,0.9978004399120176,0.9978004399120176,0.04351316861411955,-0.007291149105422076,0.01071700373330905,False
3435,2025-07-07 21:11:54,2025-07-07 22:11:54,60.0,7.083333333333333,8.083333333333334,643,15,True,eligible,0.011236499064071112,-0.007294854635055974,0.010714871078641976,-0.023661798917401795,0.017993637525258867,0.018531353699127086,1.728808595252068,0.9978004399120176,0.9978004399120176,0.04351316861411955,-0.007291149105422076,0.01071700373330905,False
3436,2025-07-07 21:12:54,2025-07-07 22:12:54,60.0,7.1,8.1,643,15,True,eligible,0.011236499064071112,-0.007294854635055974,0.010714871078641976,-0.023661798917401795,0.017993637525258867,0.018531353699127086,1.728808595252068,0.9978004399120176,0.9978004399120176,0.04351316861411955,-0.007291149105422076,0.01071700373330905,False
3437,2025-07-07 21:13:54,2025-07-07 22:13:54,60.0,7.116666666666666,8.116666666666667,643,15,True,eligible,0.011236499064071112,-0.007294854635055974,0.010714871078641976,-0.023661798917401795,0.017993637525258867,0.018531353699127086,1.728808595252068,0.9978004399120176,0.9978004399120176,0.04351316861411955,-0.007291149105422076,0.01071700373330905,False
3438,2025-07-07 21:14:54,2025-07-07 22:14:54,60.0,7.133333333333334,8.133333333333333,644,15,True,eligible,0.011197515223919366,-0.00725874006967084,0.010733399990623387,-0.02371911876953974,0.018120152715375204,0.018456255293590206,1.7188361811467614,0.998000399920016,0.998000399920016,0.04363694746500798,-0.007255049556714713,0.010735499393736884,False
3439,2025-07-07 21:15:54,2025-07-07 22:15:54,60.0,7.15,8.15,644,15,True,eligible,0.011197515223919366,-0.00725874006967084,0.010733399990623387,-0.02371911876953974,0.018120152715375204,0.018456255293590206,1.7188361811467614,0.998000399920016,0.998000399920016,0.04363694746500798,-0.007255049556714713,0.010735499393736884,False
3440,2025-07-07 21:16:54,2025-07-07 22:16:54,60.0,7.166666666666667,8.166666666666666,645,15,True,eligible,0.01115827707552304,-0.007222509772415754,0.010754127795408082,-0.023774394173917322,0.0182925517153227,0.018380786847938795,1.708514446775074,0.9982003599280144,0.9982003599280144,0.04377126222271422,-0.0072188343501306245,0.010756193171407824,False
3441,2025-07-07 21:17:54,2025-07-07 22:17:54,60.0,7.183333333333334,8.183333333333334,646,15,True,eligible,0.011371456511176712,-0.00722060825994821,0.01075569910178304,-0.023775069560012255,0.018256621671647467,0.018592064771124923,1.7278889830996043,0.9978004399120176,0.9978004399120176,0.043780996048648074,-0.007216890590527871,0.010757836460279727,False
3442,2025-07-07 21:18:54,2025-07-07 22:18:54,60.0,7.2,8.2,646,15,True,eligible,0.011371456511176712,-0.00722060825994821,0.01075569910178304,-0.023775069560012255,0.018256621671647467,0.018592064771124923,1.7278889830996043,0.9978004399120176,0.9978004399120176,0.043780996048648074,-0.007216890590527871,0.010757836460279727,False
3443,2025-07-07 21:19:54,2025-07-07 22:19:54,60.0,7.216666666666667,8.216666666666667,648,15,True,eligible,0.011544657784352066,-0.007182413661357344,0.01078056472514008,-0.023842770895455327,0.018189814805428278,0.01872707144570941,1.736416595570921,0.9978004399120176,0.9978004399120176,0.04393726852242567,-0.007178668996001273,0.010782738905001796,False
3444,2025-07-07 21:20:54,2025-07-07 22:20:54,60.0,7.233333333333333,8.233333333333333,648,15,True,eligible,0.011544657784352066,-0.007182413661357344,0.01078056472514008,-0.023842770895455327,0.018189814805428278,0.01872707144570941,1.736416595570921,0.9978004399120176,0.9978004399120176,0.04393726852242567,-0.007178668996001273,0.010782738905001796,False
3445,2025-07-07 21:21:54,2025-07-07 22:21:54,60.0,7.25,8.25,648,15,True,eligible,0.011544657784352066,-0.007182413661357344,0.01078056472514008,-0.023842770895455327,0.018189814805428278,0.01872707144570941,1.736416595570921,0.9978004399120176,0.9978004399120176,0.04393726852242567,-0.007178668996001273,0.010782738905001796,False
3446,2025-07-07 21:22:54,2025-07-07 22:22:54,60.0,7.266666666666667,8.266666666666667,648,15,True,eligible,0.011544657784352066,-0.007182413661357344,0.01078056472514008,-0.023842770895455327,0.018189814805428278,0.01872707144570941,1.736416595570921,0.9978004399120176,0.9978004399120176,0.04393726852242567,-0.007178668996001273,0.010782738905001796,False
3447,2025-07-07 21:23:54,2025-07-07 22:23:54,60.0,7.283333333333333,8.283333333333333,649,15,True,eligible,0.011742289373566875,-0.007097426130724554,0.01080683478819135,-0.023879161195809902,0.018611633837246823,0.018839715504291428,1.742611049030921,0.9966006798640272,0.9966006798640272,0.04414694832879716,-0.007093658941061629,0.010809037579041699,False
3448,2025-07-07 21:24:54,2025-07-07 22:24:54,60.0,7.3,8.3,648,15,True,eligible,0.011767223413580954,-0.007050596017420836,0.01080553276662692,-0.023829530694590643,0.018643653890841008,0.01881781943100179,1.740796569529668,0.9968006398720256,0.9968006398720256,0.04418756811927493,-0.007046833206096899,0.01080772845546282,False
3449,2025-07-07 21:25:54,2025-07-07 22:25:54,60.0,7.316666666666666,8.316666666666666,648,15,True,eligible,0.011767223413580954,-0.007050596017420836,0.01080553276662692,-0.023829530694590643,0.018643653890841008,0.01881781943100179,1.740796569529668,0.9968006398720256,0.9968006398720256,0.04418756811927493,-0.007046833206096899,0.01080772845546282,False
3450,2025-07-07 21:26:54,2025-07-07 22:26:54,60.0,7.333333333333333,8.333333333333334,649,15,True,eligible,0.011727030349548922,-0.0070146647050035316,0.010832856842940932,-0.02387662643449007,0.018844670006877888,0.018741695054552455,1.7293882101314781,0.9978004399120176,0.9978004399120176,0.0443528377278658,-0.007010917115510518,0.010835015154656845,False
3451,2025-07-07 21:27:54,2025-07-07 22:27:54,60.0,7.35,8.35,647,15,True,eligible,0.011554682732285212,-0.0070526429112868815,0.010803248558080365,-0.02379508868201493,0.01863683278108995,0.018607325643572092,1.7216995811100233,0.998000399920016,0.998000399920016,0.04417430959031455,-0.007048922190302363,0.010805372276732134,False
3452,2025-07-07 21:28:54,2025-07-07 22:28:54,60.0,7.366666666666666,8.366666666666667,647,15,True,eligible,0.011554682732285212,-0.0070526429112868815,0.010803248558080365,-0.02379508868201493,0.01863683278108995,0.018607325643572092,1.7216995811100233,0.998000399920016,0.998000399920016,0.04417430959031455,-0.007048922190302363,0.010805372276732134,False
3453,2025-07-07 21:29:54,2025-07-07 22:29:54,60.0,7.383333333333334,8.383333333333333,648,15,True,eligible,0.011534882925026156,-0.006936729667419016,0.010765611329103423,-0.023488844791927845,0.018587806644915404,0.01847161259244517,1.71512146255088,0.998000399920016,0.998000399920016,0.04411162457695847,-0.006933036083617284,0.010767703286259575,False
3454,2025-07-07 21:30:54,2025-07-07 22:30:54,60.0,7.4,8.4,645,15,True,eligible,0.011384944440069975,-0.0069280616919546135,0.010738193904674278,-0.023381729428467543,0.01838099047653968,0.01831300613202459,1.7047421849447961,0.9982003599280144,0.9982003599280144,0.04399008148904186,-0.006924399823101979,0.010740242380852949,False
3455,2025-07-07 21:31:54,2025-07-07 22:31:54,60.0,7.416666666666667,8.416666666666666,646,15,True,eligible,0.011363574604344591,-0.006812474214847892,0.010704990994743315,-0.023112575301532004,0.018695107936672742,0.018176048819192485,1.6972452114501002,0.9984003199360127,0.9984003199360127,0.043948082484611226,-0.0068088397319806294,0.010707005807840219,False
3456,2025-07-07 21:32:54,2025-07-07 22:32:54,60.0,7.433333333333334,8.433333333333334,648,15,True,eligible,0.01128980776670978,-0.006857350506373744,0.01072158759178349,-0.023245522500281803,0.01867226998067654,0.018147158273083525,1.6919274253512426,0.9984003199360127,0.9984003199360127,0.04398180026079864,-0.00685372180046031,0.010723586186566785,False
3457,2025-07-07 21:33:54,2025-07-07 22:33:54,60.0,7.45,8.45,645,15,True,eligible,0.011384970101042377,-0.006766429094808092,0.010703299657568582,-0.02306062504208806,0.01872310210877335,0.01815139919585047,1.695212481204364,0.9984003199360127,0.9984003199360127,0.043986068302381054,-0.006762799540879708,0.010705306764275944,False
3458,2025-07-07 21:34:54,2025-07-07 22:34:54,60.0,7.466666666666667,8.466666666666667,649,16,True,eligible,0.011240486207750625,-0.006444357413024588,0.010615428569364193,-0.022485619330748465,0.018561856860968763,0.017684843620775215,1.665327961149956,0.9988002399520096,0.9988002399520096,0.04389090685886197,-0.006440821151552728,0.010617312488462578,False
3459,2025-07-07 21:35:54,2025-07-07 22:35:54,60.0,7.483333333333333,8.483333333333333,649,16,True,eligible,0.011240486207750625,-0.006444357413024588,0.010615428569364193,-0.022485619330748465,0.018561856860968763,0.017684843620775215,1.665327961149956,0.9988002399520096,0.9988002399520096,0.04389090685886197,-0.006440821151552728,0.010617312488462578,False
3460,2025-07-07 21:36:54,2025-07-07 22:36:54,60.0,7.5,8.5,650,17,True,eligible,0.011195135960967762,-0.006489658823502551,0.01061819797886922,-0.022534422160659817,0.018535403120966226,0.017684794784470312,1.6648892606941097,0.9988002399520096,0.9988002399520096,0.043858728886934165,-0.006486122571795998,0.010620080836723195,False
3461,2025-07-07 21:37:54,2025-07-07 22:37:54,60.0,7.516666666666667,8.516666666666667,651,17,True,eligible,0.011173922937303156,-0.006373360878919056,0.010597627453176096,-0.022334585453419258,0.018507003879065103,0.01754728381622221,1.6551555045355213,0.9988002399520096,0.9988002399520096,0.043877304268520864,-0.006369852123906814,0.010599472383794658,False
3462,2025-07-07 21:38:39,2025-07-07 22:38:39,60.0,7.529166666666667,8.529166666666667,652,17,True,eligible,0.011152435210624373,-0.006256999804234064,0.010580504568266938,-0.022163524609198574,0.01855892403643275,0.017409435014858435,1.644816036584655,0.9988002399520096,0.9988002399520096,0.043912280741076136,-0.0062535186134692455,0.010582310384227443,False
