cluster_id,node_index,start_time,end_time,peak_time,representative_event_id,source_records,representative_activity,any_gauge_crosses_domain,any_gauge_has_unlocated_channel
N023_C0000766,23,2025-07-07 14:08:03.852050456,2025-07-07 14:08:03.902050456,2025-07-07 14:08:03.877050456,RGM_0000506,1,4.1558948541202826e-06,False,False
N023_C0000767,23,2025-07-07 14:08:04.302050456,2025-07-07 14:08:05.177050456,2025-07-07 14:08:04.752050456,RGM_0000510,5,0.0001773522520351,False,False
N057_C0004132,57,2025-07-07 14:08:09.552050456,2025-07-07 14:08:09.602050456,2025-07-07 14:08:09.577050456,RGM_0000545,1,3.7341170765877575e-06,False,False
N051_C0002348,51,2025-07-07 14:08:16.352050456,2025-07-07 14:08:16.452050456,2025-07-07 14:08:16.427050456,RGM_0000588,1,9.8979250162983e-06,False,False
N032_C0001643,32,2025-07-07 14:08:23.177050456,2025-07-07 14:08:23.277050456,2025-07-07 14:08:23.202050456,RGM_0000641,1,0.0001782535724644,False,False
N082_C0004255,82,2025-07-07 14:08:43.002050456,2025-07-07 14:08:43.252050456,2025-07-07 14:08:43.227050456,RGM_0000790,1,0.0001849999669841,False,False
N082_C0004256,82,2025-07-07 14:08:43.802050456,2025-07-07 14:08:44.102050456,2025-07-07 14:08:43.877050456,RGM_0000795,1,0.000191914899281,False,False
N051_C0002349,51,2025-07-07 14:08:58.427050456,2025-07-07 14:09:00.427050456,2025-07-07 14:08:59.377050456,RGM_0000980,17,0.0005955087823412,False,False
N050_C0002329,50,2025-07-07 14:08:59.602050456,2025-07-07 14:08:59.652050456,2025-07-07 14:08:59.627050456,RGM_0000982,1,2.1993451934544195e-05,False,False
N049_C0002321,49,2025-07-07 14:08:59.802050456,2025-07-07 14:08:59.852050456,2025-07-07 14:08:59.827050456,RGM_0000992,1,1.4482587088396472e-05,False,False
N051_C0002350,51,2025-07-07 14:09:12.577050456,2025-07-07 14:09:15.427050456,2025-07-07 14:09:14.927050456,RGM_0001228,9,0.0005713620957601,False,False
N046_C0002285,46,2025-07-07 14:09:22.602050456,2025-07-07 14:09:22.652050456,2025-07-07 14:09:22.627050456,RGM_0001451,1,0.0001027271915334,False,False
N048_C0002314,48,2025-07-07 14:09:22.602050456,2025-07-07 14:09:22.652050456,2025-07-07 14:09:22.627050456,RGM_0001453,1,9.904975443775946e-05,False,False
N049_C0002322,49,2025-07-07 14:09:22.602050456,2025-07-07 14:09:22.652050456,2025-07-07 14:09:22.627050456,RGM_0001449,1,8.13255118403739e-05,False,False
N051_C0002351,51,2025-07-07 14:09:21.927050456,2025-07-07 14:09:23.177050456,2025-07-07 14:09:22.727050456,RGM_0001459,13,0.0004075694999557,False,False
N082_C0004257,82,2025-07-07 14:09:27.927050456,2025-07-07 14:09:29.927050456,2025-07-07 14:09:28.277050456,RGM_0001721,1,0.000521333436537,False,False
N051_C0002352,51,2025-07-07 14:09:26.427050456,2025-07-07 14:09:29.927050456,2025-07-07 14:09:28.927050456,RGM_0001770,15,0.0005154324964006,False,False
N051_C0002353,51,2025-07-07 14:09:36.027050456,2025-07-07 14:09:38.802050456,2025-07-07 14:09:37.427050456,RGM_0002581,20,0.001431654991588,False,False
N000_C0000000,0,2025-07-07 14:09:37.427050456,2025-07-07 14:09:37.927050456,2025-07-07 14:09:37.727050456,RGM_0002630,2,0.0009506868049573,False,False
N051_C0002354,51,2025-07-07 14:09:40.627050456,2025-07-07 14:09:40.877050456,2025-07-07 14:09:40.752050456,RGM_0002839,4,3.0227470356093365e-05,False,False
N046_C0002286,46,2025-07-07 14:09:42.102050456,2025-07-07 14:09:42.202050456,2025-07-07 14:09:42.152050456,RGM_0002902,1,0.0001550354185341,False,False
N051_C0002355,51,2025-07-07 14:09:40.927050456,2025-07-07 14:09:46.427050456,2025-07-07 14:09:42.427050456,RGM_0002915,71,0.0046399504224023,False,False
N031_C0001384,31,2025-07-07 14:09:50.677050456,2025-07-07 14:09:51.177050456,2025-07-07 14:09:50.802050456,RGM_0003293,1,0.0020236807547862,False,False
N033_C0001718,33,2025-07-07 14:09:54.677050456,2025-07-07 14:09:54.877050456,2025-07-07 14:09:54.777050456,RGM_0003594,1,8.137750655960019e-05,False,False
N030_C0001255,30,2025-07-07 14:09:55.427050456,2025-07-07 14:09:57.427050456,2025-07-07 14:09:56.427050456,RGM_0003698,1,0.0049188722803207,False,False
N033_C0001719,33,2025-07-07 14:09:56.552050456,2025-07-07 14:09:56.602050456,2025-07-07 14:09:56.577050456,RGM_0003707,3,0.000797119603024,False,False
N082_C0004258,82,2025-07-07 14:10:00.102050456,2025-07-07 14:10:00.227050456,2025-07-07 14:10:00.152050456,RGM_0004128,1,0.0001552864572518,False,False
N033_C0001720,33,2025-07-07 14:09:59.927050456,2025-07-07 14:10:01.927050456,2025-07-07 14:10:00.927050456,RGM_0004227,1,0.0030035154000605,False,False
N033_C0001721,33,2025-07-07 14:10:04.777050456,2025-07-07 14:10:04.827050456,2025-07-07 14:10:04.802050456,RGM_0004664,3,7.55024752304771e-05,False,False
N033_C0001722,33,2025-07-07 14:10:04.977050456,2025-07-07 14:10:05.027050456,2025-07-07 14:10:05.002050456,RGM_0004714,1,7.495296649728221e-05,False,False
N029_C0001138,29,2025-07-07 14:10:06.202050456,2025-07-07 14:10:06.302050456,2025-07-07 14:10:06.252050456,RGM_0004749,1,0.001541113112314,False,False
N030_C0001256,30,2025-07-07 14:10:06.202050456,2025-07-07 14:10:06.302050456,2025-07-07 14:10:06.252050456,RGM_0004772,1,0.0021277143066193,False,False
N031_C0001385,31,2025-07-07 14:10:06.202050456,2025-07-07 14:10:06.302050456,2025-07-07 14:10:06.252050456,RGM_0004762,1,0.0021277143066193,False,False
N033_C0001723,33,2025-07-07 14:10:05.927050456,2025-07-07 14:10:06.427050456,2025-07-07 14:10:06.277050456,RGM_0004781,4,0.0021269671441622,False,False
N032_C0001644,32,2025-07-07 14:10:05.927050456,2025-07-07 14:10:07.927050456,2025-07-07 14:10:06.927050456,RGM_0004818,3,0.0040960993883604,False,False
N033_C0001724,33,2025-07-07 14:10:06.877050456,2025-07-07 14:10:07.077050456,2025-07-07 14:10:06.952050456,RGM_0004820,1,0.0012766442310081,False,False
N033_C0001725,33,2025-07-07 14:10:07.877050456,2025-07-07 14:10:07.977050456,2025-07-07 14:10:07.902050456,RGM_0004881,3,3.8783270367164974e-05,False,False
N082_C0004259,82,2025-07-07 14:10:09.027050456,2025-07-07 14:10:09.577050456,2025-07-07 14:10:09.052050456,RGM_0004907,1,0.0001394981536458,False,False
N029_C0001139,29,2025-07-07 14:10:24.927050456,2025-07-07 14:10:26.927050456,2025-07-07 14:10:25.927050456,RGM_0005948,2,0.0029031904903009,False,False
N030_C0001257,30,2025-07-07 14:10:25.902050456,2025-07-07 14:10:25.952050456,2025-07-07 14:10:25.927050456,RGM_0005953,1,0.0007651605312066,False,False
N033_C0001726,33,2025-07-07 14:10:24.927050456,2025-07-07 14:10:26.927050456,2025-07-07 14:10:25.927050456,RGM_0005939,5,0.0055177955141236,False,False
N031_C0001386,31,2025-07-07 14:10:25.902050456,2025-07-07 14:10:26.002050456,2025-07-07 14:10:25.952050456,RGM_0005962,1,0.0008896270875806,False,False
N032_C0001645,32,2025-07-07 14:10:25.902050456,2025-07-07 14:10:26.002050456,2025-07-07 14:10:25.952050456,RGM_0005959,1,0.0008896270875806,False,False
N030_C0001258,30,2025-07-07 14:10:33.052050456,2025-07-07 14:10:33.102050456,2025-07-07 14:10:33.077050456,RGM_0007533,1,7.682234551831347e-05,False,False
N032_C0001646,32,2025-07-07 14:10:33.052050456,2025-07-07 14:10:33.102050456,2025-07-07 14:10:33.077050456,RGM_0007513,1,0.000107280818724,False,False
N033_C0001727,33,2025-07-07 14:10:33.052050456,2025-07-07 14:10:33.177050456,2025-07-07 14:10:33.152050456,RGM_0007544,3,0.0001907485469182,False,False
N029_C0001140,29,2025-07-07 14:10:33.427050456,2025-07-07 14:10:33.927050456,2025-07-07 14:10:33.677050456,RGM_0007556,2,0.0011944560317679,False,False
N033_C0001728,33,2025-07-07 14:10:33.577050456,2025-07-07 14:10:33.777050456,2025-07-07 14:10:33.677050456,RGM_0007551,1,7.159519739115822e-05,False,False
N030_C0001259,30,2025-07-07 14:10:33.652050456,2025-07-07 14:10:33.752050456,2025-07-07 14:10:33.702050456,RGM_0007559,1,0.0008080770463935,False,False
N031_C0001387,31,2025-07-07 14:10:33.652050456,2025-07-07 14:10:33.752050456,2025-07-07 14:10:33.702050456,RGM_0007562,1,0.0010270160602987,False,False
N030_C0001260,30,2025-07-07 14:10:34.427050456,2025-07-07 14:10:37.427050456,2025-07-07 14:10:35.427050456,RGM_0007644,2,0.0029150004666349,False,False
N031_C0001388,31,2025-07-07 14:10:34.427050456,2025-07-07 14:10:36.427050456,2025-07-07 14:10:35.427050456,RGM_0007642,1,0.0035663277592923,False,False
N033_C0001729,33,2025-07-07 14:10:35.427050456,2025-07-07 14:10:37.427050456,2025-07-07 14:10:36.427050456,RGM_0007801,1,0.0039552731704129,False,False
N082_C0004260,82,2025-07-07 14:10:46.527050456,2025-07-07 14:10:47.202050456,2025-07-07 14:10:47.177050456,RGM_0009752,1,0.0002301656897149,False,False
N023_C0000768,23,2025-07-07 14:10:47.302050456,2025-07-07 14:10:47.802050456,2025-07-07 14:10:47.552050456,RGM_0009831,1,0.0020257794529312,False,False
N030_C0001261,30,2025-07-07 14:10:47.302050456,2025-07-07 14:10:47.802050456,2025-07-07 14:10:47.552050456,RGM_0009825,1,0.0023359937190106,False,False
N031_C0001389,31,2025-07-07 14:10:47.302050456,2025-07-07 14:10:47.802050456,2025-07-07 14:10:47.552050456,RGM_0009832,1,0.0023359937190106,False,False
N023_C0000769,23,2025-07-07 14:10:48.227050456,2025-07-07 14:10:48.327050456,2025-07-07 14:10:48.277050456,RGM_0010015,2,0.0003320575227709,False,False
N030_C0001262,30,2025-07-07 14:10:48.227050456,2025-07-07 14:10:48.327050456,2025-07-07 14:10:48.277050456,RGM_0010019,1,0.0003575372760744,False,False
N031_C0001390,31,2025-07-07 14:10:48.227050456,2025-07-07 14:10:48.327050456,2025-07-07 14:10:48.277050456,RGM_0010009,2,0.0003575372760744,False,False
N032_C0001647,32,2025-07-07 14:10:48.227050456,2025-07-07 14:10:48.327050456,2025-07-07 14:10:48.277050456,RGM_0010014,2,0.0003575372760744,False,False
N033_C0001730,33,2025-07-07 14:10:48.177050456,2025-07-07 14:10:48.327050456,2025-07-07 14:10:48.277050456,RGM_0010010,6,0.00022104842249,False,False
N029_C0001141,29,2025-07-07 14:10:48.277050456,2025-07-07 14:10:48.327050456,2025-07-07 14:10:48.302050456,RGM_0010033,1,0.0001580294793837,False,False
N030_C0001263,30,2025-07-07 14:10:50.027050456,2025-07-07 14:10:50.077050456,2025-07-07 14:10:50.052050456,RGM_0010384,1,0.0001401018993683,False,False
N032_C0001648,32,2025-07-07 14:10:50.027050456,2025-07-07 14:10:50.077050456,2025-07-07 14:10:50.052050456,RGM_0010382,1,0.0001401018993683,False,False
N033_C0001731,33,2025-07-07 14:10:50.027050456,2025-07-07 14:10:50.077050456,2025-07-07 14:10:50.052050456,RGM_0010376,2,9.524072695167747e-05,False,False
N023_C0000770,23,2025-07-07 14:10:53.427050456,2025-07-07 14:10:54.427050456,2025-07-07 14:10:53.927050456,RGM_0011128,6,0.0038717126417697,False,False
N030_C0001264,30,2025-07-07 14:10:53.827050456,2025-07-07 14:10:54.027050456,2025-07-07 14:10:53.927050456,RGM_0011127,1,0.0017965309427838,False,False
N031_C0001391,31,2025-07-07 14:10:53.977050456,2025-07-07 14:10:54.027050456,2025-07-07 14:10:54.002050456,RGM_0011141,1,6.512695999399749e-05,False,False
N023_C0000771,23,2025-07-07 14:10:56.427050456,2025-07-07 14:10:56.927050456,2025-07-07 14:10:56.677050456,RGM_0011727,6,0.0011338807824925,False,False
N029_C0001142,29,2025-07-07 14:10:56.427050456,2025-07-07 14:10:56.927050456,2025-07-07 14:10:56.677050456,RGM_0011725,1,0.0023721614727483,False,False
N031_C0001392,31,2025-07-07 14:10:56.427050456,2025-07-07 14:10:56.927050456,2025-07-07 14:10:56.677050456,RGM_0011743,2,0.0023721614727483,False,False
N030_C0001265,30,2025-07-07 14:10:56.652050456,2025-07-07 14:10:56.752050456,2025-07-07 14:10:56.702050456,RGM_0011748,2,0.0003484537926053,False,False
N032_C0001649,32,2025-07-07 14:10:56.652050456,2025-07-07 14:10:56.752050456,2025-07-07 14:10:56.702050456,RGM_0011750,2,0.0002008375661166,False,False
N032_C0001650,32,2025-07-07 14:10:59.177050456,2025-07-07 14:10:59.677050456,2025-07-07 14:10:59.427050456,RGM_0012259,1,0.0031468271063937,False,False
N033_C0001732,33,2025-07-07 14:10:59.377050456,2025-07-07 14:10:59.477050456,2025-07-07 14:10:59.427050456,RGM_0012264,2,0.0009909006895101,False,False
N023_C0000772,23,2025-07-07 14:10:58.927050456,2025-07-07 14:11:00.927050456,2025-07-07 14:10:59.927050456,RGM_0012380,3,0.012166638897358,False,False
N030_C0001266,30,2025-07-07 14:10:58.927050456,2025-07-07 14:11:00.927050456,2025-07-07 14:10:59.927050456,RGM_0012381,1,0.012166638897358,False,False
N031_C0001393,31,2025-07-07 14:10:58.927050456,2025-07-07 14:11:00.927050456,2025-07-07 14:10:59.927050456,RGM_0012378,3,0.012166638897358,False,False
N023_C0000773,23,2025-07-07 14:11:04.127050456,2025-07-07 14:11:04.377050456,2025-07-07 14:11:04.227050456,RGM_0013435,3,0.0014630850790713,False,False
N029_C0001143,29,2025-07-07 14:11:04.177050456,2025-07-07 14:11:04.277050456,2025-07-07 14:11:04.227050456,RGM_0013434,1,0.0021453746396663,False,False
N030_C0001267,30,2025-07-07 14:11:04.177050456,2025-07-07 14:11:04.277050456,2025-07-07 14:11:04.227050456,RGM_0013441,1,0.0021453746396663,False,False
N031_C0001394,31,2025-07-07 14:11:04.177050456,2025-07-07 14:11:04.277050456,2025-07-07 14:11:04.227050456,RGM_0013438,1,0.0021453746396663,False,False
N033_C0001733,33,2025-07-07 14:11:04.177050456,2025-07-07 14:11:04.277050456,2025-07-07 14:11:04.227050456,RGM_0013432,2,0.0007076708812805,False,False
N033_C0001734,33,2025-07-07 14:11:06.702050456,2025-07-07 14:11:06.802050456,2025-07-07 14:11:06.727050456,RGM_0014085,3,0.0005404089421936,False,False
N023_C0000774,23,2025-07-07 14:11:06.702050456,2025-07-07 14:11:06.802050456,2025-07-07 14:11:06.752050456,RGM_0014105,3,0.0007328705651197,False,False
N029_C0001144,29,2025-07-07 14:11:06.702050456,2025-07-07 14:11:06.802050456,2025-07-07 14:11:06.752050456,RGM_0014090,1,0.0008668461627848,False,False
N030_C0001268,30,2025-07-07 14:11:06.702050456,2025-07-07 14:11:06.802050456,2025-07-07 14:11:06.752050456,RGM_0014099,2,0.0008668461627848,False,False
N031_C0001395,31,2025-07-07 14:11:06.702050456,2025-07-07 14:11:06.802050456,2025-07-07 14:11:06.752050456,RGM_0014115,1,0.0008668461627848,False,False
N032_C0001651,32,2025-07-07 14:11:06.702050456,2025-07-07 14:11:06.802050456,2025-07-07 14:11:06.752050456,RGM_0014092,2,0.0008668461627848,False,False
N033_C0001735,33,2025-07-07 14:11:08.427050456,2025-07-07 14:11:08.727050456,2025-07-07 14:11:08.527050456,RGM_0014516,3,0.0016735114394487,False,False
N031_C0001396,31,2025-07-07 14:11:08.302050456,2025-07-07 14:11:08.802050456,2025-07-07 14:11:08.552050456,RGM_0014517,2,0.0045969915232859,False,False
N032_C0001652,32,2025-07-07 14:11:08.302050456,2025-07-07 14:11:08.802050456,2025-07-07 14:11:08.552050456,RGM_0014519,3,0.0045969915232859,False,False
N030_C0001269,30,2025-07-07 14:11:08.552050456,2025-07-07 14:11:08.652050456,2025-07-07 14:11:08.602050456,RGM_0014563,1,0.0017264297980083,False,False
N033_C0001736,33,2025-07-07 14:11:09.702050456,2025-07-07 14:11:09.752050456,2025-07-07 14:11:09.727050456,RGM_0014720,1,6.4369914233015e-05,False,False
N033_C0001737,33,2025-07-07 14:11:13.652050456,2025-07-07 14:11:13.752050456,2025-07-07 14:11:13.702050456,RGM_0015855,1,0.0011679169459865,False,False
N046_C0002287,46,2025-07-07 14:11:14.427050456,2025-07-07 14:11:15.427050456,2025-07-07 14:11:14.927050456,RGM_0016053,1,0.0001762639518267,False,False
N047_C0002300,47,2025-07-07 14:11:14.427050456,2025-07-07 14:11:15.427050456,2025-07-07 14:11:14.927050456,RGM_0016056,1,0.0001506220164999,False,False
N051_C0002356,51,2025-07-07 14:11:14.427050456,2025-07-07 14:11:15.427050456,2025-07-07 14:11:14.927050456,RGM_0016063,12,0.000256637551099,False,False
N031_C0001397,31,2025-07-07 14:11:14.677050456,2025-07-07 14:11:15.677050456,2025-07-07 14:11:15.177050456,RGM_0016091,1,0.0048431925560148,False,False
N033_C0001738,33,2025-07-07 14:11:14.677050456,2025-07-07 14:11:15.677050456,2025-07-07 14:11:15.177050456,RGM_0016087,2,0.0048431925560148,False,False
N030_C0001270,30,2025-07-07 14:11:15.677050456,2025-07-07 14:11:15.777050456,2025-07-07 14:11:15.752050456,RGM_0016188,1,0.0002119554030969,False,False
N032_C0001653,32,2025-07-07 14:11:15.727050456,2025-07-07 14:11:15.777050456,2025-07-07 14:11:15.752050456,RGM_0016187,1,0.0001984415033388,False,False
N033_C0001739,33,2025-07-07 14:11:15.727050456,2025-07-07 14:11:15.827050456,2025-07-07 14:11:15.752050456,RGM_0016186,1,0.0001376003730782,False,False
N033_C0001740,33,2025-07-07 14:11:16.027050456,2025-07-07 14:11:16.077050456,2025-07-07 14:11:16.052050456,RGM_0016231,1,7.064870525829391e-05,False,False
N032_C0001654,32,2025-07-07 14:11:16.027050456,2025-07-07 14:11:16.102050456,2025-07-07 14:11:16.077050456,RGM_0016232,1,0.000105231636231,False,False
N082_C0004261,82,2025-07-07 14:11:17.902050456,2025-07-07 14:11:18.402050456,2025-07-07 14:11:18.002050456,RGM_0016411,1,8.415814967698323e-05,False,False
N032_C0001655,32,2025-07-07 14:11:18.452050456,2025-07-07 14:11:18.502050456,2025-07-07 14:11:18.477050456,RGM_0016452,1,0.000115467822903,False,False
N033_C0001741,33,2025-07-07 14:11:18.452050456,2025-07-07 14:11:18.552050456,2025-07-07 14:11:18.477050456,RGM_0016454,1,0.0001308416804334,False,False
N051_C0002357,51,2025-07-07 14:11:21.927050456,2025-07-07 14:11:21.977050456,2025-07-07 14:11:21.952050456,RGM_0016854,1,6.3711125187898885e-06,False,False
N051_C0002358,51,2025-07-07 14:11:22.427050456,2025-07-07 14:11:23.302050456,2025-07-07 14:11:23.052050456,RGM_0016948,7,0.000338940917461,False,False
N051_C0002359,51,2025-07-07 14:11:23.477050456,2025-07-07 14:11:23.702050456,2025-07-07 14:11:23.577050456,RGM_0017064,6,2.8584553268152707e-05,False,False
N033_C0001742,33,2025-07-07 14:11:22.927050456,2025-07-07 14:11:24.927050456,2025-07-07 14:11:23.927050456,RGM_0017076,2,0.0046747447138828,False,False
N030_C0001271,30,2025-07-07 14:11:23.952050456,2025-07-07 14:11:24.052050456,2025-07-07 14:11:24.002050456,RGM_0017109,1,0.0009630149451542,False,False
N031_C0001398,31,2025-07-07 14:11:23.952050456,2025-07-07 14:11:24.052050456,2025-07-07 14:11:24.002050456,RGM_0017107,1,0.0009630149451542,False,False
N051_C0002360,51,2025-07-07 14:11:23.927050456,2025-07-07 14:11:26.677050456,2025-07-07 14:11:24.927050456,RGM_0017314,26,0.0010891245850623,False,False
N000_C0000001,0,2025-07-07 14:11:25.027050456,2025-07-07 14:11:25.227050456,2025-07-07 14:11:25.152050456,RGM_0017382,4,0.0003109079640464,False,False
N047_C0002301,47,2025-07-07 14:11:25.102050456,2025-07-07 14:11:25.202050456,2025-07-07 14:11:25.152050456,RGM_0017391,1,0.0002796271309019,False,False
N048_C0002315,48,2025-07-07 14:11:25.127050456,2025-07-07 14:11:25.177050456,2025-07-07 14:11:25.152050456,RGM_0017387,1,0.0001743073747821,False,False
N046_C0002288,46,2025-07-07 14:11:24.927050456,2025-07-07 14:11:25.427050456,2025-07-07 14:11:25.177050456,RGM_0017399,1,0.0004101239404452,False,False
N023_C0000775,23,2025-07-07 14:11:26.127050456,2025-07-07 14:11:26.177050456,2025-07-07 14:11:26.152050456,RGM_0017503,1,0.0001012803236287,False,False
N032_C0001656,32,2025-07-07 14:11:25.927050456,2025-07-07 14:11:27.927050456,2025-07-07 14:11:27.152050456,RGM_0017611,1,0.0044158992795613,False,False
N033_C0001743,33,2025-07-07 14:11:27.077050456,2025-07-07 14:11:27.327050456,2025-07-07 14:11:27.152050456,RGM_0017612,1,0.0005553912262952,False,False
N031_C0001399,31,2025-07-07 14:11:26.927050456,2025-07-07 14:11:27.927050456,2025-07-07 14:11:27.427050456,RGM_0017615,1,0.0033902762105245,False,False
N047_C0002302,47,2025-07-07 14:11:28.927050456,2025-07-07 14:11:30.927050456,2025-07-07 14:11:29.927050456,RGM_0017850,2,0.0004884364366797,False,False
N051_C0002361,51,2025-07-07 14:11:28.927050456,2025-07-07 14:11:31.927050456,2025-07-07 14:11:29.927050456,RGM_0017851,43,0.0013714607640318,False,False
N033_C0001744,33,2025-07-07 14:11:33.027050456,2025-07-07 14:11:33.677050456,2025-07-07 14:11:33.652050456,RGM_0018134,1,0.0004210094554477,False,False
N029_C0001145,29,2025-07-07 14:11:36.077050456,2025-07-07 14:11:36.127050456,2025-07-07 14:11:36.102050456,RGM_0018231,1,0.0005117947101218,False,False
N030_C0001272,30,2025-07-07 14:11:35.977050456,2025-07-07 14:11:36.177050456,2025-07-07 14:11:36.102050456,RGM_0018228,2,0.0005441808935886,False,False
N032_C0001657,32,2025-07-07 14:11:36.077050456,2025-07-07 14:11:36.127050456,2025-07-07 14:11:36.102050456,RGM_0018225,1,0.0005117947101218,False,False
N033_C0001745,33,2025-07-07 14:11:36.077050456,2025-07-07 14:11:36.727050456,2025-07-07 14:11:36.102050456,RGM_0018232,2,0.000838927464553,False,False
N051_C0002362,51,2025-07-07 14:11:37.427050456,2025-07-07 14:11:38.427050456,2025-07-07 14:11:38.077050456,RGM_0018263,1,0.0005220950763026,False,False
N085_C0004320,85,2025-07-07 14:11:38.177050456,2025-07-07 14:11:39.302050456,2025-07-07 14:11:38.227050456,RGM_0018281,1,0.0003625933298856,False,False
N051_C0002363,51,2025-07-07 14:11:38.852050456,2025-07-07 14:11:39.152050456,2025-07-07 14:11:38.877050456,RGM_0018333,1,2.5183947617647707e-05,False,False
N033_C0001746,33,2025-07-07 14:11:39.527050456,2025-07-07 14:11:39.727050456,2025-07-07 14:11:39.677050456,RGM_0018361,1,0.0002346314373023,False,False
N051_C0002364,51,2025-07-07 14:11:42.302050456,2025-07-07 14:11:42.402050456,2025-07-07 14:11:42.327050456,RGM_0018499,5,1.8793477997949345e-05,False,False
N051_C0002365,51,2025-07-07 14:11:42.427050456,2025-07-07 14:11:44.427050456,2025-07-07 14:11:43.077050456,RGM_0018536,1,0.0008179356165368,False,False
N051_C0002366,51,2025-07-07 14:11:44.677050456,2025-07-07 14:11:49.527050456,2025-07-07 14:11:46.502050456,RGM_0018588,31,0.0027206925704591,False,False
N051_C0002367,51,2025-07-07 14:11:50.427050456,2025-07-07 14:11:54.177050456,2025-07-07 14:11:52.402050456,RGM_0018872,36,0.0010643193596667,False,False
N033_C0001747,33,2025-07-07 14:11:53.227050456,2025-07-07 14:11:53.277050456,2025-07-07 14:11:53.252050456,RGM_0018980,2,5.540388382292946e-05,False,False
N061_C0004241,61,2025-07-07 14:11:53.477050456,2025-07-07 14:11:53.577050456,2025-07-07 14:11:53.527050456,RGM_0019023,2,1.0366702137415672e-05,False,False
N058_C0004187,58,2025-07-07 14:11:53.502050456,2025-07-07 14:11:53.602050456,2025-07-07 14:11:53.552050456,RGM_0019029,1,1.29725650369764e-05,False,False
N057_C0004133,57,2025-07-07 14:11:54.027050456,2025-07-07 14:11:54.077050456,2025-07-07 14:11:54.052050456,RGM_0019115,1,1.0685037577318104e-05,False,False
N061_C0004242,61,2025-07-07 14:11:54.027050456,2025-07-07 14:11:54.077050456,2025-07-07 14:11:54.052050456,RGM_0019102,1,8.304917849560999e-06,False,False
N059_C0004228,59,2025-07-07 14:11:54.427050456,2025-07-07 14:11:54.927050456,2025-07-07 14:11:54.677050456,RGM_0019208,1,0.000255727814586,False,False
N057_C0004134,57,2025-07-07 14:11:54.427050456,2025-07-07 14:11:55.427050456,2025-07-07 14:11:54.927050456,RGM_0019255,3,0.000211938871721,False,False
N061_C0004243,61,2025-07-07 14:11:54.427050456,2025-07-07 14:11:55.427050456,2025-07-07 14:11:54.927050456,RGM_0019256,2,0.0002365568848661,False,False
N051_C0002368,51,2025-07-07 14:11:54.427050456,2025-07-07 14:11:56.427050456,2025-07-07 14:11:55.427050456,RGM_0019288,32,0.0012095902589965,False,False
N058_C0004188,58,2025-07-07 14:11:54.427050456,2025-07-07 14:11:56.427050456,2025-07-07 14:11:55.427050456,RGM_0019291,4,0.0002909700562355,False,False
N051_C0002369,51,2025-07-07 14:11:58.427050456,2025-07-07 14:12:00.427050456,2025-07-07 14:11:59.427050456,RGM_0019881,14,0.0009273871928749,False,False
N051_C0002370,51,2025-07-07 14:12:01.927050456,2025-07-07 14:12:03.927050456,2025-07-07 14:12:02.927050456,RGM_0020122,23,0.0016556993506026,False,False
N033_C0001748,33,2025-07-07 14:12:12.427050456,2025-07-07 14:12:14.427050456,2025-07-07 14:12:13.427050456,RGM_0021590,6,0.000992873757751,False,False
N031_C0001400,31,2025-07-07 14:12:14.252050456,2025-07-07 14:12:14.302050456,2025-07-07 14:12:14.277050456,RGM_0021838,1,7.554283257451289e-05,False,False
N051_C0002371,51,2025-07-07 14:12:14.427050456,2025-07-07 14:12:15.427050456,2025-07-07 14:12:14.927050456,RGM_0021913,9,0.0012748293537293,False,False
N051_C0002372,51,2025-07-07 14:12:18.177050456,2025-07-07 14:12:18.677050456,2025-07-07 14:12:18.427050456,RGM_0022315,5,0.0003072984100464,False,False
N033_C0001749,33,2025-07-07 14:12:18.927050456,2025-07-07 14:12:20.927050456,2025-07-07 14:12:19.927050456,RGM_0022502,3,0.0007201250664015,False,False
N051_C0002373,51,2025-07-07 14:12:22.427050456,2025-07-07 14:12:24.427050456,2025-07-07 14:12:23.427050456,RGM_0022657,1,0.0003910680500693,False,False
N085_C0004321,85,2025-07-07 14:12:25.427050456,2025-07-07 14:12:27.477050456,2025-07-07 14:12:27.227050456,RGM_0023000,1,0.0007937041219381,False,False
N111_C0004346,111,2025-07-07 14:12:28.452050456,2025-07-07 14:12:28.502050456,2025-07-07 14:12:28.477050456,RGM_0023014,1,1.8082664402343509e-06,False,False
N051_C0002374,51,2025-07-07 14:12:38.902050456,2025-07-07 14:12:39.427050456,2025-07-07 14:12:39.177050456,RGM_0023545,9,0.0001987558334766,False,False
N051_C0002375,51,2025-07-07 14:12:49.177050456,2025-07-07 14:12:50.177050456,2025-07-07 14:12:49.677050456,RGM_0023981,1,0.0001946388565361,False,False
N111_C0004347,111,2025-07-07 14:13:13.052050456,2025-07-07 14:13:15.527050456,2025-07-07 14:13:14.602050456,RGM_0024236,1,0.0001762548950435,False,False
N111_C0004348,111,2025-07-07 14:14:34.477050456,2025-07-07 14:14:34.677050456,2025-07-07 14:14:34.652050456,RGM_0024747,1,2.705401240629053e-05,False,False
N111_C0004349,111,2025-07-07 14:15:20.927050456,2025-07-07 14:15:23.302050456,2025-07-07 14:15:22.702050456,RGM_0025009,1,0.0001998746102447,False,False
N111_C0004350,111,2025-07-07 14:15:41.677050456,2025-07-07 14:15:43.927050456,2025-07-07 14:15:42.927050456,RGM_0025140,3,0.0003666312515634,False,False
N033_C0001750,33,2025-07-07 14:15:44.127050456,2025-07-07 14:15:44.577050456,2025-07-07 14:15:44.452050456,RGM_0025152,1,0.000597312274504,False,False
N031_C0001401,31,2025-07-07 14:15:44.427050456,2025-07-07 14:15:44.527050456,2025-07-07 14:15:44.477050456,RGM_0025153,1,0.0003083597688796,False,False
N032_C0001658,32,2025-07-07 14:15:58.602050456,2025-07-07 14:15:58.702050456,2025-07-07 14:15:58.652050456,RGM_0025221,1,0.0003479952537983,False,False
N031_C0001402,31,2025-07-07 14:15:58.627050456,2025-07-07 14:15:58.727050456,2025-07-07 14:15:58.677050456,RGM_0025223,1,0.0003482527663262,False,False
N033_C0001751,33,2025-07-07 14:15:58.477050456,2025-07-07 14:15:59.052050456,2025-07-07 14:15:58.877050456,RGM_0025224,2,0.0005308720868883,False,False
N033_C0001752,33,2025-07-07 14:16:41.952050456,2025-07-07 14:16:42.402050456,2025-07-07 14:16:42.052050456,RGM_0025439,1,0.0002558054540388,False,False
N033_C0001753,33,2025-07-07 14:16:53.577050456,2025-07-07 14:16:53.627050456,2025-07-07 14:16:53.602050456,RGM_0025487,1,3.48576785903445e-05,False,False
N032_C0001659,32,2025-07-07 14:16:53.752050456,2025-07-07 14:16:53.852050456,2025-07-07 14:16:53.802050456,RGM_0025490,1,0.0002767836146882,False,False
N033_C0001754,33,2025-07-07 14:16:53.777050456,2025-07-07 14:16:53.827050456,2025-07-07 14:16:53.802050456,RGM_0025491,1,9.292680593694756e-05,False,False
N023_C0000776,23,2025-07-07 14:16:53.427050456,2025-07-07 14:16:54.427050456,2025-07-07 14:16:54.102050456,RGM_0025492,2,0.0003985029834113,False,False
N033_C0001755,33,2025-07-07 14:16:54.102050456,2025-07-07 14:16:54.152050456,2025-07-07 14:16:54.127050456,RGM_0025495,2,0.0006129291180299,False,False
N031_C0001403,31,2025-07-07 14:16:54.077050456,2025-07-07 14:16:54.277050456,2025-07-07 14:16:54.152050456,RGM_0025500,1,0.0011744943370931,False,False
N023_C0000777,23,2025-07-07 14:17:41.426209213,2025-07-07 14:17:43.926209213,2025-07-07 14:17:41.951209213,RGM_0025758,2,0.0004469316578188,False,False
N033_C0001756,33,2025-07-07 14:18:08.226209213,2025-07-07 14:18:08.426209213,2025-07-07 14:18:08.326209213,RGM_0025888,2,0.0008311046641347,False,False
N031_C0001404,31,2025-07-07 14:18:08.276209213,2025-07-07 14:18:08.576209213,2025-07-07 14:18:08.351209213,RGM_0025892,1,0.0008751906991679,False,False
N111_C0004351,111,2025-07-07 14:18:26.576209213,2025-07-07 14:18:26.776209213,2025-07-07 14:18:26.676209213,RGM_0026005,1,1.873670476635592e-05,False,False
N111_C0004352,111,2025-07-07 14:18:27.176209213,2025-07-07 14:18:28.301209213,2025-07-07 14:18:28.001209213,RGM_0026015,1,0.0001474585259932,False,False
N111_C0004353,111,2025-07-07 14:18:59.426209213,2025-07-07 14:19:00.301209213,2025-07-07 14:19:00.101209213,RGM_0026184,1,5.497844449063515e-05,False,False
N023_C0000778,23,2025-07-07 14:22:05.926209213,2025-07-07 14:22:08.426209213,2025-07-07 14:22:07.726209213,RGM_0026923,11,0.0013822960861399,False,False
N111_C0004354,111,2025-07-07 14:25:23.926209213,2025-07-07 14:25:26.426209213,2025-07-07 14:25:25.426209213,RGM_0027830,2,0.0002460549891175,False,False
N033_C0001757,33,2025-07-07 14:27:19.675347531,2025-07-07 14:27:20.475347531,2025-07-07 14:27:20.175347531,RGM_0028395,1,0.0010992925025521,False,False
N032_C0001660,32,2025-07-07 14:27:20.325347531,2025-07-07 14:27:20.575347531,2025-07-07 14:27:20.425347531,RGM_0028400,1,0.0007354341095303,False,False
N023_C0000779,23,2025-07-07 14:27:20.325347531,2025-07-07 14:27:20.575347531,2025-07-07 14:27:20.475347531,RGM_0028402,3,5.103811660763256e-05,False,False
N033_C0001758,33,2025-07-07 14:28:37.150347531,2025-07-07 14:28:37.250347531,2025-07-07 14:28:37.200347531,RGM_0028722,1,0.0006340640682195,False,False
N023_C0000780,23,2025-07-07 14:28:35.425347531,2025-07-07 14:28:38.475347531,2025-07-07 14:28:37.275347531,RGM_0028729,7,0.0043218734013432,False,False
N023_C0000781,23,2025-07-07 14:28:52.550347531,2025-07-07 14:28:53.175347531,2025-07-07 14:28:52.925347531,RGM_0028778,2,0.0001701267409977,False,False
N111_C0004355,111,2025-07-07 14:30:19.800347531,2025-07-07 14:30:20.925347531,2025-07-07 14:30:20.250347531,RGM_0029396,1,0.0001151940606603,False,False
N111_C0004356,111,2025-07-07 14:31:02.675347531,2025-07-07 14:31:03.675347531,2025-07-07 14:31:03.575347531,RGM_0029723,1,9.420692422524184e-05,False,False
N111_C0004357,111,2025-07-07 14:32:02.925347531,2025-07-07 14:32:03.425347531,2025-07-07 14:32:03.025347531,RGM_0030010,1,5.5960971580858775e-05,False,False
N111_C0004358,111,2025-07-07 14:32:08.175347531,2025-07-07 14:32:09.175347531,2025-07-07 14:32:08.750347531,RGM_0030031,1,5.461180333431363e-05,False,False
N023_C0000782,23,2025-07-07 14:32:10.825347531,2025-07-07 14:32:13.425347531,2025-07-07 14:32:12.350347531,RGM_0030049,3,0.0015064807182287,False,False
N031_C0001405,31,2025-07-07 14:32:12.325347531,2025-07-07 14:32:12.425347531,2025-07-07 14:32:12.375347531,RGM_0030050,1,0.0024237984812956,False,False
N023_C0000783,23,2025-07-07 14:33:05.100347531,2025-07-07 14:33:05.200347531,2025-07-07 14:33:05.150347531,RGM_0030276,6,0.0004468514071997,False,False
N029_C0001146,29,2025-07-07 14:33:05.100347531,2025-07-07 14:33:05.200347531,2025-07-07 14:33:05.150347531,RGM_0030285,1,0.0006025660451597,False,False
N030_C0001273,30,2025-07-07 14:33:05.125347531,2025-07-07 14:33:05.175347531,2025-07-07 14:33:05.150347531,RGM_0030289,1,0.0005723408952058,False,False
N031_C0001406,31,2025-07-07 14:33:05.100347531,2025-07-07 14:33:05.200347531,2025-07-07 14:33:05.150347531,RGM_0030275,1,0.0004231653531478,False,False
N023_C0000784,23,2025-07-07 14:34:11.525347531,2025-07-07 14:34:11.575347531,2025-07-07 14:34:11.550347531,RGM_0030565,1,4.9856387324461234e-06,False,False
N032_C0001661,32,2025-07-07 14:34:11.675347531,2025-07-07 14:34:11.725347531,2025-07-07 14:34:11.700347531,RGM_0030566,1,5.777303956153561e-05,False,False
N031_C0001407,31,2025-07-07 14:34:11.800347531,2025-07-07 14:34:11.850347531,2025-07-07 14:34:11.825347531,RGM_0030571,1,7.842016536403629e-05,False,False
N032_C0001662,32,2025-07-07 14:34:11.800347531,2025-07-07 14:34:11.850347531,2025-07-07 14:34:11.825347531,RGM_0030569,1,7.842016536403629e-05,False,False
N023_C0000785,23,2025-07-07 14:34:11.825347531,2025-07-07 14:34:11.875347531,2025-07-07 14:34:11.850347531,RGM_0030575,1,3.0040466583611608e-05,False,False
N023_C0000786,23,2025-07-07 14:34:12.025347531,2025-07-07 14:34:12.075347531,2025-07-07 14:34:12.050347531,RGM_0030579,3,0.0001672980298057,False,False
N029_C0001147,29,2025-07-07 14:34:12.000347531,2025-07-07 14:34:12.100347531,2025-07-07 14:34:12.050347531,RGM_0030576,1,0.0001791428153191,False,False
N031_C0001408,31,2025-07-07 14:34:12.025347531,2025-07-07 14:34:12.075347531,2025-07-07 14:34:12.050347531,RGM_0030586,1,0.0001672980298057,False,False
N032_C0001663,32,2025-07-07 14:34:12.025347531,2025-07-07 14:34:12.075347531,2025-07-07 14:34:12.050347531,RGM_0030584,1,0.0001672980298057,False,False
N023_C0000787,23,2025-07-07 14:34:12.100347531,2025-07-07 14:34:12.150347531,2025-07-07 14:34:12.125347531,RGM_0030593,1,4.3852616435252e-06,False,False
N030_C0001274,30,2025-07-07 14:34:11.425347531,2025-07-07 14:34:13.675347531,2025-07-07 14:34:12.425347531,RGM_0030595,5,0.0075180643102138,False,False
N033_C0001759,33,2025-07-07 14:34:12.725347531,2025-07-07 14:34:12.825347531,2025-07-07 14:34:12.775347531,RGM_0030615,1,0.0003233113580713,False,False
N029_C0001148,29,2025-07-07 14:34:12.750347531,2025-07-07 14:34:12.850347531,2025-07-07 14:34:12.800347531,RGM_0030618,1,0.0060598221679212,False,False
N031_C0001409,31,2025-07-07 14:34:12.725347531,2025-07-07 14:34:12.925347531,2025-07-07 14:34:12.800347531,RGM_0030617,1,0.00612953980963,False,False
N023_C0000788,23,2025-07-07 14:34:12.300347531,2025-07-07 14:34:14.425347531,2025-07-07 14:34:13.175347531,RGM_0030641,11,0.0068422744679202,False,False
N032_C0001664,32,2025-07-07 14:34:13.225347531,2025-07-07 14:34:13.425347531,2025-07-07 14:34:13.325347531,RGM_0030644,3,0.0004404364437826,False,False
N033_C0001760,33,2025-07-07 14:34:13.350347531,2025-07-07 14:34:13.400347531,2025-07-07 14:34:13.375347531,RGM_0030647,1,2.8007607657102213e-05,False,False
N032_C0001665,32,2025-07-07 14:34:13.550347531,2025-07-07 14:34:13.600347531,2025-07-07 14:34:13.575347531,RGM_0030657,1,5.555792032282808e-05,False,False
N111_C0004359,111,2025-07-07 14:35:26.925347531,2025-07-07 14:35:28.925347531,2025-07-07 14:35:28.450347531,RGM_0031031,1,0.0003007873762052,False,False
N032_C0001666,32,2025-07-07 14:36:01.375347531,2025-07-07 14:36:01.425347531,2025-07-07 14:36:01.400347531,RGM_0031174,1,6.983251957760999e-05,False,False
N023_C0000789,23,2025-07-07 14:36:01.425347531,2025-07-07 14:36:03.425347531,2025-07-07 14:36:02.600347531,RGM_0031182,7,0.0015006067358205,False,False
N030_C0001275,30,2025-07-07 14:36:02.600347531,2025-07-07 14:36:02.700347531,2025-07-07 14:36:02.650347531,RGM_0031188,1,0.0025275163541419,False,False
N031_C0001410,31,2025-07-07 14:36:02.525347531,2025-07-07 14:36:02.725347531,2025-07-07 14:36:02.650347531,RGM_0031185,1,0.0025342096444167,False,False
N032_C0001667,32,2025-07-07 14:36:44.300347531,2025-07-07 14:36:45.075347531,2025-07-07 14:36:44.375347531,RGM_0031406,1,0.0007707954885354,False,False
N031_C0001411,31,2025-07-07 14:36:57.824476279,2025-07-07 14:36:58.024476279,2025-07-07 14:36:57.974476279,RGM_0031491,1,0.0007873632320032,False,False
N031_C0001412,31,2025-07-07 14:36:59.724476279,2025-07-07 14:36:59.849476279,2025-07-07 14:36:59.774476279,RGM_0031501,1,0.0004055934477986,False,False
N031_C0001413,31,2025-07-07 14:37:02.049476279,2025-07-07 14:37:02.149476279,2025-07-07 14:37:02.099476279,RGM_0031513,1,0.000276127543336,False,False
N031_C0001414,31,2025-07-07 14:37:04.624476279,2025-07-07 14:37:04.724476279,2025-07-07 14:37:04.674476279,RGM_0031527,1,0.0003371213339148,False,False
N031_C0001415,31,2025-07-07 14:37:22.749476279,2025-07-07 14:37:22.849476279,2025-07-07 14:37:22.799476279,RGM_0031598,1,0.0004337798907982,False,False
N031_C0001416,31,2025-07-07 14:37:23.724476279,2025-07-07 14:37:23.824476279,2025-07-07 14:37:23.774476279,RGM_0031604,1,0.0003056559806631,False,False
N031_C0001417,31,2025-07-07 14:37:30.924476279,2025-07-07 14:37:31.074476279,2025-07-07 14:37:31.024476279,RGM_0031636,1,0.0005116973969708,False,False
N031_C0001418,31,2025-07-07 14:37:32.599476279,2025-07-07 14:37:32.724476279,2025-07-07 14:37:32.674476279,RGM_0031641,1,0.0005154788667286,False,False
N031_C0001419,31,2025-07-07 14:37:33.599476279,2025-07-07 14:37:33.699476279,2025-07-07 14:37:33.649476279,RGM_0031645,1,0.0003125045887157,False,False
N023_C0000790,23,2025-07-07 14:37:40.999476279,2025-07-07 14:37:41.099476279,2025-07-07 14:37:41.049476279,RGM_0031666,1,0.0003063461522456,False,False
N031_C0001420,31,2025-07-07 14:37:43.224476279,2025-07-07 14:37:43.324476279,2025-07-07 14:37:43.274476279,RGM_0031674,1,0.0003884721154035,False,False
N056_C0003847,56,2025-07-07 14:38:07.024476279,2025-07-07 14:38:07.549476279,2025-07-07 14:38:07.099476279,RGM_0031756,1,4.4536145850173466e-05,False,False
N027_C0001100,27,2025-07-07 14:38:11.374476279,2025-07-07 14:38:11.574476279,2025-07-07 14:38:11.474476279,RGM_0031800,1,5.55683254866326e-05,False,False
N031_C0001421,31,2025-07-07 14:38:14.149476279,2025-07-07 14:38:14.799476279,2025-07-07 14:38:14.749476279,RGM_0031811,1,0.0008015701785297,False,False
N023_C0000791,23,2025-07-07 14:38:28.774476279,2025-07-07 14:38:29.024476279,2025-07-07 14:38:28.924476279,RGM_0031866,1,0.0012378811539695,False,False
N030_C0001276,30,2025-07-07 14:38:32.674476279,2025-07-07 14:38:33.674476279,2025-07-07 14:38:33.224476279,RGM_0031885,1,0.0027918999844666,False,False
N023_C0000792,23,2025-07-07 14:39:09.574476279,2025-07-07 14:39:09.699476279,2025-07-07 14:39:09.624476279,RGM_0032036,1,5.669307352181524e-05,False,False
N058_C0004189,58,2025-07-07 14:39:41.924476279,2025-07-07 14:39:42.024476279,2025-07-07 14:39:41.999476279,RGM_0032202,1,9.506907225256237e-06,False,False
N023_C0000793,23,2025-07-07 14:39:54.424476279,2025-07-07 14:39:56.424476279,2025-07-07 14:39:55.424476279,RGM_0032273,16,0.0100940767543289,False,False
N030_C0001277,30,2025-07-07 14:39:54.424476279,2025-07-07 14:39:56.424476279,2025-07-07 14:39:55.424476279,RGM_0032272,3,0.0100940767543289,False,False
N031_C0001422,31,2025-07-07 14:39:54.424476279,2025-07-07 14:39:56.424476279,2025-07-07 14:39:55.424476279,RGM_0032275,1,0.0062667635578682,False,False
N023_C0000794,23,2025-07-07 14:40:49.424476279,2025-07-07 14:40:52.924476279,2025-07-07 14:40:50.999476279,RGM_0032550,2,0.0016211827112506,False,False
N052_C0002573,52,2025-07-07 14:41:20.849476279,2025-07-07 14:41:20.974476279,2025-07-07 14:41:20.899476279,RGM_0032712,1,2.7294054301176863e-05,False,False
N023_C0000795,23,2025-07-07 14:41:21.524476279,2025-07-07 14:41:22.099476279,2025-07-07 14:41:21.649476279,RGM_0032717,1,0.0002129607593758,False,False
N023_C0000796,23,2025-07-07 14:41:29.499476279,2025-07-07 14:41:31.224476279,2025-07-07 14:41:31.099476279,RGM_0032776,1,0.0005130057325831,False,False
N005_C0000080,5,2025-07-07 14:42:12.774476279,2025-07-07 14:42:13.074476279,2025-07-07 14:42:12.974476279,RGM_0032973,1,0.000150439338317,False,False
N023_C0000797,23,2025-07-07 14:42:17.824476279,2025-07-07 14:42:19.924476279,2025-07-07 14:42:18.449476279,RGM_0032995,1,0.0009798693954996,False,False
N055_C0003447,55,2025-07-07 14:43:04.624476279,2025-07-07 14:43:04.674476279,2025-07-07 14:43:04.649476279,RGM_0033246,1,1.9651192572678197e-05,False,False
N052_C0002574,52,2025-07-07 14:43:04.624476279,2025-07-07 14:43:04.724476279,2025-07-07 14:43:04.674476279,RGM_0033250,1,2.0354509648457438e-05,False,False
N056_C0003848,56,2025-07-07 14:43:04.624476279,2025-07-07 14:43:04.724476279,2025-07-07 14:43:04.674476279,RGM_0033252,2,1.7706355780441064e-05,False,False
N055_C0003448,55,2025-07-07 14:43:50.499476279,2025-07-07 14:43:50.974476279,2025-07-07 14:43:50.549476279,RGM_0033497,1,2.415893417695428e-05,False,False
N052_C0002575,52,2025-07-07 14:43:50.874476279,2025-07-07 14:43:50.924476279,2025-07-07 14:43:50.899476279,RGM_0033502,1,8.801773335241523e-06,False,False
N054_C0003278,54,2025-07-07 14:44:46.524476279,2025-07-07 14:44:46.649476279,2025-07-07 14:44:46.599476279,RGM_0033757,1,2.0151632466174987e-05,False,False
N023_C0000798,23,2025-07-07 14:45:22.924476279,2025-07-07 14:45:23.424476279,2025-07-07 14:45:23.049476279,RGM_0033956,1,0.000162122230375,False,False
N023_C0000799,23,2025-07-07 14:45:30.424476279,2025-07-07 14:45:33.924476279,2025-07-07 14:45:31.924476279,RGM_0034005,26,0.0061912543848727,False,False
N029_C0001149,29,2025-07-07 14:45:32.249476279,2025-07-07 14:45:32.299476279,2025-07-07 14:45:32.274476279,RGM_0034021,1,0.0058340814072661,False,False
N052_C0002576,52,2025-07-07 14:45:36.274476279,2025-07-07 14:45:36.899476279,2025-07-07 14:45:36.324476279,RGM_0034080,1,2.8583640129192817e-05,False,False
N023_C0000800,23,2025-07-07 14:45:48.924476279,2025-07-07 14:45:51.924476279,2025-07-07 14:45:50.399476279,RGM_0034137,2,0.0011417487621124,False,False
N052_C0002577,52,2025-07-07 14:45:54.574476279,2025-07-07 14:45:55.174476279,2025-07-07 14:45:54.649476279,RGM_0034172,2,6.481314534915009e-05,False,False
N052_C0002578,52,2025-07-07 14:46:45.549476279,2025-07-07 14:46:46.049476279,2025-07-07 14:46:45.824476279,RGM_0034475,1,6.282057795819028e-05,False,False
N052_C0002579,52,2025-07-07 14:47:01.732341237,2025-07-07 14:47:01.932341237,2025-07-07 14:47:01.807341237,RGM_0034584,1,5.685913562597534e-05,False,False
N023_C0000801,23,2025-07-07 14:47:02.132341237,2025-07-07 14:47:02.232341237,2025-07-07 14:47:02.157341237,RGM_0034586,1,4.9138752819926e-05,False,False
N023_C0000802,23,2025-07-07 14:47:02.932341237,2025-07-07 14:47:03.932341237,2025-07-07 14:47:03.407341237,RGM_0034592,1,0.000588891959166,False,False
N053_C0003068,53,2025-07-07 14:47:05.182341237,2025-07-07 14:47:05.382341237,2025-07-07 14:47:05.232341237,RGM_0034603,1,3.439962715222445e-05,False,False
N023_C0000803,23,2025-07-07 14:47:08.032341237,2025-07-07 14:47:09.007341237,2025-07-07 14:47:08.357341237,RGM_0034614,1,0.0003897985463837,False,False
N023_C0000804,23,2025-07-07 14:47:18.182341237,2025-07-07 14:47:20.182341237,2025-07-07 14:47:18.882341237,RGM_0034661,2,0.0011134016392982,False,False
N033_C0001761,33,2025-07-07 14:47:22.682341237,2025-07-07 14:47:24.007341237,2025-07-07 14:47:23.257341237,RGM_0034684,1,0.0001845300733287,False,False
N030_C0001278,30,2025-07-07 14:47:23.182341237,2025-07-07 14:47:23.332341237,2025-07-07 14:47:23.282341237,RGM_0034686,1,0.0004206362737315,False,False
N005_C0000081,5,2025-07-07 14:48:22.357341237,2025-07-07 14:48:22.457341237,2025-07-07 14:48:22.432341237,RGM_0035060,1,3.4167480909125165e-05,False,False
N053_C0003069,53,2025-07-07 14:48:51.257341237,2025-07-07 14:48:51.332341237,2025-07-07 14:48:51.282341237,RGM_0035225,1,1.5786364478534106e-05,False,False
N052_C0002580,52,2025-07-07 14:48:51.257341237,2025-07-07 14:48:51.382341237,2025-07-07 14:48:51.332341237,RGM_0035231,2,2.118501783937869e-05,False,False
N052_C0002581,52,2025-07-07 14:50:12.007341237,2025-07-07 14:50:12.107341237,2025-07-07 14:50:12.057341237,RGM_0035523,1,1.8702678544353966e-05,False,False
N005_C0000082,5,2025-07-07 14:52:20.332341237,2025-07-07 14:52:20.582341237,2025-07-07 14:52:20.532341237,RGM_0035928,1,8.534146254404232e-05,False,False
N005_C0000083,5,2025-07-07 14:52:20.682341237,2025-07-07 14:52:20.732341237,2025-07-07 14:52:20.707341237,RGM_0035929,1,1.9905180081238648e-05,False,False
N023_C0000805,23,2025-07-07 14:52:27.007341237,2025-07-07 14:52:27.107341237,2025-07-07 14:52:27.057341237,RGM_0035946,1,0.0004226803950114,False,False
N005_C0000084,5,2025-07-07 14:52:31.282341237,2025-07-07 14:52:31.482341237,2025-07-07 14:52:31.382341237,RGM_0035992,1,7.960149392168609e-05,False,False
N030_C0001279,30,2025-07-07 14:53:09.832341237,2025-07-07 14:53:09.957341237,2025-07-07 14:53:09.882341237,RGM_0036267,1,0.0009422611221503,False,False
N029_C0001150,29,2025-07-07 14:53:14.307341237,2025-07-07 14:53:14.807341237,2025-07-07 14:53:14.657341237,RGM_0036278,1,0.0026155448346004,False,False
N031_C0001423,31,2025-07-07 14:53:14.607341237,2025-07-07 14:53:14.707341237,2025-07-07 14:53:14.657341237,RGM_0036276,1,0.0018680146811751,False,False
N005_C0000085,5,2025-07-07 14:53:19.432341237,2025-07-07 14:53:19.732341237,2025-07-07 14:53:19.657341237,RGM_0036349,1,8.254379325759867e-05,False,False
N005_C0000086,5,2025-07-07 14:53:33.632341237,2025-07-07 14:53:34.557341237,2025-07-07 14:53:34.057341237,RGM_0036435,1,0.0001483989618731,False,False
N030_C0001280,30,2025-07-07 14:53:36.557341237,2025-07-07 14:53:36.807341237,2025-07-07 14:53:36.607341237,RGM_0036445,2,0.0012773027969489,False,False
N052_C0002582,52,2025-07-07 14:53:54.832341237,2025-07-07 14:53:55.032341237,2025-07-07 14:53:54.907341237,RGM_0036541,1,4.1957169710693833e-05,False,False
N005_C0000087,5,2025-07-07 14:54:04.082341237,2025-07-07 14:54:04.282341237,2025-07-07 14:54:04.157341237,RGM_0036579,1,0.000139626984867,False,False
N030_C0001281,30,2025-07-07 14:54:25.782341237,2025-07-07 14:54:25.882341237,2025-07-07 14:54:25.832341237,RGM_0036658,1,0.0004505317780053,False,False
N030_C0001282,30,2025-07-07 14:54:47.557341237,2025-07-07 14:54:47.657341237,2025-07-07 14:54:47.607341237,RGM_0036745,1,0.001070780022529,False,False
N005_C0000088,5,2025-07-07 14:55:15.182341237,2025-07-07 14:55:15.382341237,2025-07-07 14:55:15.257341237,RGM_0036872,1,5.003703256051997e-05,False,False
N052_C0002583,52,2025-07-07 14:55:28.607341237,2025-07-07 14:55:28.707341237,2025-07-07 14:55:28.682341237,RGM_0036946,1,2.3078123957578216e-05,False,False
N030_C0001283,30,2025-07-07 14:55:30.057341237,2025-07-07 14:55:30.157341237,2025-07-07 14:55:30.107341237,RGM_0036956,1,0.0009143456935365,False,False
N030_C0001284,30,2025-07-07 14:55:32.757341237,2025-07-07 14:55:33.682341237,2025-07-07 14:55:33.532341237,RGM_0036963,1,0.0027734155719174,False,False
N030_C0001285,30,2025-07-07 14:55:40.382341237,2025-07-07 14:55:40.482341237,2025-07-07 14:55:40.432341237,RGM_0036995,1,0.0008226643652193,False,False
N005_C0000089,5,2025-07-07 14:55:44.307341237,2025-07-07 14:55:44.407341237,2025-07-07 14:55:44.357341237,RGM_0037022,1,8.956057204545466e-05,False,False
N052_C0002584,52,2025-07-07 14:56:06.182341237,2025-07-07 14:56:07.082341237,2025-07-07 14:56:06.407341237,RGM_0037214,1,8.747813259478632e-05,False,False
N005_C0000090,5,2025-07-07 14:56:06.782341237,2025-07-07 14:56:06.982341237,2025-07-07 14:56:06.882341237,RGM_0037217,1,5.299683793876211e-05,False,False
N009_C0000525,9,2025-07-07 14:56:06.832341237,2025-07-07 14:56:06.932341237,2025-07-07 14:56:06.882341237,RGM_0037216,1,0.0001391066991898,False,False
N052_C0002585,52,2025-07-07 14:56:16.782341237,2025-07-07 14:56:16.882341237,2025-07-07 14:56:16.832341237,RGM_0037274,2,5.0857832635224777e-05,False,False
N053_C0003070,53,2025-07-07 14:56:16.807341237,2025-07-07 14:56:16.907341237,2025-07-07 14:56:16.857341237,RGM_0037276,1,3.793844237009275e-05,False,False
N052_C0002586,52,2025-07-07 14:56:19.532341237,2025-07-07 14:56:19.732341237,2025-07-07 14:56:19.607341237,RGM_0037289,1,3.2175813293976845e-05,False,False
N030_C0001286,30,2025-07-07 14:56:41.157341237,2025-07-07 14:56:41.257341237,2025-07-07 14:56:41.207341237,RGM_0037412,1,0.0005392958633707,False,False
N052_C0002587,52,2025-07-07 14:56:47.732341237,2025-07-07 14:56:47.932341237,2025-07-07 14:56:47.857341237,RGM_0037441,1,3.720799698059472e-05,False,False
N054_C0003279,54,2025-07-07 14:56:59.531478643,2025-07-07 14:56:59.631478643,2025-07-07 14:56:59.581478643,RGM_0037500,1,9.55885560066288e-06,False,False
N000_C0000002,0,2025-07-07 14:56:59.181478643,2025-07-07 14:57:01.181478643,2025-07-07 14:57:00.431478643,RGM_0037514,3,0.0004747067988076,False,False
N005_C0000091,5,2025-07-07 14:57:07.831478643,2025-07-07 14:57:08.181478643,2025-07-07 14:57:08.006478643,RGM_0037565,1,6.166060959257492e-05,False,False
N030_C0001287,30,2025-07-07 14:57:17.031478643,2025-07-07 14:57:17.681478643,2025-07-07 14:57:17.106478643,RGM_0037609,1,0.002391638024307,False,False
N000_C0000003,0,2025-07-07 14:57:16.931478643,2025-07-07 14:57:17.431478643,2025-07-07 14:57:17.181478643,RGM_0037614,4,0.0002615996158639,False,False
N005_C0000092,5,2025-07-07 14:57:20.981478643,2025-07-07 14:57:21.131478643,2025-07-07 14:57:21.056478643,RGM_0037639,1,5.230170939941277e-05,False,False
N000_C0000004,0,2025-07-07 14:57:21.681478643,2025-07-07 14:57:22.306478643,2025-07-07 14:57:21.931478643,RGM_0037642,1,0.0001622827221121,False,False
N052_C0002588,52,2025-07-07 14:57:27.306478643,2025-07-07 14:57:27.356478643,2025-07-07 14:57:27.331478643,RGM_0037695,1,1.6462665057901422e-05,False,False
N005_C0000093,5,2025-07-07 14:57:28.206478643,2025-07-07 14:57:28.306478643,2025-07-07 14:57:28.231478643,RGM_0037702,1,5.0188257532620176e-05,False,False
N005_C0000094,5,2025-07-07 14:57:58.556478643,2025-07-07 14:57:59.831478643,2025-07-07 14:57:59.781478643,RGM_0037865,1,0.0001517907279034,False,False
N052_C0002589,52,2025-07-07 14:58:04.206478643,2025-07-07 14:58:04.256478643,2025-07-07 14:58:04.231478643,RGM_0037883,1,1.98638929945708e-05,False,False
N030_C0001288,30,2025-07-07 14:58:05.656478643,2025-07-07 14:58:05.756478643,2025-07-07 14:58:05.706478643,RGM_0037895,1,0.0006508036794625,False,False
N006_C0000402,6,2025-07-07 14:58:06.931478643,2025-07-07 14:58:07.431478643,2025-07-07 14:58:07.056478643,RGM_0037903,1,0.0001308037855924,False,False
N053_C0003071,53,2025-07-07 14:58:07.606478643,2025-07-07 14:58:07.656478643,2025-07-07 14:58:07.631478643,RGM_0037911,1,8.078760919471007e-06,False,False
N052_C0002590,52,2025-07-07 14:58:07.806478643,2025-07-07 14:58:07.906478643,2025-07-07 14:58:07.856478643,RGM_0037921,2,3.2378992837125394e-05,False,False
N051_C0002376,51,2025-07-07 14:58:08.481478643,2025-07-07 14:58:08.681478643,2025-07-07 14:58:08.581478643,RGM_0037945,3,4.04639812613212e-05,False,False
N052_C0002591,52,2025-07-07 14:58:08.481478643,2025-07-07 14:58:08.681478643,2025-07-07 14:58:08.656478643,RGM_0037949,1,3.477194148913154e-05,False,False
N023_C0000806,23,2025-07-07 14:58:11.556478643,2025-07-07 14:58:12.056478643,2025-07-07 14:58:11.856478643,RGM_0037969,3,0.0018194547184295,False,False
N031_C0001424,31,2025-07-07 14:58:11.806478643,2025-07-07 14:58:11.931478643,2025-07-07 14:58:11.881478643,RGM_0037971,1,0.0017074346629268,False,False
N030_C0001289,30,2025-07-07 14:58:11.831478643,2025-07-07 14:58:11.956478643,2025-07-07 14:58:11.906478643,RGM_0037973,1,0.0017087238073672,False,False
N005_C0000095,5,2025-07-07 14:58:14.031478643,2025-07-07 14:58:14.081478643,2025-07-07 14:58:14.056478643,RGM_0037996,1,2.273771700605642e-05,False,False
N005_C0000096,5,2025-07-07 14:58:14.381478643,2025-07-07 14:58:14.631478643,2025-07-07 14:58:14.456478643,RGM_0037998,1,7.419226569915077e-05,False,False
N005_C0000097,5,2025-07-07 14:58:42.506478643,2025-07-07 14:58:45.431478643,2025-07-07 14:58:44.756478643,RGM_0038147,1,0.0002523586796349,False,False
N005_C0000098,5,2025-07-07 14:58:52.756478643,2025-07-07 14:58:53.481478643,2025-07-07 14:58:53.406478643,RGM_0038179,1,0.0001121473821737,False,False
N007_C0000455,7,2025-07-07 14:58:53.306478643,2025-07-07 14:58:53.806478643,2025-07-07 14:58:53.406478643,RGM_0038180,1,0.000110424541602,False,False
N052_C0002592,52,2025-07-07 14:59:03.606478643,2025-07-07 14:59:03.706478643,2025-07-07 14:59:03.656478643,RGM_0038236,1,3.7762408439899925e-05,False,False
N005_C0000099,5,2025-07-07 14:59:05.156478643,2025-07-07 14:59:05.406478643,2025-07-07 14:59:05.331478643,RGM_0038250,1,9.033456591653577e-05,False,False
N052_C0002593,52,2025-07-07 14:59:08.206478643,2025-07-07 14:59:08.431478643,2025-07-07 14:59:08.331478643,RGM_0038277,2,3.3946594081980844e-05,False,False
N005_C0000100,5,2025-07-07 14:59:07.731478643,2025-07-07 14:59:09.456478643,2025-07-07 14:59:08.806478643,RGM_0038280,2,0.0002197128041975,False,False
N005_C0000101,5,2025-07-07 14:59:11.131478643,2025-07-07 14:59:11.406478643,2025-07-07 14:59:11.331478643,RGM_0038299,1,0.0001164840187154,False,False
N005_C0000102,5,2025-07-07 14:59:13.556478643,2025-07-07 14:59:13.881478643,2025-07-07 14:59:13.631478643,RGM_0038310,1,0.0001085112055233,False,False
N056_C0003849,56,2025-07-07 14:59:15.556478643,2025-07-07 14:59:15.606478643,2025-07-07 14:59:15.581478643,RGM_0038350,1,8.709645785618297e-06,False,False
N052_C0002594,52,2025-07-07 14:59:15.531478643,2025-07-07 14:59:15.731478643,2025-07-07 14:59:15.631478643,RGM_0038366,3,3.196901603394158e-05,False,False
N005_C0000103,5,2025-07-07 14:59:16.581478643,2025-07-07 14:59:16.831478643,2025-07-07 14:59:16.731478643,RGM_0038377,1,0.000180905575035,False,False
N008_C0000474,8,2025-07-07 14:59:16.731478643,2025-07-07 14:59:16.831478643,2025-07-07 14:59:16.781478643,RGM_0038380,1,0.0001704787454253,False,False
N005_C0000104,5,2025-07-07 14:59:19.881478643,2025-07-07 14:59:20.006478643,2025-07-07 14:59:19.931478643,RGM_0038408,1,4.2944567662812766e-05,False,False
N005_C0000105,5,2025-07-07 14:59:21.631478643,2025-07-07 14:59:21.931478643,2025-07-07 14:59:21.781478643,RGM_0038415,1,6.11465906299108e-05,False,False
N005_C0000106,5,2025-07-07 14:59:33.031478643,2025-07-07 14:59:33.531478643,2025-07-07 14:59:33.206478643,RGM_0038508,1,8.784022477568671e-05,False,False
N005_C0000107,5,2025-07-07 14:59:42.056478643,2025-07-07 14:59:42.506478643,2025-07-07 14:59:42.431478643,RGM_0038559,1,9.661485196330253e-05,False,False
N005_C0000108,5,2025-07-07 14:59:44.081478643,2025-07-07 14:59:44.831478643,2025-07-07 14:59:44.181478643,RGM_0038570,1,0.0001206065278866,False,False
N005_C0000109,5,2025-07-07 14:59:46.431478643,2025-07-07 14:59:46.531478643,2025-07-07 14:59:46.506478643,RGM_0038585,1,4.094166501639945e-05,False,False
N023_C0000807,23,2025-07-07 15:00:07.306478643,2025-07-07 15:00:07.831478643,2025-07-07 15:00:07.756478643,RGM_0038697,2,0.0023651154777168,False,False
N030_C0001290,30,2025-07-07 15:00:07.431478643,2025-07-07 15:00:08.681478643,2025-07-07 15:00:07.781478643,RGM_0038701,1,0.0029227865107317,False,False
N005_C0000110,5,2025-07-07 15:00:08.831478643,2025-07-07 15:00:08.931478643,2025-07-07 15:00:08.856478643,RGM_0038707,1,3.909600828817878e-05,False,False
N029_C0001151,29,2025-07-07 15:00:12.756478643,2025-07-07 15:00:12.806478643,2025-07-07 15:00:12.781478643,RGM_0038730,1,0.0005478602061026,False,False
N005_C0000111,5,2025-07-07 15:00:14.706478643,2025-07-07 15:00:14.806478643,2025-07-07 15:00:14.781478643,RGM_0038742,1,2.7467336576649364e-05,False,False
N055_C0003449,55,2025-07-07 15:00:18.481478643,2025-07-07 15:00:18.681478643,2025-07-07 15:00:18.606478643,RGM_0038779,1,2.38113921312534e-05,False,False
N056_C0003850,56,2025-07-07 15:00:18.556478643,2025-07-07 15:00:18.656478643,2025-07-07 15:00:18.606478643,RGM_0038781,1,2.1934381259854983e-05,False,False
N055_C0003450,55,2025-07-07 15:00:21.506478643,2025-07-07 15:00:21.556478643,2025-07-07 15:00:21.531478643,RGM_0038813,1,1.2329276897503595e-05,False,False
N000_C0000005,0,2025-07-07 15:00:32.806478643,2025-07-07 15:00:33.306478643,2025-07-07 15:00:33.181478643,RGM_0038873,4,0.0001015636004528,False,False
N030_C0001291,30,2025-07-07 15:00:35.656478643,2025-07-07 15:00:35.756478643,2025-07-07 15:00:35.706478643,RGM_0038896,1,0.0007593613167657,False,False
N032_C0001668,32,2025-07-07 15:00:35.656478643,2025-07-07 15:00:35.756478643,2025-07-07 15:00:35.706478643,RGM_0038897,1,0.0007593613167657,False,False
N033_C0001762,33,2025-07-07 15:00:42.131478643,2025-07-07 15:00:42.331478643,2025-07-07 15:00:42.206478643,RGM_0038971,1,7.798563504911124e-05,False,False
N035_C0002168,35,2025-07-07 15:00:42.156478643,2025-07-07 15:00:42.256478643,2025-07-07 15:00:42.206478643,RGM_0038973,1,6.53828598927347e-05,False,False
N027_C0001101,27,2025-07-07 15:00:41.681478643,2025-07-07 15:00:43.681478643,2025-07-07 15:00:42.306478643,RGM_0038985,2,0.0003603478248275,False,False
N037_C0002192,37,2025-07-07 15:00:41.931478643,2025-07-07 15:00:42.931478643,2025-07-07 15:00:42.431478643,RGM_0038988,1,0.0001147900038148,False,False
N030_C0001292,30,2025-07-07 15:00:42.906478643,2025-07-07 15:00:43.006478643,2025-07-07 15:00:42.956478643,RGM_0038996,1,0.0007190015049517,False,False
N056_C0003851,56,2025-07-07 15:00:47.281478643,2025-07-07 15:00:47.331478643,2025-07-07 15:00:47.306478643,RGM_0039024,1,2.1614825389996324e-05,False,False
N052_C0002595,52,2025-07-07 15:00:47.281478643,2025-07-07 15:00:47.481478643,2025-07-07 15:00:47.331478643,RGM_0039032,2,2.761626531289565e-05,False,False
N023_C0000808,23,2025-07-07 15:00:49.931478643,2025-07-07 15:00:50.931478643,2025-07-07 15:00:50.256478643,RGM_0039039,2,0.0020603956721875,False,False
N006_C0000403,6,2025-07-07 15:00:50.631478643,2025-07-07 15:00:50.731478643,2025-07-07 15:00:50.681478643,RGM_0039048,1,0.0001046501508903,False,False
N009_C0000526,9,2025-07-07 15:00:50.606478643,2025-07-07 15:00:50.706478643,2025-07-07 15:00:50.681478643,RGM_0039046,1,0.0001321003042272,False,False
N029_C0001152,29,2025-07-07 15:00:53.731478643,2025-07-07 15:00:53.931478643,2025-07-07 15:00:53.781478643,RGM_0039065,1,0.0006161361178203,False,False
N055_C0003451,55,2025-07-07 15:00:57.581478643,2025-07-07 15:00:57.781478643,2025-07-07 15:00:57.681478643,RGM_0039098,3,3.38810922082629e-05,False,False
N056_C0003852,56,2025-07-07 15:00:57.681478643,2025-07-07 15:00:57.731478643,2025-07-07 15:00:57.706478643,RGM_0039102,1,3.053062734214276e-05,False,False
N053_C0003072,53,2025-07-07 15:00:57.681478643,2025-07-07 15:00:57.781478643,2025-07-07 15:00:57.731478643,RGM_0039120,1,4.041007861796166e-05,False,False
N054_C0003280,54,2025-07-07 15:00:57.706478643,2025-07-07 15:00:57.756478643,2025-07-07 15:00:57.731478643,RGM_0039117,1,3.5164133574433995e-05,False,False
N052_C0002596,52,2025-07-07 15:00:57.681478643,2025-07-07 15:00:57.806478643,2025-07-07 15:00:57.756478643,RGM_0039132,2,4.163234120478583e-05,False,False
N052_C0002597,52,2025-07-07 15:01:02.331478643,2025-07-07 15:01:02.481478643,2025-07-07 15:01:02.431478643,RGM_0039171,1,1.688876819603837e-05,False,False
N055_C0003452,55,2025-07-07 15:01:02.381478643,2025-07-07 15:01:02.481478643,2025-07-07 15:01:02.431478643,RGM_0039170,1,1.2614790973913754e-05,False,False
N056_C0003853,56,2025-07-07 15:01:02.831478643,2025-07-07 15:01:03.031478643,2025-07-07 15:01:02.931478643,RGM_0039185,1,2.680335603773704e-05,False,False
N052_C0002598,52,2025-07-07 15:01:03.206478643,2025-07-07 15:01:03.256478643,2025-07-07 15:01:03.231478643,RGM_0039195,1,7.33507867480241e-06,False,False
N005_C0000112,5,2025-07-07 15:01:15.156478643,2025-07-07 15:01:15.281478643,2025-07-07 15:01:15.256478643,RGM_0039289,1,5.401568583387424e-05,False,False
N006_C0000404,6,2025-07-07 15:01:15.231478643,2025-07-07 15:01:15.331478643,2025-07-07 15:01:15.281478643,RGM_0039290,1,9.212296559848342e-05,False,False
N005_C0000113,5,2025-07-07 15:01:19.331478643,2025-07-07 15:01:19.531478643,2025-07-07 15:01:19.481478643,RGM_0039325,1,8.276187942911704e-05,False,False
N005_C0000114,5,2025-07-07 15:01:21.981478643,2025-07-07 15:01:22.181478643,2025-07-07 15:01:22.131478643,RGM_0039331,1,6.619167609447059e-05,False,False
N052_C0002599,52,2025-07-07 15:01:23.181478643,2025-07-07 15:01:23.381478643,2025-07-07 15:01:23.231478643,RGM_0039374,1,2.688323819162765e-05,False,False
N055_C0003453,55,2025-07-07 15:01:23.181478643,2025-07-07 15:01:23.281478643,2025-07-07 15:01:23.231478643,RGM_0039378,1,1.8171006199799777e-05,False,False
N056_C0003854,56,2025-07-07 15:01:23.181478643,2025-07-07 15:01:23.281478643,2025-07-07 15:01:23.231478643,RGM_0039375,1,1.716892392548185e-05,False,False
N000_C0000006,0,2025-07-07 15:01:25.681478643,2025-07-07 15:01:26.181478643,2025-07-07 15:01:26.081478643,RGM_0039414,4,0.0001109300591999,False,False
N008_C0000475,8,2025-07-07 15:01:26.081478643,2025-07-07 15:01:26.281478643,2025-07-07 15:01:26.181478643,RGM_0039421,1,0.0002028360907349,False,False
N052_C0002600,52,2025-07-07 15:01:33.281478643,2025-07-07 15:01:33.481478643,2025-07-07 15:01:33.356478643,RGM_0039478,1,2.975747067840463e-05,False,False
N105_C0004339,105,2025-07-07 15:01:35.756478643,2025-07-07 15:01:35.806478643,2025-07-07 15:01:35.781478643,RGM_0039487,1,5.217566272965702e-06,False,False
N023_C0000809,23,2025-07-07 15:01:36.106478643,2025-07-07 15:01:36.156478643,2025-07-07 15:01:36.131478643,RGM_0039488,1,0.0002080446190981,False,False
N005_C0000115,5,2025-07-07 15:01:36.956478643,2025-07-07 15:01:37.006478643,2025-07-07 15:01:36.981478643,RGM_0039492,1,1.6981074691446847e-05,False,False
N005_C0000116,5,2025-07-07 15:01:42.881478643,2025-07-07 15:01:43.081478643,2025-07-07 15:01:42.981478643,RGM_0039525,1,0.0001208814134959,False,False
N010_C0000615,10,2025-07-07 15:01:42.556478643,2025-07-07 15:01:43.131478643,2025-07-07 15:01:42.981478643,RGM_0039524,2,0.0003162204364414,False,False
N054_C0003281,54,2025-07-07 15:01:50.231478643,2025-07-07 15:01:50.331478643,2025-07-07 15:01:50.281478643,RGM_0039564,2,5.6514552337270527e-05,False,False
N056_C0003855,56,2025-07-07 15:01:50.206478643,2025-07-07 15:01:50.331478643,2025-07-07 15:01:50.281478643,RGM_0039562,1,3.4300401319015245e-05,False,False
N052_C0002601,52,2025-07-07 15:01:50.256478643,2025-07-07 15:01:50.356478643,2025-07-07 15:01:50.306478643,RGM_0039578,1,6.058659283256608e-05,False,False
N053_C0003073,53,2025-07-07 15:01:50.256478643,2025-07-07 15:01:50.356478643,2025-07-07 15:01:50.306478643,RGM_0039575,1,6.058659283256608e-05,False,False
N055_C0003454,55,2025-07-07 15:01:50.281478643,2025-07-07 15:01:50.331478643,2025-07-07 15:01:50.306478643,RGM_0039590,1,4.096280509125646e-05,False,False
N055_C0003455,55,2025-07-07 15:01:53.306478643,2025-07-07 15:01:53.831478643,2025-07-07 15:01:53.756478643,RGM_0039613,1,2.633664849528545e-05,False,False
N052_C0002602,52,2025-07-07 15:01:53.731478643,2025-07-07 15:01:53.831478643,2025-07-07 15:01:53.781478643,RGM_0039617,2,4.2954196157970505e-05,False,False
N031_C0001425,31,2025-07-07 15:01:54.031478643,2025-07-07 15:01:54.956478643,2025-07-07 15:01:54.906478643,RGM_0039630,1,0.0013371402959951,False,False
N052_C0002603,52,2025-07-07 15:01:57.681478643,2025-07-07 15:01:57.881478643,2025-07-07 15:01:57.781478643,RGM_0039652,2,3.255457616066915e-05,False,False
N053_C0003074,53,2025-07-07 15:01:57.756478643,2025-07-07 15:01:57.806478643,2025-07-07 15:01:57.781478643,RGM_0039656,1,2.8473260102681774e-05,False,False
N052_C0002604,52,2025-07-07 15:02:00.631478643,2025-07-07 15:02:00.831478643,2025-07-07 15:02:00.731478643,RGM_0039684,3,5.454701775762769e-05,False,False
N053_C0003075,53,2025-07-07 15:02:00.631478643,2025-07-07 15:02:00.831478643,2025-07-07 15:02:00.731478643,RGM_0039683,2,5.454701775762769e-05,False,False
N055_C0003456,55,2025-07-07 15:02:00.681478643,2025-07-07 15:02:01.181478643,2025-07-07 15:02:00.831478643,RGM_0039728,3,4.960894260764756e-05,False,False
N053_C0003076,53,2025-07-07 15:02:01.031478643,2025-07-07 15:02:01.081478643,2025-07-07 15:02:01.056478643,RGM_0039740,1,1.5097679755753248e-05,False,False
N054_C0003282,54,2025-07-07 15:02:01.031478643,2025-07-07 15:02:01.081478643,2025-07-07 15:02:01.056478643,RGM_0039738,1,1.0641364367278728e-05,False,False
N052_C0002605,52,2025-07-07 15:02:01.031478643,2025-07-07 15:02:01.231478643,2025-07-07 15:02:01.131478643,RGM_0039758,2,2.8936498237190636e-05,False,False
N029_C0001153,29,2025-07-07 15:02:06.806478643,2025-07-07 15:02:06.906478643,2025-07-07 15:02:06.856478643,RGM_0039819,1,0.0005186302558395,False,False
N052_C0002606,52,2025-07-07 15:02:11.431478643,2025-07-07 15:02:11.681478643,2025-07-07 15:02:11.581478643,RGM_0039853,2,3.865778857488503e-05,False,False
N053_C0003077,53,2025-07-07 15:02:11.581478643,2025-07-07 15:02:11.681478643,2025-07-07 15:02:11.606478643,RGM_0039867,1,3.419079747921945e-05,False,False
N023_C0000810,23,2025-07-07 15:02:30.281478643,2025-07-07 15:02:30.381478643,2025-07-07 15:02:30.331478643,RGM_0039991,3,0.0007874753192275,False,False
N029_C0001154,29,2025-07-07 15:02:30.281478643,2025-07-07 15:02:30.381478643,2025-07-07 15:02:30.331478643,RGM_0039993,1,0.0007874753192275,False,False
N030_C0001293,30,2025-07-07 15:02:30.281478643,2025-07-07 15:02:30.381478643,2025-07-07 15:02:30.331478643,RGM_0039995,1,0.0007874753192275,False,False
N031_C0001426,31,2025-07-07 15:02:30.281478643,2025-07-07 15:02:30.381478643,2025-07-07 15:02:30.331478643,RGM_0039988,1,0.0007874753192275,False,False
N034_C0002157,34,2025-07-07 15:02:30.306478643,2025-07-07 15:02:30.356478643,2025-07-07 15:02:30.331478643,RGM_0039990,1,8.076242328183404e-06,False,False
N035_C0002169,35,2025-07-07 15:02:30.306478643,2025-07-07 15:02:30.356478643,2025-07-07 15:02:30.331478643,RGM_0039992,1,8.727843674094277e-06,False,False
N036_C0002178,36,2025-07-07 15:02:30.306478643,2025-07-07 15:02:30.356478643,2025-07-07 15:02:30.331478643,RGM_0039994,1,8.727843674094277e-06,False,False
N050_C0002330,50,2025-07-07 15:02:30.256478643,2025-07-07 15:02:30.431478643,2025-07-07 15:02:30.331478643,RGM_0039989,1,8.447820120756148e-06,False,False
N051_C0002377,51,2025-07-07 15:02:30.081478643,2025-07-07 15:02:30.856478643,2025-07-07 15:02:30.631478643,RGM_0039998,2,4.532263725722392e-05,False,False
N052_C0002607,52,2025-07-07 15:02:30.581478643,2025-07-07 15:02:30.681478643,2025-07-07 15:02:30.631478643,RGM_0039997,1,1.7598764997386926e-05,False,False
N010_C0000616,10,2025-07-07 15:02:30.831478643,2025-07-07 15:02:31.031478643,2025-07-07 15:02:30.931478643,RGM_0040002,1,8.34906078054723e-05,False,False
N111_C0004360,111,2025-07-07 15:02:30.031478643,2025-07-07 15:02:32.181478643,2025-07-07 15:02:31.181478643,RGM_0040005,3,0.0006142292556018,False,False
N036_C0002179,36,2025-07-07 15:02:31.056478643,2025-07-07 15:02:31.556478643,2025-07-07 15:02:31.306478643,RGM_0040130,1,6.697772877600265e-05,False,False
N105_C0004340,105,2025-07-07 15:02:31.056478643,2025-07-07 15:02:31.556478643,2025-07-07 15:02:31.306478643,RGM_0040138,1,0.0002307642443164,False,False
N010_C0000617,10,2025-07-07 15:02:31.756478643,2025-07-07 15:02:31.856478643,2025-07-07 15:02:31.831478643,RGM_0040142,1,5.296642492221664e-05,False,False
N108_C0004342,108,2025-07-07 15:02:30.681478643,2025-07-07 15:02:33.181478643,2025-07-07 15:02:32.181478643,RGM_0040144,2,0.0007636844366948,False,False
N052_C0002608,52,2025-07-07 15:02:38.181478643,2025-07-07 15:02:38.231478643,2025-07-07 15:02:38.206478643,RGM_0040182,1,2.2567138217426595e-05,False,False
N053_C0003078,53,2025-07-07 15:02:40.631478643,2025-07-07 15:02:40.681478643,2025-07-07 15:02:40.656478643,RGM_0040201,1,1.9617183658346617e-05,False,False
N055_C0003457,55,2025-07-07 15:02:40.606478643,2025-07-07 15:02:40.681478643,2025-07-07 15:02:40.656478643,RGM_0040204,1,1.1580474250694487e-05,False,False
N056_C0003856,56,2025-07-07 15:02:40.606478643,2025-07-07 15:02:40.706478643,2025-07-07 15:02:40.656478643,RGM_0040198,1,8.454667242900344e-06,False,False
N031_C0001427,31,2025-07-07 15:02:40.956478643,2025-07-07 15:02:41.056478643,2025-07-07 15:02:41.006478643,RGM_0040205,1,0.0003123925946011,False,False
N052_C0002609,52,2025-07-07 15:02:41.056478643,2025-07-07 15:02:41.181478643,2025-07-07 15:02:41.106478643,RGM_0040208,2,4.225009370862238e-05,False,False
N055_C0003458,55,2025-07-07 15:02:41.056478643,2025-07-07 15:02:41.156478643,2025-07-07 15:02:41.106478643,RGM_0040207,1,2.08082336995914e-05,False,False
N054_C0003283,54,2025-07-07 15:02:41.481478643,2025-07-07 15:02:41.531478643,2025-07-07 15:02:41.506478643,RGM_0040216,1,1.10130126791476e-05,False,False
N034_C0002158,34,2025-07-07 15:02:42.181478643,2025-07-07 15:02:42.431478643,2025-07-07 15:02:42.231478643,RGM_0040220,1,2.4662805588395486e-05,False,False
N059_C0004229,59,2025-07-07 15:02:42.681478643,2025-07-07 15:02:42.731478643,2025-07-07 15:02:42.706478643,RGM_0040225,1,7.305072387469923e-06,False,False
N061_C0004244,61,2025-07-07 15:02:42.681478643,2025-07-07 15:02:42.731478643,2025-07-07 15:02:42.706478643,RGM_0040228,1,8.801710690336897e-06,False,False
N053_C0003079,53,2025-07-07 15:02:43.506478643,2025-07-07 15:02:43.556478643,2025-07-07 15:02:43.531478643,RGM_0040235,1,1.898477932701374e-05,False,False
N023_C0000811,23,2025-07-07 15:02:45.481478643,2025-07-07 15:02:45.581478643,2025-07-07 15:02:45.531478643,RGM_0040244,3,0.0005519166970987,False,False
N029_C0001155,29,2025-07-07 15:02:45.531478643,2025-07-07 15:02:45.581478643,2025-07-07 15:02:45.556478643,RGM_0040251,1,0.0006168565610751,False,False
N031_C0001428,31,2025-07-07 15:02:45.531478643,2025-07-07 15:02:45.631478643,2025-07-07 15:02:45.581478643,RGM_0040253,1,0.0006284656547584,False,False
N030_C0001294,30,2025-07-07 15:02:53.931478643,2025-07-07 15:02:54.131478643,2025-07-07 15:02:54.031478643,RGM_0040296,1,0.0008235594158074,False,False
N029_C0001156,29,2025-07-07 15:02:54.031478643,2025-07-07 15:02:54.131478643,2025-07-07 15:02:54.081478643,RGM_0040305,1,0.0008013818688278,False,False
N031_C0001429,31,2025-07-07 15:02:54.031478643,2025-07-07 15:02:54.131478643,2025-07-07 15:02:54.081478643,RGM_0040302,1,0.0008013818688278,False,False
N053_C0003080,53,2025-07-07 15:02:56.306478643,2025-07-07 15:02:56.806478643,2025-07-07 15:02:56.381478643,RGM_0040316,1,6.355607882091545e-05,False,False
N052_C0002610,52,2025-07-07 15:02:56.606478643,2025-07-07 15:02:56.681478643,2025-07-07 15:02:56.656478643,RGM_0040319,1,3.172450123121198e-05,False,False
N031_C0001430,31,2025-07-07 15:02:57.206478643,2025-07-07 15:02:57.881478643,2025-07-07 15:02:57.256478643,RGM_0040323,1,0.0009265241067757,False,False
N052_C0002611,52,2025-07-07 15:03:00.856478643,2025-07-07 15:03:00.981478643,2025-07-07 15:03:00.931478643,RGM_0040362,1,4.191618083528962e-05,False,False
N031_C0001431,31,2025-07-07 15:03:15.381478643,2025-07-07 15:03:15.581478643,2025-07-07 15:03:15.506478643,RGM_0040457,1,0.00060229490649,False,False
N111_C0004361,111,2025-07-07 15:03:19.681478643,2025-07-07 15:03:21.806478643,2025-07-07 15:03:21.406478643,RGM_0040501,1,0.00032935790936,False,False
N029_C0001157,29,2025-07-07 15:03:25.681478643,2025-07-07 15:03:26.181478643,2025-07-07 15:03:25.931478643,RGM_0040526,1,0.0014167605584529,False,False
N023_C0000812,23,2025-07-07 15:03:26.031478643,2025-07-07 15:03:26.231478643,2025-07-07 15:03:26.106478643,RGM_0040534,3,0.001276573273619,False,False
N005_C0000117,5,2025-07-07 15:03:27.881478643,2025-07-07 15:03:28.631478643,2025-07-07 15:03:27.981478643,RGM_0040564,1,0.0002306520423398,False,False
N005_C0000118,5,2025-07-07 15:03:29.781478643,2025-07-07 15:03:30.206478643,2025-07-07 15:03:30.181478643,RGM_0040572,1,8.722623320583472e-05,False,False
N010_C0000618,10,2025-07-07 15:03:32.431478643,2025-07-07 15:03:33.431478643,2025-07-07 15:03:32.931478643,RGM_0040582,1,0.0004714039891282,False,False
N005_C0000119,5,2025-07-07 15:03:32.881478643,2025-07-07 15:03:33.131478643,2025-07-07 15:03:32.956478643,RGM_0040583,1,0.0003515711261494,False,False
N027_C0001102,27,2025-07-07 15:03:33.181478643,2025-07-07 15:03:34.181478643,2025-07-07 15:03:33.681478643,RGM_0040585,1,0.0001807666569623,False,False
N017_C0000657,17,2025-07-07 15:03:33.656478643,2025-07-07 15:03:33.756478643,2025-07-07 15:03:33.706478643,RGM_0040587,1,4.451211161297839e-05,False,False
N018_C0000668,18,2025-07-07 15:03:33.681478643,2025-07-07 15:03:33.731478643,2025-07-07 15:03:33.706478643,RGM_0040588,1,3.1751705243357035e-05,False,False
N019_C0000676,19,2025-07-07 15:03:33.681478643,2025-07-07 15:03:33.731478643,2025-07-07 15:03:33.706478643,RGM_0040592,1,3.1751705243357035e-05,False,False
N026_C0001089,26,2025-07-07 15:03:33.656478643,2025-07-07 15:03:33.756478643,2025-07-07 15:03:33.706478643,RGM_0040590,1,3.855106666255803e-05,False,False
N024_C0001066,24,2025-07-07 15:03:33.681478643,2025-07-07 15:03:33.881478643,2025-07-07 15:03:33.781478643,RGM_0040595,1,7.423522817572126e-05,False,False
N025_C0001080,25,2025-07-07 15:03:33.556478643,2025-07-07 15:03:34.056478643,2025-07-07 15:03:33.806478643,RGM_0040600,1,0.0001466605536567,False,False
N011_C0000641,11,2025-07-07 15:03:33.831478643,2025-07-07 15:03:33.931478643,2025-07-07 15:03:33.881478643,RGM_0040604,2,6.076185821024856e-05,False,False
N017_C0000658,17,2025-07-07 15:03:33.881478643,2025-07-07 15:03:33.931478643,2025-07-07 15:03:33.906478643,RGM_0040612,1,5.75563120013601e-05,False,False
N022_C0000724,22,2025-07-07 15:03:33.831478643,2025-07-07 15:03:34.581478643,2025-07-07 15:03:33.981478643,RGM_0040614,2,8.607079144290169e-05,False,False
N005_C0000120,5,2025-07-07 15:03:38.431478643,2025-07-07 15:03:38.731478643,2025-07-07 15:03:38.556478643,RGM_0040650,1,6.77622380852208e-05,False,False
N008_C0000476,8,2025-07-07 15:03:42.181478643,2025-07-07 15:03:42.381478643,2025-07-07 15:03:42.281478643,RGM_0040664,1,0.0001318649351,False,False
N009_C0000527,9,2025-07-07 15:03:42.131478643,2025-07-07 15:03:42.356478643,2025-07-07 15:03:42.281478643,RGM_0040663,2,0.0001328431549487,False,False
N000_C0000007,0,2025-07-07 15:03:45.556478643,2025-07-07 15:03:45.606478643,2025-07-07 15:03:45.581478643,RGM_0040680,1,1.739664774641869e-05,False,False
N005_C0000121,5,2025-07-07 15:03:46.181478643,2025-07-07 15:03:47.181478643,2025-07-07 15:03:46.631478643,RGM_0040687,1,0.0004030093394427,False,False
N030_C0001295,30,2025-07-07 15:03:55.681478643,2025-07-07 15:03:56.681478643,2025-07-07 15:03:56.531478643,RGM_0040729,1,0.0022884719976763,False,False
N023_C0000813,23,2025-07-07 15:03:56.556478643,2025-07-07 15:03:56.656478643,2025-07-07 15:03:56.606478643,RGM_0040736,2,0.0012147252436498,False,False
N031_C0001432,31,2025-07-07 15:03:56.431478643,2025-07-07 15:03:57.431478643,2025-07-07 15:03:56.631478643,RGM_0040737,1,0.00230102464432,False,False
N029_C0001158,29,2025-07-07 15:04:14.956478643,2025-07-07 15:04:15.006478643,2025-07-07 15:04:14.981478643,RGM_0040821,1,0.0005766340338554,False,False
N020_C0000706,20,2025-07-07 15:04:22.656478643,2025-07-07 15:04:22.981478643,2025-07-07 15:04:22.806478643,RGM_0040849,1,0.0002326879884058,False,False
N045_C0002262,45,2025-07-07 15:04:23.156478643,2025-07-07 15:04:23.206478643,2025-07-07 15:04:23.181478643,RGM_0040877,1,4.320534154537647e-06,False,False
N051_C0002378,51,2025-07-07 15:04:23.156478643,2025-07-07 15:04:23.206478643,2025-07-07 15:04:23.181478643,RGM_0040868,1,8.65737308735903e-06,False,False
N052_C0002612,52,2025-07-07 15:04:23.156478643,2025-07-07 15:04:23.206478643,2025-07-07 15:04:23.181478643,RGM_0040854,1,8.65737308735903e-06,False,False
N053_C0003081,53,2025-07-07 15:04:23.156478643,2025-07-07 15:04:23.206478643,2025-07-07 15:04:23.181478643,RGM_0040864,1,8.65737308735903e-06,False,False
N020_C0000707,20,2025-07-07 15:04:23.506478643,2025-07-07 15:04:23.606478643,2025-07-07 15:04:23.556478643,RGM_0041138,1,0.0001112230792712,False,False
N051_C0002379,51,2025-07-07 15:04:24.581478643,2025-07-07 15:04:24.631478643,2025-07-07 15:04:24.606478643,RGM_0041273,1,5.825968818242083e-06,False,False
N049_C0002323,49,2025-07-07 15:04:28.181478643,2025-07-07 15:04:30.181478643,2025-07-07 15:04:29.181478643,RGM_0041300,5,0.0003165150216118,False,False
N047_C0002303,47,2025-07-07 15:04:29.331478643,2025-07-07 15:04:29.531478643,2025-07-07 15:04:29.431478643,RGM_0041362,1,3.790495152034844e-05,False,False
N054_C0003284,54,2025-07-07 15:04:29.331478643,2025-07-07 15:04:29.531478643,2025-07-07 15:04:29.431478643,RGM_0041361,1,3.109609872075029e-05,False,False
N041_C0002228,41,2025-07-07 15:04:29.306478643,2025-07-07 15:04:29.806478643,2025-07-07 15:04:29.556478643,RGM_0041376,2,7.0352960225442e-05,False,False
N051_C0002380,51,2025-07-07 15:04:29.306478643,2025-07-07 15:04:30.181478643,2025-07-07 15:04:29.556478643,RGM_0041379,10,0.0002103382607916,False,False
N050_C0002331,50,2025-07-07 15:04:29.181478643,2025-07-07 15:04:30.181478643,2025-07-07 15:04:29.681478643,RGM_0041402,5,0.0002999349511622,False,False
N047_C0002304,47,2025-07-07 15:04:29.556478643,2025-07-07 15:04:30.181478643,2025-07-07 15:04:29.806478643,RGM_0041531,4,0.0002540104759804,False,False
N042_C0002235,42,2025-07-07 15:04:29.981478643,2025-07-07 15:04:30.031478643,2025-07-07 15:04:30.006478643,RGM_0041538,1,5.34439106355198e-06,False,False
N048_C0002316,48,2025-07-07 15:04:29.981478643,2025-07-07 15:04:30.031478643,2025-07-07 15:04:30.006478643,RGM_0041543,1,1.3496921822058566e-05,False,False
N046_C0002289,46,2025-07-07 15:04:29.981478643,2025-07-07 15:04:30.181478643,2025-07-07 15:04:30.081478643,RGM_0041576,3,1.5930450530500383e-05,False,False
N040_C0002220,40,2025-07-07 15:04:29.181478643,2025-07-07 15:04:31.181478643,2025-07-07 15:04:30.181478643,RGM_0041587,9,0.0001877606386582,False,False
N045_C0002263,45,2025-07-07 15:04:29.181478643,2025-07-07 15:04:31.181478643,2025-07-07 15:04:30.181478643,RGM_0041588,18,0.0003477598519954,False,False
N052_C0002613,52,2025-07-07 15:04:29.181478643,2025-07-07 15:04:31.181478643,2025-07-07 15:04:30.181478643,RGM_0041586,7,0.0002982435244271,False,False
N053_C0003082,53,2025-07-07 15:04:29.181478643,2025-07-07 15:04:31.181478643,2025-07-07 15:04:30.181478643,RGM_0041585,4,0.0002982435244271,False,False
N041_C0002229,41,2025-07-07 15:04:30.256478643,2025-07-07 15:04:30.306478643,2025-07-07 15:04:30.281478643,RGM_0041598,1,6.448530964329915e-06,False,False
N042_C0002236,42,2025-07-07 15:04:30.256478643,2025-07-07 15:04:30.306478643,2025-07-07 15:04:30.281478643,RGM_0041599,1,5.094224756936967e-06,False,False
N055_C0003459,55,2025-07-07 15:04:30.256478643,2025-07-07 15:04:30.306478643,2025-07-07 15:04:30.281478643,RGM_0041595,1,5.530844551512227e-06,False,False
N048_C0002317,48,2025-07-07 15:04:30.256478643,2025-07-07 15:04:30.356478643,2025-07-07 15:04:30.306478643,RGM_0041620,1,1.534247791254502e-05,False,False
N049_C0002324,49,2025-07-07 15:04:30.281478643,2025-07-07 15:04:30.331478643,2025-07-07 15:04:30.306478643,RGM_0041619,1,1.0856168136552369e-05,False,False
N050_C0002332,50,2025-07-07 15:04:30.256478643,2025-07-07 15:04:30.356478643,2025-07-07 15:04:30.306478643,RGM_0041606,2,1.534247791254502e-05,False,False
N054_C0003285,54,2025-07-07 15:04:30.256478643,2025-07-07 15:04:30.356478643,2025-07-07 15:04:30.306478643,RGM_0041623,1,1.445300451765206e-05,False,False
N051_C0002381,51,2025-07-07 15:04:30.231478643,2025-07-07 15:04:30.431478643,2025-07-07 15:04:30.331478643,RGM_0041625,6,2.607448129310333e-05,False,False
N047_C0002305,47,2025-07-07 15:04:30.256478643,2025-07-07 15:04:30.481478643,2025-07-07 15:04:30.381478643,RGM_0041630,3,1.579723497890782e-05,False,False
N049_C0002325,49,2025-07-07 15:04:30.831478643,2025-07-07 15:04:31.031478643,2025-07-07 15:04:30.906478643,RGM_0041639,1,1.8010046678465054e-05,False,False
N050_C0002333,50,2025-07-07 15:04:30.881478643,2025-07-07 15:04:31.006478643,2025-07-07 15:04:30.956478643,RGM_0041642,2,1.4341290910104202e-05,False,False
N034_C0002159,34,2025-07-07 15:04:41.681478643,2025-07-07 15:04:43.681478643,2025-07-07 15:04:42.681478643,RGM_0041923,2,0.0004173362772551,False,False
N036_C0002180,36,2025-07-07 15:04:41.681478643,2025-07-07 15:04:43.681478643,2025-07-07 15:04:42.681478643,RGM_0041921,1,0.0004794767653463,False,False
N040_C0002221,40,2025-07-07 15:04:41.681478643,2025-07-07 15:04:43.681478643,2025-07-07 15:04:42.681478643,RGM_0041918,3,0.000266649424778,False,False
N045_C0002264,45,2025-07-07 15:04:41.681478643,2025-07-07 15:04:43.681478643,2025-07-07 15:04:42.681478643,RGM_0041917,4,0.000345843827024,False,False
N048_C0002318,48,2025-07-07 15:04:41.681478643,2025-07-07 15:04:43.681478643,2025-07-07 15:04:42.681478643,RGM_0041916,2,0.000345843827024,False,False
N051_C0002382,51,2025-07-07 15:04:42.681478643,2025-07-07 15:04:42.731478643,2025-07-07 15:04:42.706478643,RGM_0041933,1,8.203491877614734e-06,False,False
N019_C0000677,19,2025-07-07 15:04:42.981478643,2025-07-07 15:04:43.131478643,2025-07-07 15:04:43.006478643,RGM_0041955,1,4.409185554256715e-05,False,False
N022_C0000725,22,2025-07-07 15:04:43.056478643,2025-07-07 15:04:46.331478643,2025-07-07 15:04:43.306478643,RGM_0042023,3,0.0003460013390448,False,False
N038_C0002204,38,2025-07-07 15:04:43.356478643,2025-07-07 15:04:43.456478643,2025-07-07 15:04:43.406478643,RGM_0042050,1,1.2652204618750465e-05,False,False
N025_C0001081,25,2025-07-07 15:04:43.406478643,2025-07-07 15:04:43.456478643,2025-07-07 15:04:43.431478643,RGM_0042068,1,2.888486122573098e-05,False,False
N026_C0001090,26,2025-07-07 15:04:43.406478643,2025-07-07 15:04:43.456478643,2025-07-07 15:04:43.431478643,RGM_0042070,1,2.888486122573098e-05,False,False
N027_C0001103,27,2025-07-07 15:04:43.406478643,2025-07-07 15:04:43.456478643,2025-07-07 15:04:43.431478643,RGM_0042065,1,2.888486122573098e-05,False,False
N050_C0002334,50,2025-07-07 15:04:43.431478643,2025-07-07 15:04:43.481478643,2025-07-07 15:04:43.456478643,RGM_0042074,1,7.93411514874819e-06,False,False
N032_C0001669,32,2025-07-07 15:05:12.681478643,2025-07-07 15:05:13.181478643,2025-07-07 15:05:12.931478643,RGM_0042212,1,0.001547623687622,False,False
N023_C0000814,23,2025-07-07 15:05:12.681478643,2025-07-07 15:05:13.681478643,2025-07-07 15:05:13.106478643,RGM_0042226,2,0.0017500568083334,False,False
N030_C0001296,30,2025-07-07 15:05:16.656478643,2025-07-07 15:05:16.756478643,2025-07-07 15:05:16.706478643,RGM_0042248,1,0.0005556479004646,False,False
N031_C0001433,31,2025-07-07 15:05:26.956478643,2025-07-07 15:05:27.056478643,2025-07-07 15:05:27.006478643,RGM_0042294,1,0.0005916843515149,False,False
N030_C0001297,30,2025-07-07 15:05:54.656478643,2025-07-07 15:05:54.756478643,2025-07-07 15:05:54.706478643,RGM_0042461,1,0.0011012328839732,False,False
N031_C0001434,31,2025-07-07 15:05:54.631478643,2025-07-07 15:05:54.831478643,2025-07-07 15:05:54.731478643,RGM_0042467,1,0.0011571547589825,False,False
N032_C0001670,32,2025-07-07 15:05:54.681478643,2025-07-07 15:05:54.781478643,2025-07-07 15:05:54.731478643,RGM_0042469,1,0.0010993415712785,False,False
N030_C0001298,30,2025-07-07 15:06:16.681478643,2025-07-07 15:06:18.681478643,2025-07-07 15:06:18.331478643,RGM_0042576,2,0.0023884776213107,False,False
N029_C0001159,29,2025-07-07 15:06:18.331478643,2025-07-07 15:06:18.431478643,2025-07-07 15:06:18.381478643,RGM_0042579,1,0.001330309820042,False,False
N031_C0001435,31,2025-07-07 15:06:18.331478643,2025-07-07 15:06:18.431478643,2025-07-07 15:06:18.381478643,RGM_0042580,1,0.001330309820042,False,False
N031_C0001436,31,2025-07-07 15:06:24.006478643,2025-07-07 15:06:24.106478643,2025-07-07 15:06:24.056478643,RGM_0042624,1,0.0005508347624899,False,False
N044_C0002242,44,2025-07-07 15:06:24.431478643,2025-07-07 15:06:25.031478643,2025-07-07 15:06:24.881478643,RGM_0042630,2,2.8782925494485817e-05,False,False
N019_C0000678,19,2025-07-07 15:06:33.131478643,2025-07-07 15:06:33.606478643,2025-07-07 15:06:33.581478643,RGM_0042676,1,0.0001429165279906,False,False
N019_C0000679,19,2025-07-07 15:06:41.606478643,2025-07-07 15:06:42.306478643,2025-07-07 15:06:42.006478643,RGM_0042707,1,0.0002253909670253,False,False
N019_C0000680,19,2025-07-07 15:06:57.680612593,2025-07-07 15:07:00.555612593,2025-07-07 15:06:59.330612593,RGM_0042778,1,0.0007061802590569,False,False
N019_C0000681,19,2025-07-07 15:07:02.180612593,2025-07-07 15:07:04.180612593,2025-07-07 15:07:02.505612593,RGM_0042803,1,0.0005861158771285,False,False
N019_C0000682,19,2025-07-07 15:07:09.430612593,2025-07-07 15:07:10.430612593,2025-07-07 15:07:09.555612593,RGM_0042841,1,0.000326411462543,False,False
N020_C0000708,20,2025-07-07 15:07:09.505612593,2025-07-07 15:07:09.605612593,2025-07-07 15:07:09.555612593,RGM_0042843,1,0.0001283035300835,False,False
N031_C0001437,31,2025-07-07 15:07:09.430612593,2025-07-07 15:07:10.430612593,2025-07-07 15:07:09.605612593,RGM_0042844,1,0.0021746977526584,False,False
N030_C0001299,30,2025-07-07 15:07:15.655612593,2025-07-07 15:07:15.780612593,2025-07-07 15:07:15.730612593,RGM_0042869,1,0.0008107950760992,False,False
N052_C0002614,52,2025-07-07 15:07:24.105612593,2025-07-07 15:07:24.155612593,2025-07-07 15:07:24.130612593,RGM_0042909,1,1.8990230032584445e-05,False,False
N019_C0000683,19,2025-07-07 15:07:29.605612593,2025-07-07 15:07:31.355612593,2025-07-07 15:07:30.630612593,RGM_0042940,1,0.0003116306074034,False,False
N019_C0000684,19,2025-07-07 15:07:31.955612593,2025-07-07 15:07:32.005612593,2025-07-07 15:07:31.980612593,RGM_0042944,1,2.2103733560245213e-05,False,False
N031_C0001438,31,2025-07-07 15:08:26.780612593,2025-07-07 15:08:26.980612593,2025-07-07 15:08:26.880612593,RGM_0043243,1,0.0007731652242418,False,False
N053_C0003083,53,2025-07-07 15:09:05.530612593,2025-07-07 15:09:05.580612593,2025-07-07 15:09:05.555612593,RGM_0043472,1,7.203404182619257e-05,False,False
N054_C0003286,54,2025-07-07 15:09:05.530612593,2025-07-07 15:09:05.580612593,2025-07-07 15:09:05.555612593,RGM_0043475,1,5.85151777706815e-05,False,False
N052_C0002615,52,2025-07-07 15:09:05.505612593,2025-07-07 15:09:06.305612593,2025-07-07 15:09:05.580612593,RGM_0043479,2,0.0001000491717759,False,False
N054_C0003287,54,2025-07-07 15:09:26.505612593,2025-07-07 15:09:26.555612593,2025-07-07 15:09:26.530612593,RGM_0043562,1,4.540354121224162e-05,False,False
N055_C0003460,55,2025-07-07 15:09:26.080612593,2025-07-07 15:09:26.780612593,2025-07-07 15:09:26.530612593,RGM_0043561,2,4.568874999526117e-05,False,False
N030_C0001300,30,2025-07-07 15:09:35.680612593,2025-07-07 15:09:37.680612593,2025-07-07 15:09:37.505612593,RGM_0043607,1,0.0037299541167996,False,False
N032_C0001671,32,2025-07-07 15:09:37.430612593,2025-07-07 15:09:37.855612593,2025-07-07 15:09:37.530612593,RGM_0043608,1,0.002469035890925,False,False
N111_C0004362,111,2025-07-07 15:09:37.680612593,2025-07-07 15:09:38.180612593,2025-07-07 15:09:37.730612593,RGM_0043611,1,3.620517053505749e-05,False,False
N055_C0003461,55,2025-07-07 15:09:38.505612593,2025-07-07 15:09:38.655612593,2025-07-07 15:09:38.605612593,RGM_0043627,1,4.718772028170544e-05,False,False
N111_C0004363,111,2025-07-07 15:09:38.530612593,2025-07-07 15:09:38.730612593,2025-07-07 15:09:38.605612593,RGM_0043632,1,2.027701103120076e-05,False,False
N052_C0002616,52,2025-07-07 15:09:38.580612593,2025-07-07 15:09:38.780612593,2025-07-07 15:09:38.630612593,RGM_0043634,1,0.0001019052378811,False,False
N053_C0003084,53,2025-07-07 15:09:38.555612593,2025-07-07 15:09:39.055612593,2025-07-07 15:09:38.680612593,RGM_0043635,1,0.0001089010630334,False,False
N005_C0000122,5,2025-07-07 15:09:41.705612593,2025-07-07 15:09:41.830612593,2025-07-07 15:09:41.755612593,RGM_0043656,1,6.786008369835618e-05,False,False
N044_C0002243,44,2025-07-07 15:09:48.730612593,2025-07-07 15:09:49.005612593,2025-07-07 15:09:48.930612593,RGM_0043696,2,3.583285478051558e-05,False,False
N054_C0003288,54,2025-07-07 15:09:48.830612593,2025-07-07 15:09:49.030612593,2025-07-07 15:09:48.930612593,RGM_0043691,2,9.264472434170533e-05,False,False
N055_C0003462,55,2025-07-07 15:09:48.830612593,2025-07-07 15:09:49.030612593,2025-07-07 15:09:48.930612593,RGM_0043689,2,5.678705884595346e-05,False,False
N061_C0004245,61,2025-07-07 15:09:48.830612593,2025-07-07 15:09:49.030612593,2025-07-07 15:09:48.930612593,RGM_0043688,3,3.99346282609832e-05,False,False
N052_C0002617,52,2025-07-07 15:09:48.830612593,2025-07-07 15:09:49.080612593,2025-07-07 15:09:48.955612593,RGM_0043704,2,0.0001170826647863,False,False
N053_C0003085,53,2025-07-07 15:09:48.805612593,2025-07-07 15:09:49.305612593,2025-07-07 15:09:49.055612593,RGM_0043708,1,0.0001276812676249,False,False
N044_C0002244,44,2025-07-07 15:09:49.155612593,2025-07-07 15:09:49.280612593,2025-07-07 15:09:49.205612593,RGM_0043710,1,2.240348348433951e-05,False,False
N043_C0002238,43,2025-07-07 15:09:49.180612593,2025-07-07 15:09:49.855612593,2025-07-07 15:09:49.230612593,RGM_0043711,1,3.750977236818438e-05,False,False
N019_C0000685,19,2025-07-07 15:09:57.605612593,2025-07-07 15:09:58.655612593,2025-07-07 15:09:57.680612593,RGM_0043743,1,0.0001869023657199,False,False
N051_C0002383,51,2025-07-07 15:10:17.430612593,2025-07-07 15:10:17.530612593,2025-07-07 15:10:17.505612593,RGM_0043822,1,1.1113541794256244e-05,False,False
N051_C0002384,51,2025-07-07 15:10:17.680612593,2025-07-07 15:10:18.680612593,2025-07-07 15:10:18.180612593,RGM_0043828,6,0.0002196129070882,False,False
N057_C0004135,57,2025-07-07 15:10:18.055612593,2025-07-07 15:10:18.680612593,2025-07-07 15:10:18.305612593,RGM_0043830,5,6.179007750668698e-05,False,False
N054_C0003289,54,2025-07-07 15:10:18.430612593,2025-07-07 15:10:18.530612593,2025-07-07 15:10:18.480612593,RGM_0043849,1,0.0001618312720547,False,False
N052_C0002618,52,2025-07-07 15:10:18.405612593,2025-07-07 15:10:18.630612593,2025-07-07 15:10:18.530612593,RGM_0043855,3,0.0002003823161754,False,False
N061_C0004246,61,2025-07-07 15:10:18.430612593,2025-07-07 15:10:18.630612593,2025-07-07 15:10:18.530612593,RGM_0043854,2,5.118774130752731e-05,False,False
N055_C0003463,55,2025-07-07 15:10:37.930612593,2025-07-07 15:10:38.930612593,2025-07-07 15:10:38.780612593,RGM_0043975,1,7.342514544392868e-05,False,False
N051_C0002385,51,2025-07-07 15:10:38.680612593,2025-07-07 15:10:39.180612593,2025-07-07 15:10:38.830612593,RGM_0043990,3,9.747075031664948e-05,False,False
N052_C0002619,52,2025-07-07 15:10:38.730612593,2025-07-07 15:10:38.930612593,2025-07-07 15:10:38.830612593,RGM_0043992,1,9.10445146689549e-05,False,False
N054_C0003290,54,2025-07-07 15:10:38.780612593,2025-07-07 15:10:38.880612593,2025-07-07 15:10:38.830612593,RGM_0043989,1,8.88144488973791e-05,False,False
N111_C0004364,111,2025-07-07 15:10:40.680612593,2025-07-07 15:10:42.930612593,2025-07-07 15:10:42.305612593,RGM_0044021,1,0.0001682439334442,False,False
N111_C0004365,111,2025-07-07 15:11:01.305612593,2025-07-07 15:11:01.805612593,2025-07-07 15:11:01.605612593,RGM_0044119,1,2.891049941217817e-05,False,False
N052_C0002620,52,2025-07-07 15:11:06.130612593,2025-07-07 15:11:06.230612593,2025-07-07 15:11:06.180612593,RGM_0044148,1,5.683592838329661e-05,False,False
N030_C0001301,30,2025-07-07 15:11:06.980612593,2025-07-07 15:11:07.180612593,2025-07-07 15:11:07.055612593,RGM_0044160,2,0.0019190491990032,False,False
N023_C0000815,23,2025-07-07 15:11:05.680612593,2025-07-07 15:11:08.680612593,2025-07-07 15:11:07.080612593,RGM_0044163,5,0.0013682876957987,False,False
N019_C0000686,19,2025-07-07 15:11:10.905612593,2025-07-07 15:11:10.955612593,2025-07-07 15:11:10.930612593,RGM_0044195,1,1.857972890238939e-05,False,False
N022_C0000726,22,2025-07-07 15:11:10.905612593,2025-07-07 15:11:10.955612593,2025-07-07 15:11:10.930612593,RGM_0044196,1,1.4943766522956068e-05,False,False
N027_C0001104,27,2025-07-07 15:11:10.180612593,2025-07-07 15:11:12.180612593,2025-07-07 15:11:11.180612593,RGM_0044199,2,0.0011484239361912,False,False
N033_C0001763,33,2025-07-07 15:11:10.180612593,2025-07-07 15:11:12.180612593,2025-07-07 15:11:11.180612593,RGM_0044201,1,0.0002951448221551,False,False
N039_C0002211,39,2025-07-07 15:11:10.180612593,2025-07-07 15:11:12.180612593,2025-07-07 15:11:11.180612593,RGM_0044200,1,0.0002637259072766,False,False
N040_C0002222,40,2025-07-07 15:11:10.180612593,2025-07-07 15:11:12.180612593,2025-07-07 15:11:11.180612593,RGM_0044198,1,0.0002637259072766,False,False
N022_C0000727,22,2025-07-07 15:11:11.180612593,2025-07-07 15:11:12.180612593,2025-07-07 15:11:11.680612593,RGM_0044207,2,0.0002167528627842,False,False
N045_C0002265,45,2025-07-07 15:11:11.180612593,2025-07-07 15:11:12.180612593,2025-07-07 15:11:11.680612593,RGM_0044205,1,7.162657681181796e-05,False,False
N041_C0002230,41,2025-07-07 15:11:11.680612593,2025-07-07 15:11:12.680612593,2025-07-07 15:11:12.180612593,RGM_0044355,1,0.0001849491794423,False,False
N045_C0002266,45,2025-07-07 15:11:12.430612593,2025-07-07 15:11:12.480612593,2025-07-07 15:11:12.455612593,RGM_0044356,1,2.8578316713887705e-06,False,False
N022_C0000728,22,2025-07-07 15:11:13.080612593,2025-07-07 15:11:13.130612593,2025-07-07 15:11:13.105612593,RGM_0044358,1,1.3510917807013002e-05,False,False
N022_C0000729,22,2025-07-07 15:11:13.255612593,2025-07-07 15:11:13.305612593,2025-07-07 15:11:13.280612593,RGM_0044359,1,7.533856721349441e-06,False,False
N033_C0001764,33,2025-07-07 15:11:23.680612593,2025-07-07 15:11:24.180612593,2025-07-07 15:11:23.930612593,RGM_0044410,1,0.0001179310708702,False,False
N025_C0001082,25,2025-07-07 15:11:23.930612593,2025-07-07 15:11:24.430612593,2025-07-07 15:11:24.180612593,RGM_0044460,1,0.0004612833971955,False,False
N027_C0001105,27,2025-07-07 15:11:23.180612593,2025-07-07 15:11:25.680612593,2025-07-07 15:11:24.180612593,RGM_0044459,2,0.0005758270857778,False,False
N039_C0002212,39,2025-07-07 15:11:23.930612593,2025-07-07 15:11:24.930612593,2025-07-07 15:11:24.180612593,RGM_0044458,1,0.0001191703556357,False,False
N019_C0000687,19,2025-07-07 15:11:23.930612593,2025-07-07 15:11:24.930612593,2025-07-07 15:11:24.205612593,RGM_0044462,1,0.0003604230045155,False,False
N036_C0002181,36,2025-07-07 15:11:23.930612593,2025-07-07 15:11:24.930612593,2025-07-07 15:11:24.430612593,RGM_0044463,2,0.0001462847018193,False,False
N037_C0002193,37,2025-07-07 15:11:23.930612593,2025-07-07 15:11:24.930612593,2025-07-07 15:11:24.430612593,RGM_0044465,1,0.0001462847018193,False,False
N041_C0002231,41,2025-07-07 15:11:23.930612593,2025-07-07 15:11:24.930612593,2025-07-07 15:11:24.430612593,RGM_0044466,1,9.750406791092854e-05,False,False
N052_C0002621,52,2025-07-07 15:11:37.055612593,2025-07-07 15:11:37.555612593,2025-07-07 15:11:37.305612593,RGM_0044545,1,0.0001377408684893,False,False
N054_C0003291,54,2025-07-07 15:11:37.230612593,2025-07-07 15:11:37.430612593,2025-07-07 15:11:37.330612593,RGM_0044560,2,9.087523245785872e-05,False,False
N051_C0002386,51,2025-07-07 15:11:37.180612593,2025-07-07 15:11:38.180612593,2025-07-07 15:11:37.680612593,RGM_0044564,1,0.0001466513392004,False,False
N052_C0002622,52,2025-07-07 15:11:38.480612593,2025-07-07 15:11:38.680612593,2025-07-07 15:11:38.605612593,RGM_0044574,1,5.439243442181261e-05,False,False
N058_C0004190,58,2025-07-07 15:11:42.680612593,2025-07-07 15:11:43.930612593,2025-07-07 15:11:43.630612593,RGM_0044616,1,7.15672600623633e-05,False,False
N061_C0004247,61,2025-07-07 15:12:24.680612593,2025-07-07 15:12:25.705612593,2025-07-07 15:12:25.180612593,RGM_0044840,3,0.0001255534471422,False,False
N053_C0003086,53,2025-07-07 15:12:25.480612593,2025-07-07 15:12:25.730612593,2025-07-07 15:12:25.605612593,RGM_0044848,2,0.0002560346197968,False,False
N045_C0002267,45,2025-07-07 15:12:25.605612593,2025-07-07 15:12:25.655612593,2025-07-07 15:12:25.630612593,RGM_0044852,2,3.859130953610887e-05,False,False
N052_C0002623,52,2025-07-07 15:12:25.530612593,2025-07-07 15:12:25.730612593,2025-07-07 15:12:25.630612593,RGM_0044857,2,0.0002551223072521,False,False
N111_C0004366,111,2025-07-07 15:12:24.905612593,2025-07-07 15:12:25.930612593,2025-07-07 15:12:25.630612593,RGM_0044849,1,0.000220576882228,False,False
N051_C0002387,51,2025-07-07 15:12:24.680612593,2025-07-07 15:12:26.680612593,2025-07-07 15:12:25.655612593,RGM_0044868,8,0.0002957044178452,False,False
N054_C0003292,54,2025-07-07 15:12:25.555612593,2025-07-07 15:12:26.055612593,2025-07-07 15:12:25.805612593,RGM_0044872,1,0.0001772650036755,False,False
N052_C0002624,52,2025-07-07 15:12:31.405612593,2025-07-07 15:12:31.555612593,2025-07-07 15:12:31.455612593,RGM_0044898,2,3.0886408738082614e-05,False,False
N053_C0003087,53,2025-07-07 15:12:31.455612593,2025-07-07 15:12:31.505612593,2025-07-07 15:12:31.480612593,RGM_0044901,1,2.965350291160488e-05,False,False
N053_C0003088,53,2025-07-07 15:13:19.505612593,2025-07-07 15:13:19.605612593,2025-07-07 15:13:19.530612593,RGM_0045119,1,3.925149907336757e-05,False,False
N055_C0003464,55,2025-07-07 15:13:19.305612593,2025-07-07 15:13:19.805612593,2025-07-07 15:13:19.555612593,RGM_0045122,1,2.589224228349167e-05,False,False
N052_C0002625,52,2025-07-07 15:13:43.180612593,2025-07-07 15:13:43.280612593,2025-07-07 15:13:43.230612593,RGM_0045226,1,5.4610975650551344e-05,False,False
N055_C0003465,55,2025-07-07 15:13:43.205612593,2025-07-07 15:13:43.305612593,2025-07-07 15:13:43.255612593,RGM_0045235,1,1.6218830859935116e-05,False,False
N051_C0002388,51,2025-07-07 15:14:03.530612593,2025-07-07 15:14:03.930612593,2025-07-07 15:14:03.880612593,RGM_0045324,1,5.232367307046805e-05,False,False
N052_C0002626,52,2025-07-07 15:14:03.430612593,2025-07-07 15:14:04.555612593,2025-07-07 15:14:04.380612593,RGM_0045330,1,0.0001782363664558,False,False
N051_C0002389,51,2025-07-07 15:14:05.430612593,2025-07-07 15:14:05.480612593,2025-07-07 15:14:05.455612593,RGM_0045342,1,5.802368766025468e-06,False,False
N051_C0002390,51,2025-07-07 15:14:17.980612593,2025-07-07 15:14:18.030612593,2025-07-07 15:14:18.005612593,RGM_0045401,1,5.915599855344192e-06,False,False
N052_C0002627,52,2025-07-07 15:14:32.405612593,2025-07-07 15:14:32.505612593,2025-07-07 15:14:32.455612593,RGM_0045454,1,2.3987934254109343e-05,False,False
N051_C0002391,51,2025-07-07 15:14:32.380612593,2025-07-07 15:14:32.655612593,2025-07-07 15:14:32.580612593,RGM_0045459,4,4.402708171521302e-05,False,False
N053_C0003089,53,2025-07-07 15:14:33.130612593,2025-07-07 15:14:33.180612593,2025-07-07 15:14:33.155612593,RGM_0045471,1,2.0451277685598505e-05,False,False
N052_C0002628,52,2025-07-07 15:14:32.930612593,2025-07-07 15:14:33.455612593,2025-07-07 15:14:33.180612593,RGM_0045472,4,7.953397232231617e-05,False,False
N052_C0002629,52,2025-07-07 15:14:38.880612593,2025-07-07 15:14:39.080612593,2025-07-07 15:14:38.980612593,RGM_0045526,2,4.993991073016365e-05,False,False
N053_C0003090,53,2025-07-07 15:14:43.480612593,2025-07-07 15:14:43.580612593,2025-07-07 15:14:43.530612593,RGM_0045552,1,1.8750077598763388e-05,False,False
N052_C0002630,52,2025-07-07 15:14:43.480612593,2025-07-07 15:14:43.680612593,2025-07-07 15:14:43.555612593,RGM_0045554,2,3.6798033988307424e-05,False,False
N052_C0002631,52,2025-07-07 15:17:57.354750271,2025-07-07 15:17:57.454750271,2025-07-07 15:17:57.404750271,RGM_0046778,1,1.8469689537702563e-05,False,False
N052_C0002632,52,2025-07-07 15:18:02.029750271,2025-07-07 15:18:02.779750271,2025-07-07 15:18:02.679750271,RGM_0046807,2,5.4078206260844816e-05,False,False
N054_C0003293,54,2025-07-07 15:18:06.829750271,2025-07-07 15:18:07.054750271,2025-07-07 15:18:07.004750271,RGM_0046827,1,4.676326444577575e-05,False,False
N052_C0002633,52,2025-07-07 15:18:06.929750271,2025-07-07 15:18:07.129750271,2025-07-07 15:18:07.029750271,RGM_0046832,2,4.65889298666072e-05,False,False
N055_C0003466,55,2025-07-07 15:18:06.679750271,2025-07-07 15:18:07.929750271,2025-07-07 15:18:07.029750271,RGM_0046831,1,0.0001569188858495,False,False
N051_C0002392,51,2025-07-07 15:18:06.929750271,2025-07-07 15:18:08.054750271,2025-07-07 15:18:07.579750271,RGM_0046836,4,0.0002161885719776,False,False
N053_C0003091,53,2025-07-07 15:18:07.479750271,2025-07-07 15:18:07.679750271,2025-07-07 15:18:07.579750271,RGM_0046837,1,0.0001557886616844,False,False
N052_C0002634,52,2025-07-07 15:18:07.429750271,2025-07-07 15:18:08.054750271,2025-07-07 15:18:07.654750271,RGM_0046848,1,0.000168004429432,False,False
N052_C0002635,52,2025-07-07 15:18:13.779750271,2025-07-07 15:18:13.879750271,2025-07-07 15:18:13.829750271,RGM_0046897,1,9.31405707177982e-05,False,False
N051_C0002393,51,2025-07-07 15:18:13.429750271,2025-07-07 15:18:14.179750271,2025-07-07 15:18:13.879750271,RGM_0046902,3,0.0001017585630083,False,False
N055_C0003467,55,2025-07-07 15:18:13.779750271,2025-07-07 15:18:13.979750271,2025-07-07 15:18:13.879750271,RGM_0046901,2,6.812072506512618e-05,False,False
N055_C0003468,55,2025-07-07 15:18:19.404750271,2025-07-07 15:18:19.504750271,2025-07-07 15:18:19.454750271,RGM_0046924,1,2.5782091513287225e-05,False,False
N023_C0000816,23,2025-07-07 15:18:30.429750271,2025-07-07 15:18:32.679750271,2025-07-07 15:18:31.679750271,RGM_0047004,19,0.0006856375672251,False,False
N052_C0002636,52,2025-07-07 15:18:35.979750271,2025-07-07 15:18:36.179750271,2025-07-07 15:18:36.104750271,RGM_0047029,1,4.010415189937935e-05,False,False
N005_C0000123,5,2025-07-07 15:18:56.129750271,2025-07-07 15:18:58.754750271,2025-07-07 15:18:56.329750271,RGM_0047137,1,0.0004275808861366,False,False
N053_C0003092,53,2025-07-07 15:18:57.804750271,2025-07-07 15:18:58.304750271,2025-07-07 15:18:58.079750271,RGM_0047144,1,6.216237324137339e-05,False,False
N052_C0002637,52,2025-07-07 15:18:58.029750271,2025-07-07 15:18:58.229750271,2025-07-07 15:18:58.104750271,RGM_0047147,1,5.674978339933354e-05,False,False
N055_C0003469,55,2025-07-07 15:18:58.029750271,2025-07-07 15:18:58.154750271,2025-07-07 15:18:58.104750271,RGM_0047146,1,5.557543688962049e-05,False,False
N005_C0000124,5,2025-07-07 15:19:02.129750271,2025-07-07 15:19:02.329750271,2025-07-07 15:19:02.229750271,RGM_0047170,1,0.0003070139322052,False,False
N008_C0000477,8,2025-07-07 15:19:01.929750271,2025-07-07 15:19:03.179750271,2025-07-07 15:19:02.229750271,RGM_0047172,1,0.0004705908976343,False,False
N055_C0003470,55,2025-07-07 15:19:03.279750271,2025-07-07 15:19:03.504750271,2025-07-07 15:19:03.454750271,RGM_0047179,2,2.9657957081392784e-05,False,False
N052_C0002638,52,2025-07-07 15:19:03.454750271,2025-07-07 15:19:03.554750271,2025-07-07 15:19:03.479750271,RGM_0047181,1,3.0920122708716244e-05,False,False
N056_C0003857,56,2025-07-07 15:19:03.404750271,2025-07-07 15:19:03.504750271,2025-07-07 15:19:03.479750271,RGM_0047184,1,2.0985122225118267e-05,False,False
N005_C0000125,5,2025-07-07 15:19:04.529750271,2025-07-07 15:19:04.779750271,2025-07-07 15:19:04.629750271,RGM_0047194,1,0.0001812168910878,False,False
N009_C0000528,9,2025-07-07 15:19:04.529750271,2025-07-07 15:19:04.729750271,2025-07-07 15:19:04.629750271,RGM_0047198,1,0.0001773013983962,False,False
N055_C0003471,55,2025-07-07 15:19:06.329750271,2025-07-07 15:19:06.529750271,2025-07-07 15:19:06.454750271,RGM_0047206,1,2.2404500326929912e-05,False,False
N055_C0003472,55,2025-07-07 15:19:08.129750271,2025-07-07 15:19:08.354750271,2025-07-07 15:19:08.329750271,RGM_0047228,1,3.0033714985958143e-05,False,False
N055_C0003473,55,2025-07-07 15:19:19.129750271,2025-07-07 15:19:19.379750271,2025-07-07 15:19:19.204750271,RGM_0047268,1,3.407120802427028e-05,False,False
N056_C0003858,56,2025-07-07 15:19:17.704750271,2025-07-07 15:19:19.279750271,2025-07-07 15:19:19.204750271,RGM_0047266,1,5.839399631199628e-05,False,False
N054_C0003294,54,2025-07-07 15:19:28.054750271,2025-07-07 15:19:28.104750271,2025-07-07 15:19:28.079750271,RGM_0047304,1,5.241703778119141e-05,False,False
N055_C0003474,55,2025-07-07 15:19:28.029750271,2025-07-07 15:19:28.129750271,2025-07-07 15:19:28.079750271,RGM_0047302,2,5.304692399758482e-05,False,False
N056_C0003859,56,2025-07-07 15:19:28.029750271,2025-07-07 15:19:28.129750271,2025-07-07 15:19:28.079750271,RGM_0047303,1,4.20963693766844e-05,False,False
N053_C0003093,53,2025-07-07 15:19:28.029750271,2025-07-07 15:19:28.154750271,2025-07-07 15:19:28.104750271,RGM_0047310,1,5.322568461063535e-05,False,False
N052_C0002639,52,2025-07-07 15:19:37.229750271,2025-07-07 15:19:37.429750271,2025-07-07 15:19:37.329750271,RGM_0047360,1,5.607364196612054e-05,False,False
N005_C0000126,5,2025-07-07 15:19:50.629750271,2025-07-07 15:19:50.879750271,2025-07-07 15:19:50.729750271,RGM_0047439,2,0.0001752725817033,False,False
N054_C0003295,54,2025-07-07 15:19:56.779750271,2025-07-07 15:19:57.179750271,2025-07-07 15:19:57.154750271,RGM_0047473,1,3.700832296306581e-05,False,False
N055_C0003475,55,2025-07-07 15:19:57.129750271,2025-07-07 15:19:57.329750271,2025-07-07 15:19:57.229750271,RGM_0047478,1,2.765469434466627e-05,False,False
N055_C0003476,55,2025-07-07 15:20:01.904750271,2025-07-07 15:20:02.129750271,2025-07-07 15:20:01.929750271,RGM_0047500,1,2.121336723587504e-05,False,False
N056_C0003860,56,2025-07-07 15:20:02.079750271,2025-07-07 15:20:02.179750271,2025-07-07 15:20:02.129750271,RGM_0047504,1,1.558800949056662e-05,False,False
N052_C0002640,52,2025-07-07 15:20:13.379750271,2025-07-07 15:20:13.504750271,2025-07-07 15:20:13.429750271,RGM_0047557,1,2.957189166752813e-05,False,False
N055_C0003477,55,2025-07-07 15:20:13.379750271,2025-07-07 15:20:13.479750271,2025-07-07 15:20:13.429750271,RGM_0047560,1,2.858808976212965e-05,False,False
N055_C0003478,55,2025-07-07 15:20:15.429750271,2025-07-07 15:20:15.529750271,2025-07-07 15:20:15.454750271,RGM_0047569,1,2.656098217192373e-05,False,False
N051_C0002394,51,2025-07-07 15:20:15.179750271,2025-07-07 15:20:16.229750271,2025-07-07 15:20:16.129750271,RGM_0047575,4,0.0001125606889786,False,False
N052_C0002641,52,2025-07-07 15:20:16.029750271,2025-07-07 15:20:16.229750271,2025-07-07 15:20:16.129750271,RGM_0047577,1,0.0001018360220691,False,False
N055_C0003479,55,2025-07-07 15:20:16.029750271,2025-07-07 15:20:16.229750271,2025-07-07 15:20:16.129750271,RGM_0047578,2,0.0001009330217211,False,False
N057_C0004136,57,2025-07-07 15:20:16.079750271,2025-07-07 15:20:16.329750271,2025-07-07 15:20:16.179750271,RGM_0047589,2,7.662877060675676e-05,False,False
N056_C0003861,56,2025-07-07 15:20:20.279750271,2025-07-07 15:20:20.329750271,2025-07-07 15:20:20.304750271,RGM_0047609,1,6.246228693987447e-06,False,False
N055_C0003480,55,2025-07-07 15:20:20.929750271,2025-07-07 15:20:21.129750271,2025-07-07 15:20:21.029750271,RGM_0047615,1,4.684526937340374e-05,False,False
N052_C0002642,52,2025-07-07 15:20:20.929750271,2025-07-07 15:20:21.429750271,2025-07-07 15:20:21.079750271,RGM_0047619,1,5.400350524001716e-05,False,False
N052_C0002643,52,2025-07-07 15:20:23.979750271,2025-07-07 15:20:24.179750271,2025-07-07 15:20:24.154750271,RGM_0047638,1,2.1348559731477164e-05,False,False
N055_C0003481,55,2025-07-07 15:20:24.104750271,2025-07-07 15:20:24.204750271,2025-07-07 15:20:24.154750271,RGM_0047637,1,1.859440371687033e-05,False,False
N056_C0003862,56,2025-07-07 15:20:24.104750271,2025-07-07 15:20:24.204750271,2025-07-07 15:20:24.154750271,RGM_0047643,1,1.817024331421918e-05,False,False
N052_C0002644,52,2025-07-07 15:20:55.429750271,2025-07-07 15:20:55.629750271,2025-07-07 15:20:55.529750271,RGM_0047776,1,4.828683710965634e-05,False,False
N053_C0003094,53,2025-07-07 15:21:02.329750271,2025-07-07 15:21:02.529750271,2025-07-07 15:21:02.429750271,RGM_0047807,1,3.952415336558712e-05,False,False
N052_C0002645,52,2025-07-07 15:21:02.429750271,2025-07-07 15:21:02.529750271,2025-07-07 15:21:02.479750271,RGM_0047811,2,3.806881807483199e-05,False,False
N055_C0003482,55,2025-07-07 15:21:02.454750271,2025-07-07 15:21:02.554750271,2025-07-07 15:21:02.504750271,RGM_0047817,2,3.5655393684609235e-05,False,False
N056_C0003863,56,2025-07-07 15:21:02.454750271,2025-07-07 15:21:02.554750271,2025-07-07 15:21:02.504750271,RGM_0047819,2,3.0953394894912736e-05,False,False
N052_C0002646,52,2025-07-07 15:21:06.254750271,2025-07-07 15:21:06.354750271,2025-07-07 15:21:06.329750271,RGM_0047832,1,1.572948077371412e-05,False,False
N055_C0003483,55,2025-07-07 15:21:06.279750271,2025-07-07 15:21:06.504750271,2025-07-07 15:21:06.379750271,RGM_0047833,1,5.613404895011336e-05,False,False
N055_C0003484,55,2025-07-07 15:21:07.404750271,2025-07-07 15:21:07.504750271,2025-07-07 15:21:07.454750271,RGM_0047853,1,3.223233294170368e-05,False,False
N056_C0003864,56,2025-07-07 15:21:07.429750271,2025-07-07 15:21:07.479750271,2025-07-07 15:21:07.454750271,RGM_0047852,1,2.6752747238060908e-05,False,False
N052_C0002647,52,2025-07-07 15:21:20.579750271,2025-07-07 15:21:20.679750271,2025-07-07 15:21:20.629750271,RGM_0047904,1,3.954048879400436e-05,False,False
N055_C0003485,55,2025-07-07 15:21:20.579750271,2025-07-07 15:21:20.779750271,2025-07-07 15:21:20.679750271,RGM_0047909,1,4.5059802146474864e-05,False,False
N005_C0000127,5,2025-07-07 15:21:44.679750271,2025-07-07 15:21:47.154750271,2025-07-07 15:21:46.529750271,RGM_0048046,3,0.0011060177456148,False,False
N052_C0002648,52,2025-07-07 15:21:49.429750271,2025-07-07 15:21:50.104750271,2025-07-07 15:21:50.029750271,RGM_0048059,2,5.787445472970968e-05,False,False
N031_C0001439,31,2025-07-07 15:21:59.029750271,2025-07-07 15:21:59.229750271,2025-07-07 15:21:59.179750271,RGM_0048102,1,0.0009120698902427,False,False
N052_C0002649,52,2025-07-07 15:22:16.529750271,2025-07-07 15:22:16.729750271,2025-07-07 15:22:16.579750271,RGM_0048194,1,3.679119018173097e-05,False,False
N052_C0002650,52,2025-07-07 15:22:18.554750271,2025-07-07 15:22:19.679750271,2025-07-07 15:22:18.729750271,RGM_0048199,2,0.0001302585417966,False,False
N054_C0003296,54,2025-07-07 15:22:18.704750271,2025-07-07 15:22:18.754750271,2025-07-07 15:22:18.729750271,RGM_0048200,1,6.536764033079505e-05,False,False
N056_C0003865,56,2025-07-07 15:22:25.904750271,2025-07-07 15:22:26.004750271,2025-07-07 15:22:25.929750271,RGM_0048231,1,1.967585852366729e-05,False,False
N052_C0002651,52,2025-07-07 15:22:25.879750271,2025-07-07 15:22:26.079750271,2025-07-07 15:22:25.954750271,RGM_0048232,1,4.674398323614118e-05,False,False
N052_C0002652,52,2025-07-07 15:22:31.154750271,2025-07-07 15:22:31.254750271,2025-07-07 15:22:31.204750271,RGM_0048255,1,5.096688614753265e-05,False,False
N055_C0003486,55,2025-07-07 15:22:31.179750271,2025-07-07 15:22:31.229750271,2025-07-07 15:22:31.204750271,RGM_0048250,1,3.638895400556331e-05,False,False
N056_C0003866,56,2025-07-07 15:22:32.729750271,2025-07-07 15:22:32.829750271,2025-07-07 15:22:32.779750271,RGM_0048270,1,2.1595416840593203e-05,False,False
N051_C0002395,51,2025-07-07 15:22:36.329750271,2025-07-07 15:22:37.929750271,2025-07-07 15:22:37.854750271,RGM_0048286,1,0.0001066967143705,False,False
N051_C0002396,51,2025-07-07 15:22:38.304750271,2025-07-07 15:22:38.804750271,2025-07-07 15:22:38.554750271,RGM_0048290,1,0.0001908611307734,False,False
N052_C0002653,52,2025-07-07 15:22:38.704750271,2025-07-07 15:22:38.754750271,2025-07-07 15:22:38.729750271,RGM_0048294,1,0.0001810196042016,False,False
N055_C0003487,55,2025-07-07 15:22:38.629750271,2025-07-07 15:22:38.829750271,2025-07-07 15:22:38.729750271,RGM_0048298,2,0.0001393233561771,False,False
N052_C0002654,52,2025-07-07 15:22:40.154750271,2025-07-07 15:22:40.254750271,2025-07-07 15:22:40.204750271,RGM_0048313,1,5.080884785546476e-05,False,False
N055_C0003488,55,2025-07-07 15:22:40.179750271,2025-07-07 15:22:40.929750271,2025-07-07 15:22:40.279750271,RGM_0048316,1,7.65192894865468e-05,False,False
N005_C0000128,5,2025-07-07 15:22:39.629750271,2025-07-07 15:22:42.179750271,2025-07-07 15:22:41.429750271,RGM_0048318,1,0.0011486879973404,False,False
N085_C0004322,85,2025-07-07 15:22:42.929750271,2025-07-07 15:22:43.929750271,2025-07-07 15:22:43.004750271,RGM_0048329,1,0.000197471334103,False,False
N052_C0002655,52,2025-07-07 15:22:43.229750271,2025-07-07 15:22:43.279750271,2025-07-07 15:22:43.254750271,RGM_0048332,1,1.50346593425788e-05,False,False
N052_C0002656,52,2025-07-07 15:22:47.329750271,2025-07-07 15:22:47.379750271,2025-07-07 15:22:47.354750271,RGM_0048360,1,3.894150506094904e-05,False,False
N055_C0003489,55,2025-07-07 15:22:47.329750271,2025-07-07 15:22:47.379750271,2025-07-07 15:22:47.354750271,RGM_0048364,1,3.894150506094904e-05,False,False
N056_C0003867,56,2025-07-07 15:22:47.329750271,2025-07-07 15:22:47.379750271,2025-07-07 15:22:47.354750271,RGM_0048362,1,2.685985383677915e-05,False,False
N053_C0003095,53,2025-07-07 15:22:47.329750271,2025-07-07 15:22:47.429750271,2025-07-07 15:22:47.379750271,RGM_0048367,1,3.949214637182252e-05,False,False
N052_C0002657,52,2025-07-07 15:22:50.679750271,2025-07-07 15:22:50.729750271,2025-07-07 15:22:50.704750271,RGM_0048378,1,3.8480988623342375e-05,False,False
N055_C0003490,55,2025-07-07 15:22:50.529750271,2025-07-07 15:22:50.754750271,2025-07-07 15:22:50.704750271,RGM_0048380,1,4.088575845490864e-05,False,False
N054_C0003297,54,2025-07-07 15:22:50.679750271,2025-07-07 15:22:51.179750271,2025-07-07 15:22:50.904750271,RGM_0048386,1,7.720551362190566e-05,False,False
N056_C0003868,56,2025-07-07 15:22:50.854750271,2025-07-07 15:22:50.954750271,2025-07-07 15:22:50.904750271,RGM_0048384,1,1.9139172563575345e-05,False,False
N055_C0003491,55,2025-07-07 15:22:55.454750271,2025-07-07 15:22:56.004750271,2025-07-07 15:22:55.954750271,RGM_0048413,1,6.402124900729238e-05,False,False
N052_C0002658,52,2025-07-07 15:22:55.929750271,2025-07-07 15:22:56.129750271,2025-07-07 15:22:55.979750271,RGM_0048418,1,4.691743898503809e-05,False,False
N052_C0002659,52,2025-07-07 15:22:56.629750271,2025-07-07 15:22:56.879750271,2025-07-07 15:22:56.804750271,RGM_0048422,1,4.877275687158606e-05,False,False
N055_C0003492,55,2025-07-07 15:22:56.754750271,2025-07-07 15:22:56.879750271,2025-07-07 15:22:56.804750271,RGM_0048425,1,4.727801968374567e-05,False,False
N053_C0003096,53,2025-07-07 15:23:02.854750271,2025-07-07 15:23:03.454750271,2025-07-07 15:23:03.429750271,RGM_0048455,1,6.039500682018301e-05,False,False
N056_C0003869,56,2025-07-07 15:23:03.404750271,2025-07-07 15:23:03.454750271,2025-07-07 15:23:03.429750271,RGM_0048456,1,3.197681373369199e-05,False,False
N055_C0003493,55,2025-07-07 15:23:06.229750271,2025-07-07 15:23:06.429750271,2025-07-07 15:23:06.329750271,RGM_0048470,2,4.981119754803724e-05,False,False
N055_C0003494,55,2025-07-07 15:23:06.529750271,2025-07-07 15:23:06.629750271,2025-07-07 15:23:06.554750271,RGM_0048472,1,3.521128865678826e-05,False,False
N056_C0003870,56,2025-07-07 15:23:08.179750271,2025-07-07 15:23:10.679750271,2025-07-07 15:23:10.154750271,RGM_0048515,1,0.000264385135075,False,False
N052_C0002660,52,2025-07-07 15:23:09.679750271,2025-07-07 15:23:10.679750271,2025-07-07 15:23:10.179750271,RGM_0048519,1,0.0002619847371375,False,False
N053_C0003097,53,2025-07-07 15:23:09.679750271,2025-07-07 15:23:10.679750271,2025-07-07 15:23:10.179750271,RGM_0048518,1,0.0002619847371375,False,False
N055_C0003495,55,2025-07-07 15:23:09.679750271,2025-07-07 15:23:12.929750271,2025-07-07 15:23:10.229750271,RGM_0048527,2,0.0003191463055717,False,False
N051_C0002397,51,2025-07-07 15:23:10.904750271,2025-07-07 15:23:10.954750271,2025-07-07 15:23:10.929750271,RGM_0048534,1,8.01056153116587e-06,False,False
N005_C0000129,5,2025-07-07 15:23:11.179750271,2025-07-07 15:23:14.179750271,2025-07-07 15:23:12.779750271,RGM_0048540,1,0.0010466426425436,False,False
N052_C0002661,52,2025-07-07 15:23:12.854750271,2025-07-07 15:23:12.904750271,2025-07-07 15:23:12.879750271,RGM_0048543,1,5.174566353636755e-05,False,False
N055_C0003496,55,2025-07-07 15:23:29.879750271,2025-07-07 15:23:30.379750271,2025-07-07 15:23:30.279750271,RGM_0048622,1,5.799772445376746e-05,False,False
N053_C0003098,53,2025-07-07 15:23:30.054750271,2025-07-07 15:23:30.554750271,2025-07-07 15:23:30.304750271,RGM_0048623,1,6.664557800984196e-05,False,False
N056_C0003871,56,2025-07-07 15:23:30.304750271,2025-07-07 15:23:30.354750271,2025-07-07 15:23:30.329750271,RGM_0048627,1,3.480326715702744e-05,False,False
N052_C0002662,52,2025-07-07 15:23:30.479750271,2025-07-07 15:23:30.529750271,2025-07-07 15:23:30.504750271,RGM_0048630,1,1.5380381585303423e-05,False,False
N055_C0003497,55,2025-07-07 15:23:34.629750271,2025-07-07 15:23:34.829750271,2025-07-07 15:23:34.679750271,RGM_0048650,1,3.993855318844464e-05,False,False
N056_C0003872,56,2025-07-07 15:23:37.104750271,2025-07-07 15:23:37.729750271,2025-07-07 15:23:37.629750271,RGM_0048666,1,4.8279763906991e-05,False,False
N052_C0002663,52,2025-07-07 15:23:42.679750271,2025-07-07 15:23:44.804750271,2025-07-07 15:23:44.604750271,RGM_0048712,1,0.0003104969645835,False,False
N055_C0003498,55,2025-07-07 15:23:44.579750271,2025-07-07 15:23:44.779750271,2025-07-07 15:23:44.679750271,RGM_0048717,2,0.0001907916183562,False,False
N051_C0002398,51,2025-07-07 15:23:45.629750271,2025-07-07 15:23:45.829750271,2025-07-07 15:23:45.654750271,RGM_0048722,1,2.027399497086941e-05,False,False
N054_C0003298,54,2025-07-07 15:23:48.379750271,2025-07-07 15:23:48.579750271,2025-07-07 15:23:48.529750271,RGM_0048742,1,2.816794660385988e-05,False,False
N056_C0003873,56,2025-07-07 15:23:50.129750271,2025-07-07 15:23:50.679750271,2025-07-07 15:23:50.604750271,RGM_0048769,1,7.426152969693458e-05,False,False
N053_C0003099,53,2025-07-07 15:23:53.979750271,2025-07-07 15:23:54.929750271,2025-07-07 15:23:54.879750271,RGM_0048794,1,8.653631531477285e-05,False,False
N055_C0003499,55,2025-07-07 15:23:54.804750271,2025-07-07 15:23:55.304750271,2025-07-07 15:23:54.979750271,RGM_0048798,1,9.339617899148208e-05,False,False
N056_C0003874,56,2025-07-07 15:23:54.679750271,2025-07-07 15:23:55.679750271,2025-07-07 15:23:55.079750271,RGM_0048801,1,0.0001423780620948,False,False
N055_C0003500,55,2025-07-07 15:23:57.879750271,2025-07-07 15:23:58.079750271,2025-07-07 15:23:57.904750271,RGM_0048820,1,2.8040001462478697e-05,False,False
N056_C0003875,56,2025-07-07 15:23:57.829750271,2025-07-07 15:23:57.929750271,2025-07-07 15:23:57.904750271,RGM_0048819,1,2.533126590394705e-05,False,False
N052_C0002664,52,2025-07-07 15:23:58.829750271,2025-07-07 15:23:58.879750271,2025-07-07 15:23:58.854750271,RGM_0048827,1,4.168110673359024e-05,False,False
N055_C0003501,55,2025-07-07 15:23:58.779750271,2025-07-07 15:23:59.454750271,2025-07-07 15:23:58.929750271,RGM_0048829,1,5.860035584373977e-05,False,False
N055_C0003502,55,2025-07-07 15:24:04.304750271,2025-07-07 15:24:04.804750271,2025-07-07 15:24:04.479750271,RGM_0048852,1,7.282851891476187e-05,False,False
N056_C0003876,56,2025-07-07 15:24:07.129750271,2025-07-07 15:24:07.679750271,2025-07-07 15:24:07.454750271,RGM_0048864,1,6.980075113329631e-05,False,False
N059_C0004230,59,2025-07-07 15:24:08.379750271,2025-07-07 15:24:08.779750271,2025-07-07 15:24:08.679750271,RGM_0048872,1,2.5898901357441185e-05,False,False
N058_C0004191,58,2025-07-07 15:24:08.429750271,2025-07-07 15:24:09.429750271,2025-07-07 15:24:08.754750271,RGM_0048875,1,3.453741256680413e-05,False,False
N056_C0003877,56,2025-07-07 15:24:13.979750271,2025-07-07 15:24:15.029750271,2025-07-07 15:24:14.879750271,RGM_0048905,1,6.012849402311529e-05,False,False
N052_C0002665,52,2025-07-07 15:24:16.729750271,2025-07-07 15:24:17.479750271,2025-07-07 15:24:17.454750271,RGM_0048931,1,7.920654525691526e-05,False,False
N053_C0003100,53,2025-07-07 15:24:18.379750271,2025-07-07 15:24:18.579750271,2025-07-07 15:24:18.479750271,RGM_0048956,1,8.455369632483694e-05,False,False
N056_C0003878,56,2025-07-07 15:24:18.454750271,2025-07-07 15:24:18.579750271,2025-07-07 15:24:18.504750271,RGM_0048957,1,8.337743347709093e-05,False,False
N056_C0003879,56,2025-07-07 15:24:18.779750271,2025-07-07 15:24:19.079750271,2025-07-07 15:24:19.004750271,RGM_0048988,1,4.229247650829447e-05,False,False
N052_C0002666,52,2025-07-07 15:24:23.779750271,2025-07-07 15:24:24.329750271,2025-07-07 15:24:23.829750271,RGM_0049020,1,4.6635207817252376e-05,False,False
N053_C0003101,53,2025-07-07 15:24:24.179750271,2025-07-07 15:24:24.729750271,2025-07-07 15:24:24.629750271,RGM_0049030,1,6.748397013074984e-05,False,False
N056_C0003880,56,2025-07-07 15:24:24.604750271,2025-07-07 15:24:24.704750271,2025-07-07 15:24:24.654750271,RGM_0049033,2,4.819518957885106e-05,False,False
N055_C0003503,55,2025-07-07 15:24:24.579750271,2025-07-07 15:24:24.829750271,2025-07-07 15:24:24.729750271,RGM_0049036,2,5.21401265066817e-05,False,False
N052_C0002667,52,2025-07-07 15:24:26.529750271,2025-07-07 15:24:27.054750271,2025-07-07 15:24:26.579750271,RGM_0049051,1,7.048511615643378e-05,False,False
N054_C0003299,54,2025-07-07 15:24:26.529750271,2025-07-07 15:24:26.629750271,2025-07-07 15:24:26.579750271,RGM_0049053,1,3.902998981363231e-05,False,False
N056_C0003881,56,2025-07-07 15:24:25.679750271,2025-07-07 15:24:26.629750271,2025-07-07 15:24:26.579750271,RGM_0049052,1,0.0001099675627966,False,False
N031_C0001440,31,2025-07-07 15:24:31.504750271,2025-07-07 15:24:31.604750271,2025-07-07 15:24:31.554750271,RGM_0049081,1,0.0004638130658199,False,False
N056_C0003882,56,2025-07-07 15:24:31.679750271,2025-07-07 15:24:32.679750271,2025-07-07 15:24:32.154750271,RGM_0049086,1,0.0001356841508264,False,False
N056_C0003883,56,2025-07-07 15:24:33.229750271,2025-07-07 15:24:33.279750271,2025-07-07 15:24:33.254750271,RGM_0049098,1,5.346217156992069e-06,False,False
N052_C0002668,52,2025-07-07 15:24:38.679750271,2025-07-07 15:24:39.179750271,2025-07-07 15:24:38.754750271,RGM_0049121,1,8.41837286719347e-05,False,False
N056_C0003884,56,2025-07-07 15:24:37.079750271,2025-07-07 15:24:38.804750271,2025-07-07 15:24:38.754750271,RGM_0049120,1,0.0001193335011384,False,False
N051_C0002399,51,2025-07-07 15:24:45.804750271,2025-07-07 15:24:46.304750271,2025-07-07 15:24:46.054750271,RGM_0049172,1,0.000105721555062,False,False
N052_C0002669,52,2025-07-07 15:24:46.004750271,2025-07-07 15:24:46.104750271,2025-07-07 15:24:46.054750271,RGM_0049167,1,0.0001386663603545,False,False
N055_C0003504,55,2025-07-07 15:24:45.179750271,2025-07-07 15:24:47.804750271,2025-07-07 15:24:46.054750271,RGM_0049174,3,0.0002485524402092,False,False
N056_C0003885,56,2025-07-07 15:24:46.004750271,2025-07-07 15:24:46.104750271,2025-07-07 15:24:46.054750271,RGM_0049161,2,0.0001386663603545,False,False
N058_C0004192,58,2025-07-07 15:24:51.379750271,2025-07-07 15:24:51.704750271,2025-07-07 15:24:51.529750271,RGM_0049212,1,3.472538395032627e-05,False,False
N052_C0002670,52,2025-07-07 15:24:54.329750271,2025-07-07 15:24:54.529750271,2025-07-07 15:24:54.429750271,RGM_0049233,1,5.725951780954255e-05,False,False
N056_C0003886,56,2025-07-07 15:24:54.304750271,2025-07-07 15:24:55.829750271,2025-07-07 15:24:54.504750271,RGM_0049237,1,0.000131746297051,False,False
N055_C0003505,55,2025-07-07 15:24:56.429750271,2025-07-07 15:24:57.429750271,2025-07-07 15:24:57.229750271,RGM_0049255,2,0.0001327587869767,False,False
N000_C0000008,0,2025-07-07 15:25:04.979750271,2025-07-07 15:25:05.079750271,2025-07-07 15:25:05.054750271,RGM_0049319,1,1.9886992949865514e-05,False,False
N056_C0003887,56,2025-07-07 15:25:15.429750271,2025-07-07 15:25:17.404750271,2025-07-07 15:25:16.029750271,RGM_0049405,1,0.0001728903465152,False,False
N056_C0003888,56,2025-07-07 15:25:20.329750271,2025-07-07 15:25:20.379750271,2025-07-07 15:25:20.354750271,RGM_0049433,1,0.0001106172169273,False,False
N055_C0003506,55,2025-07-07 15:25:24.054750271,2025-07-07 15:25:24.179750271,2025-07-07 15:25:24.104750271,RGM_0049476,1,0.0001345423954436,False,False
N056_C0003889,56,2025-07-07 15:25:23.679750271,2025-07-07 15:25:25.679750271,2025-07-07 15:25:24.129750271,RGM_0049481,2,0.0002237420855892,False,False
N052_C0002671,52,2025-07-07 15:25:27.304750271,2025-07-07 15:25:28.254750271,2025-07-07 15:25:27.554750271,RGM_0049502,1,8.528993257227719e-05,False,False
N055_C0003507,55,2025-07-07 15:25:27.054750271,2025-07-07 15:25:27.604750271,2025-07-07 15:25:27.554750271,RGM_0049506,1,5.987938753486558e-05,False,False
N056_C0003890,56,2025-07-07 15:25:27.304750271,2025-07-07 15:25:27.804750271,2025-07-07 15:25:27.554750271,RGM_0049505,1,6.483730658362177e-05,False,False
N031_C0001441,31,2025-07-07 15:25:30.179750271,2025-07-07 15:25:32.179750271,2025-07-07 15:25:30.579750271,RGM_0049526,1,0.0037316899868258,False,False
N056_C0003891,56,2025-07-07 15:25:30.304750271,2025-07-07 15:25:32.304750271,2025-07-07 15:25:32.104750271,RGM_0049533,1,0.0001324145536604,False,False
N055_C0003508,55,2025-07-07 15:25:32.554750271,2025-07-07 15:25:33.404750271,2025-07-07 15:25:32.629750271,RGM_0049538,1,6.0942607711210205e-05,False,False
N055_C0003509,55,2025-07-07 15:25:41.479750271,2025-07-07 15:25:41.704750271,2025-07-07 15:25:41.654750271,RGM_0049581,1,3.014104953313522e-05,False,False
N056_C0003892,56,2025-07-07 15:25:40.679750271,2025-07-07 15:25:42.779750271,2025-07-07 15:25:41.654750271,RGM_0049582,2,0.0001898065450395,False,False
N053_C0003102,53,2025-07-07 15:25:41.629750271,2025-07-07 15:25:42.129750271,2025-07-07 15:25:42.054750271,RGM_0049585,1,9.549290520752438e-05,False,False
N052_C0002672,52,2025-07-07 15:25:42.054750271,2025-07-07 15:25:42.154750271,2025-07-07 15:25:42.104750271,RGM_0049592,1,6.111540194452339e-05,False,False
N055_C0003510,55,2025-07-07 15:25:41.929750271,2025-07-07 15:25:42.929750271,2025-07-07 15:25:42.629750271,RGM_0049597,2,0.0001326789224817,False,False
N056_C0003893,56,2025-07-07 15:25:44.079750271,2025-07-07 15:25:44.329750271,2025-07-07 15:25:44.154750271,RGM_0049604,1,4.716550077637031e-05,False,False
N053_C0003103,53,2025-07-07 15:25:43.929750271,2025-07-07 15:25:44.929750271,2025-07-07 15:25:44.629750271,RGM_0049607,1,0.0001719665731609,False,False
N052_C0002673,52,2025-07-07 15:25:44.429750271,2025-07-07 15:25:45.429750271,2025-07-07 15:25:44.929750271,RGM_0049612,1,0.0001364559651186,False,False
N055_C0003511,55,2025-07-07 15:25:44.904750271,2025-07-07 15:25:45.004750271,2025-07-07 15:25:44.929750271,RGM_0049609,1,7.147693324539927e-05,False,False
N056_C0003894,56,2025-07-07 15:25:44.904750271,2025-07-07 15:25:44.954750271,2025-07-07 15:25:44.929750271,RGM_0049613,1,5.810977438882352e-05,False,False
N055_C0003512,55,2025-07-07 15:25:46.804750271,2025-07-07 15:25:46.854750271,2025-07-07 15:25:46.829750271,RGM_0049627,1,5.33640618018727e-05,False,False
N055_C0003513,55,2025-07-07 15:25:47.029750271,2025-07-07 15:25:47.129750271,2025-07-07 15:25:47.079750271,RGM_0049630,1,2.270448783891626e-05,False,False
N056_C0003895,56,2025-07-07 15:25:50.129750271,2025-07-07 15:25:50.679750271,2025-07-07 15:25:50.229750271,RGM_0049655,1,4.788950386042498e-05,False,False
N056_C0003896,56,2025-07-07 15:25:52.429750271,2025-07-07 15:25:53.429750271,2025-07-07 15:25:53.079750271,RGM_0049667,1,0.0001090566609778,False,False
N052_C0002674,52,2025-07-07 15:25:53.254750271,2025-07-07 15:25:53.354750271,2025-07-07 15:25:53.304750271,RGM_0049671,1,3.351634317880056e-05,False,False
N055_C0003514,55,2025-07-07 15:25:52.929750271,2025-07-07 15:25:53.929750271,2025-07-07 15:25:53.304750271,RGM_0049672,2,0.0001270273143569,False,False
N055_C0003515,55,2025-07-07 15:25:54.879750271,2025-07-07 15:25:55.179750271,2025-07-07 15:25:54.979750271,RGM_0049692,2,4.470047823717532e-05,False,False
N056_C0003897,56,2025-07-07 15:25:54.679750271,2025-07-07 15:25:55.929750271,2025-07-07 15:25:55.604750271,RGM_0049700,1,0.0001266060839702,False,False
N052_C0002675,52,2025-07-07 15:25:55.604750271,2025-07-07 15:25:55.704750271,2025-07-07 15:25:55.654750271,RGM_0049702,1,6.047005108135872e-05,False,False
N053_C0003104,53,2025-07-07 15:26:00.304750271,2025-07-07 15:26:00.854750271,2025-07-07 15:26:00.779750271,RGM_0049738,1,7.6056931540565e-05,False,False
N055_C0003516,55,2025-07-07 15:26:00.679750271,2025-07-07 15:26:01.179750271,2025-07-07 15:26:00.879750271,RGM_0049742,1,6.364409121971286e-05,False,False
N051_C0002400,51,2025-07-07 15:26:02.929750271,2025-07-07 15:26:03.679750271,2025-07-07 15:26:02.954750271,RGM_0049751,3,0.0001214408084967,False,False
N005_C0000130,5,2025-07-07 15:26:02.879750271,2025-07-07 15:26:03.079750271,2025-07-07 15:26:02.979750271,RGM_0049752,1,8.895798583595383e-05,False,False
N055_C0003517,55,2025-07-07 15:26:03.379750271,2025-07-07 15:26:03.579750271,2025-07-07 15:26:03.479750271,RGM_0049762,1,9.089941274069396e-05,False,False
N057_C0004137,57,2025-07-07 15:26:03.429750271,2025-07-07 15:26:03.529750271,2025-07-07 15:26:03.479750271,RGM_0049760,1,4.397648215785072e-05,False,False
N052_C0002676,52,2025-07-07 15:26:05.304750271,2025-07-07 15:26:05.529750271,2025-07-07 15:26:05.354750271,RGM_0049783,1,4.666054384569153e-05,False,False
N052_C0002677,52,2025-07-07 15:26:09.304750271,2025-07-07 15:26:09.804750271,2025-07-07 15:26:09.704750271,RGM_0049809,1,0.0001209051393714,False,False
N053_C0003105,53,2025-07-07 15:26:09.679750271,2025-07-07 15:26:09.729750271,2025-07-07 15:26:09.704750271,RGM_0049817,1,0.0001102001334616,False,False
N055_C0003518,55,2025-07-07 15:26:09.654750271,2025-07-07 15:26:09.754750271,2025-07-07 15:26:09.704750271,RGM_0049812,1,0.0001109403673516,False,False
N056_C0003898,56,2025-07-07 15:26:09.679750271,2025-07-07 15:26:10.954750271,2025-07-07 15:26:10.904750271,RGM_0049825,1,0.0001263258681278,False,False
N055_C0003519,55,2025-07-07 15:26:11.729750271,2025-07-07 15:26:12.429750271,2025-07-07 15:26:12.204750271,RGM_0049830,1,7.389480633093775e-05,False,False
N055_C0003520,55,2025-07-07 15:26:13.004750271,2025-07-07 15:26:13.129750271,2025-07-07 15:26:13.054750271,RGM_0049837,1,4.856197256906172e-05,False,False
N052_C0002678,52,2025-07-07 15:26:15.879750271,2025-07-07 15:26:15.979750271,2025-07-07 15:26:15.929750271,RGM_0049863,1,3.898010792481871e-05,False,False
N055_C0003521,55,2025-07-07 15:26:15.804750271,2025-07-07 15:26:16.604750271,2025-07-07 15:26:15.929750271,RGM_0049861,2,8.727251313612173e-05,False,False
N056_C0003899,56,2025-07-07 15:26:15.554750271,2025-07-07 15:26:16.054750271,2025-07-07 15:26:15.929750271,RGM_0049860,1,4.02049686285563e-05,False,False
N052_C0002679,52,2025-07-07 15:26:19.329750271,2025-07-07 15:26:19.429750271,2025-07-07 15:26:19.379750271,RGM_0049882,1,2.5541818456671836e-05,False,False
N055_C0003522,55,2025-07-07 15:26:19.179750271,2025-07-07 15:26:19.679750271,2025-07-07 15:26:19.404750271,RGM_0049886,1,6.773814729390932e-05,False,False
N053_C0003106,53,2025-07-07 15:26:19.179750271,2025-07-07 15:26:19.679750271,2025-07-07 15:26:19.604750271,RGM_0049888,2,6.972385363073105e-05,False,False
N052_C0002680,52,2025-07-07 15:26:19.579750271,2025-07-07 15:26:19.829750271,2025-07-07 15:26:19.679750271,RGM_0049895,2,4.0310120159313975e-05,False,False
N052_C0002681,52,2025-07-07 15:26:21.729750271,2025-07-07 15:26:21.929750271,2025-07-07 15:26:21.779750271,RGM_0049909,1,2.147147502522314e-05,False,False
N055_C0003523,55,2025-07-07 15:26:22.279750271,2025-07-07 15:26:22.479750271,2025-07-07 15:26:22.379750271,RGM_0049915,2,7.856749329057067e-05,False,False
N052_C0002682,52,2025-07-07 15:26:22.379750271,2025-07-07 15:26:22.479750271,2025-07-07 15:26:22.429750271,RGM_0049916,1,7.624106103732238e-05,False,False
N053_C0003107,53,2025-07-07 15:26:22.429750271,2025-07-07 15:26:22.479750271,2025-07-07 15:26:22.454750271,RGM_0049919,1,7.573077424937514e-05,False,False
N055_C0003524,55,2025-07-07 15:26:28.054750271,2025-07-07 15:26:28.554750271,2025-07-07 15:26:28.404750271,RGM_0049970,1,8.210745526494901e-05,False,False
N053_C0003108,53,2025-07-07 15:26:28.379750271,2025-07-07 15:26:28.479750271,2025-07-07 15:26:28.429750271,RGM_0049974,1,4.577908811198622e-05,False,False
N054_C0003300,54,2025-07-07 15:26:28.179750271,2025-07-07 15:26:28.679750271,2025-07-07 15:26:28.429750271,RGM_0049977,1,8.140141258279459e-05,False,False
N056_C0003900,56,2025-07-07 15:26:28.379750271,2025-07-07 15:26:28.579750271,2025-07-07 15:26:28.479750271,RGM_0049978,1,3.346963954065051e-05,False,False
N031_C0001442,31,2025-07-07 15:26:28.179750271,2025-07-07 15:26:30.179750271,2025-07-07 15:26:28.754750271,RGM_0049980,1,0.0033627392382004,False,False
N055_C0003525,55,2025-07-07 15:26:30.154750271,2025-07-07 15:26:30.254750271,2025-07-07 15:26:30.204750271,RGM_0050001,1,3.1391056962135954e-05,False,False
N052_C0002683,52,2025-07-07 15:26:29.929750271,2025-07-07 15:26:30.929750271,2025-07-07 15:26:30.229750271,RGM_0050002,1,0.0001163917354188,False,False
N055_C0003526,55,2025-07-07 15:26:30.429750271,2025-07-07 15:26:31.054750271,2025-07-07 15:26:30.629750271,RGM_0050010,2,6.805024989654762e-05,False,False
N056_C0003901,56,2025-07-07 15:26:30.854750271,2025-07-07 15:26:31.229750271,2025-07-07 15:26:30.904750271,RGM_0050012,2,2.333432275447146e-05,False,False
N055_C0003527,55,2025-07-07 15:26:31.154750271,2025-07-07 15:26:31.254750271,2025-07-07 15:26:31.204750271,RGM_0050014,1,1.8106995885245725e-05,False,False
N052_C0002684,52,2025-07-07 15:26:31.179750271,2025-07-07 15:26:31.404750271,2025-07-07 15:26:31.229750271,RGM_0050019,1,2.9703517986586736e-05,False,False
N054_C0003301,54,2025-07-07 15:26:40.479750271,2025-07-07 15:26:40.679750271,2025-07-07 15:26:40.579750271,RGM_0050077,1,2.819235785799605e-05,False,False
N053_C0003109,53,2025-07-07 15:26:41.879750271,2025-07-07 15:26:41.979750271,2025-07-07 15:26:41.929750271,RGM_0050083,1,0.0001068151849178,False,False
N055_C0003528,55,2025-07-07 15:26:41.679750271,2025-07-07 15:26:42.179750271,2025-07-07 15:26:41.929750271,RGM_0050085,1,0.0001010658640542,False,False
N056_C0003902,56,2025-07-07 15:26:41.179750271,2025-07-07 15:26:42.179750271,2025-07-07 15:26:41.929750271,RGM_0050086,1,8.060402094948042e-05,False,False
N052_C0002685,52,2025-07-07 15:26:41.904750271,2025-07-07 15:26:42.004750271,2025-07-07 15:26:41.954750271,RGM_0050092,1,0.0001069253651087,False,False
N052_C0002686,52,2025-07-07 15:26:43.329750271,2025-07-07 15:26:43.529750271,2025-07-07 15:26:43.379750271,RGM_0050103,1,3.6025784236815294e-05,False,False
N053_C0003110,53,2025-07-07 15:26:43.329750271,2025-07-07 15:26:43.429750271,2025-07-07 15:26:43.379750271,RGM_0050101,1,3.2298582200524635e-05,False,False
N053_C0003111,53,2025-07-07 15:26:44.079750271,2025-07-07 15:26:44.279750271,2025-07-07 15:26:44.204750271,RGM_0050109,1,4.723746311335314e-05,False,False
N052_C0002687,52,2025-07-07 15:26:44.204750271,2025-07-07 15:26:44.254750271,2025-07-07 15:26:44.229750271,RGM_0050112,1,4.339208753923729e-05,False,False
N055_C0003529,55,2025-07-07 15:26:44.179750271,2025-07-07 15:26:44.279750271,2025-07-07 15:26:44.229750271,RGM_0050111,1,4.0041204213755096e-05,False,False
N051_C0002401,51,2025-07-07 15:26:44.179750271,2025-07-07 15:26:46.179750271,2025-07-07 15:26:44.929750271,RGM_0050115,1,0.0002550734666987,False,False
N052_C0002688,52,2025-07-07 15:26:45.679750271,2025-07-07 15:26:45.879750271,2025-07-07 15:26:45.779750271,RGM_0050132,2,9.383905810141076e-05,False,False
N055_C0003530,55,2025-07-07 15:26:45.679750271,2025-07-07 15:26:45.929750271,2025-07-07 15:26:45.779750271,RGM_0050131,2,8.79836604607338e-05,False,False
N055_C0003531,55,2025-07-07 15:26:50.004750271,2025-07-07 15:26:50.104750271,2025-07-07 15:26:50.054750271,RGM_0050155,1,2.50809176195208e-05,False,False
N053_C0003112,53,2025-07-07 15:26:50.304750271,2025-07-07 15:26:50.829750271,2025-07-07 15:26:50.729750271,RGM_0050165,1,5.85820214140864e-05,False,False
N055_C0003532,55,2025-07-07 15:26:50.704750271,2025-07-07 15:26:50.754750271,2025-07-07 15:26:50.729750271,RGM_0050167,1,3.0744020879400215e-05,False,False
N005_C0000131,5,2025-07-07 15:26:52.629750271,2025-07-07 15:26:52.829750271,2025-07-07 15:26:52.754750271,RGM_0050194,1,0.0001692348467299,False,False
N052_C0002689,52,2025-07-07 15:26:53.179750271,2025-07-07 15:26:54.179750271,2025-07-07 15:26:54.129750271,RGM_0050221,1,0.0001278062983701,False,False
N055_C0003533,55,2025-07-07 15:26:54.104750271,2025-07-07 15:26:54.553883854,2025-07-07 15:26:54.129750271,RGM_0050219,1,3.392269894590426e-05,False,False
N051_C0002402,51,2025-07-07 15:27:00.228883854,2025-07-07 15:27:01.428883854,2025-07-07 15:27:00.553883854,RGM_0050264,1,0.0002147708331711,False,False
N055_C0003534,55,2025-07-07 15:27:01.078883854,2025-07-07 15:27:01.178883854,2025-07-07 15:27:01.128883854,RGM_0050267,1,2.4735696084448257e-05,False,False
N053_C0003113,53,2025-07-07 15:27:00.928883854,2025-07-07 15:27:01.553883854,2025-07-07 15:27:01.303883854,RGM_0050270,2,0.00015773541681,False,False
N052_C0002690,52,2025-07-07 15:27:01.278883854,2025-07-07 15:27:01.478883854,2025-07-07 15:27:01.378883854,RGM_0050282,1,0.0001187141616571,False,False
N055_C0003535,55,2025-07-07 15:27:01.353883854,2025-07-07 15:27:01.453883854,2025-07-07 15:27:01.378883854,RGM_0050283,1,0.0001038433629015,False,False
N055_C0003536,55,2025-07-07 15:27:03.053883854,2025-07-07 15:27:03.553883854,2025-07-07 15:27:03.228883854,RGM_0050298,1,6.231430743257553e-05,False,False
N055_C0003537,55,2025-07-07 15:27:05.278883854,2025-07-07 15:27:05.403883854,2025-07-07 15:27:05.328883854,RGM_0050324,1,3.339750988072776e-05,False,False
N052_C0002691,52,2025-07-07 15:27:05.303883854,2025-07-07 15:27:05.403883854,2025-07-07 15:27:05.353883854,RGM_0050327,1,3.800835420505316e-05,False,False
N052_C0002692,52,2025-07-07 15:27:06.978883854,2025-07-07 15:27:07.328883854,2025-07-07 15:27:07.253883854,RGM_0050343,1,5.257978292114309e-05,False,False
N055_C0003538,55,2025-07-07 15:27:11.028883854,2025-07-07 15:27:11.228883854,2025-07-07 15:27:11.128883854,RGM_0050377,1,2.8387655752794e-05,False,False
N005_C0000132,5,2025-07-07 15:27:11.203883854,2025-07-07 15:27:11.303883854,2025-07-07 15:27:11.253883854,RGM_0050383,1,0.0001576722462999,False,False
N008_C0000478,8,2025-07-07 15:27:11.128883854,2025-07-07 15:27:11.328883854,2025-07-07 15:27:11.253883854,RGM_0050379,1,0.000436861615007,False,False
N055_C0003539,55,2025-07-07 15:27:11.303883854,2025-07-07 15:27:11.353883854,2025-07-07 15:27:11.328883854,RGM_0050387,1,2.8783104758791786e-05,False,False
N056_C0003903,56,2025-07-07 15:27:11.278883854,2025-07-07 15:27:11.478883854,2025-07-07 15:27:11.378883854,RGM_0050389,1,2.18042531736378e-05,False,False
N054_C0003302,54,2025-07-07 15:27:18.778883854,2025-07-07 15:27:18.878883854,2025-07-07 15:27:18.828883854,RGM_0050435,1,4.01629672055994e-05,False,False
N055_C0003540,55,2025-07-07 15:27:18.378883854,2025-07-07 15:27:18.928883854,2025-07-07 15:27:18.828883854,RGM_0050433,1,5.691902457520282e-05,False,False
N056_C0003904,56,2025-07-07 15:27:18.728883854,2025-07-07 15:27:18.928883854,2025-07-07 15:27:18.828883854,RGM_0050431,1,2.544095047111653e-05,False,False
N052_C0002693,52,2025-07-07 15:27:18.678883854,2025-07-07 15:27:19.678883854,2025-07-07 15:27:18.853883854,RGM_0050436,1,0.0001483728937298,False,False
N052_C0002694,52,2025-07-07 15:27:19.978883854,2025-07-07 15:27:20.103883854,2025-07-07 15:27:20.028883854,RGM_0050454,2,4.199280571223484e-05,False,False
N052_C0002695,52,2025-07-07 15:27:20.428883854,2025-07-07 15:27:20.928883854,2025-07-07 15:27:20.703883854,RGM_0050468,2,7.755671483566272e-05,False,False
N054_C0003303,54,2025-07-07 15:27:20.628883854,2025-07-07 15:27:20.828883854,2025-07-07 15:27:20.703883854,RGM_0050470,1,7.382252634855202e-05,False,False
N055_C0003541,55,2025-07-07 15:27:20.653883854,2025-07-07 15:27:20.753883854,2025-07-07 15:27:20.703883854,RGM_0050469,1,5.7034784331190825e-05,False,False
N053_C0003114,53,2025-07-07 15:27:20.553883854,2025-07-07 15:27:21.053883854,2025-07-07 15:27:20.728883854,RGM_0050471,1,7.911780573032292e-05,False,False
N052_C0002696,52,2025-07-07 15:27:21.603883854,2025-07-07 15:27:21.703883854,2025-07-07 15:27:21.653883854,RGM_0050476,1,3.769113133716545e-05,False,False
N055_C0003542,55,2025-07-07 15:27:21.353883854,2025-07-07 15:27:21.828883854,2025-07-07 15:27:21.653883854,RGM_0050477,2,4.328783087311656e-05,False,False
N052_C0002697,52,2025-07-07 15:27:22.403883854,2025-07-07 15:27:22.503883854,2025-07-07 15:27:22.453883854,RGM_0050483,1,3.691416957208505e-05,False,False
N055_C0003543,55,2025-07-07 15:27:22.403883854,2025-07-07 15:27:22.528883854,2025-07-07 15:27:22.478883854,RGM_0050485,1,3.35606862874152e-05,False,False
N055_C0003544,55,2025-07-07 15:27:26.378883854,2025-07-07 15:27:26.578883854,2025-07-07 15:27:26.478883854,RGM_0050510,1,3.382967378068267e-05,False,False
N052_C0002698,52,2025-07-07 15:27:26.178883854,2025-07-07 15:27:27.178883854,2025-07-07 15:27:26.903883854,RGM_0050515,1,0.0001462916115737,False,False
N056_C0003905,56,2025-07-07 15:27:26.853883854,2025-07-07 15:27:26.953883854,2025-07-07 15:27:26.903883854,RGM_0050518,1,5.7502648505179535e-05,False,False
N054_C0003304,54,2025-07-07 15:27:26.828883854,2025-07-07 15:27:27.078883854,2025-07-07 15:27:26.978883854,RGM_0050522,1,8.768953095351201e-05,False,False
N055_C0003545,55,2025-07-07 15:27:26.878883854,2025-07-07 15:27:27.078883854,2025-07-07 15:27:26.978883854,RGM_0050523,2,8.411955901468126e-05,False,False
N052_C0002699,52,2025-07-07 15:27:28.278883854,2025-07-07 15:27:28.378883854,2025-07-07 15:27:28.328883854,RGM_0050534,1,3.453517237745493e-05,False,False
N052_C0002700,52,2025-07-07 15:27:28.978883854,2025-07-07 15:27:29.178883854,2025-07-07 15:27:29.078883854,RGM_0050545,2,8.79339536399529e-05,False,False
N052_C0002701,52,2025-07-07 15:27:29.503883854,2025-07-07 15:27:29.603883854,2025-07-07 15:27:29.553883854,RGM_0050552,1,3.526016063369754e-05,False,False
N055_C0003546,55,2025-07-07 15:27:28.928883854,2025-07-07 15:27:29.928883854,2025-07-07 15:27:29.553883854,RGM_0050550,2,0.0001414831236267,False,False
N053_C0003115,53,2025-07-07 15:27:30.928883854,2025-07-07 15:27:31.128883854,2025-07-07 15:27:31.028883854,RGM_0050564,2,4.7806866278526034e-05,False,False
N052_C0002702,52,2025-07-07 15:27:31.053883854,2025-07-07 15:27:31.153883854,2025-07-07 15:27:31.103883854,RGM_0050570,1,4.724149439629892e-05,False,False
N055_C0003547,55,2025-07-07 15:27:30.678883854,2025-07-07 15:27:31.678883854,2025-07-07 15:27:31.278883854,RGM_0050573,2,0.0001379226025214,False,False
N052_C0002703,52,2025-07-07 15:27:32.753883854,2025-07-07 15:27:32.878883854,2025-07-07 15:27:32.828883854,RGM_0050589,2,3.569603646297143e-05,False,False
N055_C0003548,55,2025-07-07 15:27:32.778883854,2025-07-07 15:27:32.978883854,2025-07-07 15:27:32.828883854,RGM_0050588,2,3.623556124983362e-05,False,False
N055_C0003549,55,2025-07-07 15:27:33.053883854,2025-07-07 15:27:33.678883854,2025-07-07 15:27:33.428883854,RGM_0050601,1,9.578192209991946e-05,False,False
N053_C0003116,53,2025-07-07 15:27:33.403883854,2025-07-07 15:27:33.503883854,2025-07-07 15:27:33.453883854,RGM_0050604,1,4.973421420271084e-05,False,False
N056_C0003906,56,2025-07-07 15:27:33.403883854,2025-07-07 15:27:33.503883854,2025-07-07 15:27:33.453883854,RGM_0050603,1,3.047097796067604e-05,False,False
N052_C0002704,52,2025-07-07 15:27:33.903883854,2025-07-07 15:27:34.003883854,2025-07-07 15:27:33.953883854,RGM_0050615,2,2.828372447233271e-05,False,False
N055_C0003550,55,2025-07-07 15:27:33.878883854,2025-07-07 15:27:34.678883854,2025-07-07 15:27:34.528883854,RGM_0050617,2,0.0001462009212143,False,False
N053_C0003117,53,2025-07-07 15:27:34.503883854,2025-07-07 15:27:34.603883854,2025-07-07 15:27:34.553883854,RGM_0050620,2,0.0001204177332697,False,False
N056_C0003907,56,2025-07-07 15:27:34.428883854,2025-07-07 15:27:34.628883854,2025-07-07 15:27:34.553883854,RGM_0050622,1,7.767435137956585e-05,False,False
N052_C0002705,52,2025-07-07 15:27:34.178883854,2025-07-07 15:27:36.178883854,2025-07-07 15:27:35.203883854,RGM_0050634,3,0.0002779724220798,False,False
N053_C0003118,53,2025-07-07 15:27:36.753883854,2025-07-07 15:27:37.078883854,2025-07-07 15:27:36.978883854,RGM_0050652,2,4.208609248647681e-05,False,False
N055_C0003551,55,2025-07-07 15:27:36.978883854,2025-07-07 15:27:37.178883854,2025-07-07 15:27:37.053883854,RGM_0050657,1,3.477370465595834e-05,False,False
N005_C0000133,5,2025-07-07 15:27:37.678883854,2025-07-07 15:27:37.878883854,2025-07-07 15:27:37.778883854,RGM_0050663,2,0.0001667367435004,False,False
N052_C0002706,52,2025-07-07 15:27:42.228883854,2025-07-07 15:27:42.428883854,2025-07-07 15:27:42.303883854,RGM_0050697,1,3.693237150544321e-05,False,False
N052_C0002707,52,2025-07-07 15:27:43.303883854,2025-07-07 15:27:43.428883854,2025-07-07 15:27:43.353883854,RGM_0050708,1,3.925824649951931e-05,False,False
N056_C0003908,56,2025-07-07 15:27:43.303883854,2025-07-07 15:27:43.403883854,2025-07-07 15:27:43.353883854,RGM_0050705,1,2.1475275265507e-05,False,False
N052_C0002708,52,2025-07-07 15:27:43.803883854,2025-07-07 15:27:44.328883854,2025-07-07 15:27:44.078883854,RGM_0050712,2,6.629981715115627e-05,False,False
N055_C0003552,55,2025-07-07 15:27:44.053883854,2025-07-07 15:27:44.328883854,2025-07-07 15:27:44.103883854,RGM_0050715,1,5.411070810800544e-05,False,False
N055_C0003553,55,2025-07-07 15:27:44.978883854,2025-07-07 15:27:45.178883854,2025-07-07 15:27:45.003883854,RGM_0050722,1,2.801287074737625e-05,False,False
N056_C0003909,56,2025-07-07 15:27:47.128883854,2025-07-07 15:27:47.328883854,2025-07-07 15:27:47.228883854,RGM_0050741,1,4.051059162647671e-05,False,False
N052_C0002709,52,2025-07-07 15:27:50.403883854,2025-07-07 15:27:50.478883854,2025-07-07 15:27:50.453883854,RGM_0050756,1,4.537156613118956e-05,False,False
N054_C0003305,54,2025-07-07 15:27:50.403883854,2025-07-07 15:27:50.503883854,2025-07-07 15:27:50.453883854,RGM_0050757,1,4.772722390072426e-05,False,False
N052_C0002710,52,2025-07-07 15:27:51.203883854,2025-07-07 15:27:51.328883854,2025-07-07 15:27:51.253883854,RGM_0050769,1,4.715928985705175e-05,False,False
N056_C0003910,56,2025-07-07 15:27:51.203883854,2025-07-07 15:27:51.303883854,2025-07-07 15:27:51.253883854,RGM_0050767,1,3.168796023584424e-05,False,False
N052_C0002711,52,2025-07-07 15:27:51.428883854,2025-07-07 15:27:51.528883854,2025-07-07 15:27:51.478883854,RGM_0050774,1,2.6570338169983408e-05,False,False
N055_C0003554,55,2025-07-07 15:27:51.053883854,2025-07-07 15:27:51.678883854,2025-07-07 15:27:51.478883854,RGM_0050772,2,8.299433729261553e-05,False,False
N052_C0002712,52,2025-07-07 15:27:53.653883854,2025-07-07 15:27:53.753883854,2025-07-07 15:27:53.703883854,RGM_0050783,1,4.761740874628773e-05,False,False
N055_C0003555,55,2025-07-07 15:27:53.353883854,2025-07-07 15:27:53.728883854,2025-07-07 15:27:53.703883854,RGM_0050785,1,5.413541984398112e-05,False,False
N005_C0000134,5,2025-07-07 15:27:56.203883854,2025-07-07 15:27:58.128883854,2025-07-07 15:27:56.253883854,RGM_0050807,1,0.0004285763153117,False,False
N056_C0003911,56,2025-07-07 15:28:00.278883854,2025-07-07 15:28:00.478883854,2025-07-07 15:28:00.378883854,RGM_0050833,1,3.108118428299407e-05,False,False
N053_C0003119,53,2025-07-07 15:28:00.403883854,2025-07-07 15:28:00.478883854,2025-07-07 15:28:00.453883854,RGM_0050838,1,4.687192008225668e-05,False,False
N054_C0003306,54,2025-07-07 15:28:00.403883854,2025-07-07 15:28:00.503883854,2025-07-07 15:28:00.453883854,RGM_0050836,1,4.737689707644742e-05,False,False
N052_C0002713,52,2025-07-07 15:28:00.378883854,2025-07-07 15:28:00.578883854,2025-07-07 15:28:00.478883854,RGM_0050841,1,4.980585259939267e-05,False,False
N053_C0003120,53,2025-07-07 15:28:00.828883854,2025-07-07 15:28:00.878883854,2025-07-07 15:28:00.853883854,RGM_0050848,1,5.36104137576772e-05,False,False
N056_C0003912,56,2025-07-07 15:28:00.803883854,2025-07-07 15:28:00.928883854,2025-07-07 15:28:00.853883854,RGM_0050849,1,3.838093564051652e-05,False,False
N051_C0002403,51,2025-07-07 15:28:01.353883854,2025-07-07 15:28:01.453883854,2025-07-07 15:28:01.403883854,RGM_0050854,1,2.416125192836942e-05,False,False
N055_C0003556,55,2025-07-07 15:28:00.428883854,2025-07-07 15:28:01.478883854,2025-07-07 15:28:01.403883854,RGM_0050853,1,0.0001329468260606,False,False
N055_C0003557,55,2025-07-07 15:28:04.903883854,2025-07-07 15:28:05.128883854,2025-07-07 15:28:04.953883854,RGM_0050873,1,2.889705917854952e-05,False,False
N009_C0000529,9,2025-07-07 15:28:05.278883854,2025-07-07 15:28:05.478883854,2025-07-07 15:28:05.353883854,RGM_0050878,1,0.0001648904502719,False,False
N052_C0002714,52,2025-07-07 15:28:05.653883854,2025-07-07 15:28:05.703883854,2025-07-07 15:28:05.678883854,RGM_0050883,1,4.676604274616636e-05,False,False
N055_C0003558,55,2025-07-07 15:28:05.628883854,2025-07-07 15:28:05.828883854,2025-07-07 15:28:05.703883854,RGM_0050886,1,4.802613698549462e-05,False,False
N051_C0002404,51,2025-07-07 15:28:07.678883854,2025-07-07 15:28:07.803883854,2025-07-07 15:28:07.753883854,RGM_0050901,1,2.221504290350609e-05,False,False
N051_C0002405,51,2025-07-07 15:28:08.203883854,2025-07-07 15:28:08.253883854,2025-07-07 15:28:08.228883854,RGM_0050905,1,2.661093457585899e-05,False,False
N055_C0003559,55,2025-07-07 15:28:07.728883854,2025-07-07 15:28:08.253883854,2025-07-07 15:28:08.228883854,RGM_0050903,1,6.79350053692518e-05,False,False
N056_C0003913,56,2025-07-07 15:28:08.203883854,2025-07-07 15:28:08.253883854,2025-07-07 15:28:08.228883854,RGM_0050904,1,1.7426654567486224e-05,False,False
N052_C0002715,52,2025-07-07 15:28:09.928883854,2025-07-07 15:28:10.303883854,2025-07-07 15:28:10.253883854,RGM_0050930,1,4.72858816132785e-05,False,False
N055_C0003560,55,2025-07-07 15:28:10.178883854,2025-07-07 15:28:10.378883854,2025-07-07 15:28:10.278883854,RGM_0050934,1,3.312065260425183e-05,False,False
N056_C0003914,56,2025-07-07 15:28:10.178883854,2025-07-07 15:28:10.378883854,2025-07-07 15:28:10.278883854,RGM_0050932,1,2.32772218748652e-05,False,False
N053_C0003121,53,2025-07-07 15:28:11.978883854,2025-07-07 15:28:12.178883854,2025-07-07 15:28:12.078883854,RGM_0050945,1,5.690442685326217e-05,False,False
N051_C0002406,51,2025-07-07 15:28:12.428883854,2025-07-07 15:28:12.528883854,2025-07-07 15:28:12.478883854,RGM_0050958,2,2.731684154376533e-05,False,False
N052_C0002716,52,2025-07-07 15:28:12.428883854,2025-07-07 15:28:12.528883854,2025-07-07 15:28:12.478883854,RGM_0050959,1,2.731684154376533e-05,False,False
N009_C0000530,9,2025-07-07 15:28:13.503883854,2025-07-07 15:28:13.628883854,2025-07-07 15:28:13.553883854,RGM_0050966,1,0.0001525756171633,False,False
N052_C0002717,52,2025-07-07 15:28:17.428883854,2025-07-07 15:28:17.628883854,2025-07-07 15:28:17.478883854,RGM_0050997,1,2.6289485388985632e-05,False,False
N029_C0001160,29,2025-07-07 15:28:16.178883854,2025-07-07 15:28:18.428883854,2025-07-07 15:28:17.803883854,RGM_0050998,1,0.0041137271359615,False,False
N031_C0001443,31,2025-07-07 15:28:17.953883854,2025-07-07 15:28:18.053883854,2025-07-07 15:28:18.003883854,RGM_0051000,1,0.0027020603972142,False,False
N023_C0000817,23,2025-07-07 15:28:17.878883854,2025-07-07 15:28:18.078883854,2025-07-07 15:28:18.028883854,RGM_0051004,5,0.0002906425812474,False,False
N030_C0001302,30,2025-07-07 15:28:17.928883854,2025-07-07 15:28:18.428883854,2025-07-07 15:28:18.053883854,RGM_0051008,1,0.0029260463428817,False,False
N056_C0003915,56,2025-07-07 15:28:18.428883854,2025-07-07 15:28:19.328883854,2025-07-07 15:28:19.303883854,RGM_0051018,1,7.387509754348274e-05,False,False
N055_C0003561,55,2025-07-07 15:28:19.278883854,2025-07-07 15:28:20.503883854,2025-07-07 15:28:19.328883854,RGM_0051021,2,0.000118242835058,False,False
N055_C0003562,55,2025-07-07 15:28:21.078883854,2025-07-07 15:28:21.178883854,2025-07-07 15:28:21.153883854,RGM_0051034,1,2.385865286756431e-05,False,False
N052_C0002718,52,2025-07-07 15:28:21.128883854,2025-07-07 15:28:21.428883854,2025-07-07 15:28:21.178883854,RGM_0051036,1,4.046854056343937e-05,False,False
N052_C0002719,52,2025-07-07 15:28:24.203883854,2025-07-07 15:28:24.303883854,2025-07-07 15:28:24.253883854,RGM_0051059,1,4.343840077439632e-05,False,False
N055_C0003563,55,2025-07-07 15:28:24.203883854,2025-07-07 15:28:24.303883854,2025-07-07 15:28:24.253883854,RGM_0051061,1,3.565179669900681e-05,False,False
N055_C0003564,55,2025-07-07 15:28:26.328883854,2025-07-07 15:28:26.553883854,2025-07-07 15:28:26.378883854,RGM_0051075,1,4.1230307696592215e-05,False,False
N005_C0000135,5,2025-07-07 15:28:32.428883854,2025-07-07 15:28:33.103883854,2025-07-07 15:28:32.503883854,RGM_0051114,1,0.000212109656471,False,False
N051_C0002407,51,2025-07-07 15:28:32.978883854,2025-07-07 15:28:33.228883854,2025-07-07 15:28:33.128883854,RGM_0051116,1,4.2415527341916e-05,False,False
N055_C0003565,55,2025-07-07 15:28:32.928883854,2025-07-07 15:28:33.428883854,2025-07-07 15:28:33.128883854,RGM_0051117,1,5.754982442491513e-05,False,False
N055_C0003566,55,2025-07-07 15:28:33.628883854,2025-07-07 15:28:33.753883854,2025-07-07 15:28:33.703883854,RGM_0051121,1,4.8443225530122006e-05,False,False
N055_C0003567,55,2025-07-07 15:28:33.978883854,2025-07-07 15:28:34.028883854,2025-07-07 15:28:34.003883854,RGM_0051125,1,5.95104383235262e-05,False,False
N056_C0003916,56,2025-07-07 15:28:33.953883854,2025-07-07 15:28:34.053883854,2025-07-07 15:28:34.003883854,RGM_0051124,1,3.947294410361556e-05,False,False
N057_C0004138,57,2025-07-07 15:28:33.928883854,2025-07-07 15:28:34.178883854,2025-07-07 15:28:34.028883854,RGM_0051130,1,3.701844969708332e-05,False,False
N051_C0002408,51,2025-07-07 15:28:33.978883854,2025-07-07 15:28:34.178883854,2025-07-07 15:28:34.078883854,RGM_0051131,2,6.405467179982538e-05,False,False
N054_C0003307,54,2025-07-07 15:28:36.353883854,2025-07-07 15:28:36.453883854,2025-07-07 15:28:36.403883854,RGM_0051144,2,3.465254106508444e-05,False,False
N051_C0002409,51,2025-07-07 15:28:37.153883854,2025-07-07 15:28:37.278883854,2025-07-07 15:28:37.203883854,RGM_0051156,2,0.0001276270685743,False,False
N052_C0002720,52,2025-07-07 15:28:37.128883854,2025-07-07 15:28:37.253883854,2025-07-07 15:28:37.203883854,RGM_0051152,2,0.0001277262706305,False,False
N055_C0003568,55,2025-07-07 15:28:37.053883854,2025-07-07 15:28:37.678883854,2025-07-07 15:28:37.278883854,RGM_0051160,1,0.0001357219939909,False,False
N052_C0002721,52,2025-07-07 15:28:37.478883854,2025-07-07 15:28:37.528883854,2025-07-07 15:28:37.503883854,RGM_0051164,1,2.595642923058992e-05,False,False
N009_C0000531,9,2025-07-07 15:28:37.578883854,2025-07-07 15:28:37.678883854,2025-07-07 15:28:37.653883854,RGM_0051170,1,0.0001386160930758,False,False
N055_C0003569,55,2025-07-07 15:28:44.928883854,2025-07-07 15:28:45.028883854,2025-07-07 15:28:45.003883854,RGM_0051220,1,2.4821449605465527e-05,False,False
N056_C0003917,56,2025-07-07 15:28:44.978883854,2025-07-07 15:28:45.428883854,2025-07-07 15:28:45.003883854,RGM_0051224,1,2.303142894635423e-05,False,False
N055_C0003570,55,2025-07-07 15:28:46.753883854,2025-07-07 15:28:46.803883854,2025-07-07 15:28:46.778883854,RGM_0051233,1,2.677736433465393e-05,False,False
N055_C0003571,55,2025-07-07 15:28:46.903883854,2025-07-07 15:28:47.203883854,2025-07-07 15:28:47.028883854,RGM_0051237,2,8.198912496197858e-05,False,False
N052_C0002722,52,2025-07-07 15:28:46.978883854,2025-07-07 15:28:47.678883854,2025-07-07 15:28:47.153883854,RGM_0051248,2,9.191499496145988e-05,False,False
N055_C0003572,55,2025-07-07 15:28:47.578883854,2025-07-07 15:28:47.778883854,2025-07-07 15:28:47.628883854,RGM_0051250,1,2.7289847678385848e-05,False,False
N053_C0003122,53,2025-07-07 15:28:47.753883854,2025-07-07 15:28:47.803883854,2025-07-07 15:28:47.778883854,RGM_0051251,1,2.137746035906037e-05,False,False
N052_C0002723,52,2025-07-07 15:28:55.903883854,2025-07-07 15:28:56.003883854,2025-07-07 15:28:55.953883854,RGM_0051317,1,4.866355476286029e-05,False,False
N051_C0002410,51,2025-07-07 15:28:56.928883854,2025-07-07 15:28:56.978883854,2025-07-07 15:28:56.953883854,RGM_0051322,1,3.0150542062780944e-05,False,False
N052_C0002724,52,2025-07-07 15:28:56.903883854,2025-07-07 15:28:57.128883854,2025-07-07 15:28:56.978883854,RGM_0051325,2,6.264353167795858e-05,False,False
N052_C0002725,52,2025-07-07 15:28:59.503883854,2025-07-07 15:28:59.603883854,2025-07-07 15:28:59.578883854,RGM_0051348,1,3.968698820607194e-05,False,False
N055_C0003573,55,2025-07-07 15:28:59.478883854,2025-07-07 15:28:59.678883854,2025-07-07 15:28:59.578883854,RGM_0051347,1,2.97555807262648e-05,False,False
N051_C0002411,51,2025-07-07 15:28:59.528883854,2025-07-07 15:29:00.203883854,2025-07-07 15:29:00.178883854,RGM_0051355,1,7.394148879474448e-05,False,False
N056_C0003918,56,2025-07-07 15:29:00.153883854,2025-07-07 15:29:00.253883854,2025-07-07 15:29:00.203883854,RGM_0051357,1,1.2589386680467184e-05,False,False
N055_C0003574,55,2025-07-07 15:29:03.828883854,2025-07-07 15:29:04.553883854,2025-07-07 15:29:03.878883854,RGM_0051389,2,4.245634722877358e-05,False,False
N005_C0000136,5,2025-07-07 15:29:06.128883854,2025-07-07 15:29:06.603883854,2025-07-07 15:29:06.203883854,RGM_0051398,1,0.0001383098843764,False,False
N111_C0004367,111,2025-07-07 15:29:07.178883854,2025-07-07 15:29:09.103883854,2025-07-07 15:29:07.778883854,RGM_0051404,1,0.0001335225592376,False,False
N052_C0002726,52,2025-07-07 15:29:08.128883854,2025-07-07 15:29:08.328883854,2025-07-07 15:29:08.228883854,RGM_0051410,2,8.027612893815715e-05,False,False
N053_C0003123,53,2025-07-07 15:29:08.128883854,2025-07-07 15:29:08.328883854,2025-07-07 15:29:08.228883854,RGM_0051408,1,8.027612893815715e-05,False,False
N054_C0003308,54,2025-07-07 15:29:08.128883854,2025-07-07 15:29:08.328883854,2025-07-07 15:29:08.228883854,RGM_0051409,1,8.027612893815715e-05,False,False
N051_C0002412,51,2025-07-07 15:29:08.053883854,2025-07-07 15:29:08.678883854,2025-07-07 15:29:08.253883854,RGM_0051414,3,0.0001245657117841,False,False
N052_C0002727,52,2025-07-07 15:29:08.478883854,2025-07-07 15:29:08.528883854,2025-07-07 15:29:08.503883854,RGM_0051417,1,4.130998892746362e-05,False,False
N055_C0003575,55,2025-07-07 15:29:09.978883854,2025-07-07 15:29:10.353883854,2025-07-07 15:29:10.028883854,RGM_0051422,1,4.7155386127623824e-05,False,False
N051_C0002413,51,2025-07-07 15:29:10.903883854,2025-07-07 15:29:11.728883854,2025-07-07 15:29:10.928883854,RGM_0051430,1,8.749164308103786e-05,False,False
N055_C0003576,55,2025-07-07 15:29:10.778883854,2025-07-07 15:29:10.978883854,2025-07-07 15:29:10.928883854,RGM_0051429,1,2.487938071902568e-05,False,False
N053_C0003124,53,2025-07-07 15:29:13.203883854,2025-07-07 15:29:13.303883854,2025-07-07 15:29:13.253883854,RGM_0051451,1,4.127527658761352e-05,False,False
N051_C0002414,51,2025-07-07 15:29:16.028883854,2025-07-07 15:29:16.128883854,2025-07-07 15:29:16.053883854,RGM_0051475,1,3.094098057634929e-05,False,False
N055_C0003577,55,2025-07-07 15:29:16.028883854,2025-07-07 15:29:16.078883854,2025-07-07 15:29:16.053883854,RGM_0051477,1,2.1485703778511365e-05,False,False
N051_C0002415,51,2025-07-07 15:29:17.878883854,2025-07-07 15:29:18.728883854,2025-07-07 15:29:18.678883854,RGM_0051502,1,6.510822257443231e-05,False,False
N052_C0002728,52,2025-07-07 15:29:20.753883854,2025-07-07 15:29:20.853883854,2025-07-07 15:29:20.778883854,RGM_0051516,2,4.045382101524402e-05,False,False
N053_C0003125,53,2025-07-07 15:29:20.428883854,2025-07-07 15:29:21.428883854,2025-07-07 15:29:20.803883854,RGM_0051519,1,0.0001222173200315,False,False
N052_C0002729,52,2025-07-07 15:29:21.328883854,2025-07-07 15:29:21.428883854,2025-07-07 15:29:21.378883854,RGM_0051538,1,6.596507407502316e-05,False,False
N055_C0003578,55,2025-07-07 15:29:21.328883854,2025-07-07 15:29:21.428883854,2025-07-07 15:29:21.378883854,RGM_0051536,1,4.977170932655519e-05,False,False
N005_C0000137,5,2025-07-07 15:29:21.478883854,2025-07-07 15:29:21.678883854,2025-07-07 15:29:21.578883854,RGM_0051541,1,9.212391868750718e-05,False,False
N052_C0002730,52,2025-07-07 15:29:22.803883854,2025-07-07 15:29:22.853883854,2025-07-07 15:29:22.828883854,RGM_0051551,1,2.3551445080897118e-05,False,False
N053_C0003126,53,2025-07-07 15:29:22.803883854,2025-07-07 15:29:22.903883854,2025-07-07 15:29:22.828883854,RGM_0051549,1,2.445098967113814e-05,False,False
N055_C0003579,55,2025-07-07 15:29:22.778883854,2025-07-07 15:29:22.878883854,2025-07-07 15:29:22.828883854,RGM_0051552,1,1.646870990322773e-05,False,False
N051_C0002416,51,2025-07-07 15:29:22.678883854,2025-07-07 15:29:23.303883854,2025-07-07 15:29:23.053883854,RGM_0051558,3,0.0001073393569273,False,False
N052_C0002731,52,2025-07-07 15:29:23.003883854,2025-07-07 15:29:23.103883854,2025-07-07 15:29:23.053883854,RGM_0051559,1,7.661670562994049e-05,False,False
N051_C0002417,51,2025-07-07 15:29:28.803883854,2025-07-07 15:29:30.128883854,2025-07-07 15:29:29.103883854,RGM_0051599,3,7.592787678451841e-05,False,False
N053_C0003127,53,2025-07-07 15:29:31.178883854,2025-07-07 15:29:32.178883854,2025-07-07 15:29:31.703883854,RGM_0051623,1,0.0001246877692426,False,False
N055_C0003580,55,2025-07-07 15:29:31.678883854,2025-07-07 15:29:31.728883854,2025-07-07 15:29:31.703883854,RGM_0051620,1,4.804801392711752e-05,False,False
N051_C0002418,51,2025-07-07 15:29:31.653883854,2025-07-07 15:29:31.878883854,2025-07-07 15:29:31.728883854,RGM_0051625,4,7.108522913983409e-05,False,False
N052_C0002732,52,2025-07-07 15:29:31.678883854,2025-07-07 15:29:31.778883854,2025-07-07 15:29:31.728883854,RGM_0051624,1,7.054509653269103e-05,False,False
N052_C0002733,52,2025-07-07 15:29:32.678883854,2025-07-07 15:29:32.778883854,2025-07-07 15:29:32.728883854,RGM_0051637,1,3.603862360726418e-05,False,False
N053_C0003128,53,2025-07-07 15:29:33.378883854,2025-07-07 15:29:34.178883854,2025-07-07 15:29:33.953883854,RGM_0051640,1,8.910249710423642e-05,False,False
N052_C0002734,52,2025-07-07 15:29:33.953883854,2025-07-07 15:29:34.603883854,2025-07-07 15:29:34.003883854,RGM_0051646,2,0.0001046462479204,False,False
N051_C0002419,51,2025-07-07 15:29:35.628883854,2025-07-07 15:29:35.728883854,2025-07-07 15:29:35.678883854,RGM_0051660,1,2.1876870666451437e-05,False,False
N052_C0002735,52,2025-07-07 15:29:35.628883854,2025-07-07 15:29:35.728883854,2025-07-07 15:29:35.678883854,RGM_0051659,1,2.1876870666451437e-05,False,False
N056_C0003919,56,2025-07-07 15:29:36.778883854,2025-07-07 15:29:37.053883854,2025-07-07 15:29:37.028883854,RGM_0051664,1,1.8302520558624877e-05,False,False
N051_C0002420,51,2025-07-07 15:29:36.778883854,2025-07-07 15:29:37.328883854,2025-07-07 15:29:37.278883854,RGM_0051672,5,9.33261494779013e-05,False,False
N052_C0002736,52,2025-07-07 15:29:36.678883854,2025-07-07 15:29:38.678883854,2025-07-07 15:29:37.303883854,RGM_0051674,4,0.0003384302738056,False,False
N051_C0002421,51,2025-07-07 15:29:37.578883854,2025-07-07 15:29:37.828883854,2025-07-07 15:29:37.678883854,RGM_0051677,7,0.0001892686437336,False,False
N053_C0003129,53,2025-07-07 15:29:36.678883854,2025-07-07 15:29:38.678883854,2025-07-07 15:29:37.678883854,RGM_0051681,1,0.0003384302738056,False,False
N054_C0003309,54,2025-07-07 15:29:36.678883854,2025-07-07 15:29:38.678883854,2025-07-07 15:29:37.678883854,RGM_0051678,3,0.0003384302738056,False,False
N055_C0003581,55,2025-07-07 15:29:37.678883854,2025-07-07 15:29:37.778883854,2025-07-07 15:29:37.728883854,RGM_0051717,1,0.0001291248454332,False,False
N056_C0003920,56,2025-07-07 15:29:37.678883854,2025-07-07 15:29:37.778883854,2025-07-07 15:29:37.728883854,RGM_0051713,1,6.551717496753891e-05,False,False
N111_C0004368,111,2025-07-07 15:29:36.628883854,2025-07-07 15:29:38.678883854,2025-07-07 15:29:37.728883854,RGM_0051690,1,0.0001982491652459,False,False
N057_C0004139,57,2025-07-07 15:29:37.703883854,2025-07-07 15:29:37.803883854,2025-07-07 15:29:37.753883854,RGM_0051724,1,5.876591960887752e-05,False,False
N054_C0003310,54,2025-07-07 15:29:39.353883854,2025-07-07 15:29:39.453883854,2025-07-07 15:29:39.403883854,RGM_0051743,1,3.213535194146301e-05,False,False
N055_C0003582,55,2025-07-07 15:29:39.403883854,2025-07-07 15:29:39.453883854,2025-07-07 15:29:39.428883854,RGM_0051746,1,2.0829304408371757e-05,False,False
N005_C0000138,5,2025-07-07 15:29:37.978883854,2025-07-07 15:29:40.928883854,2025-07-07 15:29:40.553883854,RGM_0051760,1,0.000710237279568,False,False
N009_C0000532,9,2025-07-07 15:29:40.303883854,2025-07-07 15:29:40.803883854,2025-07-07 15:29:40.578883854,RGM_0051763,1,0.0007329752897714,False,False
N052_C0002737,52,2025-07-07 15:29:42.178883854,2025-07-07 15:29:42.303883854,2025-07-07 15:29:42.228883854,RGM_0051773,1,5.208744954289052e-05,False,False
N056_C0003921,56,2025-07-07 15:29:42.178883854,2025-07-07 15:29:42.278883854,2025-07-07 15:29:42.228883854,RGM_0051776,1,1.6954894232651097e-05,False,False
N053_C0003130,53,2025-07-07 15:29:42.978883854,2025-07-07 15:29:43.178883854,2025-07-07 15:29:43.078883854,RGM_0051785,1,5.362223438748356e-05,False,False
N051_C0002422,51,2025-07-07 15:29:43.853883854,2025-07-07 15:29:43.953883854,2025-07-07 15:29:43.878883854,RGM_0051806,2,3.153008845850635e-05,False,False
N051_C0002423,51,2025-07-07 15:29:44.078883854,2025-07-07 15:29:44.128883854,2025-07-07 15:29:44.103883854,RGM_0051810,1,3.891154255252544e-05,False,False
N053_C0003131,53,2025-07-07 15:29:43.678883854,2025-07-07 15:29:44.178883854,2025-07-07 15:29:44.103883854,RGM_0051812,2,7.667401812731374e-05,False,False
N052_C0002738,52,2025-07-07 15:29:44.803883854,2025-07-07 15:29:44.928883854,2025-07-07 15:29:44.903883854,RGM_0051817,1,1.763441371095423e-05,False,False
N053_C0003132,53,2025-07-07 15:29:46.328883854,2025-07-07 15:29:46.378883854,2025-07-07 15:29:46.353883854,RGM_0051829,1,4.80321841777598e-05,False,False
N055_C0003583,55,2025-07-07 15:29:46.328883854,2025-07-07 15:29:46.428883854,2025-07-07 15:29:46.353883854,RGM_0051826,1,3.1968594826069926e-05,False,False
N052_C0002739,52,2025-07-07 15:29:46.178883854,2025-07-07 15:29:46.678883854,2025-07-07 15:29:46.378883854,RGM_0051832,2,9.986253614101928e-05,False,False
N051_C0002424,51,2025-07-07 15:29:46.428883854,2025-07-07 15:29:46.728883854,2025-07-07 15:29:46.628883854,RGM_0051836,1,3.903158528529861e-05,False,False
N055_C0003584,55,2025-07-07 15:29:46.528883854,2025-07-07 15:29:46.728883854,2025-07-07 15:29:46.628883854,RGM_0051835,1,2.5542703193994977e-05,False,False
N052_C0002740,52,2025-07-07 15:29:48.028883854,2025-07-07 15:29:48.128883854,2025-07-07 15:29:48.078883854,RGM_0051845,1,1.7504554002857072e-05,False,False
N055_C0003585,55,2025-07-07 15:29:49.978883854,2025-07-07 15:29:50.178883854,2025-07-07 15:29:50.078883854,RGM_0051859,1,5.321799340810066e-05,False,False
N052_C0002741,52,2025-07-07 15:29:49.678883854,2025-07-07 15:29:51.678883854,2025-07-07 15:29:50.778883854,RGM_0051868,6,0.0003091902877876,False,False
N051_C0002425,51,2025-07-07 15:29:50.778883854,2025-07-07 15:29:50.828883854,2025-07-07 15:29:50.803883854,RGM_0051872,2,3.5701296536019965e-05,False,False
N054_C0003311,54,2025-07-07 15:29:50.778883854,2025-07-07 15:29:50.828883854,2025-07-07 15:29:50.803883854,RGM_0051874,1,3.5701296536019965e-05,False,False
N055_C0003586,55,2025-07-07 15:29:50.778883854,2025-07-07 15:29:50.828883854,2025-07-07 15:29:50.803883854,RGM_0051870,1,2.3193935428573288e-05,False,False
N053_C0003133,53,2025-07-07 15:29:50.678883854,2025-07-07 15:29:51.678883854,2025-07-07 15:29:50.828883854,RGM_0051878,5,0.0002003354537054,False,False
N055_C0003587,55,2025-07-07 15:29:51.178883854,2025-07-07 15:29:51.278883854,2025-07-07 15:29:51.228883854,RGM_0051887,1,2.1457093786520587e-05,False,False
N056_C0003922,56,2025-07-07 15:29:51.203883854,2025-07-07 15:29:51.253883854,2025-07-07 15:29:51.228883854,RGM_0051897,1,9.009610876039734e-06,False,False
N052_C0002742,52,2025-07-07 15:29:51.978883854,2025-07-07 15:29:52.028883854,2025-07-07 15:29:52.003883854,RGM_0051975,1,1.8855104510664745e-05,False,False
N054_C0003312,54,2025-07-07 15:29:51.178883854,2025-07-07 15:29:52.178883854,2025-07-07 15:29:52.003883854,RGM_0051971,4,0.0001870667870193,False,False
N005_C0000139,5,2025-07-07 15:29:52.378883854,2025-07-07 15:29:52.428883854,2025-07-07 15:29:52.403883854,RGM_0051980,1,0.000108640793574,False,False
N009_C0000533,9,2025-07-07 15:29:52.378883854,2025-07-07 15:29:52.478883854,2025-07-07 15:29:52.428883854,RGM_0051987,1,0.0002781800228173,False,False
N006_C0000405,6,2025-07-07 15:29:51.678883854,2025-07-07 15:29:53.678883854,2025-07-07 15:29:52.803883854,RGM_0051999,2,0.0009995167003207,False,False
N005_C0000140,5,2025-07-07 15:29:52.828883854,2025-07-07 15:29:52.878883854,2025-07-07 15:29:52.853883854,RGM_0052002,1,0.0001691363050149,False,False
N008_C0000479,8,2025-07-07 15:29:52.778883854,2025-07-07 15:29:53.028883854,2025-07-07 15:29:52.878883854,RGM_0052009,2,0.0003543857096392,False,False
N009_C0000534,9,2025-07-07 15:29:52.778883854,2025-07-07 15:29:52.978883854,2025-07-07 15:29:52.878883854,RGM_0052011,1,0.0003349359989728,False,False
N054_C0003313,54,2025-07-07 15:29:53.153883854,2025-07-07 15:29:53.203883854,2025-07-07 15:29:53.178883854,RGM_0052030,1,1.7260348075172845e-05,False,False
N052_C0002743,52,2025-07-07 15:29:53.153883854,2025-07-07 15:29:54.178883854,2025-07-07 15:29:53.203883854,RGM_0052032,2,0.0001486232957025,False,False
N055_C0003588,55,2025-07-07 15:29:53.703883854,2025-07-07 15:29:53.803883854,2025-07-07 15:29:53.753883854,RGM_0052041,1,2.9804268322608078e-05,False,False
N053_C0003134,53,2025-07-07 15:29:53.678883854,2025-07-07 15:29:54.128883854,2025-07-07 15:29:53.828883854,RGM_0052043,3,6.558206368069049e-05,False,False
N054_C0003314,54,2025-07-07 15:29:53.678883854,2025-07-07 15:29:54.178883854,2025-07-07 15:29:53.928883854,RGM_0052049,2,0.0001244720485818,False,False
N055_C0003589,55,2025-07-07 15:29:53.903883854,2025-07-07 15:29:54.003883854,2025-07-07 15:29:53.953883854,RGM_0052056,1,1.5885918930307188e-05,False,False
N052_C0002744,52,2025-07-07 15:29:54.903883854,2025-07-07 15:29:55.928883854,2025-07-07 15:29:55.603883854,RGM_0052102,3,0.0002010153863403,False,False
N052_C0002745,52,2025-07-07 15:29:57.128883854,2025-07-07 15:29:57.328883854,2025-07-07 15:29:57.228883854,RGM_0052116,2,4.783192866796731e-05,False,False
N055_C0003590,55,2025-07-07 15:29:57.128883854,2025-07-07 15:29:57.328883854,2025-07-07 15:29:57.228883854,RGM_0052117,1,2.94352903674835e-05,False,False
N009_C0000535,9,2025-07-07 15:29:58.678883854,2025-07-07 15:29:59.178883854,2025-07-07 15:29:59.053883854,RGM_0052126,1,0.0002606744819642,False,False
N005_C0000141,5,2025-07-07 15:29:59.003883854,2025-07-07 15:29:59.103883854,2025-07-07 15:29:59.078883854,RGM_0052127,1,8.948070982710487e-05,False,False
N052_C0002746,52,2025-07-07 15:29:59.278883854,2025-07-07 15:29:59.478883854,2025-07-07 15:29:59.303883854,RGM_0052133,1,6.226158591771324e-05,False,False
N052_C0002747,52,2025-07-07 15:29:59.978883854,2025-07-07 15:30:00.078883854,2025-07-07 15:30:00.028883854,RGM_0052141,1,2.898153162965913e-05,False,False
N052_C0002748,52,2025-07-07 15:30:02.128883854,2025-07-07 15:30:02.328883854,2025-07-07 15:30:02.178883854,RGM_0052161,1,2.9765364278898903e-05,False,False
N052_C0002749,52,2025-07-07 15:30:02.928883854,2025-07-07 15:30:03.428883854,2025-07-07 15:30:03.278883854,RGM_0052168,2,6.74900661854886e-05,False,False
N053_C0003135,53,2025-07-07 15:30:03.228883854,2025-07-07 15:30:03.328883854,2025-07-07 15:30:03.303883854,RGM_0052173,1,5.781741665393899e-05,False,False
N053_C0003136,53,2025-07-07 15:30:03.878883854,2025-07-07 15:30:04.078883854,2025-07-07 15:30:04.003883854,RGM_0052177,1,4.275500667814439e-05,False,False
N052_C0002750,52,2025-07-07 15:30:03.978883854,2025-07-07 15:30:04.253883854,2025-07-07 15:30:04.053883854,RGM_0052182,2,5.6075251534102846e-05,False,False
N052_C0002751,52,2025-07-07 15:30:06.353883854,2025-07-07 15:30:06.453883854,2025-07-07 15:30:06.403883854,RGM_0052203,1,4.602144881217309e-05,False,False
N054_C0003315,54,2025-07-07 15:30:07.303883854,2025-07-07 15:30:07.353883854,2025-07-07 15:30:07.328883854,RGM_0052209,1,6.0017400981945766e-05,False,False
N055_C0003591,55,2025-07-07 15:30:07.303883854,2025-07-07 15:30:07.353883854,2025-07-07 15:30:07.328883854,RGM_0052211,1,3.622513914154674e-05,False,False
N051_C0002426,51,2025-07-07 15:30:07.278883854,2025-07-07 15:30:07.478883854,2025-07-07 15:30:07.353883854,RGM_0052216,3,6.180709885283584e-05,False,False
N054_C0003316,54,2025-07-07 15:30:07.428883854,2025-07-07 15:30:07.628883854,2025-07-07 15:30:07.528883854,RGM_0052219,2,3.063883194540844e-05,False,False
N052_C0002752,52,2025-07-07 15:30:07.178883854,2025-07-07 15:30:07.803883854,2025-07-07 15:30:07.578883854,RGM_0052224,3,9.41290712160395e-05,False,False
N053_C0003137,53,2025-07-07 15:30:07.528883854,2025-07-07 15:30:07.628883854,2025-07-07 15:30:07.578883854,RGM_0052223,1,2.989833992901274e-05,False,False
N023_C0000818,23,2025-07-07 15:30:10.928883854,2025-07-07 15:30:11.928883854,2025-07-07 15:30:11.703883854,RGM_0052251,2,0.0018583971368827,False,False
N030_C0001303,30,2025-07-07 15:30:11.653883854,2025-07-07 15:30:11.778883854,2025-07-07 15:30:11.728883854,RGM_0052254,1,0.0019677627009749,False,False
N029_C0001161,29,2025-07-07 15:30:11.678883854,2025-07-07 15:30:12.678883854,2025-07-07 15:30:11.928883854,RGM_0052256,1,0.0024676575914223,False,False
N055_C0003592,55,2025-07-07 15:30:14.228883854,2025-07-07 15:30:14.428883854,2025-07-07 15:30:14.328883854,RGM_0052272,2,4.04460879402555e-05,False,False
N052_C0002753,52,2025-07-07 15:30:14.228883854,2025-07-07 15:30:14.428883854,2025-07-07 15:30:14.353883854,RGM_0052274,1,6.713279918511997e-05,False,False
N006_C0000406,6,2025-07-07 15:30:14.578883854,2025-07-07 15:30:14.778883854,2025-07-07 15:30:14.703883854,RGM_0052281,1,0.0001561347955976,False,False
N005_C0000142,5,2025-07-07 15:30:14.653883854,2025-07-07 15:30:14.928883854,2025-07-07 15:30:14.753883854,RGM_0052284,2,0.0001117546376439,False,False
N052_C0002754,52,2025-07-07 15:30:14.778883854,2025-07-07 15:30:14.878883854,2025-07-07 15:30:14.828883854,RGM_0052286,1,4.359878499476202e-05,False,False
N055_C0003593,55,2025-07-07 15:30:14.778883854,2025-07-07 15:30:14.878883854,2025-07-07 15:30:14.828883854,RGM_0052287,1,2.6486519138980817e-05,False,False
N051_C0002427,51,2025-07-07 15:30:15.003883854,2025-07-07 15:30:15.103883854,2025-07-07 15:30:15.078883854,RGM_0052292,1,1.718515883409308e-05,False,False
N056_C0003923,56,2025-07-07 15:30:15.053883854,2025-07-07 15:30:15.103883854,2025-07-07 15:30:15.078883854,RGM_0052291,1,7.858265918946886e-06,False,False
N052_C0002755,52,2025-07-07 15:30:17.553883854,2025-07-07 15:30:18.153883854,2025-07-07 15:30:17.628883854,RGM_0052306,2,4.460480037634546e-05,False,False
N054_C0003317,54,2025-07-07 15:30:19.228883854,2025-07-07 15:30:19.278883854,2025-07-07 15:30:19.253883854,RGM_0052315,1,2.86909386533859e-05,False,False
N051_C0002428,51,2025-07-07 15:30:19.178883854,2025-07-07 15:30:19.678883854,2025-07-07 15:30:19.428883854,RGM_0052316,2,0.0001125536658466,False,False
N052_C0002756,52,2025-07-07 15:30:19.178883854,2025-07-07 15:30:19.678883854,2025-07-07 15:30:19.428883854,RGM_0052318,2,0.0001125536658466,False,False
N053_C0003138,53,2025-07-07 15:30:19.178883854,2025-07-07 15:30:19.678883854,2025-07-07 15:30:19.428883854,RGM_0052317,1,0.0001125536658466,False,False
N051_C0002429,51,2025-07-07 15:30:21.153883854,2025-07-07 15:30:21.353883854,2025-07-07 15:30:21.228883854,RGM_0052335,1,1.6969841196179922e-05,False,False
N053_C0003139,53,2025-07-07 15:30:22.778883854,2025-07-07 15:30:23.078883854,2025-07-07 15:30:22.978883854,RGM_0052349,1,0.000129112162767,False,False
N052_C0002757,52,2025-07-07 15:30:22.953883854,2025-07-07 15:30:23.053883854,2025-07-07 15:30:23.003883854,RGM_0052355,1,0.0001268318526245,False,False
N055_C0003594,55,2025-07-07 15:30:22.953883854,2025-07-07 15:30:23.053883854,2025-07-07 15:30:23.003883854,RGM_0052353,1,7.840576810061991e-05,False,False
N051_C0002430,51,2025-07-07 15:30:22.678883854,2025-07-07 15:30:24.678883854,2025-07-07 15:30:23.728883854,RGM_0052361,5,0.0002820597965891,False,False
N052_C0002758,52,2025-07-07 15:30:23.728883854,2025-07-07 15:30:23.828883854,2025-07-07 15:30:23.778883854,RGM_0052364,2,5.3287792494714383e-05,False,False
N051_C0002431,51,2025-07-07 15:30:28.253883854,2025-07-07 15:30:29.278883854,2025-07-07 15:30:28.278883854,RGM_0052393,1,8.367025931334054e-05,False,False
N052_C0002759,52,2025-07-07 15:30:27.803883854,2025-07-07 15:30:28.328883854,2025-07-07 15:30:28.278883854,RGM_0052395,1,4.172134945540363e-05,False,False
N052_C0002760,52,2025-07-07 15:30:30.653883854,2025-07-07 15:30:30.978883854,2025-07-07 15:30:30.928883854,RGM_0052410,2,3.85095825900114e-05,False,False
N052_C0002761,52,2025-07-07 15:30:31.353883854,2025-07-07 15:30:31.478883854,2025-07-07 15:30:31.403883854,RGM_0052415,2,3.431213482251755e-05,False,False
N052_C0002762,52,2025-07-07 15:30:36.003883854,2025-07-07 15:30:36.103883854,2025-07-07 15:30:36.053883854,RGM_0052450,2,6.746686667916722e-05,False,False
N053_C0003140,53,2025-07-07 15:30:35.928883854,2025-07-07 15:30:36.453883854,2025-07-07 15:30:36.053883854,RGM_0052459,1,8.58633223823784e-05,False,False
N053_C0003141,53,2025-07-07 15:30:36.803883854,2025-07-07 15:30:37.328883854,2025-07-07 15:30:37.278883854,RGM_0052480,1,0.0001335432004044,False,False
N056_C0003924,56,2025-07-07 15:30:37.253883854,2025-07-07 15:30:37.303883854,2025-07-07 15:30:37.278883854,RGM_0052479,1,3.622826720528685e-05,False,False
N052_C0002763,52,2025-07-07 15:30:37.053883854,2025-07-07 15:30:37.678883854,2025-07-07 15:30:37.303883854,RGM_0052481,2,0.0001478021438538,False,False
N054_C0003318,54,2025-07-07 15:30:37.053883854,2025-07-07 15:30:37.553883854,2025-07-07 15:30:37.303883854,RGM_0052482,1,0.0001305917379859,False,False
N051_C0002432,51,2025-07-07 15:30:37.178883854,2025-07-07 15:30:38.578883854,2025-07-07 15:30:37.578883854,RGM_0052483,1,0.0001764773193057,False,False
N051_C0002433,51,2025-07-07 15:30:41.678883854,2025-07-07 15:30:42.678883854,2025-07-07 15:30:42.428883854,RGM_0052521,3,0.0001542318876744,False,False
N053_C0003142,53,2025-07-07 15:30:43.828883854,2025-07-07 15:30:44.028883854,2025-07-07 15:30:43.953883854,RGM_0052532,1,5.162465433627453e-05,False,False
N052_C0002764,52,2025-07-07 15:30:43.928883854,2025-07-07 15:30:44.128883854,2025-07-07 15:30:44.003883854,RGM_0052537,1,5.091346722183661e-05,False,False
N051_C0002434,51,2025-07-07 15:30:46.953883854,2025-07-07 15:30:47.528883854,2025-07-07 15:30:46.978883854,RGM_0052556,1,8.727962076849945e-05,False,False
N055_C0003595,55,2025-07-07 15:30:47.328883854,2025-07-07 15:30:47.528883854,2025-07-07 15:30:47.428883854,RGM_0052558,1,4.068038475315491e-05,False,False
N052_C0002765,52,2025-07-07 15:30:47.328883854,2025-07-07 15:30:47.528883854,2025-07-07 15:30:47.478883854,RGM_0052561,1,6.0770249781514485e-05,False,False
N053_C0003143,53,2025-07-07 15:30:47.378883854,2025-07-07 15:30:47.578883854,2025-07-07 15:30:47.478883854,RGM_0052563,1,5.971735906712527e-05,False,False
N054_C0003319,54,2025-07-07 15:30:47.303883854,2025-07-07 15:30:47.803883854,2025-07-07 15:30:47.478883854,RGM_0052564,1,8.845284184956348e-05,False,False
N044_C0002245,44,2025-07-07 15:30:49.353883854,2025-07-07 15:30:49.403883854,2025-07-07 15:30:49.378883854,RGM_0052581,1,4.361045332040083e-06,False,False
N055_C0003596,55,2025-07-07 15:30:49.303883854,2025-07-07 15:30:49.403883854,2025-07-07 15:30:49.378883854,RGM_0052579,1,2.5136979570403712e-05,False,False
N056_C0003925,56,2025-07-07 15:30:49.353883854,2025-07-07 15:30:49.403883854,2025-07-07 15:30:49.378883854,RGM_0052573,1,1.1260154903823667e-05,False,False
N052_C0002766,52,2025-07-07 15:30:48.928883854,2025-07-07 15:30:49.928883854,2025-07-07 15:30:49.403883854,RGM_0052583,2,0.0001628144270565,False,False
N054_C0003320,54,2025-07-07 15:30:49.353883854,2025-07-07 15:30:49.453883854,2025-07-07 15:30:49.403883854,RGM_0052582,1,4.136998995483297e-05,False,False
N055_C0003597,55,2025-07-07 15:30:49.778883854,2025-07-07 15:30:49.978883854,2025-07-07 15:30:49.878883854,RGM_0052589,2,6.94484560509529e-05,False,False
N051_C0002435,51,2025-07-07 15:30:49.853883854,2025-07-07 15:30:49.953883854,2025-07-07 15:30:49.903883854,RGM_0052596,5,0.0001040879034992,False,False
N053_C0003144,53,2025-07-07 15:30:49.853883854,2025-07-07 15:30:49.953883854,2025-07-07 15:30:49.903883854,RGM_0052595,1,0.0001040879034992,False,False
N056_C0003926,56,2025-07-07 15:30:49.853883854,2025-07-07 15:30:49.953883854,2025-07-07 15:30:49.903883854,RGM_0052618,1,3.1650942165632035e-05,False,False
N054_C0003321,54,2025-07-07 15:30:49.828883854,2025-07-07 15:30:50.078883854,2025-07-07 15:30:49.928883854,RGM_0052619,2,0.0001053891534664,False,False
N052_C0002767,52,2025-07-07 15:30:50.178883854,2025-07-07 15:30:50.778883854,2025-07-07 15:30:50.228883854,RGM_0052628,1,5.898039598554144e-05,False,False
N053_C0003145,53,2025-07-07 15:30:51.778883854,2025-07-07 15:30:51.903883854,2025-07-07 15:30:51.828883854,RGM_0052639,1,4.746141042526807e-05,False,False
N052_C0002768,52,2025-07-07 15:30:51.828883854,2025-07-07 15:30:51.953883854,2025-07-07 15:30:51.903883854,RGM_0052644,1,4.78993784418071e-05,False,False
N055_C0003598,55,2025-07-07 15:30:51.828883854,2025-07-07 15:30:52.578883854,2025-07-07 15:30:51.903883854,RGM_0052645,1,4.443110171958173e-05,False,False
N052_C0002769,52,2025-07-07 15:30:54.428883854,2025-07-07 15:30:55.428883854,2025-07-07 15:30:54.928883854,RGM_0052677,3,0.0002002865719419,False,False
N055_C0003599,55,2025-07-07 15:30:54.978883854,2025-07-07 15:30:55.028883854,2025-07-07 15:30:55.003883854,RGM_0052680,1,1.1640384322776644e-05,False,False
N054_C0003322,54,2025-07-07 15:30:55.228883854,2025-07-07 15:30:55.428883854,2025-07-07 15:30:55.328883854,RGM_0052682,1,0.0001206072089542,False,False
N055_C0003600,55,2025-07-07 15:30:55.228883854,2025-07-07 15:30:55.478883854,2025-07-07 15:30:55.378883854,RGM_0052693,2,8.32597639632263e-05,False,False
N054_C0003323,54,2025-07-07 15:30:55.978883854,2025-07-07 15:30:56.178883854,2025-07-07 15:30:56.078883854,RGM_0052699,1,4.829343644334464e-05,False,False
N044_C0002246,44,2025-07-07 15:30:56.078883854,2025-07-07 15:30:56.128883854,2025-07-07 15:30:56.103883854,RGM_0052705,1,5.2856228937487405e-06,False,False
N053_C0003146,53,2025-07-07 15:30:56.053883854,2025-07-07 15:30:56.153883854,2025-07-07 15:30:56.103883854,RGM_0052708,2,4.675211916956259e-05,False,False
N051_C0002436,51,2025-07-07 15:30:56.078883854,2025-07-07 15:30:56.178883854,2025-07-07 15:30:56.128883854,RGM_0052711,1,4.719560123083676e-05,False,False
N052_C0002770,52,2025-07-07 15:30:55.928883854,2025-07-07 15:30:56.428883854,2025-07-07 15:30:56.153883854,RGM_0052715,2,0.0001773208913118,False,False
N044_C0002247,44,2025-07-07 15:30:56.228883854,2025-07-07 15:30:56.428883854,2025-07-07 15:30:56.328883854,RGM_0052734,1,1.6929081019337195e-05,False,False
N051_C0002437,51,2025-07-07 15:30:56.328883854,2025-07-07 15:30:56.428883854,2025-07-07 15:30:56.378883854,RGM_0052771,1,0.0001271162307166,False,False
N052_C0002771,52,2025-07-07 15:30:58.253883854,2025-07-07 15:30:58.353883854,2025-07-07 15:30:58.303883854,RGM_0052796,1,3.4723230691315706e-05,False,False
N053_C0003147,53,2025-07-07 15:30:58.178883854,2025-07-07 15:30:58.678883854,2025-07-07 15:30:58.578883854,RGM_0052799,1,7.771227862602635e-05,False,False
N051_C0002438,51,2025-07-07 15:30:58.078883854,2025-07-07 15:30:59.178883854,2025-07-07 15:30:58.828883854,RGM_0052803,6,0.0001539294497267,False,False
N056_C0003927,56,2025-07-07 15:30:58.778883854,2025-07-07 15:30:58.878883854,2025-07-07 15:30:58.828883854,RGM_0052802,1,1.3115435715327697e-05,False,False
N052_C0002772,52,2025-07-07 15:31:01.028883854,2025-07-07 15:31:01.128883854,2025-07-07 15:31:01.078883854,RGM_0052830,1,2.6368480587717692e-05,False,False
N053_C0003148,53,2025-07-07 15:31:05.928883854,2025-07-07 15:31:06.928883854,2025-07-07 15:31:06.478883854,RGM_0052864,1,0.000116839153903,False,False
N052_C0002773,52,2025-07-07 15:31:06.878883854,2025-07-07 15:31:07.078883854,2025-07-07 15:31:06.953883854,RGM_0052870,1,2.5965614098235597e-05,False,False
N045_C0002268,45,2025-07-07 15:31:13.978883854,2025-07-07 15:31:14.028883854,2025-07-07 15:31:14.003883854,RGM_0052905,1,4.15630597336516e-06,False,False
N053_C0003149,53,2025-07-07 15:31:13.953883854,2025-07-07 15:31:14.053883854,2025-07-07 15:31:14.003883854,RGM_0052903,1,3.2237352528104754e-05,False,False
N055_C0003601,55,2025-07-07 15:31:13.978883854,2025-07-07 15:31:14.028883854,2025-07-07 15:31:14.003883854,RGM_0052902,1,2.4735839031553083e-05,False,False
N043_C0002239,43,2025-07-07 15:31:14.378883854,2025-07-07 15:31:14.478883854,2025-07-07 15:31:14.428883854,RGM_0052916,1,1.4931707879667464e-05,False,False
N045_C0002269,45,2025-07-07 15:31:14.328883854,2025-07-07 15:31:14.528883854,2025-07-07 15:31:14.428883854,RGM_0052911,3,3.0367850587656383e-05,False,False
N056_C0003928,56,2025-07-07 15:31:14.328883854,2025-07-07 15:31:14.528883854,2025-07-07 15:31:14.428883854,RGM_0052920,1,7.119860475828855e-05,False,False
N052_C0002774,52,2025-07-07 15:31:14.428883854,2025-07-07 15:31:14.628883854,2025-07-07 15:31:14.478883854,RGM_0052937,1,0.0001395869251077,False,False
N057_C0004140,57,2025-07-07 15:31:14.428883854,2025-07-07 15:31:14.528883854,2025-07-07 15:31:14.478883854,RGM_0052940,1,6.265760044264209e-05,False,False
N053_C0003150,53,2025-07-07 15:31:14.303883854,2025-07-07 15:31:14.803883854,2025-07-07 15:31:14.528883854,RGM_0052945,1,0.0001612064678229,False,False
N051_C0002439,51,2025-07-07 15:31:13.878883854,2025-07-07 15:31:15.178883854,2025-07-07 15:31:14.678883854,RGM_0052950,10,0.0001843436801044,False,False
N055_C0003602,55,2025-07-07 15:31:14.328883854,2025-07-07 15:31:14.928883854,2025-07-07 15:31:14.678883854,RGM_0052952,3,0.0001364807626839,False,False
N045_C0002270,45,2025-07-07 15:31:14.728883854,2025-07-07 15:31:14.778883854,2025-07-07 15:31:14.753883854,RGM_0052957,2,4.304804972725832e-06,False,False
N052_C0002775,52,2025-07-07 15:31:14.728883854,2025-07-07 15:31:14.778883854,2025-07-07 15:31:14.753883854,RGM_0052959,1,1.833762561733143e-05,False,False
N056_C0003929,56,2025-07-07 15:31:14.728883854,2025-07-07 15:31:14.778883854,2025-07-07 15:31:14.753883854,RGM_0052954,1,7.711928462681557e-06,False,False
N051_C0002440,51,2025-07-07 15:31:17.003883854,2025-07-07 15:31:17.128883854,2025-07-07 15:31:17.103883854,RGM_0052972,1,2.683512218336622e-05,False,False
N055_C0003603,55,2025-07-07 15:31:16.928883854,2025-07-07 15:31:17.428883854,2025-07-07 15:31:17.178883854,RGM_0052975,2,7.195332077318328e-05,False,False
N056_C0003930,56,2025-07-07 15:31:17.228883854,2025-07-07 15:31:17.328883854,2025-07-07 15:31:17.253883854,RGM_0052979,1,1.5222728746071417e-05,False,False
N053_C0003151,53,2025-07-07 15:31:21.378883854,2025-07-07 15:31:21.478883854,2025-07-07 15:31:21.428883854,RGM_0053019,1,3.281079911003423e-05,False,False
N052_C0002776,52,2025-07-07 15:31:21.328883854,2025-07-07 15:31:22.128883854,2025-07-07 15:31:21.453883854,RGM_0053020,1,6.018198434073988e-05,False,False
N052_C0002777,52,2025-07-07 15:31:22.278883854,2025-07-07 15:31:22.478883854,2025-07-07 15:31:22.378883854,RGM_0053032,1,4.5837568186244434e-05,False,False
N053_C0003152,53,2025-07-07 15:31:22.328883854,2025-07-07 15:31:22.528883854,2025-07-07 15:31:22.378883854,RGM_0053033,1,4.57472071734543e-05,False,False
N031_C0001444,31,2025-07-07 15:31:23.803883854,2025-07-07 15:31:24.303883854,2025-07-07 15:31:23.953883854,RGM_0053047,1,0.0010542344365997,False,False
N008_C0000480,8,2025-07-07 15:31:27.053883854,2025-07-07 15:31:27.153883854,2025-07-07 15:31:27.103883854,RGM_0053069,1,7.871476858297808e-05,False,False
N009_C0000536,9,2025-07-07 15:31:26.928883854,2025-07-07 15:31:27.428883854,2025-07-07 15:31:27.153883854,RGM_0053070,1,0.0016846183710763,False,False
N000_C0000009,0,2025-07-07 15:31:27.053883854,2025-07-07 15:31:27.553883854,2025-07-07 15:31:27.303883854,RGM_0053075,2,0.0010529932062811,False,False
N005_C0000143,5,2025-07-07 15:31:24.928883854,2025-07-07 15:31:27.678883854,2025-07-07 15:31:27.328883854,RGM_0053076,3,0.0016211433980318,False,False
N006_C0000407,6,2025-07-07 15:31:27.053883854,2025-07-07 15:31:27.553883854,2025-07-07 15:31:27.328883854,RGM_0053078,1,0.0016772498720027,False,False
N010_C0000619,10,2025-07-07 15:31:27.053883854,2025-07-07 15:31:29.178883854,2025-07-07 15:31:27.678883854,RGM_0053080,3,0.0019487467119718,False,False
N009_C0000537,9,2025-07-07 15:31:28.053883854,2025-07-07 15:31:28.553883854,2025-07-07 15:31:28.328883854,RGM_0053086,1,0.000326054304905,False,False
N005_C0000144,5,2025-07-07 15:31:27.928883854,2025-07-07 15:31:29.003883854,2025-07-07 15:31:28.428883854,RGM_0053088,3,0.0004942554949227,False,False
N054_C0003324,54,2025-07-07 15:31:29.428883854,2025-07-07 15:31:29.628883854,2025-07-07 15:31:29.528883854,RGM_0053094,1,7.191678281015953e-05,False,False
N053_C0003153,53,2025-07-07 15:31:29.553883854,2025-07-07 15:31:29.653883854,2025-07-07 15:31:29.603883854,RGM_0053099,1,6.782360032848512e-05,False,False
N052_C0002778,52,2025-07-07 15:31:29.553883854,2025-07-07 15:31:30.053883854,2025-07-07 15:31:29.978883854,RGM_0053105,2,0.0001056561174207,False,False
N053_C0003154,53,2025-07-07 15:31:29.928883854,2025-07-07 15:31:30.128883854,2025-07-07 15:31:30.003883854,RGM_0053107,1,3.54114464136148e-05,False,False
N052_C0002779,52,2025-07-07 15:31:31.203883854,2025-07-07 15:31:31.303883854,2025-07-07 15:31:31.253883854,RGM_0053117,1,4.559083931005722e-05,False,False
N054_C0003325,54,2025-07-07 15:31:31.178883854,2025-07-07 15:31:31.853883854,2025-07-07 15:31:31.253883854,RGM_0053118,1,7.240924906875437e-05,False,False
N051_C0002441,51,2025-07-07 15:31:32.528883854,2025-07-07 15:31:32.578883854,2025-07-07 15:31:32.553883854,RGM_0053122,1,7.064972720820362e-06,False,False
N000_C0000010,0,2025-07-07 15:31:32.653883854,2025-07-07 15:31:35.328883854,2025-07-07 15:31:32.703883854,RGM_0053123,1,0.0011286348666106,False,False
N009_C0000538,9,2025-07-07 15:31:31.178883854,2025-07-07 15:31:33.678883854,2025-07-07 15:31:32.703883854,RGM_0053124,1,0.0014670378201454,False,False
N055_C0003604,55,2025-07-07 15:31:33.878883854,2025-07-07 15:31:34.078883854,2025-07-07 15:31:33.978883854,RGM_0053134,1,4.742758236682168e-05,False,False
N053_C0003155,53,2025-07-07 15:31:33.953883854,2025-07-07 15:31:34.428883854,2025-07-07 15:31:34.403883854,RGM_0053135,1,0.0001211088083137,False,False
N054_C0003326,54,2025-07-07 15:31:34.378883854,2025-07-07 15:31:34.578883854,2025-07-07 15:31:34.428883854,RGM_0053138,1,6.339094831368668e-05,False,False
N055_C0003605,55,2025-07-07 15:31:34.303883854,2025-07-07 15:31:34.803883854,2025-07-07 15:31:34.678883854,RGM_0053143,1,7.032502261974382e-05,False,False
N006_C0000408,6,2025-07-07 15:31:34.928883854,2025-07-07 15:31:35.928883854,2025-07-07 15:31:35.503883854,RGM_0053148,1,0.0006499566591101,False,False
N000_C0000011,0,2025-07-07 15:31:35.528883854,2025-07-07 15:31:35.653883854,2025-07-07 15:31:35.578883854,RGM_0053152,1,0.0001212271884701,False,False
N005_C0000145,5,2025-07-07 15:31:35.428883854,2025-07-07 15:31:35.728883854,2025-07-07 15:31:35.628883854,RGM_0053153,2,0.0002861270240716,False,False
N009_C0000539,9,2025-07-07 15:31:35.428883854,2025-07-07 15:31:35.928883854,2025-07-07 15:31:35.628883854,RGM_0053154,2,0.0004537548723198,False,False
N005_C0000146,5,2025-07-07 15:31:37.578883854,2025-07-07 15:31:40.578883854,2025-07-07 15:31:39.378883854,RGM_0053179,1,0.000954757691319,False,False
N055_C0003606,55,2025-07-07 15:31:42.253883854,2025-07-07 15:31:42.303883854,2025-07-07 15:31:42.278883854,RGM_0053192,1,3.803744182365931e-05,False,False
N056_C0003931,56,2025-07-07 15:31:42.228883854,2025-07-07 15:31:42.328883854,2025-07-07 15:31:42.278883854,RGM_0053191,1,2.345425299653898e-05,False,False
N052_C0002780,52,2025-07-07 15:31:42.228883854,2025-07-07 15:31:42.503883854,2025-07-07 15:31:42.303883854,RGM_0053196,2,5.400764329391456e-05,False,False
N005_C0000147,5,2025-07-07 15:31:40.903883854,2025-07-07 15:31:43.678883854,2025-07-07 15:31:43.378883854,RGM_0053200,1,0.0009561565565811,False,False
N052_C0002781,52,2025-07-07 15:31:44.203883854,2025-07-07 15:31:44.303883854,2025-07-07 15:31:44.253883854,RGM_0053208,1,3.173907480052919e-05,False,False
N054_C0003327,54,2025-07-07 15:31:44.203883854,2025-07-07 15:31:44.303883854,2025-07-07 15:31:44.253883854,RGM_0053210,1,3.173907480052919e-05,False,False
N052_C0002782,52,2025-07-07 15:31:47.478883854,2025-07-07 15:31:47.728883854,2025-07-07 15:31:47.578883854,RGM_0053247,2,3.066123387230991e-05,False,False
N055_C0003607,55,2025-07-07 15:31:47.553883854,2025-07-07 15:31:47.603883854,2025-07-07 15:31:47.578883854,RGM_0053250,1,2.344296993374793e-05,False,False
N001_C0000072,1,2025-07-07 15:31:47.678883854,2025-07-07 15:31:48.678883854,2025-07-07 15:31:48.178883854,RGM_0053256,2,0.0002349746254416,False,False
N052_C0002783,52,2025-07-07 15:31:47.928883854,2025-07-07 15:31:48.428883854,2025-07-07 15:31:48.303883854,RGM_0053261,2,7.405817657080773e-05,False,False
N053_C0003156,53,2025-07-07 15:31:48.228883854,2025-07-07 15:31:48.428883854,2025-07-07 15:31:48.328883854,RGM_0053265,1,6.515817890707134e-05,False,False
N055_C0003608,55,2025-07-07 15:31:48.303883854,2025-07-07 15:31:48.403883854,2025-07-07 15:31:48.353883854,RGM_0053270,1,5.08470308799254e-05,False,False
N002_C0000076,2,2025-07-07 15:31:48.428883854,2025-07-07 15:31:48.628883854,2025-07-07 15:31:48.528883854,RGM_0053282,1,0.0001888529480344,False,False
N051_C0002442,51,2025-07-07 15:31:49.128883854,2025-07-07 15:31:49.503883854,2025-07-07 15:31:49.228883854,RGM_0053287,1,4.978308901141124e-05,False,False
N052_C0002784,52,2025-07-07 15:31:49.128883854,2025-07-07 15:31:49.328883854,2025-07-07 15:31:49.228883854,RGM_0053289,1,2.731063344247156e-05,False,False
N053_C0003157,53,2025-07-07 15:31:49.203883854,2025-07-07 15:31:49.253883854,2025-07-07 15:31:49.228883854,RGM_0053290,1,2.6018264601842377e-05,False,False
N052_C0002785,52,2025-07-07 15:31:49.453883854,2025-07-07 15:31:49.503883854,2025-07-07 15:31:49.478883854,RGM_0053292,1,2.0325072720444927e-05,False,False
N053_C0003158,53,2025-07-07 15:31:49.728883854,2025-07-07 15:31:49.778883854,2025-07-07 15:31:49.753883854,RGM_0053304,1,3.330780168700352e-05,False,False
N052_C0002786,52,2025-07-07 15:31:49.553883854,2025-07-07 15:31:50.078883854,2025-07-07 15:31:49.778883854,RGM_0053306,3,9.534587612118194e-05,False,False
N053_C0003159,53,2025-07-07 15:31:49.828883854,2025-07-07 15:31:50.078883854,2025-07-07 15:31:49.953883854,RGM_0053311,1,5.261262377791174e-05,False,False
N051_C0002443,51,2025-07-07 15:31:52.378883854,2025-07-07 15:31:53.503883854,2025-07-07 15:31:52.878883854,RGM_0053347,1,7.796442338893748e-05,False,False
N044_C0002248,44,2025-07-07 15:31:56.478883854,2025-07-07 15:31:56.878883854,2025-07-07 15:31:56.678883854,RGM_0053381,1,1.175796561152967e-05,False,False
N053_C0003160,53,2025-07-07 15:31:57.178883854,2025-07-07 15:31:57.678883854,2025-07-07 15:31:57.428883854,RGM_0053385,1,7.380601332107813e-05,False,False
N056_C0003932,56,2025-07-07 15:31:57.403883854,2025-07-07 15:31:57.503883854,2025-07-07 15:31:57.453883854,RGM_0053387,1,1.8251322105406355e-05,False,False
N055_C0003609,55,2025-07-07 15:32:00.128883854,2025-07-07 15:32:00.178883854,2025-07-07 15:32:00.153883854,RGM_0053400,1,3.488298195435621e-05,False,False
N052_C0002787,52,2025-07-07 15:32:02.728883854,2025-07-07 15:32:02.828883854,2025-07-07 15:32:02.778883854,RGM_0053420,1,2.3136972925429315e-05,False,False
N054_C0003328,54,2025-07-07 15:32:02.728883854,2025-07-07 15:32:02.828883854,2025-07-07 15:32:02.778883854,RGM_0053419,1,2.3136972925429315e-05,False,False
N052_C0002788,52,2025-07-07 15:32:05.453883854,2025-07-07 15:32:05.503883854,2025-07-07 15:32:05.478883854,RGM_0053447,1,3.357881083745654e-05,False,False
N054_C0003329,54,2025-07-07 15:32:04.903883854,2025-07-07 15:32:05.528883854,2025-07-07 15:32:05.478883854,RGM_0053444,1,6.875403630001272e-05,False,False
N055_C0003610,55,2025-07-07 15:32:05.453883854,2025-07-07 15:32:05.553883854,2025-07-07 15:32:05.478883854,RGM_0053445,1,2.71860583675077e-05,False,False
N052_C0002789,52,2025-07-07 15:32:09.228883854,2025-07-07 15:32:09.328883854,2025-07-07 15:32:09.278883854,RGM_0053482,1,3.0106754766784228e-05,False,False
N055_C0003611,55,2025-07-07 15:32:09.228883854,2025-07-07 15:32:09.353883854,2025-07-07 15:32:09.278883854,RGM_0053478,2,2.395715662293076e-05,False,False
N051_C0002444,51,2025-07-07 15:32:10.303883854,2025-07-07 15:32:10.353883854,2025-07-07 15:32:10.328883854,RGM_0053485,1,6.205204880199324e-06,False,False
N052_C0002790,52,2025-07-07 15:32:11.578883854,2025-07-07 15:32:11.678883854,2025-07-07 15:32:11.603883854,RGM_0053489,1,4.252882124835097e-05,False,False
N053_C0003161,53,2025-07-07 15:32:11.578883854,2025-07-07 15:32:11.628883854,2025-07-07 15:32:11.603883854,RGM_0053490,1,3.9576435952724856e-05,False,False
N055_C0003612,55,2025-07-07 15:32:11.428883854,2025-07-07 15:32:12.428883854,2025-07-07 15:32:12.003883854,RGM_0053499,1,0.0001114766825456,False,False
N052_C0002791,52,2025-07-07 15:32:11.978883854,2025-07-07 15:32:12.078883854,2025-07-07 15:32:12.028883854,RGM_0053501,2,5.804869880377607e-05,False,False
N054_C0003330,54,2025-07-07 15:32:11.978883854,2025-07-07 15:32:12.078883854,2025-07-07 15:32:12.028883854,RGM_0053502,1,5.804869880377607e-05,False,False
N005_C0000148,5,2025-07-07 15:32:11.928883854,2025-07-07 15:32:12.428883854,2025-07-07 15:32:12.178883854,RGM_0053507,1,0.0005196474649509,False,False
N052_C0002792,52,2025-07-07 15:32:13.653883854,2025-07-07 15:32:13.703883854,2025-07-07 15:32:13.678883854,RGM_0053529,1,3.5635800036978845e-05,False,False
N053_C0003162,53,2025-07-07 15:32:13.653883854,2025-07-07 15:32:13.703883854,2025-07-07 15:32:13.678883854,RGM_0053526,1,3.5635800036978845e-05,False,False
N053_C0003163,53,2025-07-07 15:32:15.003883854,2025-07-07 15:32:15.128883854,2025-07-07 15:32:15.053883854,RGM_0053533,1,3.3443364383019294e-05,False,False
N051_C0002445,51,2025-07-07 15:32:15.503883854,2025-07-07 15:32:15.603883854,2025-07-07 15:32:15.553883854,RGM_0053551,2,4.6966694680047966e-05,False,False
N052_C0002793,52,2025-07-07 15:32:15.478883854,2025-07-07 15:32:15.678883854,2025-07-07 15:32:15.578883854,RGM_0053554,1,4.8239570105960606e-05,False,False
N055_C0003613,55,2025-07-07 15:32:14.678883854,2025-07-07 15:32:16.678883854,2025-07-07 15:32:15.578883854,RGM_0053553,3,0.0001969341565207,False,False
N054_C0003331,54,2025-07-07 15:32:15.953883854,2025-07-07 15:32:16.053883854,2025-07-07 15:32:16.003883854,RGM_0053559,1,5.000603582949378e-05,False,False
N055_C0003614,55,2025-07-07 15:32:20.053883854,2025-07-07 15:32:20.103883854,2025-07-07 15:32:20.078883854,RGM_0053591,1,1.4675996820962397e-05,False,False
N052_C0002794,52,2025-07-07 15:32:20.053883854,2025-07-07 15:32:20.353883854,2025-07-07 15:32:20.103883854,RGM_0053593,2,4.098862604897736e-05,False,False
N052_C0002795,52,2025-07-07 15:32:20.878883854,2025-07-07 15:32:20.928883854,2025-07-07 15:32:20.903883854,RGM_0053599,1,9.042906111989398e-06,False,False
N051_C0002446,51,2025-07-07 15:32:21.428883854,2025-07-07 15:32:21.928883854,2025-07-07 15:32:21.878883854,RGM_0053609,2,6.951337455396968e-05,False,False
N052_C0002796,52,2025-07-07 15:32:21.853883854,2025-07-07 15:32:21.903883854,2025-07-07 15:32:21.878883854,RGM_0053606,1,4.941660469900285e-05,False,False
N054_C0003332,54,2025-07-07 15:32:21.828883854,2025-07-07 15:32:21.928883854,2025-07-07 15:32:21.878883854,RGM_0053612,1,5.019635305007418e-05,False,False
N055_C0003615,55,2025-07-07 15:32:21.853883854,2025-07-07 15:32:21.903883854,2025-07-07 15:32:21.878883854,RGM_0053608,1,3.590283693858337e-05,False,False
N056_C0003933,56,2025-07-07 15:32:21.853883854,2025-07-07 15:32:21.953883854,2025-07-07 15:32:21.903883854,RGM_0053614,1,2.277823198463356e-05,False,False
N051_C0002447,51,2025-07-07 15:32:22.078883854,2025-07-07 15:32:22.128883854,2025-07-07 15:32:22.103883854,RGM_0053615,2,2.6606580083746597e-05,False,False
N053_C0003164,53,2025-07-07 15:32:21.428883854,2025-07-07 15:32:22.428883854,2025-07-07 15:32:22.103883854,RGM_0053620,2,0.0001445183672659,False,False
N052_C0002797,52,2025-07-07 15:32:22.053883854,2025-07-07 15:32:22.328883854,2025-07-07 15:32:22.128883854,RGM_0053621,2,7.12286777799427e-05,False,False
N055_C0003616,55,2025-07-07 15:32:22.078883854,2025-07-07 15:32:22.178883854,2025-07-07 15:32:22.128883854,RGM_0053622,2,1.9800625965122665e-05,False,False
N051_C0002448,51,2025-07-07 15:32:22.753883854,2025-07-07 15:32:22.803883854,2025-07-07 15:32:22.778883854,RGM_0053634,1,3.377661540724405e-05,False,False
N053_C0003165,53,2025-07-07 15:32:22.753883854,2025-07-07 15:32:22.803883854,2025-07-07 15:32:22.778883854,RGM_0053635,1,3.377661540724405e-05,False,False
N055_C0003617,55,2025-07-07 15:32:22.628883854,2025-07-07 15:32:22.878883854,2025-07-07 15:32:22.778883854,RGM_0053633,2,3.153450558890317e-05,False,False
N052_C0002798,52,2025-07-07 15:32:22.753883854,2025-07-07 15:32:22.853883854,2025-07-07 15:32:22.803883854,RGM_0053636,1,3.527260078753794e-05,False,False
N053_C0003166,53,2025-07-07 15:32:23.428883854,2025-07-07 15:32:23.928883854,2025-07-07 15:32:23.678883854,RGM_0053645,2,0.0001019430525561,False,False
N055_C0003618,55,2025-07-07 15:32:23.428883854,2025-07-07 15:32:23.928883854,2025-07-07 15:32:23.678883854,RGM_0053648,4,9.045797286302003e-05,False,False
N044_C0002249,44,2025-07-07 15:32:23.678883854,2025-07-07 15:32:23.728883854,2025-07-07 15:32:23.703883854,RGM_0053673,1,1.4291962834268348e-05,False,False
N052_C0002799,52,2025-07-07 15:32:23.653883854,2025-07-07 15:32:23.753883854,2025-07-07 15:32:23.703883854,RGM_0053686,2,9.097889731519958e-05,False,False
N054_C0003333,54,2025-07-07 15:32:23.653883854,2025-07-07 15:32:23.753883854,2025-07-07 15:32:23.703883854,RGM_0053681,2,9.097889731519958e-05,False,False
N056_C0003934,56,2025-07-07 15:32:23.653883854,2025-07-07 15:32:23.753883854,2025-07-07 15:32:23.703883854,RGM_0053669,2,5.349093339464778e-05,False,False
N051_C0002449,51,2025-07-07 15:32:24.728883854,2025-07-07 15:32:24.778883854,2025-07-07 15:32:24.753883854,RGM_0053698,1,7.250775468225227e-06,False,False
N052_C0002800,52,2025-07-07 15:32:25.503883854,2025-07-07 15:32:25.628883854,2025-07-07 15:32:25.578883854,RGM_0053709,1,3.732664470327343e-05,False,False
N055_C0003619,55,2025-07-07 15:32:25.553883854,2025-07-07 15:32:25.653883854,2025-07-07 15:32:25.578883854,RGM_0053707,1,2.707487198884793e-05,False,False
N052_C0002801,52,2025-07-07 15:32:29.878883854,2025-07-07 15:32:30.328883854,2025-07-07 15:32:30.278883854,RGM_0053735,1,4.678617685142192e-05,False,False
N055_C0003620,55,2025-07-07 15:32:30.403883854,2025-07-07 15:32:30.503883854,2025-07-07 15:32:30.453883854,RGM_0053740,1,1.1281756110233524e-05,False,False
N052_C0002802,52,2025-07-07 15:32:30.578883854,2025-07-07 15:32:30.778883854,2025-07-07 15:32:30.653883854,RGM_0053744,1,2.657878421940372e-05,False,False
N054_C0003334,54,2025-07-07 15:32:33.803883854,2025-07-07 15:32:33.903883854,2025-07-07 15:32:33.853883854,RGM_0053764,1,2.8565832886330632e-05,False,False
N051_C0002450,51,2025-07-07 15:32:33.828883854,2025-07-07 15:32:34.103883854,2025-07-07 15:32:34.053883854,RGM_0053770,1,4.134943146482967e-05,False,False
N054_C0003335,54,2025-07-07 15:32:34.803883854,2025-07-07 15:32:34.903883854,2025-07-07 15:32:34.853883854,RGM_0053772,1,4.230900343092456e-05,False,False
N054_C0003336,54,2025-07-07 15:32:36.378883854,2025-07-07 15:32:36.453883854,2025-07-07 15:32:36.428883854,RGM_0053797,1,3.10341284588708e-05,False,False
N055_C0003621,55,2025-07-07 15:32:36.378883854,2025-07-07 15:32:36.478883854,2025-07-07 15:32:36.428883854,RGM_0053794,1,2.262008353605373e-05,False,False
N053_C0003167,53,2025-07-07 15:32:36.378883854,2025-07-07 15:32:36.828883854,2025-07-07 15:32:36.778883854,RGM_0053801,1,6.114239979897071e-05,False,False
N054_C0003337,54,2025-07-07 15:32:36.753883854,2025-07-07 15:32:36.853883854,2025-07-07 15:32:36.803883854,RGM_0053803,1,2.28919665274148e-05,False,False
N054_C0003338,54,2025-07-07 15:32:37.428883854,2025-07-07 15:32:37.528883854,2025-07-07 15:32:37.453883854,RGM_0053813,1,2.0558445402579824e-05,False,False
N056_C0003935,56,2025-07-07 15:32:37.278883854,2025-07-07 15:32:37.478883854,2025-07-07 15:32:37.453883854,RGM_0053809,1,1.15889667709069e-05,False,False
N005_C0000149,5,2025-07-07 15:32:39.678883854,2025-07-07 15:32:41.678883854,2025-07-07 15:32:40.678883854,RGM_0053837,1,0.0009094279795918,False,False
N006_C0000409,6,2025-07-07 15:32:40.678883854,2025-07-07 15:32:42.153883854,2025-07-07 15:32:41.103883854,RGM_0053843,1,0.0005749915120485,False,False
N052_C0002803,52,2025-07-07 15:32:42.828883854,2025-07-07 15:32:42.928883854,2025-07-07 15:32:42.878883854,RGM_0053858,1,5.220391020085557e-05,False,False
N053_C0003168,53,2025-07-07 15:32:42.878883854,2025-07-07 15:32:42.928883854,2025-07-07 15:32:42.903883854,RGM_0053859,1,5.067595483018499e-05,False,False
N055_C0003622,55,2025-07-07 15:32:42.878883854,2025-07-07 15:32:42.928883854,2025-07-07 15:32:42.903883854,RGM_0053863,1,4.345977294172349e-05,False,False
N051_C0002451,51,2025-07-07 15:32:42.728883854,2025-07-07 15:32:43.303883854,2025-07-07 15:32:42.978883854,RGM_0053864,6,0.0001243819057108,False,False
N054_C0003339,54,2025-07-07 15:32:42.428883854,2025-07-07 15:32:43.428883854,2025-07-07 15:32:42.978883854,RGM_0053865,1,0.0001388459027687,False,False
N052_C0002804,52,2025-07-07 15:32:43.028883854,2025-07-07 15:32:43.128883854,2025-07-07 15:32:43.078883854,RGM_0053868,1,3.670001142150842e-05,False,False
N053_C0003169,53,2025-07-07 15:32:43.053883854,2025-07-07 15:32:43.303883854,2025-07-07 15:32:43.253883854,RGM_0053874,1,6.746286716791583e-05,False,False
N052_C0002805,52,2025-07-07 15:32:43.253883854,2025-07-07 15:32:43.303883854,2025-07-07 15:32:43.278883854,RGM_0053876,1,2.9914328900133757e-05,False,False
N055_C0003623,55,2025-07-07 15:32:43.228883854,2025-07-07 15:32:43.353883854,2025-07-07 15:32:43.278883854,RGM_0053875,1,2.581076699280645e-05,False,False
N056_C0003936,56,2025-07-07 15:32:43.253883854,2025-07-07 15:32:43.303883854,2025-07-07 15:32:43.278883854,RGM_0053879,1,1.7314570530344743e-05,False,False
N005_C0000150,5,2025-07-07 15:32:42.803883854,2025-07-07 15:32:45.103883854,2025-07-07 15:32:43.628883854,RGM_0053881,1,0.0005940566275489,False,False
N000_C0000012,0,2025-07-07 15:32:49.178883854,2025-07-07 15:32:51.178883854,2025-07-07 15:32:50.503883854,RGM_0053922,1,0.0007547140295592,False,False
N005_C0000151,5,2025-07-07 15:32:50.953883854,2025-07-07 15:32:51.578883854,2025-07-07 15:32:51.003883854,RGM_0053926,1,0.0003665488122069,False,False
N052_C0002806,52,2025-07-07 15:32:55.053883854,2025-07-07 15:32:55.153883854,2025-07-07 15:32:55.103883854,RGM_0053979,1,3.5121246727390544e-05,False,False
N053_C0003170,53,2025-07-07 15:32:55.078883854,2025-07-07 15:32:55.128883854,2025-07-07 15:32:55.103883854,RGM_0053976,1,3.4568823622502405e-05,False,False
N054_C0003340,54,2025-07-07 15:32:54.428883854,2025-07-07 15:32:55.428883854,2025-07-07 15:32:55.103883854,RGM_0053974,1,0.0001803066631278,False,False
N056_C0003937,56,2025-07-07 15:32:55.078883854,2025-07-07 15:32:55.128883854,2025-07-07 15:32:55.103883854,RGM_0053973,1,1.762298887015637e-05,False,False
N055_C0003624,55,2025-07-07 15:32:54.928883854,2025-07-07 15:32:55.478883854,2025-07-07 15:32:55.128883854,RGM_0053986,3,8.873415690069203e-05,False,False
N051_C0002452,51,2025-07-07 15:32:54.928883854,2025-07-07 15:32:55.428883854,2025-07-07 15:32:55.178883854,RGM_0053987,5,0.0001038394778202,False,False
N054_C0003341,54,2025-07-07 15:32:55.978883854,2025-07-07 15:32:56.178883854,2025-07-07 15:32:56.028883854,RGM_0054028,1,2.6036436605681567e-05,False,False
N056_C0003938,56,2025-07-07 15:32:57.803883854,2025-07-07 15:32:58.328883854,2025-07-07 15:32:58.278883854,RGM_0054047,1,2.6375641576808147e-05,False,False
N053_C0003171,53,2025-07-07 15:32:58.528883854,2025-07-07 15:32:58.628883854,2025-07-07 15:32:58.578883854,RGM_0054052,1,2.2783002271185476e-05,False,False
N055_C0003625,55,2025-07-07 15:32:58.528883854,2025-07-07 15:32:58.628883854,2025-07-07 15:32:58.578883854,RGM_0054049,1,1.6715602979100978e-05,False,False
N051_C0002453,51,2025-07-07 15:33:00.103883854,2025-07-07 15:33:00.153883854,2025-07-07 15:33:00.128883854,RGM_0054063,1,3.147555937711675e-05,False,False
N052_C0002807,52,2025-07-07 15:32:59.928883854,2025-07-07 15:33:00.153883854,2025-07-07 15:33:00.128883854,RGM_0054064,1,6.154172711868511e-05,False,False
N051_C0002454,51,2025-07-07 15:33:00.203883854,2025-07-07 15:33:00.428883854,2025-07-07 15:33:00.228883854,RGM_0054066,4,6.902998484343141e-05,False,False
N055_C0003626,55,2025-07-07 15:32:59.928883854,2025-07-07 15:33:00.478883854,2025-07-07 15:33:00.228883854,RGM_0054067,4,0.0001087119340132,False,False
N052_C0002808,52,2025-07-07 15:33:00.353883854,2025-07-07 15:33:00.453883854,2025-07-07 15:33:00.403883854,RGM_0054073,1,4.293851894881996e-05,False,False
N057_C0004141,57,2025-07-07 15:33:00.378883854,2025-07-07 15:33:00.428883854,2025-07-07 15:33:00.403883854,RGM_0054071,1,1.4801235513942767e-05,False,False
N055_C0003627,55,2025-07-07 15:33:01.003883854,2025-07-07 15:33:01.103883854,2025-07-07 15:33:01.053883854,RGM_0054081,1,2.076080883723526e-05,False,False
N052_C0002809,52,2025-07-07 15:33:01.028883854,2025-07-07 15:33:01.228883854,2025-07-07 15:33:01.078883854,RGM_0054084,1,2.8949181720829048e-05,False,False
N055_C0003628,55,2025-07-07 15:33:02.178883854,2025-07-07 15:33:02.378883854,2025-07-07 15:33:02.303883854,RGM_0054088,1,2.7619629995570927e-05,False,False
N052_C0002810,52,2025-07-07 15:33:02.278883854,2025-07-07 15:33:02.753883854,2025-07-07 15:33:02.328883854,RGM_0054092,2,6.940327333665279e-05,False,False
N055_C0003629,55,2025-07-07 15:33:02.678883854,2025-07-07 15:33:02.728883854,2025-07-07 15:33:02.703883854,RGM_0054093,1,2.2482270868238293e-05,False,False
N005_C0000152,5,2025-07-07 15:33:02.278883854,2025-07-07 15:33:06.178883854,2025-07-07 15:33:03.828883854,RGM_0054102,2,0.0013093513508037,False,False
N052_C0002811,52,2025-07-07 15:33:04.378883854,2025-07-07 15:33:04.428883854,2025-07-07 15:33:04.403883854,RGM_0054103,1,1.650973774045056e-05,False,False
N053_C0003172,53,2025-07-07 15:33:04.128883854,2025-07-07 15:33:04.428883854,2025-07-07 15:33:04.403883854,RGM_0054105,1,2.3253125525914427e-05,False,False
N056_C0003939,56,2025-07-07 15:33:04.378883854,2025-07-07 15:33:04.428883854,2025-07-07 15:33:04.403883854,RGM_0054106,1,8.250473236502152e-06,False,False
N052_C0002812,52,2025-07-07 15:33:04.603883854,2025-07-07 15:33:04.703883854,2025-07-07 15:33:04.653883854,RGM_0054110,1,2.165422748893036e-05,False,False
N051_C0002455,51,2025-07-07 15:33:06.203883854,2025-07-07 15:33:06.303883854,2025-07-07 15:33:06.278883854,RGM_0054122,2,3.545025951966276e-05,False,False
N055_C0003630,55,2025-07-07 15:33:06.228883854,2025-07-07 15:33:06.328883854,2025-07-07 15:33:06.278883854,RGM_0054121,1,2.863174273801356e-05,False,False
N056_C0003940,56,2025-07-07 15:33:06.178883854,2025-07-07 15:33:06.378883854,2025-07-07 15:33:06.278883854,RGM_0054123,1,2.067584699063681e-05,False,False
N052_C0002813,52,2025-07-07 15:33:06.228883854,2025-07-07 15:33:06.903883854,2025-07-07 15:33:06.303883854,RGM_0054125,1,7.509891795311069e-05,False,False
N051_C0002456,51,2025-07-07 15:33:06.828883854,2025-07-07 15:33:07.228883854,2025-07-07 15:33:07.203883854,RGM_0054129,1,3.785989427518452e-05,False,False
N052_C0002814,52,2025-07-07 15:33:08.053883854,2025-07-07 15:33:08.153883854,2025-07-07 15:33:08.103883854,RGM_0054135,1,6.279902047967391e-05,False,False
N053_C0003173,53,2025-07-07 15:33:08.078883854,2025-07-07 15:33:08.128883854,2025-07-07 15:33:08.103883854,RGM_0054133,1,6.23578107601294e-05,False,False
N052_C0002815,52,2025-07-07 15:33:10.203883854,2025-07-07 15:33:10.303883854,2025-07-07 15:33:10.253883854,RGM_0054156,2,2.840445589510127e-05,False,False
N053_C0003174,53,2025-07-07 15:33:10.203883854,2025-07-07 15:33:10.303883854,2025-07-07 15:33:10.253883854,RGM_0054169,1,2.840445589510127e-05,False,False
N054_C0003342,54,2025-07-07 15:33:10.203883854,2025-07-07 15:33:10.303883854,2025-07-07 15:33:10.253883854,RGM_0054149,1,2.840445589510127e-05,False,False
N055_C0003631,55,2025-07-07 15:33:10.228883854,2025-07-07 15:33:10.278883854,2025-07-07 15:33:10.253883854,RGM_0054163,1,2.069789235083612e-05,False,False
N052_C0002816,52,2025-07-07 15:33:13.228883854,2025-07-07 15:33:13.328883854,2025-07-07 15:33:13.253883854,RGM_0054190,2,1.8903691361127187e-05,False,False
N052_C0002817,52,2025-07-07 15:33:13.428883854,2025-07-07 15:33:13.553883854,2025-07-07 15:33:13.503883854,RGM_0054197,1,4.769044025004602e-05,False,False
N054_C0003343,54,2025-07-07 15:33:13.478883854,2025-07-07 15:33:13.528883854,2025-07-07 15:33:13.503883854,RGM_0054198,1,4.725571639556633e-05,False,False
N052_C0002818,52,2025-07-07 15:33:15.778883854,2025-07-07 15:33:16.128883854,2025-07-07 15:33:16.078883854,RGM_0054221,1,4.088411606998373e-05,False,False
N051_C0002457,51,2025-07-07 15:33:16.028883854,2025-07-07 15:33:16.553883854,2025-07-07 15:33:16.503883854,RGM_0054226,1,4.649541075831474e-05,False,False
N052_C0002819,52,2025-07-07 15:33:20.403883854,2025-07-07 15:33:20.503883854,2025-07-07 15:33:20.428883854,RGM_0054236,1,3.0440449468214675e-05,False,False
N052_C0002820,52,2025-07-07 15:33:21.378883854,2025-07-07 15:33:21.578883854,2025-07-07 15:33:21.478883854,RGM_0054257,1,3.624970126787156e-05,False,False
N053_C0003175,53,2025-07-07 15:33:21.453883854,2025-07-07 15:33:21.503883854,2025-07-07 15:33:21.478883854,RGM_0054255,1,3.481682124375933e-05,False,False
N055_C0003632,55,2025-07-07 15:33:21.378883854,2025-07-07 15:33:22.153883854,2025-07-07 15:33:21.478883854,RGM_0054258,1,5.525144595197789e-05,False,False
N056_C0003941,56,2025-07-07 15:33:21.378883854,2025-07-07 15:33:21.578883854,2025-07-07 15:33:21.478883854,RGM_0054253,1,2.4282880436593168e-05,False,False
N005_C0000153,5,2025-07-07 15:33:22.428883854,2025-07-07 15:33:22.528883854,2025-07-07 15:33:22.478883854,RGM_0054266,1,3.4141678126135564e-05,False,False
N052_C0002821,52,2025-07-07 15:33:23.578883854,2025-07-07 15:33:24.253883854,2025-07-07 15:33:24.203883854,RGM_0054280,1,5.426376848197746e-05,False,False
N055_C0003633,55,2025-07-07 15:33:24.678883854,2025-07-07 15:33:25.178883854,2025-07-07 15:33:25.028883854,RGM_0054289,1,5.8663733301562495e-05,False,False
N051_C0002458,51,2025-07-07 15:33:25.053883854,2025-07-07 15:33:25.178883854,2025-07-07 15:33:25.103883854,RGM_0054301,3,5.865597543495932e-05,False,False
N054_C0003344,54,2025-07-07 15:33:25.078883854,2025-07-07 15:33:25.128883854,2025-07-07 15:33:25.103883854,RGM_0054298,1,5.81852706724032e-05,False,False
N056_C0003942,56,2025-07-07 15:33:25.053883854,2025-07-07 15:33:25.153883854,2025-07-07 15:33:25.103883854,RGM_0054293,1,3.758912694752465e-05,False,False
N053_C0003176,53,2025-07-07 15:33:25.028883854,2025-07-07 15:33:25.553883854,2025-07-07 15:33:25.128883854,RGM_0054302,1,7.815975603315208e-05,False,False
N052_C0002822,52,2025-07-07 15:33:25.578883854,2025-07-07 15:33:25.678883854,2025-07-07 15:33:25.628883854,RGM_0054310,1,1.7191949054503038e-05,False,False
N053_C0003177,53,2025-07-07 15:33:25.578883854,2025-07-07 15:33:25.678883854,2025-07-07 15:33:25.628883854,RGM_0054309,1,1.7191949054503038e-05,False,False
N056_C0003943,56,2025-07-07 15:33:25.603883854,2025-07-07 15:33:25.653883854,2025-07-07 15:33:25.628883854,RGM_0054307,1,8.894687492584334e-06,False,False
N052_C0002823,52,2025-07-07 15:33:27.978883854,2025-07-07 15:33:28.178883854,2025-07-07 15:33:28.078883854,RGM_0054327,2,3.215568682627873e-05,False,False
N053_C0003178,53,2025-07-07 15:33:27.978883854,2025-07-07 15:33:28.178883854,2025-07-07 15:33:28.078883854,RGM_0054320,1,3.215568682627873e-05,False,False
N055_C0003634,55,2025-07-07 15:33:28.053883854,2025-07-07 15:33:28.103883854,2025-07-07 15:33:28.078883854,RGM_0054324,1,2.6274816981256395e-05,False,False
N051_C0002459,51,2025-07-07 15:33:28.728883854,2025-07-07 15:33:30.278883854,2025-07-07 15:33:29.578883854,RGM_0054343,1,9.80998664410628e-05,False,False
N052_C0002824,52,2025-07-07 15:33:31.128883854,2025-07-07 15:33:31.228883854,2025-07-07 15:33:31.178883854,RGM_0054372,1,5.201497835617181e-05,False,False
N055_C0003635,55,2025-07-07 15:33:31.028883854,2025-07-07 15:33:31.553883854,2025-07-07 15:33:31.303883854,RGM_0054392,2,5.72796925136206e-05,False,False
N055_C0003636,55,2025-07-07 15:33:34.403883854,2025-07-07 15:33:34.503883854,2025-07-07 15:33:34.453883854,RGM_0054419,1,3.779954399123159e-05,False,False
N056_C0003944,56,2025-07-07 15:33:35.978883854,2025-07-07 15:33:36.028883854,2025-07-07 15:33:36.003883854,RGM_0054431,1,5.876170081838477e-06,False,False
N052_C0002825,52,2025-07-07 15:33:35.803883854,2025-07-07 15:33:36.428883854,2025-07-07 15:33:36.228883854,RGM_0054435,3,7.083875530803128e-05,False,False
N052_C0002826,52,2025-07-07 15:33:37.328883854,2025-07-07 15:33:37.903883854,2025-07-07 15:33:37.378883854,RGM_0054455,1,4.864814589656333e-05,False,False
N052_C0002827,52,2025-07-07 15:33:38.578883854,2025-07-07 15:33:38.778883854,2025-07-07 15:33:38.678883854,RGM_0054464,1,4.4887361409321767e-05,False,False
N051_C0002460,51,2025-07-07 15:33:39.103883854,2025-07-07 15:33:39.153883854,2025-07-07 15:33:39.128883854,RGM_0054483,1,1.2221893909786725e-05,False,False
N055_C0003637,55,2025-07-07 15:33:38.628883854,2025-07-07 15:33:39.153883854,2025-07-07 15:33:39.128883854,RGM_0054482,3,5.510748444908855e-05,False,False
N055_C0003638,55,2025-07-07 15:33:39.428883854,2025-07-07 15:33:39.528883854,2025-07-07 15:33:39.478883854,RGM_0054491,1,2.3385677617441485e-05,False,False
N051_C0002461,51,2025-07-07 15:33:39.428883854,2025-07-07 15:33:39.928883854,2025-07-07 15:33:39.678883854,RGM_0054494,11,9.451474654439746e-05,False,False
N052_C0002828,52,2025-07-07 15:33:39.653883854,2025-07-07 15:33:39.703883854,2025-07-07 15:33:39.678883854,RGM_0054504,1,3.637986639398939e-05,False,False
N053_C0003179,53,2025-07-07 15:33:39.428883854,2025-07-07 15:33:39.928883854,2025-07-07 15:33:39.678883854,RGM_0054500,1,9.451474654439746e-05,False,False
N056_C0003945,56,2025-07-07 15:33:39.428883854,2025-07-07 15:33:39.928883854,2025-07-07 15:33:39.678883854,RGM_0054497,1,6.29040128905476e-05,False,False
N055_C0003639,55,2025-07-07 15:33:39.653883854,2025-07-07 15:33:39.753883854,2025-07-07 15:33:39.703883854,RGM_0054510,1,3.1751542600561746e-05,False,False
N057_C0004142,57,2025-07-07 15:33:39.653883854,2025-07-07 15:33:39.753883854,2025-07-07 15:33:39.703883854,RGM_0054507,1,1.6557672545816118e-05,False,False
N052_C0002829,52,2025-07-07 15:33:42.428883854,2025-07-07 15:33:42.628883854,2025-07-07 15:33:42.578883854,RGM_0054537,1,2.171253433438397e-05,False,False
N055_C0003640,55,2025-07-07 15:33:42.528883854,2025-07-07 15:33:42.628883854,2025-07-07 15:33:42.578883854,RGM_0054538,1,1.5841067601466837e-05,False,False
N052_C0002830,52,2025-07-07 15:33:42.828883854,2025-07-07 15:33:43.028883854,2025-07-07 15:33:42.928883854,RGM_0054549,1,3.120837988549384e-05,False,False
N054_C0003345,54,2025-07-07 15:33:42.903883854,2025-07-07 15:33:42.953883854,2025-07-07 15:33:42.928883854,RGM_0054546,1,2.9697807018271383e-05,False,False
N055_C0003641,55,2025-07-07 15:33:42.828883854,2025-07-07 15:33:43.028883854,2025-07-07 15:33:42.928883854,RGM_0054543,1,3.0197331603393584e-05,False,False
N056_C0003946,56,2025-07-07 15:33:42.903883854,2025-07-07 15:33:42.953883854,2025-07-07 15:33:42.928883854,RGM_0054544,1,2.129634198880583e-05,False,False
N054_C0003346,54,2025-07-07 15:33:43.478883854,2025-07-07 15:33:43.528883854,2025-07-07 15:33:43.503883854,RGM_0054559,1,1.1988131368795251e-05,False,False
N055_C0003642,55,2025-07-07 15:33:43.478883854,2025-07-07 15:33:43.578883854,2025-07-07 15:33:43.528883854,RGM_0054560,1,1.2122429232931584e-05,False,False
N006_C0000410,6,2025-07-07 15:33:49.178883854,2025-07-07 15:33:49.228883854,2025-07-07 15:33:49.203883854,RGM_0054608,1,0.0001421971367954,False,False
N008_C0000481,8,2025-07-07 15:33:49.178883854,2025-07-07 15:33:49.278883854,2025-07-07 15:33:49.203883854,RGM_0054607,1,0.0001651938207705,False,False
N053_C0003180,53,2025-07-07 15:33:49.553883854,2025-07-07 15:33:50.053883854,2025-07-07 15:33:49.803883854,RGM_0054614,2,7.471184763341015e-05,False,False
N055_C0003643,55,2025-07-07 15:33:49.378883854,2025-07-07 15:33:50.053883854,2025-07-07 15:33:49.803883854,RGM_0054615,1,6.097011528990829e-05,False,False
N052_C0002831,52,2025-07-07 15:33:49.978883854,2025-07-07 15:33:50.078883854,2025-07-07 15:33:50.003883854,RGM_0054622,1,3.904624507570772e-05,False,False
N056_C0003947,56,2025-07-07 15:33:50.778883854,2025-07-07 15:33:51.028883854,2025-07-07 15:33:50.853883854,RGM_0054626,1,2.011262391065336e-05,False,False
N052_C0002832,52,2025-07-07 15:33:51.378883854,2025-07-07 15:33:51.478883854,2025-07-07 15:33:51.428883854,RGM_0054635,1,4.751014372059494e-05,False,False
N054_C0003347,54,2025-07-07 15:33:51.378883854,2025-07-07 15:33:51.478883854,2025-07-07 15:33:51.428883854,RGM_0054636,1,4.751014372059494e-05,False,False
N052_C0002833,52,2025-07-07 15:33:53.428883854,2025-07-07 15:33:53.528883854,2025-07-07 15:33:53.478883854,RGM_0054688,1,2.9014252500776256e-05,False,False
N055_C0003644,55,2025-07-07 15:33:55.128883854,2025-07-07 15:33:55.328883854,2025-07-07 15:33:55.178883854,RGM_0054725,1,2.6472396581424367e-05,False,False
N056_C0003948,56,2025-07-07 15:33:55.128883854,2025-07-07 15:33:55.228883854,2025-07-07 15:33:55.178883854,RGM_0054726,1,1.849462600427162e-05,False,False
N055_C0003645,55,2025-07-07 15:33:55.728883854,2025-07-07 15:33:55.928883854,2025-07-07 15:33:55.828883854,RGM_0054778,1,9.588415640846296e-05,False,False
N051_C0002462,51,2025-07-07 15:33:56.078883854,2025-07-07 15:33:56.128883854,2025-07-07 15:33:56.103883854,RGM_0054792,1,1.0701848859991472e-05,False,False
N055_C0003646,55,2025-07-07 15:33:56.078883854,2025-07-07 15:33:56.353883854,2025-07-07 15:33:56.103883854,RGM_0054793,1,1.5359771805185975e-05,False,False
N052_C0002834,52,2025-07-07 15:33:57.653883854,2025-07-07 15:33:57.703883854,2025-07-07 15:33:57.678883854,RGM_0054804,1,1.3949561780206e-05,False,False
N053_C0003181,53,2025-07-07 15:33:57.653883854,2025-07-07 15:33:57.928883854,2025-07-07 15:33:57.678883854,RGM_0054806,2,4.7436547757543375e-05,False,False
N055_C0003647,55,2025-07-07 15:33:57.653883854,2025-07-07 15:33:57.703883854,2025-07-07 15:33:57.678883854,RGM_0054803,1,1.0315719292837817e-05,False,False
N005_C0000154,5,2025-07-07 15:33:57.253883854,2025-07-07 15:33:59.253883854,2025-07-07 15:33:57.803883854,RGM_0054817,3,0.0005321164349478,False,False
N055_C0003648,55,2025-07-07 15:33:57.828883854,2025-07-07 15:33:57.878883854,2025-07-07 15:33:57.853883854,RGM_0054824,1,2.597228368610456e-05,False,False
N056_C0003949,56,2025-07-07 15:33:57.828883854,2025-07-07 15:33:57.878883854,2025-07-07 15:33:57.853883854,RGM_0054819,1,1.9591024402325476e-05,False,False
N052_C0002835,52,2025-07-07 15:33:57.828883854,2025-07-07 15:33:57.928883854,2025-07-07 15:33:57.878883854,RGM_0054830,2,3.2703837605791755e-05,False,False
N054_C0003348,54,2025-07-07 15:33:57.828883854,2025-07-07 15:33:57.928883854,2025-07-07 15:33:57.878883854,RGM_0054829,1,3.2703837605791755e-05,False,False
N051_C0002463,51,2025-07-07 15:34:00.178883854,2025-07-07 15:34:01.553883854,2025-07-07 15:34:00.578883854,RGM_0054844,7,0.000122724763024,False,False
N052_C0002836,52,2025-07-07 15:33:59.153883854,2025-07-07 15:34:00.603883854,2025-07-07 15:34:00.578883854,RGM_0054839,1,6.713561001625786e-05,False,False
N055_C0003649,55,2025-07-07 15:34:00.553883854,2025-07-07 15:34:00.603883854,2025-07-07 15:34:00.578883854,RGM_0054841,1,1.5292821457402607e-05,False,False
N053_C0003182,53,2025-07-07 15:34:01.128883854,2025-07-07 15:34:01.228883854,2025-07-07 15:34:01.178883854,RGM_0054859,1,8.602130080944672e-05,False,False
N055_C0003650,55,2025-07-07 15:34:01.128883854,2025-07-07 15:34:01.228883854,2025-07-07 15:34:01.178883854,RGM_0054857,1,6.492197536444425e-05,False,False
N056_C0003950,56,2025-07-07 15:34:01.153883854,2025-07-07 15:34:01.203883854,2025-07-07 15:34:01.178883854,RGM_0054855,1,4.41371131271284e-05,False,False
N052_C0002837,52,2025-07-07 15:34:01.128883854,2025-07-07 15:34:01.328883854,2025-07-07 15:34:01.203883854,RGM_0054863,2,8.729770545623142e-05,False,False
N051_C0002464,51,2025-07-07 15:34:02.153883854,2025-07-07 15:34:02.203883854,2025-07-07 15:34:02.178883854,RGM_0054867,1,5.768489602464798e-06,False,False
N052_C0002838,52,2025-07-07 15:34:03.803883854,2025-07-07 15:34:04.303883854,2025-07-07 15:34:04.053883854,RGM_0054884,1,8.413367953146163e-05,False,False
N056_C0003951,56,2025-07-07 15:34:03.803883854,2025-07-07 15:34:04.303883854,2025-07-07 15:34:04.053883854,RGM_0054881,1,5.160450455275282e-05,False,False
N051_C0002465,51,2025-07-07 15:34:04.928883854,2025-07-07 15:34:05.128883854,2025-07-07 15:34:05.028883854,RGM_0054896,2,5.1048777171999285e-05,False,False
N056_C0003952,56,2025-07-07 15:34:04.928883854,2025-07-07 15:34:05.428883854,2025-07-07 15:34:05.078883854,RGM_0054900,1,6.053971866247049e-05,False,False
N052_C0002839,52,2025-07-07 15:34:05.228883854,2025-07-07 15:34:05.353883854,2025-07-07 15:34:05.303883854,RGM_0054904,1,3.568067490135388e-05,False,False
N052_C0002840,52,2025-07-07 15:34:10.128883854,2025-07-07 15:34:10.353883854,2025-07-07 15:34:10.303883854,RGM_0054928,1,2.694955562669347e-05,False,False
N052_C0002841,52,2025-07-07 15:34:10.653883854,2025-07-07 15:34:11.528883854,2025-07-07 15:34:10.703883854,RGM_0054936,3,6.302213187881011e-05,False,False
N055_C0003651,55,2025-07-07 15:34:11.253883854,2025-07-07 15:34:11.353883854,2025-07-07 15:34:11.303883854,RGM_0054945,1,2.7627905543845754e-05,False,False
N055_C0003652,55,2025-07-07 15:34:16.328883854,2025-07-07 15:34:16.378883854,2025-07-07 15:34:16.353883854,RGM_0054976,1,2.5446457908675336e-05,False,False
N052_C0002842,52,2025-07-07 15:34:16.253883854,2025-07-07 15:34:16.628883854,2025-07-07 15:34:16.378883854,RGM_0054978,3,5.695478799352401e-05,False,False
N055_C0003653,55,2025-07-07 15:34:16.478883854,2025-07-07 15:34:16.678883854,2025-07-07 15:34:16.603883854,RGM_0054985,1,2.056601702822416e-05,False,False
N052_C0002843,52,2025-07-07 15:34:18.878883854,2025-07-07 15:34:19.703883854,2025-07-07 15:34:19.378883854,RGM_0055005,3,4.279118328798125e-05,False,False
N055_C0003654,55,2025-07-07 15:34:19.628883854,2025-07-07 15:34:19.728883854,2025-07-07 15:34:19.678883854,RGM_0055017,1,1.3938037190621443e-05,False,False
N005_C0000155,5,2025-07-07 15:34:20.853883854,2025-07-07 15:34:20.953883854,2025-07-07 15:34:20.878883854,RGM_0055026,1,0.0001022576643317,False,False
N055_C0003655,55,2025-07-07 15:34:21.578883854,2025-07-07 15:34:21.828883854,2025-07-07 15:34:21.778883854,RGM_0055034,1,3.445367392523369e-05,False,False
N051_C0002466,51,2025-07-07 15:34:21.553883854,2025-07-07 15:34:22.053883854,2025-07-07 15:34:21.803883854,RGM_0055038,3,6.560938048625221e-05,False,False
N056_C0003953,56,2025-07-07 15:34:21.728883854,2025-07-07 15:34:22.003883854,2025-07-07 15:34:21.803883854,RGM_0055036,2,3.1640159343715294e-05,False,False
N052_C0002844,52,2025-07-07 15:34:21.953883854,2025-07-07 15:34:22.053883854,2025-07-07 15:34:22.003883854,RGM_0055050,2,2.117721346580445e-05,False,False
N055_C0003656,55,2025-07-07 15:34:21.953883854,2025-07-07 15:34:22.803883854,2025-07-07 15:34:22.003883854,RGM_0055049,4,8.0821370729001e-05,False,False
N053_C0003183,53,2025-07-07 15:34:22.528883854,2025-07-07 15:34:22.728883854,2025-07-07 15:34:22.653883854,RGM_0055051,2,7.193286482758045e-05,False,False
N052_C0002845,52,2025-07-07 15:34:22.578883854,2025-07-07 15:34:22.778883854,2025-07-07 15:34:22.678883854,RGM_0055055,1,7.198198969840773e-05,False,False
N054_C0003349,54,2025-07-07 15:34:22.578883854,2025-07-07 15:34:22.778883854,2025-07-07 15:34:22.678883854,RGM_0055053,1,7.198198969840773e-05,False,False
N051_C0002467,51,2025-07-07 15:34:22.653883854,2025-07-07 15:34:22.753883854,2025-07-07 15:34:22.703883854,RGM_0055061,3,7.107655831717122e-05,False,False
N044_C0002250,44,2025-07-07 15:34:24.378883854,2025-07-07 15:34:24.578883854,2025-07-07 15:34:24.528883854,RGM_0055075,1,1.375881248122124e-05,False,False
N051_C0002468,51,2025-07-07 15:34:24.203883854,2025-07-07 15:34:24.578883854,2025-07-07 15:34:24.528883854,RGM_0055078,2,4.561083672636094e-05,False,False
N055_C0003657,55,2025-07-07 15:34:24.478883854,2025-07-07 15:34:24.578883854,2025-07-07 15:34:24.528883854,RGM_0055077,1,2.9427407638771094e-05,False,False
N051_C0002469,51,2025-07-07 15:34:25.278883854,2025-07-07 15:34:25.328883854,2025-07-07 15:34:25.303883854,RGM_0055092,2,1.0812682889774651e-05,False,False
N055_C0003658,55,2025-07-07 15:34:24.878883854,2025-07-07 15:34:25.328883854,2025-07-07 15:34:25.303883854,RGM_0055095,1,3.97474515914621e-05,False,False
N052_C0002846,52,2025-07-07 15:34:28.903883854,2025-07-07 15:34:29.003883854,2025-07-07 15:34:28.953883854,RGM_0055125,1,1.392197504782397e-05,False,False
N055_C0003659,55,2025-07-07 15:34:31.303883854,2025-07-07 15:34:31.403883854,2025-07-07 15:34:31.353883854,RGM_0055150,1,1.4149638206315432e-05,False,False
N052_C0002847,52,2025-07-07 15:34:31.328883854,2025-07-07 15:34:31.678883854,2025-07-07 15:34:31.378883854,RGM_0055152,1,4.374198267010489e-05,False,False
N051_C0002470,51,2025-07-07 15:34:31.528883854,2025-07-07 15:34:31.728883854,2025-07-07 15:34:31.628883854,RGM_0055156,1,2.5423690231048468e-05,False,False
N054_C0003350,54,2025-07-07 15:34:31.603883854,2025-07-07 15:34:31.653883854,2025-07-07 15:34:31.628883854,RGM_0055157,1,2.4377719586094325e-05,False,False
N055_C0003660,55,2025-07-07 15:34:31.603883854,2025-07-07 15:34:31.703883854,2025-07-07 15:34:31.628883854,RGM_0055158,1,1.9850772152137343e-05,False,False
N052_C0002848,52,2025-07-07 15:34:32.353883854,2025-07-07 15:34:32.403883854,2025-07-07 15:34:32.378883854,RGM_0055163,1,2.4327040936230757e-05,False,False
N055_C0003661,55,2025-07-07 15:34:32.353883854,2025-07-07 15:34:32.403883854,2025-07-07 15:34:32.378883854,RGM_0055160,1,1.942602805563151e-05,False,False
N000_C0000013,0,2025-07-07 15:34:35.403883854,2025-07-07 15:34:36.628883854,2025-07-07 15:34:36.278883854,RGM_0055206,1,0.0002472145790735,False,False
N055_C0003662,55,2025-07-07 15:34:37.178883854,2025-07-07 15:34:37.303883854,2025-07-07 15:34:37.278883854,RGM_0055208,1,1.971658677802441e-05,False,False
N052_C0002849,52,2025-07-07 15:34:37.253883854,2025-07-07 15:34:37.478883854,2025-07-07 15:34:37.303883854,RGM_0055212,1,5.705475768430972e-05,False,False
N055_C0003663,55,2025-07-07 15:34:37.428883854,2025-07-07 15:34:37.478883854,2025-07-07 15:34:37.453883854,RGM_0055218,1,2.5559829967311783e-05,False,False
N056_C0003954,56,2025-07-07 15:34:37.378883854,2025-07-07 15:34:37.578883854,2025-07-07 15:34:37.453883854,RGM_0055219,1,2.1285948453813047e-05,False,False
N052_C0002850,52,2025-07-07 15:34:38.903883854,2025-07-07 15:34:39.178883854,2025-07-07 15:34:39.028883854,RGM_0055233,2,2.567731152070043e-05,False,False
N010_C0000620,10,2025-07-07 15:34:40.053883854,2025-07-07 15:34:40.553883854,2025-07-07 15:34:40.303883854,RGM_0055240,5,0.0007338881083387,False,False
N000_C0000014,0,2025-07-07 15:34:39.178883854,2025-07-07 15:34:43.153883854,2025-07-07 15:34:40.328883854,RGM_0055244,6,0.0011076000175454,False,False
N005_C0000156,5,2025-07-07 15:34:40.128883854,2025-07-07 15:34:40.428883854,2025-07-07 15:34:40.328883854,RGM_0055248,2,0.0007132498411318,False,False
N006_C0000411,6,2025-07-07 15:34:40.228883854,2025-07-07 15:34:40.428883854,2025-07-07 15:34:40.328883854,RGM_0055245,2,0.0007132498411318,False,False
N051_C0002471,51,2025-07-07 15:34:41.128883854,2025-07-07 15:34:41.178883854,2025-07-07 15:34:41.153883854,RGM_0055251,1,1.5038442208396676e-05,False,False
N052_C0002851,52,2025-07-07 15:34:41.128883854,2025-07-07 15:34:41.178883854,2025-07-07 15:34:41.153883854,RGM_0055252,1,1.5038442208396676e-05,False,False
N054_C0003351,54,2025-07-07 15:34:41.128883854,2025-07-07 15:34:41.228883854,2025-07-07 15:34:41.153883854,RGM_0055256,1,1.5593465627725316e-05,False,False
N010_C0000621,10,2025-07-07 15:34:41.528883854,2025-07-07 15:34:41.578883854,2025-07-07 15:34:41.553883854,RGM_0055259,1,3.1149534315611425e-05,False,False
N054_C0003352,54,2025-07-07 15:34:46.053883854,2025-07-07 15:34:46.153883854,2025-07-07 15:34:46.103883854,RGM_0055292,1,3.1295301384168325e-05,False,False
N052_C0002852,52,2025-07-07 15:34:46.078883854,2025-07-07 15:34:46.178883854,2025-07-07 15:34:46.128883854,RGM_0055296,2,3.133476761772787e-05,False,False
N052_C0002853,52,2025-07-07 15:34:48.028883854,2025-07-07 15:34:48.328883854,2025-07-07 15:34:48.228883854,RGM_0055316,2,4.573528380158928e-05,False,False
N055_C0003664,55,2025-07-07 15:34:48.053883854,2025-07-07 15:34:48.553883854,2025-07-07 15:34:48.503883854,RGM_0055321,2,5.191374931697671e-05,False,False
N052_C0002854,52,2025-07-07 15:34:48.428883854,2025-07-07 15:34:48.628883854,2025-07-07 15:34:48.528883854,RGM_0055327,1,3.821825338179751e-05,False,False
N051_C0002472,51,2025-07-07 15:34:50.078883854,2025-07-07 15:34:50.203883854,2025-07-07 15:34:50.153883854,RGM_0055345,1,3.874415487788663e-05,False,False
N052_C0002855,52,2025-07-07 15:34:50.103883854,2025-07-07 15:34:50.203883854,2025-07-07 15:34:50.153883854,RGM_0055344,1,3.823459947283447e-05,False,False
N053_C0003184,53,2025-07-07 15:34:50.103883854,2025-07-07 15:34:50.203883854,2025-07-07 15:34:50.153883854,RGM_0055341,1,3.823459947283447e-05,False,False
N055_C0003665,55,2025-07-07 15:34:50.103883854,2025-07-07 15:34:50.203883854,2025-07-07 15:34:50.153883854,RGM_0055342,1,2.497774409253172e-05,False,False
N052_C0002856,52,2025-07-07 15:34:50.328883854,2025-07-07 15:34:50.428883854,2025-07-07 15:34:50.378883854,RGM_0055354,2,2.377522200291884e-05,False,False
N054_C0003353,54,2025-07-07 15:34:50.328883854,2025-07-07 15:34:50.428883854,2025-07-07 15:34:50.378883854,RGM_0055353,1,1.804660748519422e-05,False,False
N055_C0003666,55,2025-07-07 15:34:50.328883854,2025-07-07 15:34:50.428883854,2025-07-07 15:34:50.378883854,RGM_0055352,1,1.3020518131395296e-05,False,False
N052_C0002857,52,2025-07-07 15:35:00.028883854,2025-07-07 15:35:00.128883854,2025-07-07 15:35:00.078883854,RGM_0055426,1,3.577355924696909e-05,False,False
N000_C0000015,0,2025-07-07 15:34:58.603883854,2025-07-07 15:35:01.178883854,2025-07-07 15:35:00.428883854,RGM_0055437,8,0.0022345997260474,False,False
N006_C0000412,6,2025-07-07 15:35:00.178883854,2025-07-07 15:35:01.178883854,2025-07-07 15:35:00.678883854,RGM_0055444,2,0.0028396469110452,False,False
N009_C0000540,9,2025-07-07 15:35:00.653883854,2025-07-07 15:35:00.753883854,2025-07-07 15:35:00.703883854,RGM_0055448,2,0.0024563999486115,False,False
N010_C0000622,10,2025-07-07 15:35:00.603883854,2025-07-07 15:35:00.878883854,2025-07-07 15:35:00.778883854,RGM_0055458,4,0.0026445775402141,False,False
N005_C0000157,5,2025-07-07 15:35:00.178883854,2025-07-07 15:35:03.028883854,2025-07-07 15:35:01.403883854,RGM_0055462,4,0.0031262760350205,False,False
N052_C0002858,52,2025-07-07 15:35:03.078883854,2025-07-07 15:35:03.128883854,2025-07-07 15:35:03.103883854,RGM_0055481,1,3.501425939494808e-05,False,False
N053_C0003185,53,2025-07-07 15:35:03.078883854,2025-07-07 15:35:03.128883854,2025-07-07 15:35:03.103883854,RGM_0055472,1,3.501425939494808e-05,False,False
N055_C0003667,55,2025-07-07 15:35:02.928883854,2025-07-07 15:35:03.428883854,2025-07-07 15:35:03.103883854,RGM_0055482,2,5.043009550071957e-05,False,False
N056_C0003955,56,2025-07-07 15:35:03.078883854,2025-07-07 15:35:03.128883854,2025-07-07 15:35:03.103883854,RGM_0055479,1,1.951163327372688e-05,False,False
N052_C0002859,52,2025-07-07 15:35:03.303883854,2025-07-07 15:35:03.403883854,2025-07-07 15:35:03.353883854,RGM_0055498,2,3.100308087745129e-05,False,False
N053_C0003186,53,2025-07-07 15:35:03.303883854,2025-07-07 15:35:03.403883854,2025-07-07 15:35:03.353883854,RGM_0055495,1,3.100308087745129e-05,False,False
N005_C0000158,5,2025-07-07 15:35:03.428883854,2025-07-07 15:35:06.678883854,2025-07-07 15:35:03.553883854,RGM_0055499,4,0.004050460232077,False,False
N000_C0000016,0,2025-07-07 15:35:05.428883854,2025-07-07 15:35:05.928883854,2025-07-07 15:35:05.678883854,RGM_0055534,2,0.0022014149194089,False,False
N010_C0000623,10,2025-07-07 15:35:04.678883854,2025-07-07 15:35:07.328883854,2025-07-07 15:35:05.678883854,RGM_0055531,3,0.0035645507498922,False,False
N005_C0000159,5,2025-07-07 15:35:10.178883854,2025-07-07 15:35:12.328883854,2025-07-07 15:35:10.978883854,RGM_0055554,1,0.0007083286765915,False,False
N052_C0002860,52,2025-07-07 15:35:13.878883854,2025-07-07 15:35:14.178883854,2025-07-07 15:35:13.928883854,RGM_0055582,2,5.808288509124525e-05,False,False
N052_C0002861,52,2025-07-07 15:35:15.278883854,2025-07-07 15:35:15.528883854,2025-07-07 15:35:15.478883854,RGM_0055596,1,3.300942497547652e-05,False,False
N055_C0003668,55,2025-07-07 15:35:15.428883854,2025-07-07 15:35:15.528883854,2025-07-07 15:35:15.478883854,RGM_0055595,1,2.096380219773041e-05,False,False
N000_C0000017,0,2025-07-07 15:35:14.178883854,2025-07-07 15:35:16.178883854,2025-07-07 15:35:15.578883854,RGM_0055600,5,0.0018999385578819,False,False
N006_C0000413,6,2025-07-07 15:35:15.528883854,2025-07-07 15:35:15.728883854,2025-07-07 15:35:15.628883854,RGM_0055605,3,0.0021492275420804,False,False
N005_C0000160,5,2025-07-07 15:35:14.678883854,2025-07-07 15:35:16.678883854,2025-07-07 15:35:15.678883854,RGM_0055609,2,0.0025995690852325,False,False
N008_C0000482,8,2025-07-07 15:35:15.553883854,2025-07-07 15:35:16.053883854,2025-07-07 15:35:15.803883854,RGM_0055617,2,0.0022473424942595,False,False
N010_C0000624,10,2025-07-07 15:35:15.178883854,2025-07-07 15:35:17.678883854,2025-07-07 15:35:15.803883854,RGM_0055618,3,0.0023669679981286,False,False
N052_C0002862,52,2025-07-07 15:35:20.778883854,2025-07-07 15:35:20.878883854,2025-07-07 15:35:20.828883854,RGM_0055667,2,3.627819523635416e-05,False,False
N056_C0003956,56,2025-07-07 15:35:20.553883854,2025-07-07 15:35:21.053883854,2025-07-07 15:35:20.828883854,RGM_0055664,3,3.693005056699368e-05,False,False
N052_C0002863,52,2025-07-07 15:35:20.953883854,2025-07-07 15:35:21.053883854,2025-07-07 15:35:21.003883854,RGM_0055674,1,2.522746537043551e-05,False,False
N005_C0000161,5,2025-07-07 15:35:20.003883854,2025-07-07 15:35:24.328883854,2025-07-07 15:35:23.453883854,RGM_0055686,2,0.0009146981284681,False,False
N051_C0002473,51,2025-07-07 15:35:25.803883854,2025-07-07 15:35:26.428883854,2025-07-07 15:35:26.003883854,RGM_0055704,3,8.169290363862266e-05,False,False
N053_C0003187,53,2025-07-07 15:35:25.953883854,2025-07-07 15:35:26.053883854,2025-07-07 15:35:26.003883854,RGM_0055705,1,3.705732824415885e-05,False,False
N054_C0003354,54,2025-07-07 15:35:25.953883854,2025-07-07 15:35:26.053883854,2025-07-07 15:35:26.003883854,RGM_0055702,1,3.705732824415885e-05,False,False
N055_C0003669,55,2025-07-07 15:35:25.953883854,2025-07-07 15:35:26.053883854,2025-07-07 15:35:26.003883854,RGM_0055703,1,2.988186491185611e-05,False,False
N056_C0003957,56,2025-07-07 15:35:25.953883854,2025-07-07 15:35:26.053883854,2025-07-07 15:35:26.003883854,RGM_0055701,1,2.13886769274918e-05,False,False
N053_C0003188,53,2025-07-07 15:35:26.203883854,2025-07-07 15:35:26.303883854,2025-07-07 15:35:26.253883854,RGM_0055710,1,3.4300877218562574e-05,False,False
N054_C0003355,54,2025-07-07 15:35:26.228883854,2025-07-07 15:35:26.328883854,2025-07-07 15:35:26.253883854,RGM_0055711,1,3.43360349358967e-05,False,False
N056_C0003958,56,2025-07-07 15:35:26.228883854,2025-07-07 15:35:26.278883854,2025-07-07 15:35:26.253883854,RGM_0055709,1,2.370872819322795e-05,False,False
N052_C0002864,52,2025-07-07 15:35:26.228883854,2025-07-07 15:35:26.428883854,2025-07-07 15:35:26.278883854,RGM_0055716,1,4.211928669296502e-05,False,False
N005_C0000162,5,2025-07-07 15:35:24.628883854,2025-07-07 15:35:27.678883854,2025-07-07 15:35:27.103883854,RGM_0055722,2,0.0007628182313545,False,False
N005_C0000163,5,2025-07-07 15:35:28.078883854,2025-07-07 15:35:28.803883854,2025-07-07 15:35:28.278883854,RGM_0055740,2,0.0001168856585057,False,False
N052_C0002865,52,2025-07-07 15:35:29.928883854,2025-07-07 15:35:30.028883854,2025-07-07 15:35:29.978883854,RGM_0055758,2,3.681330300272027e-05,False,False
N054_C0003356,54,2025-07-07 15:35:29.928883854,2025-07-07 15:35:30.028883854,2025-07-07 15:35:29.978883854,RGM_0055755,1,3.681330300272027e-05,False,False
N000_C0000018,0,2025-07-07 15:35:31.678883854,2025-07-07 15:35:33.678883854,2025-07-07 15:35:32.878883854,RGM_0055784,1,0.0005101294770834,False,False
N005_C0000164,5,2025-07-07 15:35:32.178883854,2025-07-07 15:35:34.178883854,2025-07-07 15:35:32.928883854,RGM_0055788,2,0.0007851455439738,False,False
N010_C0000625,10,2025-07-07 15:35:32.428883854,2025-07-07 15:35:33.428883854,2025-07-07 15:35:32.928883854,RGM_0055789,1,0.0008916975825807,False,False
N052_C0002866,52,2025-07-07 15:35:34.203883854,2025-07-07 15:35:34.303883854,2025-07-07 15:35:34.253883854,RGM_0055797,1,1.3148178575472016e-05,False,False
N054_C0003357,54,2025-07-07 15:35:35.178883854,2025-07-07 15:35:35.703883854,2025-07-07 15:35:35.578883854,RGM_0055807,3,0.0001190862756221,False,False
N055_C0003670,55,2025-07-07 15:35:35.478883854,2025-07-07 15:35:35.678883854,2025-07-07 15:35:35.578883854,RGM_0055817,3,9.070392238587524e-05,False,False
N056_C0003959,56,2025-07-07 15:35:35.578883854,2025-07-07 15:35:35.678883854,2025-07-07 15:35:35.628883854,RGM_0055844,2,6.305564502647288e-05,False,False
N057_C0004143,57,2025-07-07 15:35:35.603883854,2025-07-07 15:35:35.653883854,2025-07-07 15:35:35.628883854,RGM_0055835,1,3.3275264798750786e-05,False,False
N052_C0002867,52,2025-07-07 15:35:35.603883854,2025-07-07 15:35:35.703883854,2025-07-07 15:35:35.653883854,RGM_0055860,1,0.0001142246137869,False,False
N061_C0004248,61,2025-07-07 15:35:35.603883854,2025-07-07 15:35:35.703883854,2025-07-07 15:35:35.653883854,RGM_0055855,1,4.840187693819444e-05,False,False
N051_C0002474,51,2025-07-07 15:35:34.678883854,2025-07-07 15:35:36.428883854,2025-07-07 15:35:35.928883854,RGM_0055868,11,0.0001359309593078,False,False
N053_C0003189,53,2025-07-07 15:35:36.478883854,2025-07-07 15:35:36.803883854,2025-07-07 15:35:36.578883854,RGM_0055875,1,3.1777721519681937e-05,False,False
N055_C0003671,55,2025-07-07 15:35:36.428883854,2025-07-07 15:35:36.628883854,2025-07-07 15:35:36.578883854,RGM_0055873,1,2.5930875876350985e-05,False,False
N056_C0003960,56,2025-07-07 15:35:36.528883854,2025-07-07 15:35:36.628883854,2025-07-07 15:35:36.578883854,RGM_0055878,1,1.8658493843516123e-05,False,False
N052_C0002868,52,2025-07-07 15:35:38.228883854,2025-07-07 15:35:38.528883854,2025-07-07 15:35:38.328883854,RGM_0055896,3,3.659493965839018e-05,False,False
N053_C0003190,53,2025-07-07 15:35:38.403883854,2025-07-07 15:35:38.503883854,2025-07-07 15:35:38.428883854,RGM_0055906,1,3.565688194983512e-05,False,False
N052_C0002869,52,2025-07-07 15:35:39.053883854,2025-07-07 15:35:39.153883854,2025-07-07 15:35:39.103883854,RGM_0055922,1,4.64202619464214e-05,False,False
N053_C0003191,53,2025-07-07 15:35:39.053883854,2025-07-07 15:35:39.153883854,2025-07-07 15:35:39.103883854,RGM_0055920,1,4.64202619464214e-05,False,False
N055_C0003672,55,2025-07-07 15:35:39.053883854,2025-07-07 15:35:39.153883854,2025-07-07 15:35:39.103883854,RGM_0055918,2,3.680461485204104e-05,False,False
N056_C0003961,56,2025-07-07 15:35:39.053883854,2025-07-07 15:35:39.153883854,2025-07-07 15:35:39.103883854,RGM_0055924,1,2.604826717835712e-05,False,False
N052_C0002870,52,2025-07-07 15:35:39.578883854,2025-07-07 15:35:39.678883854,2025-07-07 15:35:39.628883854,RGM_0055938,1,1.0999094635296996e-05,False,False
N052_C0002871,52,2025-07-07 15:35:42.328883854,2025-07-07 15:35:42.528883854,2025-07-07 15:35:42.478883854,RGM_0055952,1,2.8850495021239247e-05,False,False
N055_C0003673,55,2025-07-07 15:35:42.478883854,2025-07-07 15:35:42.528883854,2025-07-07 15:35:42.503883854,RGM_0055954,1,2.2345457692496984e-05,False,False
N044_C0002251,44,2025-07-07 15:35:42.828883854,2025-07-07 15:35:43.503883854,2025-07-07 15:35:42.928883854,RGM_0055971,1,2.5473182820473277e-05,False,False
N005_C0000165,5,2025-07-07 15:35:44.878883854,2025-07-07 15:35:45.578883854,2025-07-07 15:35:45.478883854,RGM_0056006,1,0.0001696150828405,False,False
N053_C0003192,53,2025-07-07 15:35:49.553883854,2025-07-07 15:35:49.603883854,2025-07-07 15:35:49.578883854,RGM_0056052,1,3.9431905052109255e-05,False,False
N055_C0003674,55,2025-07-07 15:35:49.553883854,2025-07-07 15:35:49.603883854,2025-07-07 15:35:49.578883854,RGM_0056053,1,3.2372408742612064e-05,False,False
N056_C0003962,56,2025-07-07 15:35:49.528883854,2025-07-07 15:35:49.628883854,2025-07-07 15:35:49.578883854,RGM_0056049,1,2.417206672772699e-05,False,False
N052_C0002872,52,2025-07-07 15:35:49.528883854,2025-07-07 15:35:49.728883854,2025-07-07 15:35:49.603883854,RGM_0056059,1,4.079725049878501e-05,False,False
N055_C0003675,55,2025-07-07 15:35:52.028883854,2025-07-07 15:35:52.128883854,2025-07-07 15:35:52.078883854,RGM_0056069,1,1.937934564187155e-05,False,False
N056_C0003963,56,2025-07-07 15:35:52.053883854,2025-07-07 15:35:52.153883854,2025-07-07 15:35:52.078883854,RGM_0056071,1,1.4046217908630307e-05,False,False
N052_C0002873,52,2025-07-07 15:35:52.028883854,2025-07-07 15:35:52.603883854,2025-07-07 15:35:52.553883854,RGM_0056081,1,5.04767976932214e-05,False,False
N053_C0003193,53,2025-07-07 15:35:52.528883854,2025-07-07 15:35:52.578883854,2025-07-07 15:35:52.553883854,RGM_0056075,1,1.4802907458251036e-05,False,False
N052_C0002874,52,2025-07-07 15:36:03.228883854,2025-07-07 15:36:03.428883854,2025-07-07 15:36:03.303883854,RGM_0056142,1,3.192582924643955e-05,False,False
N052_C0002875,52,2025-07-07 15:36:06.678883854,2025-07-07 15:36:06.778883854,2025-07-07 15:36:06.728883854,RGM_0056158,1,3.8548852725091165e-05,False,False
N055_C0003676,55,2025-07-07 15:36:06.578883854,2025-07-07 15:36:06.778883854,2025-07-07 15:36:06.728883854,RGM_0056159,2,3.276827876079319e-05,False,False
N053_C0003194,53,2025-07-07 15:36:07.003883854,2025-07-07 15:36:07.053883854,2025-07-07 15:36:07.028883854,RGM_0056166,1,1.6146828676595562e-05,False,False
N052_C0002876,52,2025-07-07 15:36:07.003883854,2025-07-07 15:36:07.103883854,2025-07-07 15:36:07.053883854,RGM_0056170,1,1.6900359161198084e-05,False,False
N051_C0002475,51,2025-07-07 15:36:09.178883854,2025-07-07 15:36:09.628883854,2025-07-07 15:36:09.203883854,RGM_0056185,1,4.658943340894576e-05,False,False
N052_C0002877,52,2025-07-07 15:36:09.178883854,2025-07-07 15:36:09.228883854,2025-07-07 15:36:09.203883854,RGM_0056187,1,1.1878299534393102e-05,False,False
N055_C0003677,55,2025-07-07 15:36:09.553883854,2025-07-07 15:36:09.653883854,2025-07-07 15:36:09.603883854,RGM_0056195,1,1.8693831213003252e-05,False,False
N052_C0002878,52,2025-07-07 15:36:09.578883854,2025-07-07 15:36:10.103883854,2025-07-07 15:36:09.628883854,RGM_0056199,3,5.817359454136112e-05,False,False
N005_C0000166,5,2025-07-07 15:36:09.878883854,2025-07-07 15:36:09.953883854,2025-07-07 15:36:09.928883854,RGM_0056206,1,4.0420653764038445e-05,False,False
N056_C0003964,56,2025-07-07 15:36:10.028883854,2025-07-07 15:36:10.128883854,2025-07-07 15:36:10.078883854,RGM_0056214,1,1.2837501330134593e-05,False,False
N005_C0000167,5,2025-07-07 15:36:10.603883854,2025-07-07 15:36:10.653883854,2025-07-07 15:36:10.628883854,RGM_0056219,1,0.0002715258236204,False,False
N006_C0000414,6,2025-07-07 15:36:10.578883854,2025-07-07 15:36:10.678883854,2025-07-07 15:36:10.628883854,RGM_0056216,1,0.0004152289467636,False,False
N009_C0000541,9,2025-07-07 15:36:09.678883854,2025-07-07 15:36:10.678883854,2025-07-07 15:36:10.628883854,RGM_0056217,1,0.0008690582186834,False,False
N052_C0002879,52,2025-07-07 15:36:11.503883854,2025-07-07 15:36:11.603883854,2025-07-07 15:36:11.528883854,RGM_0056231,1,1.4201596868786512e-05,False,False
N055_C0003678,55,2025-07-07 15:36:11.803883854,2025-07-07 15:36:12.303883854,2025-07-07 15:36:12.128883854,RGM_0056234,1,9.012249810290852e-05,False,False
N061_C0004249,61,2025-07-07 15:36:12.128883854,2025-07-07 15:36:12.228883854,2025-07-07 15:36:12.178883854,RGM_0056260,1,4.739788253097857e-05,False,False
N057_C0004144,57,2025-07-07 15:36:12.153883854,2025-07-07 15:36:12.253883854,2025-07-07 15:36:12.203883854,RGM_0056271,1,3.620729732790978e-05,False,False
N054_C0003358,54,2025-07-07 15:36:12.128883854,2025-07-07 15:36:12.328883854,2025-07-07 15:36:12.228883854,RGM_0056278,1,0.0001017870338187,False,False
N051_C0002476,51,2025-07-07 15:36:12.053883854,2025-07-07 15:36:12.578883854,2025-07-07 15:36:12.303883854,RGM_0056282,7,0.0001242810921788,False,False
N053_C0003195,53,2025-07-07 15:36:12.428883854,2025-07-07 15:36:12.478883854,2025-07-07 15:36:12.453883854,RGM_0056292,1,2.298402768739636e-05,False,False
N056_C0003965,56,2025-07-07 15:36:12.428883854,2025-07-07 15:36:12.478883854,2025-07-07 15:36:12.453883854,RGM_0056287,1,1.1737598080383747e-05,False,False
N052_C0002880,52,2025-07-07 15:36:12.428883854,2025-07-07 15:36:12.528883854,2025-07-07 15:36:12.478883854,RGM_0056300,2,2.520504720571034e-05,False,False
N052_C0002881,52,2025-07-07 15:36:14.828883854,2025-07-07 15:36:15.028883854,2025-07-07 15:36:14.928883854,RGM_0056317,1,7.671558329153194e-05,False,False
N055_C0003679,55,2025-07-07 15:36:14.678883854,2025-07-07 15:36:15.078883854,2025-07-07 15:36:14.928883854,RGM_0056310,2,7.086693008785453e-05,False,False
N054_C0003359,54,2025-07-07 15:36:14.878883854,2025-07-07 15:36:15.078883854,2025-07-07 15:36:14.978883854,RGM_0056350,1,7.673720995190817e-05,False,False
N056_C0003966,56,2025-07-07 15:36:14.828883854,2025-07-07 15:36:15.078883854,2025-07-07 15:36:14.978883854,RGM_0056347,2,4.917672085848488e-05,False,False
N052_C0002882,52,2025-07-07 15:36:19.028883854,2025-07-07 15:36:19.078883854,2025-07-07 15:36:19.053883854,RGM_0056405,1,4.895860227813803e-05,False,False
N055_C0003680,55,2025-07-07 15:36:19.028883854,2025-07-07 15:36:19.078883854,2025-07-07 15:36:19.053883854,RGM_0056403,1,3.9636924107967474e-05,False,False
N056_C0003967,56,2025-07-07 15:36:19.028883854,2025-07-07 15:36:19.078883854,2025-07-07 15:36:19.053883854,RGM_0056397,1,2.883600035166961e-05,False,False
N052_C0002883,52,2025-07-07 15:36:20.803883854,2025-07-07 15:36:21.328883854,2025-07-07 15:36:21.228883854,RGM_0056432,2,6.542881027592948e-05,False,False
N053_C0003196,53,2025-07-07 15:36:21.228883854,2025-07-07 15:36:21.278883854,2025-07-07 15:36:21.253883854,RGM_0056441,1,5.845426854728936e-05,False,False
N054_C0003360,54,2025-07-07 15:36:21.178883854,2025-07-07 15:36:22.128883854,2025-07-07 15:36:21.253883854,RGM_0056453,2,8.51086742071806e-05,False,False
N055_C0003681,55,2025-07-07 15:36:21.228883854,2025-07-07 15:36:21.278883854,2025-07-07 15:36:21.253883854,RGM_0056434,1,4.2030039842290046e-05,False,False
N056_C0003968,56,2025-07-07 15:36:21.228883854,2025-07-07 15:36:21.278883854,2025-07-07 15:36:21.253883854,RGM_0056438,1,3.0288283879159416e-05,False,False
N051_C0002477,51,2025-07-07 15:36:22.078883854,2025-07-07 15:36:22.128883854,2025-07-07 15:36:22.103883854,RGM_0056458,2,1.510054163174042e-05,False,False
N055_C0003682,55,2025-07-07 15:36:22.078883854,2025-07-07 15:36:22.278883854,2025-07-07 15:36:22.178883854,RGM_0056466,2,1.9351882248512197e-05,False,False
N051_C0002478,51,2025-07-07 15:36:22.253883854,2025-07-07 15:36:22.303883854,2025-07-07 15:36:22.278883854,RGM_0056476,1,1.0173489172090966e-05,False,False
N052_C0002884,52,2025-07-07 15:36:22.053883854,2025-07-07 15:36:22.553883854,2025-07-07 15:36:22.278883854,RGM_0056471,2,6.525190773434623e-05,False,False
N053_C0003197,53,2025-07-07 15:36:22.253883854,2025-07-07 15:36:22.303883854,2025-07-07 15:36:22.278883854,RGM_0056475,1,1.0173489172090966e-05,False,False
N056_C0003969,56,2025-07-07 15:36:22.253883854,2025-07-07 15:36:22.303883854,2025-07-07 15:36:22.278883854,RGM_0056470,1,6.805430386168704e-06,False,False
N005_C0000168,5,2025-07-07 15:36:22.053883854,2025-07-07 15:36:22.828883854,2025-07-07 15:36:22.303883854,RGM_0056477,1,0.0001566582618702,False,False
N005_C0000169,5,2025-07-07 15:36:23.928883854,2025-07-07 15:36:24.128883854,2025-07-07 15:36:24.028883854,RGM_0056520,2,0.0001456143194191,False,False
N006_C0000415,6,2025-07-07 15:36:23.978883854,2025-07-07 15:36:24.078883854,2025-07-07 15:36:24.028883854,RGM_0056513,1,0.0001194218750365,False,False
N052_C0002885,52,2025-07-07 15:36:26.778883854,2025-07-07 15:36:27.003883854,2025-07-07 15:36:26.953883854,RGM_0056539,1,3.133241704048013e-05,False,False
N055_C0003683,55,2025-07-07 15:36:26.903883854,2025-07-07 15:36:27.003883854,2025-07-07 15:36:26.953883854,RGM_0056538,1,2.4838290768773264e-05,False,False
N053_C0003198,53,2025-07-07 15:36:30.778883854,2025-07-07 15:36:30.828883854,2025-07-07 15:36:30.803883854,RGM_0056591,1,1.814302593499428e-05,False,False
N055_C0003684,55,2025-07-07 15:36:30.778883854,2025-07-07 15:36:30.828883854,2025-07-07 15:36:30.803883854,RGM_0056593,1,1.3508527111807753e-05,False,False
N052_C0002886,52,2025-07-07 15:36:30.778883854,2025-07-07 15:36:30.878883854,2025-07-07 15:36:30.828883854,RGM_0056599,1,1.8803833677456207e-05,False,False
N054_C0003361,54,2025-07-07 15:36:30.778883854,2025-07-07 15:36:30.878883854,2025-07-07 15:36:30.828883854,RGM_0056598,1,1.662693558184989e-05,False,False
N052_C0002887,52,2025-07-07 15:36:31.553883854,2025-07-07 15:36:31.653883854,2025-07-07 15:36:31.603883854,RGM_0056610,1,2.0277333175025376e-05,False,False
N053_C0003199,53,2025-07-07 15:36:31.553883854,2025-07-07 15:36:31.653883854,2025-07-07 15:36:31.603883854,RGM_0056609,1,2.0277333175025376e-05,False,False
N052_C0002888,52,2025-07-07 15:36:35.778883854,2025-07-07 15:36:35.878883854,2025-07-07 15:36:35.828883854,RGM_0056631,1,1.4949895708303111e-05,False,False
N053_C0003200,53,2025-07-07 15:36:35.803883854,2025-07-07 15:36:35.853883854,2025-07-07 15:36:35.828883854,RGM_0056633,1,1.4630955872681636e-05,False,False
N056_C0003970,56,2025-07-07 15:36:35.778883854,2025-07-07 15:36:35.878883854,2025-07-07 15:36:35.828883854,RGM_0056630,1,1.0459105967319937e-05,False,False
N055_C0003685,55,2025-07-07 15:36:35.778883854,2025-07-07 15:36:36.328883854,2025-07-07 15:36:36.228883854,RGM_0056641,2,5.0765350005163455e-05,False,False
N052_C0002889,52,2025-07-07 15:36:36.178883854,2025-07-07 15:36:36.378883854,2025-07-07 15:36:36.278883854,RGM_0056659,1,4.6688163469413215e-05,False,False
N053_C0003201,53,2025-07-07 15:36:36.178883854,2025-07-07 15:36:36.378883854,2025-07-07 15:36:36.278883854,RGM_0056650,1,4.6688163469413215e-05,False,False
N056_C0003971,56,2025-07-07 15:36:36.228883854,2025-07-07 15:36:36.328883854,2025-07-07 15:36:36.278883854,RGM_0056655,1,2.719175146609455e-05,False,False
N041_C0002232,41,2025-07-07 15:36:38.303883854,2025-07-07 15:36:38.403883854,2025-07-07 15:36:38.353883854,RGM_0056685,1,2.0917562090000887e-05,False,False
N044_C0002252,44,2025-07-07 15:36:38.328883854,2025-07-07 15:36:38.528883854,2025-07-07 15:36:38.378883854,RGM_0056688,1,2.5234933775085598e-05,False,False
N055_C0003686,55,2025-07-07 15:36:40.878883854,2025-07-07 15:36:41.078883854,2025-07-07 15:36:40.978883854,RGM_0056704,3,2.305893310186021e-05,False,False
N054_C0003362,54,2025-07-07 15:36:40.978883854,2025-07-07 15:36:41.078883854,2025-07-07 15:36:41.028883854,RGM_0056728,2,2.573034008826589e-05,False,False
N052_C0002890,52,2025-07-07 15:36:41.528883854,2025-07-07 15:36:41.628883854,2025-07-07 15:36:41.578883854,RGM_0056742,2,2.971304283765065e-05,False,False
N055_C0003687,55,2025-07-07 15:36:41.528883854,2025-07-07 15:36:41.628883854,2025-07-07 15:36:41.578883854,RGM_0056746,2,2.154026753851385e-05,False,False
N056_C0003972,56,2025-07-07 15:36:41.528883854,2025-07-07 15:36:41.628883854,2025-07-07 15:36:41.578883854,RGM_0056743,2,1.7137376002727728e-05,False,False
N052_C0002891,52,2025-07-07 15:36:41.753883854,2025-07-07 15:36:41.803883854,2025-07-07 15:36:41.778883854,RGM_0056753,1,1.7888349957993762e-05,False,False
N055_C0003688,55,2025-07-07 15:36:41.728883854,2025-07-07 15:36:41.828883854,2025-07-07 15:36:41.778883854,RGM_0056756,1,1.3066293005088942e-05,False,False
N056_C0003973,56,2025-07-07 15:36:41.753883854,2025-07-07 15:36:41.803883854,2025-07-07 15:36:41.778883854,RGM_0056750,1,1.007149825013473e-05,False,False
N052_C0002892,52,2025-07-07 15:36:52.678883854,2025-07-07 15:36:53.003883854,2025-07-07 15:36:52.703883854,RGM_0056829,1,3.7854437645209325e-05,False,False
N051_C0002479,51,2025-07-07 15:36:55.528019410,2025-07-07 15:36:55.753019410,2025-07-07 15:36:55.728019410,RGM_0056841,1,1.9208143638609053e-05,False,False
N051_C0002480,51,2025-07-07 15:36:56.053019410,2025-07-07 15:36:56.553019410,2025-07-07 15:36:56.428019410,RGM_0056845,2,8.341678940280659e-05,False,False
N052_C0002893,52,2025-07-07 15:36:56.328019410,2025-07-07 15:36:56.528019410,2025-07-07 15:36:56.428019410,RGM_0056843,1,8.215947394239853e-05,False,False
N053_C0003202,53,2025-07-07 15:36:56.328019410,2025-07-07 15:36:56.528019410,2025-07-07 15:36:56.428019410,RGM_0056848,1,8.215947394239853e-05,False,False
N054_C0003363,54,2025-07-07 15:36:56.328019410,2025-07-07 15:36:56.528019410,2025-07-07 15:36:56.428019410,RGM_0056846,1,8.215947394239853e-05,False,False
N060_C0004234,60,2025-07-07 15:36:56.328019410,2025-07-07 15:36:56.528019410,2025-07-07 15:36:56.428019410,RGM_0056850,1,3.959024089791234e-05,False,False
N052_C0002894,52,2025-07-07 15:36:57.928019410,2025-07-07 15:36:58.028019410,2025-07-07 15:36:57.978019410,RGM_0056956,2,4.688007747414635e-05,False,False
N054_C0003364,54,2025-07-07 15:36:57.928019410,2025-07-07 15:36:58.028019410,2025-07-07 15:36:57.978019410,RGM_0056970,1,4.688007747414635e-05,False,False
N055_C0003689,55,2025-07-07 15:36:57.953019410,2025-07-07 15:36:58.003019410,2025-07-07 15:36:57.978019410,RGM_0056962,1,4.191924655124015e-05,False,False
N056_C0003974,56,2025-07-07 15:36:57.928019410,2025-07-07 15:36:58.028019410,2025-07-07 15:36:57.978019410,RGM_0056940,2,3.5479612459982405e-05,False,False
N055_C0003690,55,2025-07-07 15:36:58.978019410,2025-07-07 15:36:59.028019410,2025-07-07 15:36:59.003019410,RGM_0056989,1,1.7720008301259724e-05,False,False
N051_C0002481,51,2025-07-07 15:36:59.678019410,2025-07-07 15:36:59.778019410,2025-07-07 15:36:59.728019410,RGM_0057032,2,1.2663753130735106e-05,False,False
N052_C0002895,52,2025-07-07 15:36:59.703019410,2025-07-07 15:36:59.753019410,2025-07-07 15:36:59.728019410,RGM_0057040,1,1.088914823043895e-05,False,False
N055_C0003691,55,2025-07-07 15:36:59.703019410,2025-07-07 15:36:59.753019410,2025-07-07 15:36:59.728019410,RGM_0057027,1,6.896498249708535e-06,False,False
N055_C0003692,55,2025-07-07 15:36:59.978019410,2025-07-07 15:37:00.028019410,2025-07-07 15:37:00.003019410,RGM_0057049,1,8.334699885078344e-06,False,False
N051_C0002482,51,2025-07-07 15:37:05.903019410,2025-07-07 15:37:06.278019410,2025-07-07 15:37:05.928019410,RGM_0057110,1,2.402509431083413e-05,False,False
N051_C0002483,51,2025-07-07 15:37:06.403019410,2025-07-07 15:37:06.503019410,2025-07-07 15:37:06.453019410,RGM_0057143,2,4.9851368501119824e-05,False,False
N052_C0002896,52,2025-07-07 15:37:06.403019410,2025-07-07 15:37:06.503019410,2025-07-07 15:37:06.453019410,RGM_0057138,1,4.9851368501119824e-05,False,False
N053_C0003203,53,2025-07-07 15:37:06.378019410,2025-07-07 15:37:06.578019410,2025-07-07 15:37:06.453019410,RGM_0057149,1,5.051662696559314e-05,False,False
N054_C0003365,54,2025-07-07 15:37:06.403019410,2025-07-07 15:37:06.503019410,2025-07-07 15:37:06.453019410,RGM_0057146,1,4.9851368501119824e-05,False,False
N056_C0003975,56,2025-07-07 15:37:06.403019410,2025-07-07 15:37:06.503019410,2025-07-07 15:37:06.453019410,RGM_0057135,2,3.5756287736153664e-05,False,False
N055_C0003693,55,2025-07-07 15:37:06.378019410,2025-07-07 15:37:06.578019410,2025-07-07 15:37:06.478019410,RGM_0057153,3,4.454347244168345e-05,False,False
N051_C0002484,51,2025-07-07 15:37:06.653019410,2025-07-07 15:37:06.703019410,2025-07-07 15:37:06.678019410,RGM_0057155,1,7.297490681297769e-06,False,False
N051_C0002485,51,2025-07-07 15:37:07.878019410,2025-07-07 15:37:07.928019410,2025-07-07 15:37:07.903019410,RGM_0057165,1,5.713211857193655e-06,False,False
N052_C0002897,52,2025-07-07 15:37:09.278019410,2025-07-07 15:37:09.378019410,2025-07-07 15:37:09.328019410,RGM_0057191,2,2.4944559891311523e-05,False,False
N054_C0003366,54,2025-07-07 15:37:09.278019410,2025-07-07 15:37:09.378019410,2025-07-07 15:37:09.328019410,RGM_0057198,1,2.4944559891311523e-05,False,False
N055_C0003694,55,2025-07-07 15:37:09.278019410,2025-07-07 15:37:09.378019410,2025-07-07 15:37:09.328019410,RGM_0057196,2,2.2759597390472163e-05,False,False
N056_C0003976,56,2025-07-07 15:37:09.278019410,2025-07-07 15:37:09.378019410,2025-07-07 15:37:09.328019410,RGM_0057195,1,1.939398055947936e-05,False,False
N051_C0002486,51,2025-07-07 15:37:09.528019410,2025-07-07 15:37:09.628019410,2025-07-07 15:37:09.553019410,RGM_0057201,1,1.5907666470991034e-05,False,False
N055_C0003695,55,2025-07-07 15:37:09.528019410,2025-07-07 15:37:09.578019410,2025-07-07 15:37:09.553019410,RGM_0057207,1,1.19601292959966e-05,False,False
N052_C0002898,52,2025-07-07 15:37:11.753019410,2025-07-07 15:37:11.853019410,2025-07-07 15:37:11.803019410,RGM_0057281,1,2.100107651651229e-05,False,False
N056_C0003977,56,2025-07-07 15:37:11.753019410,2025-07-07 15:37:11.853019410,2025-07-07 15:37:11.803019410,RGM_0057279,1,1.61967412552328e-05,False,False
N053_C0003204,53,2025-07-07 15:37:14.203019410,2025-07-07 15:37:14.253019410,2025-07-07 15:37:14.228019410,RGM_0057293,1,1.359866874791491e-05,False,False
N055_C0003696,55,2025-07-07 15:37:14.178019410,2025-07-07 15:37:14.278019410,2025-07-07 15:37:14.228019410,RGM_0057295,2,1.0743248129724363e-05,False,False
N056_C0003978,56,2025-07-07 15:37:14.203019410,2025-07-07 15:37:14.253019410,2025-07-07 15:37:14.228019410,RGM_0057297,1,8.593841993116023e-06,False,False
N052_C0002899,52,2025-07-07 15:37:14.328019410,2025-07-07 15:37:14.528019410,2025-07-07 15:37:14.428019410,RGM_0057307,1,3.095624593533696e-05,False,False
N055_C0003697,55,2025-07-07 15:37:14.453019410,2025-07-07 15:37:14.503019410,2025-07-07 15:37:14.478019410,RGM_0057318,1,2.186983952072273e-05,False,False
N055_C0003698,55,2025-07-07 15:37:17.728019410,2025-07-07 15:37:17.928019410,2025-07-07 15:37:17.828019410,RGM_0057341,2,3.8203982845245335e-05,False,False
N006_C0000416,6,2025-07-07 15:37:19.278019410,2025-07-07 15:37:19.478019410,2025-07-07 15:37:19.328019410,RGM_0057379,1,0.0001115318008024,False,False
N009_C0000542,9,2025-07-07 15:37:19.278019410,2025-07-07 15:37:19.378019410,2025-07-07 15:37:19.328019410,RGM_0057380,1,0.0001058151118491,False,False
N052_C0002900,52,2025-07-07 15:37:19.403019410,2025-07-07 15:37:19.503019410,2025-07-07 15:37:19.453019410,RGM_0057390,2,1.3020049249861246e-05,False,False
N052_C0002901,52,2025-07-07 15:37:20.428019410,2025-07-07 15:37:20.928019410,2025-07-07 15:37:20.778019410,RGM_0057397,2,6.874337568995854e-05,False,False
N055_C0003699,55,2025-07-07 15:37:20.678019410,2025-07-07 15:37:21.478019410,2025-07-07 15:37:20.878019410,RGM_0057436,3,7.454420727009323e-05,False,False
N052_C0002902,52,2025-07-07 15:37:21.428019410,2025-07-07 15:37:21.478019410,2025-07-07 15:37:21.453019410,RGM_0057442,1,1.3436317344189375e-05,False,False
N056_C0003979,56,2025-07-07 15:37:21.428019410,2025-07-07 15:37:21.478019410,2025-07-07 15:37:21.453019410,RGM_0057441,1,1.0498241236328289e-05,False,False
N008_C0000483,8,2025-07-07 15:37:25.928019410,2025-07-07 15:37:27.128019410,2025-07-07 15:37:27.028019410,RGM_0057518,1,0.0004175188024286,False,False
N053_C0003205,53,2025-07-07 15:37:27.803019410,2025-07-07 15:37:27.853019410,2025-07-07 15:37:27.828019410,RGM_0057529,1,3.337014692921328e-05,False,False
N054_C0003367,54,2025-07-07 15:37:27.803019410,2025-07-07 15:37:27.853019410,2025-07-07 15:37:27.828019410,RGM_0057527,1,2.917665296858911e-05,False,False
N052_C0002903,52,2025-07-07 15:37:27.803019410,2025-07-07 15:37:27.903019410,2025-07-07 15:37:27.853019410,RGM_0057540,2,3.886069863778073e-05,False,False
N052_C0002904,52,2025-07-07 15:37:28.228019410,2025-07-07 15:37:28.328019410,2025-07-07 15:37:28.253019410,RGM_0057559,1,1.2111796773879103e-05,False,False
N055_C0003700,55,2025-07-07 15:37:28.228019410,2025-07-07 15:37:28.278019410,2025-07-07 15:37:28.253019410,RGM_0057563,1,9.64586072400708e-06,False,False
N054_C0003368,54,2025-07-07 15:37:30.103019410,2025-07-07 15:37:30.703019410,2025-07-07 15:37:30.678019410,RGM_0057603,1,4.182687933831067e-05,False,False
N056_C0003980,56,2025-07-07 15:37:30.653019410,2025-07-07 15:37:30.703019410,2025-07-07 15:37:30.678019410,RGM_0057600,1,1.533314892610387e-05,False,False
N055_C0003701,55,2025-07-07 15:37:30.628019410,2025-07-07 15:37:30.978019410,2025-07-07 15:37:30.703019410,RGM_0057608,2,3.867114770779112e-05,False,False
N054_C0003369,54,2025-07-07 15:37:30.928019410,2025-07-07 15:37:31.128019410,2025-07-07 15:37:31.028019410,RGM_0057616,1,3.547909196006967e-05,False,False
N052_C0002905,52,2025-07-07 15:37:31.428019410,2025-07-07 15:37:32.278019410,2025-07-07 15:37:32.203019410,RGM_0057675,1,5.864312305019464e-05,False,False
N055_C0003702,55,2025-07-07 15:37:34.403019410,2025-07-07 15:37:34.503019410,2025-07-07 15:37:34.428019410,RGM_0057731,1,1.8055597528153464e-05,False,False
N052_C0002906,52,2025-07-07 15:37:34.403019410,2025-07-07 15:37:34.503019410,2025-07-07 15:37:34.453019410,RGM_0057733,2,2.560654293642397e-05,False,False
N005_C0000170,5,2025-07-07 15:37:35.178019410,2025-07-07 15:37:36.178019410,2025-07-07 15:37:35.903019410,RGM_0057763,4,0.0004428070998093,False,False
N006_C0000417,6,2025-07-07 15:37:36.028019410,2025-07-07 15:37:36.128019410,2025-07-07 15:37:36.078019410,RGM_0057779,1,0.0002375047820606,False,False
N009_C0000543,9,2025-07-07 15:37:36.078019410,2025-07-07 15:37:36.128019410,2025-07-07 15:37:36.103019410,RGM_0057782,1,0.0002235400274278,False,False
N052_C0002907,52,2025-07-07 15:37:36.328019410,2025-07-07 15:37:36.378019410,2025-07-07 15:37:36.353019410,RGM_0057786,1,1.3122831412666802e-05,False,False
N054_C0003370,54,2025-07-07 15:37:36.328019410,2025-07-07 15:37:36.378019410,2025-07-07 15:37:36.353019410,RGM_0057789,1,1.2387379690481243e-05,False,False
N053_C0003206,53,2025-07-07 15:37:44.453019410,2025-07-07 15:37:44.553019410,2025-07-07 15:37:44.503019410,RGM_0057941,1,1.9968520107098743e-05,False,False
N054_C0003371,54,2025-07-07 15:37:44.478019410,2025-07-07 15:37:44.578019410,2025-07-07 15:37:44.503019410,RGM_0057953,1,1.7252570061261044e-05,False,False
N055_C0003703,55,2025-07-07 15:37:44.478019410,2025-07-07 15:37:44.528019410,2025-07-07 15:37:44.503019410,RGM_0057954,1,1.5147485847829762e-05,False,False
N052_C0002908,52,2025-07-07 15:37:44.478019410,2025-07-07 15:37:44.578019410,2025-07-07 15:37:44.528019410,RGM_0057955,1,2.213638016881104e-05,False,False
N005_C0000171,5,2025-07-07 15:37:47.328019410,2025-07-07 15:37:47.528019410,2025-07-07 15:37:47.453019410,RGM_0057988,1,0.0001059518076788,False,False
N052_C0002909,52,2025-07-07 15:37:50.353019410,2025-07-07 15:37:50.453019410,2025-07-07 15:37:50.403019410,RGM_0058021,2,2.3561151407359368e-05,False,False
N054_C0003372,54,2025-07-07 15:37:50.353019410,2025-07-07 15:37:50.453019410,2025-07-07 15:37:50.403019410,RGM_0058018,2,1.8819764158874803e-05,False,False
N055_C0003704,55,2025-07-07 15:37:50.378019410,2025-07-07 15:37:50.478019410,2025-07-07 15:37:50.428019410,RGM_0058030,1,1.7522085469980386e-05,False,False
N002_C0000077,2,2025-07-07 15:37:53.228019410,2025-07-07 15:37:53.428019410,2025-07-07 15:37:53.328019410,RGM_0058060,2,0.0001036722991259,False,False
N004_C0000078,4,2025-07-07 15:37:53.303019410,2025-07-07 15:37:53.403019410,2025-07-07 15:37:53.353019410,RGM_0058064,1,7.332841536347887e-05,False,False
N051_C0002487,51,2025-07-07 15:37:59.328019410,2025-07-07 15:37:59.428019410,2025-07-07 15:37:59.378019410,RGM_0058101,1,1.7393564524576903e-05,False,False
N053_C0003207,53,2025-07-07 15:37:59.328019410,2025-07-07 15:37:59.428019410,2025-07-07 15:37:59.378019410,RGM_0058102,1,1.3237766170596944e-05,False,False
N054_C0003373,54,2025-07-07 15:37:59.353019410,2025-07-07 15:37:59.403019410,2025-07-07 15:37:59.378019410,RGM_0058100,1,1.146930262746626e-05,False,False
N055_C0003705,55,2025-07-07 15:37:59.328019410,2025-07-07 15:37:59.528019410,2025-07-07 15:37:59.378019410,RGM_0058099,1,1.1456154547426258e-05,False,False
N056_C0003981,56,2025-07-07 15:37:59.328019410,2025-07-07 15:37:59.428019410,2025-07-07 15:37:59.378019410,RGM_0058104,1,9.742004541286678e-06,False,False
N052_C0002910,52,2025-07-07 15:37:59.753019410,2025-07-07 15:37:59.803019410,2025-07-07 15:37:59.778019410,RGM_0058109,1,1.2336850910663054e-05,False,False
N055_C0003706,55,2025-07-07 15:37:59.753019410,2025-07-07 15:37:59.803019410,2025-07-07 15:37:59.778019410,RGM_0058108,1,9.053888358787395e-06,False,False
N056_C0003982,56,2025-07-07 15:37:59.753019410,2025-07-07 15:37:59.803019410,2025-07-07 15:37:59.778019410,RGM_0058106,1,8.074067322794941e-06,False,False
N054_C0003374,54,2025-07-07 15:38:00.078019410,2025-07-07 15:38:00.178019410,2025-07-07 15:38:00.128019410,RGM_0058148,1,2.725763957871733e-05,False,False
N052_C0002911,52,2025-07-07 15:38:00.078019410,2025-07-07 15:38:00.278019410,2025-07-07 15:38:00.178019410,RGM_0058154,3,2.8530973754364708e-05,False,False
N055_C0003707,55,2025-07-07 15:38:00.078019410,2025-07-07 15:38:00.278019410,2025-07-07 15:38:00.178019410,RGM_0058155,3,2.8530973754364708e-05,False,False
N056_C0003983,56,2025-07-07 15:38:00.053019410,2025-07-07 15:38:00.278019410,2025-07-07 15:38:00.178019410,RGM_0058157,2,2.5841030899798835e-05,False,False
N052_C0002912,52,2025-07-07 15:38:05.653019410,2025-07-07 15:38:05.703019410,2025-07-07 15:38:05.678019410,RGM_0058262,1,2.152196579706784e-05,False,False
N053_C0003208,53,2025-07-07 15:38:05.653019410,2025-07-07 15:38:05.753019410,2025-07-07 15:38:05.703019410,RGM_0058267,1,1.911569802594286e-05,False,False
N054_C0003375,54,2025-07-07 15:38:05.678019410,2025-07-07 15:38:05.728019410,2025-07-07 15:38:05.703019410,RGM_0058271,1,1.7121257809795563e-05,False,False
N055_C0003708,55,2025-07-07 15:38:05.603019410,2025-07-07 15:38:05.778019410,2025-07-07 15:38:05.703019410,RGM_0058265,2,1.661177239260433e-05,False,False
N056_C0003984,56,2025-07-07 15:38:05.653019410,2025-07-07 15:38:05.753019410,2025-07-07 15:38:05.703019410,RGM_0058275,1,1.5357929708694734e-05,False,False
N052_C0002913,52,2025-07-07 15:38:06.153019410,2025-07-07 15:38:06.203019410,2025-07-07 15:38:06.178019410,RGM_0058289,1,9.7616258234714e-06,False,False
N053_C0003209,53,2025-07-07 15:38:06.128019410,2025-07-07 15:38:06.328019410,2025-07-07 15:38:06.178019410,RGM_0058291,1,1.3908727638544271e-05,False,False
N055_C0003709,55,2025-07-07 15:38:06.153019410,2025-07-07 15:38:06.203019410,2025-07-07 15:38:06.178019410,RGM_0058292,1,7.764769561278945e-06,False,False
N031_C0001445,31,2025-07-07 15:38:06.203019410,2025-07-07 15:38:06.303019410,2025-07-07 15:38:06.253019410,RGM_0058298,1,0.0005751508332489,False,False
N055_C0003710,55,2025-07-07 15:38:08.203019410,2025-07-07 15:38:08.303019410,2025-07-07 15:38:08.253019410,RGM_0058316,1,1.4359380151833062e-05,False,False
N056_C0003985,56,2025-07-07 15:38:14.778019410,2025-07-07 15:38:14.878019410,2025-07-07 15:38:14.828019410,RGM_0058355,1,1.3838940135717978e-05,False,False
N051_C0002488,51,2025-07-07 15:38:14.853019410,2025-07-07 15:38:14.903019410,2025-07-07 15:38:14.878019410,RGM_0058359,1,1.858280937039494e-05,False,False
N054_C0003376,54,2025-07-07 15:38:14.853019410,2025-07-07 15:38:14.903019410,2025-07-07 15:38:14.878019410,RGM_0058360,1,1.543621845519777e-05,False,False
N055_C0003711,55,2025-07-07 15:38:14.853019410,2025-07-07 15:38:14.903019410,2025-07-07 15:38:14.878019410,RGM_0058362,1,1.4582394400847371e-05,False,False
N052_C0002914,52,2025-07-07 15:38:14.853019410,2025-07-07 15:38:14.953019410,2025-07-07 15:38:14.903019410,RGM_0058364,1,1.93958073900174e-05,False,False
N052_C0002915,52,2025-07-07 15:38:15.028019410,2025-07-07 15:38:15.078019410,2025-07-07 15:38:15.053019410,RGM_0058371,1,1.0619988590286375e-05,False,False
N053_C0003210,53,2025-07-07 15:38:15.028019410,2025-07-07 15:38:15.078019410,2025-07-07 15:38:15.053019410,RGM_0058376,1,9.528917671824688e-06,False,False
N055_C0003712,55,2025-07-07 15:38:15.028019410,2025-07-07 15:38:15.078019410,2025-07-07 15:38:15.053019410,RGM_0058369,1,8.325026799568176e-06,False,False
N056_C0003986,56,2025-07-07 15:38:15.028019410,2025-07-07 15:38:15.278019410,2025-07-07 15:38:15.178019410,RGM_0058380,2,5.505045363435213e-05,False,False
N051_C0002489,51,2025-07-07 15:38:15.178019410,2025-07-07 15:38:15.278019410,2025-07-07 15:38:15.253019410,RGM_0058413,1,4.636601735428319e-05,False,False
N053_C0003211,53,2025-07-07 15:38:15.228019410,2025-07-07 15:38:15.428019410,2025-07-07 15:38:15.328019410,RGM_0058422,1,4.9369498215379096e-05,False,False
N054_C0003377,54,2025-07-07 15:38:15.228019410,2025-07-07 15:38:15.428019410,2025-07-07 15:38:15.328019410,RGM_0058424,2,4.9369498215379096e-05,False,False
N055_C0003713,55,2025-07-07 15:38:15.228019410,2025-07-07 15:38:15.428019410,2025-07-07 15:38:15.328019410,RGM_0058420,2,4.9369498215379096e-05,False,False
N030_C0001304,30,2025-07-07 15:38:21.878019410,2025-07-07 15:38:22.078019410,2025-07-07 15:38:21.953019410,RGM_0058587,1,0.0008822406314134,False,False
N054_C0003378,54,2025-07-07 15:38:22.178019410,2025-07-07 15:38:22.228019410,2025-07-07 15:38:22.203019410,RGM_0058597,1,8.312508679281271e-06,False,False
N055_C0003714,55,2025-07-07 15:38:22.178019410,2025-07-07 15:38:22.228019410,2025-07-07 15:38:22.203019410,RGM_0058598,1,7.912520332864159e-06,False,False
N053_C0003212,53,2025-07-07 15:38:22.353019410,2025-07-07 15:38:22.403019410,2025-07-07 15:38:22.378019410,RGM_0058610,1,1.5400765468946135e-05,False,False
N052_C0002916,52,2025-07-07 15:38:22.178019410,2025-07-07 15:38:22.678019410,2025-07-07 15:38:22.403019410,RGM_0058617,5,5.0404344556028166e-05,False,False
N054_C0003379,54,2025-07-07 15:38:22.353019410,2025-07-07 15:38:22.453019410,2025-07-07 15:38:22.403019410,RGM_0058618,2,1.6613083474650083e-05,False,False
N055_C0003715,55,2025-07-07 15:38:22.353019410,2025-07-07 15:38:22.453019410,2025-07-07 15:38:22.403019410,RGM_0058619,1,1.6613083474650083e-05,False,False
N056_C0003987,56,2025-07-07 15:38:22.353019410,2025-07-07 15:38:22.578019410,2025-07-07 15:38:22.403019410,RGM_0058621,2,1.6074890234747487e-05,False,False
N055_C0003716,55,2025-07-07 15:38:22.528019410,2025-07-07 15:38:22.578019410,2025-07-07 15:38:22.553019410,RGM_0058636,1,1.555266897455011e-05,False,False
N054_C0003380,54,2025-07-07 15:38:29.528019410,2025-07-07 15:38:29.728019410,2025-07-07 15:38:29.628019410,RGM_0058729,2,1.680701081030964e-05,False,False
N055_C0003717,55,2025-07-07 15:38:29.528019410,2025-07-07 15:38:29.728019410,2025-07-07 15:38:29.628019410,RGM_0058731,2,1.5987129926790126e-05,False,False
N056_C0003988,56,2025-07-07 15:38:29.628019410,2025-07-07 15:38:29.678019410,2025-07-07 15:38:29.653019410,RGM_0058750,1,1.378790486559268e-05,False,False
N052_C0002917,52,2025-07-07 15:38:29.628019410,2025-07-07 15:38:29.728019410,2025-07-07 15:38:29.678019410,RGM_0058756,2,1.9716038481825296e-05,False,False
N052_C0002918,52,2025-07-07 15:38:30.253019410,2025-07-07 15:38:30.353019410,2025-07-07 15:38:30.303019410,RGM_0058778,1,2.7562191063090325e-05,False,False
N055_C0003718,55,2025-07-07 15:38:30.303019410,2025-07-07 15:38:30.353019410,2025-07-07 15:38:30.328019410,RGM_0058798,1,1.987394407515832e-05,False,False
N056_C0003989,56,2025-07-07 15:38:30.278019410,2025-07-07 15:38:30.378019410,2025-07-07 15:38:30.328019410,RGM_0058797,1,1.814545853098048e-05,False,False
N052_C0002919,52,2025-07-07 15:38:32.803019410,2025-07-07 15:38:32.853019410,2025-07-07 15:38:32.828019410,RGM_0058897,1,1.4779638501998176e-05,False,False
N055_C0003719,55,2025-07-07 15:38:32.778019410,2025-07-07 15:38:32.878019410,2025-07-07 15:38:32.828019410,RGM_0058903,1,1.2701559448723036e-05,False,False
N056_C0003990,56,2025-07-07 15:38:32.803019410,2025-07-07 15:38:32.853019410,2025-07-07 15:38:32.828019410,RGM_0058899,1,1.1079979065979618e-05,False,False
N056_C0003991,56,2025-07-07 15:38:33.128019410,2025-07-07 15:38:33.328019410,2025-07-07 15:38:33.228019410,RGM_0058917,2,4.676765924968616e-05,False,False
N054_C0003381,54,2025-07-07 15:38:33.278019410,2025-07-07 15:38:33.478019410,2025-07-07 15:38:33.378019410,RGM_0058975,1,4.995602108839297e-05,False,False
N055_C0003720,55,2025-07-07 15:38:33.178019410,2025-07-07 15:38:33.678019410,2025-07-07 15:38:33.378019410,RGM_0058973,2,6.209979364171173e-05,False,False
N052_C0002920,52,2025-07-07 15:38:33.628019410,2025-07-07 15:38:33.678019410,2025-07-07 15:38:33.653019410,RGM_0058990,1,1.1022811848355095e-05,False,False
N053_C0003213,53,2025-07-07 15:38:33.628019410,2025-07-07 15:38:33.678019410,2025-07-07 15:38:33.653019410,RGM_0058993,1,1.015116033219261e-05,False,False
N056_C0003992,56,2025-07-07 15:38:33.628019410,2025-07-07 15:38:33.678019410,2025-07-07 15:38:33.653019410,RGM_0058985,1,7.935245577652241e-06,False,False
N056_C0003993,56,2025-07-07 15:38:33.903019410,2025-07-07 15:38:33.953019410,2025-07-07 15:38:33.928019410,RGM_0059004,1,2.0428601110981305e-05,False,False
N030_C0001305,30,2025-07-07 15:38:40.803019410,2025-07-07 15:38:41.978019410,2025-07-07 15:38:41.053019410,RGM_0059077,2,0.0029939744496179,False,False
N044_C0002253,44,2025-07-07 15:38:41.778019410,2025-07-07 15:38:41.978019410,2025-07-07 15:38:41.853019410,RGM_0059088,2,2.268763236858141e-05,False,False
N031_C0001446,31,2025-07-07 15:38:41.878019410,2025-07-07 15:38:41.978019410,2025-07-07 15:38:41.928019410,RGM_0059093,1,0.0004435371592553,False,False
N053_C0003214,53,2025-07-07 15:38:42.878019410,2025-07-07 15:38:42.928019410,2025-07-07 15:38:42.903019410,RGM_0059121,1,1.13198242289289e-05,False,False
N055_C0003721,55,2025-07-07 15:38:42.878019410,2025-07-07 15:38:42.928019410,2025-07-07 15:38:42.903019410,RGM_0059111,1,9.95822572315528e-06,False,False
N056_C0003994,56,2025-07-07 15:38:42.878019410,2025-07-07 15:38:42.928019410,2025-07-07 15:38:42.903019410,RGM_0059113,1,9.281586740885497e-06,False,False
N052_C0002921,52,2025-07-07 15:38:43.053019410,2025-07-07 15:38:43.103019410,2025-07-07 15:38:43.078019410,RGM_0059134,1,1.1922653144622856e-05,False,False
N052_C0002922,52,2025-07-07 15:38:43.203019410,2025-07-07 15:38:43.353019410,2025-07-07 15:38:43.253019410,RGM_0059155,2,3.498710082125629e-05,False,False
N054_C0003382,54,2025-07-07 15:38:43.203019410,2025-07-07 15:38:43.328019410,2025-07-07 15:38:43.253019410,RGM_0059150,2,3.498710082125629e-05,False,False
N055_C0003722,55,2025-07-07 15:38:43.203019410,2025-07-07 15:38:43.303019410,2025-07-07 15:38:43.253019410,RGM_0059157,2,3.498710082125629e-05,False,False
N056_C0003995,56,2025-07-07 15:38:43.128019410,2025-07-07 15:38:43.328019410,2025-07-07 15:38:43.253019410,RGM_0059159,2,3.607171118769514e-05,False,False
N053_C0003215,53,2025-07-07 15:38:43.228019410,2025-07-07 15:38:43.328019410,2025-07-07 15:38:43.278019410,RGM_0059186,1,3.498142319187379e-05,False,False
N055_C0003723,55,2025-07-07 15:38:52.628019410,2025-07-07 15:38:52.828019410,2025-07-07 15:38:52.728019410,RGM_0059331,1,3.7765305925152746e-05,False,False
N052_C0002923,52,2025-07-07 15:38:52.753019410,2025-07-07 15:38:52.853019410,2025-07-07 15:38:52.803019410,RGM_0059343,1,4.111314082082484e-05,False,False
N056_C0003996,56,2025-07-07 15:38:53.703019410,2025-07-07 15:38:53.803019410,2025-07-07 15:38:53.753019410,RGM_0059360,1,9.428762153378806e-06,False,False
N000_C0000019,0,2025-07-07 15:38:54.303019410,2025-07-07 15:38:54.878019410,2025-07-07 15:38:54.753019410,RGM_0059367,2,0.0001638944468116,False,False
N000_C0000020,0,2025-07-07 15:38:55.603019410,2025-07-07 15:38:55.703019410,2025-07-07 15:38:55.653019410,RGM_0059378,1,4.337761425657416e-05,False,False
N005_C0000172,5,2025-07-07 15:38:55.603019410,2025-07-07 15:38:55.753019410,2025-07-07 15:38:55.653019410,RGM_0059380,1,4.559144901951824e-05,False,False
N055_C0003724,55,2025-07-07 15:38:56.978019410,2025-07-07 15:38:57.103019410,2025-07-07 15:38:57.028019410,RGM_0059397,1,2.3850657808733794e-05,False,False
N052_C0002924,52,2025-07-07 15:38:57.978019410,2025-07-07 15:38:58.078019410,2025-07-07 15:38:58.028019410,RGM_0059445,1,6.320112267290855e-05,False,False
N055_C0003725,55,2025-07-07 15:38:57.978019410,2025-07-07 15:38:58.178019410,2025-07-07 15:38:58.078019410,RGM_0059456,1,4.692428938370394e-05,False,False
N111_C0004369,111,2025-07-07 15:39:01.128019410,2025-07-07 15:39:01.178019410,2025-07-07 15:39:01.153019410,RGM_0059471,1,5.13298945002406e-06,False,False
N052_C0002925,52,2025-07-07 15:39:02.003019410,2025-07-07 15:39:02.128019410,2025-07-07 15:39:02.053019410,RGM_0059477,2,1.905778926927396e-05,False,False
N051_C0002490,51,2025-07-07 15:39:01.978019410,2025-07-07 15:39:02.178019410,2025-07-07 15:39:02.078019410,RGM_0059482,2,2.046429848911292e-05,False,False
N052_C0002926,52,2025-07-07 15:39:02.178019410,2025-07-07 15:39:02.678019410,2025-07-07 15:39:02.428019410,RGM_0059499,1,0.0001279030126955,False,False
N055_C0003726,55,2025-07-07 15:39:02.403019410,2025-07-07 15:39:02.628019410,2025-07-07 15:39:02.528019410,RGM_0059507,1,0.0001207479087878,False,False
N056_C0003997,56,2025-07-07 15:39:02.303019410,2025-07-07 15:39:02.803019410,2025-07-07 15:39:02.528019410,RGM_0059508,2,0.0001145651655324,False,False
N044_C0002254,44,2025-07-07 15:39:02.578019410,2025-07-07 15:39:02.778019410,2025-07-07 15:39:02.678019410,RGM_0059569,1,2.4772685377754987e-05,False,False
N052_C0002927,52,2025-07-07 15:39:08.428019410,2025-07-07 15:39:08.478019410,2025-07-07 15:39:08.453019410,RGM_0059708,1,2.7070411050550565e-05,False,False
N053_C0003216,53,2025-07-07 15:39:08.428019410,2025-07-07 15:39:08.478019410,2025-07-07 15:39:08.453019410,RGM_0059702,1,2.7070411050550565e-05,False,False
N055_C0003727,55,2025-07-07 15:39:08.428019410,2025-07-07 15:39:08.478019410,2025-07-07 15:39:08.453019410,RGM_0059707,1,2.5568474653405583e-05,False,False
N054_C0003383,54,2025-07-07 15:39:08.378019410,2025-07-07 15:39:08.578019410,2025-07-07 15:39:08.478019410,RGM_0059714,1,2.812622704971542e-05,False,False
N056_C0003998,56,2025-07-07 15:39:08.378019410,2025-07-07 15:39:08.578019410,2025-07-07 15:39:08.478019410,RGM_0059715,1,2.405080144780524e-05,False,False
N052_C0002928,52,2025-07-07 15:39:17.403019410,2025-07-07 15:39:17.703019410,2025-07-07 15:39:17.578019410,RGM_0059791,2,4.4878285556154e-05,False,False
N054_C0003384,54,2025-07-07 15:39:21.828019410,2025-07-07 15:39:21.878019410,2025-07-07 15:39:21.853019410,RGM_0059867,1,3.564795181784663e-05,False,False
N052_C0002929,52,2025-07-07 15:39:21.828019410,2025-07-07 15:39:21.928019410,2025-07-07 15:39:21.878019410,RGM_0059887,2,3.6081823695930645e-05,False,False
N056_C0003999,56,2025-07-07 15:39:21.828019410,2025-07-07 15:39:21.928019410,2025-07-07 15:39:21.878019410,RGM_0059888,2,3.6081823695930645e-05,False,False
N055_C0003728,55,2025-07-07 15:39:21.828019410,2025-07-07 15:39:22.028019410,2025-07-07 15:39:21.928019410,RGM_0059894,3,3.7943387164182894e-05,False,False
N055_C0003729,55,2025-07-07 15:39:22.628019410,2025-07-07 15:39:22.828019410,2025-07-07 15:39:22.728019410,RGM_0059898,2,4.401828967452609e-05,False,False
N052_C0002930,52,2025-07-07 15:39:22.703019410,2025-07-07 15:39:22.803019410,2025-07-07 15:39:22.753019410,RGM_0059900,2,4.479164068476367e-05,False,False
N054_C0003385,54,2025-07-07 15:39:22.753019410,2025-07-07 15:39:22.803019410,2025-07-07 15:39:22.778019410,RGM_0059913,1,4.336015318308398e-05,False,False
N056_C0004000,56,2025-07-07 15:39:22.728019410,2025-07-07 15:39:22.828019410,2025-07-07 15:39:22.778019410,RGM_0059909,1,3.935466627908447e-05,False,False
N052_C0002931,52,2025-07-07 15:39:25.828019410,2025-07-07 15:39:25.878019410,2025-07-07 15:39:25.853019410,RGM_0059956,1,1.0942744273813344e-05,False,False
N055_C0003730,55,2025-07-07 15:39:25.828019410,2025-07-07 15:39:25.878019410,2025-07-07 15:39:25.853019410,RGM_0059958,1,7.720477012086491e-06,False,False
N053_C0003217,53,2025-07-07 15:39:26.203019410,2025-07-07 15:39:26.303019410,2025-07-07 15:39:26.253019410,RGM_0059965,1,2.647800988863065e-05,False,False
N056_C0004001,56,2025-07-07 15:39:26.203019410,2025-07-07 15:39:26.328019410,2025-07-07 15:39:26.253019410,RGM_0059959,1,2.3387551911575796e-05,False,False
N052_C0002932,52,2025-07-07 15:39:26.178019410,2025-07-07 15:39:26.378019410,2025-07-07 15:39:26.278019410,RGM_0059971,1,2.7358917505649043e-05,False,False
N044_C0002255,44,2025-07-07 15:39:26.678019410,2025-07-07 15:39:26.878019410,2025-07-07 15:39:26.803019410,RGM_0059975,1,1.2368896660186476e-05,False,False
N053_C0003218,53,2025-07-07 15:39:33.028019410,2025-07-07 15:39:33.128019410,2025-07-07 15:39:33.078019410,RGM_0060135,1,1.9528792398228423e-05,False,False
N052_C0002933,52,2025-07-07 15:39:33.078019410,2025-07-07 15:39:33.178019410,2025-07-07 15:39:33.128019410,RGM_0060142,1,2.034380485565365e-05,False,False
N055_C0003731,55,2025-07-07 15:39:33.078019410,2025-07-07 15:39:33.178019410,2025-07-07 15:39:33.128019410,RGM_0060141,1,1.7359305932284545e-05,False,False
N056_C0004002,56,2025-07-07 15:39:33.078019410,2025-07-07 15:39:33.178019410,2025-07-07 15:39:33.128019410,RGM_0060140,2,1.5905579504969623e-05,False,False
N052_C0002934,52,2025-07-07 15:39:42.478019410,2025-07-07 15:39:42.528019410,2025-07-07 15:39:42.503019410,RGM_0060270,1,2.2950492135727744e-05,False,False
N055_C0003732,55,2025-07-07 15:39:42.478019410,2025-07-07 15:39:42.528019410,2025-07-07 15:39:42.503019410,RGM_0060268,1,1.894882822353548e-05,False,False
N055_C0003733,55,2025-07-07 15:39:45.078019410,2025-07-07 15:39:45.128019410,2025-07-07 15:39:45.103019410,RGM_0060299,1,1.4033090584218231e-05,False,False
N054_C0003386,54,2025-07-07 15:39:46.528019410,2025-07-07 15:39:46.728019410,2025-07-07 15:39:46.628019410,RGM_0060315,1,3.160388737188111e-05,False,False
N055_C0003734,55,2025-07-07 15:39:46.528019410,2025-07-07 15:39:46.753019410,2025-07-07 15:39:46.628019410,RGM_0060314,2,3.160388737188111e-05,False,False
N052_C0002935,52,2025-07-07 15:39:46.653019410,2025-07-07 15:39:46.753019410,2025-07-07 15:39:46.703019410,RGM_0060339,1,3.03603323585878e-05,False,False
N056_C0004003,56,2025-07-07 15:39:46.653019410,2025-07-07 15:39:46.753019410,2025-07-07 15:39:46.703019410,RGM_0060336,1,3.03603323585878e-05,False,False
N000_C0000021,0,2025-07-07 15:39:50.678019410,2025-07-07 15:39:51.828019410,2025-07-07 15:39:51.178019410,RGM_0060456,13,0.0002871987563363,False,False
N005_C0000173,5,2025-07-07 15:39:51.353019410,2025-07-07 15:39:51.403019410,2025-07-07 15:39:51.378019410,RGM_0060462,1,0.0001916021734855,False,False
N056_C0004004,56,2025-07-07 15:39:56.328019410,2025-07-07 15:39:56.428019410,2025-07-07 15:39:56.378019410,RGM_0060530,1,2.1022531071292743e-05,False,False
N052_C0002936,52,2025-07-07 15:39:56.553019410,2025-07-07 15:39:56.603019410,2025-07-07 15:39:56.578019410,RGM_0060536,1,1.1195168295218997e-05,False,False
N055_C0003735,55,2025-07-07 15:39:56.553019410,2025-07-07 15:39:56.603019410,2025-07-07 15:39:56.578019410,RGM_0060538,1,1.1195168295218997e-05,False,False
N005_C0000174,5,2025-07-07 15:39:57.403019410,2025-07-07 15:39:58.253019410,2025-07-07 15:39:57.453019410,RGM_0060547,1,0.0001237582055285,False,False
N052_C0002937,52,2025-07-07 15:39:58.778019410,2025-07-07 15:39:58.878019410,2025-07-07 15:39:58.828019410,RGM_0060595,1,1.2718961981795176e-05,False,False
N055_C0003736,55,2025-07-07 15:39:58.803019410,2025-07-07 15:39:58.853019410,2025-07-07 15:39:58.828019410,RGM_0060593,1,8.488883402464372e-06,False,False
N009_C0000544,9,2025-07-07 15:39:58.978019410,2025-07-07 15:39:59.028019410,2025-07-07 15:39:59.003019410,RGM_0060607,1,9.051629762322344e-05,False,False
N054_C0003387,54,2025-07-07 15:40:01.328019410,2025-07-07 15:40:01.428019410,2025-07-07 15:40:01.378019410,RGM_0060652,1,1.3897487059632596e-05,False,False
N052_C0002938,52,2025-07-07 15:40:01.353019410,2025-07-07 15:40:01.578019410,2025-07-07 15:40:01.528019410,RGM_0060665,1,3.234996893977422e-05,False,False
N052_C0002939,52,2025-07-07 15:40:01.678019410,2025-07-07 15:40:01.878019410,2025-07-07 15:40:01.778019410,RGM_0060686,2,3.5678658067890226e-05,False,False
N053_C0003219,53,2025-07-07 15:40:01.678019410,2025-07-07 15:40:01.878019410,2025-07-07 15:40:01.778019410,RGM_0060670,1,3.3209548513341416e-05,False,False
N055_C0003737,55,2025-07-07 15:40:01.303019410,2025-07-07 15:40:01.928019410,2025-07-07 15:40:01.778019410,RGM_0060671,3,5.636616362017072e-05,False,False
N056_C0004005,56,2025-07-07 15:40:01.753019410,2025-07-07 15:40:01.853019410,2025-07-07 15:40:01.803019410,RGM_0060689,1,2.703396435705378e-05,False,False
N005_C0000175,5,2025-07-07 15:40:02.678019410,2025-07-07 15:40:02.728019410,2025-07-07 15:40:02.703019410,RGM_0060696,1,9.051331777325716e-05,False,False
N052_C0002940,52,2025-07-07 15:40:04.278019410,2025-07-07 15:40:04.378019410,2025-07-07 15:40:04.328019410,RGM_0060722,1,3.327208427755897e-05,False,False
N053_C0003220,53,2025-07-07 15:40:04.228019410,2025-07-07 15:40:04.428019410,2025-07-07 15:40:04.328019410,RGM_0060716,1,3.471158632302805e-05,False,False
N055_C0003738,55,2025-07-07 15:40:04.303019410,2025-07-07 15:40:04.353019410,2025-07-07 15:40:04.328019410,RGM_0060728,1,3.089138725773958e-05,False,False
N056_C0004006,56,2025-07-07 15:40:04.278019410,2025-07-07 15:40:04.378019410,2025-07-07 15:40:04.328019410,RGM_0060720,1,3.16061226637188e-05,False,False
N054_C0003388,54,2025-07-07 15:40:04.303019410,2025-07-07 15:40:04.403019410,2025-07-07 15:40:04.353019410,RGM_0060738,2,3.330276831854822e-05,False,False
N052_C0002941,52,2025-07-07 15:40:04.778019410,2025-07-07 15:40:04.878019410,2025-07-07 15:40:04.828019410,RGM_0060774,2,3.418685981063801e-05,False,False
N054_C0003389,54,2025-07-07 15:40:04.778019410,2025-07-07 15:40:05.203019410,2025-07-07 15:40:04.878019410,RGM_0060778,1,3.480895867069823e-05,False,False
N052_C0002942,52,2025-07-07 15:40:08.178019410,2025-07-07 15:40:08.278019410,2025-07-07 15:40:08.228019410,RGM_0060799,1,2.505783363364863e-05,False,False
N055_C0003739,55,2025-07-07 15:40:08.178019410,2025-07-07 15:40:08.278019410,2025-07-07 15:40:08.228019410,RGM_0060791,1,2.505783363364863e-05,False,False
N056_C0004007,56,2025-07-07 15:40:08.178019410,2025-07-07 15:40:08.278019410,2025-07-07 15:40:08.228019410,RGM_0060797,1,2.355166777109079e-05,False,False
N054_C0003390,54,2025-07-07 15:40:08.603019410,2025-07-07 15:40:08.653019410,2025-07-07 15:40:08.628019410,RGM_0060812,1,2.767684229603607e-05,False,False
N055_C0003740,55,2025-07-07 15:40:08.603019410,2025-07-07 15:40:08.653019410,2025-07-07 15:40:08.628019410,RGM_0060815,1,2.767684229603607e-05,False,False
N056_C0004008,56,2025-07-07 15:40:08.578019410,2025-07-07 15:40:08.678019410,2025-07-07 15:40:08.628019410,RGM_0060813,1,2.8092710313467775e-05,False,False
N055_C0003741,55,2025-07-07 15:40:08.828019410,2025-07-07 15:40:08.878019410,2025-07-07 15:40:08.853019410,RGM_0060827,1,1.4197632482897471e-05,False,False
N056_C0004009,56,2025-07-07 15:40:08.803019410,2025-07-07 15:40:08.903019410,2025-07-07 15:40:08.853019410,RGM_0060826,1,1.375821657209668e-05,False,False
N044_C0002256,44,2025-07-07 15:40:10.228019410,2025-07-07 15:40:10.428019410,2025-07-07 15:40:10.328019410,RGM_0060834,1,1.5727481804111433e-05,False,False
N055_C0003742,55,2025-07-07 15:40:10.078019410,2025-07-07 15:40:10.428019410,2025-07-07 15:40:10.328019410,RGM_0060833,2,5.7305428405291535e-05,False,False
N052_C0002943,52,2025-07-07 15:40:10.278019410,2025-07-07 15:40:10.478019410,2025-07-07 15:40:10.378019410,RGM_0060843,1,4.988505836025336e-05,False,False
N053_C0003221,53,2025-07-07 15:40:10.353019410,2025-07-07 15:40:10.403019410,2025-07-07 15:40:10.378019410,RGM_0060854,1,4.852690240990497e-05,False,False
N054_C0003391,54,2025-07-07 15:40:10.353019410,2025-07-07 15:40:10.403019410,2025-07-07 15:40:10.378019410,RGM_0060850,1,4.852690240990497e-05,False,False
N054_C0003392,54,2025-07-07 15:40:11.928019410,2025-07-07 15:40:12.028019410,2025-07-07 15:40:11.978019410,RGM_0060920,1,2.131482079772139e-05,False,False
N055_C0003743,55,2025-07-07 15:40:11.928019410,2025-07-07 15:40:12.128019410,2025-07-07 15:40:11.978019410,RGM_0060919,1,2.215783790618267e-05,False,False
N056_C0004010,56,2025-07-07 15:40:11.928019410,2025-07-07 15:40:12.028019410,2025-07-07 15:40:11.978019410,RGM_0060924,2,2.131482079772139e-05,False,False
N044_C0002257,44,2025-07-07 15:40:18.028019410,2025-07-07 15:40:18.128019410,2025-07-07 15:40:18.078019410,RGM_0061016,1,9.796284801580749e-06,False,False
N053_C0003222,53,2025-07-07 15:40:18.028019410,2025-07-07 15:40:18.128019410,2025-07-07 15:40:18.078019410,RGM_0061019,1,3.907849622832899e-05,False,False
N054_C0003393,54,2025-07-07 15:40:18.053019410,2025-07-07 15:40:18.103019410,2025-07-07 15:40:18.078019410,RGM_0061024,1,3.704392130343993e-05,False,False
N052_C0002944,52,2025-07-07 15:40:18.053019410,2025-07-07 15:40:18.153019410,2025-07-07 15:40:18.103019410,RGM_0061044,2,3.935253377591541e-05,False,False
N056_C0004011,56,2025-07-07 15:40:18.053019410,2025-07-07 15:40:18.153019410,2025-07-07 15:40:18.103019410,RGM_0061047,2,3.332331076130114e-05,False,False
N044_C0002258,44,2025-07-07 15:40:18.278019410,2025-07-07 15:40:18.328019410,2025-07-07 15:40:18.303019410,RGM_0061058,1,4.332138214861255e-06,False,False
N056_C0004012,56,2025-07-07 15:40:18.253019410,2025-07-07 15:40:18.353019410,2025-07-07 15:40:18.303019410,RGM_0061059,1,2.0825586465180324e-05,False,False
N052_C0002945,52,2025-07-07 15:40:18.278019410,2025-07-07 15:40:18.378019410,2025-07-07 15:40:18.328019410,RGM_0061064,1,2.108064787680209e-05,False,False
N055_C0003744,55,2025-07-07 15:40:18.028019410,2025-07-07 15:40:18.553019410,2025-07-07 15:40:18.328019410,RGM_0061063,4,6.503872606438057e-05,False,False
N052_C0002946,52,2025-07-07 15:40:20.378019410,2025-07-07 15:40:20.578019410,2025-07-07 15:40:20.478019410,RGM_0061077,2,3.674136486959335e-05,False,False
N055_C0003745,55,2025-07-07 15:40:20.378019410,2025-07-07 15:40:20.578019410,2025-07-07 15:40:20.478019410,RGM_0061079,3,3.5750027047556945e-05,False,False
N056_C0004013,56,2025-07-07 15:40:20.378019410,2025-07-07 15:40:20.578019410,2025-07-07 15:40:20.478019410,RGM_0061078,2,3.406833482350307e-05,False,False
N053_C0003223,53,2025-07-07 15:40:20.528019410,2025-07-07 15:40:20.578019410,2025-07-07 15:40:20.553019410,RGM_0061095,1,3.380346606591738e-05,False,False
N054_C0003394,54,2025-07-07 15:40:20.478019410,2025-07-07 15:40:20.678019410,2025-07-07 15:40:20.553019410,RGM_0061096,1,3.628386737964201e-05,False,False
N054_C0003395,54,2025-07-07 15:40:21.203019410,2025-07-07 15:40:21.303019410,2025-07-07 15:40:21.253019410,RGM_0061104,1,1.833241683535772e-05,False,False
N056_C0004014,56,2025-07-07 15:40:21.178019410,2025-07-07 15:40:21.528019410,2025-07-07 15:40:21.278019410,RGM_0061107,1,2.4789021709045595e-05,False,False
N055_C0003746,55,2025-07-07 15:40:24.178019410,2025-07-07 15:40:24.678019410,2025-07-07 15:40:24.528019410,RGM_0061179,2,7.025746216334721e-05,False,False
N052_C0002947,52,2025-07-07 15:40:24.553019410,2025-07-07 15:40:24.653019410,2025-07-07 15:40:24.603019410,RGM_0061190,2,2.7198388091116053e-05,False,False
N054_C0003396,54,2025-07-07 15:40:24.553019410,2025-07-07 15:40:24.653019410,2025-07-07 15:40:24.603019410,RGM_0061187,1,2.7198388091116053e-05,False,False
N056_C0004015,56,2025-07-07 15:40:24.553019410,2025-07-07 15:40:24.653019410,2025-07-07 15:40:24.603019410,RGM_0061189,1,2.6868220484909096e-05,False,False
N057_C0004145,57,2025-07-07 15:40:24.553019410,2025-07-07 15:40:24.653019410,2025-07-07 15:40:24.603019410,RGM_0061188,1,2.2426305514372124e-05,False,False
N052_C0002948,52,2025-07-07 15:40:24.753019410,2025-07-07 15:40:24.853019410,2025-07-07 15:40:24.803019410,RGM_0061206,1,1.4124785093259449e-05,False,False
N055_C0003747,55,2025-07-07 15:40:24.778019410,2025-07-07 15:40:24.828019410,2025-07-07 15:40:24.803019410,RGM_0061204,1,1.011679686485033e-05,False,False
N055_C0003748,55,2025-07-07 15:40:27.578019410,2025-07-07 15:40:27.678019410,2025-07-07 15:40:27.628019410,RGM_0061256,1,3.031916583669731e-05,False,False
N056_C0004016,56,2025-07-07 15:40:27.428019410,2025-07-07 15:40:27.928019410,2025-07-07 15:40:27.628019410,RGM_0061254,1,7.453145273333743e-05,False,False
N054_C0003397,54,2025-07-07 15:40:30.078019410,2025-07-07 15:40:30.128019410,2025-07-07 15:40:30.103019410,RGM_0061341,1,1.5062586818241336e-05,False,False
N055_C0003749,55,2025-07-07 15:40:30.278019410,2025-07-07 15:40:30.878019410,2025-07-07 15:40:30.828019410,RGM_0061362,1,5.8231631404540094e-05,False,False
N052_C0002949,52,2025-07-07 15:40:32.378019410,2025-07-07 15:40:32.428019410,2025-07-07 15:40:32.403019410,RGM_0061387,1,3.7212193904429e-05,False,False
N056_C0004017,56,2025-07-07 15:40:32.378019410,2025-07-07 15:40:32.428019410,2025-07-07 15:40:32.403019410,RGM_0061388,1,3.453194044772213e-05,False,False
N055_C0003750,55,2025-07-07 15:40:32.378019410,2025-07-07 15:40:33.053019410,2025-07-07 15:40:32.478019410,RGM_0061390,1,6.553150609045842e-05,False,False
N055_C0003751,55,2025-07-07 15:40:35.028019410,2025-07-07 15:40:35.228019410,2025-07-07 15:40:35.128019410,RGM_0061403,1,3.002597411329526e-05,False,False
N056_C0004018,56,2025-07-07 15:40:35.103019410,2025-07-07 15:40:35.203019410,2025-07-07 15:40:35.153019410,RGM_0061406,2,2.919223784186051e-05,False,False
N052_C0002950,52,2025-07-07 15:40:35.428019410,2025-07-07 15:40:35.478019410,2025-07-07 15:40:35.453019410,RGM_0061418,1,1.809437062908536e-05,False,False
N055_C0003752,55,2025-07-07 15:40:35.428019410,2025-07-07 15:40:35.628019410,2025-07-07 15:40:35.453019410,RGM_0061419,1,2.1637963393169957e-05,False,False
N056_C0004019,56,2025-07-07 15:40:35.428019410,2025-07-07 15:40:35.478019410,2025-07-07 15:40:35.453019410,RGM_0061424,1,1.809437062908536e-05,False,False
N053_C0003224,53,2025-07-07 15:40:40.078019410,2025-07-07 15:40:40.178019410,2025-07-07 15:40:40.128019410,RGM_0061449,1,1.2554663994023297e-05,False,False
N055_C0003753,55,2025-07-07 15:40:40.078019410,2025-07-07 15:40:40.178019410,2025-07-07 15:40:40.128019410,RGM_0061447,1,1.185872269484409e-05,False,False
N052_C0002951,52,2025-07-07 15:40:40.378019410,2025-07-07 15:40:40.478019410,2025-07-07 15:40:40.428019410,RGM_0061466,1,2.8704859204656047e-05,False,False
N053_C0003225,53,2025-07-07 15:40:40.378019410,2025-07-07 15:40:40.478019410,2025-07-07 15:40:40.428019410,RGM_0061465,1,2.8704859204656047e-05,False,False
N056_C0004020,56,2025-07-07 15:40:40.378019410,2025-07-07 15:40:40.478019410,2025-07-07 15:40:40.428019410,RGM_0061467,2,2.4420345702021717e-05,False,False
N055_C0003754,55,2025-07-07 15:40:40.378019410,2025-07-07 15:40:41.053019410,2025-07-07 15:40:40.478019410,RGM_0061469,2,4.059188996073122e-05,False,False
N055_C0003755,55,2025-07-07 15:40:48.503019410,2025-07-07 15:40:48.553019410,2025-07-07 15:40:48.528019410,RGM_0061540,1,1.2700330251165906e-05,False,False
N056_C0004021,56,2025-07-07 15:40:48.303019410,2025-07-07 15:40:48.878019410,2025-07-07 15:40:48.528019410,RGM_0061531,2,7.015704329708805e-05,False,False
N055_C0003756,55,2025-07-07 15:40:49.053019410,2025-07-07 15:40:49.278019410,2025-07-07 15:40:49.178019410,RGM_0061579,2,5.759169276704016e-05,False,False
N056_C0004022,56,2025-07-07 15:40:49.178019410,2025-07-07 15:40:49.303019410,2025-07-07 15:40:49.228019410,RGM_0061582,2,4.548191884034904e-05,False,False
N054_C0003398,54,2025-07-07 15:40:49.203019410,2025-07-07 15:40:49.303019410,2025-07-07 15:40:49.253019410,RGM_0061590,1,4.547585770977118e-05,False,False
N053_C0003226,53,2025-07-07 15:40:49.228019410,2025-07-07 15:40:49.328019410,2025-07-07 15:40:49.278019410,RGM_0061599,1,4.526538923444805e-05,False,False
N009_C0000545,9,2025-07-07 15:40:49.528019410,2025-07-07 15:40:49.628019410,2025-07-07 15:40:49.578019410,RGM_0061602,1,0.0002648122618863,False,False
N000_C0000022,0,2025-07-07 15:40:49.678019410,2025-07-07 15:40:49.928019410,2025-07-07 15:40:49.753019410,RGM_0061603,1,0.000381813596013,False,False
N005_C0000176,5,2025-07-07 15:40:49.178019410,2025-07-07 15:40:50.178019410,2025-07-07 15:40:49.753019410,RGM_0061604,2,0.0008554005949425,False,False
N008_C0000484,8,2025-07-07 15:40:49.728019410,2025-07-07 15:40:49.928019410,2025-07-07 15:40:49.828019410,RGM_0061605,1,0.0004350643651443,False,False
N056_C0004023,56,2025-07-07 15:40:52.978019410,2025-07-07 15:40:53.078019410,2025-07-07 15:40:53.028019410,RGM_0061629,1,1.4668899801998311e-05,False,False
N055_C0003757,55,2025-07-07 15:40:53.003019410,2025-07-07 15:40:53.328019410,2025-07-07 15:40:53.128019410,RGM_0061635,2,4.586158315646347e-05,False,False
N053_C0003227,53,2025-07-07 15:40:53.128019410,2025-07-07 15:40:53.228019410,2025-07-07 15:40:53.178019410,RGM_0061636,1,3.096989136085264e-05,False,False
N056_C0004024,56,2025-07-07 15:40:53.128019410,2025-07-07 15:40:53.228019410,2025-07-07 15:40:53.203019410,RGM_0061638,1,3.096989136085264e-05,False,False
N056_C0004025,56,2025-07-07 15:41:00.128019410,2025-07-07 15:41:00.328019410,2025-07-07 15:41:00.228019410,RGM_0061707,2,2.915090993889029e-05,False,False
N007_C0000456,7,2025-07-07 15:41:02.028019410,2025-07-07 15:41:02.078019410,2025-07-07 15:41:02.053019410,RGM_0061733,1,0.0001571872936881,False,False
N005_C0000177,5,2025-07-07 15:41:01.978019410,2025-07-07 15:41:03.378019410,2025-07-07 15:41:02.078019410,RGM_0061735,1,0.0003924357052283,False,False
N030_C0001306,30,2025-07-07 15:41:08.703019410,2025-07-07 15:41:08.828019410,2025-07-07 15:41:08.778019410,RGM_0061778,1,0.0007824615847288,False,False
N031_C0001447,31,2025-07-07 15:41:08.728019410,2025-07-07 15:41:08.853019410,2025-07-07 15:41:08.803019410,RGM_0061779,1,0.0007775423667043,False,False
N005_C0000178,5,2025-07-07 15:41:10.878019410,2025-07-07 15:41:11.078019410,2025-07-07 15:41:10.953019410,RGM_0061794,1,0.0002064833809477,False,False
N052_C0002952,52,2025-07-07 15:41:15.728019410,2025-07-07 15:41:15.928019410,2025-07-07 15:41:15.828019410,RGM_0061847,1,3.20209558134892e-05,False,False
N053_C0003228,53,2025-07-07 15:41:15.803019410,2025-07-07 15:41:15.853019410,2025-07-07 15:41:15.828019410,RGM_0061853,1,2.884777071904142e-05,False,False
N054_C0003399,54,2025-07-07 15:41:15.803019410,2025-07-07 15:41:15.853019410,2025-07-07 15:41:15.828019410,RGM_0061869,1,2.884777071904142e-05,False,False
N055_C0003758,55,2025-07-07 15:41:15.778019410,2025-07-07 15:41:15.903019410,2025-07-07 15:41:15.853019410,RGM_0061871,2,3.0173479914050605e-05,False,False
N056_C0004026,56,2025-07-07 15:41:15.778019410,2025-07-07 15:41:15.978019410,2025-07-07 15:41:15.878019410,RGM_0061872,2,2.992001594061178e-05,False,False
N056_C0004027,56,2025-07-07 15:41:16.678019410,2025-07-07 15:41:16.903019410,2025-07-07 15:41:16.828019410,RGM_0061908,1,1.7159840908473936e-05,False,False
N055_C0003759,55,2025-07-07 15:41:30.078019410,2025-07-07 15:41:30.278019410,2025-07-07 15:41:30.178019410,RGM_0061981,1,6.813462399178847e-05,False,False
N053_C0003229,53,2025-07-07 15:41:30.053019410,2025-07-07 15:41:30.553019410,2025-07-07 15:41:30.453019410,RGM_0061997,1,0.0001040811436152,False,False
N056_C0004028,56,2025-07-07 15:41:30.428019410,2025-07-07 15:41:30.553019410,2025-07-07 15:41:30.503019410,RGM_0062000,1,2.9002305767940452e-05,False,False
N055_C0003760,55,2025-07-07 15:41:30.928019410,2025-07-07 15:41:31.553019410,2025-07-07 15:41:31.078019410,RGM_0062002,2,8.423304513461121e-05,False,False
N052_C0002953,52,2025-07-07 15:41:31.328019410,2025-07-07 15:41:31.428019410,2025-07-07 15:41:31.378019410,RGM_0062012,1,6.271133974282703e-05,False,False
N056_C0004029,56,2025-07-07 15:41:31.278019410,2025-07-07 15:41:31.478019410,2025-07-07 15:41:31.378019410,RGM_0062009,1,6.414297459802656e-05,False,False
N056_C0004030,56,2025-07-07 15:41:31.828019410,2025-07-07 15:41:31.928019410,2025-07-07 15:41:31.878019410,RGM_0062020,1,1.0431242309417632e-05,False,False
N056_C0004031,56,2025-07-07 15:41:32.053019410,2025-07-07 15:41:32.128019410,2025-07-07 15:41:32.103019410,RGM_0062021,1,6.765113812562943e-06,False,False
N056_C0004032,56,2025-07-07 15:41:34.503019410,2025-07-07 15:41:35.153019410,2025-07-07 15:41:34.853019410,RGM_0062039,1,2.393379974850963e-05,False,False
N056_C0004033,56,2025-07-07 15:41:36.778019410,2025-07-07 15:41:36.878019410,2025-07-07 15:41:36.803019410,RGM_0062047,1,1.3370687055760902e-05,False,False
N052_C0002954,52,2025-07-07 15:41:36.978019410,2025-07-07 15:41:37.028019410,2025-07-07 15:41:37.003019410,RGM_0062054,1,3.635016920243904e-05,False,False
N054_C0003400,54,2025-07-07 15:41:36.953019410,2025-07-07 15:41:37.053019410,2025-07-07 15:41:37.003019410,RGM_0062053,1,3.713847392472737e-05,False,False
N055_C0003761,55,2025-07-07 15:41:36.978019410,2025-07-07 15:41:37.178019410,2025-07-07 15:41:37.078019410,RGM_0062061,2,5.112682855331804e-05,False,False
N056_C0004034,56,2025-07-07 15:41:36.928019410,2025-07-07 15:41:37.428019410,2025-07-07 15:41:37.178019410,RGM_0062062,4,0.0001138777736024,False,False
N053_C0003230,53,2025-07-07 15:41:37.228019410,2025-07-07 15:41:37.428019410,2025-07-07 15:41:37.353019410,RGM_0062064,1,6.139248523008174e-05,False,False
N054_C0003401,54,2025-07-07 15:41:37.353019410,2025-07-07 15:41:37.453019410,2025-07-07 15:41:37.403019410,RGM_0062069,1,6.001106932677259e-05,False,False
N055_C0003762,55,2025-07-07 15:41:37.353019410,2025-07-07 15:41:37.453019410,2025-07-07 15:41:37.403019410,RGM_0062067,1,6.001106932677259e-05,False,False
N052_C0002955,52,2025-07-07 15:41:37.328019410,2025-07-07 15:41:38.928019410,2025-07-07 15:41:37.428019410,RGM_0062074,2,0.0001327061814676,False,False
N056_C0004035,56,2025-07-07 15:41:40.328019410,2025-07-07 15:41:40.528019410,2025-07-07 15:41:40.453019410,RGM_0062088,1,6.401186053466364e-05,False,False
N054_C0003402,54,2025-07-07 15:41:40.428019410,2025-07-07 15:41:40.628019410,2025-07-07 15:41:40.528019410,RGM_0062100,2,6.505468893837775e-05,False,False
N055_C0003763,55,2025-07-07 15:41:40.428019410,2025-07-07 15:41:40.628019410,2025-07-07 15:41:40.528019410,RGM_0062101,2,6.505468893837775e-05,False,False
N053_C0003231,53,2025-07-07 15:41:44.053019410,2025-07-07 15:41:44.578019410,2025-07-07 15:41:44.553019410,RGM_0062152,1,8.214178620202178e-05,False,False
N055_C0003764,55,2025-07-07 15:41:44.503019410,2025-07-07 15:41:44.628019410,2025-07-07 15:41:44.553019410,RGM_0062156,1,4.046909771234304e-05,False,False
N056_C0004036,56,2025-07-07 15:41:44.503019410,2025-07-07 15:41:44.603019410,2025-07-07 15:41:44.553019410,RGM_0062153,1,3.99365376737719e-05,False,False
N055_C0003765,55,2025-07-07 15:41:44.928019410,2025-07-07 15:41:44.978019410,2025-07-07 15:41:44.953019410,RGM_0062160,1,5.36519902305515e-06,False,False
N052_C0002956,52,2025-07-07 15:41:50.253019410,2025-07-07 15:41:50.353019410,2025-07-07 15:41:50.278019410,RGM_0062220,1,1.3778797383203885e-05,False,False
N055_C0003766,55,2025-07-07 15:41:50.228019410,2025-07-07 15:41:50.328019410,2025-07-07 15:41:50.278019410,RGM_0062217,1,1.3327065913417498e-05,False,False
N053_C0003232,53,2025-07-07 15:41:50.428019410,2025-07-07 15:41:50.928019410,2025-07-07 15:41:50.653019410,RGM_0062230,1,6.485073542767152e-05,False,False
N054_C0003403,54,2025-07-07 15:41:50.653019410,2025-07-07 15:41:50.753019410,2025-07-07 15:41:50.703019410,RGM_0062235,1,5.801665766804066e-05,False,False
N056_C0004037,56,2025-07-07 15:41:50.653019410,2025-07-07 15:41:50.753019410,2025-07-07 15:41:50.703019410,RGM_0062241,1,5.801665766804066e-05,False,False
N055_C0003767,55,2025-07-07 15:41:50.678019410,2025-07-07 15:41:50.878019410,2025-07-07 15:41:50.778019410,RGM_0062245,1,5.9208723109059846e-05,False,False
N052_C0002957,52,2025-07-07 15:41:54.378019410,2025-07-07 15:41:54.578019410,2025-07-07 15:41:54.478019410,RGM_0062311,1,3.236569465450619e-05,False,False
N056_C0004038,56,2025-07-07 15:41:54.378019410,2025-07-07 15:41:54.628019410,2025-07-07 15:41:54.478019410,RGM_0062310,1,3.287051204444658e-05,False,False
N004_C0000079,4,2025-07-07 15:41:57.153019410,2025-07-07 15:41:57.928019410,2025-07-07 15:41:57.603019410,RGM_0062343,1,9.607658434471386e-05,False,False
N056_C0004039,56,2025-07-07 15:41:58.878019410,2025-07-07 15:41:59.078019410,2025-07-07 15:41:58.978019410,RGM_0062347,1,3.1562121512443384e-05,False,False
N055_C0003768,55,2025-07-07 15:41:59.228019410,2025-07-07 15:41:59.478019410,2025-07-07 15:41:59.378019410,RGM_0062351,2,5.67370805239346e-05,False,False
N054_C0003404,54,2025-07-07 15:41:59.353019410,2025-07-07 15:41:59.453019410,2025-07-07 15:41:59.403019410,RGM_0062355,1,5.462451739236015e-05,False,False
N056_C0004040,56,2025-07-07 15:41:59.378019410,2025-07-07 15:41:59.428019410,2025-07-07 15:41:59.403019410,RGM_0062354,1,5.355117542871272e-05,False,False
N053_C0003233,53,2025-07-07 15:41:59.328019410,2025-07-07 15:41:59.578019410,2025-07-07 15:41:59.428019410,RGM_0062363,1,5.627532775875612e-05,False,False
N056_C0004041,56,2025-07-07 15:42:05.278019410,2025-07-07 15:42:06.303019410,2025-07-07 15:42:05.903019410,RGM_0062394,3,7.175565379572945e-05,False,False
N053_C0003234,53,2025-07-07 15:42:05.828019410,2025-07-07 15:42:06.028019410,2025-07-07 15:42:05.928019410,RGM_0062397,1,6.341145935654178e-05,False,False
N052_C0002958,52,2025-07-07 15:42:05.828019410,2025-07-07 15:42:06.028019410,2025-07-07 15:42:05.953019410,RGM_0062403,1,6.341145935654178e-05,False,False
N055_C0003769,55,2025-07-07 15:42:05.928019410,2025-07-07 15:42:05.978019410,2025-07-07 15:42:05.953019410,RGM_0062402,1,5.9471174390319446e-05,False,False
N055_C0003770,55,2025-07-07 15:42:15.728019410,2025-07-07 15:42:15.778019410,2025-07-07 15:42:15.753019410,RGM_0062472,1,5.389215588493615e-06,False,False
N052_C0002959,52,2025-07-07 15:42:20.703019410,2025-07-07 15:42:20.753019410,2025-07-07 15:42:20.728019410,RGM_0062532,1,4.621655171962497e-05,False,False
N053_C0003235,53,2025-07-07 15:42:20.678019410,2025-07-07 15:42:20.778019410,2025-07-07 15:42:20.728019410,RGM_0062526,1,4.733696417166742e-05,False,False
N055_C0003771,55,2025-07-07 15:42:20.678019410,2025-07-07 15:42:20.878019410,2025-07-07 15:42:20.778019410,RGM_0062544,2,4.928307036645695e-05,False,False
N052_C0002960,52,2025-07-07 15:42:21.053019410,2025-07-07 15:42:21.578019410,2025-07-07 15:42:21.303019410,RGM_0062549,2,0.0001822128317826,False,False
N041_C0002233,41,2025-07-07 15:42:21.328019410,2025-07-07 15:42:21.528019410,2025-07-07 15:42:21.428019410,RGM_0062556,1,2.183016978320384e-05,False,False
N042_C0002237,42,2025-07-07 15:42:21.328019410,2025-07-07 15:42:21.528019410,2025-07-07 15:42:21.428019410,RGM_0062555,1,2.183016978320384e-05,False,False
N044_C0002259,44,2025-07-07 15:42:21.328019410,2025-07-07 15:42:21.528019410,2025-07-07 15:42:21.428019410,RGM_0062554,1,2.183016978320384e-05,False,False
N040_C0002223,40,2025-07-07 15:42:21.378019410,2025-07-07 15:42:21.578019410,2025-07-07 15:42:21.478019410,RGM_0062561,1,2.1598480009956878e-05,False,False
N057_C0004146,57,2025-07-07 15:42:20.678019410,2025-07-07 15:42:22.678019410,2025-07-07 15:42:21.678019410,RGM_0062634,2,0.0002934866037115,False,False
N053_C0003236,53,2025-07-07 15:42:22.078019410,2025-07-07 15:42:22.128019410,2025-07-07 15:42:22.103019410,RGM_0062658,1,4.472301752548061e-05,False,False
N055_C0003772,55,2025-07-07 15:42:22.028019410,2025-07-07 15:42:22.228019410,2025-07-07 15:42:22.103019410,RGM_0062638,2,4.782788019047354e-05,False,False
N056_C0004042,56,2025-07-07 15:42:20.303019410,2025-07-07 15:42:22.428019410,2025-07-07 15:42:22.103019410,RGM_0062652,4,0.0002526932689748,False,False
N052_C0002961,52,2025-07-07 15:42:23.628019410,2025-07-07 15:42:23.678019410,2025-07-07 15:42:23.653019410,RGM_0062670,1,4.032264802534326e-05,False,False
N055_C0003773,55,2025-07-07 15:42:23.428019410,2025-07-07 15:42:24.428019410,2025-07-07 15:42:23.653019410,RGM_0062669,1,0.0001337713157321,False,False
N056_C0004043,56,2025-07-07 15:42:23.603019410,2025-07-07 15:42:23.703019410,2025-07-07 15:42:23.653019410,RGM_0062671,1,4.147033719061544e-05,False,False
N052_C0002962,52,2025-07-07 15:42:26.103019410,2025-07-07 15:42:26.203019410,2025-07-07 15:42:26.128019410,RGM_0062686,1,6.542882600430937e-05,False,False
N054_C0003405,54,2025-07-07 15:42:26.028019410,2025-07-07 15:42:26.228019410,2025-07-07 15:42:26.128019410,RGM_0062688,1,6.691853078397046e-05,False,False
N056_C0004044,56,2025-07-07 15:42:23.928019410,2025-07-07 15:42:27.628019410,2025-07-07 15:42:26.128019410,RGM_0062689,3,0.0001812481118994,False,False
N056_C0004045,56,2025-07-07 15:42:29.403019410,2025-07-07 15:42:30.278019410,2025-07-07 15:42:30.153019410,RGM_0062713,1,7.157080721953409e-05,False,False
N053_C0003237,53,2025-07-07 15:42:30.128019410,2025-07-07 15:42:30.228019410,2025-07-07 15:42:30.203019410,RGM_0062715,1,2.191866714508022e-05,False,False
N055_C0003774,55,2025-07-07 15:42:30.178019410,2025-07-07 15:42:30.228019410,2025-07-07 15:42:30.203019410,RGM_0062716,1,2.1133332277868485e-05,False,False
N053_C0003238,53,2025-07-07 15:42:31.678019410,2025-07-07 15:42:32.178019410,2025-07-07 15:42:31.928019410,RGM_0062741,1,6.865623874870914e-05,False,False
N054_C0003406,54,2025-07-07 15:42:31.678019410,2025-07-07 15:42:32.678019410,2025-07-07 15:42:32.178019410,RGM_0062745,3,0.0001682265510639,False,False
N055_C0003775,55,2025-07-07 15:42:31.678019410,2025-07-07 15:42:33.178019410,2025-07-07 15:42:32.178019410,RGM_0062743,5,0.0001682265510639,False,False
N052_C0002963,52,2025-07-07 15:42:32.128019410,2025-07-07 15:42:32.428019410,2025-07-07 15:42:32.203019410,RGM_0062749,1,5.568037595381764e-05,False,False
N051_C0002491,51,2025-07-07 15:42:32.178019410,2025-07-07 15:42:32.803019410,2025-07-07 15:42:32.428019410,RGM_0062754,3,7.886795665580757e-05,False,False
N052_C0002964,52,2025-07-07 15:42:32.603019410,2025-07-07 15:42:32.703019410,2025-07-07 15:42:32.653019410,RGM_0062764,1,5.497606278012928e-05,False,False
N056_C0004046,56,2025-07-07 15:42:31.678019410,2025-07-07 15:42:33.678019410,2025-07-07 15:42:32.678019410,RGM_0062768,5,0.0001989020142888,False,False
N008_C0000485,8,2025-07-07 15:42:32.678019410,2025-07-07 15:42:33.178019410,2025-07-07 15:42:32.928019410,RGM_0062771,1,0.0001994917616893,False,False
N005_C0000179,5,2025-07-07 15:42:32.978019410,2025-07-07 15:42:33.028019410,2025-07-07 15:42:33.003019410,RGM_0062779,1,8.739968659163298e-05,False,False
N057_C0004147,57,2025-07-07 15:42:33.753019410,2025-07-07 15:42:33.803019410,2025-07-07 15:42:33.778019410,RGM_0062787,1,4.933911145283508e-06,False,False
N055_C0003776,55,2025-07-07 15:42:34.803019410,2025-07-07 15:42:35.303019410,2025-07-07 15:42:35.028019410,RGM_0062802,1,8.49721851836415e-05,False,False
N056_C0004047,56,2025-07-07 15:42:34.928019410,2025-07-07 15:42:35.453019410,2025-07-07 15:42:35.203019410,RGM_0062803,1,8.768619278739621e-05,False,False
N055_C0003777,55,2025-07-07 15:42:36.428019410,2025-07-07 15:42:37.428019410,2025-07-07 15:42:36.928019410,RGM_0062819,3,0.0002338096100819,False,False
N052_C0002965,52,2025-07-07 15:42:36.978019410,2025-07-07 15:42:37.028019410,2025-07-07 15:42:37.003019410,RGM_0062838,1,5.902344330049807e-05,False,False
N057_C0004148,57,2025-07-07 15:42:36.953019410,2025-07-07 15:42:37.053019410,2025-07-07 15:42:37.003019410,RGM_0062829,2,5.097879443937266e-05,False,False
N052_C0002966,52,2025-07-07 15:42:37.128019410,2025-07-07 15:42:37.378019410,2025-07-07 15:42:37.228019410,RGM_0062858,2,0.0001392459628609,False,False
N053_C0003239,53,2025-07-07 15:42:37.128019410,2025-07-07 15:42:37.328019410,2025-07-07 15:42:37.228019410,RGM_0062859,1,0.0001392459628609,False,False
N051_C0002492,51,2025-07-07 15:42:37.228019410,2025-07-07 15:42:37.428019410,2025-07-07 15:42:37.328019410,RGM_0062905,1,9.320788465388208e-05,False,False
N053_C0003240,53,2025-07-07 15:42:37.753019410,2025-07-07 15:42:37.803019410,2025-07-07 15:42:37.778019410,RGM_0062908,1,1.760865255434653e-05,False,False
N055_C0003778,55,2025-07-07 15:42:37.678019410,2025-07-07 15:42:37.878019410,2025-07-07 15:42:37.778019410,RGM_0062910,1,2.0638137740104524e-05,False,False
N056_C0004048,56,2025-07-07 15:42:36.428019410,2025-07-07 15:42:38.678019410,2025-07-07 15:42:37.778019410,RGM_0062909,4,0.0002832394934589,False,False
N056_C0004049,56,2025-07-07 15:42:41.078019410,2025-07-07 15:42:41.303019410,2025-07-07 15:42:41.278019410,RGM_0062945,1,1.4297136793774168e-05,False,False
N052_C0002967,52,2025-07-07 15:42:41.878019410,2025-07-07 15:42:41.928019410,2025-07-07 15:42:41.903019410,RGM_0062951,1,4.583781543565476e-05,False,False
N056_C0004050,56,2025-07-07 15:42:41.678019410,2025-07-07 15:42:42.303019410,2025-07-07 15:42:41.928019410,RGM_0062956,3,8.223939200235916e-05,False,False
N052_C0002968,52,2025-07-07 15:42:42.128019410,2025-07-07 15:42:42.178019410,2025-07-07 15:42:42.153019410,RGM_0062959,1,2.8490780718775757e-05,False,False
N053_C0003241,53,2025-07-07 15:42:42.128019410,2025-07-07 15:42:42.178019410,2025-07-07 15:42:42.153019410,RGM_0062961,1,2.8490780718775757e-05,False,False
N055_C0003779,55,2025-07-07 15:42:42.128019410,2025-07-07 15:42:42.178019410,2025-07-07 15:42:42.153019410,RGM_0062963,1,2.8490780718775757e-05,False,False
N055_C0003780,55,2025-07-07 15:42:42.303019410,2025-07-07 15:42:42.403019410,2025-07-07 15:42:42.378019410,RGM_0062971,1,1.3832919495231409e-05,False,False
N005_C0000180,5,2025-07-07 15:42:45.128019410,2025-07-07 15:42:45.178019410,2025-07-07 15:42:45.153019410,RGM_0062999,1,2.3425053574709973e-05,False,False
N005_C0000181,5,2025-07-07 15:42:45.678019410,2025-07-07 15:42:45.978019410,2025-07-07 15:42:45.853019410,RGM_0063004,1,8.748625000234243e-05,False,False
N056_C0004051,56,2025-07-07 15:42:47.053019410,2025-07-07 15:42:49.778019410,2025-07-07 15:42:47.503019410,RGM_0063017,3,0.0001132981729662,False,False
N005_C0000182,5,2025-07-07 15:42:49.203019410,2025-07-07 15:42:50.078019410,2025-07-07 15:42:49.653019410,RGM_0063026,1,0.0001173319434125,False,False
N055_C0003781,55,2025-07-07 15:42:49.678019410,2025-07-07 15:42:49.778019410,2025-07-07 15:42:49.728019410,RGM_0063028,1,2.7269479863450312e-05,False,False
N051_C0002493,51,2025-07-07 15:42:54.753019410,2025-07-07 15:42:54.803019410,2025-07-07 15:42:54.778019410,RGM_0063062,1,1.808779269502944e-05,False,False
N056_C0004052,56,2025-07-07 15:42:54.178019410,2025-07-07 15:42:54.878019410,2025-07-07 15:42:54.778019410,RGM_0063060,2,6.338693628786039e-05,False,False
N056_C0004053,56,2025-07-07 15:42:58.428019410,2025-07-07 15:42:58.678019410,2025-07-07 15:42:58.578019410,RGM_0063079,1,2.0775743117807676e-05,False,False
N055_C0003782,55,2025-07-07 15:43:01.203019410,2025-07-07 15:43:01.303019410,2025-07-07 15:43:01.253019410,RGM_0063103,1,1.6836187846662087e-05,False,False
N056_C0004054,56,2025-07-07 15:43:00.728019410,2025-07-07 15:43:01.328019410,2025-07-07 15:43:01.253019410,RGM_0063106,1,2.5755751745786348e-05,False,False
N006_C0000418,6,2025-07-07 15:43:01.778019410,2025-07-07 15:43:01.978019410,2025-07-07 15:43:01.878019410,RGM_0063116,1,0.0001041722226342,False,False
N053_C0003242,53,2025-07-07 15:43:01.178019410,2025-07-07 15:43:02.178019410,2025-07-07 15:43:02.003019410,RGM_0063122,1,0.0001227610649429,False,False
N052_C0002969,52,2025-07-07 15:43:01.978019410,2025-07-07 15:43:02.078019410,2025-07-07 15:43:02.028019410,RGM_0063136,1,9.237589593550924e-05,False,False
N005_C0000183,5,2025-07-07 15:43:02.053019410,2025-07-07 15:43:02.178019410,2025-07-07 15:43:02.128019410,RGM_0063141,1,0.0002273512004826,False,False
N006_C0000419,6,2025-07-07 15:43:02.078019410,2025-07-07 15:43:02.178019410,2025-07-07 15:43:02.128019410,RGM_0063140,1,0.0003141300986116,False,False
N056_C0004055,56,2025-07-07 15:43:01.928019410,2025-07-07 15:43:03.528019410,2025-07-07 15:43:02.778019410,RGM_0063152,4,0.0001227531550298,False,False
N007_C0000457,7,2025-07-07 15:43:02.853019410,2025-07-07 15:43:02.953019410,2025-07-07 15:43:02.903019410,RGM_0063154,1,0.0001795255502192,False,False
N005_C0000184,5,2025-07-07 15:43:02.678019410,2025-07-07 15:43:04.803019410,2025-07-07 15:43:02.928019410,RGM_0063160,1,0.000420530579294,False,False
N008_C0000486,8,2025-07-07 15:43:02.828019410,2025-07-07 15:43:03.028019410,2025-07-07 15:43:02.928019410,RGM_0063157,1,0.0002030139752816,False,False
N009_C0000546,9,2025-07-07 15:43:02.878019410,2025-07-07 15:43:02.978019410,2025-07-07 15:43:02.928019410,RGM_0063156,2,0.0001788932342957,False,False
N055_C0003783,55,2025-07-07 15:43:03.928019410,2025-07-07 15:43:04.478019410,2025-07-07 15:43:04.378019410,RGM_0063166,2,5.531569858473034e-05,False,False
N056_C0004056,56,2025-07-07 15:43:04.178019410,2025-07-07 15:43:04.803019410,2025-07-07 15:43:04.403019410,RGM_0063169,1,7.916740436791027e-05,False,False
N056_C0004057,56,2025-07-07 15:43:05.928019410,2025-07-07 15:43:06.928019410,2025-07-07 15:43:06.478019410,RGM_0063191,1,0.0001044129956933,False,False
N052_C0002970,52,2025-07-07 15:43:06.428019410,2025-07-07 15:43:06.628019410,2025-07-07 15:43:06.528019410,RGM_0063196,1,7.485218097697426e-05,False,False
N055_C0003784,55,2025-07-07 15:43:06.428019410,2025-07-07 15:43:07.428019410,2025-07-07 15:43:06.528019410,RGM_0063197,1,0.0001083766580427,False,False
N056_C0004058,56,2025-07-07 15:43:11.428019410,2025-07-07 15:43:11.928019410,2025-07-07 15:43:11.678019410,RGM_0063233,1,8.337940259721268e-05,False,False
N052_C0002971,52,2025-07-07 15:43:11.903019410,2025-07-07 15:43:11.953019410,2025-07-07 15:43:11.928019410,RGM_0063237,1,5.74325910117592e-05,False,False
N055_C0003785,55,2025-07-07 15:43:11.878019410,2025-07-07 15:43:12.778019410,2025-07-07 15:43:11.953019410,RGM_0063239,2,9.836283394051104e-05,False,False
N056_C0004059,56,2025-07-07 15:43:13.278019410,2025-07-07 15:43:14.278019410,2025-07-07 15:43:13.453019410,RGM_0063250,1,6.694479710604395e-05,False,False
N052_C0002972,52,2025-07-07 15:43:15.728019410,2025-07-07 15:43:15.928019410,2025-07-07 15:43:15.828019410,RGM_0063267,1,3.988461568042696e-05,False,False
N056_C0004060,56,2025-07-07 15:43:15.778019410,2025-07-07 15:43:15.878019410,2025-07-07 15:43:15.828019410,RGM_0063268,2,3.8636176009633416e-05,False,False
N056_C0004061,56,2025-07-07 15:43:17.803019410,2025-07-07 15:43:18.078019410,2025-07-07 15:43:17.953019410,RGM_0063281,2,6.641102969208404e-05,False,False
N055_C0003786,55,2025-07-07 15:43:17.953019410,2025-07-07 15:43:18.053019410,2025-07-07 15:43:18.003019410,RGM_0063282,1,5.588101956010512e-05,False,False
N056_C0004062,56,2025-07-07 15:43:24.178019410,2025-07-07 15:43:24.678019410,2025-07-07 15:43:24.278019410,RGM_0063320,1,6.502218940817434e-05,False,False
N053_C0003243,53,2025-07-07 15:43:27.678019410,2025-07-07 15:43:29.678019410,2025-07-07 15:43:28.978019410,RGM_0063345,1,0.0001933866433189,False,False
N055_C0003787,55,2025-07-07 15:43:28.878019410,2025-07-07 15:43:29.078019410,2025-07-07 15:43:28.978019410,RGM_0063347,1,5.043136745603426e-05,False,False
N056_C0004063,56,2025-07-07 15:43:28.878019410,2025-07-07 15:43:29.078019410,2025-07-07 15:43:28.978019410,RGM_0063346,1,5.043136745603426e-05,False,False
N055_C0003788,55,2025-07-07 15:43:29.178019410,2025-07-07 15:43:29.278019410,2025-07-07 15:43:29.228019410,RGM_0063353,1,4.811673256766165e-05,False,False
N005_C0000185,5,2025-07-07 15:43:28.828019410,2025-07-07 15:43:30.378019410,2025-07-07 15:43:29.978019410,RGM_0063358,1,0.0002995053271881,False,False
N056_C0004064,56,2025-07-07 15:43:29.128019410,2025-07-07 15:43:31.178019410,2025-07-07 15:43:30.178019410,RGM_0063359,6,0.0002433274787635,False,False
N053_C0003244,53,2025-07-07 15:43:30.778019410,2025-07-07 15:43:30.978019410,2025-07-07 15:43:30.878019410,RGM_0063370,2,0.0001151809974238,False,False
N054_C0003407,54,2025-07-07 15:43:30.778019410,2025-07-07 15:43:31.003019410,2025-07-07 15:43:30.878019410,RGM_0063368,3,0.0001151809974238,False,False
N055_C0003789,55,2025-07-07 15:43:30.778019410,2025-07-07 15:43:31.003019410,2025-07-07 15:43:30.878019410,RGM_0063371,3,0.0001151809974238,False,False
N052_C0002973,52,2025-07-07 15:43:30.903019410,2025-07-07 15:43:31.003019410,2025-07-07 15:43:30.953019410,RGM_0063431,2,0.0001138301911109,False,False
N006_C0000420,6,2025-07-07 15:43:33.153019410,2025-07-07 15:43:33.253019410,2025-07-07 15:43:33.203019410,RGM_0063453,1,0.0001285868325371,False,False
N005_C0000186,5,2025-07-07 15:43:32.678019410,2025-07-07 15:43:33.928019410,2025-07-07 15:43:33.428019410,RGM_0063454,2,0.0002798009368553,False,False
N056_C0004065,56,2025-07-07 15:43:33.653019410,2025-07-07 15:43:33.753019410,2025-07-07 15:43:33.703019410,RGM_0063455,1,2.9601679358845817e-05,False,False
N052_C0002974,52,2025-07-07 15:43:33.553019410,2025-07-07 15:43:34.053019410,2025-07-07 15:43:33.728019410,RGM_0063458,1,3.942423920492427e-05,False,False
N052_C0002975,52,2025-07-07 15:43:36.528019410,2025-07-07 15:43:36.728019410,2025-07-07 15:43:36.628019410,RGM_0063486,2,0.0001105816588823,False,False
N055_C0003790,55,2025-07-07 15:43:36.178019410,2025-07-07 15:43:36.803019410,2025-07-07 15:43:36.628019410,RGM_0063487,2,0.0002335771765011,False,False
N051_C0002494,51,2025-07-07 15:43:36.628019410,2025-07-07 15:43:36.678019410,2025-07-07 15:43:36.653019410,RGM_0063492,1,8.05245192668199e-05,False,False
N056_C0004066,56,2025-07-07 15:43:36.578019410,2025-07-07 15:43:37.278019410,2025-07-07 15:43:36.653019410,RGM_0063495,1,0.0001313655520839,False,False
N006_C0000421,6,2025-07-07 15:43:36.178019410,2025-07-07 15:43:36.878019410,2025-07-07 15:43:36.778019410,RGM_0063498,1,0.0004242994338703,False,False
N005_C0000187,5,2025-07-07 15:43:36.753019410,2025-07-07 15:43:36.853019410,2025-07-07 15:43:36.803019410,RGM_0063499,1,0.0001294878308567,False,False
N009_C0000547,9,2025-07-07 15:43:37.353019410,2025-07-07 15:43:37.453019410,2025-07-07 15:43:37.403019410,RGM_0063502,1,0.0003689086057326,False,False
N005_C0000188,5,2025-07-07 15:43:37.378019410,2025-07-07 15:43:37.578019410,2025-07-07 15:43:37.453019410,RGM_0063506,1,0.0003764799743814,False,False
N005_C0000189,5,2025-07-07 15:43:45.303019410,2025-07-07 15:43:45.803019410,2025-07-07 15:43:45.428019410,RGM_0063550,1,0.0001219109842234,False,False
N051_C0002495,51,2025-07-07 15:43:48.878019410,2025-07-07 15:43:50.178019410,2025-07-07 15:43:49.728019410,RGM_0063584,1,0.0001506181831133,False,False
N053_C0003245,53,2025-07-07 15:43:55.703019410,2025-07-07 15:43:55.753019410,2025-07-07 15:43:55.728019410,RGM_0063624,1,5.10938754160797e-05,False,False
N055_C0003791,55,2025-07-07 15:43:55.703019410,2025-07-07 15:43:55.803019410,2025-07-07 15:43:55.753019410,RGM_0063628,1,5.349072549778374e-05,False,False
N056_C0004067,56,2025-07-07 15:43:55.728019410,2025-07-07 15:43:55.778019410,2025-07-07 15:43:55.753019410,RGM_0063627,1,4.510560547599059e-05,False,False
N056_C0004068,56,2025-07-07 15:43:59.428019410,2025-07-07 15:43:59.628019410,2025-07-07 15:43:59.528019410,RGM_0063656,2,0.0001206863347534,False,False
N052_C0002976,52,2025-07-07 15:43:59.528019410,2025-07-07 15:43:59.628019410,2025-07-07 15:43:59.578019410,RGM_0063671,1,0.0001511358881166,False,False
N055_C0003792,55,2025-07-07 15:43:59.028019410,2025-07-07 15:44:00.428019410,2025-07-07 15:44:00.028019410,RGM_0063694,3,0.000236593030954,False,False
N052_C0002977,52,2025-07-07 15:44:00.053019410,2025-07-07 15:44:00.153019410,2025-07-07 15:44:00.103019410,RGM_0063705,1,5.80113397893694e-05,False,False
N053_C0003246,53,2025-07-07 15:44:00.078019410,2025-07-07 15:44:00.128019410,2025-07-07 15:44:00.103019410,RGM_0063704,1,5.635874241019594e-05,False,False
N054_C0003408,54,2025-07-07 15:44:00.053019410,2025-07-07 15:44:00.153019410,2025-07-07 15:44:00.103019410,RGM_0063708,1,5.80113397893694e-05,False,False
N056_C0004069,56,2025-07-07 15:44:00.053019410,2025-07-07 15:44:00.153019410,2025-07-07 15:44:00.103019410,RGM_0063699,1,4.9456505612647e-05,False,False
N053_C0003247,53,2025-07-07 15:44:01.053019410,2025-07-07 15:44:01.103019410,2025-07-07 15:44:01.078019410,RGM_0063739,1,4.391580663039616e-05,False,False
N055_C0003793,55,2025-07-07 15:44:01.028019410,2025-07-07 15:44:01.128019410,2025-07-07 15:44:01.078019410,RGM_0063733,1,4.0584871234799375e-05,False,False
N052_C0002978,52,2025-07-07 15:44:00.678019410,2025-07-07 15:44:01.678019410,2025-07-07 15:44:01.103019410,RGM_0063747,4,0.0001723389513221,False,False
N054_C0003409,54,2025-07-07 15:44:01.428019410,2025-07-07 15:44:01.628019410,2025-07-07 15:44:01.528019410,RGM_0063752,1,9.863246265087649e-05,False,False
N055_C0003794,55,2025-07-07 15:44:01.428019410,2025-07-07 15:44:01.628019410,2025-07-07 15:44:01.528019410,RGM_0063753,3,9.863246265087649e-05,False,False
N053_C0003248,53,2025-07-07 15:44:01.528019410,2025-07-07 15:44:01.628019410,2025-07-07 15:44:01.578019410,RGM_0063780,2,9.58446803213146e-05,False,False
N056_C0004070,56,2025-07-07 15:44:01.528019410,2025-07-07 15:44:01.628019410,2025-07-07 15:44:01.578019410,RGM_0063761,2,8.742276828661257e-05,False,False
N051_C0002496,51,2025-07-07 15:44:03.803019410,2025-07-07 15:44:04.303019410,2025-07-07 15:44:04.053019410,RGM_0063808,1,0.0001201341935602,False,False
N054_C0003410,54,2025-07-07 15:44:04.028019410,2025-07-07 15:44:04.078019410,2025-07-07 15:44:04.053019410,RGM_0063806,1,2.266017187166732e-05,False,False
N056_C0004071,56,2025-07-07 15:44:03.428019410,2025-07-07 15:44:04.428019410,2025-07-07 15:44:04.053019410,RGM_0063807,2,0.0001531288837363,False,False
N052_C0002979,52,2025-07-07 15:44:04.028019410,2025-07-07 15:44:04.328019410,2025-07-07 15:44:04.228019410,RGM_0063809,1,0.0001144494669688,False,False
N053_C0003249,53,2025-07-07 15:44:04.128019410,2025-07-07 15:44:04.328019410,2025-07-07 15:44:04.253019410,RGM_0063811,1,9.006072186592218e-05,False,False
N055_C0003795,55,2025-07-07 15:44:04.053019410,2025-07-07 15:44:04.553019410,2025-07-07 15:44:04.503019410,RGM_0063827,1,0.0001258311543722,False,False
N055_C0003796,55,2025-07-07 15:44:09.678019410,2025-07-07 15:44:10.178019410,2025-07-07 15:44:10.028019410,RGM_0063862,1,8.328497080187995e-05,False,False
N054_C0003411,54,2025-07-07 15:44:10.028019410,2025-07-07 15:44:10.128019410,2025-07-07 15:44:10.078019410,RGM_0063863,1,5.521310330972462e-05,False,False
N005_C0000190,5,2025-07-07 15:44:10.503019410,2025-07-07 15:44:11.328019410,2025-07-07 15:44:11.128019410,RGM_0063875,1,0.0001787999022854,False,False
N054_C0003412,54,2025-07-07 15:44:17.753019410,2025-07-07 15:44:17.803019410,2025-07-07 15:44:17.778019410,RGM_0063925,1,4.6161535032596726e-05,False,False
N055_C0003797,55,2025-07-07 15:44:16.903019410,2025-07-07 15:44:17.803019410,2025-07-07 15:44:17.778019410,RGM_0063919,1,8.138768024828199e-05,False,False
N056_C0004072,56,2025-07-07 15:44:21.928019410,2025-07-07 15:44:23.403019410,2025-07-07 15:44:22.803019410,RGM_0063956,1,0.0001175175381151,False,False
N056_C0004073,56,2025-07-07 15:44:25.078019410,2025-07-07 15:44:25.203019410,2025-07-07 15:44:25.128019410,RGM_0063979,1,3.3999127595322184e-05,False,False
N051_C0002497,51,2025-07-07 15:44:31.178019410,2025-07-07 15:44:33.178019410,2025-07-07 15:44:32.178019410,RGM_0064060,7,0.0001568197060907,False,False
N057_C0004149,57,2025-07-07 15:44:31.178019410,2025-07-07 15:44:33.178019410,2025-07-07 15:44:32.178019410,RGM_0064059,7,0.0002237587191677,False,False
N056_C0004074,56,2025-07-07 15:44:32.053019410,2025-07-07 15:44:32.553019410,2025-07-07 15:44:32.278019410,RGM_0064078,1,0.0001703899817431,False,False
N055_C0003798,55,2025-07-07 15:44:31.928019410,2025-07-07 15:44:32.953019410,2025-07-07 15:44:32.328019410,RGM_0064080,1,0.0002257726397884,False,False
N054_C0003413,54,2025-07-07 15:44:36.178019410,2025-07-07 15:44:36.678019410,2025-07-07 15:44:36.478019410,RGM_0064106,2,5.860681392558946e-05,False,False
N056_C0004075,56,2025-07-07 15:44:36.453019410,2025-07-07 15:44:36.553019410,2025-07-07 15:44:36.478019410,RGM_0064108,1,1.3654033378172317e-05,False,False
N055_C0003799,55,2025-07-07 15:44:36.478019410,2025-07-07 15:44:36.728019410,2025-07-07 15:44:36.578019410,RGM_0064109,2,4.040842146943489e-05,False,False
N053_C0003250,53,2025-07-07 15:44:36.628019410,2025-07-07 15:44:36.828019410,2025-07-07 15:44:36.728019410,RGM_0064120,2,4.147782749058553e-05,False,False
N056_C0004076,56,2025-07-07 15:44:39.553019410,2025-07-07 15:44:40.078019410,2025-07-07 15:44:40.028019410,RGM_0064139,1,5.880315107818348e-05,False,False
N057_C0004150,57,2025-07-07 15:44:39.978019410,2025-07-07 15:44:40.253019410,2025-07-07 15:44:40.053019410,RGM_0064141,1,3.109242826310481e-05,False,False
N052_C0002980,52,2025-07-07 15:44:44.678019410,2025-07-07 15:44:45.178019410,2025-07-07 15:44:44.953019410,RGM_0064184,1,5.4435081623342427e-05,False,False
N056_C0004077,56,2025-07-07 15:44:44.903019410,2025-07-07 15:44:45.128019410,2025-07-07 15:44:44.978019410,RGM_0064185,2,4.751246124965718e-05,False,False
N055_C0003800,55,2025-07-07 15:44:44.928019410,2025-07-07 15:44:45.128019410,2025-07-07 15:44:45.028019410,RGM_0064187,1,4.751246124965718e-05,False,False
N031_C0001448,31,2025-07-07 15:44:52.853019410,2025-07-07 15:44:53.003019410,2025-07-07 15:44:52.953019410,RGM_0064239,1,0.0004357184584153,False,False
N054_C0003414,54,2025-07-07 15:45:02.128019410,2025-07-07 15:45:02.228019410,2025-07-07 15:45:02.178019410,RGM_0064313,1,7.875837498918877e-05,False,False
N056_C0004078,56,2025-07-07 15:45:02.078019410,2025-07-07 15:45:02.278019410,2025-07-07 15:45:02.178019410,RGM_0064310,1,8.020346399056784e-05,False,False
N052_C0002981,52,2025-07-07 15:45:01.678019410,2025-07-07 15:45:03.678019410,2025-07-07 15:45:02.228019410,RGM_0064319,1,0.0001940395698253,False,False
N055_C0003801,55,2025-07-07 15:45:02.128019410,2025-07-07 15:45:02.328019410,2025-07-07 15:45:02.228019410,RGM_0064320,2,8.022892462644567e-05,False,False
N054_C0003415,54,2025-07-07 15:45:03.028019410,2025-07-07 15:45:03.228019410,2025-07-07 15:45:03.128019410,RGM_0064323,2,3.557382303674396e-05,False,False
N056_C0004079,56,2025-07-07 15:45:03.103019410,2025-07-07 15:45:03.203019410,2025-07-07 15:45:03.153019410,RGM_0064325,1,3.3642486035340346e-05,False,False
N055_C0003802,55,2025-07-07 15:45:03.128019410,2025-07-07 15:45:03.228019410,2025-07-07 15:45:03.178019410,RGM_0064331,1,3.364815254311766e-05,False,False
N055_C0003803,55,2025-07-07 15:45:04.878019410,2025-07-07 15:45:05.078019410,2025-07-07 15:45:04.978019410,RGM_0064342,2,4.826887755879108e-05,False,False
N056_C0004080,56,2025-07-07 15:45:04.803019410,2025-07-07 15:45:06.028019410,2025-07-07 15:45:05.028019410,RGM_0064343,2,6.536072820859948e-05,False,False
N031_C0001449,31,2025-07-07 15:45:09.178019410,2025-07-07 15:45:09.278019410,2025-07-07 15:45:09.228019410,RGM_0064404,1,0.0005672536465629,False,False
N056_C0004081,56,2025-07-07 15:45:09.378019410,2025-07-07 15:45:09.578019410,2025-07-07 15:45:09.503019410,RGM_0064412,2,4.318188721652144e-05,False,False
N052_C0002982,52,2025-07-07 15:45:09.453019410,2025-07-07 15:45:09.578019410,2025-07-07 15:45:09.528019410,RGM_0064421,2,4.08671081223052e-05,False,False
N055_C0003804,55,2025-07-07 15:45:09.478019410,2025-07-07 15:45:09.578019410,2025-07-07 15:45:09.528019410,RGM_0064413,1,4.08671081223052e-05,False,False
N031_C0001450,31,2025-07-07 15:45:16.903019410,2025-07-07 15:45:17.503019410,2025-07-07 15:45:17.453019410,RGM_0064475,1,0.0012632457535602,False,False
N056_C0004082,56,2025-07-07 15:45:27.753019410,2025-07-07 15:45:27.853019410,2025-07-07 15:45:27.803019410,RGM_0064543,1,3.2241572040587416e-05,False,False
N054_C0003416,54,2025-07-07 15:45:27.778019410,2025-07-07 15:45:28.103019410,2025-07-07 15:45:27.828019410,RGM_0064544,1,4.634574581291619e-05,False,False
N053_C0003251,53,2025-07-07 15:45:45.803019410,2025-07-07 15:45:46.078019410,2025-07-07 15:45:45.828019410,RGM_0064663,1,5.059713353579919e-05,False,False
N055_C0003805,55,2025-07-07 15:45:45.753019410,2025-07-07 15:45:45.853019410,2025-07-07 15:45:45.828019410,RGM_0064661,1,1.4096657932348658e-05,False,False
N005_C0000191,5,2025-07-07 15:45:45.878019410,2025-07-07 15:45:46.528019410,2025-07-07 15:45:46.428019410,RGM_0064672,1,0.0001959490601884,False,False
N052_C0002983,52,2025-07-07 15:45:45.928019410,2025-07-07 15:45:46.753019410,2025-07-07 15:45:46.678019410,RGM_0064680,2,9.362641249975254e-05,False,False
N056_C0004083,56,2025-07-07 15:45:53.103019410,2025-07-07 15:45:53.153019410,2025-07-07 15:45:53.128019410,RGM_0064749,1,2.231386870147604e-05,False,False
N052_C0002984,52,2025-07-07 15:45:53.078019410,2025-07-07 15:45:53.203019410,2025-07-07 15:45:53.153019410,RGM_0064752,1,3.775794837262378e-05,False,False
N052_C0002985,52,2025-07-07 15:45:55.528019410,2025-07-07 15:45:55.628019410,2025-07-07 15:45:55.578019410,RGM_0064776,1,4.000957194085904e-05,False,False
N054_C0003417,54,2025-07-07 15:45:55.528019410,2025-07-07 15:45:55.628019410,2025-07-07 15:45:55.578019410,RGM_0064774,1,3.585728192200487e-05,False,False
N056_C0004084,56,2025-07-07 15:45:55.528019410,2025-07-07 15:45:55.628019410,2025-07-07 15:45:55.578019410,RGM_0064771,1,2.4995096169584934e-05,False,False
N055_C0003806,55,2025-07-07 15:45:55.528019410,2025-07-07 15:45:56.303019410,2025-07-07 15:45:55.603019410,RGM_0064780,1,5.155284118113994e-05,False,False
N031_C0001451,31,2025-07-07 15:46:17.128019410,2025-07-07 15:46:17.228019410,2025-07-07 15:46:17.178019410,RGM_0064974,1,0.0002957215517213,False,False
N009_C0000548,9,2025-07-07 15:46:17.303019410,2025-07-07 15:46:17.403019410,2025-07-07 15:46:17.353019410,RGM_0064984,1,0.0002404091015658,False,False
N005_C0000192,5,2025-07-07 15:46:28.178019410,2025-07-07 15:46:29.303019410,2025-07-07 15:46:29.078019410,RGM_0065077,1,0.0002822567964087,False,False
N052_C0002986,52,2025-07-07 15:46:33.378019410,2025-07-07 15:46:33.578019410,2025-07-07 15:46:33.478019410,RGM_0065116,2,4.1054402680375234e-05,False,False
N052_C0002987,52,2025-07-07 15:46:41.978019410,2025-07-07 15:46:42.178019410,2025-07-07 15:46:42.078019410,RGM_0065206,2,8.439965067442664e-05,False,False
N053_C0003252,53,2025-07-07 15:46:41.978019410,2025-07-07 15:46:42.178019410,2025-07-07 15:46:42.078019410,RGM_0065205,1,7.958663944207544e-05,False,False
N052_C0002988,52,2025-07-07 15:46:55.795805339,2025-07-07 15:46:55.895805339,2025-07-07 15:46:55.845805339,RGM_0065352,1,5.3884890386096776e-05,False,False
N055_C0003807,55,2025-07-07 15:46:59.020805339,2025-07-07 15:46:59.070805339,2025-07-07 15:46:59.045805339,RGM_0065387,1,1.3157341291442117e-05,False,False
N052_C0002989,52,2025-07-07 15:46:58.270805339,2025-07-07 15:47:00.845805339,2025-07-07 15:46:59.070805339,RGM_0065388,6,0.0003746282930935,False,False
N030_C0001307,30,2025-07-07 15:47:00.370805339,2025-07-07 15:47:00.470805339,2025-07-07 15:47:00.420805339,RGM_0065401,1,0.0004334193807132,False,False
N052_C0002990,52,2025-07-07 15:47:01.520805339,2025-07-07 15:47:02.020805339,2025-07-07 15:47:01.770805339,RGM_0065410,1,8.454046870353124e-05,False,False
N052_C0002991,52,2025-07-07 15:47:02.220805339,2025-07-07 15:47:03.270805339,2025-07-07 15:47:02.295805339,RGM_0065420,1,0.0001901240644703,False,False
N054_C0003418,54,2025-07-07 15:47:02.245805339,2025-07-07 15:47:02.345805339,2025-07-07 15:47:02.295805339,RGM_0065418,1,4.619746402904536e-05,False,False
N052_C0002992,52,2025-07-07 15:47:12.920805339,2025-07-07 15:47:12.970805339,2025-07-07 15:47:12.945805339,RGM_0065501,1,4.080212564075692e-05,False,False
N005_C0000193,5,2025-07-07 15:47:15.520805339,2025-07-07 15:47:16.395805339,2025-07-07 15:47:16.270805339,RGM_0065519,2,0.0001343444761563,False,False
N052_C0002993,52,2025-07-07 15:47:21.770805339,2025-07-07 15:47:23.770805339,2025-07-07 15:47:22.195805339,RGM_0065575,1,0.000343700941252,False,False
N052_C0002994,52,2025-07-07 15:47:30.270805339,2025-07-07 15:47:30.895805339,2025-07-07 15:47:30.470805339,RGM_0065653,1,0.000108423324983,False,False
N052_C0002995,52,2025-07-07 15:47:43.745805339,2025-07-07 15:47:43.845805339,2025-07-07 15:47:43.795805339,RGM_0065757,1,7.61270383479547e-05,False,False
N052_C0002996,52,2025-07-07 15:47:44.320805339,2025-07-07 15:47:44.520805339,2025-07-07 15:47:44.420805339,RGM_0065771,1,6.025633613426222e-05,False,False
N033_C0001765,33,2025-07-07 15:47:45.045805339,2025-07-07 15:47:45.095805339,2025-07-07 15:47:45.070805339,RGM_0065776,1,1.8217865005541935e-05,False,False
N031_C0001452,31,2025-07-07 15:47:45.270805339,2025-07-07 15:47:47.270805339,2025-07-07 15:47:46.270805339,RGM_0065782,2,0.0043811235966638,False,False
N033_C0001766,33,2025-07-07 15:47:46.270805339,2025-07-07 15:47:46.470805339,2025-07-07 15:47:46.370805339,RGM_0065784,1,0.0003247085590162,False,False
N029_C0001162,29,2025-07-07 15:47:46.320805339,2025-07-07 15:47:46.520805339,2025-07-07 15:47:46.395805339,RGM_0065792,1,0.002254492970507,False,False
N023_C0000819,23,2025-07-07 15:47:46.145805339,2025-07-07 15:47:46.645805339,2025-07-07 15:47:46.420805339,RGM_0065794,4,0.0001071640228455,False,False
N052_C0002997,52,2025-07-07 15:47:48.970805339,2025-07-07 15:47:49.170805339,2025-07-07 15:47:49.070805339,RGM_0065826,1,4.709748648237062e-05,False,False
N053_C0003253,53,2025-07-07 15:47:48.970805339,2025-07-07 15:47:49.170805339,2025-07-07 15:47:49.070805339,RGM_0065828,1,4.709748648237062e-05,False,False
N054_C0003419,54,2025-07-07 15:47:49.045805339,2025-07-07 15:47:49.095805339,2025-07-07 15:47:49.070805339,RGM_0065831,1,3.5470452023875386e-05,False,False
N056_C0004085,56,2025-07-07 15:47:48.770805339,2025-07-07 15:47:49.770805339,2025-07-07 15:47:49.095805339,RGM_0065832,1,0.0001210466280982,False,False
N005_C0000194,5,2025-07-07 15:47:51.095805339,2025-07-07 15:47:51.145805339,2025-07-07 15:47:51.120805339,RGM_0065874,1,2.4200524952520376e-05,False,False
N055_C0003808,55,2025-07-07 15:47:55.020805339,2025-07-07 15:47:56.020805339,2025-07-07 15:47:55.520805339,RGM_0065913,2,0.0001896596884247,False,False
N052_C0002998,52,2025-07-07 15:47:55.495805339,2025-07-07 15:47:55.595805339,2025-07-07 15:47:55.545805339,RGM_0065916,1,3.5835420459338555e-05,False,False
N053_C0003254,53,2025-07-07 15:47:55.520805339,2025-07-07 15:47:55.570805339,2025-07-07 15:47:55.545805339,RGM_0065918,1,3.3388000627682286e-05,False,False
N054_C0003420,54,2025-07-07 15:47:55.495805339,2025-07-07 15:47:55.595805339,2025-07-07 15:47:55.545805339,RGM_0065914,1,3.5835420459338555e-05,False,False
N054_C0003421,54,2025-07-07 15:47:55.970805339,2025-07-07 15:47:56.020805339,2025-07-07 15:47:55.995805339,RGM_0065923,1,6.751328649343544e-05,False,False
N056_C0004086,56,2025-07-07 15:47:55.970805339,2025-07-07 15:47:56.020805339,2025-07-07 15:47:55.995805339,RGM_0065922,1,6.504262339684339e-05,False,False
N052_C0002999,52,2025-07-07 15:47:55.770805339,2025-07-07 15:47:57.770805339,2025-07-07 15:47:56.020805339,RGM_0065928,3,0.0002924691313935,False,False
N055_C0003809,55,2025-07-07 15:47:57.270805339,2025-07-07 15:47:57.770805339,2025-07-07 15:47:57.520805339,RGM_0065955,2,0.0001277646811886,False,False
N056_C0004087,56,2025-07-07 15:47:57.420805339,2025-07-07 15:47:57.620805339,2025-07-07 15:47:57.520805339,RGM_0065954,1,0.0001138354977418,False,False
N005_C0000195,5,2025-07-07 15:48:04.820805339,2025-07-07 15:48:05.020805339,2025-07-07 15:48:04.895805339,RGM_0066072,1,5.784696100155754e-05,False,False
N052_C0003000,52,2025-07-07 15:48:07.070805339,2025-07-07 15:48:07.120805339,2025-07-07 15:48:07.095805339,RGM_0066091,1,4.481708265148656e-05,False,False
N009_C0000549,9,2025-07-07 15:48:09.020805339,2025-07-07 15:48:09.220805339,2025-07-07 15:48:09.120805339,RGM_0066106,2,0.0001433822181325,False,False
N005_C0000196,5,2025-07-07 15:48:09.120805339,2025-07-07 15:48:09.170805339,2025-07-07 15:48:09.145805339,RGM_0066116,1,0.0001084531131387,False,False
N052_C0003001,52,2025-07-07 15:48:26.270805339,2025-07-07 15:48:28.270805339,2025-07-07 15:48:26.295805339,RGM_0066264,1,0.0002982806890212,False,False
N009_C0000550,9,2025-07-07 15:48:29.020805339,2025-07-07 15:48:30.020805339,2025-07-07 15:48:29.320805339,RGM_0066311,1,0.0004505200088564,False,False
N055_C0003810,55,2025-07-07 15:48:47.695805339,2025-07-07 15:48:47.795805339,2025-07-07 15:48:47.745805339,RGM_0066424,2,0.0001233034034172,False,False
N052_C0003002,52,2025-07-07 15:48:47.670805339,2025-07-07 15:48:47.870805339,2025-07-07 15:48:47.770805339,RGM_0066435,1,0.0001058232474847,False,False
N056_C0004088,56,2025-07-07 15:48:47.270805339,2025-07-07 15:48:49.270805339,2025-07-07 15:48:48.445805339,RGM_0066439,1,0.0002927699347529,False,False
N000_C0000023,0,2025-07-07 15:48:53.145805339,2025-07-07 15:48:53.645805339,2025-07-07 15:48:53.395805339,RGM_0066501,2,0.0002846917337011,False,False
N029_C0001163,29,2025-07-07 15:48:54.220805339,2025-07-07 15:48:54.420805339,2025-07-07 15:48:54.320805339,RGM_0066522,2,0.0010061850869805,False,False
N031_C0001453,31,2025-07-07 15:48:58.620805339,2025-07-07 15:48:59.670805339,2025-07-07 15:48:59.195805339,RGM_0066573,1,0.0014897485629553,False,False
N057_C0004151,57,2025-07-07 15:49:04.520805339,2025-07-07 15:49:05.645805339,2025-07-07 15:49:05.420805339,RGM_0066646,2,0.0001762481791601,False,False
N052_C0003003,52,2025-07-07 15:49:05.420805339,2025-07-07 15:49:05.520805339,2025-07-07 15:49:05.470805339,RGM_0066655,1,6.803203623377016e-05,False,False
N005_C0000197,5,2025-07-07 15:49:18.970805339,2025-07-07 15:49:19.770805339,2025-07-07 15:49:19.070805339,RGM_0066765,1,0.0001305994095601,False,False
N082_C0004262,82,2025-07-07 15:49:23.670805339,2025-07-07 15:49:23.720805339,2025-07-07 15:49:23.695805339,RGM_0066791,1,8.002082928584874e-05,False,False
N057_C0004152,57,2025-07-07 15:49:24.295805339,2025-07-07 15:49:24.420805339,2025-07-07 15:49:24.345805339,RGM_0066795,1,1.0869809810007918e-05,False,False
N052_C0003004,52,2025-07-07 15:49:24.770805339,2025-07-07 15:49:26.770805339,2025-07-07 15:49:25.745805339,RGM_0066820,1,0.0001812575722803,False,False
N050_C0002335,50,2025-07-07 15:49:25.520805339,2025-07-07 15:49:26.520805339,2025-07-07 15:49:25.770805339,RGM_0066822,1,5.0170320007183976e-05,False,False
N009_C0000551,9,2025-07-07 15:49:31.095805339,2025-07-07 15:49:31.195805339,2025-07-07 15:49:31.145805339,RGM_0066889,1,7.051671826371185e-05,False,False
N009_C0000552,9,2025-07-07 15:49:31.770805339,2025-07-07 15:49:31.870805339,2025-07-07 15:49:31.820805339,RGM_0066899,1,0.0004668838066565,False,False
N005_C0000198,5,2025-07-07 15:49:31.770805339,2025-07-07 15:49:31.970805339,2025-07-07 15:49:31.870805339,RGM_0066905,1,0.0002188780526929,False,False
N008_C0000487,8,2025-07-07 15:49:31.770805339,2025-07-07 15:49:31.970805339,2025-07-07 15:49:31.870805339,RGM_0066903,1,0.0005488985027295,False,False
N031_C0001454,31,2025-07-07 15:49:32.620805339,2025-07-07 15:49:32.720805339,2025-07-07 15:49:32.670805339,RGM_0066942,1,0.0007444905098382,False,False
N005_C0000199,5,2025-07-07 15:49:44.220805339,2025-07-07 15:49:44.320805339,2025-07-07 15:49:44.270805339,RGM_0067055,1,6.920083349367947e-05,False,False
N056_C0004089,56,2025-07-07 15:49:45.520805339,2025-07-07 15:49:46.195805339,2025-07-07 15:49:45.620805339,RGM_0067067,1,6.927291610207939e-05,False,False
N056_C0004090,56,2025-07-07 15:49:49.945805339,2025-07-07 15:49:51.995805339,2025-07-07 15:49:50.920805339,RGM_0067106,1,0.0001315786440309,False,False
N005_C0000200,5,2025-07-07 15:49:53.070805339,2025-07-07 15:49:53.120805339,2025-07-07 15:49:53.095805339,RGM_0067137,1,4.986000647059981e-05,False,False
N052_C0003005,52,2025-07-07 15:49:54.770805339,2025-07-07 15:49:54.820805339,2025-07-07 15:49:54.795805339,RGM_0067173,1,2.817721565192413e-05,False,False
N055_C0003811,55,2025-07-07 15:49:54.770805339,2025-07-07 15:49:54.820805339,2025-07-07 15:49:54.795805339,RGM_0067174,1,4.245291052093052e-05,False,False
N054_C0003422,54,2025-07-07 15:49:54.970805339,2025-07-07 15:49:55.020805339,2025-07-07 15:49:54.995805339,RGM_0067181,1,1.1788386523020148e-05,False,False
N056_C0004091,56,2025-07-07 15:49:54.770805339,2025-07-07 15:49:57.445805339,2025-07-07 15:49:55.245805339,RGM_0067183,2,0.0002089415451751,False,False
N052_C0003006,52,2025-07-07 15:50:27.395805339,2025-07-07 15:50:30.370805339,2025-07-07 15:50:27.495805339,RGM_0067385,1,0.0002750377453225,False,False
N056_C0004092,56,2025-07-07 15:50:32.745805339,2025-07-07 15:50:34.770805339,2025-07-07 15:50:33.795805339,RGM_0067421,1,0.0002189220775144,False,False
N056_C0004093,56,2025-07-07 15:50:39.045805339,2025-07-07 15:50:41.170805339,2025-07-07 15:50:41.070805339,RGM_0067461,1,0.0001826408087967,False,False
N056_C0004094,56,2025-07-07 15:50:42.745805339,2025-07-07 15:50:45.020805339,2025-07-07 15:50:43.670805339,RGM_0067475,1,0.000248852433602,False,False
N005_C0000201,5,2025-07-07 15:50:53.770805339,2025-07-07 15:50:53.870805339,2025-07-07 15:50:53.845805339,RGM_0067537,1,6.646714973193223e-05,False,False
N053_C0003255,53,2025-07-07 15:50:55.695805339,2025-07-07 15:50:56.770805339,2025-07-07 15:50:56.495805339,RGM_0067554,1,0.0001171918141954,False,False
N056_C0004095,56,2025-07-07 15:50:56.495805339,2025-07-07 15:50:56.595805339,2025-07-07 15:50:56.545805339,RGM_0067557,1,4.7474145292129896e-05,False,False
N055_C0003812,55,2025-07-07 15:51:00.770805339,2025-07-07 15:51:00.970805339,2025-07-07 15:51:00.870805339,RGM_0067576,1,6.05395760454001e-05,False,False
N056_C0004096,56,2025-07-07 15:51:00.645805339,2025-07-07 15:51:01.270805339,2025-07-07 15:51:01.095805339,RGM_0067577,1,8.68239893701947e-05,False,False
N005_C0000202,5,2025-07-07 15:51:02.370805339,2025-07-07 15:51:02.470805339,2025-07-07 15:51:02.420805339,RGM_0067586,2,5.71982140167603e-05,False,False
N005_C0000203,5,2025-07-07 15:51:08.620805339,2025-07-07 15:51:08.820805339,2025-07-07 15:51:08.720805339,RGM_0067629,1,0.0002151050815699,False,False
N055_C0003813,55,2025-07-07 15:51:11.270805339,2025-07-07 15:51:12.170805339,2025-07-07 15:51:11.320805339,RGM_0067659,1,0.0001131981206148,False,False
N056_C0004097,56,2025-07-07 15:51:21.395805339,2025-07-07 15:51:21.470805339,2025-07-07 15:51:21.445805339,RGM_0067766,1,3.4935842553683374e-05,False,False
N056_C0004098,56,2025-07-07 15:51:22.395805339,2025-07-07 15:51:22.895805339,2025-07-07 15:51:22.445805339,RGM_0067771,2,0.0001183582223344,False,False
N054_C0003423,54,2025-07-07 15:51:22.620805339,2025-07-07 15:51:22.670805339,2025-07-07 15:51:22.645805339,RGM_0067777,1,5.050909494418725e-05,False,False
N054_C0003424,54,2025-07-07 15:51:22.820805339,2025-07-07 15:51:22.945805339,2025-07-07 15:51:22.870805339,RGM_0067783,1,5.280310310205877e-05,False,False
N055_C0003814,55,2025-07-07 15:51:22.770805339,2025-07-07 15:51:23.295805339,2025-07-07 15:51:22.920805339,RGM_0067787,1,6.673261690240601e-05,False,False
N052_C0003007,52,2025-07-07 15:51:28.270805339,2025-07-07 15:51:28.470805339,2025-07-07 15:51:28.370805339,RGM_0067836,1,0.0001045939397834,False,False
N055_C0003815,55,2025-07-07 15:51:28.270805339,2025-07-07 15:51:28.470805339,2025-07-07 15:51:28.370805339,RGM_0067835,2,0.0001045939397834,False,False
N051_C0002498,51,2025-07-07 15:51:36.695805339,2025-07-07 15:51:37.820805339,2025-07-07 15:51:37.520805339,RGM_0067906,2,0.0001292736819701,False,False
N054_C0003425,54,2025-07-07 15:51:37.695805339,2025-07-07 15:51:37.795805339,2025-07-07 15:51:37.745805339,RGM_0067914,1,9.64733954455638e-05,False,False
N055_C0003816,55,2025-07-07 15:51:37.645805339,2025-07-07 15:51:38.145805339,2025-07-07 15:51:37.745805339,RGM_0067910,1,0.0001029073399308,False,False
N056_C0004099,56,2025-07-07 15:51:37.720805339,2025-07-07 15:51:37.770805339,2025-07-07 15:51:37.745805339,RGM_0067912,1,8.312261178304474e-05,False,False
N055_C0003817,55,2025-07-07 15:51:42.670805339,2025-07-07 15:51:42.870805339,2025-07-07 15:51:42.770805339,RGM_0067957,1,5.740181389129485e-05,False,False
N056_C0004100,56,2025-07-07 15:51:42.670805339,2025-07-07 15:51:42.870805339,2025-07-07 15:51:42.770805339,RGM_0067961,1,5.740181389129485e-05,False,False
N005_C0000204,5,2025-07-07 15:51:44.645805339,2025-07-07 15:51:44.795805339,2025-07-07 15:51:44.745805339,RGM_0067985,1,5.049500767015253e-05,False,False
N056_C0004101,56,2025-07-07 15:51:46.720805339,2025-07-07 15:51:46.770805339,2025-07-07 15:51:46.745805339,RGM_0067996,1,6.5593581943904525e-06,False,False
N051_C0002499,51,2025-07-07 15:51:48.995805339,2025-07-07 15:51:49.570805339,2025-07-07 15:51:49.345805339,RGM_0068010,1,7.02972880393456e-05,False,False
N052_C0003008,52,2025-07-07 15:51:53.820805339,2025-07-07 15:51:53.920805339,2025-07-07 15:51:53.870805339,RGM_0068047,1,5.549273310509707e-05,False,False
N005_C0000205,5,2025-07-07 15:51:57.770805339,2025-07-07 15:51:57.970805339,2025-07-07 15:51:57.870805339,RGM_0068076,2,0.0001057999475056,False,False
N052_C0003009,52,2025-07-07 15:52:00.470805339,2025-07-07 15:52:00.520805339,2025-07-07 15:52:00.495805339,RGM_0068101,1,5.005966620146437e-05,False,False
N055_C0003818,55,2025-07-07 15:52:00.470805339,2025-07-07 15:52:00.520805339,2025-07-07 15:52:00.495805339,RGM_0068104,1,5.005966620146437e-05,False,False
N055_C0003819,55,2025-07-07 15:52:01.320805339,2025-07-07 15:52:01.370805339,2025-07-07 15:52:01.345805339,RGM_0068116,1,3.182001534339068e-05,False,False
N056_C0004102,56,2025-07-07 15:52:00.270805339,2025-07-07 15:52:02.270805339,2025-07-07 15:52:01.345805339,RGM_0068112,2,0.0001676652464957,False,False
N054_C0003426,54,2025-07-07 15:52:01.770805339,2025-07-07 15:52:02.395805339,2025-07-07 15:52:02.145805339,RGM_0068143,1,0.0001003248321014,False,False
N054_C0003427,54,2025-07-07 15:52:02.445805339,2025-07-07 15:52:02.495805339,2025-07-07 15:52:02.470805339,RGM_0068145,1,2.273631526647339e-05,False,False
N055_C0003820,55,2025-07-07 15:52:02.770805339,2025-07-07 15:52:03.770805339,2025-07-07 15:52:03.120805339,RGM_0068158,2,0.0001267626042968,False,False
N005_C0000206,5,2025-07-07 15:52:10.695805339,2025-07-07 15:52:10.770805339,2025-07-07 15:52:10.745805339,RGM_0068256,1,0.0001080776660068,False,False
N051_C0002500,51,2025-07-07 15:52:10.970805339,2025-07-07 15:52:11.520805339,2025-07-07 15:52:11.445805339,RGM_0068269,1,3.690327793367047e-05,False,False
N055_C0003821,55,2025-07-07 15:52:11.420805339,2025-07-07 15:52:11.520805339,2025-07-07 15:52:11.470805339,RGM_0068270,1,1.793988587924609e-05,False,False
N051_C0002501,51,2025-07-07 15:52:12.495805339,2025-07-07 15:52:12.545805339,2025-07-07 15:52:12.520805339,RGM_0068282,1,1.9211451883850013e-05,False,False
N054_C0003428,54,2025-07-07 15:52:12.495805339,2025-07-07 15:52:12.545805339,2025-07-07 15:52:12.520805339,RGM_0068280,1,1.9211451883850013e-05,False,False
N057_C0004153,57,2025-07-07 15:52:12.320805339,2025-07-07 15:52:12.545805339,2025-07-07 15:52:12.520805339,RGM_0068286,1,1.11741493100574e-05,False,False
N054_C0003429,54,2025-07-07 15:52:12.670805339,2025-07-07 15:52:12.870805339,2025-07-07 15:52:12.770805339,RGM_0068319,1,0.0001484868526873,False,False
N050_C0002336,50,2025-07-07 15:52:12.720805339,2025-07-07 15:52:12.920805339,2025-07-07 15:52:12.820805339,RGM_0068344,1,3.5790634552522914e-05,False,False
N051_C0002502,51,2025-07-07 15:52:12.645805339,2025-07-07 15:52:13.195805339,2025-07-07 15:52:12.895805339,RGM_0068349,10,0.0002074985928691,False,False
N055_C0003822,55,2025-07-07 15:52:12.395805339,2025-07-07 15:52:13.220805339,2025-07-07 15:52:12.895805339,RGM_0068357,6,0.0002074985928691,False,False
N057_C0004154,57,2025-07-07 15:52:12.645805339,2025-07-07 15:52:13.145805339,2025-07-07 15:52:12.895805339,RGM_0068352,1,8.075795901711206e-05,False,False
N056_C0004103,56,2025-07-07 15:52:12.270805339,2025-07-07 15:52:13.520805339,2025-07-07 15:52:13.020805339,RGM_0068358,6,0.0001746800413482,False,False
N054_C0003430,54,2025-07-07 15:52:13.020805339,2025-07-07 15:52:13.220805339,2025-07-07 15:52:13.120805339,RGM_0068360,2,5.897493787922983e-05,False,False
N045_C0002271,45,2025-07-07 15:52:13.095805339,2025-07-07 15:52:13.195805339,2025-07-07 15:52:13.145805339,RGM_0068382,2,1.2617984837230845e-05,False,False
N045_C0002272,45,2025-07-07 15:52:13.445805339,2025-07-07 15:52:13.545805339,2025-07-07 15:52:13.495805339,RGM_0068389,4,7.975986186523024e-06,False,False
N051_C0002503,51,2025-07-07 15:52:13.445805339,2025-07-07 15:52:13.545805339,2025-07-07 15:52:13.495805339,RGM_0068394,2,1.855428033256879e-05,False,False
N052_C0003010,52,2025-07-07 15:52:12.270805339,2025-07-07 15:52:14.270805339,2025-07-07 15:52:13.495805339,RGM_0068398,4,0.0002717577419716,False,False
N053_C0003256,53,2025-07-07 15:52:13.445805339,2025-07-07 15:52:13.545805339,2025-07-07 15:52:13.495805339,RGM_0068396,1,1.855428033256879e-05,False,False
N054_C0003431,54,2025-07-07 15:52:13.470805339,2025-07-07 15:52:13.520805339,2025-07-07 15:52:13.495805339,RGM_0068390,1,1.8095697075434456e-05,False,False
N057_C0004155,57,2025-07-07 15:52:13.445805339,2025-07-07 15:52:13.545805339,2025-07-07 15:52:13.495805339,RGM_0068400,1,9.464515564071334e-06,False,False
N056_C0004104,56,2025-07-07 15:52:15.095805339,2025-07-07 15:52:15.195805339,2025-07-07 15:52:15.145805339,RGM_0068416,1,2.4145833973458543e-05,False,False
N006_C0000422,6,2025-07-07 15:52:18.070805339,2025-07-07 15:52:18.170805339,2025-07-07 15:52:18.120805339,RGM_0068433,1,0.000785946515289,False,False
N005_C0000207,5,2025-07-07 15:52:18.120805339,2025-07-07 15:52:18.170805339,2025-07-07 15:52:18.145805339,RGM_0068438,1,0.0005818710074735,False,False
N007_C0000458,7,2025-07-07 15:52:17.895805339,2025-07-07 15:52:18.395805339,2025-07-07 15:52:18.145805339,RGM_0068435,1,0.0009467885625555,False,False
N009_C0000553,9,2025-07-07 15:52:17.895805339,2025-07-07 15:52:18.395805339,2025-07-07 15:52:18.145805339,RGM_0068436,1,0.0009467885625555,False,False
N005_C0000208,5,2025-07-07 15:52:26.320805339,2025-07-07 15:52:26.520805339,2025-07-07 15:52:26.420805339,RGM_0068489,1,0.000729072874875,False,False
N009_C0000554,9,2025-07-07 15:52:24.770805339,2025-07-07 15:52:26.770805339,2025-07-07 15:52:26.420805339,RGM_0068491,1,0.001408221877189,False,False
N000_C0000024,0,2025-07-07 15:52:25.770805339,2025-07-07 15:52:27.770805339,2025-07-07 15:52:26.470805339,RGM_0068492,2,0.0005640681143432,False,False
N006_C0000423,6,2025-07-07 15:52:26.420805339,2025-07-07 15:52:26.520805339,2025-07-07 15:52:26.470805339,RGM_0068493,1,0.0009138685873241,False,False
N023_C0000820,23,2025-07-07 15:52:41.895805339,2025-07-07 15:52:42.395805339,2025-07-07 15:52:42.095805339,RGM_0068603,1,0.0005907671674042,False,False
N052_C0003011,52,2025-07-07 15:52:46.720805339,2025-07-07 15:52:46.820805339,2025-07-07 15:52:46.770805339,RGM_0068638,1,2.400473500216615e-05,False,False
N005_C0000209,5,2025-07-07 15:52:48.420805339,2025-07-07 15:52:48.470805339,2025-07-07 15:52:48.445805339,RGM_0068649,1,1.806092609972037e-05,False,False
N051_C0002504,51,2025-07-07 15:52:49.170805339,2025-07-07 15:52:49.295805339,2025-07-07 15:52:49.245805339,RGM_0068654,2,2.3562349873994765e-05,False,False
N055_C0003823,55,2025-07-07 15:52:49.220805339,2025-07-07 15:52:49.420805339,2025-07-07 15:52:49.320805339,RGM_0068656,1,3.366537740334401e-05,False,False
N000_C0000025,0,2025-07-07 15:52:49.020805339,2025-07-07 15:52:49.520805339,2025-07-07 15:52:49.370805339,RGM_0068658,1,0.0001898890390194,False,False
N005_C0000210,5,2025-07-07 15:52:49.320805339,2025-07-07 15:52:49.420805339,2025-07-07 15:52:49.370805339,RGM_0068657,1,0.0001995370081871,False,False
N009_C0000555,9,2025-07-07 15:52:49.320805339,2025-07-07 15:52:49.520805339,2025-07-07 15:52:49.420805339,RGM_0068669,1,0.0002201064706908,False,False
N053_C0003257,53,2025-07-07 15:52:49.270805339,2025-07-07 15:52:49.770805339,2025-07-07 15:52:49.695805339,RGM_0068672,1,6.45465367804978e-05,False,False
N000_C0000026,0,2025-07-07 15:52:54.420805339,2025-07-07 15:52:54.895805339,2025-07-07 15:52:54.795805339,RGM_0068697,2,0.0002247422497494,False,False
N005_C0000211,5,2025-07-07 15:52:54.770805339,2025-07-07 15:52:54.870805339,2025-07-07 15:52:54.820805339,RGM_0068698,1,0.0002132771440479,False,False
N009_C0000556,9,2025-07-07 15:52:54.770805339,2025-07-07 15:52:54.970805339,2025-07-07 15:52:54.845805339,RGM_0068701,1,0.0002207760571105,False,False
N005_C0000212,5,2025-07-07 15:52:56.045805339,2025-07-07 15:52:56.095805339,2025-07-07 15:52:56.070805339,RGM_0068708,1,1.8424033409986663e-05,False,False
N009_C0000557,9,2025-07-07 15:53:00.620805339,2025-07-07 15:53:01.420805339,2025-07-07 15:53:01.370805339,RGM_0068751,1,0.0002576369905526,False,False
N053_C0003258,53,2025-07-07 15:53:01.345805339,2025-07-07 15:53:01.445805339,2025-07-07 15:53:01.395805339,RGM_0068762,1,3.19920719870593e-05,False,False
N009_C0000558,9,2025-07-07 15:53:05.570805339,2025-07-07 15:53:05.670805339,2025-07-07 15:53:05.620805339,RGM_0068807,1,0.0001485846623067,False,False
N055_C0003824,55,2025-07-07 15:53:11.620805339,2025-07-07 15:53:11.820805339,2025-07-07 15:53:11.720805339,RGM_0068845,1,3.285121769082348e-05,False,False
N052_C0003012,52,2025-07-07 15:53:11.770805339,2025-07-07 15:53:11.870805339,2025-07-07 15:53:11.795805339,RGM_0068847,1,3.906080185495278e-05,False,False
N053_C0003259,53,2025-07-07 15:53:11.670805339,2025-07-07 15:53:11.870805339,2025-07-07 15:53:11.795805339,RGM_0068854,1,4.050724261741623e-05,False,False
N054_C0003432,54,2025-07-07 15:53:11.745805339,2025-07-07 15:53:11.845805339,2025-07-07 15:53:11.795805339,RGM_0068849,1,3.880135118605187e-05,False,False
N056_C0004105,56,2025-07-07 15:53:11.770805339,2025-07-07 15:53:11.820805339,2025-07-07 15:53:11.795805339,RGM_0068855,1,2.24809764497952e-05,False,False
N052_C0003013,52,2025-07-07 15:53:12.020805339,2025-07-07 15:53:12.520805339,2025-07-07 15:53:12.070805339,RGM_0068866,1,2.7488789456846454e-05,False,False
N051_C0002505,51,2025-07-07 15:53:15.020805339,2025-07-07 15:53:15.520805339,2025-07-07 15:53:15.270805339,RGM_0068895,2,9.85220104572836e-05,False,False
N055_C0003825,55,2025-07-07 15:53:15.370805339,2025-07-07 15:53:15.570805339,2025-07-07 15:53:15.470805339,RGM_0068899,2,4.924297397240373e-05,False,False
N054_C0003433,54,2025-07-07 15:53:15.020805339,2025-07-07 15:53:16.020805339,2025-07-07 15:53:15.520805339,RGM_0068940,1,0.000100881059487,False,False
N056_C0004106,56,2025-07-07 15:53:15.470805339,2025-07-07 15:53:15.570805339,2025-07-07 15:53:15.520805339,RGM_0068933,1,3.556977187312798e-05,False,False
N056_C0004107,56,2025-07-07 15:53:15.920805339,2025-07-07 15:53:16.020805339,2025-07-07 15:53:15.970805339,RGM_0068962,1,1.3346353558674834e-05,False,False
N052_C0003014,52,2025-07-07 15:53:15.945805339,2025-07-07 15:53:16.045805339,2025-07-07 15:53:15.995805339,RGM_0068966,2,3.597902758488792e-05,False,False
N053_C0003260,53,2025-07-07 15:53:15.945805339,2025-07-07 15:53:16.045805339,2025-07-07 15:53:15.995805339,RGM_0068970,2,3.147439163477195e-05,False,False
N055_C0003826,55,2025-07-07 15:53:15.945805339,2025-07-07 15:53:16.045805339,2025-07-07 15:53:15.995805339,RGM_0068972,1,1.9933200545609836e-05,False,False
N051_C0002506,51,2025-07-07 15:53:15.970805339,2025-07-07 15:53:16.170805339,2025-07-07 15:53:16.070805339,RGM_0068980,1,3.845693274123449e-05,False,False
N052_C0003015,52,2025-07-07 15:53:17.045805339,2025-07-07 15:53:17.145805339,2025-07-07 15:53:17.095805339,RGM_0068984,1,2.9688157208412074e-05,False,False
N052_C0003016,52,2025-07-07 15:53:19.245805339,2025-07-07 15:53:19.295805339,2025-07-07 15:53:19.270805339,RGM_0069006,1,1.8122224537969463e-05,False,False
N052_C0003017,52,2025-07-07 15:53:25.345805339,2025-07-07 15:53:25.470805339,2025-07-07 15:53:25.395805339,RGM_0069048,1,3.9370331699982535e-05,False,False
N007_C0000459,7,2025-07-07 15:53:32.670805339,2025-07-07 15:53:32.770805339,2025-07-07 15:53:32.720805339,RGM_0069124,2,8.461690011828205e-05,False,False
N051_C0002507,51,2025-07-07 15:53:32.995805339,2025-07-07 15:53:33.320805339,2025-07-07 15:53:33.295805339,RGM_0069137,1,5.1988424243689215e-05,False,False
N052_C0003018,52,2025-07-07 15:53:38.595805339,2025-07-07 15:53:38.695805339,2025-07-07 15:53:38.645805339,RGM_0069166,1,3.765760286666217e-05,False,False
N053_C0003261,53,2025-07-07 15:53:38.570805339,2025-07-07 15:53:38.770805339,2025-07-07 15:53:38.670805339,RGM_0069174,2,3.598648034528408e-05,False,False
N052_C0003019,52,2025-07-07 15:53:46.495805339,2025-07-07 15:53:46.895805339,2025-07-07 15:53:46.870805339,RGM_0069233,1,2.4122181185482284e-05,False,False
N052_C0003020,52,2025-07-07 15:53:47.220805339,2025-07-07 15:53:47.970805339,2025-07-07 15:53:47.320805339,RGM_0069245,1,6.469818275169557e-05,False,False
N052_C0003021,52,2025-07-07 15:53:53.070805339,2025-07-07 15:53:53.120805339,2025-07-07 15:53:53.095805339,RGM_0069287,1,2.16499644751042e-05,False,False
N053_C0003262,53,2025-07-07 15:53:53.070805339,2025-07-07 15:53:53.395805339,2025-07-07 15:53:53.095805339,RGM_0069288,1,2.823669647296376e-05,False,False
N023_C0000821,23,2025-07-07 15:54:00.520805339,2025-07-07 15:54:02.270805339,2025-07-07 15:54:01.470805339,RGM_0069348,1,0.0005445800762732,False,False
N051_C0002508,51,2025-07-07 15:54:01.970805339,2025-07-07 15:54:02.520805339,2025-07-07 15:54:02.495805339,RGM_0069353,1,3.240938049278186e-05,False,False
N055_C0003827,55,2025-07-07 15:54:02.020805339,2025-07-07 15:54:03.020805339,2025-07-07 15:54:02.770805339,RGM_0069359,1,7.712516575179601e-05,False,False
N052_C0003022,52,2025-07-07 15:54:02.770805339,2025-07-07 15:54:02.970805339,2025-07-07 15:54:02.870805339,RGM_0069364,1,8.391203377113077e-05,False,False
N051_C0002509,51,2025-07-07 15:54:02.870805339,2025-07-07 15:54:03.070805339,2025-07-07 15:54:02.970805339,RGM_0069389,1,0.0001047136586978,False,False
N111_C0004370,111,2025-07-07 15:54:03.945805339,2025-07-07 15:54:04.195805339,2025-07-07 15:54:04.145805339,RGM_0069393,1,1.5082057077664832e-05,False,False
N051_C0002510,51,2025-07-07 15:54:04.095805339,2025-07-07 15:54:04.195805339,2025-07-07 15:54:04.170805339,RGM_0069395,1,1.2733225647510866e-05,False,False
N055_C0003828,55,2025-07-07 15:54:05.520805339,2025-07-07 15:54:05.720805339,2025-07-07 15:54:05.620805339,RGM_0069404,1,2.975042718597094e-05,False,False
N005_C0000213,5,2025-07-07 15:54:15.620805339,2025-07-07 15:54:15.745805339,2025-07-07 15:54:15.695805339,RGM_0069521,1,4.88983464110257e-05,False,False
N052_C0003023,52,2025-07-07 15:54:18.195805339,2025-07-07 15:54:18.295805339,2025-07-07 15:54:18.245805339,RGM_0069560,1,2.619755835890196e-05,False,False
N052_C0003024,52,2025-07-07 15:54:19.045805339,2025-07-07 15:54:19.320805339,2025-07-07 15:54:19.270805339,RGM_0069577,1,4.2875918491888577e-05,False,False
N055_C0003829,55,2025-07-07 15:54:19.220805339,2025-07-07 15:54:19.320805339,2025-07-07 15:54:19.270805339,RGM_0069578,1,1.8409066275079625e-05,False,False
N055_C0003830,55,2025-07-07 15:54:23.420805339,2025-07-07 15:54:23.520805339,2025-07-07 15:54:23.470805339,RGM_0069628,1,1.6709622485222855e-05,False,False
N007_C0000460,7,2025-07-07 15:54:30.570805339,2025-07-07 15:54:30.670805339,2025-07-07 15:54:30.620805339,RGM_0069710,1,0.0001439945661066,False,False
N006_C0000424,6,2025-07-07 15:54:30.620805339,2025-07-07 15:54:30.670805339,2025-07-07 15:54:30.645805339,RGM_0069712,1,0.0001083229239671,False,False
N023_C0000822,23,2025-07-07 15:54:30.920805339,2025-07-07 15:54:31.220805339,2025-07-07 15:54:31.095805339,RGM_0069730,1,0.0001284237728496,False,False
N052_C0003025,52,2025-07-07 15:54:32.920805339,2025-07-07 15:54:33.020805339,2025-07-07 15:54:32.970805339,RGM_0069752,1,3.330839566233659e-05,False,False
N051_C0002511,51,2025-07-07 15:54:32.495805339,2025-07-07 15:54:33.520805339,2025-07-07 15:54:32.995805339,RGM_0069757,3,0.0001545407690719,False,False
N056_C0004108,56,2025-07-07 15:54:32.945805339,2025-07-07 15:54:33.045805339,2025-07-07 15:54:32.995805339,RGM_0069758,1,1.3519011505881187e-05,False,False
N031_C0001455,31,2025-07-07 15:54:47.720805339,2025-07-07 15:54:47.820805339,2025-07-07 15:54:47.770805339,RGM_0069903,1,0.000497765364349,False,False
N052_C0003026,52,2025-07-07 15:55:09.020805339,2025-07-07 15:55:10.295805339,2025-07-07 15:55:09.270805339,RGM_0070055,2,0.000119910726227,False,False
N005_C0000214,5,2025-07-07 15:55:11.520805339,2025-07-07 15:55:12.020805339,2025-07-07 15:55:11.620805339,RGM_0070079,1,7.990986620472578e-05,False,False
N005_C0000215,5,2025-07-07 15:55:16.195805339,2025-07-07 15:55:16.320805339,2025-07-07 15:55:16.245805339,RGM_0070123,1,5.556572248327479e-05,False,False
N008_C0000488,8,2025-07-07 15:55:15.370805339,2025-07-07 15:55:16.270805339,2025-07-07 15:55:16.245805339,RGM_0070124,1,0.0002112946856475,False,False
N005_C0000216,5,2025-07-07 15:55:30.145805339,2025-07-07 15:55:30.245805339,2025-07-07 15:55:30.195805339,RGM_0070288,1,5.627564957747904e-05,False,False
N023_C0000823,23,2025-07-07 15:55:40.170805339,2025-07-07 15:55:40.770805339,2025-07-07 15:55:40.295805339,RGM_0070397,1,0.0020380397852986,False,False
N005_C0000217,5,2025-07-07 15:55:47.420805339,2025-07-07 15:55:47.470805339,2025-07-07 15:55:47.445805339,RGM_0070451,1,3.630406280680148e-05,False,False
N052_C0003027,52,2025-07-07 15:55:48.320805339,2025-07-07 15:55:48.520805339,2025-07-07 15:55:48.420805339,RGM_0070482,1,3.287420399490758e-05,False,False
N010_C0000626,10,2025-07-07 15:56:00.770805339,2025-07-07 15:56:02.770805339,2025-07-07 15:56:01.770805339,RGM_0070589,1,0.001027106090291,False,False
N055_C0003831,55,2025-07-07 15:56:06.220805339,2025-07-07 15:56:06.270805339,2025-07-07 15:56:06.245805339,RGM_0070614,1,1.2981688210955909e-05,False,False
N056_C0004109,56,2025-07-07 15:56:06.620805339,2025-07-07 15:56:06.820805339,2025-07-07 15:56:06.720805339,RGM_0070623,1,2.204432208139122e-05,False,False
N052_C0003028,52,2025-07-07 15:56:09.445805339,2025-07-07 15:56:09.495805339,2025-07-07 15:56:09.470805339,RGM_0070660,1,7.433147545367298e-06,False,False
N053_C0003263,53,2025-07-07 15:56:10.320805339,2025-07-07 15:56:10.520805339,2025-07-07 15:56:10.420805339,RGM_0070677,1,5.61979463930771e-05,False,False
N051_C0002512,51,2025-07-07 15:56:10.370805339,2025-07-07 15:56:10.570805339,2025-07-07 15:56:10.495805339,RGM_0070686,4,0.0001393992011479,False,False
N052_C0003029,52,2025-07-07 15:56:10.445805339,2025-07-07 15:56:10.545805339,2025-07-07 15:56:10.495805339,RGM_0070692,1,6.932794479075114e-05,False,False
N055_C0003832,55,2025-07-07 15:56:10.445805339,2025-07-07 15:56:10.545805339,2025-07-07 15:56:10.495805339,RGM_0070694,1,4.0173838265263975e-05,False,False
N056_C0004110,56,2025-07-07 15:56:10.445805339,2025-07-07 15:56:10.545805339,2025-07-07 15:56:10.495805339,RGM_0070685,1,3.362201108097307e-05,False,False
N052_C0003030,52,2025-07-07 15:56:13.395805339,2025-07-07 15:56:13.495805339,2025-07-07 15:56:13.445805339,RGM_0070750,1,1.7406419117417982e-05,False,False
N031_C0001456,31,2025-07-07 15:56:19.995805339,2025-07-07 15:56:20.095805339,2025-07-07 15:56:20.045805339,RGM_0070814,1,0.0004228336359513,False,False
N052_C0003031,52,2025-07-07 15:56:22.745805339,2025-07-07 15:56:22.870805339,2025-07-07 15:56:22.820805339,RGM_0070860,2,7.779975981203715e-05,False,False
N111_C0004371,111,2025-07-07 15:56:21.570805339,2025-07-07 15:56:23.020805339,2025-07-07 15:56:22.820805339,RGM_0070867,1,0.0001502303701778,False,False
N055_C0003833,55,2025-07-07 15:56:26.120805339,2025-07-07 15:56:26.170805339,2025-07-07 15:56:26.145805339,RGM_0070888,1,7.033355425326787e-06,False,False
N052_C0003032,52,2025-07-07 15:56:26.345805339,2025-07-07 15:56:26.445805339,2025-07-07 15:56:26.395805339,RGM_0070904,1,3.135005718169838e-05,False,False
N055_C0003834,55,2025-07-07 15:56:26.370805339,2025-07-07 15:56:26.420805339,2025-07-07 15:56:26.395805339,RGM_0070899,1,1.5788223975278654e-05,False,False
N054_C0003434,54,2025-07-07 15:56:26.320805339,2025-07-07 15:56:26.520805339,2025-07-07 15:56:26.420805339,RGM_0070906,1,2.1546318621682112e-05,False,False
N030_C0001308,30,2025-07-07 15:56:28.120805339,2025-07-07 15:56:28.220805339,2025-07-07 15:56:28.170805339,RGM_0070921,1,0.0004599992667435,False,False
N052_C0003033,52,2025-07-07 15:56:33.595805339,2025-07-07 15:56:33.645805339,2025-07-07 15:56:33.620805339,RGM_0070965,1,2.683553639753952e-05,False,False
N051_C0002513,51,2025-07-07 15:56:35.320805339,2025-07-07 15:56:35.370805339,2025-07-07 15:56:35.345805339,RGM_0070987,3,3.582943255235835e-05,False,False
N054_C0003435,54,2025-07-07 15:56:35.320805339,2025-07-07 15:56:35.370805339,2025-07-07 15:56:35.345805339,RGM_0070986,1,1.3078263605040717e-05,False,False
N052_C0003034,52,2025-07-07 15:56:35.595805339,2025-07-07 15:56:35.695805339,2025-07-07 15:56:35.645805339,RGM_0071013,1,2.3210790978897035e-05,False,False
N005_C0000218,5,2025-07-07 15:56:41.820805339,2025-07-07 15:56:41.920805339,2025-07-07 15:56:41.845805339,RGM_0071140,1,6.538482307428522e-05,False,False
N030_C0001309,30,2025-07-07 15:56:42.045805339,2025-07-07 15:56:42.195805339,2025-07-07 15:56:42.095805339,RGM_0071154,1,0.0006091954687314,False,False
N055_C0003835,55,2025-07-07 15:57:12.394940399,2025-07-07 15:57:12.894940399,2025-07-07 15:57:12.694940399,RGM_0071432,1,2.066079305389125e-05,False,False
N052_C0003035,52,2025-07-07 15:57:14.519940399,2025-07-07 15:57:14.719940399,2025-07-07 15:57:14.644940399,RGM_0071457,1,5.083559208978272e-05,False,False
N051_C0002514,51,2025-07-07 15:57:17.394940399,2025-07-07 15:57:19.019940399,2025-07-07 15:57:18.719940399,RGM_0071497,3,0.0001730651831849,False,False
N005_C0000219,5,2025-07-07 15:57:19.869940399,2025-07-07 15:57:19.969940399,2025-07-07 15:57:19.944940399,RGM_0071515,1,9.431079982817992e-05,False,False
N008_C0000489,8,2025-07-07 15:57:21.919940399,2025-07-07 15:57:22.019940399,2025-07-07 15:57:21.969940399,RGM_0071529,1,0.0001690141552244,False,False
N009_C0000559,9,2025-07-07 15:57:21.044940399,2025-07-07 15:57:22.019940399,2025-07-07 15:57:21.969940399,RGM_0071528,1,0.0004192372019851,False,False
N006_C0000425,6,2025-07-07 15:57:21.969940399,2025-07-07 15:57:22.019940399,2025-07-07 15:57:21.994940399,RGM_0071531,1,0.0001035846142716,False,False
N005_C0000220,5,2025-07-07 15:57:21.769940399,2025-07-07 15:57:22.269940399,2025-07-07 15:57:22.019940399,RGM_0071534,1,0.000119869311446,False,False
N000_C0000027,0,2025-07-07 15:57:23.644940399,2025-07-07 15:57:24.144940399,2025-07-07 15:57:23.894940399,RGM_0071553,1,0.0002513257066988,False,False
N005_C0000221,5,2025-07-07 15:57:23.869940399,2025-07-07 15:57:23.919940399,2025-07-07 15:57:23.894940399,RGM_0071552,1,0.0002861838065698,False,False
N008_C0000490,8,2025-07-07 15:57:23.869940399,2025-07-07 15:57:24.069940399,2025-07-07 15:57:23.969940399,RGM_0071559,1,0.0005456330152,False,False
N005_C0000222,5,2025-07-07 15:57:24.569940399,2025-07-07 15:57:24.719940399,2025-07-07 15:57:24.644940399,RGM_0071563,1,3.952530922081817e-05,False,False
N008_C0000491,8,2025-07-07 15:57:30.769940399,2025-07-07 15:57:30.869940399,2025-07-07 15:57:30.819940399,RGM_0071608,1,0.0002097349536,False,False
N005_C0000223,5,2025-07-07 15:57:31.019940399,2025-07-07 15:57:31.219940399,2025-07-07 15:57:31.119940399,RGM_0071617,2,8.844855973887175e-05,False,False
N006_C0000426,6,2025-07-07 15:57:31.119940399,2025-07-07 15:57:31.169940399,2025-07-07 15:57:31.144940399,RGM_0071620,1,6.184532495037756e-05,False,False
N051_C0002515,51,2025-07-07 15:57:31.919940399,2025-07-07 15:57:32.019940399,2025-07-07 15:57:31.969940399,RGM_0071636,2,8.571386438026242e-05,False,False
N052_C0003036,52,2025-07-07 15:57:31.919940399,2025-07-07 15:57:32.019940399,2025-07-07 15:57:31.969940399,RGM_0071639,1,6.673843330454914e-05,False,False
N056_C0004111,56,2025-07-07 15:57:31.919940399,2025-07-07 15:57:32.019940399,2025-07-07 15:57:31.969940399,RGM_0071643,1,2.134550712426647e-05,False,False
N030_C0001310,30,2025-07-07 15:57:36.469940399,2025-07-07 15:57:36.569940399,2025-07-07 15:57:36.519940399,RGM_0071665,1,0.0006042396172232,False,False
N052_C0003037,52,2025-07-07 15:57:42.144940399,2025-07-07 15:57:42.669940399,2025-07-07 15:57:42.369940399,RGM_0071701,3,0.0001101179898317,False,False
N052_C0003038,52,2025-07-07 15:57:45.269940399,2025-07-07 15:57:46.269940399,2025-07-07 15:57:45.619940399,RGM_0071752,2,0.000155627671251,False,False
N053_C0003264,53,2025-07-07 15:57:45.919940399,2025-07-07 15:57:46.019940399,2025-07-07 15:57:45.969940399,RGM_0071756,1,2.824139173725929e-05,False,False
N052_C0003039,52,2025-07-07 15:57:48.269940399,2025-07-07 15:57:48.519940399,2025-07-07 15:57:48.444940399,RGM_0071778,1,7.317778026880423e-05,False,False
N056_C0004112,56,2025-07-07 15:57:48.419940399,2025-07-07 15:57:48.519940399,2025-07-07 15:57:48.469940399,RGM_0071786,1,1.4962683597325835e-05,False,False
N052_C0003040,52,2025-07-07 15:57:51.219940399,2025-07-07 15:57:51.269940399,2025-07-07 15:57:51.244940399,RGM_0071812,1,2.588470057403311e-05,False,False
N054_C0003436,54,2025-07-07 15:57:51.494940399,2025-07-07 15:57:51.544940399,2025-07-07 15:57:51.519940399,RGM_0071815,1,3.410661267257694e-05,False,False
N055_C0003836,55,2025-07-07 15:57:51.469940399,2025-07-07 15:57:51.569940399,2025-07-07 15:57:51.519940399,RGM_0071819,1,2.198374502983124e-05,False,False
N056_C0004113,56,2025-07-07 15:57:51.494940399,2025-07-07 15:57:51.544940399,2025-07-07 15:57:51.519940399,RGM_0071816,1,1.392633687365569e-05,False,False
N000_C0000028,0,2025-07-07 15:57:55.769940399,2025-07-07 15:57:57.769940399,2025-07-07 15:57:56.769940399,RGM_0071876,3,0.0005257628559058,False,False
N051_C0002516,51,2025-07-07 15:57:56.669940399,2025-07-07 15:57:58.869940399,2025-07-07 15:57:58.769940399,RGM_0071896,3,0.0002120371282012,False,False
N052_C0003041,52,2025-07-07 15:57:58.669940399,2025-07-07 15:57:58.869940399,2025-07-07 15:57:58.769940399,RGM_0071890,1,6.062633218793331e-05,False,False
N043_C0002240,43,2025-07-07 15:58:06.669940399,2025-07-07 15:58:06.719940399,2025-07-07 15:58:06.694940399,RGM_0071972,1,1.7069808910237173e-05,False,False
N051_C0002517,51,2025-07-07 15:58:06.519940399,2025-07-07 15:58:06.769940399,2025-07-07 15:58:06.694940399,RGM_0071965,5,0.0001983648254349,False,False
N054_C0003437,54,2025-07-07 15:58:06.644940399,2025-07-07 15:58:06.744940399,2025-07-07 15:58:06.694940399,RGM_0071962,1,7.629151479936452e-05,False,False
N111_C0004372,111,2025-07-07 15:58:05.769940399,2025-07-07 15:58:08.269940399,2025-07-07 15:58:06.694940399,RGM_0071968,1,0.0003974111580592,False,False
N052_C0003042,52,2025-07-07 15:58:06.619940399,2025-07-07 15:58:06.819940399,2025-07-07 15:58:06.719940399,RGM_0071978,2,0.0001951117675468,False,False
N053_C0003265,53,2025-07-07 15:58:06.669940399,2025-07-07 15:58:06.769940399,2025-07-07 15:58:06.719940399,RGM_0071980,1,0.000128101068417,False,False
N055_C0003837,55,2025-07-07 15:58:06.619940399,2025-07-07 15:58:06.819940399,2025-07-07 15:58:06.719940399,RGM_0071979,1,4.629258138907244e-05,False,False
N052_C0003043,52,2025-07-07 15:58:09.569940399,2025-07-07 15:58:09.769940399,2025-07-07 15:58:09.669940399,RGM_0072001,1,6.239395954991596e-05,False,False
N053_C0003266,53,2025-07-07 15:58:09.569940399,2025-07-07 15:58:09.769940399,2025-07-07 15:58:09.669940399,RGM_0072002,1,3.986748176229624e-05,False,False
N051_C0002518,51,2025-07-07 15:58:09.769940399,2025-07-07 15:58:11.019940399,2025-07-07 15:58:10.119940399,RGM_0072010,2,0.0002802144873453,False,False
N056_C0004114,56,2025-07-07 15:58:10.094940399,2025-07-07 15:58:10.144940399,2025-07-07 15:58:10.119940399,RGM_0072005,1,9.087731063595744e-06,False,False
N054_C0003438,54,2025-07-07 15:58:10.519940399,2025-07-07 15:58:10.769940399,2025-07-07 15:58:10.644940399,RGM_0072012,1,8.06481997076393e-05,False,False
N044_C0002260,44,2025-07-07 15:58:10.644940399,2025-07-07 15:58:10.694940399,2025-07-07 15:58:10.669940399,RGM_0072015,1,1.886555552334108e-05,False,False
N052_C0003044,52,2025-07-07 15:58:10.619940399,2025-07-07 15:58:10.719940399,2025-07-07 15:58:10.669940399,RGM_0072026,1,0.0001996253852201,False,False
N111_C0004373,111,2025-07-07 15:58:08.769940399,2025-07-07 15:58:10.769940399,2025-07-07 15:58:10.669940399,RGM_0072013,1,0.0004839905015216,False,False
N051_C0002519,51,2025-07-07 15:58:16.769940399,2025-07-07 15:58:19.044940399,2025-07-07 15:58:17.169940399,RGM_0072071,4,0.0003028242163811,False,False
N052_C0003045,52,2025-07-07 15:58:17.769940399,2025-07-07 15:58:17.969940399,2025-07-07 15:58:17.869940399,RGM_0072092,2,0.0001629018065941,False,False
N051_C0002520,51,2025-07-07 15:58:19.144940399,2025-07-07 15:58:19.194940399,2025-07-07 15:58:19.169940399,RGM_0072099,1,6.420939453167036e-06,False,False
N052_C0003046,52,2025-07-07 15:58:23.644940399,2025-07-07 15:58:24.144940399,2025-07-07 15:58:23.894940399,RGM_0072118,2,0.0001718615112815,False,False
N053_C0003267,53,2025-07-07 15:58:23.844940399,2025-07-07 15:58:23.944940399,2025-07-07 15:58:23.894940399,RGM_0072129,1,0.0001002064949275,False,False
N111_C0004374,111,2025-07-07 15:58:23.344940399,2025-07-07 15:58:24.769940399,2025-07-07 15:58:23.894940399,RGM_0072124,1,0.0001713371417238,False,False
N051_C0002521,51,2025-07-07 15:58:23.644940399,2025-07-07 15:58:24.944940399,2025-07-07 15:58:24.294940399,RGM_0072135,4,0.0002536532038267,False,False
N023_C0000824,23,2025-07-07 15:58:37.144940399,2025-07-07 15:58:37.894940399,2025-07-07 15:58:37.419940399,RGM_0072195,1,0.001480554265727,False,False
N052_C0003047,52,2025-07-07 15:58:48.444940399,2025-07-07 15:58:48.544940399,2025-07-07 15:58:48.494940399,RGM_0072272,1,3.2322038033295825e-05,False,False
N052_C0003048,52,2025-07-07 15:58:55.394940399,2025-07-07 15:58:55.519940399,2025-07-07 15:58:55.444940399,RGM_0072326,1,5.762740488240633e-05,False,False
N052_C0003049,52,2025-07-07 15:59:00.019940399,2025-07-07 15:59:00.069940399,2025-07-07 15:59:00.044940399,RGM_0072368,1,2.6235312435667784e-05,False,False
N053_C0003268,53,2025-07-07 15:59:00.544940399,2025-07-07 15:59:00.594940399,2025-07-07 15:59:00.569940399,RGM_0072384,1,3.0372072386252465e-05,False,False
N052_C0003050,52,2025-07-07 15:59:14.919940399,2025-07-07 15:59:14.969940399,2025-07-07 15:59:14.944940399,RGM_0072477,1,3.3820061944418336e-05,False,False
N031_C0001457,31,2025-07-07 15:59:21.019940399,2025-07-07 15:59:22.119940399,2025-07-07 15:59:21.444940399,RGM_0072515,1,0.0021010989459803,False,False
N051_C0002522,51,2025-07-07 15:59:22.269940399,2025-07-07 15:59:23.394940399,2025-07-07 15:59:23.119940399,RGM_0072526,1,0.0001585148666237,False,False
N050_C0002337,50,2025-07-07 15:59:23.169940399,2025-07-07 15:59:23.269940399,2025-07-07 15:59:23.194940399,RGM_0072541,1,1.318744766944926e-05,False,False
N052_C0003051,52,2025-07-07 15:59:23.169940399,2025-07-07 15:59:23.219940399,2025-07-07 15:59:23.194940399,RGM_0072530,1,8.015453874517528e-05,False,False
N051_C0002523,51,2025-07-07 15:59:24.369940399,2025-07-07 15:59:24.419940399,2025-07-07 15:59:24.394940399,RGM_0072562,1,6.725002898417149e-06,False,False
N053_C0003269,53,2025-07-07 15:59:25.719940399,2025-07-07 15:59:25.819940399,2025-07-07 15:59:25.769940399,RGM_0072575,1,2.82874361018432e-05,False,False
N055_C0003838,55,2025-07-07 15:59:25.719940399,2025-07-07 15:59:25.819940399,2025-07-07 15:59:25.769940399,RGM_0072569,1,1.1166567177333345e-05,False,False
N052_C0003052,52,2025-07-07 15:59:25.769940399,2025-07-07 15:59:25.819940399,2025-07-07 15:59:25.794940399,RGM_0072585,1,5.7557629407394806e-05,False,False
N051_C0002524,51,2025-07-07 15:59:26.769940399,2025-07-07 15:59:27.769940399,2025-07-07 15:59:27.444940399,RGM_0072593,2,0.000153455607724,False,False
N052_C0003053,52,2025-07-07 15:59:27.419940399,2025-07-07 15:59:27.469940399,2025-07-07 15:59:27.444940399,RGM_0072594,1,6.266561222094837e-05,False,False
N053_C0003270,53,2025-07-07 15:59:27.419940399,2025-07-07 15:59:27.519940399,2025-07-07 15:59:27.444940399,RGM_0072598,1,2.9518300098207597e-05,False,False
N052_C0003054,52,2025-07-07 15:59:30.769940399,2025-07-07 15:59:31.019940399,2025-07-07 15:59:30.994940399,RGM_0072650,1,5.048874179115764e-05,False,False
N052_C0003055,52,2025-07-07 15:59:33.344940399,2025-07-07 15:59:33.394940399,2025-07-07 15:59:33.369940399,RGM_0072679,1,3.343661040269219e-05,False,False
N005_C0000224,5,2025-07-07 16:05:36.344940399,2025-07-07 16:05:36.619940399,2025-07-07 16:05:36.444940399,RGM_0076841,1,9.394606472300765e-05,False,False
N005_C0000225,5,2025-07-07 16:05:41.144940399,2025-07-07 16:05:41.194940399,2025-07-07 16:05:41.169940399,RGM_0076880,1,9.058256816726216e-05,False,False
N058_C0004193,58,2025-07-07 16:05:47.769940399,2025-07-07 16:05:48.169940399,2025-07-07 16:05:48.094940399,RGM_0076915,1,4.131434623623768e-05,False,False
N005_C0000226,5,2025-07-07 16:06:07.269940399,2025-07-07 16:06:07.369940399,2025-07-07 16:06:07.319940399,RGM_0077000,1,8.110372508081741e-05,False,False
N082_C0004263,82,2025-07-07 16:07:18.069074386,2025-07-07 16:07:18.119074386,2025-07-07 16:07:18.094074386,RGM_0077332,1,1.516281115172114e-05,False,False
N082_C0004264,82,2025-07-07 16:07:34.944074386,2025-07-07 16:07:34.994074386,2025-07-07 16:07:34.969074386,RGM_0077478,1,1.989224082077453e-05,False,False
N082_C0004265,82,2025-07-07 16:07:35.369074386,2025-07-07 16:07:35.419074386,2025-07-07 16:07:35.394074386,RGM_0077483,1,1.732102939969278e-05,False,False
N031_C0001458,31,2025-07-07 16:08:01.269074386,2025-07-07 16:08:01.769074386,2025-07-07 16:08:01.594074386,RGM_0077658,2,0.0025173521922841,False,False
N030_C0001311,30,2025-07-07 16:08:01.519074386,2025-07-07 16:08:01.719074386,2025-07-07 16:08:01.619074386,RGM_0077661,1,0.0018826901513794,False,False
N023_C0000825,23,2025-07-07 16:08:01.869074386,2025-07-07 16:08:02.069074386,2025-07-07 16:08:01.969074386,RGM_0077669,1,0.0004851886347304,False,False
N031_C0001459,31,2025-07-07 16:08:01.969074386,2025-07-07 16:08:02.069074386,2025-07-07 16:08:02.019074386,RGM_0077673,1,0.0005389519179866,False,False
N031_C0001460,31,2025-07-07 16:08:56.419074386,2025-07-07 16:08:56.619074386,2025-07-07 16:08:56.494074386,RGM_0077884,1,0.0008000989338639,False,False
N031_C0001461,31,2025-07-07 16:09:55.819074386,2025-07-07 16:09:56.019074386,2025-07-07 16:09:55.894074386,RGM_0078129,1,0.0006446941858221,False,False
N059_C0004231,59,2025-07-07 16:10:19.419074386,2025-07-07 16:10:19.719074386,2025-07-07 16:10:19.594074386,RGM_0078214,1,1.6334533549670177e-05,False,False
N005_C0000227,5,2025-07-07 16:10:23.594074386,2025-07-07 16:10:23.644074386,2025-07-07 16:10:23.619074386,RGM_0078232,1,7.094769948897581e-05,False,False
N005_C0000228,5,2025-07-07 16:11:21.269074386,2025-07-07 16:11:21.919074386,2025-07-07 16:11:21.444074386,RGM_0078735,1,0.0001677193480421,False,False
N005_C0000229,5,2025-07-07 16:11:35.819074386,2025-07-07 16:11:36.019074386,2025-07-07 16:11:35.919074386,RGM_0078811,1,0.0001445738762527,False,False
N009_C0000560,9,2025-07-07 16:11:35.894074386,2025-07-07 16:11:35.994074386,2025-07-07 16:11:35.944074386,RGM_0078812,1,0.0001705570873133,False,False
N005_C0000230,5,2025-07-07 16:12:06.119074386,2025-07-07 16:12:08.194074386,2025-07-07 16:12:06.994074386,RGM_0078934,1,0.0004170565102792,False,False
N005_C0000231,5,2025-07-07 16:12:10.969074386,2025-07-07 16:12:11.619074386,2025-07-07 16:12:11.094074386,RGM_0078952,1,0.0001517011149479,False,False
N058_C0004194,58,2025-07-07 16:12:13.719074386,2025-07-07 16:12:14.019074386,2025-07-07 16:12:13.869074386,RGM_0078958,1,3.059895286883721e-05,False,False
N023_C0000826,23,2025-07-07 16:12:19.069074386,2025-07-07 16:12:19.169074386,2025-07-07 16:12:19.144074386,RGM_0078981,1,0.0007200631561394,False,False
N005_C0000232,5,2025-07-07 16:12:44.544074386,2025-07-07 16:12:44.719074386,2025-07-07 16:12:44.594074386,RGM_0079090,2,0.0001306158814164,False,False
N006_C0000427,6,2025-07-07 16:12:44.544074386,2025-07-07 16:12:44.644074386,2025-07-07 16:12:44.594074386,RGM_0079092,1,0.0001969725915986,False,False
N008_C0000492,8,2025-07-07 16:12:44.619074386,2025-07-07 16:12:44.669074386,2025-07-07 16:12:44.644074386,RGM_0079093,1,0.0001924915363107,False,False
N082_C0004266,82,2025-07-07 16:12:47.019074386,2025-07-07 16:12:48.019074386,2025-07-07 16:12:47.144074386,RGM_0079105,1,0.0010997656604522,False,False
N005_C0000233,5,2025-07-07 16:12:47.769074386,2025-07-07 16:12:47.994074386,2025-07-07 16:12:47.944074386,RGM_0079108,1,0.000104888760516,False,False
N023_C0000827,23,2025-07-07 16:12:54.769074386,2025-07-07 16:12:57.269074386,2025-07-07 16:12:56.169074386,RGM_0079162,4,0.0020831217045156,False,False
N005_C0000234,5,2025-07-07 16:13:34.169074386,2025-07-07 16:13:34.269074386,2025-07-07 16:13:34.219074386,RGM_0079323,1,0.000104387330638,False,False
N007_C0000461,7,2025-07-07 16:13:34.119074386,2025-07-07 16:13:34.319074386,2025-07-07 16:13:34.219074386,RGM_0079325,1,0.000201813006864,False,False
N006_C0000428,6,2025-07-07 16:13:34.169074386,2025-07-07 16:13:34.819074386,2025-07-07 16:13:34.244074386,RGM_0079331,1,0.0001982462286961,False,False
N050_C0002338,50,2025-07-07 16:13:36.294074386,2025-07-07 16:13:36.394074386,2025-07-07 16:13:36.344074386,RGM_0079346,1,1.5682783483779997e-05,False,False
N023_C0000828,23,2025-07-07 16:14:03.769074386,2025-07-07 16:14:05.769074386,2025-07-07 16:14:05.269074386,RGM_0079477,1,0.0007741220314564,False,False
N023_C0000829,23,2025-07-07 16:14:06.469074386,2025-07-07 16:14:06.519074386,2025-07-07 16:14:06.494074386,RGM_0079480,1,3.5209901842569937e-05,False,False
N005_C0000235,5,2025-07-07 16:14:57.419074386,2025-07-07 16:14:58.169074386,2025-07-07 16:14:57.594074386,RGM_0079777,1,0.0001547294757486,False,False
N009_C0000561,9,2025-07-07 16:15:00.269074386,2025-07-07 16:15:00.469074386,2025-07-07 16:15:00.344074386,RGM_0079791,1,0.0001091455358754,False,False
N082_C0004267,82,2025-07-07 16:15:20.369074386,2025-07-07 16:15:20.719074386,2025-07-07 16:15:20.394074386,RGM_0079910,1,0.0002201849714693,False,False
N082_C0004268,82,2025-07-07 16:15:28.244074386,2025-07-07 16:15:28.294074386,2025-07-07 16:15:28.269074386,RGM_0079945,1,0.0001240926813479,False,False
N082_C0004269,82,2025-07-07 16:15:40.419074386,2025-07-07 16:15:40.869074386,2025-07-07 16:15:40.444074386,RGM_0080016,1,0.0003006752439313,False,False
N051_C0002525,51,2025-07-07 16:15:40.394074386,2025-07-07 16:15:40.969074386,2025-07-07 16:15:40.644074386,RGM_0080018,12,9.312988655414204e-05,False,False
N052_C0003056,52,2025-07-07 16:15:40.794074386,2025-07-07 16:15:40.894074386,2025-07-07 16:15:40.844074386,RGM_0080028,2,6.689991538042833e-05,False,False
N053_C0003271,53,2025-07-07 16:15:40.794074386,2025-07-07 16:15:40.894074386,2025-07-07 16:15:40.844074386,RGM_0080025,2,3.787002886053977e-05,False,False
N050_C0002339,50,2025-07-07 16:15:40.644074386,2025-07-07 16:15:41.144074386,2025-07-07 16:15:40.894074386,RGM_0080073,3,4.633563609126639e-05,False,False
N082_C0004270,82,2025-07-07 16:15:51.944074386,2025-07-07 16:15:51.994074386,2025-07-07 16:15:51.969074386,RGM_0080166,1,0.0001421565109451,False,False
N021_C0000717,21,2025-07-07 16:16:08.019074386,2025-07-07 16:16:09.019074386,2025-07-07 16:16:08.369074386,RGM_0080288,1,0.0004841491910015,False,False
N005_C0000236,5,2025-07-07 16:16:11.069074386,2025-07-07 16:16:11.169074386,2025-07-07 16:16:11.119074386,RGM_0080312,2,0.0001492262233378,False,False
N006_C0000429,6,2025-07-07 16:16:11.069074386,2025-07-07 16:16:11.269074386,2025-07-07 16:16:11.119074386,RGM_0080311,1,0.0001590683683613,False,False
N085_C0004323,85,2025-07-07 16:18:12.768207525,2025-07-07 16:18:15.768207525,2025-07-07 16:18:14.218207525,RGM_0081073,1,0.0007208872717219,False,False
N000_C0000029,0,2025-07-07 16:18:18.493207525,2025-07-07 16:18:19.468207525,2025-07-07 16:18:18.543207525,RGM_0081098,1,0.0001853298038913,False,False
N005_C0000237,5,2025-07-07 16:18:28.618207525,2025-07-07 16:18:28.668207525,2025-07-07 16:18:28.643207525,RGM_0081143,1,9.37737422334925e-05,False,False
N000_C0000030,0,2025-07-07 16:18:28.143207525,2025-07-07 16:18:29.318207525,2025-07-07 16:18:28.843207525,RGM_0081149,3,0.0002008831659084,False,False
N000_C0000031,0,2025-07-07 16:18:35.818207525,2025-07-07 16:18:36.618207525,2025-07-07 16:18:36.018207525,RGM_0081179,1,0.0001867485521719,False,False
N005_C0000238,5,2025-07-07 16:18:47.193207525,2025-07-07 16:18:47.293207525,2025-07-07 16:18:47.243207525,RGM_0081327,1,6.149441000073686e-05,False,False
N005_C0000239,5,2025-07-07 16:18:53.868207525,2025-07-07 16:18:54.968207525,2025-07-07 16:18:53.893207525,RGM_0081479,1,0.0002289024379604,False,False
N000_C0000032,0,2025-07-07 16:18:56.443207525,2025-07-07 16:18:57.243207525,2025-07-07 16:18:56.493207525,RGM_0081523,1,0.0001628759249187,False,False
N005_C0000240,5,2025-07-07 16:19:02.668207525,2025-07-07 16:19:02.918207525,2025-07-07 16:19:02.818207525,RGM_0081566,1,0.0001682984120591,False,False
N009_C0000562,9,2025-07-07 16:19:19.068207525,2025-07-07 16:19:19.168207525,2025-07-07 16:19:19.118207525,RGM_0081739,1,0.0002360928163116,False,False
N008_C0000493,8,2025-07-07 16:19:19.068207525,2025-07-07 16:19:19.268207525,2025-07-07 16:19:19.168207525,RGM_0081744,1,0.0002431301008249,False,False
N005_C0000241,5,2025-07-07 16:19:20.368207525,2025-07-07 16:19:20.568207525,2025-07-07 16:19:20.493207525,RGM_0081810,2,0.0002137080859978,False,False
N006_C0000430,6,2025-07-07 16:19:20.418207525,2025-07-07 16:19:20.618207525,2025-07-07 16:19:20.518207525,RGM_0081820,1,0.0002160324706425,False,False
N008_C0000494,8,2025-07-07 16:19:20.268207525,2025-07-07 16:19:20.768207525,2025-07-07 16:19:20.518207525,RGM_0081817,1,0.0001917740811174,False,False
N008_C0000495,8,2025-07-07 16:19:21.618207525,2025-07-07 16:19:21.818207525,2025-07-07 16:19:21.718207525,RGM_0081865,1,0.000158682510235,False,False
N005_C0000242,5,2025-07-07 16:19:24.743207525,2025-07-07 16:19:24.868207525,2025-07-07 16:19:24.793207525,RGM_0081975,1,0.0001096919969469,False,False
N000_C0000033,0,2025-07-07 16:19:25.368207525,2025-07-07 16:19:25.568207525,2025-07-07 16:19:25.468207525,RGM_0082000,2,8.961297430946688e-05,False,False
N005_C0000243,5,2025-07-07 16:19:25.418207525,2025-07-07 16:19:25.518207525,2025-07-07 16:19:25.468207525,RGM_0081996,1,8.543987362306333e-05,False,False
N005_C0000244,5,2025-07-07 16:19:29.218207525,2025-07-07 16:19:29.418207525,2025-07-07 16:19:29.268207525,RGM_0082037,2,0.0002618541810686,False,False
N023_C0000830,23,2025-07-07 16:19:29.268207525,2025-07-07 16:19:29.768207525,2025-07-07 16:19:29.518207525,RGM_0082111,1,0.0002315543681862,False,False
N024_C0001067,24,2025-07-07 16:19:29.268207525,2025-07-07 16:19:29.768207525,2025-07-07 16:19:29.518207525,RGM_0082110,1,0.0002451221781341,False,False
N033_C0001767,33,2025-07-07 16:19:29.493207525,2025-07-07 16:19:29.543207525,2025-07-07 16:19:29.518207525,RGM_0082103,1,8.291210562768919e-06,False,False
N036_C0002182,36,2025-07-07 16:19:29.143207525,2025-07-07 16:19:30.268207525,2025-07-07 16:19:29.543207525,RGM_0082115,2,0.000148990411092,False,False
N026_C0001091,26,2025-07-07 16:19:29.268207525,2025-07-07 16:19:30.268207525,2025-07-07 16:19:29.768207525,RGM_0082118,2,0.0002992012369354,False,False
N027_C0001106,27,2025-07-07 16:19:29.268207525,2025-07-07 16:19:30.268207525,2025-07-07 16:19:29.768207525,RGM_0082123,2,0.0002992012369354,False,False
N037_C0002194,37,2025-07-07 16:19:29.268207525,2025-07-07 16:19:30.268207525,2025-07-07 16:19:29.768207525,RGM_0082124,1,0.000148990411092,False,False
N008_C0000496,8,2025-07-07 16:19:30.918207525,2025-07-07 16:19:30.968207525,2025-07-07 16:19:30.943207525,RGM_0082195,1,0.0001072375472597,False,False
N006_C0000431,6,2025-07-07 16:19:31.968207525,2025-07-07 16:19:32.068207525,2025-07-07 16:19:32.018207525,RGM_0082216,1,0.0002165575653125,False,False
N005_C0000245,5,2025-07-07 16:19:31.968207525,2025-07-07 16:19:32.168207525,2025-07-07 16:19:32.068207525,RGM_0082228,2,0.0002249945429791,False,False
N008_C0000497,8,2025-07-07 16:19:32.018207525,2025-07-07 16:19:32.218207525,2025-07-07 16:19:32.118207525,RGM_0082229,1,0.0002249210377012,False,False
N020_C0000709,20,2025-07-07 16:19:55.043207525,2025-07-07 16:19:55.218207525,2025-07-07 16:19:55.193207525,RGM_0082401,1,8.294779458360219e-05,False,False
N018_C0000669,18,2025-07-07 16:20:01.043207525,2025-07-07 16:20:01.143207525,2025-07-07 16:20:01.118207525,RGM_0082469,1,5.550755639368798e-05,False,False
N005_C0000246,5,2025-07-07 16:20:08.518207525,2025-07-07 16:20:09.643207525,2025-07-07 16:20:09.593207525,RGM_0082552,1,0.0003364757292296,False,False
N006_C0000432,6,2025-07-07 16:20:09.543207525,2025-07-07 16:20:09.643207525,2025-07-07 16:20:09.593207525,RGM_0082551,1,0.0001921844070639,False,False
N009_C0000563,9,2025-07-07 16:20:09.593207525,2025-07-07 16:20:09.643207525,2025-07-07 16:20:09.618207525,RGM_0082555,1,0.0001613780930049,False,False
N000_C0000034,0,2025-07-07 16:20:16.493207525,2025-07-07 16:20:16.593207525,2025-07-07 16:20:16.543207525,RGM_0082621,3,0.0001517105590815,False,False
N009_C0000564,9,2025-07-07 16:20:16.368207525,2025-07-07 16:20:16.618207525,2025-07-07 16:20:16.543207525,RGM_0082620,1,0.0001862046444232,False,False
N005_C0000247,5,2025-07-07 16:20:16.543207525,2025-07-07 16:20:16.593207525,2025-07-07 16:20:16.568207525,RGM_0082625,1,0.0001732053798165,False,False
N000_C0000035,0,2025-07-07 16:20:16.868207525,2025-07-07 16:20:18.843207525,2025-07-07 16:20:16.893207525,RGM_0082642,1,0.0004877245641467,False,False
N005_C0000248,5,2025-07-07 16:20:33.768207525,2025-07-07 16:20:34.268207525,2025-07-07 16:20:34.068207525,RGM_0082835,1,0.0001481434492037,False,False
N000_C0000036,0,2025-07-07 16:20:34.018207525,2025-07-07 16:20:35.443207525,2025-07-07 16:20:34.093207525,RGM_0082836,1,0.0001656564456202,False,False
N008_C0000498,8,2025-07-07 16:20:35.718207525,2025-07-07 16:20:35.818207525,2025-07-07 16:20:35.768207525,RGM_0082844,1,0.0001919947857951,False,False
N005_C0000249,5,2025-07-07 16:20:35.393207525,2025-07-07 16:20:36.368207525,2025-07-07 16:20:35.793207525,RGM_0082848,2,0.0002858188031749,False,False
N005_C0000250,5,2025-07-07 16:21:20.793207525,2025-07-07 16:21:23.168207525,2025-07-07 16:21:22.718207525,RGM_0083120,1,0.0005907572017265,False,False
N006_C0000433,6,2025-07-07 16:21:23.068207525,2025-07-07 16:21:23.618207525,2025-07-07 16:21:23.518207525,RGM_0083121,1,0.0004075151449248,False,False
N005_C0000251,5,2025-07-07 16:21:23.468207525,2025-07-07 16:21:24.118207525,2025-07-07 16:21:23.543207525,RGM_0083122,1,0.0002338594124757,False,False
N029_C0001164,29,2025-07-07 16:21:37.393207525,2025-07-07 16:21:37.893207525,2025-07-07 16:21:37.643207525,RGM_0083192,1,0.0011216529380386,False,False
N082_C0004271,82,2025-07-07 16:21:43.543207525,2025-07-07 16:21:43.593207525,2025-07-07 16:21:43.568207525,RGM_0083260,1,5.512263372624101e-05,False,False
N005_C0000252,5,2025-07-07 16:22:56.443207525,2025-07-07 16:22:56.668207525,2025-07-07 16:22:56.568207525,RGM_0083885,1,0.000111346144643,False,False
N082_C0004272,82,2025-07-07 16:23:00.568207525,2025-07-07 16:23:00.868207525,2025-07-07 16:23:00.593207525,RGM_0083934,1,0.0004067530882751,False,False
N000_C0000037,0,2025-07-07 16:23:04.718207525,2025-07-07 16:23:04.768207525,2025-07-07 16:23:04.743207525,RGM_0083989,1,2.5897888868948134e-05,False,False
N010_C0000627,10,2025-07-07 16:23:10.768207525,2025-07-07 16:23:10.868207525,2025-07-07 16:23:10.818207525,RGM_0084089,1,4.311204730486544e-05,False,False
N009_C0000565,9,2025-07-07 16:23:12.918207525,2025-07-07 16:23:13.043207525,2025-07-07 16:23:12.968207525,RGM_0084104,1,0.0003131431067395,False,False
N000_C0000038,0,2025-07-07 16:23:24.268207525,2025-07-07 16:23:25.518207525,2025-07-07 16:23:24.768207525,RGM_0084211,10,0.0003393376687776,False,False
N009_C0000566,9,2025-07-07 16:23:24.768207525,2025-07-07 16:23:24.968207525,2025-07-07 16:23:24.868207525,RGM_0084220,2,0.0004210080592136,False,False
N010_C0000628,10,2025-07-07 16:23:24.518207525,2025-07-07 16:23:25.518207525,2025-07-07 16:23:24.993207525,RGM_0084229,6,0.0005151581002377,False,False
N008_C0000499,8,2025-07-07 16:23:26.518207525,2025-07-07 16:23:26.618207525,2025-07-07 16:23:26.568207525,RGM_0084258,1,0.0001031602008434,False,False
N005_C0000253,5,2025-07-07 16:23:26.518207525,2025-07-07 16:23:26.718207525,2025-07-07 16:23:26.618207525,RGM_0084260,1,0.0001202223309833,False,False
N000_C0000039,0,2025-07-07 16:23:33.768207525,2025-07-07 16:23:34.768207525,2025-07-07 16:23:34.093207525,RGM_0084357,11,0.0002807257763027,False,False
N009_C0000567,9,2025-07-07 16:23:38.068207525,2025-07-07 16:23:38.268207525,2025-07-07 16:23:38.168207525,RGM_0084421,2,0.0002144626787735,False,False
N009_C0000568,9,2025-07-07 16:23:46.493207525,2025-07-07 16:23:46.593207525,2025-07-07 16:23:46.543207525,RGM_0084543,1,0.0001370669813712,False,False
N005_C0000254,5,2025-07-07 16:23:46.693207525,2025-07-07 16:23:46.793207525,2025-07-07 16:23:46.743207525,RGM_0084552,1,0.0001219720933598,False,False
N005_C0000255,5,2025-07-07 16:23:57.743207525,2025-07-07 16:23:57.793207525,2025-07-07 16:23:57.768207525,RGM_0084701,1,3.729940656776535e-05,False,False
N008_C0000500,8,2025-07-07 16:23:59.418207525,2025-07-07 16:23:59.618207525,2025-07-07 16:23:59.518207525,RGM_0084721,1,0.0003146165909005,False,False
N009_C0000569,9,2025-07-07 16:23:59.393207525,2025-07-07 16:23:59.893207525,2025-07-07 16:23:59.568207525,RGM_0084724,1,0.0003707870450126,False,False
N009_C0000570,9,2025-07-07 16:24:01.643207525,2025-07-07 16:24:01.743207525,2025-07-07 16:24:01.693207525,RGM_0084743,1,0.0001356239817053,False,False
N019_C0000688,19,2025-07-07 16:24:00.768207525,2025-07-07 16:24:02.768207525,2025-07-07 16:24:01.843207525,RGM_0084746,1,0.0006829973941093,False,False
N008_C0000501,8,2025-07-07 16:24:06.768207525,2025-07-07 16:24:07.318207525,2025-07-07 16:24:07.243207525,RGM_0084822,1,0.0002834193196906,False,False
N005_C0000256,5,2025-07-07 16:24:15.343207525,2025-07-07 16:24:15.793207525,2025-07-07 16:24:15.768207525,RGM_0084906,1,8.763086671727922e-05,False,False
N020_C0000710,20,2025-07-07 16:24:16.418207525,2025-07-07 16:24:16.793207525,2025-07-07 16:24:16.518207525,RGM_0084917,1,0.0001640782319122,False,False
N010_C0000629,10,2025-07-07 16:24:21.543207525,2025-07-07 16:24:21.843207525,2025-07-07 16:24:21.618207525,RGM_0084964,1,0.000101051842965,False,False
N007_C0000462,7,2025-07-07 16:24:21.518207525,2025-07-07 16:24:22.518207525,2025-07-07 16:24:22.068207525,RGM_0084969,1,0.0004072879169813,False,False
N009_C0000571,9,2025-07-07 16:24:21.968207525,2025-07-07 16:24:22.193207525,2025-07-07 16:24:22.068207525,RGM_0084970,2,0.0001919934259649,False,False
N005_C0000257,5,2025-07-07 16:24:22.468207525,2025-07-07 16:24:22.668207525,2025-07-07 16:24:22.518207525,RGM_0084982,1,4.534938636398784e-05,False,False
N009_C0000572,9,2025-07-07 16:24:22.443207525,2025-07-07 16:24:22.543207525,2025-07-07 16:24:22.518207525,RGM_0084981,1,7.141721580980629e-05,False,False
N000_C0000040,0,2025-07-07 16:24:25.718207525,2025-07-07 16:24:25.918207525,2025-07-07 16:24:25.818207525,RGM_0085020,3,0.0001394520475211,False,False
N020_C0000711,20,2025-07-07 16:24:27.593207525,2025-07-07 16:24:27.693207525,2025-07-07 16:24:27.618207525,RGM_0085060,1,5.418053851433086e-05,False,False
N022_C0000730,22,2025-07-07 16:24:27.568207525,2025-07-07 16:24:27.768207525,2025-07-07 16:24:27.618207525,RGM_0085062,2,4.867896754565891e-05,False,False
N082_C0004273,82,2025-07-07 16:24:33.518207525,2025-07-07 16:24:33.618207525,2025-07-07 16:24:33.543207525,RGM_0085112,1,0.0002299113773514,False,False
N019_C0000689,19,2025-07-07 16:24:37.993207525,2025-07-07 16:24:38.143207525,2025-07-07 16:24:38.118207525,RGM_0085144,1,0.0001061098181473,False,False
N019_C0000690,19,2025-07-07 16:24:38.218207525,2025-07-07 16:24:38.268207525,2025-07-07 16:24:38.243207525,RGM_0085146,1,9.358756600507215e-05,False,False
N020_C0000712,20,2025-07-07 16:24:37.268207525,2025-07-07 16:24:39.268207525,2025-07-07 16:24:38.268207525,RGM_0085148,1,0.0007383085098087,False,False
N006_C0000434,6,2025-07-07 16:24:50.668207525,2025-07-07 16:24:50.868207525,2025-07-07 16:24:50.768207525,RGM_0085234,1,9.481137647177216e-05,False,False
N005_C0000258,5,2025-07-07 16:24:54.968207525,2025-07-07 16:24:55.593207525,2025-07-07 16:24:54.993207525,RGM_0085276,1,8.802666386513295e-05,False,False
N019_C0000691,19,2025-07-07 16:24:59.418207525,2025-07-07 16:24:59.468207525,2025-07-07 16:24:59.443207525,RGM_0085342,1,1.5738765921592067e-05,False,False
N019_C0000692,19,2025-07-07 16:25:00.393207525,2025-07-07 16:25:01.543207525,2025-07-07 16:25:00.868207525,RGM_0085355,3,0.0002629655941317,False,False
N020_C0000713,20,2025-07-07 16:25:00.768207525,2025-07-07 16:25:00.968207525,2025-07-07 16:25:00.868207525,RGM_0085356,1,0.0001148870347276,False,False
N018_C0000670,18,2025-07-07 16:25:10.118207525,2025-07-07 16:25:10.343207525,2025-07-07 16:25:10.318207525,RGM_0085469,1,6.973236051549563e-05,False,False
N019_C0000693,19,2025-07-07 16:25:10.268207525,2025-07-07 16:25:10.468207525,2025-07-07 16:25:10.318207525,RGM_0085467,1,9.187157807309212e-05,False,False
N000_C0000041,0,2025-07-07 16:25:10.968207525,2025-07-07 16:25:11.693207525,2025-07-07 16:25:11.343207525,RGM_0085491,2,0.0001074302979942,False,False
N011_C0000642,11,2025-07-07 16:25:17.068207525,2025-07-07 16:25:17.443207525,2025-07-07 16:25:17.243207525,RGM_0085534,1,7.47689623251812e-05,False,False
N009_C0000573,9,2025-07-07 16:25:18.518207525,2025-07-07 16:25:18.718207525,2025-07-07 16:25:18.618207525,RGM_0085563,1,0.0001378275097225,False,False
N005_C0000259,5,2025-07-07 16:25:18.593207525,2025-07-07 16:25:18.693207525,2025-07-07 16:25:18.643207525,RGM_0085566,1,8.848718498294115e-05,False,False
N007_C0000463,7,2025-07-07 16:25:18.768207525,2025-07-07 16:25:18.868207525,2025-07-07 16:25:18.818207525,RGM_0085574,1,6.496932274545804e-05,False,False
N011_C0000643,11,2025-07-07 16:25:19.268207525,2025-07-07 16:25:21.268207525,2025-07-07 16:25:20.368207525,RGM_0085591,1,0.0004797607359764,False,False
N000_C0000042,0,2025-07-07 16:25:21.518207525,2025-07-07 16:25:21.568207525,2025-07-07 16:25:21.543207525,RGM_0085617,1,6.496250680605024e-05,False,False
N005_C0000260,5,2025-07-07 16:25:21.468207525,2025-07-07 16:25:21.568207525,2025-07-07 16:25:21.543207525,RGM_0085618,1,7.542878175912144e-05,False,False
N005_C0000261,5,2025-07-07 16:25:24.593207525,2025-07-07 16:25:24.643207525,2025-07-07 16:25:24.618207525,RGM_0085658,1,5.055968661422597e-05,False,False
N005_C0000262,5,2025-07-07 16:25:26.343207525,2025-07-07 16:25:26.568207525,2025-07-07 16:25:26.393207525,RGM_0085679,1,4.928623713210521e-05,False,False
N058_C0004195,58,2025-07-07 16:25:25.993207525,2025-07-07 16:25:26.893207525,2025-07-07 16:25:26.393207525,RGM_0085680,1,7.01187798308343e-05,False,False
N005_C0000263,5,2025-07-07 16:25:34.418207525,2025-07-07 16:25:34.518207525,2025-07-07 16:25:34.443207525,RGM_0085755,1,7.454795927151273e-05,False,False
N058_C0004196,58,2025-07-07 16:25:37.368207525,2025-07-07 16:25:38.118207525,2025-07-07 16:25:38.093207525,RGM_0085784,1,5.492143163992649e-05,False,False
N082_C0004274,82,2025-07-07 16:25:38.943207525,2025-07-07 16:25:38.993207525,2025-07-07 16:25:38.968207525,RGM_0085791,1,2.289047337070657e-05,False,False
N058_C0004197,58,2025-07-07 16:25:54.768207525,2025-07-07 16:25:54.893207525,2025-07-07 16:25:54.818207525,RGM_0085873,1,1.6119030626249766e-05,False,False
N009_C0000574,9,2025-07-07 16:26:07.018207525,2025-07-07 16:26:07.518207525,2025-07-07 16:26:07.218207525,RGM_0086021,2,0.0002891168204978,False,False
N009_C0000575,9,2025-07-07 16:26:08.868207525,2025-07-07 16:26:09.168207525,2025-07-07 16:26:09.118207525,RGM_0086038,1,0.0001061376013991,False,False
N005_C0000264,5,2025-07-07 16:26:27.068207525,2025-07-07 16:26:27.118207525,2025-07-07 16:26:27.093207525,RGM_0086163,1,2.786472081069895e-05,False,False
N005_C0000265,5,2025-07-07 16:26:48.968207525,2025-07-07 16:26:49.068207525,2025-07-07 16:26:49.018207525,RGM_0086300,1,4.3437562912796126e-05,False,False
N006_C0000435,6,2025-07-07 16:26:57.892336476,2025-07-07 16:26:57.942336476,2025-07-07 16:26:57.917336476,RGM_0086351,1,8.76781683342314e-05,False,False
N007_C0000464,7,2025-07-07 16:26:57.892336476,2025-07-07 16:26:57.942336476,2025-07-07 16:26:57.917336476,RGM_0086356,1,9.441961591009024e-05,False,False
N005_C0000266,5,2025-07-07 16:27:04.417336476,2025-07-07 16:27:04.667336476,2025-07-07 16:27:04.467336476,RGM_0086401,1,9.579802362201226e-05,False,False
N007_C0000465,7,2025-07-07 16:27:04.442336476,2025-07-07 16:27:04.492336476,2025-07-07 16:27:04.467336476,RGM_0086403,1,6.907860433896545e-05,False,False
N000_C0000043,0,2025-07-07 16:27:04.617336476,2025-07-07 16:27:04.667336476,2025-07-07 16:27:04.642336476,RGM_0086410,1,3.52542586605061e-05,False,False
N000_C0000044,0,2025-07-07 16:27:04.892336476,2025-07-07 16:27:04.942336476,2025-07-07 16:27:04.917336476,RGM_0086416,1,2.026977829887389e-05,False,False
N018_C0000671,18,2025-07-07 16:27:28.967336476,2025-07-07 16:27:29.167336476,2025-07-07 16:27:28.992336476,RGM_0086554,1,7.126763904889053e-05,False,False
N019_C0000694,19,2025-07-07 16:27:28.967336476,2025-07-07 16:27:29.017336476,2025-07-07 16:27:28.992336476,RGM_0086558,1,5.198523165870215e-05,False,False
N018_C0000672,18,2025-07-07 16:27:29.542336476,2025-07-07 16:27:29.642336476,2025-07-07 16:27:29.617336476,RGM_0086561,1,2.2817345061545592e-05,False,False
N011_C0000644,11,2025-07-07 16:27:35.192336476,2025-07-07 16:27:36.892336476,2025-07-07 16:27:36.417336476,RGM_0086634,1,0.0002678816705286,False,False
N027_C0001107,27,2025-07-07 16:27:37.017336476,2025-07-07 16:27:37.517336476,2025-07-07 16:27:37.267336476,RGM_0086651,2,9.657270280092654e-05,False,False
N026_C0001092,26,2025-07-07 16:27:38.017336476,2025-07-07 16:27:39.017336476,2025-07-07 16:27:38.517336476,RGM_0086702,1,0.0002515201892079,False,False
N058_C0004198,58,2025-07-07 16:27:44.267336476,2025-07-07 16:27:44.767336476,2025-07-07 16:27:44.517336476,RGM_0086821,1,5.293447878090247e-05,False,False
N022_C0000731,22,2025-07-07 16:27:57.767336476,2025-07-07 16:27:58.767336476,2025-07-07 16:27:58.267336476,RGM_0086949,2,0.0003102156622739,False,False
N027_C0001108,27,2025-07-07 16:27:57.767336476,2025-07-07 16:27:58.767336476,2025-07-07 16:27:58.267336476,RGM_0086947,1,0.0003102156622739,False,False
N037_C0002195,37,2025-07-07 16:27:57.767336476,2025-07-07 16:27:58.767336476,2025-07-07 16:27:58.267336476,RGM_0086948,1,0.0001614924179752,False,False
N010_C0000630,10,2025-07-07 16:27:58.317336476,2025-07-07 16:27:58.417336476,2025-07-07 16:27:58.367336476,RGM_0086953,1,5.525231018777891e-05,False,False
N005_C0000267,5,2025-07-07 16:27:58.367336476,2025-07-07 16:27:58.417336476,2025-07-07 16:27:58.392336476,RGM_0086954,1,5.338436948129448e-05,False,False
N000_C0000045,0,2025-07-07 16:27:58.517336476,2025-07-07 16:27:59.017336476,2025-07-07 16:27:58.742336476,RGM_0087015,1,5.410807238429394e-05,False,False
N009_C0000576,9,2025-07-07 16:28:02.642336476,2025-07-07 16:28:03.142336476,2025-07-07 16:28:02.892336476,RGM_0087050,1,0.0003053928289865,False,False
N023_C0000831,23,2025-07-07 16:28:15.267336476,2025-07-07 16:28:17.267336476,2025-07-07 16:28:16.817336476,RGM_0087257,5,0.0013448555940707,False,False
N030_C0001312,30,2025-07-07 16:28:16.792336476,2025-07-07 16:28:16.892336476,2025-07-07 16:28:16.842336476,RGM_0087264,1,0.0007964103079695,False,False
N023_C0000832,23,2025-07-07 16:28:17.517336476,2025-07-07 16:28:18.217336476,2025-07-07 16:28:17.567336476,RGM_0087273,1,0.0001684404098151,False,False
N082_C0004275,82,2025-07-07 16:28:20.567336476,2025-07-07 16:28:20.617336476,2025-07-07 16:28:20.592336476,RGM_0087286,1,5.9808907695243534e-05,False,False
N005_C0000268,5,2025-07-07 16:28:27.742336476,2025-07-07 16:28:27.842336476,2025-07-07 16:28:27.792336476,RGM_0087328,1,3.8105705880251306e-05,False,False
N009_C0000577,9,2025-07-07 16:28:27.742336476,2025-07-07 16:28:27.842336476,2025-07-07 16:28:27.792336476,RGM_0087324,1,0.0001803635064471,False,False
N082_C0004276,82,2025-07-07 16:28:40.642336476,2025-07-07 16:28:40.792336476,2025-07-07 16:28:40.767336476,RGM_0087460,1,7.909321199313642e-05,False,False
N005_C0000269,5,2025-07-07 16:28:41.517336476,2025-07-07 16:28:41.717336476,2025-07-07 16:28:41.617336476,RGM_0087479,1,9.12965255144878e-05,False,False
N009_C0000578,9,2025-07-07 16:28:41.517336476,2025-07-07 16:28:41.717336476,2025-07-07 16:28:41.617336476,RGM_0087471,1,0.000281353436439,False,False
N005_C0000270,5,2025-07-07 16:28:54.192336476,2025-07-07 16:28:54.292336476,2025-07-07 16:28:54.242336476,RGM_0087566,1,7.690777887298901e-05,False,False
N058_C0004199,58,2025-07-07 16:29:29.767336476,2025-07-07 16:29:30.267336476,2025-07-07 16:29:29.942336476,RGM_0087784,1,4.101989751645713e-05,False,False
N023_C0000833,23,2025-07-07 16:29:37.767336476,2025-07-07 16:29:40.767336476,2025-07-07 16:29:38.517336476,RGM_0087857,1,0.0017936596481259,False,False
N058_C0004200,58,2025-07-07 16:29:49.792336476,2025-07-07 16:29:50.492336476,2025-07-07 16:29:49.892336476,RGM_0087973,1,3.545771236607101e-05,False,False
N058_C0004201,58,2025-07-07 16:29:53.492336476,2025-07-07 16:29:53.842336476,2025-07-07 16:29:53.517336476,RGM_0088024,1,1.9191191202718107e-05,False,False
N005_C0000271,5,2025-07-07 16:29:55.067336476,2025-07-07 16:29:55.267336476,2025-07-07 16:29:55.192336476,RGM_0088044,1,7.199905790196464e-05,False,False
N008_C0000502,8,2025-07-07 16:30:20.567336476,2025-07-07 16:30:20.767336476,2025-07-07 16:30:20.667336476,RGM_0088251,1,0.0001497872942786,False,False
N009_C0000579,9,2025-07-07 16:30:20.567336476,2025-07-07 16:30:20.767336476,2025-07-07 16:30:20.692336476,RGM_0088252,1,0.0001497872942786,False,False
N005_C0000272,5,2025-07-07 16:30:20.717336476,2025-07-07 16:30:20.817336476,2025-07-07 16:30:20.742336476,RGM_0088255,1,6.38792561319061e-05,False,False
N005_C0000273,5,2025-07-07 16:31:00.917336476,2025-07-07 16:31:01.017336476,2025-07-07 16:31:00.942336476,RGM_0088514,1,7.635033546292006e-05,False,False
N023_C0000834,23,2025-07-07 16:31:01.592336476,2025-07-07 16:31:02.367336476,2025-07-07 16:31:01.642336476,RGM_0088516,1,0.0017775904234813,False,False
N031_C0001462,31,2025-07-07 16:31:02.317336476,2025-07-07 16:31:02.517336476,2025-07-07 16:31:02.367336476,RGM_0088528,1,0.0011894471580786,False,False
N009_C0000580,9,2025-07-07 16:31:07.567336476,2025-07-07 16:31:08.467336476,2025-07-07 16:31:08.367336476,RGM_0088566,1,0.0002840780800922,False,False
N005_C0000274,5,2025-07-07 16:31:08.367336476,2025-07-07 16:31:08.417336476,2025-07-07 16:31:08.392336476,RGM_0088569,1,6.295638609062444e-05,False,False
N051_C0002526,51,2025-07-07 16:31:20.567336476,2025-07-07 16:31:20.967336476,2025-07-07 16:31:20.667336476,RGM_0088630,1,5.8468896202580304e-05,False,False
N082_C0004277,82,2025-07-07 16:31:22.417336476,2025-07-07 16:31:22.467336476,2025-07-07 16:31:22.442336476,RGM_0088633,1,0.0001927263735278,False,False
N082_C0004278,82,2025-07-07 16:31:25.092336476,2025-07-07 16:31:25.142336476,2025-07-07 16:31:25.117336476,RGM_0088648,1,0.0001233128747372,False,False
N031_C0001463,31,2025-07-07 16:31:32.192336476,2025-07-07 16:31:32.292336476,2025-07-07 16:31:32.242336476,RGM_0088696,1,0.0011216610743549,False,False
N030_C0001313,30,2025-07-07 16:31:32.192336476,2025-07-07 16:31:32.317336476,2025-07-07 16:31:32.267336476,RGM_0088699,1,0.0011339831119215,False,False
N058_C0004202,58,2025-07-07 16:31:40.967336476,2025-07-07 16:31:41.442336476,2025-07-07 16:31:41.142336476,RGM_0088792,1,1.584066741514454e-05,False,False
N058_C0004203,58,2025-07-07 16:31:43.092336476,2025-07-07 16:31:43.242336476,2025-07-07 16:31:43.192336476,RGM_0088836,1,1.1153144200777544e-05,False,False
N009_C0000581,9,2025-07-07 16:31:45.067336476,2025-07-07 16:31:45.317336476,2025-07-07 16:31:45.217336476,RGM_0088872,1,0.0001261649180421,False,False
N005_C0000275,5,2025-07-07 16:31:45.192336476,2025-07-07 16:31:47.042336476,2025-07-07 16:31:45.267336476,RGM_0088874,1,0.0004515690275057,False,False
N058_C0004204,58,2025-07-07 16:31:45.792336476,2025-07-07 16:31:45.967336476,2025-07-07 16:31:45.892336476,RGM_0088879,1,1.037929762887482e-05,False,False
N051_C0002527,51,2025-07-07 16:31:46.467336476,2025-07-07 16:31:46.592336476,2025-07-07 16:31:46.542336476,RGM_0088885,1,4.8505028780096433e-05,False,False
N052_C0003057,52,2025-07-07 16:31:47.317336476,2025-07-07 16:31:47.367336476,2025-07-07 16:31:47.342336476,RGM_0088902,1,3.953742312774082e-05,False,False
N051_C0002528,51,2025-07-07 16:31:47.267336476,2025-07-07 16:31:47.517336476,2025-07-07 16:31:47.367336476,RGM_0088903,3,4.82724870187345e-05,False,False
N005_C0000276,5,2025-07-07 16:31:54.617336476,2025-07-07 16:31:55.867336476,2025-07-07 16:31:54.817336476,RGM_0088981,1,0.0003011303001953,False,False
N058_C0004205,58,2025-07-07 16:32:00.367336476,2025-07-07 16:32:01.067336476,2025-07-07 16:32:00.442336476,RGM_0089014,1,4.892987640243728e-05,False,False
N082_C0004279,82,2025-07-07 16:32:14.817336476,2025-07-07 16:32:14.867336476,2025-07-07 16:32:14.842336476,RGM_0089201,1,6.2636727347082e-05,False,False
N082_C0004280,82,2025-07-07 16:32:14.992336476,2025-07-07 16:32:15.042336476,2025-07-07 16:32:15.017336476,RGM_0089212,1,0.0002229259586841,False,False
N017_C0000659,17,2025-07-07 16:32:16.467336476,2025-07-07 16:32:16.592336476,2025-07-07 16:32:16.542336476,RGM_0089233,1,5.424655809573583e-05,False,False
N017_C0000660,17,2025-07-07 16:32:20.317336476,2025-07-07 16:32:20.367336476,2025-07-07 16:32:20.342336476,RGM_0089292,1,7.831858748894095e-05,False,False
N018_C0000673,18,2025-07-07 16:32:20.317336476,2025-07-07 16:32:20.367336476,2025-07-07 16:32:20.342336476,RGM_0089293,1,7.831858748894095e-05,False,False
N050_C0002340,50,2025-07-07 16:32:27.017336476,2025-07-07 16:32:27.642336476,2025-07-07 16:32:27.267336476,RGM_0089441,4,5.2894699283072974e-05,False,False
N017_C0000661,17,2025-07-07 16:32:42.267336476,2025-07-07 16:32:42.367336476,2025-07-07 16:32:42.317336476,RGM_0089712,1,0.0001358832469774,False,False
N018_C0000674,18,2025-07-07 16:32:42.217336476,2025-07-07 16:32:42.417336476,2025-07-07 16:32:42.317336476,RGM_0089711,1,0.0001422132461163,False,False
N005_C0000277,5,2025-07-07 16:32:53.967336476,2025-07-07 16:32:55.167336476,2025-07-07 16:32:54.392336476,RGM_0089824,1,0.0003518160881816,False,False
N031_C0001464,31,2025-07-07 16:32:57.267336476,2025-07-07 16:32:57.392336476,2025-07-07 16:32:57.317336476,RGM_0089851,1,0.0004467963963139,False,False
N052_C0003058,52,2025-07-07 16:32:57.342336476,2025-07-07 16:32:57.392336476,2025-07-07 16:32:57.367336476,RGM_0089856,1,8.12464035785081e-06,False,False
N052_C0003059,52,2025-07-07 16:32:57.642336476,2025-07-07 16:32:58.142336476,2025-07-07 16:32:57.892336476,RGM_0089882,2,0.0001010569989165,False,False
N053_C0003272,53,2025-07-07 16:32:57.817336476,2025-07-07 16:32:57.917336476,2025-07-07 16:32:57.892336476,RGM_0089880,1,5.090209227316888e-05,False,False
N030_C0001314,30,2025-07-07 16:32:59.467336476,2025-07-07 16:32:59.567336476,2025-07-07 16:32:59.517336476,RGM_0089912,1,0.0005041894390007,False,False
N031_C0001465,31,2025-07-07 16:32:59.467336476,2025-07-07 16:32:59.567336476,2025-07-07 16:32:59.517336476,RGM_0089915,1,0.0005041894390007,False,False
N008_C0000503,8,2025-07-07 16:33:04.017336476,2025-07-07 16:33:05.442336476,2025-07-07 16:33:04.117336476,RGM_0089988,1,0.0003632530959637,False,False
N005_C0000278,5,2025-07-07 16:33:06.342336476,2025-07-07 16:33:07.767336476,2025-07-07 16:33:07.617336476,RGM_0090049,1,0.0004311545833606,False,False
N006_C0000436,6,2025-07-07 16:33:07.617336476,2025-07-07 16:33:07.742336476,2025-07-07 16:33:07.692336476,RGM_0090052,1,0.0002580933750952,False,False
N057_C0004156,57,2025-07-07 16:33:14.767336476,2025-07-07 16:33:16.542336476,2025-07-07 16:33:15.667336476,RGM_0090142,1,0.0001755498917041,False,False
N031_C0001466,31,2025-07-07 16:33:29.592336476,2025-07-07 16:33:29.717336476,2025-07-07 16:33:29.642336476,RGM_0090249,1,0.0005441962422264,False,False
N030_C0001315,30,2025-07-07 16:33:34.017336476,2025-07-07 16:33:34.117336476,2025-07-07 16:33:34.067336476,RGM_0090285,1,0.0003191368041404,False,False
N031_C0001467,31,2025-07-07 16:33:34.092336476,2025-07-07 16:33:34.267336476,2025-07-07 16:33:34.142336476,RGM_0090290,1,0.0003907355670017,False,False
N005_C0000279,5,2025-07-07 16:33:37.167336476,2025-07-07 16:33:39.767336476,2025-07-07 16:33:37.342336476,RGM_0090314,1,0.0006342357840281,False,False
N030_C0001316,30,2025-07-07 16:33:40.567336476,2025-07-07 16:33:40.667336476,2025-07-07 16:33:40.617336476,RGM_0090327,1,0.00037182210362,False,False
N030_C0001317,30,2025-07-07 16:33:46.892336476,2025-07-07 16:33:47.392336476,2025-07-07 16:33:47.042336476,RGM_0090361,1,0.0015641499095465,False,False
N005_C0000280,5,2025-07-07 16:33:48.167336476,2025-07-07 16:33:50.117336476,2025-07-07 16:33:49.267336476,RGM_0090372,1,0.0002411890983637,False,False
N005_C0000281,5,2025-07-07 16:34:15.167336476,2025-07-07 16:34:15.767336476,2025-07-07 16:34:15.342336476,RGM_0090493,1,0.000175024872638,False,False
N030_C0001318,30,2025-07-07 16:34:26.592336476,2025-07-07 16:34:26.692336476,2025-07-07 16:34:26.642336476,RGM_0090546,1,0.0010905703647517,False,False
N023_C0000835,23,2025-07-07 16:34:30.017336476,2025-07-07 16:34:31.267336476,2025-07-07 16:34:30.467336476,RGM_0090562,3,0.0025566704592178,False,False
N051_C0002529,51,2025-07-07 16:34:51.517336476,2025-07-07 16:34:53.017336476,2025-07-07 16:34:52.067336476,RGM_0090644,10,0.0001043731803978,False,False
N050_C0002341,50,2025-07-07 16:34:52.442336476,2025-07-07 16:34:52.542336476,2025-07-07 16:34:52.492336476,RGM_0090656,1,1.659590429960547e-05,False,False
N010_C0000631,10,2025-07-07 16:34:53.142336476,2025-07-07 16:34:56.142336476,2025-07-07 16:34:54.892336476,RGM_0090677,1,0.0001559655564584,False,False
N005_C0000282,5,2025-07-07 16:34:56.892336476,2025-07-07 16:34:59.867336476,2025-07-07 16:34:57.842336476,RGM_0090690,1,0.0006759222190795,False,False
N058_C0004206,58,2025-07-07 16:36:36.017336476,2025-07-07 16:36:37.017336476,2025-07-07 16:36:36.517336476,RGM_0091186,1,7.0078013522569e-05,False,False
N058_C0004207,58,2025-07-07 16:36:42.667336476,2025-07-07 16:36:43.767336476,2025-07-07 16:36:43.217336476,RGM_0091217,1,8.289432093446911e-05,False,False
N082_C0004281,82,2025-07-07 16:36:50.542336476,2025-07-07 16:36:50.592336476,2025-07-07 16:36:50.567336476,RGM_0091263,1,1.770435160936631e-05,False,False
N005_C0000283,5,2025-07-07 16:37:14.391468533,2025-07-07 16:37:14.491468533,2025-07-07 16:37:14.441468533,RGM_0091371,1,5.4988466852329584e-05,False,False
N005_C0000284,5,2025-07-07 16:37:20.016468533,2025-07-07 16:37:20.491468533,2025-07-07 16:37:20.041468533,RGM_0091404,1,0.0001187153311941,False,False
N023_C0000836,23,2025-07-07 16:37:39.766468533,2025-07-07 16:37:42.766468533,2025-07-07 16:37:40.891468533,RGM_0091529,1,0.0021083209818414,False,False
N005_C0000285,5,2025-07-07 16:37:45.916468533,2025-07-07 16:37:47.566468533,2025-07-07 16:37:45.966468533,RGM_0091570,1,0.0005211513456696,False,False
N008_C0000504,8,2025-07-07 16:37:53.666468533,2025-07-07 16:37:53.716468533,2025-07-07 16:37:53.691468533,RGM_0091646,1,0.0001182458512355,False,False
N009_C0000582,9,2025-07-07 16:37:53.666468533,2025-07-07 16:37:53.716468533,2025-07-07 16:37:53.691468533,RGM_0091644,1,0.0001182458512355,False,False
N005_C0000286,5,2025-07-07 16:37:53.616468533,2025-07-07 16:37:53.816468533,2025-07-07 16:37:53.716468533,RGM_0091647,1,0.0001930145091788,False,False
N009_C0000583,9,2025-07-07 16:37:59.266468533,2025-07-07 16:38:01.766468533,2025-07-07 16:37:59.716468533,RGM_0091682,1,0.0004434559928479,False,False
N009_C0000584,9,2025-07-07 16:38:36.166468533,2025-07-07 16:38:36.366468533,2025-07-07 16:38:36.241468533,RGM_0091878,1,0.0001445419151538,False,False
N005_C0000287,5,2025-07-07 16:38:36.691468533,2025-07-07 16:38:36.741468533,2025-07-07 16:38:36.716468533,RGM_0091883,1,1.6460128578468177e-05,False,False
N017_C0000662,17,2025-07-07 16:38:57.791468533,2025-07-07 16:38:57.841468533,2025-07-07 16:38:57.816468533,RGM_0092061,1,4.534211851828944e-05,False,False
N005_C0000288,5,2025-07-07 16:38:57.941468533,2025-07-07 16:38:58.291468533,2025-07-07 16:38:57.991468533,RGM_0092067,1,4.893780296984824e-05,False,False
N005_C0000289,5,2025-07-07 16:39:00.591468533,2025-07-07 16:39:00.691468533,2025-07-07 16:39:00.641468533,RGM_0092099,1,3.334036461287064e-05,False,False
N005_C0000290,5,2025-07-07 16:39:14.941468533,2025-07-07 16:39:15.966468533,2025-07-07 16:39:15.816468533,RGM_0092253,1,9.961522040562448e-05,False,False
N005_C0000291,5,2025-07-07 16:39:16.616468533,2025-07-07 16:39:16.991468533,2025-07-07 16:39:16.791468533,RGM_0092262,1,7.672778701456048e-05,False,False
N082_C0004282,82,2025-07-07 16:39:23.366468533,2025-07-07 16:39:23.566468533,2025-07-07 16:39:23.491468533,RGM_0092306,1,0.0005138123648068,False,False
N030_C0001319,30,2025-07-07 16:39:24.666468533,2025-07-07 16:39:24.766468533,2025-07-07 16:39:24.716468533,RGM_0092318,1,0.0006371181351247,False,False
N008_C0000505,8,2025-07-07 16:39:25.766468533,2025-07-07 16:39:25.866468533,2025-07-07 16:39:25.816468533,RGM_0092327,1,0.0002330877550064,False,False
N009_C0000585,9,2025-07-07 16:39:25.766468533,2025-07-07 16:39:25.866468533,2025-07-07 16:39:25.816468533,RGM_0092329,1,0.0002330877550064,False,False
N008_C0000506,8,2025-07-07 16:39:27.366468533,2025-07-07 16:39:27.566468533,2025-07-07 16:39:27.466468533,RGM_0092370,1,0.0001871510783188,False,False
N009_C0000586,9,2025-07-07 16:39:27.266468533,2025-07-07 16:39:27.566468533,2025-07-07 16:39:27.466468533,RGM_0092371,2,0.0003030306646015,False,False
N005_C0000292,5,2025-07-07 16:39:27.516468533,2025-07-07 16:39:27.566468533,2025-07-07 16:39:27.541468533,RGM_0092381,1,6.865750484626241e-05,False,False
N005_C0000293,5,2025-07-07 16:39:30.241468533,2025-07-07 16:39:30.691468533,2025-07-07 16:39:30.616468533,RGM_0092419,1,4.998999582773063e-05,False,False
N005_C0000294,5,2025-07-07 16:39:31.016468533,2025-07-07 16:39:31.066468533,2025-07-07 16:39:31.041468533,RGM_0092441,1,2.2977048459009877e-05,False,False
N031_C0001468,31,2025-07-07 16:39:36.966468533,2025-07-07 16:39:37.066468533,2025-07-07 16:39:37.016468533,RGM_0092702,1,0.0003177819919934,False,False
N009_C0000587,9,2025-07-07 16:39:38.441468533,2025-07-07 16:39:38.916468533,2025-07-07 16:39:38.866468533,RGM_0092792,1,0.0001470704983274,False,False
N005_C0000295,5,2025-07-07 16:39:46.341468533,2025-07-07 16:39:46.666468533,2025-07-07 16:39:46.616468533,RGM_0093019,1,7.767105151671843e-05,False,False
N008_C0000507,8,2025-07-07 16:39:46.616468533,2025-07-07 16:39:46.816468533,2025-07-07 16:39:46.716468533,RGM_0093032,1,0.000113397090698,False,False
N009_C0000588,9,2025-07-07 16:39:46.616468533,2025-07-07 16:39:46.816468533,2025-07-07 16:39:46.716468533,RGM_0093031,1,0.000113397090698,False,False
N058_C0004208,58,2025-07-07 16:39:48.516468533,2025-07-07 16:39:49.441468533,2025-07-07 16:39:48.991468533,RGM_0093065,1,7.155516259689876e-05,False,False
N005_C0000296,5,2025-07-07 16:40:11.766468533,2025-07-07 16:40:11.966468533,2025-07-07 16:40:11.866468533,RGM_0093437,1,0.0001027845377899,False,False
N005_C0000297,5,2025-07-07 16:40:11.991468533,2025-07-07 16:40:12.116468533,2025-07-07 16:40:12.091468533,RGM_0093446,1,4.77455288356525e-05,False,False
N005_C0000298,5,2025-07-07 16:40:18.816468533,2025-07-07 16:40:18.916468533,2025-07-07 16:40:18.866468533,RGM_0093588,2,6.54022948119077e-05,False,False
N005_C0000299,5,2025-07-07 16:40:22.516468533,2025-07-07 16:40:22.616468533,2025-07-07 16:40:22.566468533,RGM_0093632,1,4.823682572091027e-05,False,False
N006_C0000437,6,2025-07-07 16:40:32.641468533,2025-07-07 16:40:32.691468533,2025-07-07 16:40:32.666468533,RGM_0093869,1,4.173253676994179e-05,False,False
N005_C0000300,5,2025-07-07 16:40:38.541468533,2025-07-07 16:40:38.641468533,2025-07-07 16:40:38.591468533,RGM_0094024,1,4.042268883466835e-05,False,False
N031_C0001469,31,2025-07-07 16:40:42.416468533,2025-07-07 16:40:42.516468533,2025-07-07 16:40:42.466468533,RGM_0094083,1,0.0003678870357835,False,False
N005_C0000301,5,2025-07-07 16:40:45.566468533,2025-07-07 16:40:45.766468533,2025-07-07 16:40:45.666468533,RGM_0094143,2,0.0001351170187826,False,False
N007_C0000466,7,2025-07-07 16:40:45.716468533,2025-07-07 16:40:45.766468533,2025-07-07 16:40:45.741468533,RGM_0094151,1,0.0001022259743273,False,False
N009_C0000589,9,2025-07-07 16:41:23.516468533,2025-07-07 16:41:23.616468533,2025-07-07 16:41:23.566468533,RGM_0094408,1,0.0001030574213353,False,False
N005_C0000302,5,2025-07-07 16:41:23.591468533,2025-07-07 16:41:23.691468533,2025-07-07 16:41:23.616468533,RGM_0094412,1,9.898100444660235e-05,False,False
N031_C0001470,31,2025-07-07 16:41:46.766468533,2025-07-07 16:41:46.866468533,2025-07-07 16:41:46.816468533,RGM_0094591,1,0.0003441606106667,False,False
N009_C0000590,9,2025-07-07 16:42:43.141468533,2025-07-07 16:42:43.241468533,2025-07-07 16:42:43.191468533,RGM_0094894,1,7.98127689820361e-05,False,False
N005_C0000303,5,2025-07-07 16:42:43.116468533,2025-07-07 16:42:43.316468533,2025-07-07 16:42:43.216468533,RGM_0094897,1,5.292334620532178e-05,False,False
N027_C0001109,27,2025-07-07 16:42:43.016468533,2025-07-07 16:42:44.016468533,2025-07-07 16:42:43.391468533,RGM_0094930,3,0.0001915148202977,False,False
N017_C0000663,17,2025-07-07 16:43:10.016468533,2025-07-07 16:43:10.066468533,2025-07-07 16:43:10.041468533,RGM_0095061,1,3.3721925305286376e-05,False,False
N005_C0000304,5,2025-07-07 16:43:23.841468533,2025-07-07 16:43:23.891468533,2025-07-07 16:43:23.866468533,RGM_0095109,1,2.4840709118532688e-05,False,False
N005_C0000305,5,2025-07-07 16:43:25.341468533,2025-07-07 16:43:25.441468533,2025-07-07 16:43:25.366468533,RGM_0095122,1,2.693472993537197e-05,False,False
N005_C0000306,5,2025-07-07 16:43:30.566468533,2025-07-07 16:43:30.766468533,2025-07-07 16:43:30.666468533,RGM_0095154,1,3.349761318751491e-05,False,False
N009_C0000591,9,2025-07-07 16:43:30.641468533,2025-07-07 16:43:30.691468533,2025-07-07 16:43:30.666468533,RGM_0095155,1,4.902038448259327e-05,False,False
N000_C0000046,0,2025-07-07 16:43:34.941468533,2025-07-07 16:43:35.816468533,2025-07-07 16:43:35.766468533,RGM_0095181,1,7.088006284972645e-05,False,False
N005_C0000307,5,2025-07-07 16:43:35.716468533,2025-07-07 16:43:35.816468533,2025-07-07 16:43:35.766468533,RGM_0095180,1,4.033356598850436e-05,False,False
N000_C0000047,0,2025-07-07 16:43:35.991468533,2025-07-07 16:43:36.041468533,2025-07-07 16:43:36.016468533,RGM_0095184,1,3.63321633545048e-05,False,False
N005_C0000308,5,2025-07-07 16:43:35.991468533,2025-07-07 16:43:36.041468533,2025-07-07 16:43:36.016468533,RGM_0095186,1,5.027508980190272e-05,False,False
N035_C0002170,35,2025-07-07 16:43:43.991468533,2025-07-07 16:43:44.091468533,2025-07-07 16:43:44.041468533,RGM_0095247,1,5.622489816177806e-05,False,False
N038_C0002205,38,2025-07-07 16:43:43.991468533,2025-07-07 16:43:44.091468533,2025-07-07 16:43:44.041468533,RGM_0095253,1,5.0088661069153376e-05,False,False
N027_C0001110,27,2025-07-07 16:43:43.891468533,2025-07-07 16:43:44.391468533,2025-07-07 16:43:44.066468533,RGM_0095254,1,0.0001305269752645,False,False
N022_C0000732,22,2025-07-07 16:43:43.891468533,2025-07-07 16:43:44.391468533,2025-07-07 16:43:44.141468533,RGM_0095255,1,8.54545216876865e-05,False,False
N005_C0000309,5,2025-07-07 16:44:09.141468533,2025-07-07 16:44:09.266468533,2025-07-07 16:44:09.216468533,RGM_0095347,1,6.885180573279584e-05,False,False
N009_C0000592,9,2025-07-07 16:44:09.166468533,2025-07-07 16:44:09.366468533,2025-07-07 16:44:09.241468533,RGM_0095354,1,0.0001754194983558,False,False
N022_C0000733,22,2025-07-07 16:44:15.916468533,2025-07-07 16:44:16.116468533,2025-07-07 16:44:16.016468533,RGM_0095401,1,6.034141335140124e-05,False,False
N028_C0001130,28,2025-07-07 16:44:15.916468533,2025-07-07 16:44:16.116468533,2025-07-07 16:44:16.016468533,RGM_0095403,1,7.610436032408006e-05,False,False
N023_C0000837,23,2025-07-07 16:44:16.041468533,2025-07-07 16:44:16.141468533,2025-07-07 16:44:16.091468533,RGM_0095426,1,5.230193891974082e-05,False,False
N033_C0001768,33,2025-07-07 16:44:16.066468533,2025-07-07 16:44:16.116468533,2025-07-07 16:44:16.091468533,RGM_0095429,1,2.16656783537626e-05,False,False
N034_C0002160,34,2025-07-07 16:44:16.041468533,2025-07-07 16:44:16.141468533,2025-07-07 16:44:16.091468533,RGM_0095425,2,6.40764549290973e-05,False,False
N035_C0002171,35,2025-07-07 16:44:16.041468533,2025-07-07 16:44:16.141468533,2025-07-07 16:44:16.091468533,RGM_0095431,1,6.40764549290973e-05,False,False
N036_C0002183,36,2025-07-07 16:44:16.066468533,2025-07-07 16:44:16.116468533,2025-07-07 16:44:16.091468533,RGM_0095427,1,5.189183217072598e-05,False,False
N037_C0002196,37,2025-07-07 16:44:16.066468533,2025-07-07 16:44:16.116468533,2025-07-07 16:44:16.091468533,RGM_0095428,1,5.189183217072598e-05,False,False
N039_C0002213,39,2025-07-07 16:44:15.891468533,2025-07-07 16:44:16.391468533,2025-07-07 16:44:16.091468533,RGM_0095423,1,7.410744099743941e-05,False,False
N027_C0001111,27,2025-07-07 16:44:15.891468533,2025-07-07 16:44:16.391468533,2025-07-07 16:44:16.141468533,RGM_0095433,2,9.141224477897037e-05,False,False
N005_C0000310,5,2025-07-07 16:44:48.016468533,2025-07-07 16:44:48.066468533,2025-07-07 16:44:48.041468533,RGM_0095669,1,3.659751078337296e-05,False,False
N005_C0000311,5,2025-07-07 16:44:50.016468533,2025-07-07 16:44:50.266468533,2025-07-07 16:44:50.191468533,RGM_0095677,1,6.608649478725868e-05,False,False
N050_C0002342,50,2025-07-07 16:44:51.766468533,2025-07-07 16:44:51.816468533,2025-07-07 16:44:51.791468533,RGM_0095687,1,3.582706533488097e-06,False,False
N052_C0003060,52,2025-07-07 16:44:51.766468533,2025-07-07 16:44:51.816468533,2025-07-07 16:44:51.791468533,RGM_0095686,1,7.146557115703758e-06,False,False
N051_C0002530,51,2025-07-07 16:44:51.766468533,2025-07-07 16:44:53.266468533,2025-07-07 16:44:52.316468533,RGM_0095695,15,0.0001437205895034,False,False
N045_C0002273,45,2025-07-07 16:44:52.316468533,2025-07-07 16:44:52.441468533,2025-07-07 16:44:52.366468533,RGM_0095715,2,2.186477448344913e-05,False,False
N052_C0003061,52,2025-07-07 16:44:52.316468533,2025-07-07 16:44:52.416468533,2025-07-07 16:44:52.366468533,RGM_0095698,2,3.4788822989514096e-05,False,False
N047_C0002306,47,2025-07-07 16:44:52.141468533,2025-07-07 16:44:52.641468533,2025-07-07 16:44:52.391468533,RGM_0095719,1,3.027425158901737e-05,False,False
N049_C0002326,49,2025-07-07 16:44:52.341468533,2025-07-07 16:44:52.441468533,2025-07-07 16:44:52.391468533,RGM_0095725,2,2.186477448344913e-05,False,False
N050_C0002343,50,2025-07-07 16:44:52.141468533,2025-07-07 16:44:52.641468533,2025-07-07 16:44:52.391468533,RGM_0095718,3,3.9645583847434365e-05,False,False
N045_C0002274,45,2025-07-07 16:44:52.566468533,2025-07-07 16:44:52.616468533,2025-07-07 16:44:52.591468533,RGM_0095738,1,1.2847642046814334e-05,False,False
N052_C0003062,52,2025-07-07 16:44:52.541468533,2025-07-07 16:44:52.641468533,2025-07-07 16:44:52.591468533,RGM_0095739,1,7.697991530425307e-05,False,False
N005_C0000312,5,2025-07-07 16:45:03.566468533,2025-07-07 16:45:03.866468533,2025-07-07 16:45:03.741468533,RGM_0095814,1,5.6033944306648606e-05,False,False
N009_C0000593,9,2025-07-07 16:45:12.116468533,2025-07-07 16:45:12.316468533,2025-07-07 16:45:12.191468533,RGM_0095866,1,0.0001743028029765,False,False
N005_C0000313,5,2025-07-07 16:45:12.116468533,2025-07-07 16:45:12.316468533,2025-07-07 16:45:12.241468533,RGM_0095875,1,0.0001479373476293,False,False
N007_C0000467,7,2025-07-07 16:45:12.216468533,2025-07-07 16:45:12.266468533,2025-07-07 16:45:12.241468533,RGM_0095873,1,0.0001505427918825,False,False
N082_C0004283,82,2025-07-07 16:45:13.416468533,2025-07-07 16:45:13.516468533,2025-07-07 16:45:13.491468533,RGM_0095885,1,0.0002216561657434,False,False
N005_C0000314,5,2025-07-07 16:45:13.616468533,2025-07-07 16:45:13.866468533,2025-07-07 16:45:13.716468533,RGM_0095893,2,0.0001059996744837,False,False
N033_C0001769,33,2025-07-07 16:45:14.516468533,2025-07-07 16:45:16.791468533,2025-07-07 16:45:15.716468533,RGM_0095904,1,0.0004045918836099,False,False
N023_C0000838,23,2025-07-07 16:45:30.116468533,2025-07-07 16:45:30.366468533,2025-07-07 16:45:30.266468533,RGM_0095975,1,0.0001450323356771,False,False
N023_C0000839,23,2025-07-07 16:45:40.866468533,2025-07-07 16:45:41.716468533,2025-07-07 16:45:40.991468533,RGM_0096024,1,0.0006541352601696,False,False
N005_C0000315,5,2025-07-07 16:45:42.466468533,2025-07-07 16:45:42.566468533,2025-07-07 16:45:42.516468533,RGM_0096037,1,5.0794032743250015e-05,False,False
N082_C0004284,82,2025-07-07 16:45:45.691468533,2025-07-07 16:45:45.741468533,2025-07-07 16:45:45.716468533,RGM_0096054,1,6.778352344609177e-05,False,False
N005_C0000316,5,2025-07-07 16:45:46.866468533,2025-07-07 16:45:47.091468533,2025-07-07 16:45:47.066468533,RGM_0096060,1,7.707887385845677e-05,False,False
N009_C0000594,9,2025-07-07 16:45:48.241468533,2025-07-07 16:45:48.341468533,2025-07-07 16:45:48.291468533,RGM_0096065,2,0.0001790599856261,False,False
N005_C0000317,5,2025-07-07 16:46:01.816468533,2025-07-07 16:46:02.016468533,2025-07-07 16:46:01.991468533,RGM_0096239,1,9.409624578131612e-05,False,False
N006_C0000438,6,2025-07-07 16:46:07.566468533,2025-07-07 16:46:07.666468533,2025-07-07 16:46:07.616468533,RGM_0096368,1,7.038048055336868e-05,False,False
N005_C0000318,5,2025-07-07 16:46:07.566468533,2025-07-07 16:46:07.766468533,2025-07-07 16:46:07.641468533,RGM_0096370,1,6.981574707090845e-05,False,False
N023_C0000840,23,2025-07-07 16:46:13.391468533,2025-07-07 16:46:13.641468533,2025-07-07 16:46:13.591468533,RGM_0096420,1,0.0002357035967687,False,False
N005_C0000319,5,2025-07-07 16:46:44.941468533,2025-07-07 16:46:44.991468533,2025-07-07 16:46:44.966468533,RGM_0096605,1,3.708569482613134e-05,False,False
N005_C0000320,5,2025-07-07 16:46:49.666468533,2025-07-07 16:46:50.116468533,2025-07-07 16:46:49.741468533,RGM_0096622,1,7.169993062961306e-05,False,False
N009_C0000595,9,2025-07-07 16:46:53.016468533,2025-07-07 16:46:53.116468533,2025-07-07 16:46:53.066468533,RGM_0096664,1,8.601529954305331e-05,False,False
N023_C0000841,23,2025-07-07 16:46:54.466468533,2025-07-07 16:46:54.691468533,2025-07-07 16:46:54.616468533,RGM_0096689,1,0.0001721492896282,False,False
N035_C0002172,35,2025-07-07 16:47:00.213202485,2025-07-07 16:47:00.713202485,2025-07-07 16:47:00.463202485,RGM_0096785,1,6.950224819183349e-05,False,False
N036_C0002184,36,2025-07-07 16:47:00.213202485,2025-07-07 16:47:00.713202485,2025-07-07 16:47:00.463202485,RGM_0096787,1,6.950224819183349e-05,False,False
N005_C0000321,5,2025-07-07 16:47:08.213202485,2025-07-07 16:47:08.663202485,2025-07-07 16:47:08.588202485,RGM_0096887,2,0.0001004646059065,False,False
N005_C0000322,5,2025-07-07 16:47:09.088202485,2025-07-07 16:47:09.188202485,2025-07-07 16:47:09.113202485,RGM_0096900,1,3.893604944015331e-05,False,False
N022_C0000734,22,2025-07-07 16:47:21.313202485,2025-07-07 16:47:21.363202485,2025-07-07 16:47:21.338202485,RGM_0096997,1,4.756349958368358e-06,False,False
N022_C0000735,22,2025-07-07 16:47:22.463202485,2025-07-07 16:47:23.463202485,2025-07-07 16:47:22.963202485,RGM_0097072,3,0.0002225174006297,False,False
N027_C0001112,27,2025-07-07 16:47:22.463202485,2025-07-07 16:47:23.463202485,2025-07-07 16:47:22.963202485,RGM_0097070,1,0.0002225174006297,False,False
N022_C0000736,22,2025-07-07 16:47:23.788202485,2025-07-07 16:47:23.838202485,2025-07-07 16:47:23.813202485,RGM_0097083,1,6.214464808102267e-06,False,False
N022_C0000737,22,2025-07-07 16:47:25.388202485,2025-07-07 16:47:25.438202485,2025-07-07 16:47:25.413202485,RGM_0097092,1,6.69685999198364e-06,False,False
N050_C0002344,50,2025-07-07 16:47:25.813202485,2025-07-07 16:47:25.863202485,2025-07-07 16:47:25.838202485,RGM_0097109,1,6.597046572635065e-06,False,False
N035_C0002173,35,2025-07-07 16:47:25.463202485,2025-07-07 16:47:26.463202485,2025-07-07 16:47:25.963202485,RGM_0097119,1,0.00016557868862,False,False
N010_C0000632,10,2025-07-07 16:47:25.213202485,2025-07-07 16:47:26.963202485,2025-07-07 16:47:26.463202485,RGM_0097231,7,0.0006253568354341,False,False
N017_C0000664,17,2025-07-07 16:47:26.438202485,2025-07-07 16:47:26.488202485,2025-07-07 16:47:26.463202485,RGM_0097243,1,1.347941330359128e-05,False,False
N019_C0000695,19,2025-07-07 16:47:25.963202485,2025-07-07 16:47:26.963202485,2025-07-07 16:47:26.463202485,RGM_0097230,2,0.0003924813523305,False,False
N024_C0001068,24,2025-07-07 16:47:25.963202485,2025-07-07 16:47:26.963202485,2025-07-07 16:47:26.463202485,RGM_0097229,1,0.0003615153204867,False,False
N026_C0001093,26,2025-07-07 16:47:25.963202485,2025-07-07 16:47:26.963202485,2025-07-07 16:47:26.463202485,RGM_0097235,1,0.0005235768435264,False,False
N022_C0000738,22,2025-07-07 16:47:25.463202485,2025-07-07 16:47:27.713202485,2025-07-07 16:47:26.713202485,RGM_0097249,4,0.0005781527159707,False,False
N027_C0001113,27,2025-07-07 16:47:25.713202485,2025-07-07 16:47:27.713202485,2025-07-07 16:47:26.713202485,RGM_0097251,2,0.0005781527159707,False,False
N039_C0002214,39,2025-07-07 16:47:25.713202485,2025-07-07 16:47:27.713202485,2025-07-07 16:47:26.713202485,RGM_0097248,1,0.0002553630516558,False,False
N040_C0002224,40,2025-07-07 16:47:25.713202485,2025-07-07 16:47:27.713202485,2025-07-07 16:47:26.713202485,RGM_0097250,1,0.0002199473369303,False,False
N045_C0002275,45,2025-07-07 16:47:25.463202485,2025-07-07 16:47:27.713202485,2025-07-07 16:47:26.713202485,RGM_0097252,8,0.000134798356671,False,False
N005_C0000323,5,2025-07-07 16:47:30.813202485,2025-07-07 16:47:30.913202485,2025-07-07 16:47:30.888202485,RGM_0097307,1,5.4032093753782e-05,False,False
N050_C0002345,50,2025-07-07 16:47:40.438202485,2025-07-07 16:47:40.488202485,2025-07-07 16:47:40.463202485,RGM_0097418,1,3.658816210002947e-06,False,False
N052_C0003063,52,2025-07-07 16:47:39.963202485,2025-07-07 16:47:40.963202485,2025-07-07 16:47:40.463202485,RGM_0097416,3,0.0001551652891794,False,False
N006_C0000439,6,2025-07-07 16:47:41.463202485,2025-07-07 16:47:41.563202485,2025-07-07 16:47:41.513202485,RGM_0097482,1,7.227904565367418e-05,False,False
N005_C0000324,5,2025-07-07 16:47:41.463202485,2025-07-07 16:47:41.588202485,2025-07-07 16:47:41.538202485,RGM_0097486,1,5.67966897374705e-05,False,False
N008_C0000508,8,2025-07-07 16:47:50.963202485,2025-07-07 16:47:51.463202485,2025-07-07 16:47:51.313202485,RGM_0097563,1,0.0002097834048836,False,False
N005_C0000325,5,2025-07-07 16:47:51.313202485,2025-07-07 16:47:51.413202485,2025-07-07 16:47:51.388202485,RGM_0097569,1,8.535252153396785e-05,False,False
N005_C0000326,5,2025-07-07 16:48:01.713202485,2025-07-07 16:48:01.913202485,2025-07-07 16:48:01.813202485,RGM_0097632,1,9.934724491721847e-05,False,False
N005_C0000327,5,2025-07-07 16:48:02.113202485,2025-07-07 16:48:02.238202485,2025-07-07 16:48:02.163202485,RGM_0097646,1,8.133698097283223e-05,False,False
N022_C0000739,22,2025-07-07 16:48:28.138202485,2025-07-07 16:48:28.188202485,2025-07-07 16:48:28.163202485,RGM_0097826,1,1.1536006834924128e-05,False,False
N026_C0001094,26,2025-07-07 16:48:28.563202485,2025-07-07 16:48:28.763202485,2025-07-07 16:48:28.663202485,RGM_0097830,2,8.520393952674802e-05,False,False
N027_C0001114,27,2025-07-07 16:48:28.563202485,2025-07-07 16:48:28.763202485,2025-07-07 16:48:28.663202485,RGM_0097832,1,8.520393952674802e-05,False,False
N024_C0001069,24,2025-07-07 16:48:28.663202485,2025-07-07 16:48:28.713202485,2025-07-07 16:48:28.688202485,RGM_0097840,1,3.3896191259720554e-05,False,False
N028_C0001131,28,2025-07-07 16:48:28.663202485,2025-07-07 16:48:28.713202485,2025-07-07 16:48:28.688202485,RGM_0097847,1,5.234500961915306e-05,False,False
N022_C0000740,22,2025-07-07 16:48:28.463202485,2025-07-07 16:48:28.963202485,2025-07-07 16:48:28.713202485,RGM_0097850,6,0.0001133325554022,False,False
N031_C0001471,31,2025-07-07 16:48:29.938202485,2025-07-07 16:48:30.038202485,2025-07-07 16:48:29.988202485,RGM_0097869,1,0.0006241364778017,False,False
N005_C0000328,5,2025-07-07 16:49:26.838202485,2025-07-07 16:49:26.938202485,2025-07-07 16:49:26.913202485,RGM_0098264,1,6.956640356660569e-05,False,False
N022_C0000741,22,2025-07-07 16:49:27.638202485,2025-07-07 16:49:27.688202485,2025-07-07 16:49:27.663202485,RGM_0098283,1,2.0616945654981968e-05,False,False
N006_C0000440,6,2025-07-07 16:50:04.013202485,2025-07-07 16:50:04.113202485,2025-07-07 16:50:04.063202485,RGM_0098526,1,6.298108038001493e-05,False,False
N005_C0000329,5,2025-07-07 16:50:07.613202485,2025-07-07 16:50:07.813202485,2025-07-07 16:50:07.738202485,RGM_0098556,1,6.090350904748867e-05,False,False
N008_C0000509,8,2025-07-07 16:50:09.013202485,2025-07-07 16:50:09.213202485,2025-07-07 16:50:09.113202485,RGM_0098580,1,0.0001830726599733,False,False
N005_C0000330,5,2025-07-07 16:50:32.113202485,2025-07-07 16:50:32.663202485,2025-07-07 16:50:32.138202485,RGM_0098744,1,7.116168113443959e-05,False,False
N005_C0000331,5,2025-07-07 16:50:35.063202485,2025-07-07 16:50:35.163202485,2025-07-07 16:50:35.113202485,RGM_0098790,1,6.131121563113427e-05,False,False
N051_C0002531,51,2025-07-07 16:51:00.488202485,2025-07-07 16:51:00.863202485,2025-07-07 16:51:00.813202485,RGM_0098969,1,5.1493747551540645e-05,False,False
N082_C0004285,82,2025-07-07 16:51:02.363202485,2025-07-07 16:51:02.413202485,2025-07-07 16:51:02.388202485,RGM_0098978,1,0.0002590652855819,False,False
N000_C0000048,0,2025-07-07 16:51:09.513202485,2025-07-07 16:51:09.613202485,2025-07-07 16:51:09.563202485,RGM_0099024,3,7.268369826366613e-05,False,False
N023_C0000842,23,2025-07-07 16:51:58.063202485,2025-07-07 16:51:58.263202485,2025-07-07 16:51:58.113202485,RGM_0099354,1,8.634762230349707e-05,False,False
N027_C0001115,27,2025-07-07 16:52:16.463202485,2025-07-07 16:52:16.963202485,2025-07-07 16:52:16.713202485,RGM_0099522,2,0.0001092638103826,False,False
N028_C0001132,28,2025-07-07 16:52:16.463202485,2025-07-07 16:52:16.963202485,2025-07-07 16:52:16.713202485,RGM_0099519,2,0.0001099706634838,False,False
N030_C0001320,30,2025-07-07 16:52:26.813202485,2025-07-07 16:52:26.913202485,2025-07-07 16:52:26.863202485,RGM_0099623,1,0.0004238306821618,False,False
N031_C0001472,31,2025-07-07 16:52:36.538202485,2025-07-07 16:52:36.663202485,2025-07-07 16:52:36.588202485,RGM_0099744,1,0.0004277123113927,False,False
N023_C0000843,23,2025-07-07 16:53:02.713202485,2025-07-07 16:53:03.338202485,2025-07-07 16:53:03.163202485,RGM_0100225,4,0.0001666112948126,False,False
N005_C0000332,5,2025-07-07 16:54:07.888202485,2025-07-07 16:54:08.163202485,2025-07-07 16:54:07.963202485,RGM_0100797,1,7.202494609551634e-05,False,False
N023_C0000844,23,2025-07-07 16:54:14.713202485,2025-07-07 16:54:17.213202485,2025-07-07 16:54:15.588202485,RGM_0100841,1,0.0002251980112892,False,False
N006_C0000441,6,2025-07-07 16:54:16.563202485,2025-07-07 16:54:16.763202485,2025-07-07 16:54:16.663202485,RGM_0100852,1,6.012125592000891e-05,False,False
N007_C0000468,7,2025-07-07 16:54:16.688202485,2025-07-07 16:54:16.738202485,2025-07-07 16:54:16.713202485,RGM_0100854,1,5.943915000568399e-05,False,False
N005_C0000333,5,2025-07-07 16:54:16.663202485,2025-07-07 16:54:16.863202485,2025-07-07 16:54:16.763202485,RGM_0100858,2,4.8549143430100376e-05,False,False
N082_C0004286,82,2025-07-07 16:54:20.063202485,2025-07-07 16:54:20.113202485,2025-07-07 16:54:20.088202485,RGM_0100884,1,8.757946559529459e-05,False,False
N008_C0000510,8,2025-07-07 16:54:25.763202485,2025-07-07 16:54:25.963202485,2025-07-07 16:54:25.863202485,RGM_0100934,1,6.860391546984676e-05,False,False
N005_C0000334,5,2025-07-07 16:54:25.938202485,2025-07-07 16:54:25.988202485,2025-07-07 16:54:25.963202485,RGM_0100942,1,4.466382013446846e-05,False,False
N009_C0000596,9,2025-07-07 16:54:25.938202485,2025-07-07 16:54:25.988202485,2025-07-07 16:54:25.963202485,RGM_0100943,1,5.506366651518008e-05,False,False
N005_C0000335,5,2025-07-07 16:54:41.463202485,2025-07-07 16:54:41.563202485,2025-07-07 16:54:41.513202485,RGM_0101097,1,8.194876431557856e-05,False,False
N009_C0000597,9,2025-07-07 16:54:41.463202485,2025-07-07 16:54:41.563202485,2025-07-07 16:54:41.513202485,RGM_0101098,2,0.0001149909496218,False,False
N085_C0004324,85,2025-07-07 16:55:31.088202485,2025-07-07 16:55:31.313202485,2025-07-07 16:55:31.213202485,RGM_0101415,1,7.275317671927699e-05,False,False
N005_C0000336,5,2025-07-07 16:56:06.413202485,2025-07-07 16:56:06.763202485,2025-07-07 16:56:06.488202485,RGM_0101696,1,4.749960806716787e-05,False,False
N034_C0002161,34,2025-07-07 16:56:06.713202485,2025-07-07 16:56:06.913202485,2025-07-07 16:56:06.813202485,RGM_0101733,1,6.966656563302418e-05,False,False
N035_C0002174,35,2025-07-07 16:56:06.713202485,2025-07-07 16:56:06.913202485,2025-07-07 16:56:06.813202485,RGM_0101736,1,6.966656563302418e-05,False,False
N037_C0002197,37,2025-07-07 16:56:06.713202485,2025-07-07 16:56:06.913202485,2025-07-07 16:56:06.813202485,RGM_0101732,1,6.083529310154049e-05,False,False
N027_C0001116,27,2025-07-07 16:56:06.713202485,2025-07-07 16:56:07.213202485,2025-07-07 16:56:06.963202485,RGM_0101747,2,0.000197894730104,False,False
N022_C0000742,22,2025-07-07 16:56:06.713202485,2025-07-07 16:56:08.713202485,2025-07-07 16:56:07.563202485,RGM_0101751,1,0.0002603417111092,False,False
N031_C0001473,31,2025-07-07 16:56:20.488202485,2025-07-07 16:56:20.638202485,2025-07-07 16:56:20.538202485,RGM_0101844,1,0.0004333450048439,False,False
N005_C0000337,5,2025-07-07 16:56:23.438202485,2025-07-07 16:56:23.488202485,2025-07-07 16:56:23.463202485,RGM_0101865,1,2.6433475602498152e-05,False,False
N031_C0001474,31,2025-07-07 16:56:25.813202485,2025-07-07 16:56:25.963202485,2025-07-07 16:56:25.913202485,RGM_0101915,1,0.0005207970644225,False,False
N009_C0000598,9,2025-07-07 16:56:25.938202485,2025-07-07 16:56:26.038202485,2025-07-07 16:56:25.988202485,RGM_0101920,1,8.247358244881767e-05,False,False
N005_C0000338,5,2025-07-07 16:56:25.988202485,2025-07-07 16:56:26.088202485,2025-07-07 16:56:26.013202485,RGM_0101924,1,7.014420134476059e-05,False,False
N005_C0000339,5,2025-07-07 16:56:26.863202485,2025-07-07 16:56:26.963202485,2025-07-07 16:56:26.938202485,RGM_0101942,1,3.155072078361158e-05,False,False
N005_C0000340,5,2025-07-07 16:56:30.163202485,2025-07-07 16:56:30.263202485,2025-07-07 16:56:30.213202485,RGM_0102020,1,6.026066278896445e-05,False,False
N058_C0004209,58,2025-07-07 16:56:37.813202485,2025-07-07 16:56:37.938202485,2025-07-07 16:56:37.888202485,RGM_0102077,1,1.883408983813181e-05,False,False
N031_C0001475,31,2025-07-07 16:56:44.813202485,2025-07-07 16:56:44.913202485,2025-07-07 16:56:44.863202485,RGM_0102123,1,0.000444852887752,False,False
N005_C0000341,5,2025-07-07 16:56:57.612340582,2025-07-07 16:56:57.712340582,2025-07-07 16:56:57.662340582,RGM_0102288,1,5.0140078421340417e-05,False,False
N006_C0000442,6,2025-07-07 16:56:57.612340582,2025-07-07 16:56:57.712340582,2025-07-07 16:56:57.662340582,RGM_0102286,1,5.80949941788725e-05,False,False
N005_C0000342,5,2025-07-07 16:57:01.162340582,2025-07-07 16:57:01.362340582,2025-07-07 16:57:01.262340582,RGM_0102312,2,5.561582643974143e-05,False,False
N006_C0000443,6,2025-07-07 16:57:01.212340582,2025-07-07 16:57:01.312340582,2025-07-07 16:57:01.262340582,RGM_0102311,1,6.292874722178098e-05,False,False
N008_C0000511,8,2025-07-07 16:57:01.287340582,2025-07-07 16:57:01.387340582,2025-07-07 16:57:01.337340582,RGM_0102333,1,6.253070092392465e-05,False,False
N009_C0000599,9,2025-07-07 16:57:01.287340582,2025-07-07 16:57:01.387340582,2025-07-07 16:57:01.337340582,RGM_0102332,1,6.253070092392465e-05,False,False
N005_C0000343,5,2025-07-07 16:57:02.137340582,2025-07-07 16:57:02.262340582,2025-07-07 16:57:02.187340582,RGM_0102349,1,3.141102010936435e-05,False,False
N008_C0000512,8,2025-07-07 16:57:02.162340582,2025-07-07 16:57:02.212340582,2025-07-07 16:57:02.187340582,RGM_0102351,1,4.4441172882211846e-05,False,False
N031_C0001476,31,2025-07-07 16:57:02.187340582,2025-07-07 16:57:02.312340582,2025-07-07 16:57:02.237340582,RGM_0102353,1,0.000507844308773,False,False
N009_C0000600,9,2025-07-07 16:57:03.812340582,2025-07-07 16:57:03.862340582,2025-07-07 16:57:03.837340582,RGM_0102379,1,8.915088175202453e-05,False,False
N000_C0000049,0,2025-07-07 16:57:03.812340582,2025-07-07 16:57:04.037340582,2025-07-07 16:57:03.887340582,RGM_0102388,4,0.0001002924493949,False,False
N005_C0000344,5,2025-07-07 16:57:03.762340582,2025-07-07 16:57:04.037340582,2025-07-07 16:57:03.912340582,RGM_0102389,3,0.0001121472874321,False,False
N005_C0000345,5,2025-07-07 16:57:08.637340582,2025-07-07 16:57:08.762340582,2025-07-07 16:57:08.712340582,RGM_0102449,1,7.765137444779789e-05,False,False
N005_C0000346,5,2025-07-07 16:57:09.362340582,2025-07-07 16:57:09.562340582,2025-07-07 16:57:09.462340582,RGM_0102466,1,4.6683614669749066e-05,False,False
N005_C0000347,5,2025-07-07 16:57:10.787340582,2025-07-07 16:57:10.837340582,2025-07-07 16:57:10.812340582,RGM_0102513,1,4.696371447361877e-05,False,False
N005_C0000348,5,2025-07-07 16:57:15.937340582,2025-07-07 16:57:16.037340582,2025-07-07 16:57:15.987340582,RGM_0102633,1,8.012420868121114e-05,False,False
N005_C0000349,5,2025-07-07 16:57:26.962340582,2025-07-07 16:57:27.162340582,2025-07-07 16:57:27.062340582,RGM_0102682,1,4.105193382973856e-05,False,False
N031_C0001477,31,2025-07-07 16:57:55.787340582,2025-07-07 16:57:55.912340582,2025-07-07 16:57:55.862340582,RGM_0102845,1,0.0006544059815142,False,False
N059_C0004232,59,2025-07-07 16:58:04.937340582,2025-07-07 16:58:04.987340582,2025-07-07 16:58:04.962340582,RGM_0102982,1,4.898347502330239e-06,False,False
N030_C0001321,30,2025-07-07 16:58:05.212340582,2025-07-07 16:58:07.337340582,2025-07-07 16:58:07.062340582,RGM_0103010,1,0.0040296374482628,False,False
N031_C0001478,31,2025-07-07 16:58:07.062340582,2025-07-07 16:58:07.112340582,2025-07-07 16:58:07.087340582,RGM_0103011,1,0.0021077185677464,False,False
N000_C0000050,0,2025-07-07 16:58:13.587340582,2025-07-07 16:58:16.212340582,2025-07-07 16:58:13.937340582,RGM_0103045,1,8.441399867416152e-05,False,False
N005_C0000350,5,2025-07-07 16:59:06.587340582,2025-07-07 16:59:07.087340582,2025-07-07 16:59:06.737340582,RGM_0103329,1,8.33604484991233e-05,False,False
N051_C0002532,51,2025-07-07 16:59:07.212340582,2025-07-07 16:59:07.712340582,2025-07-07 16:59:07.537340582,RGM_0103352,4,4.371470144620727e-05,False,False
N051_C0002533,51,2025-07-07 16:59:09.962340582,2025-07-07 16:59:10.962340582,2025-07-07 16:59:10.637340582,RGM_0103416,1,0.0002082306058839,False,False
N005_C0000351,5,2025-07-07 16:59:21.662340582,2025-07-07 16:59:22.062340582,2025-07-07 16:59:21.987340582,RGM_0103496,1,8.640688193467819e-05,False,False
N009_C0000601,9,2025-07-07 16:59:21.962340582,2025-07-07 16:59:22.162340582,2025-07-07 16:59:22.037340582,RGM_0103499,1,0.0001044127798779,False,False
N058_C0004210,58,2025-07-07 17:00:25.912340582,2025-07-07 17:00:26.162340582,2025-07-07 17:00:26.087340582,RGM_0103871,1,3.667626480229372e-05,False,False
N058_C0004211,58,2025-07-07 17:00:37.012340582,2025-07-07 17:00:37.187340582,2025-07-07 17:00:37.112340582,RGM_0103948,1,1.1523897782668232e-05,False,False
N023_C0000845,23,2025-07-07 17:00:41.212340582,2025-07-07 17:00:42.212340582,2025-07-07 17:00:41.687340582,RGM_0103973,3,0.0003013900809348,False,False
N058_C0004212,58,2025-07-07 17:00:40.962340582,2025-07-07 17:00:42.212340582,2025-07-07 17:00:41.762340582,RGM_0103982,1,7.062571467697252e-05,False,False
N082_C0004287,82,2025-07-07 17:01:06.087340582,2025-07-07 17:01:06.137340582,2025-07-07 17:01:06.112340582,RGM_0104131,1,0.0001002049237054,False,False
N019_C0000696,19,2025-07-07 17:01:17.887340582,2025-07-07 17:01:17.937340582,2025-07-07 17:01:17.912340582,RGM_0104204,1,1.5937921876522866e-05,False,False
N022_C0000743,22,2025-07-07 17:01:30.462340582,2025-07-07 17:01:31.087340582,2025-07-07 17:01:30.762340582,RGM_0104303,2,8.222789342486817e-05,False,False
N052_C0003064,52,2025-07-07 17:01:48.562340582,2025-07-07 17:01:48.762340582,2025-07-07 17:01:48.662340582,RGM_0104391,1,3.0095622126906068e-05,False,False
N022_C0000744,22,2025-07-07 17:01:48.612340582,2025-07-07 17:01:48.812340582,2025-07-07 17:01:48.712340582,RGM_0104409,2,3.381670144580955e-05,False,False
N034_C0002162,34,2025-07-07 17:01:48.662340582,2025-07-07 17:01:48.762340582,2025-07-07 17:01:48.712340582,RGM_0104423,1,1.73984205792e-05,False,False
N035_C0002175,35,2025-07-07 17:01:48.662340582,2025-07-07 17:01:48.762340582,2025-07-07 17:01:48.712340582,RGM_0104414,1,3.319047886515721e-05,False,False
N036_C0002185,36,2025-07-07 17:01:48.662340582,2025-07-07 17:01:48.762340582,2025-07-07 17:01:48.712340582,RGM_0104425,1,3.6794218636416975e-05,False,False
N037_C0002198,37,2025-07-07 17:01:48.662340582,2025-07-07 17:01:48.762340582,2025-07-07 17:01:48.712340582,RGM_0104421,1,3.6794218636416975e-05,False,False
N038_C0002206,38,2025-07-07 17:01:48.662340582,2025-07-07 17:01:48.762340582,2025-07-07 17:01:48.712340582,RGM_0104419,1,3.6794218636416975e-05,False,False
N044_C0002261,44,2025-07-07 17:01:48.662340582,2025-07-07 17:01:48.762340582,2025-07-07 17:01:48.712340582,RGM_0104407,1,1.373482222042526e-05,False,False
N051_C0002534,51,2025-07-07 17:01:48.662340582,2025-07-07 17:01:48.762340582,2025-07-07 17:01:48.712340582,RGM_0104410,1,3.61132653517627e-05,False,False
N016_C0000655,16,2025-07-07 17:01:48.687340582,2025-07-07 17:01:48.787340582,2025-07-07 17:01:48.737340582,RGM_0104427,1,3.8621630157561625e-05,False,False
N015_C0000654,15,2025-07-07 17:01:48.762340582,2025-07-07 17:01:48.962340582,2025-07-07 17:01:48.862340582,RGM_0104431,3,8.778722526607059e-05,False,False
N001_C0000073,1,2025-07-07 17:01:48.812340582,2025-07-07 17:01:49.012340582,2025-07-07 17:01:48.912340582,RGM_0104437,1,5.3728577712166345e-05,False,False
N014_C0000653,14,2025-07-07 17:01:48.887340582,2025-07-07 17:01:48.937340582,2025-07-07 17:01:48.912340582,RGM_0104442,1,4.109880513871191e-05,False,False
N016_C0000656,16,2025-07-07 17:01:48.862340582,2025-07-07 17:01:48.962340582,2025-07-07 17:01:48.912340582,RGM_0104435,2,4.9070127293086725e-05,False,False
N019_C0000697,19,2025-07-07 17:01:48.912340582,2025-07-07 17:01:48.962340582,2025-07-07 17:01:48.937340582,RGM_0104455,1,3.049135237747932e-05,False,False
N034_C0002163,34,2025-07-07 17:01:48.912340582,2025-07-07 17:01:48.962340582,2025-07-07 17:01:48.937340582,RGM_0104453,1,1.7521360433852622e-05,False,False
N036_C0002186,36,2025-07-07 17:01:48.887340582,2025-07-07 17:01:48.987340582,2025-07-07 17:01:48.937340582,RGM_0104467,2,6.259371092113544e-05,False,False
N037_C0002199,37,2025-07-07 17:01:48.912340582,2025-07-07 17:01:48.962340582,2025-07-07 17:01:48.937340582,RGM_0104448,1,4.391579583397892e-05,False,False
N038_C0002207,38,2025-07-07 17:01:48.887340582,2025-07-07 17:01:48.987340582,2025-07-07 17:01:48.937340582,RGM_0104459,1,6.259371092113544e-05,False,False
N039_C0002215,39,2025-07-07 17:01:48.912340582,2025-07-07 17:01:48.962340582,2025-07-07 17:01:48.937340582,RGM_0104447,1,9.78208756261795e-06,False,False
N040_C0002225,40,2025-07-07 17:01:48.887340582,2025-07-07 17:01:48.987340582,2025-07-07 17:01:48.937340582,RGM_0104451,1,1.5130189534252406e-05,False,False
N043_C0002241,43,2025-07-07 17:01:48.887340582,2025-07-07 17:01:48.987340582,2025-07-07 17:01:48.937340582,RGM_0104466,2,1.5130189534252406e-05,False,False
N051_C0002535,51,2025-07-07 17:01:48.912340582,2025-07-07 17:01:48.962340582,2025-07-07 17:01:48.937340582,RGM_0104465,1,6.934546670764434e-06,False,False
N010_C0000633,10,2025-07-07 17:01:48.862340582,2025-07-07 17:01:49.062340582,2025-07-07 17:01:48.962340582,RGM_0104485,4,9.016892996026116e-05,False,False
N022_C0000745,22,2025-07-07 17:01:48.862340582,2025-07-07 17:01:49.062340582,2025-07-07 17:01:48.962340582,RGM_0104484,11,5.344542567769325e-05,False,False
N027_C0001117,27,2025-07-07 17:01:48.862340582,2025-07-07 17:01:49.062340582,2025-07-07 17:01:48.962340582,RGM_0104479,1,5.344542567769325e-05,False,False
N033_C0001770,33,2025-07-07 17:01:48.212340582,2025-07-07 17:01:50.212340582,2025-07-07 17:01:49.212340582,RGM_0104549,8,0.0003691891167559,False,False
N045_C0002276,45,2025-07-07 17:01:48.212340582,2025-07-07 17:01:50.212340582,2025-07-07 17:01:49.212340582,RGM_0104547,13,0.0001459972397157,False,False
N022_C0000746,22,2025-07-07 17:01:49.537340582,2025-07-07 17:01:49.587340582,2025-07-07 17:01:49.562340582,RGM_0104669,4,8.798849429950348e-06,False,False
N058_C0004213,58,2025-07-07 17:01:49.612340582,2025-07-07 17:01:49.712340582,2025-07-07 17:01:49.687340582,RGM_0104678,1,6.67782587588244e-06,False,False
N022_C0000747,22,2025-07-07 17:01:49.737340582,2025-07-07 17:01:49.837340582,2025-07-07 17:01:49.812340582,RGM_0104679,1,1.521663316332654e-05,False,False
N005_C0000352,5,2025-07-07 17:01:50.087340582,2025-07-07 17:01:50.137340582,2025-07-07 17:01:50.112340582,RGM_0104685,1,4.499616322097749e-05,False,False
N000_C0000051,0,2025-07-07 17:01:49.212340582,2025-07-07 17:01:51.212340582,2025-07-07 17:01:50.587340582,RGM_0104699,7,0.0002644267117061,False,False
N005_C0000353,5,2025-07-07 17:01:50.562340582,2025-07-07 17:01:50.662340582,2025-07-07 17:01:50.612340582,RGM_0104705,1,5.4835728379908775e-05,False,False
N001_C0000074,1,2025-07-07 17:01:50.587340582,2025-07-07 17:01:50.687340582,2025-07-07 17:01:50.637340582,RGM_0104710,1,2.81708453487777e-05,False,False
N058_C0004214,58,2025-07-07 17:01:54.287340582,2025-07-07 17:01:54.412340582,2025-07-07 17:01:54.337340582,RGM_0104722,1,9.688226380568272e-06,False,False
N031_C0001479,31,2025-07-07 17:01:57.362340582,2025-07-07 17:01:57.462340582,2025-07-07 17:01:57.412340582,RGM_0104739,1,0.0005098952660233,False,False
N011_C0000645,11,2025-07-07 17:02:04.387340582,2025-07-07 17:02:04.512340582,2025-07-07 17:02:04.462340582,RGM_0104777,1,1.556418417816426e-05,False,False
N058_C0004215,58,2025-07-07 17:02:04.512340582,2025-07-07 17:02:04.562340582,2025-07-07 17:02:04.537340582,RGM_0104778,1,3.543249499970805e-06,False,False
N000_C0000052,0,2025-07-07 17:02:05.162340582,2025-07-07 17:02:05.212340582,2025-07-07 17:02:05.187340582,RGM_0104779,1,1.2756319406674466e-05,False,False
N058_C0004216,58,2025-07-07 17:02:05.962340582,2025-07-07 17:02:06.012340582,2025-07-07 17:02:05.987340582,RGM_0104789,1,5.913881421837436e-06,False,False
N022_C0000748,22,2025-07-07 17:02:05.462340582,2025-07-07 17:02:07.187340582,2025-07-07 17:02:06.037340582,RGM_0104790,1,0.000118727357444,False,False
N033_C0001771,33,2025-07-07 17:02:06.212340582,2025-07-07 17:02:06.262340582,2025-07-07 17:02:06.237340582,RGM_0104791,1,1.7554112232832113e-05,False,False
N019_C0000698,19,2025-07-07 17:02:06.087340582,2025-07-07 17:02:06.412340582,2025-07-07 17:02:06.387340582,RGM_0104793,1,4.928665238813365e-05,False,False
N051_C0002536,51,2025-07-07 17:02:06.362340582,2025-07-07 17:02:06.412340582,2025-07-07 17:02:06.387340582,RGM_0104792,1,6.318629909010763e-06,False,False
N023_C0000846,23,2025-07-07 17:02:06.962340582,2025-07-07 17:02:07.612340582,2025-07-07 17:02:07.537340582,RGM_0104797,1,7.501197544132666e-05,False,False
N082_C0004288,82,2025-07-07 17:02:07.762340582,2025-07-07 17:02:07.812340582,2025-07-07 17:02:07.787340582,RGM_0104798,1,0.0001388165334625,False,False
N022_C0000749,22,2025-07-07 17:02:13.712340582,2025-07-07 17:02:15.412340582,2025-07-07 17:02:14.212340582,RGM_0104825,2,0.0001984727360254,False,False
N058_C0004217,58,2025-07-07 17:02:31.112340582,2025-07-07 17:02:31.562340582,2025-07-07 17:02:31.262340582,RGM_0104955,1,3.8671215296397846e-05,False,False
N058_C0004218,58,2025-07-07 17:03:13.787340582,2025-07-07 17:03:14.462340582,2025-07-07 17:03:14.387340582,RGM_0105185,1,3.5726213709698304e-05,False,False
N005_C0000354,5,2025-07-07 17:03:18.562340582,2025-07-07 17:03:18.662340582,2025-07-07 17:03:18.612340582,RGM_0105212,1,8.911781613747937e-05,False,False
N008_C0000513,8,2025-07-07 17:03:18.587340582,2025-07-07 17:03:18.637340582,2025-07-07 17:03:18.612340582,RGM_0105211,1,0.0001172944741362,False,False
N009_C0000602,9,2025-07-07 17:03:18.562340582,2025-07-07 17:03:18.762340582,2025-07-07 17:03:18.637340582,RGM_0105214,1,0.0001507304111359,False,False
N011_C0000646,11,2025-07-07 17:03:28.087340582,2025-07-07 17:03:28.587340582,2025-07-07 17:03:28.337340582,RGM_0105355,1,0.0001296758525971,False,False
N027_C0001118,27,2025-07-07 17:03:27.962340582,2025-07-07 17:03:28.962340582,2025-07-07 17:03:28.462340582,RGM_0105357,2,0.0001923467751496,False,False
N010_C0000634,10,2025-07-07 17:03:27.712340582,2025-07-07 17:03:29.712340582,2025-07-07 17:03:28.712340582,RGM_0105359,3,0.0006204691810257,False,False
N008_C0000514,8,2025-07-07 17:03:39.962340582,2025-07-07 17:03:40.162340582,2025-07-07 17:03:40.037340582,RGM_0105431,1,8.35763758299672e-05,False,False
N005_C0000355,5,2025-07-07 17:03:41.887340582,2025-07-07 17:03:41.987340582,2025-07-07 17:03:41.937340582,RGM_0105461,1,7.884528089012909e-05,False,False
N008_C0000515,8,2025-07-07 17:03:41.937340582,2025-07-07 17:03:41.987340582,2025-07-07 17:03:41.962340582,RGM_0105467,1,8.429420963639555e-05,False,False
N005_C0000356,5,2025-07-07 17:03:42.362340582,2025-07-07 17:03:42.562340582,2025-07-07 17:03:42.437340582,RGM_0105472,1,6.320388428713711e-05,False,False
N000_C0000053,0,2025-07-07 17:03:55.712340582,2025-07-07 17:03:57.712340582,2025-07-07 17:03:56.437340582,RGM_0105539,1,0.0005378786408907,False,False
N085_C0004325,85,2025-07-07 17:04:48.212340582,2025-07-07 17:04:49.287340582,2025-07-07 17:04:48.312340582,RGM_0105820,1,0.0001723029713333,False,False
N085_C0004326,85,2025-07-07 17:04:53.712340582,2025-07-07 17:04:54.912340582,2025-07-07 17:04:53.912340582,RGM_0105848,1,0.0003129810857838,False,False
N027_C0001119,27,2025-07-07 17:04:55.962340582,2025-07-07 17:04:57.087340582,2025-07-07 17:04:56.462340582,RGM_0105872,3,0.0002574150348989,False,False
N019_C0000699,19,2025-07-07 17:04:56.612340582,2025-07-07 17:04:56.662340582,2025-07-07 17:04:56.637340582,RGM_0105873,1,1.4827802914078008e-05,False,False
N026_C0001095,26,2025-07-07 17:04:56.587340582,2025-07-07 17:04:57.087340582,2025-07-07 17:04:56.837340582,RGM_0105901,1,0.0002137579357912,False,False
N028_C0001133,28,2025-07-07 17:04:56.587340582,2025-07-07 17:04:57.087340582,2025-07-07 17:04:56.837340582,RGM_0105899,1,0.0001366410274913,False,False
N027_C0001120,27,2025-07-07 17:04:59.762340582,2025-07-07 17:04:59.962340582,2025-07-07 17:04:59.862340582,RGM_0105926,1,4.31316641836816e-05,False,False
N010_C0000635,10,2025-07-07 17:05:00.062340582,2025-07-07 17:05:00.112340582,2025-07-07 17:05:00.087340582,RGM_0105928,1,2.9465174667878055e-05,False,False
N023_C0000847,23,2025-07-07 17:05:00.462340582,2025-07-07 17:05:00.962340582,2025-07-07 17:05:00.712340582,RGM_0105983,1,0.0001434206202083,False,False
N010_C0000636,10,2025-07-07 17:05:00.587340582,2025-07-07 17:05:01.087340582,2025-07-07 17:05:00.837340582,RGM_0106006,3,0.0003532543876008,False,False
N021_C0000718,21,2025-07-07 17:05:00.587340582,2025-07-07 17:05:01.087340582,2025-07-07 17:05:00.837340582,RGM_0106007,1,0.0002738345646804,False,False
N022_C0000750,22,2025-07-07 17:05:00.587340582,2025-07-07 17:05:01.087340582,2025-07-07 17:05:00.837340582,RGM_0106009,1,0.0002738345646804,False,False
N024_C0001070,24,2025-07-07 17:05:00.587340582,2025-07-07 17:05:01.087340582,2025-07-07 17:05:00.837340582,RGM_0106000,1,0.0001859657677008,False,False
N025_C0001083,25,2025-07-07 17:05:00.587340582,2025-07-07 17:05:01.087340582,2025-07-07 17:05:00.837340582,RGM_0106005,1,0.0001859657677008,False,False
N026_C0001096,26,2025-07-07 17:05:00.587340582,2025-07-07 17:05:01.087340582,2025-07-07 17:05:00.837340582,RGM_0106002,1,0.0001859657677008,False,False
N028_C0001134,28,2025-07-07 17:05:00.587340582,2025-07-07 17:05:01.087340582,2025-07-07 17:05:00.837340582,RGM_0106010,1,0.0001341531266293,False,False
N027_C0001121,27,2025-07-07 17:05:00.462340582,2025-07-07 17:05:01.462340582,2025-07-07 17:05:00.962340582,RGM_0106011,2,0.000213795230593,False,False
N010_C0000637,10,2025-07-07 17:05:01.287340582,2025-07-07 17:05:01.362340582,2025-07-07 17:05:01.312340582,RGM_0106014,1,3.675927550975907e-05,False,False
N031_C0001480,31,2025-07-07 17:05:35.737340582,2025-07-07 17:05:35.837340582,2025-07-07 17:05:35.787340582,RGM_0106188,1,0.0004217905880022,False,False
N027_C0001122,27,2025-07-07 17:05:53.712340582,2025-07-07 17:05:54.712340582,2025-07-07 17:05:54.212340582,RGM_0106290,2,0.0001710679486665,False,False
N022_C0000751,22,2025-07-07 17:06:06.112340582,2025-07-07 17:06:06.162340582,2025-07-07 17:06:06.137340582,RGM_0106383,1,7.153134157479829e-06,False,False
N027_C0001123,27,2025-07-07 17:06:05.712340582,2025-07-07 17:06:07.712340582,2025-07-07 17:06:06.712340582,RGM_0106387,1,0.0006261146875021,False,False
N035_C0002176,35,2025-07-07 17:06:05.712340582,2025-07-07 17:06:07.712340582,2025-07-07 17:06:06.712340582,RGM_0106395,1,0.0003553452400743,False,False
N036_C0002187,36,2025-07-07 17:06:05.712340582,2025-07-07 17:06:07.712340582,2025-07-07 17:06:06.712340582,RGM_0106393,1,0.0005565339998277,False,False
N037_C0002200,37,2025-07-07 17:06:05.712340582,2025-07-07 17:06:07.712340582,2025-07-07 17:06:06.712340582,RGM_0106389,1,0.0005565339998277,False,False
N045_C0002277,45,2025-07-07 17:06:05.712340582,2025-07-07 17:06:07.712340582,2025-07-07 17:06:06.712340582,RGM_0106394,4,0.0002043027886011,False,False
N010_C0000638,10,2025-07-07 17:06:06.212340582,2025-07-07 17:06:08.212340582,2025-07-07 17:06:07.212340582,RGM_0106478,2,0.0007680639236185,False,False
N023_C0000848,23,2025-07-07 17:06:06.712340582,2025-07-07 17:06:08.712340582,2025-07-07 17:06:07.712340582,RGM_0106520,1,0.0005607772751698,False,False
N033_C0001772,33,2025-07-07 17:06:06.237340582,2025-07-07 17:06:08.712340582,2025-07-07 17:06:07.712340582,RGM_0106521,2,0.0004967758896163,False,False
N030_C0001322,30,2025-07-07 17:06:11.712340582,2025-07-07 17:06:11.812340582,2025-07-07 17:06:11.762340582,RGM_0106548,1,0.0005488957653545,False,False
N019_C0000700,19,2025-07-07 17:06:59.811482470,2025-07-07 17:06:59.861482470,2025-07-07 17:06:59.836482470,RGM_0106799,1,1.8304168082009997e-05,False,False
N005_C0000357,5,2025-07-07 17:07:22.286482470,2025-07-07 17:07:22.411482470,2025-07-07 17:07:22.361482470,RGM_0106933,1,3.1458537976250715e-05,False,False
N005_C0000358,5,2025-07-07 17:07:22.711482470,2025-07-07 17:07:22.911482470,2025-07-07 17:07:22.886482470,RGM_0106936,1,6.0208408193641374e-05,False,False
N030_C0001323,30,2025-07-07 17:07:38.686482470,2025-07-07 17:07:38.786482470,2025-07-07 17:07:38.736482470,RGM_0107052,1,0.0004690133769892,False,False
N052_C0003065,52,2025-07-07 17:08:19.686482470,2025-07-07 17:08:19.786482470,2025-07-07 17:08:19.736482470,RGM_0107311,1,1.4518759181448188e-05,False,False
N045_C0002278,45,2025-07-07 17:08:19.811482470,2025-07-07 17:08:20.461482470,2025-07-07 17:08:20.086482470,RGM_0107320,1,4.201879231188361e-05,False,False
N005_C0000359,5,2025-07-07 17:08:37.636482470,2025-07-07 17:08:37.861482470,2025-07-07 17:08:37.661482470,RGM_0107408,1,7.01088859032226e-05,False,False
N023_C0000849,23,2025-07-07 17:09:07.961482470,2025-07-07 17:09:08.961482470,2025-07-07 17:09:08.311482470,RGM_0107598,2,0.0003022254089398,False,False
N031_C0001481,31,2025-07-07 17:09:16.011482470,2025-07-07 17:09:16.111482470,2025-07-07 17:09:16.061482470,RGM_0107643,1,0.0003841737265775,False,False
N022_C0000752,22,2025-07-07 17:09:33.836482470,2025-07-07 17:09:34.686482470,2025-07-07 17:09:34.086482470,RGM_0107761,1,8.898809775891244e-05,False,False
N082_C0004289,82,2025-07-07 17:09:39.211482470,2025-07-07 17:09:39.411482470,2025-07-07 17:09:39.311482470,RGM_0107796,1,0.0001639227755399,False,False
N030_C0001324,30,2025-07-07 17:10:03.786482470,2025-07-07 17:10:03.911482470,2025-07-07 17:10:03.861482470,RGM_0107943,1,0.0005214620263217,False,False
N030_C0001325,30,2025-07-07 17:10:14.311482470,2025-07-07 17:10:14.461482470,2025-07-07 17:10:14.411482470,RGM_0108003,1,0.0006426897458663,False,False
N051_C0002537,51,2025-07-07 17:10:22.961482470,2025-07-07 17:10:23.061482470,2025-07-07 17:10:22.986482470,RGM_0108059,1,9.09649712882131e-06,False,False
N045_C0002279,45,2025-07-07 17:10:24.586482470,2025-07-07 17:10:24.686482470,2025-07-07 17:10:24.636482470,RGM_0108105,1,1.365733104294382e-05,False,False
N051_C0002538,51,2025-07-07 17:10:24.511482470,2025-07-07 17:10:24.711482470,2025-07-07 17:10:24.636482470,RGM_0108107,2,8.556330810657145e-05,False,False
N051_C0002539,51,2025-07-07 17:10:25.611482470,2025-07-07 17:10:25.711482470,2025-07-07 17:10:25.661482470,RGM_0108151,4,5.7880998315990464e-05,False,False
N051_C0002540,51,2025-07-07 17:10:26.111482470,2025-07-07 17:10:26.236482470,2025-07-07 17:10:26.186482470,RGM_0108191,3,0.0001252012817675,False,False
N051_C0002541,51,2025-07-07 17:10:26.936482470,2025-07-07 17:10:27.236482470,2025-07-07 17:10:27.161482470,RGM_0108240,7,0.0006383201267109,False,False
N046_C0002290,46,2025-07-07 17:10:27.161482470,2025-07-07 17:10:27.361482470,2025-07-07 17:10:27.261482470,RGM_0108263,1,5.913622515912698e-05,False,False
N031_C0001482,31,2025-07-07 17:10:27.236482470,2025-07-07 17:10:27.361482470,2025-07-07 17:10:27.286482470,RGM_0108266,1,0.0005207219452425,False,False
N051_C0002542,51,2025-07-07 17:10:27.586482470,2025-07-07 17:10:28.086482470,2025-07-07 17:10:27.811482470,RGM_0108280,5,0.00012319829705,False,False
N046_C0002291,46,2025-07-07 17:10:29.711482470,2025-07-07 17:10:30.211482470,2025-07-07 17:10:29.961482470,RGM_0108484,1,9.58219222628694e-05,False,False
N053_C0003273,53,2025-07-07 17:10:31.761482470,2025-07-07 17:10:31.961482470,2025-07-07 17:10:31.861482470,RGM_0108612,1,3.449644103641842e-05,False,False
N058_C0004219,58,2025-07-07 17:10:31.461482470,2025-07-07 17:10:32.561482470,2025-07-07 17:10:31.961482470,RGM_0108616,3,6.024068904599959e-05,False,False
N059_C0004233,59,2025-07-07 17:10:31.961482470,2025-07-07 17:10:32.461482470,2025-07-07 17:10:32.211482470,RGM_0108633,1,4.072998395273112e-05,False,False
N046_C0002292,46,2025-07-07 17:10:32.461482470,2025-07-07 17:10:32.961482470,2025-07-07 17:10:32.711482470,RGM_0108655,1,0.0001057108384108,False,False
N082_C0004290,82,2025-07-07 17:10:31.711482470,2025-07-07 17:10:33.961482470,2025-07-07 17:10:33.386482470,RGM_0108679,1,0.0024821644240574,False,False
N046_C0002293,46,2025-07-07 17:10:34.711482470,2025-07-07 17:10:35.711482470,2025-07-07 17:10:35.211482470,RGM_0108817,4,0.0004129043824934,False,False
N047_C0002307,47,2025-07-07 17:10:34.711482470,2025-07-07 17:10:35.711482470,2025-07-07 17:10:35.211482470,RGM_0108812,1,0.0002224237555382,False,False
N051_C0002543,51,2025-07-07 17:10:34.711482470,2025-07-07 17:10:36.811482470,2025-07-07 17:10:35.686482470,RGM_0108856,25,0.0008851709808741,False,False
N054_C0003439,54,2025-07-07 17:10:35.636482470,2025-07-07 17:10:35.736482470,2025-07-07 17:10:35.686482470,RGM_0108858,1,2.933702471708391e-05,False,False
N055_C0003839,55,2025-07-07 17:10:35.636482470,2025-07-07 17:10:35.736482470,2025-07-07 17:10:35.686482470,RGM_0108853,1,1.1322951752562e-05,False,False
N052_C0003066,52,2025-07-07 17:10:34.711482470,2025-07-07 17:10:36.736482470,2025-07-07 17:10:35.711482470,RGM_0108875,13,0.0008150809338021,False,False
N053_C0003274,53,2025-07-07 17:10:34.711482470,2025-07-07 17:10:36.711482470,2025-07-07 17:10:35.711482470,RGM_0108873,4,0.0005504187851214,False,False
N054_C0003440,54,2025-07-07 17:10:35.936482470,2025-07-07 17:10:35.986482470,2025-07-07 17:10:35.961482470,RGM_0108893,1,4.335208918924366e-05,False,False
N055_C0003840,55,2025-07-07 17:10:35.936482470,2025-07-07 17:10:36.036482470,2025-07-07 17:10:35.986482470,RGM_0108905,2,1.7929312269897237e-05,False,False
N056_C0004115,56,2025-07-07 17:10:35.961482470,2025-07-07 17:10:36.011482470,2025-07-07 17:10:35.986482470,RGM_0108917,1,8.371258622020702e-06,False,False
N082_C0004291,82,2025-07-07 17:10:36.086482470,2025-07-07 17:10:36.136482470,2025-07-07 17:10:36.111482470,RGM_0108933,1,0.0002201024988304,False,False
N054_C0003441,54,2025-07-07 17:10:36.161482470,2025-07-07 17:10:36.361482470,2025-07-07 17:10:36.261482470,RGM_0108947,1,0.0001274078127724,False,False
N046_C0002294,46,2025-07-07 17:10:36.311482470,2025-07-07 17:10:36.361482470,2025-07-07 17:10:36.336482470,RGM_0109000,1,1.1062825391517558e-05,False,False
N056_C0004116,56,2025-07-07 17:10:36.286482470,2025-07-07 17:10:36.386482470,2025-07-07 17:10:36.336482470,RGM_0108999,1,2.3208080634206044e-05,False,False
N054_C0003442,54,2025-07-07 17:10:36.486482470,2025-07-07 17:10:36.586482470,2025-07-07 17:10:36.536482470,RGM_0109035,1,2.8098038929152685e-05,False,False
N056_C0004117,56,2025-07-07 17:10:36.511482470,2025-07-07 17:10:36.561482470,2025-07-07 17:10:36.536482470,RGM_0109014,1,1.1333995620249793e-05,False,False
N046_C0002295,46,2025-07-07 17:10:36.711482470,2025-07-07 17:10:37.711482470,2025-07-07 17:10:37.211482470,RGM_0109082,1,0.0001932494716016,False,False
N047_C0002308,47,2025-07-07 17:10:37.311482470,2025-07-07 17:10:37.361482470,2025-07-07 17:10:37.336482470,RGM_0109094,1,5.375532898427077e-05,False,False
N051_C0002544,51,2025-07-07 17:10:37.311482470,2025-07-07 17:10:37.511482470,2025-07-07 17:10:37.411482470,RGM_0109102,2,5.9105092267944e-05,False,False
N033_C0001773,33,2025-07-07 17:10:48.911482470,2025-07-07 17:10:50.161482470,2025-07-07 17:10:49.611482470,RGM_0109237,1,0.0004035448548434,False,False
N023_C0000850,23,2025-07-07 17:10:52.186482470,2025-07-07 17:10:52.286482470,2025-07-07 17:10:52.261482470,RGM_0109257,1,3.893782450629027e-05,False,False
N051_C0002545,51,2025-07-07 17:10:52.211482470,2025-07-07 17:10:54.061482470,2025-07-07 17:10:53.261482470,RGM_0109263,1,0.0002431990137951,False,False
N031_C0001483,31,2025-07-07 17:10:59.911482470,2025-07-07 17:11:00.011482470,2025-07-07 17:10:59.961482470,RGM_0109309,1,0.0004106889752679,False,False
N023_C0000851,23,2025-07-07 17:11:36.211482470,2025-07-07 17:11:36.311482470,2025-07-07 17:11:36.261482470,RGM_0109486,1,2.907048758038504e-05,False,False
N030_C0001326,30,2025-07-07 17:11:58.561482470,2025-07-07 17:11:58.661482470,2025-07-07 17:11:58.611482470,RGM_0109602,1,0.0006819359486812,False,False
N031_C0001484,31,2025-07-07 17:11:58.561482470,2025-07-07 17:11:58.661482470,2025-07-07 17:11:58.611482470,RGM_0109603,1,0.0006819359486812,False,False
N023_C0000852,23,2025-07-07 17:11:58.461482470,2025-07-07 17:11:58.961482470,2025-07-07 17:11:58.761482470,RGM_0109606,2,0.0012021428974573,False,False
N028_C0001135,28,2025-07-07 17:12:01.086482470,2025-07-07 17:12:01.586482470,2025-07-07 17:12:01.336482470,RGM_0109631,1,0.0001435741200341,False,False
N082_C0004292,82,2025-07-07 17:12:15.211482470,2025-07-07 17:12:15.736482470,2025-07-07 17:12:15.361482470,RGM_0109762,1,0.0003109815040462,False,False
N005_C0000360,5,2025-07-07 17:12:16.311482470,2025-07-07 17:12:16.561482470,2025-07-07 17:12:16.461482470,RGM_0109764,2,8.409818220131158e-05,False,False
N011_C0000647,11,2025-07-07 17:12:16.611482470,2025-07-07 17:12:16.811482470,2025-07-07 17:12:16.711482470,RGM_0109784,1,7.385540463913148e-05,False,False
N022_C0000753,22,2025-07-07 17:12:16.461482470,2025-07-07 17:12:16.961482470,2025-07-07 17:12:16.711482470,RGM_0109783,1,7.299211397540496e-05,False,False
N027_C0001124,27,2025-07-07 17:12:16.611482470,2025-07-07 17:12:16.811482470,2025-07-07 17:12:16.711482470,RGM_0109785,1,6.744040751242077e-05,False,False
N017_C0000665,17,2025-07-07 17:12:16.586482470,2025-07-07 17:12:17.086482470,2025-07-07 17:12:17.011482470,RGM_0109789,1,0.0001568973866163,False,False
N000_C0000054,0,2025-07-07 17:12:23.886482470,2025-07-07 17:12:25.461482470,2025-07-07 17:12:24.986482470,RGM_0109822,4,0.000224072693397,False,False
N082_C0004293,82,2025-07-07 17:12:30.611482470,2025-07-07 17:12:31.136482470,2025-07-07 17:12:30.811482470,RGM_0109848,1,0.0003537548429104,False,False
N051_C0002546,51,2025-07-07 17:12:44.336482470,2025-07-07 17:12:45.136482470,2025-07-07 17:12:44.761482470,RGM_0109920,1,7.544964687013401e-05,False,False
N000_C0000055,0,2025-07-07 17:12:44.761482470,2025-07-07 17:12:44.811482470,2025-07-07 17:12:44.786482470,RGM_0109921,1,1.392037318977074e-05,False,False
N058_C0004220,58,2025-07-07 17:12:44.936482470,2025-07-07 17:12:45.461482470,2025-07-07 17:12:45.011482470,RGM_0109922,1,4.722264618113484e-05,False,False
N009_C0000603,9,2025-07-07 17:12:45.511482470,2025-07-07 17:12:45.561482470,2025-07-07 17:12:45.536482470,RGM_0109927,1,0.0001199094215416,False,False
N005_C0000361,5,2025-07-07 17:12:45.511482470,2025-07-07 17:12:45.711482470,2025-07-07 17:12:45.611482470,RGM_0109930,2,0.0002628942101325,False,False
N000_C0000056,0,2025-07-07 17:12:45.211482470,2025-07-07 17:12:45.961482470,2025-07-07 17:12:45.811482470,RGM_0109933,2,0.0002890609226937,False,False
N051_C0002547,51,2025-07-07 17:12:46.586482470,2025-07-07 17:12:46.686482470,2025-07-07 17:12:46.636482470,RGM_0109939,1,1.3429511310541077e-05,False,False
N005_C0000362,5,2025-07-07 17:12:58.961482470,2025-07-07 17:12:59.961482470,2025-07-07 17:12:59.386482470,RGM_0109999,1,0.0001923379570652,False,False
N005_C0000363,5,2025-07-07 17:13:17.611482470,2025-07-07 17:13:18.311482470,2025-07-07 17:13:18.261482470,RGM_0110103,1,0.0001076177097405,False,False
N009_C0000604,9,2025-07-07 17:14:35.011482470,2025-07-07 17:14:35.111482470,2025-07-07 17:14:35.061482470,RGM_0110437,1,0.0001138457465358,False,False
N005_C0000364,5,2025-07-07 17:14:35.061482470,2025-07-07 17:14:35.261482470,2025-07-07 17:14:35.111482470,RGM_0110444,1,0.0001260515059089,False,False
N008_C0000516,8,2025-07-07 17:14:35.061482470,2025-07-07 17:14:36.136482470,2025-07-07 17:14:35.161482470,RGM_0110445,1,0.0003141720823769,False,False
N031_C0001485,31,2025-07-07 17:14:40.286482470,2025-07-07 17:14:40.386482470,2025-07-07 17:14:40.336482470,RGM_0110479,1,0.0003631423338353,False,False
N031_C0001486,31,2025-07-07 17:15:25.411482470,2025-07-07 17:15:25.511482470,2025-07-07 17:15:25.461482470,RGM_0110805,1,0.0005018311618482,False,False
N031_C0001487,31,2025-07-07 17:15:31.011482470,2025-07-07 17:15:31.111482470,2025-07-07 17:15:31.061482470,RGM_0110896,1,0.0002995793423245,False,False
N050_C0002346,50,2025-07-07 17:15:45.261482470,2025-07-07 17:15:45.361482470,2025-07-07 17:15:45.311482470,RGM_0111001,1,7.357218342414775e-06,False,False
N030_C0001327,30,2025-07-07 17:15:56.561482470,2025-07-07 17:15:56.661482470,2025-07-07 17:15:56.611482470,RGM_0111066,1,0.0004890523574715,False,False
N031_C0001488,31,2025-07-07 17:16:08.286482470,2025-07-07 17:16:08.386482470,2025-07-07 17:16:08.336482470,RGM_0111118,1,0.0003914043865462,False,False
N005_C0000365,5,2025-07-07 17:18:15.610625803,2025-07-07 17:18:15.710625803,2025-07-07 17:18:15.660625803,RGM_0111744,1,0.0001562917494228,False,False
N030_C0001328,30,2025-07-07 17:18:40.810625803,2025-07-07 17:18:40.935625803,2025-07-07 17:18:40.860625803,RGM_0111847,1,0.000805752076458,False,False
N000_C0000057,0,2025-07-07 17:19:28.735625803,2025-07-07 17:19:29.585625803,2025-07-07 17:19:29.410625803,RGM_0112056,1,0.00025637609518,False,False
N005_C0000366,5,2025-07-07 17:19:29.410625803,2025-07-07 17:19:29.510625803,2025-07-07 17:19:29.485625803,RGM_0112058,1,0.0001920778385409,False,False
N031_C0001489,31,2025-07-07 17:19:32.735625803,2025-07-07 17:19:32.835625803,2025-07-07 17:19:32.785625803,RGM_0112073,1,0.0004090643697593,False,False
N005_C0000367,5,2025-07-07 17:19:40.285625803,2025-07-07 17:19:40.335625803,2025-07-07 17:19:40.310625803,RGM_0112118,1,1.2877949893152998e-05,False,False
N028_C0001136,28,2025-07-07 17:19:41.835625803,2025-07-07 17:19:41.885625803,2025-07-07 17:19:41.860625803,RGM_0112126,1,2.3495077304200443e-05,False,False
N000_C0000058,0,2025-07-07 17:20:16.485625803,2025-07-07 17:20:17.435625803,2025-07-07 17:20:16.810625803,RGM_0112287,1,0.0001666676128286,False,False
N033_C0001774,33,2025-07-07 17:20:17.610625803,2025-07-07 17:20:19.960625803,2025-07-07 17:20:19.410625803,RGM_0112302,1,0.0010568537638024,False,False
N031_C0001490,31,2025-07-07 17:20:23.560625803,2025-07-07 17:20:23.660625803,2025-07-07 17:20:23.610625803,RGM_0112338,1,0.0003774324033097,False,False
N005_C0000368,5,2025-07-07 17:20:41.910625803,2025-07-07 17:20:42.560625803,2025-07-07 17:20:42.535625803,RGM_0112437,1,6.922585056556903e-05,False,False
N005_C0000369,5,2025-07-07 17:20:47.610625803,2025-07-07 17:20:47.810625803,2025-07-07 17:20:47.760625803,RGM_0112469,1,0.000163797204756,False,False
N058_C0004221,58,2025-07-07 17:21:25.460625803,2025-07-07 17:21:25.710625803,2025-07-07 17:21:25.585625803,RGM_0112930,1,2.611973134401958e-05,False,False
N045_C0002280,45,2025-07-07 17:21:42.710625803,2025-07-07 17:21:44.710625803,2025-07-07 17:21:44.010625803,RGM_0113044,3,0.0001031437574381,False,False
N036_C0002188,36,2025-07-07 17:21:43.960625803,2025-07-07 17:21:44.160625803,2025-07-07 17:21:44.060625803,RGM_0113055,1,3.700804599910652e-05,False,False
N025_C0001084,25,2025-07-07 17:21:43.960625803,2025-07-07 17:21:44.960625803,2025-07-07 17:21:44.460625803,RGM_0113063,1,0.000918187996111,False,False
N034_C0002164,34,2025-07-07 17:21:43.960625803,2025-07-07 17:21:44.960625803,2025-07-07 17:21:44.460625803,RGM_0113075,1,0.0002886845279361,False,False
N037_C0002201,37,2025-07-07 17:21:43.960625803,2025-07-07 17:21:44.960625803,2025-07-07 17:21:44.460625803,RGM_0113070,3,0.0003795305991085,False,False
N038_C0002208,38,2025-07-07 17:21:43.960625803,2025-07-07 17:21:44.960625803,2025-07-07 17:21:44.460625803,RGM_0113071,3,0.0003795305991085,False,False
N022_C0000754,22,2025-07-07 17:21:43.710625803,2025-07-07 17:21:45.710625803,2025-07-07 17:21:44.710625803,RGM_0113134,5,0.0003943561372297,False,False
N023_C0000853,23,2025-07-07 17:21:43.710625803,2025-07-07 17:21:45.935625803,2025-07-07 17:21:44.710625803,RGM_0113135,6,0.0004639301698894,False,False
N035_C0002177,35,2025-07-07 17:21:43.710625803,2025-07-07 17:21:45.710625803,2025-07-07 17:21:44.710625803,RGM_0113133,2,0.0004173337247353,False,False
N005_C0000370,5,2025-07-07 17:21:45.060625803,2025-07-07 17:21:45.260625803,2025-07-07 17:21:45.110625803,RGM_0113139,1,0.000127421856819,False,False
N005_C0000371,5,2025-07-07 17:21:45.610625803,2025-07-07 17:21:47.160625803,2025-07-07 17:21:45.710625803,RGM_0113147,1,0.0005008349565119,False,False
N058_C0004222,58,2025-07-07 17:21:55.185625803,2025-07-07 17:21:55.910625803,2025-07-07 17:21:55.760625803,RGM_0113202,1,4.5002936845700965e-05,False,False
N031_C0001491,31,2025-07-07 17:22:05.085625803,2025-07-07 17:22:05.185625803,2025-07-07 17:22:05.135625803,RGM_0113255,1,0.000688757984845,False,False
N031_C0001492,31,2025-07-07 17:22:28.810625803,2025-07-07 17:22:28.910625803,2025-07-07 17:22:28.860625803,RGM_0113406,1,0.0005292376829776,False,False
N009_C0000605,9,2025-07-07 17:23:25.035625803,2025-07-07 17:23:25.135625803,2025-07-07 17:23:25.085625803,RGM_0113729,1,0.0001588072237173,False,False
N007_C0000469,7,2025-07-07 17:23:25.085625803,2025-07-07 17:23:25.135625803,2025-07-07 17:23:25.110625803,RGM_0113730,1,0.000154612774264,False,False
N005_C0000372,5,2025-07-07 17:23:25.110625803,2025-07-07 17:23:25.310625803,2025-07-07 17:23:25.210625803,RGM_0113738,2,0.0001586894266321,False,False
N005_C0000373,5,2025-07-07 17:24:04.685625803,2025-07-07 17:24:05.085625803,2025-07-07 17:24:05.035625803,RGM_0113998,1,8.696359019942458e-05,False,False
N005_C0000374,5,2025-07-07 17:24:05.160625803,2025-07-07 17:24:05.760625803,2025-07-07 17:24:05.235625803,RGM_0114007,2,0.0001300227888762,False,False
N008_C0000517,8,2025-07-07 17:24:05.560625803,2025-07-07 17:24:05.685625803,2025-07-07 17:24:05.635625803,RGM_0114009,1,6.122695858808396e-05,False,False
N005_C0000375,5,2025-07-07 17:24:30.935625803,2025-07-07 17:24:31.035625803,2025-07-07 17:24:31.010625803,RGM_0114195,1,8.803392366635417e-05,False,False
N009_C0000606,9,2025-07-07 17:24:30.985625803,2025-07-07 17:24:31.060625803,2025-07-07 17:24:31.010625803,RGM_0114197,1,0.0001737106924043,False,False
N008_C0000518,8,2025-07-07 17:24:30.860625803,2025-07-07 17:24:31.235625803,2025-07-07 17:24:31.110625803,RGM_0114200,2,0.0002554348251703,False,False
N005_C0000376,5,2025-07-07 17:24:31.135625803,2025-07-07 17:24:31.235625803,2025-07-07 17:24:31.210625803,RGM_0114202,1,3.83791444375865e-05,False,False
N005_C0000377,5,2025-07-07 17:24:38.210625803,2025-07-07 17:24:40.210625803,2025-07-07 17:24:39.410625803,RGM_0114248,2,0.0004207686864945,False,False
N006_C0000444,6,2025-07-07 17:24:40.035625803,2025-07-07 17:24:40.160625803,2025-07-07 17:24:40.085625803,RGM_0114255,1,0.0004380378652594,False,False
N005_C0000378,5,2025-07-07 17:24:54.060625803,2025-07-07 17:24:54.110625803,2025-07-07 17:24:54.085625803,RGM_0114325,1,6.65974902602666e-05,False,False
N009_C0000607,9,2025-07-07 17:24:54.035625803,2025-07-07 17:24:54.135625803,2025-07-07 17:24:54.085625803,RGM_0114326,1,0.0001233641255573,False,False
N031_C0001493,31,2025-07-07 17:25:00.235625803,2025-07-07 17:25:00.360625803,2025-07-07 17:25:00.285625803,RGM_0114353,1,0.0006249599068226,False,False
N026_C0001097,26,2025-07-07 17:25:12.710625803,2025-07-07 17:25:14.710625803,2025-07-07 17:25:13.710625803,RGM_0114480,1,0.0001654497258891,False,False
N031_C0001494,31,2025-07-07 17:25:15.860625803,2025-07-07 17:25:15.960625803,2025-07-07 17:25:15.910625803,RGM_0114544,1,0.0003345393525182,False,False
N008_C0000519,8,2025-07-07 17:25:16.460625803,2025-07-07 17:25:16.660625803,2025-07-07 17:25:16.585625803,RGM_0114571,1,0.0001917636398018,False,False
N005_C0000379,5,2025-07-07 17:25:16.585625803,2025-07-07 17:25:16.635625803,2025-07-07 17:25:16.610625803,RGM_0114574,1,9.417584939039232e-05,False,False
N009_C0000608,9,2025-07-07 17:25:16.585625803,2025-07-07 17:25:16.685625803,2025-07-07 17:25:16.635625803,RGM_0114575,1,0.0001542415193585,False,False
N005_C0000380,5,2025-07-07 17:25:27.010625803,2025-07-07 17:25:27.210625803,2025-07-07 17:25:27.185625803,RGM_0114707,1,0.0001232577094117,False,False
N005_C0000381,5,2025-07-07 17:25:27.685625803,2025-07-07 17:25:27.735625803,2025-07-07 17:25:27.710625803,RGM_0114715,1,1.6756157558111476e-05,False,False
N005_C0000382,5,2025-07-07 17:26:02.060625803,2025-07-07 17:26:03.160625803,2025-07-07 17:26:02.660625803,RGM_0114977,2,0.0004959922949016,False,False
N005_C0000383,5,2025-07-07 17:26:07.785625803,2025-07-07 17:26:08.460625803,2025-07-07 17:26:07.835625803,RGM_0115085,1,0.0002720962229192,False,False
N005_C0000384,5,2025-07-07 17:26:13.835625803,2025-07-07 17:26:16.785625803,2025-07-07 17:26:14.210625803,RGM_0115244,2,0.0006340188594628,False,False
N005_C0000385,5,2025-07-07 17:26:22.535625803,2025-07-07 17:26:23.535625803,2025-07-07 17:26:23.485625803,RGM_0115400,1,0.0002634538830679,False,False
N005_C0000386,5,2025-07-07 17:26:25.710625803,2025-07-07 17:26:26.560625803,2025-07-07 17:26:25.835625803,RGM_0115413,1,0.0003540140668655,False,False
N005_C0000387,5,2025-07-07 17:26:27.835625803,2025-07-07 17:26:29.260625803,2025-07-07 17:26:28.135625803,RGM_0115423,1,0.0004372643357827,False,False
N005_C0000388,5,2025-07-07 17:26:32.410625803,2025-07-07 17:26:32.535625803,2025-07-07 17:26:32.485625803,RGM_0115440,1,0.0001152325418014,False,False
N005_C0000389,5,2025-07-07 17:26:41.710625803,2025-07-07 17:26:43.810625803,2025-07-07 17:26:42.885625803,RGM_0115497,3,0.0006629518924165,False,False
N085_C0004327,85,2025-07-07 17:26:49.710625803,2025-07-07 17:26:51.835625803,2025-07-07 17:26:51.310625803,RGM_0115550,1,0.0004516728264977,False,False
N005_C0000390,5,2025-07-07 17:27:10.409771249,2025-07-07 17:27:11.284771249,2025-07-07 17:27:10.459771249,RGM_0115642,2,0.0001383599690583,False,False
N005_C0000391,5,2025-07-07 17:27:18.209771249,2025-07-07 17:27:18.459771249,2025-07-07 17:27:18.284771249,RGM_0115688,1,7.29473940817878e-05,False,False
N005_C0000392,5,2025-07-07 17:27:22.409771249,2025-07-07 17:27:22.984771249,2025-07-07 17:27:22.484771249,RGM_0115715,1,0.00010364288557,False,False
N000_C0000059,0,2025-07-07 17:27:24.459771249,2025-07-07 17:27:25.459771249,2025-07-07 17:27:24.684771249,RGM_0115736,1,0.0001945699748148,False,False
N005_C0000393,5,2025-07-07 17:27:25.084771249,2025-07-07 17:27:25.609771249,2025-07-07 17:27:25.459771249,RGM_0115740,1,0.0001095258166093,False,False
N005_C0000394,5,2025-07-07 17:27:43.934771249,2025-07-07 17:27:44.459771249,2025-07-07 17:27:44.284771249,RGM_0115886,1,8.186385217463407e-05,False,False
N031_C0001495,31,2025-07-07 17:28:18.184771249,2025-07-07 17:28:18.284771249,2025-07-07 17:28:18.234771249,RGM_0116056,1,0.000367515514136,False,False
N005_C0000395,5,2025-07-07 17:29:22.134771249,2025-07-07 17:29:22.409771249,2025-07-07 17:29:22.209771249,RGM_0116462,1,5.407699920904351e-05,False,False
N005_C0000396,5,2025-07-07 17:29:38.459771249,2025-07-07 17:29:38.684771249,2025-07-07 17:29:38.659771249,RGM_0116545,1,4.9591322748564806e-05,False,False
N009_C0000609,9,2025-07-07 17:30:14.659771249,2025-07-07 17:30:14.709771249,2025-07-07 17:30:14.684771249,RGM_0116827,1,7.366770459910943e-05,False,False
N000_C0000060,0,2025-07-07 17:30:16.159771249,2025-07-07 17:30:16.509771249,2025-07-07 17:30:16.259771249,RGM_0116838,2,6.845816176853647e-05,False,False
N000_C0000061,0,2025-07-07 17:30:16.909771249,2025-07-07 17:30:16.959771249,2025-07-07 17:30:16.934771249,RGM_0116849,1,0.0001494623151467,False,False
N005_C0000397,5,2025-07-07 17:30:16.909771249,2025-07-07 17:30:16.959771249,2025-07-07 17:30:16.934771249,RGM_0116848,1,0.0001790763586286,False,False
N009_C0000610,9,2025-07-07 17:30:16.859771249,2025-07-07 17:30:16.959771249,2025-07-07 17:30:16.934771249,RGM_0116847,1,0.0001864342936494,False,False
N005_C0000398,5,2025-07-07 17:30:25.959771249,2025-07-07 17:30:26.059771249,2025-07-07 17:30:26.034771249,RGM_0116906,1,3.086075951848581e-05,False,False
N006_C0000445,6,2025-07-07 17:31:11.534771249,2025-07-07 17:31:11.584771249,2025-07-07 17:31:11.559771249,RGM_0117041,1,0.0001036580798456,False,False
N009_C0000611,9,2025-07-07 17:31:11.534771249,2025-07-07 17:31:11.634771249,2025-07-07 17:31:11.584771249,RGM_0117046,1,0.0001191787639632,False,False
N031_C0001496,31,2025-07-07 17:31:12.084771249,2025-07-07 17:31:12.184771249,2025-07-07 17:31:12.134771249,RGM_0117055,1,0.000591239301352,False,False
N007_C0000470,7,2025-07-07 17:31:15.734771249,2025-07-07 17:31:15.784771249,2025-07-07 17:31:15.759771249,RGM_0117063,1,7.312950436029074e-05,False,False
N005_C0000399,5,2025-07-07 17:32:58.509771249,2025-07-07 17:32:58.609771249,2025-07-07 17:32:58.559771249,RGM_0117582,1,0.0001092844192405,False,False
N006_C0000446,6,2025-07-07 17:32:58.334771249,2025-07-07 17:32:58.834771249,2025-07-07 17:32:58.584771249,RGM_0117584,2,0.0001566500496995,False,False
N008_C0000520,8,2025-07-07 17:32:58.559771249,2025-07-07 17:32:58.659771249,2025-07-07 17:32:58.609771249,RGM_0117589,1,0.0001450348081701,False,False
N009_C0000612,9,2025-07-07 17:32:58.559771249,2025-07-07 17:32:58.759771249,2025-07-07 17:32:58.609771249,RGM_0117590,1,0.0001567710260186,False,False
N000_C0000062,0,2025-07-07 17:32:58.509771249,2025-07-07 17:32:58.759771249,2025-07-07 17:32:58.659771249,RGM_0117593,4,9.567149915985988e-05,False,False
N010_C0000639,10,2025-07-07 17:32:57.709771249,2025-07-07 17:33:00.209771249,2025-07-07 17:32:58.709771249,RGM_0117596,5,0.0019889031655159,False,False
N006_C0000447,6,2025-07-07 17:32:58.959771249,2025-07-07 17:32:59.009771249,2025-07-07 17:32:58.984771249,RGM_0117598,1,7.244813803801696e-06,False,False
N008_C0000521,8,2025-07-07 17:32:59.409771249,2025-07-07 17:32:59.459771249,2025-07-07 17:32:59.434771249,RGM_0117605,1,2.397772412952779e-05,False,False
N007_C0000471,7,2025-07-07 17:32:58.959771249,2025-07-07 17:32:59.959771249,2025-07-07 17:32:59.459771249,RGM_0117608,2,0.0017261897420656,False,False
N008_C0000522,8,2025-07-07 17:32:59.509771249,2025-07-07 17:32:59.709771249,2025-07-07 17:32:59.609771249,RGM_0117616,3,0.0016365674001859,False,False
N009_C0000613,9,2025-07-07 17:32:59.509771249,2025-07-07 17:32:59.709771249,2025-07-07 17:32:59.609771249,RGM_0117613,2,0.0016365674001859,False,False
N005_C0000400,5,2025-07-07 17:32:59.209771249,2025-07-07 17:33:00.209771249,2025-07-07 17:32:59.709771249,RGM_0117630,1,0.0013182097829784,False,False
N006_C0000448,6,2025-07-07 17:32:59.209771249,2025-07-07 17:33:00.209771249,2025-07-07 17:32:59.709771249,RGM_0117627,5,0.0014947465492427,False,False
N000_C0000063,0,2025-07-07 17:32:59.209771249,2025-07-07 17:33:01.209771249,2025-07-07 17:33:00.209771249,RGM_0117636,2,0.0011261649088756,False,False
N006_C0000449,6,2025-07-07 17:33:00.409771249,2025-07-07 17:33:00.459771249,2025-07-07 17:33:00.434771249,RGM_0117639,1,9.322412110167807e-06,False,False
N006_C0000450,6,2025-07-07 17:33:00.559771249,2025-07-07 17:33:00.609771249,2025-07-07 17:33:00.584771249,RGM_0117640,1,8.96442335752391e-06,False,False
N007_C0000472,7,2025-07-07 17:33:00.559771249,2025-07-07 17:33:00.609771249,2025-07-07 17:33:00.584771249,RGM_0117642,1,9.811223753623204e-06,False,False
N006_C0000451,6,2025-07-07 17:33:00.734771249,2025-07-07 17:33:00.784771249,2025-07-07 17:33:00.759771249,RGM_0117646,1,7.296995568264875e-06,False,False
N006_C0000452,6,2025-07-07 17:33:00.859771249,2025-07-07 17:33:00.959771249,2025-07-07 17:33:00.884771249,RGM_0117648,1,3.542273727138111e-05,False,False
N006_C0000453,6,2025-07-07 17:33:00.984771249,2025-07-07 17:33:01.084771249,2025-07-07 17:33:01.034771249,RGM_0117654,2,3.906654444376772e-05,False,False
N008_C0000523,8,2025-07-07 17:33:00.984771249,2025-07-07 17:33:01.084771249,2025-07-07 17:33:01.034771249,RGM_0117652,1,3.906654444376772e-05,False,False
N009_C0000614,9,2025-07-07 17:33:00.984771249,2025-07-07 17:33:01.084771249,2025-07-07 17:33:01.034771249,RGM_0117651,1,3.906654444376772e-05,False,False
N005_C0000401,5,2025-07-07 17:33:01.034771249,2025-07-07 17:33:01.109771249,2025-07-07 17:33:01.059771249,RGM_0117656,1,3.615508450565242e-05,False,False
N007_C0000473,7,2025-07-07 17:33:01.034771249,2025-07-07 17:33:01.084771249,2025-07-07 17:33:01.059771249,RGM_0117659,1,3.5107423181377e-05,False,False
N006_C0000454,6,2025-07-07 17:33:16.509771249,2025-07-07 17:33:16.559771249,2025-07-07 17:33:16.534771249,RGM_0117900,1,7.938829670688084e-06,False,False
N085_C0004328,85,2025-07-07 17:34:28.684771249,2025-07-07 17:34:28.734771249,2025-07-07 17:34:28.709771249,RGM_0118227,1,2.0522922698116017e-05,False,False
N048_C0002319,48,2025-07-07 17:34:41.084771249,2025-07-07 17:34:41.709771249,2025-07-07 17:34:41.334771249,RGM_0118367,2,0.0004965877565569,False,False
N047_C0002309,47,2025-07-07 17:34:41.484771249,2025-07-07 17:34:41.534771249,2025-07-07 17:34:41.509771249,RGM_0118382,1,0.0004799029124147,False,False
N049_C0002327,49,2025-07-07 17:34:41.484771249,2025-07-07 17:34:41.534771249,2025-07-07 17:34:41.509771249,RGM_0118378,1,0.0002247890575309,False,False
N047_C0002310,47,2025-07-07 17:34:49.309771249,2025-07-07 17:34:49.509771249,2025-07-07 17:34:49.409771249,RGM_0118504,3,0.0003511078786494,False,False
N051_C0002548,51,2025-07-07 17:34:49.709771249,2025-07-07 17:34:50.209771249,2025-07-07 17:34:50.109771249,RGM_0118521,3,0.000768203409551,False,False
N046_C0002296,46,2025-07-07 17:34:49.209771249,2025-07-07 17:34:51.209771249,2025-07-07 17:34:50.134771249,RGM_0118528,3,0.0013333200764637,False,False
N082_C0004294,82,2025-07-07 17:35:05.309771249,2025-07-07 17:35:05.834771249,2025-07-07 17:35:05.434771249,RGM_0118821,1,0.0003469136494042,False,False
N047_C0002311,47,2025-07-07 17:35:14.009771249,2025-07-07 17:35:14.209771249,2025-07-07 17:35:14.109771249,RGM_0118951,1,0.0003350694373037,False,False
N033_C0001775,33,2025-07-07 17:35:23.759771249,2025-07-07 17:35:23.859771249,2025-07-07 17:35:23.809771249,RGM_0119114,1,0.0019842762663141,False,False
N058_C0004223,58,2025-07-07 17:35:29.559771249,2025-07-07 17:35:32.209771249,2025-07-07 17:35:30.259771249,RGM_0119231,1,0.0004924903936889,False,False
N023_C0000854,23,2025-07-07 17:35:39.859771249,2025-07-07 17:35:40.059771249,2025-07-07 17:35:40.009771249,RGM_0119392,1,0.0006876955204487,False,False
N051_C0002549,51,2025-07-07 17:36:14.434771249,2025-07-07 17:36:14.484771249,2025-07-07 17:36:14.459771249,RGM_0119882,1,6.73621729028782e-05,False,False
N058_C0004224,58,2025-07-07 17:38:13.483919337,2025-07-07 17:38:13.833919337,2025-07-07 17:38:13.508919337,RGM_0121255,1,3.214928613348518e-05,False,False
N058_C0004225,58,2025-07-07 17:38:14.408919337,2025-07-07 17:38:16.708919337,2025-07-07 17:38:14.783919337,RGM_0121264,2,0.0009093182238188,False,False
N040_C0002226,40,2025-07-07 17:42:33.183919337,2025-07-07 17:42:33.808919337,2025-07-07 17:42:33.208919337,RGM_0124450,1,6.333936714161327e-05,False,False
N082_C0004295,82,2025-07-07 17:43:59.908919337,2025-07-07 17:44:01.158919337,2025-07-07 17:44:00.583919337,RGM_0125240,1,0.0004152796161311,False,False
N032_C0001672,32,2025-07-07 17:44:05.483919337,2025-07-07 17:44:05.533919337,2025-07-07 17:44:05.508919337,RGM_0125281,1,0.0056643266154937,False,False
N085_C0004329,85,2025-07-07 17:44:06.958919337,2025-07-07 17:44:09.733919337,2025-07-07 17:44:07.883919337,RGM_0125310,1,0.0008856013990103,False,False
N048_C0002320,48,2025-07-07 17:44:52.458919337,2025-07-07 17:44:52.658919337,2025-07-07 17:44:52.558919337,RGM_0125694,3,0.0004717232539833,False,False
N049_C0002328,49,2025-07-07 17:44:52.458919337,2025-07-07 17:44:52.658919337,2025-07-07 17:44:52.558919337,RGM_0125698,1,0.0003469060881271,False,False
N050_C0002347,50,2025-07-07 17:44:52.458919337,2025-07-07 17:44:52.658919337,2025-07-07 17:44:52.558919337,RGM_0125687,1,0.0001931065465813,False,False
N047_C0002312,47,2025-07-07 17:44:52.083919337,2025-07-07 17:44:53.208919337,2025-07-07 17:44:52.708919337,RGM_0125707,2,0.00071028949804,False,False
N033_C0001776,33,2025-07-07 17:45:00.708919337,2025-07-07 17:45:01.708919337,2025-07-07 17:45:01.308919337,RGM_0125783,4,0.0045842438765728,False,False
N030_C0001329,30,2025-07-07 17:45:01.208919337,2025-07-07 17:45:02.208919337,2025-07-07 17:45:01.708919337,RGM_0125791,1,0.0111683611183802,False,False
N058_C0004226,58,2025-07-07 17:45:07.208919337,2025-07-07 17:45:07.708919337,2025-07-07 17:45:07.358919337,RGM_0125836,1,0.0001613319228879,False,False
N029_C0001165,29,2025-07-07 17:46:11.583919337,2025-07-07 17:46:13.708919337,2025-07-07 17:46:11.858919337,RGM_0126359,1,0.0150573580178305,False,False
N029_C0001166,29,2025-07-07 17:47:02.808066942,2025-07-07 17:47:03.108066942,2025-07-07 17:47:02.933066942,RGM_0126729,1,0.0066376079878629,False,False
N029_C0001167,29,2025-07-07 17:47:03.883066942,2025-07-07 17:47:03.983066942,2025-07-07 17:47:03.908066942,RGM_0126738,1,0.005722595774191,False,False
N031_C0001497,31,2025-07-07 17:47:03.883066942,2025-07-07 17:47:03.933066942,2025-07-07 17:47:03.908066942,RGM_0126739,1,0.0057084148338978,False,False
N029_C0001168,29,2025-07-07 17:47:25.333066942,2025-07-07 17:47:25.433066942,2025-07-07 17:47:25.408066942,RGM_0126865,1,0.0023519524443352,False,False
N031_C0001498,31,2025-07-07 17:47:34.933066942,2025-07-07 17:47:35.033066942,2025-07-07 17:47:34.958066942,RGM_0126932,1,0.0026123561983376,False,False
N033_C0001777,33,2025-07-07 17:48:00.233066942,2025-07-07 17:48:03.483066942,2025-07-07 17:48:01.008066942,RGM_0127148,6,0.0060121934081436,False,False
N082_C0004296,82,2025-07-07 17:48:06.408066942,2025-07-07 17:48:07.008066942,2025-07-07 17:48:06.858066942,RGM_0127209,1,0.0004645617547882,False,False
N082_C0004297,82,2025-07-07 17:48:19.708066942,2025-07-07 17:48:21.708066942,2025-07-07 17:48:20.008066942,RGM_0127332,1,0.0006972938925667,False,False
N033_C0001778,33,2025-07-07 17:48:50.258066942,2025-07-07 17:48:50.358066942,2025-07-07 17:48:50.308066942,RGM_0127561,2,0.0006572553052177,False,False
N051_C0002550,51,2025-07-07 17:49:03.783066942,2025-07-07 17:49:03.833066942,2025-07-07 17:49:03.808066942,RGM_0127709,1,8.348370644035066e-05,False,False
N082_C0004298,82,2025-07-07 17:49:10.458066942,2025-07-07 17:49:10.658066942,2025-07-07 17:49:10.558066942,RGM_0127781,1,0.0002172101444969,False,False
N046_C0002297,46,2025-07-07 17:49:13.558066942,2025-07-07 17:49:13.758066942,2025-07-07 17:49:13.658066942,RGM_0127799,1,0.0007030404965627,False,False
N033_C0001779,33,2025-07-07 17:49:18.533066942,2025-07-07 17:49:18.608066942,2025-07-07 17:49:18.558066942,RGM_0127849,1,0.0046616279631262,False,False
N082_C0004299,82,2025-07-07 17:49:21.208066942,2025-07-07 17:49:21.408066942,2025-07-07 17:49:21.358066942,RGM_0127878,1,0.0001320788548801,False,False
N033_C0001780,33,2025-07-07 17:49:41.883066942,2025-07-07 17:49:41.933066942,2025-07-07 17:49:41.908066942,RGM_0128096,2,0.0023565200680568,False,False
N031_C0001499,31,2025-07-07 17:49:49.158066942,2025-07-07 17:49:49.358066942,2025-07-07 17:49:49.258066942,RGM_0128175,1,0.0048569966911166,False,False
N033_C0001781,33,2025-07-07 17:49:47.358066942,2025-07-07 17:49:50.708066942,2025-07-07 17:49:49.308066942,RGM_0128186,9,0.0036546189127931,False,False
N082_C0004300,82,2025-07-07 17:49:56.708066942,2025-07-07 17:49:57.208066942,2025-07-07 17:49:57.133066942,RGM_0128276,1,0.0002298728308066,False,False
N031_C0001500,31,2025-07-07 17:50:01.483066942,2025-07-07 17:50:01.533066942,2025-07-07 17:50:01.508066942,RGM_0128434,1,0.0008938190938128,False,False
N033_C0001782,33,2025-07-07 17:50:01.708066942,2025-07-07 17:50:02.708066942,2025-07-07 17:50:02.083066942,RGM_0128471,1,0.0012421746758396,False,False
N047_C0002313,47,2025-07-07 17:50:03.333066942,2025-07-07 17:50:03.433066942,2025-07-07 17:50:03.358066942,RGM_0128505,1,0.0001810893437556,False,False
N033_C0001783,33,2025-07-07 17:50:04.008066942,2025-07-07 17:50:04.058066942,2025-07-07 17:50:04.033066942,RGM_0128525,1,0.0001140317931578,False,False
N053_C0003275,53,2025-07-07 17:50:28.708066942,2025-07-07 17:50:29.708066942,2025-07-07 17:50:29.458066942,RGM_0128924,1,0.0005713985681183,False,False
N046_C0002298,46,2025-07-07 17:50:29.458066942,2025-07-07 17:50:29.508066942,2025-07-07 17:50:29.483066942,RGM_0128925,1,0.0005198032307165,False,False
N033_C0001784,33,2025-07-07 17:50:29.708066942,2025-07-07 17:50:30.083066942,2025-07-07 17:50:30.058066942,RGM_0128940,1,0.0003395436681896,False,False
N058_C0004227,58,2025-07-07 17:50:31.833066942,2025-07-07 17:50:34.808066942,2025-07-07 17:50:34.108066942,RGM_0128978,1,0.0002494178708463,False,False
N051_C0002551,51,2025-07-07 17:50:46.008066942,2025-07-07 17:50:46.083066942,2025-07-07 17:50:46.058066942,RGM_0129191,1,0.0001642921383223,False,False
N085_C0004330,85,2025-07-07 17:50:46.708066942,2025-07-07 17:50:47.208066942,2025-07-07 17:50:47.133066942,RGM_0129201,1,0.0001613153064045,False,False
N046_C0002299,46,2025-07-07 17:51:00.558066942,2025-07-07 17:51:01.083066942,2025-07-07 17:51:00.833066942,RGM_0129336,3,0.0006205461676026,False,False
N033_C0001785,33,2025-07-07 17:51:01.083066942,2025-07-07 17:51:04.158066942,2025-07-07 17:51:01.533066942,RGM_0129372,18,0.004281145028423,False,False
N033_C0001786,33,2025-07-07 17:51:06.633066942,2025-07-07 17:51:06.733066942,2025-07-07 17:51:06.683066942,RGM_0129427,1,0.0029875071824745,False,False
N082_C0004301,82,2025-07-07 17:51:07.433066942,2025-07-07 17:51:08.433066942,2025-07-07 17:51:07.958066942,RGM_0129434,1,0.000319260599907,False,False
N008_C0000524,8,2025-07-07 17:51:09.108066942,2025-07-07 17:51:09.308066942,2025-07-07 17:51:09.208066942,RGM_0129481,1,0.00023277634405,False,False
N051_C0002552,51,2025-07-07 17:51:13.808066942,2025-07-07 17:51:14.008066942,2025-07-07 17:51:13.883066942,RGM_0129538,1,0.0004579864214711,False,False
N033_C0001787,33,2025-07-07 17:51:21.458066942,2025-07-07 17:51:21.958066942,2025-07-07 17:51:21.583066942,RGM_0129621,4,0.0027460763339514,False,False
N051_C0002553,51,2025-07-07 17:51:48.583066942,2025-07-07 17:51:48.683066942,2025-07-07 17:51:48.608066942,RGM_0129868,1,0.0008033160845551,False,False
N029_C0001169,29,2025-07-07 17:52:05.158066942,2025-07-07 17:52:05.258066942,2025-07-07 17:52:05.208066942,RGM_0130091,1,0.0045507301291437,False,False
N033_C0001788,33,2025-07-07 18:09:14.387490413,2025-07-07 18:09:15.387490413,2025-07-07 18:09:15.087490413,RGM_0154177,3,0.0036804996782893,False,False
N032_C0001673,32,2025-07-07 18:09:14.887490413,2025-07-07 18:09:15.512490413,2025-07-07 18:09:15.112490413,RGM_0154180,1,0.0040097362984868,False,False
N033_C0001789,33,2025-07-07 18:09:18.137490413,2025-07-07 18:09:21.637490413,2025-07-07 18:09:20.637490413,RGM_0154238,6,0.0057519512944255,False,False
N045_C0002281,45,2025-07-07 18:09:23.337490413,2025-07-07 18:09:23.537490413,2025-07-07 18:09:23.437490413,RGM_0154304,1,9.328385311871115e-05,False,False
N045_C0002282,45,2025-07-07 18:09:26.812490413,2025-07-07 18:09:26.862490413,2025-07-07 18:09:26.837490413,RGM_0154431,1,3.4085579792551e-06,False,False
N000_C0000064,0,2025-07-07 18:09:26.937490413,2025-07-07 18:09:27.062490413,2025-07-07 18:09:26.987490413,RGM_0154435,5,4.7325505320991816e-05,False,False
N018_C0000675,18,2025-07-07 18:09:26.887490413,2025-07-07 18:09:27.087490413,2025-07-07 18:09:26.987490413,RGM_0154432,1,7.02605435210948e-05,False,False
N019_C0000701,19,2025-07-07 18:09:26.887490413,2025-07-07 18:09:27.087490413,2025-07-07 18:09:26.987490413,RGM_0154433,2,8.377538852905653e-05,False,False
N021_C0000719,21,2025-07-07 18:09:26.987490413,2025-07-07 18:09:27.087490413,2025-07-07 18:09:27.037490413,RGM_0154437,1,7.409396368417378e-05,False,False
N022_C0000755,22,2025-07-07 18:09:26.987490413,2025-07-07 18:09:27.087490413,2025-07-07 18:09:27.037490413,RGM_0154441,2,7.409396368417378e-05,False,False
N022_C0000756,22,2025-07-07 18:09:27.537490413,2025-07-07 18:09:27.662490413,2025-07-07 18:09:27.612490413,RGM_0154444,1,8.146346764566993e-05,False,False
N000_C0000065,0,2025-07-07 18:09:27.587490413,2025-07-07 18:09:27.787490413,2025-07-07 18:09:27.687490413,RGM_0154451,4,7.881575077506187e-05,False,False
N017_C0000666,17,2025-07-07 18:09:27.587490413,2025-07-07 18:09:27.787490413,2025-07-07 18:09:27.687490413,RGM_0154450,1,6.033850528129633e-05,False,False
N019_C0000702,19,2025-07-07 18:09:27.587490413,2025-07-07 18:09:27.787490413,2025-07-07 18:09:27.687490413,RGM_0154449,1,0.0001295494264507,False,False
N020_C0000714,20,2025-07-07 18:09:27.587490413,2025-07-07 18:09:27.787490413,2025-07-07 18:09:27.687490413,RGM_0154447,1,0.0001295494264507,False,False
N021_C0000720,21,2025-07-07 18:09:27.587490413,2025-07-07 18:09:27.787490413,2025-07-07 18:09:27.687490413,RGM_0154448,1,0.0001295494264507,False,False
N022_C0000757,22,2025-07-07 18:09:27.687490413,2025-07-07 18:09:27.887490413,2025-07-07 18:09:27.787490413,RGM_0154454,1,8.497727151523057e-05,False,False
N034_C0002165,34,2025-07-07 18:09:27.787490413,2025-07-07 18:09:27.887490413,2025-07-07 18:09:27.837490413,RGM_0154455,1,1.2948179930733862e-05,False,False
N000_C0000066,0,2025-07-07 18:09:27.962490413,2025-07-07 18:09:28.037490413,2025-07-07 18:09:27.987490413,RGM_0154456,1,5.3793769309853504e-05,False,False
N010_C0000640,10,2025-07-07 18:09:28.587490413,2025-07-07 18:09:28.637490413,2025-07-07 18:09:28.612490413,RGM_0154856,1,1.829288322404066e-05,False,False
N023_C0000855,23,2025-07-07 18:09:28.587490413,2025-07-07 18:09:28.712490413,2025-07-07 18:09:28.612490413,RGM_0154868,2,3.0300572163921546e-05,False,False
N019_C0000703,19,2025-07-07 18:09:28.662490413,2025-07-07 18:09:28.762490413,2025-07-07 18:09:28.712490413,RGM_0154937,1,7.774478093660888e-05,False,False
N021_C0000721,21,2025-07-07 18:09:28.662490413,2025-07-07 18:09:28.762490413,2025-07-07 18:09:28.712490413,RGM_0154940,1,7.774478093660888e-05,False,False
N039_C0002216,39,2025-07-07 18:09:28.687490413,2025-07-07 18:09:28.737490413,2025-07-07 18:09:28.712490413,RGM_0154938,2,6.902457797576803e-06,False,False
N072_C0004254,72,2025-07-07 18:09:28.687490413,2025-07-07 18:09:28.787490413,2025-07-07 18:09:28.737490413,RGM_0154941,1,1.5651393272816307e-05,True,True
N000_C0000067,0,2025-07-07 18:09:28.737490413,2025-07-07 18:09:28.837490413,2025-07-07 18:09:28.787490413,RGM_0154943,1,3.70728035937598e-05,False,False
N022_C0000758,22,2025-07-07 18:09:28.737490413,2025-07-07 18:09:28.837490413,2025-07-07 18:09:28.787490413,RGM_0154944,2,8.075208742776897e-05,False,False
N023_C0000856,23,2025-07-07 18:09:28.787490413,2025-07-07 18:09:28.837490413,2025-07-07 18:09:28.812490413,RGM_0154945,1,1.14409142730456e-05,False,False
N024_C0001071,24,2025-07-07 18:09:28.912490413,2025-07-07 18:09:28.962490413,2025-07-07 18:09:28.937490413,RGM_0154947,1,1.1554836875712495e-05,False,False
N019_C0000704,19,2025-07-07 18:09:28.937490413,2025-07-07 18:09:29.037490413,2025-07-07 18:09:28.987490413,RGM_0154948,1,7.449619897793118e-05,False,False
N017_C0000667,17,2025-07-07 18:09:28.787490413,2025-07-07 18:09:29.137490413,2025-07-07 18:09:29.037490413,RGM_0154951,2,6.442478015369081e-05,False,False
N021_C0000722,21,2025-07-07 18:09:28.937490413,2025-07-07 18:09:29.137490413,2025-07-07 18:09:29.037490413,RGM_0154949,1,0.0001433089270255,False,False
N034_C0002166,34,2025-07-07 18:09:29.012490413,2025-07-07 18:09:29.137490413,2025-07-07 18:09:29.087490413,RGM_0154958,2,3.066155204293247e-05,False,False
N039_C0002217,39,2025-07-07 18:09:29.012490413,2025-07-07 18:09:29.137490413,2025-07-07 18:09:29.087490413,RGM_0154956,3,3.066155204293247e-05,False,False
N020_C0000715,20,2025-07-07 18:09:29.062490413,2025-07-07 18:09:29.162490413,2025-07-07 18:09:29.112490413,RGM_0154959,1,8.468930293169515e-05,False,False
N022_C0000759,22,2025-07-07 18:09:29.062490413,2025-07-07 18:09:29.162490413,2025-07-07 18:09:29.112490413,RGM_0154961,4,8.468930293169515e-05,False,False
N091_C0004337,91,2025-07-07 18:09:29.087490413,2025-07-07 18:09:29.137490413,2025-07-07 18:09:29.112490413,RGM_0154963,1,8.708523715652244e-06,True,True
N036_C0002189,36,2025-07-07 18:09:29.037490413,2025-07-07 18:09:29.237490413,2025-07-07 18:09:29.137490413,RGM_0154966,1,5.445461874383279e-05,False,False
N057_C0004157,57,2025-07-07 18:09:29.087490413,2025-07-07 18:09:29.187490413,2025-07-07 18:09:29.137490413,RGM_0154967,4,2.317079156583276e-05,False,False
N022_C0000760,22,2025-07-07 18:09:29.362490413,2025-07-07 18:09:29.462490413,2025-07-07 18:09:29.387490413,RGM_0154989,2,6.434438312180728e-05,False,False
N034_C0002167,34,2025-07-07 18:09:29.262490413,2025-07-07 18:09:29.762490413,2025-07-07 18:09:29.512490413,RGM_0154992,1,0.0001172210156996,False,False
N023_C0000857,23,2025-07-07 18:09:29.512490413,2025-07-07 18:09:29.637490413,2025-07-07 18:09:29.612490413,RGM_0154993,1,2.9737784834334268e-05,False,False
N039_C0002218,39,2025-07-07 18:09:29.537490413,2025-07-07 18:09:29.737490413,2025-07-07 18:09:29.637490413,RGM_0154994,1,6.872929788341767e-05,False,False
N085_C0004331,85,2025-07-07 18:09:43.637490413,2025-07-07 18:09:45.637490413,2025-07-07 18:09:44.412490413,RGM_0155073,1,0.003199360501717,False,False
N051_C0002554,51,2025-07-07 18:10:59.037490413,2025-07-07 18:10:59.237490413,2025-07-07 18:10:59.137490413,RGM_0155393,1,0.0002417737640961,False,False
N051_C0002555,51,2025-07-07 18:10:59.737490413,2025-07-07 18:10:59.837490413,2025-07-07 18:10:59.812490413,RGM_0155398,1,1.8844733105432525e-05,False,False
N000_C0000068,0,2025-07-07 18:14:07.387490413,2025-07-07 18:14:09.637490413,2025-07-07 18:14:07.837490413,RGM_0156157,3,0.0006895592674217,False,False
N000_C0000069,0,2025-07-07 18:14:17.062490413,2025-07-07 18:14:19.137490413,2025-07-07 18:14:18.137490413,RGM_0156194,4,0.0009679502143774,False,False
N001_C0000075,1,2025-07-07 18:14:18.137490413,2025-07-07 18:14:18.337490413,2025-07-07 18:14:18.187490413,RGM_0156196,1,0.000479847475297,False,False
N011_C0000648,11,2025-07-07 18:17:35.861619218,2025-07-07 18:17:35.986619218,2025-07-07 18:17:35.936619218,RGM_0157021,1,0.0002356782421695,False,False
N011_C0000649,11,2025-07-07 18:17:37.636619218,2025-07-07 18:17:38.636619218,2025-07-07 18:17:37.936619218,RGM_0157028,1,0.0009730187569324,False,False
N011_C0000650,11,2025-07-07 18:17:45.386619218,2025-07-07 18:17:46.886619218,2025-07-07 18:17:46.536619218,RGM_0157069,2,0.0004174312366958,False,False
N000_C0000070,0,2025-07-07 18:19:21.136619218,2025-07-07 18:19:22.386619218,2025-07-07 18:19:22.061619218,RGM_0157435,1,0.0002900449522564,False,False
N000_C0000071,0,2025-07-07 18:32:06.510747168,2025-07-07 18:32:07.385747168,2025-07-07 18:32:07.010747168,RGM_0163842,1,0.0001664070541938,False,False
N023_C0000858,23,2025-07-07 18:34:54.235747168,2025-07-07 18:34:54.335747168,2025-07-07 18:34:54.285747168,RGM_0164520,1,0.0001558391097509,False,False
N029_C0001170,29,2025-07-07 18:34:54.185747168,2025-07-07 18:34:54.385747168,2025-07-07 18:34:54.285747168,RGM_0164522,1,0.0009237535454412,False,False
N023_C0000859,23,2025-07-07 18:37:07.634872188,2025-07-07 18:37:09.634872188,2025-07-07 18:37:08.634872188,RGM_0165431,1,0.0012250530887804,False,False
N024_C0001072,24,2025-07-07 18:37:07.634872188,2025-07-07 18:37:09.634872188,2025-07-07 18:37:08.634872188,RGM_0165429,1,0.0012250530887804,False,False
N033_C0001790,33,2025-07-07 18:37:07.634872188,2025-07-07 18:37:09.634872188,2025-07-07 18:37:08.634872188,RGM_0165427,1,0.0010146273097093,False,False
N036_C0002190,36,2025-07-07 18:37:07.634872188,2025-07-07 18:37:09.634872188,2025-07-07 18:37:08.634872188,RGM_0165428,1,0.0010146273097093,False,False
N023_C0000860,23,2025-07-07 18:37:10.134872188,2025-07-07 18:37:12.134872188,2025-07-07 18:37:11.134872188,RGM_0165639,1,0.0007149417317326,False,False
N023_C0000861,23,2025-07-07 18:37:23.634872188,2025-07-07 18:37:25.634872188,2025-07-07 18:37:24.634872188,RGM_0165817,2,0.0006551617574202,False,False
N024_C0001073,24,2025-07-07 18:37:23.634872188,2025-07-07 18:37:25.634872188,2025-07-07 18:37:24.634872188,RGM_0165816,1,0.0006551617574202,False,False
N033_C0001791,33,2025-07-07 18:37:23.634872188,2025-07-07 18:37:25.634872188,2025-07-07 18:37:24.634872188,RGM_0165819,1,0.0005363570337565,False,False
N023_C0000862,23,2025-07-07 18:37:26.884872188,2025-07-07 18:37:27.884872188,2025-07-07 18:37:27.384872188,RGM_0165941,1,0.0002809203309217,False,False
N022_C0000761,22,2025-07-07 18:37:41.284872188,2025-07-07 18:37:41.359872188,2025-07-07 18:37:41.309872188,RGM_0166008,1,1.774673701429507e-05,False,False
N023_C0000863,23,2025-07-07 18:37:44.309872188,2025-07-07 18:37:44.359872188,2025-07-07 18:37:44.334872188,RGM_0166295,2,2.1809212773088032e-05,False,False
N024_C0001074,24,2025-07-07 18:37:43.884872188,2025-07-07 18:37:44.884872188,2025-07-07 18:37:44.384872188,RGM_0166302,1,0.0010401667205353,False,False
N025_C0001085,25,2025-07-07 18:37:43.884872188,2025-07-07 18:37:44.884872188,2025-07-07 18:37:44.384872188,RGM_0166303,1,0.0010401667205353,False,False
N033_C0001792,33,2025-07-07 18:37:43.884872188,2025-07-07 18:37:44.884872188,2025-07-07 18:37:44.384872188,RGM_0166314,3,0.0008887103712327,False,False
N036_C0002191,36,2025-07-07 18:37:43.884872188,2025-07-07 18:37:44.884872188,2025-07-07 18:37:44.384872188,RGM_0166316,1,0.0008887103712327,False,False
N037_C0002202,37,2025-07-07 18:37:43.884872188,2025-07-07 18:37:44.884872188,2025-07-07 18:37:44.384872188,RGM_0166310,1,0.0008887103712327,False,False
N038_C0002209,38,2025-07-07 18:37:43.884872188,2025-07-07 18:37:44.884872188,2025-07-07 18:37:44.384872188,RGM_0166309,1,0.0008887103712327,False,False
N039_C0002219,39,2025-07-07 18:37:43.884872188,2025-07-07 18:37:44.884872188,2025-07-07 18:37:44.384872188,RGM_0166312,2,0.0003856512541996,False,False
N040_C0002227,40,2025-07-07 18:37:43.884872188,2025-07-07 18:37:44.884872188,2025-07-07 18:37:44.384872188,RGM_0166299,1,0.0003856512541996,False,False
N041_C0002234,41,2025-07-07 18:37:43.884872188,2025-07-07 18:37:44.884872188,2025-07-07 18:37:44.384872188,RGM_0166300,1,0.0003322974629823,False,False
N022_C0000762,22,2025-07-07 18:37:56.134872188,2025-07-07 18:37:58.134872188,2025-07-07 18:37:57.084872188,RGM_0166367,3,0.0004535275382544,False,False
N023_C0000864,23,2025-07-07 18:37:56.134872188,2025-07-07 18:37:58.134872188,2025-07-07 18:37:57.134872188,RGM_0166368,4,0.0003704912467212,False,False
N025_C0001086,25,2025-07-07 18:37:56.134872188,2025-07-07 18:37:58.134872188,2025-07-07 18:37:57.134872188,RGM_0166372,1,0.0004535275382544,False,False
N033_C0001793,33,2025-07-07 18:37:56.134872188,2025-07-07 18:37:58.134872188,2025-07-07 18:37:57.134872188,RGM_0166371,1,0.0004024070248198,False,False
N024_C0001075,24,2025-07-07 18:37:56.884872188,2025-07-07 18:37:57.884872188,2025-07-07 18:37:57.384872188,RGM_0166378,4,0.0003750175818835,False,False
N027_C0001125,27,2025-07-07 18:37:57.684872188,2025-07-07 18:37:57.734872188,2025-07-07 18:37:57.709872188,RGM_0166457,1,2.4418623378502795e-05,False,False
N026_C0001098,26,2025-07-07 18:40:38.409872188,2025-07-07 18:40:38.459872188,2025-07-07 18:40:38.434872188,RGM_0167636,1,2.0197043786527443e-05,False,False
N026_C0001099,26,2025-07-07 18:40:38.909872188,2025-07-07 18:40:38.959872188,2025-07-07 18:40:38.934872188,RGM_0167653,1,1.4944647538787693e-05,False,False
N022_C0000763,22,2025-07-07 18:40:38.134872188,2025-07-07 18:40:40.134872188,2025-07-07 18:40:39.134872188,RGM_0167664,2,0.0010153427318393,False,False
N024_C0001076,24,2025-07-07 18:40:38.134872188,2025-07-07 18:40:40.134872188,2025-07-07 18:40:39.134872188,RGM_0167658,2,0.0007847548460997,False,False
N025_C0001087,25,2025-07-07 18:40:38.134872188,2025-07-07 18:40:40.134872188,2025-07-07 18:40:39.134872188,RGM_0167660,2,0.0012322906974373,False,False
N027_C0001126,27,2025-07-07 18:40:38.134872188,2025-07-07 18:40:40.134872188,2025-07-07 18:40:39.134872188,RGM_0167667,5,0.0012926476873457,False,False
N028_C0001137,28,2025-07-07 18:40:38.134872188,2025-07-07 18:40:40.134872188,2025-07-07 18:40:39.134872188,RGM_0167666,2,0.0012926476873457,False,False
N037_C0002203,37,2025-07-07 18:40:38.134872188,2025-07-07 18:40:40.134872188,2025-07-07 18:40:39.134872188,RGM_0167661,2,0.0003724333384539,False,False
N038_C0002210,38,2025-07-07 18:40:38.134872188,2025-07-07 18:40:40.634872188,2025-07-07 18:40:39.134872188,RGM_0167662,2,0.0004160022325568,False,False
N023_C0000865,23,2025-07-07 18:40:38.884872188,2025-07-07 18:40:39.884872188,2025-07-07 18:40:39.209872188,RGM_0167681,5,0.0011073424427867,False,False
N033_C0001794,33,2025-07-07 18:40:38.134872188,2025-07-07 18:40:40.134872188,2025-07-07 18:40:39.384872188,RGM_0167688,8,0.0004292810191639,False,False
N027_C0001127,27,2025-07-07 18:40:40.609872188,2025-07-07 18:40:40.659872188,2025-07-07 18:40:40.634872188,RGM_0167964,1,1.4446286894784132e-05,False,False
N024_C0001077,24,2025-07-07 18:44:01.884872188,2025-07-07 18:44:02.884872188,2025-07-07 18:44:02.384872188,RGM_0168828,1,0.0002121678909391,False,False
N022_C0000764,22,2025-07-07 18:44:01.884872188,2025-07-07 18:44:02.884872188,2025-07-07 18:44:02.459872188,RGM_0168830,1,0.0006663369449006,False,False
N027_C0001128,27,2025-07-07 18:44:02.409872188,2025-07-07 18:44:03.434872188,2025-07-07 18:44:02.459872188,RGM_0168831,1,0.0001726524446223,False,False
N023_C0000866,23,2025-07-07 18:54:57.633998196,2025-07-07 18:54:59.133998196,2025-07-07 18:54:58.458998196,RGM_0171653,1,0.0002040637374854,False,False
N011_C0000651,11,2025-07-07 18:55:58.133998196,2025-07-07 18:56:00.383998196,2025-07-07 18:55:59.583998196,RGM_0171937,1,0.0016487959034906,False,False
N023_C0000867,23,2025-07-07 18:57:32.133123038,2025-07-07 18:57:34.133123038,2025-07-07 18:57:33.133123038,RGM_0172382,2,0.0008803119575224,False,False
N023_C0000868,23,2025-07-07 19:00:01.133123038,2025-07-07 19:00:02.133123038,2025-07-07 19:00:01.633123038,RGM_0173139,1,0.0006715751653577,False,False
N011_C0000652,11,2025-07-07 19:03:05.733123038,2025-07-07 19:03:06.883123038,2025-07-07 19:03:06.008123038,RGM_0174532,1,0.0005509994762636,False,False
N023_C0000869,23,2025-07-07 19:23:44.127656410,2025-07-07 19:23:44.227656410,2025-07-07 19:23:44.177656410,RGM_0181003,1,0.0002738879204754,False,False
N019_C0000705,19,2025-07-07 19:23:57.277656410,2025-07-07 19:23:57.377656410,2025-07-07 19:23:57.327656410,RGM_0181096,1,0.0001990119091653,False,False
N020_C0000716,20,2025-07-07 19:23:57.252656410,2025-07-07 19:23:57.452656410,2025-07-07 19:23:57.327656410,RGM_0181094,1,0.0002552158922821,False,False
N021_C0000723,21,2025-07-07 19:23:57.302656410,2025-07-07 19:23:57.352656410,2025-07-07 19:23:57.327656410,RGM_0181102,1,0.0001330151926849,False,False
N023_C0000870,23,2025-07-07 19:24:01.952656410,2025-07-07 19:24:03.952656410,2025-07-07 19:24:02.952656410,RGM_0181183,4,0.0007034160665491,False,False
N051_C0002556,51,2025-07-07 19:32:04.376776721,2025-07-07 19:32:04.426776721,2025-07-07 19:32:04.401776721,RGM_0189541,1,3.652854287222758e-05,False,False
N111_C0004375,111,2025-07-07 19:41:10.450893389,2025-07-07 19:41:11.450893389,2025-07-07 19:41:10.700893389,RGM_0192374,1,5.904364035108821e-05,False,False
N024_C0001078,24,2025-07-07 19:42:27.950893389,2025-07-07 19:42:29.200893389,2025-07-07 19:42:28.450893389,RGM_0192702,2,0.000473846739057,False,False
N025_C0001088,25,2025-07-07 19:42:26.950893389,2025-07-07 19:42:28.950893389,2025-07-07 19:42:28.450893389,RGM_0192700,1,0.000535254581819,False,False
N022_C0000765,22,2025-07-07 19:42:28.450893389,2025-07-07 19:42:28.950893389,2025-07-07 19:42:28.700893389,RGM_0192739,2,0.0003124063674558,False,False
N023_C0000871,23,2025-07-07 19:42:28.200893389,2025-07-07 19:42:29.200893389,2025-07-07 19:42:28.700893389,RGM_0192741,2,0.0004730308362014,False,False
N111_C0004376,111,2025-07-07 19:43:38.950893389,2025-07-07 19:43:40.950893389,2025-07-07 19:43:40.150893389,RGM_0193094,1,0.0003073443510909,False,False
N032_C0001674,32,2025-07-07 19:44:54.225893389,2025-07-07 19:44:54.325893389,2025-07-07 19:44:54.275893389,RGM_0193450,1,0.0008676103134455,False,False
N111_C0004377,111,2025-07-07 19:46:27.450893389,2025-07-07 19:46:29.700893389,2025-07-07 19:46:28.850893389,RGM_0193892,3,9.47410181580331e-05,False,False
N111_C0004378,111,2025-07-07 19:46:30.200893389,2025-07-07 19:46:30.250893389,2025-07-07 19:46:30.225893389,RGM_0193898,1,2.3643158998639217e-06,False,False
N111_C0004379,111,2025-07-07 19:48:06.950010794,2025-07-07 19:48:08.950010794,2025-07-07 19:48:07.225010794,RGM_0194342,1,0.0001894109406531,False,False
N111_C0004380,111,2025-07-07 19:48:18.475010794,2025-07-07 19:48:18.525010794,2025-07-07 19:48:18.500010794,RGM_0194402,1,6.168263725811233e-06,False,False
N111_C0004381,111,2025-07-07 19:48:19.125010794,2025-07-07 19:48:19.175010794,2025-07-07 19:48:19.150010794,RGM_0194412,1,2.902156387148372e-06,False,False
N111_C0004382,111,2025-07-07 19:48:19.450010794,2025-07-07 19:48:21.450010794,2025-07-07 19:48:19.925010794,RGM_0194417,2,0.000184232621911,False,False
N051_C0002557,51,2025-07-07 20:02:53.524128168,2025-07-07 20:02:53.624128168,2025-07-07 20:02:53.549128168,RGM_0201318,4,3.086821004484491e-05,False,False
N051_C0002558,51,2025-07-07 20:03:19.374128168,2025-07-07 20:03:19.474128168,2025-07-07 20:03:19.424128168,RGM_0201524,1,2.240400589202013e-05,False,False
N105_C0004341,105,2025-07-07 20:11:33.148245685,2025-07-07 20:11:34.998245685,2025-07-07 20:11:34.198245685,RGM_0206098,1,0.0002311240105482,False,False
N111_C0004383,111,2025-07-07 20:19:57.825857137,2025-07-07 20:20:00.825857137,2025-07-07 20:19:58.325857137,RGM_0213384,1,0.0002682696741118,False,False
N111_C0004384,111,2025-07-07 20:23:26.825857137,2025-07-07 20:23:28.325857137,2025-07-07 20:23:27.725857137,RGM_0216394,1,8.849811764171896e-05,False,False
N054_C0003443,54,2025-07-07 20:24:56.375857137,2025-07-07 20:24:56.425857137,2025-07-07 20:24:56.400857137,RGM_0218295,1,7.397770746943805e-05,False,False
N056_C0004118,56,2025-07-07 20:24:56.375857137,2025-07-07 20:24:56.425857137,2025-07-07 20:24:56.400857137,RGM_0218297,1,6.168869086721199e-05,False,False
N051_C0002559,51,2025-07-07 20:30:06.574975223,2025-07-07 20:30:08.574975223,2025-07-07 20:30:07.599975223,RGM_0225879,1,0.0003707890158984,False,False
N057_C0004158,57,2025-07-07 20:30:07.574975223,2025-07-07 20:30:07.624975223,2025-07-07 20:30:07.599975223,RGM_0225882,1,4.180053101793327e-05,False,False
N057_C0004159,57,2025-07-07 20:30:38.924975223,2025-07-07 20:30:39.024975223,2025-07-07 20:30:38.999975223,RGM_0226585,1,2.9368076257279e-05,False,False
N055_C0003841,55,2025-07-07 20:30:48.849975223,2025-07-07 20:30:48.899975223,2025-07-07 20:30:48.874975223,RGM_0226803,1,5.778170417714734e-05,False,False
N056_C0004119,56,2025-07-07 20:30:48.674975223,2025-07-07 20:30:49.249975223,2025-07-07 20:30:48.874975223,RGM_0226801,3,9.756409760791584e-05,False,False
N057_C0004160,57,2025-07-07 20:30:51.374975223,2025-07-07 20:30:51.424975223,2025-07-07 20:30:51.399975223,RGM_0226836,1,2.2702732024052276e-05,False,False
N051_C0002560,51,2025-07-07 20:35:14.649975223,2025-07-07 20:35:14.749975223,2025-07-07 20:35:14.699975223,RGM_0233870,1,0.0001548897191542,False,False
N054_C0003444,54,2025-07-07 20:37:25.824091202,2025-07-07 20:37:26.024091202,2025-07-07 20:37:25.924091202,RGM_0236393,1,0.0001547338937192,False,False
N055_C0003842,55,2025-07-07 20:37:25.899091202,2025-07-07 20:37:25.949091202,2025-07-07 20:37:25.924091202,RGM_0236389,1,9.595978217961273e-05,False,False
N051_C0002561,51,2025-07-07 20:37:25.899091202,2025-07-07 20:37:25.999091202,2025-07-07 20:37:25.949091202,RGM_0236397,2,0.0001530054276203,False,False
N051_C0002562,51,2025-07-07 20:39:45.424091202,2025-07-07 20:39:45.474091202,2025-07-07 20:39:45.449091202,RGM_0238819,1,0.0001061915797003,False,False
N102_C0004338,102,2025-07-07 20:43:00.449091202,2025-07-07 20:43:00.949091202,2025-07-07 20:43:00.749091202,RGM_0243114,3,0.0001570757242891,True,True
N057_C0004161,57,2025-07-07 20:43:57.649091202,2025-07-07 20:43:57.749091202,2025-07-07 20:43:57.699091202,RGM_0244129,2,2.944785308675128e-05,False,False
N061_C0004250,61,2025-07-07 20:43:57.674091202,2025-07-07 20:43:57.724091202,2025-07-07 20:43:57.699091202,RGM_0244126,1,1.7312181511946782e-05,False,False
N057_C0004162,57,2025-07-07 20:43:57.824091202,2025-07-07 20:43:57.874091202,2025-07-07 20:43:57.849091202,RGM_0244145,1,8.9516359623172e-06,False,False
N060_C0004235,60,2025-07-07 20:43:57.574091202,2025-07-07 20:43:58.574091202,2025-07-07 20:43:58.099091202,RGM_0244148,2,0.000222808513095,False,False
N051_C0002563,51,2025-07-07 20:50:02.448203944,2025-07-07 20:50:02.948203944,2025-07-07 20:50:02.723203944,RGM_0249705,2,8.365831644815741e-05,False,False
N051_C0002564,51,2025-07-07 20:50:03.523203944,2025-07-07 20:50:03.573203944,2025-07-07 20:50:03.548203944,RGM_0249714,1,4.267379639696034e-05,False,False
N054_C0003445,54,2025-07-07 20:50:03.323203944,2025-07-07 20:50:04.323203944,2025-07-07 20:50:03.823203944,RGM_0249716,2,0.0049540411209546,False,False
N060_C0004236,60,2025-07-07 20:50:03.323203944,2025-07-07 20:50:04.323203944,2025-07-07 20:50:03.823203944,RGM_0249718,2,0.0007177201518924,False,False
N061_C0004251,61,2025-07-07 20:50:03.823203944,2025-07-07 20:50:04.323203944,2025-07-07 20:50:04.073203944,RGM_0249732,2,0.0009580345718145,False,False
N051_C0002565,51,2025-07-07 20:50:03.848203944,2025-07-07 20:50:04.448203944,2025-07-07 20:50:04.198203944,RGM_0249760,8,0.0068034340022392,False,False
N055_C0003843,55,2025-07-07 20:50:04.148203944,2025-07-07 20:50:04.248203944,2025-07-07 20:50:04.198203944,RGM_0249759,1,0.0032394736673643,False,False
N056_C0004120,56,2025-07-07 20:50:03.948203944,2025-07-07 20:50:04.448203944,2025-07-07 20:50:04.198203944,RGM_0249752,1,0.0024870433222465,False,False
N051_C0002566,51,2025-07-07 20:50:04.848203944,2025-07-07 20:50:04.948203944,2025-07-07 20:50:04.898203944,RGM_0249777,1,0.0001139342382292,False,False
N057_C0004163,57,2025-07-07 20:50:02.573203944,2025-07-07 20:50:06.073203944,2025-07-07 20:50:05.073203944,RGM_0249780,22,0.001590231169027,False,False
N051_C0002567,51,2025-07-07 20:50:05.148203944,2025-07-07 20:50:05.198203944,2025-07-07 20:50:05.173203944,RGM_0249781,1,2.2055370557552848e-05,False,False
N054_C0003446,54,2025-07-07 20:50:05.548203944,2025-07-07 20:50:05.648203944,2025-07-07 20:50:05.598203944,RGM_0249786,1,4.013526012312379e-05,False,False
N053_C0003276,53,2025-07-07 20:50:05.598203944,2025-07-07 20:50:05.648203944,2025-07-07 20:50:05.623203944,RGM_0249788,1,6.52855704036509e-05,False,False
N051_C0002568,51,2025-07-07 20:50:05.598203944,2025-07-07 20:50:05.723203944,2025-07-07 20:50:05.648203944,RGM_0249791,1,9.750331618184675e-05,False,False
N052_C0003067,52,2025-07-07 20:50:05.623203944,2025-07-07 20:50:05.723203944,2025-07-07 20:50:05.673203944,RGM_0249792,1,0.0001111117929086,False,False
N108_C0004343,108,2025-07-07 20:59:51.572315687,2025-07-07 20:59:54.447315687,2025-07-07 20:59:53.497315687,RGM_0258320,2,0.0008672080485356,False,False
N108_C0004344,108,2025-07-07 20:59:54.797315687,2025-07-07 20:59:56.197315687,2025-07-07 20:59:54.822315687,RGM_0258347,1,9.761137514840728e-05,False,False
N057_C0004164,57,2025-07-07 21:04:34.572315687,2025-07-07 21:04:35.272315687,2025-07-07 21:04:35.047315687,RGM_0261831,1,0.0002123030730675,False,False
N082_C0004302,82,2025-07-07 21:06:24.347315687,2025-07-07 21:06:24.572315687,2025-07-07 21:06:24.422315687,RGM_0262591,1,0.000370154879129,False,False
N060_C0004237,60,2025-07-07 21:09:05.171426432,2025-07-07 21:09:05.696426432,2025-07-07 21:09:05.346426432,RGM_0265729,1,9.497128359885124e-05,False,False
N060_C0004238,60,2025-07-07 21:09:34.921426432,2025-07-07 21:09:36.071426432,2025-07-07 21:09:35.596426432,RGM_0266522,1,0.0002151101134693,False,False
N060_C0004239,60,2025-07-07 21:10:04.946426432,2025-07-07 21:10:06.071426432,2025-07-07 21:10:05.346426432,RGM_0266906,1,0.0001498398008072,False,False
N082_C0004303,82,2025-07-07 21:16:44.496426432,2025-07-07 21:16:44.546426432,2025-07-07 21:16:44.521426432,RGM_0273583,1,0.0001082724833654,False,False
N057_C0004165,57,2025-07-07 21:18:28.445538780,2025-07-07 21:18:28.945538780,2025-07-07 21:18:28.670538780,RGM_0274460,1,0.0001684161102274,False,False
N057_C0004166,57,2025-07-07 21:21:26.570538780,2025-07-07 21:21:27.070538780,2025-07-07 21:21:26.820538780,RGM_0276622,2,0.0001376557698704,False,False
N082_C0004304,82,2025-07-07 21:22:03.570538780,2025-07-07 21:22:03.795538780,2025-07-07 21:22:03.770538780,RGM_0277297,1,0.0004163015349501,False,False
N057_C0004167,57,2025-07-07 21:22:25.970538780,2025-07-07 21:22:26.070538780,2025-07-07 21:22:26.020538780,RGM_0277711,1,0.0002585697599919,False,False
N051_C0002569,51,2025-07-07 21:22:47.545538780,2025-07-07 21:22:47.670538780,2025-07-07 21:22:47.620538780,RGM_0277959,1,7.335843354737874e-05,False,False
N057_C0004168,57,2025-07-07 21:22:58.070538780,2025-07-07 21:22:59.570538780,2025-07-07 21:22:58.570538780,RGM_0278038,6,0.0001911622752079,False,False
N057_C0004169,57,2025-07-07 21:23:38.820538780,2025-07-07 21:23:40.570538780,2025-07-07 21:23:39.670538780,RGM_0278248,12,0.000254499322668,False,False
N057_C0004170,57,2025-07-07 21:23:42.570538780,2025-07-07 21:23:45.070538780,2025-07-07 21:23:44.070538780,RGM_0278291,10,0.0005426623032533,False,False
N057_C0004171,57,2025-07-07 21:24:15.570538780,2025-07-07 21:24:16.695538780,2025-07-07 21:24:16.320538780,RGM_0278506,1,0.0002189011696607,False,False
N082_C0004305,82,2025-07-07 21:27:02.177954430,2025-07-07 21:27:02.852954430,2025-07-07 21:27:02.377954430,RGM_0279424,1,0.0007192919030389,False,False
N057_C0004172,57,2025-07-07 21:27:49.227954430,2025-07-07 21:27:51.477954430,2025-07-07 21:27:50.477954430,RGM_0279711,4,0.0002963785086227,False,False
N060_C0004240,60,2025-07-07 21:27:50.477954430,2025-07-07 21:27:51.477954430,2025-07-07 21:27:50.877954430,RGM_0279714,1,0.0001617839954699,False,False
N061_C0004252,61,2025-07-07 21:27:50.852954430,2025-07-07 21:27:51.352954430,2025-07-07 21:27:51.102954430,RGM_0279718,1,0.0001409731217557,False,False
N057_C0004173,57,2025-07-07 21:29:59.477954430,2025-07-07 21:29:59.977954430,2025-07-07 21:29:59.852954430,RGM_0280831,4,0.0001493032128867,False,False
N057_C0004174,57,2025-07-07 21:30:29.477954430,2025-07-07 21:30:31.977954430,2025-07-07 21:30:30.477954430,RGM_0281018,6,0.0002775662900089,False,False
N082_C0004306,82,2025-07-07 21:30:40.852954430,2025-07-07 21:30:41.352954430,2025-07-07 21:30:41.152954430,RGM_0281089,1,0.0007734247094992,False,False
N057_C0004175,57,2025-07-07 21:33:00.477954430,2025-07-07 21:33:02.977954430,2025-07-07 21:33:01.477954430,RGM_0282456,11,0.0004286063774446,False,False
N056_C0004121,56,2025-07-07 21:33:02.127954430,2025-07-07 21:33:02.327954430,2025-07-07 21:33:02.227954430,RGM_0282471,1,0.0003485168929243,False,False
N056_C0004122,56,2025-07-07 21:33:45.427954430,2025-07-07 21:33:45.627954430,2025-07-07 21:33:45.527954430,RGM_0283040,1,0.0001447057018327,False,False
N057_C0004176,57,2025-07-07 21:33:44.977954430,2025-07-07 21:33:45.977954430,2025-07-07 21:33:45.727954430,RGM_0283047,9,0.0001759510160913,False,False
N056_C0004123,56,2025-07-07 21:33:45.752954430,2025-07-07 21:33:45.802954430,2025-07-07 21:33:45.777954430,RGM_0283052,1,9.892799962533567e-06,False,False
N051_C0002570,51,2025-07-07 21:34:41.977954430,2025-07-07 21:34:43.977954430,2025-07-07 21:34:43.152954430,RGM_0283603,1,0.0008278613552255,False,False
N051_C0002571,51,2025-07-07 21:36:07.302954430,2025-07-07 21:36:07.402954430,2025-07-07 21:36:07.352954430,RGM_0284220,1,0.000139738032275,False,False
N023_C0000872,23,2025-07-07 21:37:44.452066113,2025-07-07 21:37:44.502066113,2025-07-07 21:37:44.477066113,RGM_0285109,1,8.865280593265796e-06,False,False
N023_C0000873,23,2025-07-07 21:37:50.477066113,2025-07-07 21:37:52.477066113,2025-07-07 21:37:50.927066113,RGM_0285143,1,0.0002034189304867,False,False
N023_C0000874,23,2025-07-07 21:38:45.252066113,2025-07-07 21:38:45.527066113,2025-07-07 21:38:45.477066113,RGM_0285423,1,0.0008050513697952,False,False
N023_C0000875,23,2025-07-07 21:40:12.177066113,2025-07-07 21:40:12.727066113,2025-07-07 21:40:12.252066113,RGM_0285909,1,0.0001574999948344,False,False
N023_C0000876,23,2025-07-07 21:40:19.777066113,2025-07-07 21:40:20.127066113,2025-07-07 21:40:19.952066113,RGM_0285959,1,6.71150960335858e-05,False,False
N023_C0000877,23,2025-07-07 21:40:25.627066113,2025-07-07 21:40:25.977066113,2025-07-07 21:40:25.802066113,RGM_0285985,1,0.0001286621705037,False,False
N023_C0000878,23,2025-07-07 21:40:30.227066113,2025-07-07 21:40:30.527066113,2025-07-07 21:40:30.277066113,RGM_0286001,2,0.0002206083557815,False,False
N033_C0001795,33,2025-07-07 21:40:30.177066113,2025-07-07 21:40:30.377066113,2025-07-07 21:40:30.277066113,RGM_0286002,3,0.0014933678828981,False,False
N031_C0001501,31,2025-07-07 21:40:30.427066113,2025-07-07 21:40:30.477066113,2025-07-07 21:40:30.452066113,RGM_0286008,1,0.0009054704196468,False,False
N033_C0001796,33,2025-07-07 21:40:30.402066113,2025-07-07 21:40:30.527066113,2025-07-07 21:40:30.452066113,RGM_0286006,1,0.0007327630101001,False,False
N031_C0001502,31,2025-07-07 21:40:31.077066113,2025-07-07 21:40:31.127066113,2025-07-07 21:40:31.102066113,RGM_0286014,1,0.000219021775113,False,False
N023_C0000879,23,2025-07-07 21:40:32.727066113,2025-07-07 21:40:32.927066113,2025-07-07 21:40:32.827066113,RGM_0286024,1,7.479605762392669e-05,False,False
N033_C0001797,33,2025-07-07 21:40:32.552066113,2025-07-07 21:40:32.927066113,2025-07-07 21:40:32.827066113,RGM_0286022,2,0.0012521755673002,False,False
N033_C0001798,33,2025-07-07 21:40:34.477066113,2025-07-07 21:40:35.027066113,2025-07-07 21:40:34.727066113,RGM_0286053,7,0.0037059073584498,False,False
N033_C0001799,33,2025-07-07 21:40:35.277066113,2025-07-07 21:40:35.627066113,2025-07-07 21:40:35.427066113,RGM_0286061,4,0.0012255333503609,False,False
N023_C0000880,23,2025-07-07 21:40:35.402066113,2025-07-07 21:40:35.502066113,2025-07-07 21:40:35.452066113,RGM_0286067,3,0.0001251980472657,False,False
N023_C0000881,23,2025-07-07 21:40:37.177066113,2025-07-07 21:40:37.227066113,2025-07-07 21:40:37.202066113,RGM_0286081,1,0.0010044630054158,False,False
N033_C0001800,33,2025-07-07 21:40:37.027066113,2025-07-07 21:40:37.827066113,2025-07-07 21:40:37.277066113,RGM_0286088,4,0.0020191225102639,False,False
N031_C0001503,31,2025-07-07 21:40:40.102066113,2025-07-07 21:40:40.202066113,2025-07-07 21:40:40.152066113,RGM_0286115,1,0.0016683649870638,False,False
N032_C0001675,32,2025-07-07 21:40:40.127066113,2025-07-07 21:40:40.177066113,2025-07-07 21:40:40.152066113,RGM_0286116,1,0.0016622518128622,False,False
N023_C0000882,23,2025-07-07 21:40:40.077066113,2025-07-07 21:40:40.277066113,2025-07-07 21:40:40.177066113,RGM_0286123,1,0.0014353730729781,False,False
N029_C0001171,29,2025-07-07 21:40:40.127066113,2025-07-07 21:40:40.227066113,2025-07-07 21:40:40.177066113,RGM_0286117,1,0.0016678393558896,False,False
N030_C0001330,30,2025-07-07 21:40:40.077066113,2025-07-07 21:40:40.277066113,2025-07-07 21:40:40.177066113,RGM_0286118,1,0.0016744160743965,False,False
N033_C0001801,33,2025-07-07 21:40:39.902066113,2025-07-07 21:40:40.277066113,2025-07-07 21:40:40.177066113,RGM_0286121,3,0.0016744160743965,False,False
N030_C0001331,30,2025-07-07 21:40:40.777066113,2025-07-07 21:40:40.977066113,2025-07-07 21:40:40.877066113,RGM_0286132,1,0.0045318934881354,False,False
N031_C0001504,31,2025-07-07 21:40:40.777066113,2025-07-07 21:40:40.977066113,2025-07-07 21:40:40.877066113,RGM_0286133,1,0.0045318934881354,False,False
N033_C0001802,33,2025-07-07 21:40:40.777066113,2025-07-07 21:40:41.002066113,2025-07-07 21:40:40.877066113,RGM_0286135,6,0.0045318934881354,False,False
N023_C0000883,23,2025-07-07 21:40:40.902066113,2025-07-07 21:40:41.027066113,2025-07-07 21:40:40.952066113,RGM_0286144,2,0.0017479865137666,False,False
N023_C0000884,23,2025-07-07 21:40:42.477066113,2025-07-07 21:40:42.677066113,2025-07-07 21:40:42.577066113,RGM_0286170,3,0.0015832340372511,False,False
N030_C0001332,30,2025-07-07 21:40:42.477066113,2025-07-07 21:40:42.677066113,2025-07-07 21:40:42.577066113,RGM_0286167,1,0.0028623747653136,False,False
N033_C0001803,33,2025-07-07 21:40:42.402066113,2025-07-07 21:40:42.677066113,2025-07-07 21:40:42.577066113,RGM_0286169,5,0.0020779198855589,False,False
N031_C0001505,31,2025-07-07 21:40:42.627066113,2025-07-07 21:40:42.727066113,2025-07-07 21:40:42.677066113,RGM_0286180,1,0.001688376438835,False,False
N032_C0001676,32,2025-07-07 21:40:42.627066113,2025-07-07 21:40:43.102066113,2025-07-07 21:40:42.677066113,RGM_0286182,1,0.0020777116815016,False,False
N033_C0001804,33,2025-07-07 21:40:50.227066113,2025-07-07 21:40:50.902066113,2025-07-07 21:40:50.852066113,RGM_0286254,1,0.0011183176530411,False,False
N033_C0001805,33,2025-07-07 21:40:51.927066113,2025-07-07 21:40:53.027066113,2025-07-07 21:40:52.927066113,RGM_0286274,4,0.0016904750905246,False,False
N033_C0001806,33,2025-07-07 21:40:59.227066113,2025-07-07 21:40:59.477066113,2025-07-07 21:40:59.327066113,RGM_0286328,5,0.0012889055993869,False,False
N030_C0001333,30,2025-07-07 21:40:59.277066113,2025-07-07 21:40:59.477066113,2025-07-07 21:40:59.377066113,RGM_0286336,1,0.0013452869944014,False,False
N031_C0001506,31,2025-07-07 21:40:59.277066113,2025-07-07 21:40:59.477066113,2025-07-07 21:40:59.377066113,RGM_0286337,1,0.0013452869944014,False,False
N029_C0001172,29,2025-07-07 21:40:59.277066113,2025-07-07 21:40:59.652066113,2025-07-07 21:40:59.402066113,RGM_0286338,1,0.0015005046076042,False,False
N033_C0001807,33,2025-07-07 21:40:59.877066113,2025-07-07 21:41:00.127066113,2025-07-07 21:41:00.027066113,RGM_0286354,8,0.0024063936149426,False,False
N033_C0001808,33,2025-07-07 21:41:04.652066113,2025-07-07 21:41:05.627066113,2025-07-07 21:41:05.077066113,RGM_0286391,7,0.0057555509631344,False,False
N032_C0001677,32,2025-07-07 21:41:05.077066113,2025-07-07 21:41:05.177066113,2025-07-07 21:41:05.127066113,RGM_0286398,1,0.0054760274270598,False,False
N023_C0000885,23,2025-07-07 21:41:05.102066113,2025-07-07 21:41:05.202066113,2025-07-07 21:41:05.152066113,RGM_0286402,3,0.0020915716631194,False,False
N033_C0001809,33,2025-07-07 21:41:06.527066113,2025-07-07 21:41:06.677066113,2025-07-07 21:41:06.602066113,RGM_0286419,1,0.0001566307019499,False,False
N029_C0001173,29,2025-07-07 21:41:07.727066113,2025-07-07 21:41:08.377066113,2025-07-07 21:41:08.327066113,RGM_0286448,1,0.0039769587428782,False,False
N033_C0001810,33,2025-07-07 21:41:08.302066113,2025-07-07 21:41:08.952066113,2025-07-07 21:41:08.377066113,RGM_0286450,2,0.0008532026006133,False,False
N023_C0000886,23,2025-07-07 21:41:09.827066113,2025-07-07 21:41:09.952066113,2025-07-07 21:41:09.877066113,RGM_0286468,2,8.39300513099779e-05,False,False
N029_C0001174,29,2025-07-07 21:41:09.727066113,2025-07-07 21:41:09.927066113,2025-07-07 21:41:09.877066113,RGM_0286467,1,0.0020514785015397,False,False
N032_C0001678,32,2025-07-07 21:41:09.902066113,2025-07-07 21:41:09.952066113,2025-07-07 21:41:09.927066113,RGM_0286474,1,0.0021062766096088,False,False
N033_C0001811,33,2025-07-07 21:41:09.852066113,2025-07-07 21:41:10.277066113,2025-07-07 21:41:09.977066113,RGM_0286476,2,0.0031917590993539,False,False
N023_C0000887,23,2025-07-07 21:41:10.752066113,2025-07-07 21:41:10.802066113,2025-07-07 21:41:10.777066113,RGM_0286486,1,0.0004141828533098,False,False
N033_C0001812,33,2025-07-07 21:41:12.977066113,2025-07-07 21:41:13.177066113,2025-07-07 21:41:13.102066113,RGM_0286531,1,0.0005049997205167,False,False
N033_C0001813,33,2025-07-07 21:41:15.652066113,2025-07-07 21:41:15.752066113,2025-07-07 21:41:15.677066113,RGM_0286574,1,0.0001046859992936,False,False
N031_C0001507,31,2025-07-07 21:41:18.552066113,2025-07-07 21:41:18.602066113,2025-07-07 21:41:18.577066113,RGM_0286608,1,0.0001823883939251,False,False
N029_C0001175,29,2025-07-07 21:41:20.527066113,2025-07-07 21:41:20.627066113,2025-07-07 21:41:20.577066113,RGM_0286623,1,0.0014487348959732,False,False
N033_C0001814,33,2025-07-07 21:41:19.977066113,2025-07-07 21:41:22.402066113,2025-07-07 21:41:20.877066113,RGM_0286639,14,0.0072596231364464,False,False
N029_C0001176,29,2025-07-07 21:41:21.477066113,2025-07-07 21:41:21.577066113,2025-07-07 21:41:21.527066113,RGM_0286643,2,0.0043356546473201,False,False
N023_C0000888,23,2025-07-07 21:41:30.002066113,2025-07-07 21:41:30.102066113,2025-07-07 21:41:30.052066113,RGM_0286717,1,0.0022260837493479,False,False
N029_C0001177,29,2025-07-07 21:41:29.977066113,2025-07-07 21:41:30.177066113,2025-07-07 21:41:30.052066113,RGM_0286716,1,0.0035210437178994,False,False
N033_C0001815,33,2025-07-07 21:41:29.952066113,2025-07-07 21:41:30.177066113,2025-07-07 21:41:30.077066113,RGM_0286718,5,0.0048942517171552,False,False
N031_C0001508,31,2025-07-07 21:41:33.252066113,2025-07-07 21:41:33.502066113,2025-07-07 21:41:33.477066113,RGM_0286753,1,0.0006537897926519,False,False
N033_C0001816,33,2025-07-07 21:41:34.577066113,2025-07-07 21:41:35.177066113,2025-07-07 21:41:35.052066113,RGM_0286771,2,0.004492289466892,False,False
N031_C0001509,31,2025-07-07 21:41:35.077066113,2025-07-07 21:41:35.127066113,2025-07-07 21:41:35.102066113,RGM_0286775,1,0.0021997962204779,False,False
N029_C0001178,29,2025-07-07 21:41:35.077066113,2025-07-07 21:41:35.177066113,2025-07-07 21:41:35.127066113,RGM_0286777,1,0.0022088935368036,False,False
N030_C0001334,30,2025-07-07 21:41:35.077066113,2025-07-07 21:41:35.277066113,2025-07-07 21:41:35.127066113,RGM_0286778,1,0.0022419197948658,False,False
N032_C0001679,32,2025-07-07 21:41:35.052066113,2025-07-07 21:41:35.277066113,2025-07-07 21:41:35.177066113,RGM_0286779,2,0.0022419197948658,False,False
N029_C0001179,29,2025-07-07 21:41:38.427066113,2025-07-07 21:41:38.627066113,2025-07-07 21:41:38.527066113,RGM_0286822,1,0.0052682319383541,False,False
N023_C0000889,23,2025-07-07 21:41:38.427066113,2025-07-07 21:41:38.977066113,2025-07-07 21:41:38.727066113,RGM_0286835,4,0.0044150418222604,False,False
N031_C0001510,31,2025-07-07 21:41:38.427066113,2025-07-07 21:41:38.977066113,2025-07-07 21:41:38.727066113,RGM_0286840,4,0.0081367589057244,False,False
N032_C0001680,32,2025-07-07 21:41:38.477066113,2025-07-07 21:41:38.977066113,2025-07-07 21:41:38.727066113,RGM_0286836,1,0.0081367589057244,False,False
N033_C0001817,33,2025-07-07 21:41:38.352066113,2025-07-07 21:41:38.977066113,2025-07-07 21:41:38.727066113,RGM_0286837,9,0.0052961308771062,False,False
N029_C0001180,29,2025-07-07 21:41:38.702066113,2025-07-07 21:41:38.802066113,2025-07-07 21:41:38.752066113,RGM_0286846,1,0.0026764360352876,False,False
N030_C0001335,30,2025-07-07 21:41:38.677066113,2025-07-07 21:41:38.802066113,2025-07-07 21:41:38.752066113,RGM_0286841,2,0.0026764360352876,False,False
N033_C0001818,33,2025-07-07 21:41:43.027066113,2025-07-07 21:41:43.227066113,2025-07-07 21:41:43.127066113,RGM_0286929,1,0.0035834630997252,False,False
N030_C0001336,30,2025-07-07 21:41:43.527066113,2025-07-07 21:41:43.727066113,2025-07-07 21:41:43.602066113,RGM_0286933,1,0.0014690581076841,False,False
N023_C0000890,23,2025-07-07 21:41:43.577066113,2025-07-07 21:41:43.777066113,2025-07-07 21:41:43.677066113,RGM_0286935,1,0.0007677698895634,False,False
N033_C0001819,33,2025-07-07 21:41:46.102066113,2025-07-07 21:41:46.452066113,2025-07-07 21:41:46.402066113,RGM_0286951,2,0.0021532735878983,False,False
N023_C0000891,23,2025-07-07 21:41:46.327066113,2025-07-07 21:41:46.527066113,2025-07-07 21:41:46.427066113,RGM_0286952,1,0.000692694559186,False,False
N033_C0001820,33,2025-07-07 21:41:47.252066113,2025-07-07 21:41:47.302066113,2025-07-07 21:41:47.277066113,RGM_0286960,1,0.0001316866336042,False,False
N033_C0001821,33,2025-07-07 21:41:47.827066113,2025-07-07 21:41:48.077066113,2025-07-07 21:41:47.952066113,RGM_0286964,5,0.0066029198740872,False,False
N033_C0001822,33,2025-07-07 21:41:52.702066113,2025-07-07 21:41:53.277066113,2025-07-07 21:41:53.202066113,RGM_0287013,1,0.0040745246854048,False,False
N033_C0001823,33,2025-07-07 21:41:55.977066113,2025-07-07 21:41:56.727066113,2025-07-07 21:41:56.477066113,RGM_0287033,3,0.003249775205808,False,False
N031_C0001511,31,2025-07-07 21:41:58.052066113,2025-07-07 21:41:58.152066113,2025-07-07 21:41:58.102066113,RGM_0287051,1,0.0027495808889915,False,False
N033_C0001824,33,2025-07-07 21:41:57.602066113,2025-07-07 21:41:58.927066113,2025-07-07 21:41:58.727066113,RGM_0287058,4,0.0061331976495325,False,False
N023_C0000892,23,2025-07-07 21:41:58.702066113,2025-07-07 21:41:58.802066113,2025-07-07 21:41:58.752066113,RGM_0287060,1,0.0022288650168811,False,False
N029_C0001181,29,2025-07-07 21:41:58.677066113,2025-07-07 21:41:58.877066113,2025-07-07 21:41:58.777066113,RGM_0287062,1,0.0033820790587664,False,False
N023_C0000893,23,2025-07-07 21:42:00.302066113,2025-07-07 21:42:00.352066113,2025-07-07 21:42:00.327066113,RGM_0287072,2,0.002518282796791,False,False
N029_C0001182,29,2025-07-07 21:42:00.227066113,2025-07-07 21:42:00.427066113,2025-07-07 21:42:00.327066113,RGM_0287075,1,0.0044273985463562,False,False
N031_C0001512,31,2025-07-07 21:41:58.827066113,2025-07-07 21:42:00.477066113,2025-07-07 21:42:00.327066113,RGM_0287076,1,0.0055409368141301,False,False
N033_C0001825,33,2025-07-07 21:42:00.227066113,2025-07-07 21:42:00.477066113,2025-07-07 21:42:00.352066113,RGM_0287078,1,0.0028495595428846,False,False
N033_C0001826,33,2025-07-07 21:42:03.527066113,2025-07-07 21:42:03.727066113,2025-07-07 21:42:03.602066113,RGM_0287098,1,0.0008701959202995,False,False
N031_C0001513,31,2025-07-07 21:42:08.477066113,2025-07-07 21:42:08.552066113,2025-07-07 21:42:08.527066113,RGM_0287151,1,0.0001974908701137,False,False
N031_C0001514,31,2025-07-07 21:42:09.227066113,2025-07-07 21:42:09.727066113,2025-07-07 21:42:09.377066113,RGM_0287162,1,0.006945156597906,False,False
N033_C0001827,33,2025-07-07 21:42:11.977066113,2025-07-07 21:42:13.602066113,2025-07-07 21:42:12.977066113,RGM_0287198,7,0.0067327724481129,False,False
N029_C0001183,29,2025-07-07 21:42:12.977066113,2025-07-07 21:42:13.077066113,2025-07-07 21:42:13.027066113,RGM_0287200,1,0.003580511883893,False,False
N029_C0001184,29,2025-07-07 21:42:14.452066113,2025-07-07 21:42:14.977066113,2025-07-07 21:42:14.877066113,RGM_0287217,2,0.0033858018159114,False,False
N023_C0000894,23,2025-07-07 21:42:14.902066113,2025-07-07 21:42:15.052066113,2025-07-07 21:42:14.927066113,RGM_0287221,1,0.0021354215487485,False,False
N033_C0001828,33,2025-07-07 21:42:14.777066113,2025-07-07 21:42:15.627066113,2025-07-07 21:42:14.927066113,RGM_0287220,5,0.0028758086627317,False,False
N029_C0001185,29,2025-07-07 21:42:15.427066113,2025-07-07 21:42:15.477066113,2025-07-07 21:42:15.452066113,RGM_0287228,1,0.0008609043834008,False,False
N031_C0001515,31,2025-07-07 21:42:15.427066113,2025-07-07 21:42:15.477066113,2025-07-07 21:42:15.452066113,RGM_0287229,1,0.00090990982869,False,False
N023_C0000895,23,2025-07-07 21:42:16.927066113,2025-07-07 21:42:17.127066113,2025-07-07 21:42:17.002066113,RGM_0287236,1,9.435114477798086e-05,False,False
N031_C0001516,31,2025-07-07 21:42:18.502066113,2025-07-07 21:42:18.552066113,2025-07-07 21:42:18.527066113,RGM_0287248,1,0.0030614443885474,False,False
N029_C0001186,29,2025-07-07 21:42:18.477066113,2025-07-07 21:42:18.677066113,2025-07-07 21:42:18.552066113,RGM_0287254,1,0.0030803041812913,False,False
N030_C0001337,30,2025-07-07 21:42:18.502066113,2025-07-07 21:42:18.602066113,2025-07-07 21:42:18.552066113,RGM_0287253,1,0.0030658069532242,False,False
N033_C0001829,33,2025-07-07 21:42:18.377066113,2025-07-07 21:42:18.677066113,2025-07-07 21:42:18.552066113,RGM_0287251,4,0.0030658069532242,False,False
N023_C0000896,23,2025-07-07 21:42:19.002066113,2025-07-07 21:42:19.102066113,2025-07-07 21:42:19.052066113,RGM_0287264,1,0.0019971953340213,False,False
N029_C0001187,29,2025-07-07 21:42:19.002066113,2025-07-07 21:42:19.102066113,2025-07-07 21:42:19.052066113,RGM_0287267,1,0.0023816277099532,False,False
N033_C0001830,33,2025-07-07 21:42:18.977066113,2025-07-07 21:42:19.727066113,2025-07-07 21:42:19.102066113,RGM_0287277,3,0.001797296720355,False,False
N031_C0001517,31,2025-07-07 21:42:23.502066113,2025-07-07 21:42:23.552066113,2025-07-07 21:42:23.527066113,RGM_0287316,1,0.0001956878603172,False,False
N033_C0001831,33,2025-07-07 21:42:23.277066113,2025-07-07 21:42:24.352066113,2025-07-07 21:42:24.077066113,RGM_0287321,9,0.0059379127178485,False,False
N023_C0000897,23,2025-07-07 21:42:24.077066113,2025-07-07 21:42:24.177066113,2025-07-07 21:42:24.127066113,RGM_0287323,1,0.0028246250543053,False,False
N032_C0001681,32,2025-07-07 21:42:24.102066113,2025-07-07 21:42:24.152066113,2025-07-07 21:42:24.127066113,RGM_0287325,1,0.0054188062666463,False,False
N031_C0001518,31,2025-07-07 21:42:24.102066113,2025-07-07 21:42:24.602066113,2025-07-07 21:42:24.327066113,RGM_0287334,1,0.0068637410550608,False,False
N033_C0001832,33,2025-07-07 21:42:24.377066113,2025-07-07 21:42:24.627066113,2025-07-07 21:42:24.477066113,RGM_0287341,3,0.0007089772566799,False,False
N033_C0001833,33,2025-07-07 21:42:26.002066113,2025-07-07 21:42:26.127066113,2025-07-07 21:42:26.052066113,RGM_0287350,1,0.0003027299878747,False,False
N023_C0000898,23,2025-07-07 21:42:27.027066113,2025-07-07 21:42:27.127066113,2025-07-07 21:42:27.077066113,RGM_0287368,1,0.0001572924482434,False,False
N030_C0001338,30,2025-07-07 21:42:27.027066113,2025-07-07 21:42:27.227066113,2025-07-07 21:42:27.077066113,RGM_0287367,1,0.0047216245101521,False,False
N029_C0001188,29,2025-07-07 21:42:27.027066113,2025-07-07 21:42:27.227066113,2025-07-07 21:42:27.127066113,RGM_0287369,2,0.0035819327574318,False,False
N033_C0001834,33,2025-07-07 21:42:26.602066113,2025-07-07 21:42:29.777066113,2025-07-07 21:42:27.852066113,RGM_0287374,14,0.0077785345709731,False,False
N033_C0001835,33,2025-07-07 21:42:30.102066113,2025-07-07 21:42:30.602066113,2025-07-07 21:42:30.377066113,RGM_0287406,4,0.0031088755728298,False,False
N030_C0001339,30,2025-07-07 21:42:30.377066113,2025-07-07 21:42:30.477066113,2025-07-07 21:42:30.427066113,RGM_0287412,1,0.0030608529287644,False,False
N023_C0000899,23,2025-07-07 21:42:30.377066113,2025-07-07 21:42:30.577066113,2025-07-07 21:42:30.477066113,RGM_0287418,1,0.0012677463450999,False,False
N023_C0000900,23,2025-07-07 21:42:33.277066113,2025-07-07 21:42:33.327066113,2025-07-07 21:42:33.302066113,RGM_0287447,1,0.002914185920022,False,False
N033_C0001836,33,2025-07-07 21:42:33.177066113,2025-07-07 21:42:34.077066113,2025-07-07 21:42:33.327066113,RGM_0287451,5,0.0054567649212909,False,False
N033_C0001837,33,2025-07-07 21:42:43.002066113,2025-07-07 21:42:43.077066113,2025-07-07 21:42:43.052066113,RGM_0287551,1,0.0003100786006077,False,False
N031_C0001519,31,2025-07-07 21:42:44.052066113,2025-07-07 21:42:44.152066113,2025-07-07 21:42:44.102066113,RGM_0287558,1,0.0022211580399498,False,False
N033_C0001838,33,2025-07-07 21:42:44.027066113,2025-07-07 21:42:44.927066113,2025-07-07 21:42:44.127066113,RGM_0287559,4,0.0018804330501845,False,False
N031_C0001520,31,2025-07-07 21:42:44.827066113,2025-07-07 21:42:45.377066113,2025-07-07 21:42:44.877066113,RGM_0287572,1,0.0031770812022191,False,False
N033_C0001839,33,2025-07-07 21:42:49.227066113,2025-07-07 21:42:49.727066113,2025-07-07 21:42:49.427066113,RGM_0287628,5,0.0038616814315619,False,False
N033_C0001840,33,2025-07-07 21:42:50.977066113,2025-07-07 21:42:51.852066113,2025-07-07 21:42:51.652066113,RGM_0287669,6,0.0105830234505114,False,False
N031_C0001521,31,2025-07-07 21:42:51.627066113,2025-07-07 21:42:51.727066113,2025-07-07 21:42:51.677066113,RGM_0287675,1,0.0048050082732089,False,False
N032_C0001682,32,2025-07-07 21:42:51.627066113,2025-07-07 21:42:51.727066113,2025-07-07 21:42:51.677066113,RGM_0287674,1,0.0048050082732089,False,False
N031_C0001522,31,2025-07-07 21:42:57.602066113,2025-07-07 21:42:57.652066113,2025-07-07 21:42:57.627066113,RGM_0287724,1,0.0037920119668736,False,False
N033_C0001841,33,2025-07-07 21:42:57.127066113,2025-07-07 21:42:58.127066113,2025-07-07 21:42:57.627066113,RGM_0287723,12,0.0047114437613282,False,False
N023_C0000901,23,2025-07-07 21:43:01.877066113,2025-07-07 21:43:01.927066113,2025-07-07 21:43:01.902066113,RGM_0287767,2,0.0001025865720597,False,False
N033_C0001842,33,2025-07-07 21:43:01.877066113,2025-07-07 21:43:02.552066113,2025-07-07 21:43:01.927066113,RGM_0287768,3,0.0012107134155276,False,False
N033_C0001843,33,2025-07-07 21:43:05.077066113,2025-07-07 21:43:05.127066113,2025-07-07 21:43:05.102066113,RGM_0287848,1,7.423001006013511e-05,False,False
N023_C0000902,23,2025-07-07 21:43:10.627066113,2025-07-07 21:43:10.727066113,2025-07-07 21:43:10.677066113,RGM_0287897,1,5.32595659607378e-05,False,False
N023_C0000903,23,2025-07-07 21:43:11.302066113,2025-07-07 21:43:11.352066113,2025-07-07 21:43:11.327066113,RGM_0287905,1,5.5056321552340645e-05,False,False
N033_C0001844,33,2025-07-07 21:43:16.027066113,2025-07-07 21:43:16.227066113,2025-07-07 21:43:16.127066113,RGM_0287955,2,0.003225991922574,False,False
N023_C0000904,23,2025-07-07 21:43:16.102066113,2025-07-07 21:43:16.602066113,2025-07-07 21:43:16.227066113,RGM_0287962,1,0.0028197489119722,False,False
N029_C0001189,29,2025-07-07 21:43:18.327066113,2025-07-07 21:43:18.552066113,2025-07-07 21:43:18.477066113,RGM_0287980,1,0.0010796240678083,False,False
N023_C0000905,23,2025-07-07 21:43:18.427066113,2025-07-07 21:43:18.627066113,2025-07-07 21:43:18.502066113,RGM_0287984,4,0.0010451905413507,False,False
N031_C0001523,31,2025-07-07 21:43:18.477066113,2025-07-07 21:43:18.527066113,2025-07-07 21:43:18.502066113,RGM_0287986,1,0.0010343708561413,False,False
N033_C0001845,33,2025-07-07 21:43:18.477066113,2025-07-07 21:43:18.577066113,2025-07-07 21:43:18.527066113,RGM_0287990,1,0.0002617266402711,False,False
N033_C0001846,33,2025-07-07 21:43:21.327066113,2025-07-07 21:43:21.527066113,2025-07-07 21:43:21.427066113,RGM_0288026,2,0.0022330872622811,False,False
N030_C0001340,30,2025-07-07 21:43:21.402066113,2025-07-07 21:43:21.502066113,2025-07-07 21:43:21.452066113,RGM_0288039,1,0.003114809113844,False,False
N031_C0001524,31,2025-07-07 21:43:21.402066113,2025-07-07 21:43:21.502066113,2025-07-07 21:43:21.452066113,RGM_0288038,1,0.003114809113844,False,False
N031_C0001525,31,2025-07-07 21:43:23.927066113,2025-07-07 21:43:24.127066113,2025-07-07 21:43:24.027066113,RGM_0288066,1,0.0029485597863775,False,False
N033_C0001847,33,2025-07-07 21:43:23.877066113,2025-07-07 21:43:24.177066113,2025-07-07 21:43:24.052066113,RGM_0288068,6,0.0029447508097087,False,False
N023_C0000906,23,2025-07-07 21:43:25.627066113,2025-07-07 21:43:25.827066113,2025-07-07 21:43:25.727066113,RGM_0288093,2,0.0034963548508616,False,False
N029_C0001190,29,2025-07-07 21:43:25.627066113,2025-07-07 21:43:25.827066113,2025-07-07 21:43:25.727066113,RGM_0288099,1,0.0049944380954935,False,False
N030_C0001341,30,2025-07-07 21:43:25.677066113,2025-07-07 21:43:25.777066113,2025-07-07 21:43:25.727066113,RGM_0288100,1,0.0054286538164643,False,False
N033_C0001848,33,2025-07-07 21:43:25.477066113,2025-07-07 21:43:25.977066113,2025-07-07 21:43:25.727066113,RGM_0288095,5,0.0054810523356627,False,False
N031_C0001526,31,2025-07-07 21:43:25.727066113,2025-07-07 21:43:25.827066113,2025-07-07 21:43:25.752066113,RGM_0288108,1,0.0054345203336172,False,False
N023_C0000907,23,2025-07-07 21:43:25.977066113,2025-07-07 21:43:26.977066113,2025-07-07 21:43:26.452066113,RGM_0288134,3,0.0016167930615906,False,False
N029_C0001191,29,2025-07-07 21:43:26.427066113,2025-07-07 21:43:26.477066113,2025-07-07 21:43:26.452066113,RGM_0288137,1,0.0022751590362601,False,False
N031_C0001527,31,2025-07-07 21:43:26.427066113,2025-07-07 21:43:26.477066113,2025-07-07 21:43:26.452066113,RGM_0288132,1,0.0022751590362601,False,False
N030_C0001342,30,2025-07-07 21:43:26.377066113,2025-07-07 21:43:26.627066113,2025-07-07 21:43:26.477066113,RGM_0288144,1,0.0023190131648954,False,False
N033_C0001849,33,2025-07-07 21:43:26.377066113,2025-07-07 21:43:26.577066113,2025-07-07 21:43:26.477066113,RGM_0288146,6,0.002135644573003,False,False
N023_C0000908,23,2025-07-07 21:43:27.477066113,2025-07-07 21:43:28.102066113,2025-07-07 21:43:27.952066113,RGM_0288167,4,0.0032653614612667,False,False
N029_C0001192,29,2025-07-07 21:43:27.877066113,2025-07-07 21:43:28.077066113,2025-07-07 21:43:27.977066113,RGM_0288177,1,0.0043315600081256,False,False
N033_C0001850,33,2025-07-07 21:43:27.877066113,2025-07-07 21:43:28.077066113,2025-07-07 21:43:28.002066113,RGM_0288179,4,0.0043155963199165,False,False
N033_C0001851,33,2025-07-07 21:43:30.452066113,2025-07-07 21:43:31.627066113,2025-07-07 21:43:31.352066113,RGM_0288209,5,0.0060312428550985,False,False
N031_C0001528,31,2025-07-07 21:43:31.527066113,2025-07-07 21:43:31.577066113,2025-07-07 21:43:31.552066113,RGM_0288216,1,0.0057458632995981,False,False
N029_C0001193,29,2025-07-07 21:43:31.527066113,2025-07-07 21:43:31.627066113,2025-07-07 21:43:31.577066113,RGM_0288224,2,0.0057508030637725,False,False
N030_C0001343,30,2025-07-07 21:43:31.477066113,2025-07-07 21:43:31.677066113,2025-07-07 21:43:31.577066113,RGM_0288223,2,0.0057716293856407,False,False
N033_C0001852,33,2025-07-07 21:43:32.677066113,2025-07-07 21:43:32.727066113,2025-07-07 21:43:32.702066113,RGM_0288240,1,9.560001263084952e-05,False,False
N023_C0000909,23,2025-07-07 21:43:32.927066113,2025-07-07 21:43:33.527066113,2025-07-07 21:43:33.377066113,RGM_0288245,3,0.0042757182212933,False,False
N029_C0001194,29,2025-07-07 21:43:33.377066113,2025-07-07 21:43:33.477066113,2025-07-07 21:43:33.427066113,RGM_0288260,1,0.0056377373702018,False,False
N031_C0001529,31,2025-07-07 21:43:33.277066113,2025-07-07 21:43:33.477066113,2025-07-07 21:43:33.427066113,RGM_0288252,2,0.0056710339449815,False,False
N033_C0001853,33,2025-07-07 21:43:33.227066113,2025-07-07 21:43:33.727066113,2025-07-07 21:43:33.477066113,RGM_0288267,8,0.0117117262746587,False,False
N031_C0001530,31,2025-07-07 21:43:34.052066113,2025-07-07 21:43:34.152066113,2025-07-07 21:43:34.102066113,RGM_0288295,1,0.0044963735488537,False,False
N033_C0001854,33,2025-07-07 21:43:33.927066113,2025-07-07 21:43:34.277066113,2025-07-07 21:43:34.177066113,RGM_0288306,5,0.0034017911895388,False,False
N033_C0001855,33,2025-07-07 21:43:38.227066113,2025-07-07 21:43:38.527066113,2025-07-07 21:43:38.427066113,RGM_0288373,2,0.001395466162204,False,False
N033_C0001856,33,2025-07-07 21:43:39.727066113,2025-07-07 21:43:40.477066113,2025-07-07 21:43:39.927066113,RGM_0288410,1,0.0060097719265039,False,False
N033_C0001857,33,2025-07-07 21:43:41.477066113,2025-07-07 21:43:41.977066113,2025-07-07 21:43:41.927066113,RGM_0288453,1,0.0041912397695201,False,False
N033_C0001858,33,2025-07-07 21:43:42.852066113,2025-07-07 21:43:42.902066113,2025-07-07 21:43:42.877066113,RGM_0288462,1,0.0001124262413128,False,False
N033_C0001859,33,2025-07-07 21:43:44.077066113,2025-07-07 21:43:44.702066113,2025-07-07 21:43:44.202066113,RGM_0288472,2,0.0036165274924394,False,False
N023_C0000910,23,2025-07-07 21:43:46.177066113,2025-07-07 21:43:46.227066113,2025-07-07 21:43:46.202066113,RGM_0288490,1,3.190600153755537e-05,False,False
N031_C0001531,31,2025-07-07 21:43:46.152066113,2025-07-07 21:43:46.277066113,2025-07-07 21:43:46.202066113,RGM_0288491,1,0.0014677080969433,False,False
N033_C0001860,33,2025-07-07 21:43:45.627066113,2025-07-07 21:43:47.102066113,2025-07-07 21:43:46.277066113,RGM_0288492,9,0.0044759574000202,False,False
N023_C0000911,23,2025-07-07 21:43:46.577066113,2025-07-07 21:43:46.777066113,2025-07-07 21:43:46.677066113,RGM_0288495,1,0.001826998728723,False,False
N029_C0001195,29,2025-07-07 21:43:46.677066113,2025-07-07 21:43:46.777066113,2025-07-07 21:43:46.727066113,RGM_0288498,1,0.0041164654057352,False,False
N031_C0001532,31,2025-07-07 21:43:46.627066113,2025-07-07 21:43:46.827066113,2025-07-07 21:43:46.727066113,RGM_0288499,1,0.0041272081887446,False,False
N033_C0001861,33,2025-07-07 21:43:48.177066113,2025-07-07 21:43:48.427066113,2025-07-07 21:43:48.327066113,RGM_0288515,5,0.0022388573488519,False,False
N023_C0000912,23,2025-07-07 21:43:49.127066113,2025-07-07 21:43:49.327066113,2025-07-07 21:43:49.227066113,RGM_0288525,1,0.0011561495153961,False,False
N033_C0001862,33,2025-07-07 21:43:52.852066113,2025-07-07 21:43:53.677066113,2025-07-07 21:43:53.177066113,RGM_0288565,7,0.0027691720416709,False,False
N023_C0000913,23,2025-07-07 21:43:53.152066113,2025-07-07 21:43:53.252066113,2025-07-07 21:43:53.202066113,RGM_0288567,1,0.0011682971661466,False,False
N029_C0001196,29,2025-07-07 21:43:53.152066113,2025-07-07 21:43:53.252066113,2025-07-07 21:43:53.202066113,RGM_0288566,1,0.0015653189342262,False,False
N030_C0001344,30,2025-07-07 21:43:53.152066113,2025-07-07 21:43:53.252066113,2025-07-07 21:43:53.202066113,RGM_0288569,1,0.0020436102525843,False,False
N033_C0001863,33,2025-07-07 21:43:54.277066113,2025-07-07 21:43:54.327066113,2025-07-07 21:43:54.302066113,RGM_0288583,1,2.844478794762004e-05,False,False
N032_C0001683,32,2025-07-07 21:43:55.902066113,2025-07-07 21:43:56.002066113,2025-07-07 21:43:55.952066113,RGM_0288590,1,0.0022315885397195,False,False
N029_C0001197,29,2025-07-07 21:43:55.952066113,2025-07-07 21:43:56.052066113,2025-07-07 21:43:56.002066113,RGM_0288593,1,0.0011074983025977,False,False
N033_C0001864,33,2025-07-07 21:43:55.827066113,2025-07-07 21:43:56.877066113,2025-07-07 21:43:56.002066113,RGM_0288592,5,0.0022237303697648,False,False
N033_C0001865,33,2025-07-07 21:43:58.427066113,2025-07-07 21:43:58.627066113,2025-07-07 21:43:58.527066113,RGM_0288625,3,0.0016121626174439,False,False
N033_C0001866,33,2025-07-07 21:43:59.927066113,2025-07-07 21:44:00.502066113,2025-07-07 21:44:00.377066113,RGM_0288653,5,0.0023288843544341,False,False
N031_C0001533,31,2025-07-07 21:44:02.302066113,2025-07-07 21:44:02.602066113,2025-07-07 21:44:02.352066113,RGM_0288698,1,0.0017014126221163,False,False
N033_C0001867,33,2025-07-07 21:44:11.977066113,2025-07-07 21:44:12.602066113,2025-07-07 21:44:12.377066113,RGM_0288770,1,0.0059203364441716,False,False
N029_C0001198,29,2025-07-07 21:44:16.177066113,2025-07-07 21:44:16.277066113,2025-07-07 21:44:16.227066113,RGM_0288809,1,0.0069137483584274,False,False
N023_C0000914,23,2025-07-07 21:44:16.202066113,2025-07-07 21:44:16.302066113,2025-07-07 21:44:16.252066113,RGM_0288811,2,0.0055738217626062,False,False
N031_C0001534,31,2025-07-07 21:44:16.227066113,2025-07-07 21:44:16.302066113,2025-07-07 21:44:16.277066113,RGM_0288816,1,0.0069350467927936,False,False
N033_C0001868,33,2025-07-07 21:44:15.852066113,2025-07-07 21:44:16.727066113,2025-07-07 21:44:16.477066113,RGM_0288818,5,0.0072663584513314,False,False
N033_C0001869,33,2025-07-07 21:44:24.227066113,2025-07-07 21:44:25.077066113,2025-07-07 21:44:25.002066113,RGM_0288871,2,0.0022812813865926,False,False
N033_C0001870,33,2025-07-07 21:44:25.827066113,2025-07-07 21:44:25.927066113,2025-07-07 21:44:25.877066113,RGM_0288894,2,0.0045576683379202,False,False
N033_C0001871,33,2025-07-07 21:44:26.127066113,2025-07-07 21:44:26.827066113,2025-07-07 21:44:26.677066113,RGM_0288900,1,0.0009898473118981,False,False
N031_C0001535,31,2025-07-07 21:44:28.227066113,2025-07-07 21:44:28.627066113,2025-07-07 21:44:28.602066113,RGM_0288908,1,0.0026472802874234,False,False
N033_C0001872,33,2025-07-07 21:44:28.577066113,2025-07-07 21:44:28.777066113,2025-07-07 21:44:28.602066113,RGM_0288909,2,0.0023677619764655,False,False
N033_C0001873,33,2025-07-07 21:44:28.977066113,2025-07-07 21:44:29.477066113,2025-07-07 21:44:29.127066113,RGM_0288923,2,0.0029228818506484,False,False
N031_C0001536,31,2025-07-07 21:44:30.052066113,2025-07-07 21:44:30.827066113,2025-07-07 21:44:30.127066113,RGM_0288928,1,0.0019867326187771,False,False
N033_C0001874,33,2025-07-07 21:44:30.602066113,2025-07-07 21:44:31.177066113,2025-07-07 21:44:31.002066113,RGM_0288933,4,0.0025372260322144,False,False
N031_C0001537,31,2025-07-07 21:44:30.927066113,2025-07-07 21:44:31.127066113,2025-07-07 21:44:31.027066113,RGM_0288937,1,0.0023915802730452,False,False
N023_C0000915,23,2025-07-07 21:44:31.002066113,2025-07-07 21:44:31.102066113,2025-07-07 21:44:31.052066113,RGM_0288939,1,0.0008128916591109,False,False
N029_C0001199,29,2025-07-07 21:44:31.002066113,2025-07-07 21:44:31.102066113,2025-07-07 21:44:31.052066113,RGM_0288941,2,0.0023847435794527,False,False
N030_C0001345,30,2025-07-07 21:44:31.002066113,2025-07-07 21:44:31.102066113,2025-07-07 21:44:31.052066113,RGM_0288938,1,0.0023847435794527,False,False
N029_C0001200,29,2025-07-07 21:44:36.077066113,2025-07-07 21:44:36.202066113,2025-07-07 21:44:36.127066113,RGM_0288985,1,0.0037465033471993,False,False
N031_C0001538,31,2025-07-07 21:44:36.027066113,2025-07-07 21:44:36.227066113,2025-07-07 21:44:36.127066113,RGM_0288984,1,0.0037591652274616,False,False
N023_C0000916,23,2025-07-07 21:44:36.102066113,2025-07-07 21:44:36.202066113,2025-07-07 21:44:36.152066113,RGM_0288990,1,0.0011118906365026,False,False
N033_C0001875,33,2025-07-07 21:44:35.977066113,2025-07-07 21:44:36.602066113,2025-07-07 21:44:36.177066113,RGM_0288993,5,0.0038214218200323,False,False
N023_C0000917,23,2025-07-07 21:44:43.977066113,2025-07-07 21:44:44.027066113,2025-07-07 21:44:44.002066113,RGM_0289055,1,0.0006196420946974,False,False
N029_C0001201,29,2025-07-07 21:44:43.202066113,2025-07-07 21:44:44.102066113,2025-07-07 21:44:44.002066113,RGM_0289057,1,0.0059082078858589,False,False
N033_C0001876,33,2025-07-07 21:44:43.977066113,2025-07-07 21:44:44.477066113,2025-07-07 21:44:44.002066113,RGM_0289054,2,0.0053590183229426,False,False
N033_C0001877,33,2025-07-07 21:44:46.102066113,2025-07-07 21:44:46.727066113,2025-07-07 21:44:46.352066113,RGM_0289073,7,0.0092623394823136,False,False
N023_C0000918,23,2025-07-07 21:44:46.102066113,2025-07-07 21:44:46.602066113,2025-07-07 21:44:46.527066113,RGM_0289077,4,0.0017898027668033,False,False
N031_C0001539,31,2025-07-07 21:44:46.477066113,2025-07-07 21:44:46.577066113,2025-07-07 21:44:46.527066113,RGM_0289078,1,0.0046274722081636,False,False
N023_C0000919,23,2025-07-07 21:44:50.377066113,2025-07-07 21:44:50.427066113,2025-07-07 21:44:50.402066113,RGM_0289109,1,0.0002602565083573,False,False
N031_C0001540,31,2025-07-07 21:44:50.327066113,2025-07-07 21:44:50.452066113,2025-07-07 21:44:50.402066113,RGM_0289110,1,0.0026641896555369,False,False
N033_C0001878,33,2025-07-07 21:44:50.227066113,2025-07-07 21:44:51.177066113,2025-07-07 21:44:50.402066113,RGM_0289108,1,0.0034666890683592,False,False
N033_C0001879,33,2025-07-07 21:44:51.402066113,2025-07-07 21:44:54.227066113,2025-07-07 21:44:53.152066113,RGM_0289141,16,0.0057347880393339,False,False
N033_C0001880,33,2025-07-07 21:44:55.602066113,2025-07-07 21:44:57.977066113,2025-07-07 21:44:56.077066113,RGM_0289181,13,0.007121433240201,False,False
N023_C0000920,23,2025-07-07 21:44:55.977066113,2025-07-07 21:44:57.977066113,2025-07-07 21:44:56.752066113,RGM_0289188,6,0.0002772070608784,False,False
N023_C0000921,23,2025-07-07 21:45:05.727066113,2025-07-07 21:45:05.977066113,2025-07-07 21:45:05.802066113,RGM_0289293,1,5.285555072160764e-05,False,False
N033_C0001881,33,2025-07-07 21:45:07.477066113,2025-07-07 21:45:07.977066113,2025-07-07 21:45:07.577066113,RGM_0289312,4,0.0032812662965415,False,False
N029_C0001202,29,2025-07-07 21:45:13.827066113,2025-07-07 21:45:14.027066113,2025-07-07 21:45:13.952066113,RGM_0289363,1,0.0038261944522638,False,False
N031_C0001541,31,2025-07-07 21:45:13.727066113,2025-07-07 21:45:14.227066113,2025-07-07 21:45:13.977066113,RGM_0289365,1,0.0038685683331468,False,False
N032_C0001684,32,2025-07-07 21:45:13.927066113,2025-07-07 21:45:14.127066113,2025-07-07 21:45:14.027066113,RGM_0289367,2,0.0038339830920038,False,False
N082_C0004307,82,2025-07-07 21:45:16.427066113,2025-07-07 21:45:16.477066113,2025-07-07 21:45:16.452066113,RGM_0289385,1,8.930305254470214e-06,False,False
N082_C0004308,82,2025-07-07 21:45:16.977066113,2025-07-07 21:45:18.977066113,2025-07-07 21:45:17.202066113,RGM_0289397,1,0.0004631917571699,False,False
N031_C0001542,31,2025-07-07 21:45:21.677066113,2025-07-07 21:45:21.877066113,2025-07-07 21:45:21.802066113,RGM_0289426,1,0.0013414196220574,False,False
N033_C0001882,33,2025-07-07 21:45:21.752066113,2025-07-07 21:45:21.852066113,2025-07-07 21:45:21.802066113,RGM_0289427,1,0.0010643043866416,False,False
N023_C0000922,23,2025-07-07 21:45:22.427066113,2025-07-07 21:45:22.652066113,2025-07-07 21:45:22.602066113,RGM_0289438,1,7.255092845882516e-05,False,False
N033_C0001883,33,2025-07-07 21:45:24.602066113,2025-07-07 21:45:25.227066113,2025-07-07 21:45:24.977066113,RGM_0289452,7,0.0028647362287695,False,False
N033_C0001884,33,2025-07-07 21:45:27.402066113,2025-07-07 21:45:27.602066113,2025-07-07 21:45:27.577066113,RGM_0289484,1,0.0002599634505252,False,False
N023_C0000923,23,2025-07-07 21:45:30.152066113,2025-07-07 21:45:30.202066113,2025-07-07 21:45:30.177066113,RGM_0289534,1,0.0001355439482792,False,False
N031_C0001543,31,2025-07-07 21:45:30.152066113,2025-07-07 21:45:30.202066113,2025-07-07 21:45:30.177066113,RGM_0289533,1,0.0015370890006158,False,False
N033_C0001885,33,2025-07-07 21:45:30.127066113,2025-07-07 21:45:31.352066113,2025-07-07 21:45:30.202066113,RGM_0289536,2,0.0031739699907802,False,False
N031_C0001544,31,2025-07-07 21:45:38.477066113,2025-07-07 21:45:38.552066113,2025-07-07 21:45:38.502066113,RGM_0289601,1,0.0002657872545939,False,False
N033_C0001886,33,2025-07-07 21:45:38.427066113,2025-07-07 21:45:40.002066113,2025-07-07 21:45:39.527066113,RGM_0289621,9,0.0032084095784465,False,False
N033_C0001887,33,2025-07-07 21:45:41.027066113,2025-07-07 21:45:41.327066113,2025-07-07 21:45:41.127066113,RGM_0289633,7,0.001225800615118,False,False
N033_C0001888,33,2025-07-07 21:45:44.377066113,2025-07-07 21:45:44.677066113,2025-07-07 21:45:44.552066113,RGM_0289663,2,0.0010492697480091,False,False
N033_C0001889,33,2025-07-07 21:45:46.627066113,2025-07-07 21:45:47.377066113,2025-07-07 21:45:46.702066113,RGM_0289681,6,0.0035352174205827,False,False
N033_C0001890,33,2025-07-07 21:45:49.377066113,2025-07-07 21:45:49.577066113,2025-07-07 21:45:49.427066113,RGM_0289714,1,0.0019460782170053,False,False
N033_C0001891,33,2025-07-07 21:45:51.477066113,2025-07-07 21:45:52.602066113,2025-07-07 21:45:52.252066113,RGM_0289737,9,0.0047335382613327,False,False
N033_C0001892,33,2025-07-07 21:45:53.102066113,2025-07-07 21:45:54.477066113,2025-07-07 21:45:54.002066113,RGM_0289748,4,0.0032121456984952,False,False
N031_C0001545,31,2025-07-07 21:45:54.027066113,2025-07-07 21:45:54.077066113,2025-07-07 21:45:54.052066113,RGM_0289751,1,0.0019798477154269,False,False
N033_C0001893,33,2025-07-07 21:45:58.477066113,2025-07-07 21:45:58.977066113,2025-07-07 21:45:58.727066113,RGM_0289780,8,0.0040950859747346,False,False
N023_C0000924,23,2025-07-07 21:45:58.602066113,2025-07-07 21:45:59.227066113,2025-07-07 21:45:58.877066113,RGM_0289789,4,0.0004487804415512,False,False
N031_C0001546,31,2025-07-07 21:46:01.427066113,2025-07-07 21:46:01.677066113,2025-07-07 21:46:01.577066113,RGM_0289811,1,0.0015163212638006,False,False
N033_C0001894,33,2025-07-07 21:46:01.477066113,2025-07-07 21:46:01.677066113,2025-07-07 21:46:01.577066113,RGM_0289812,3,0.0009355000600656,False,False
N031_C0001547,31,2025-07-07 21:46:02.252066113,2025-07-07 21:46:02.352066113,2025-07-07 21:46:02.302066113,RGM_0289835,1,0.0006416640253115,False,False
N033_C0001895,33,2025-07-07 21:46:02.277066113,2025-07-07 21:46:02.327066113,2025-07-07 21:46:02.302066113,RGM_0289834,2,0.0002937288745738,False,False
N023_C0000925,23,2025-07-07 21:46:03.927066113,2025-07-07 21:46:04.127066113,2025-07-07 21:46:04.027066113,RGM_0289864,2,0.0002469184740662,False,False
N033_C0001896,33,2025-07-07 21:46:03.727066113,2025-07-07 21:46:04.352066113,2025-07-07 21:46:04.102066113,RGM_0289869,5,0.0022044159340692,False,False
N033_C0001897,33,2025-07-07 21:46:04.727066113,2025-07-07 21:46:04.977066113,2025-07-07 21:46:04.902066113,RGM_0289877,2,0.0008891333829431,False,False
N033_C0001898,33,2025-07-07 21:46:05.527066113,2025-07-07 21:46:05.727066113,2025-07-07 21:46:05.602066113,RGM_0289885,5,0.0027896217245147,False,False
N033_C0001899,33,2025-07-07 21:46:08.827066113,2025-07-07 21:46:09.477066113,2025-07-07 21:46:09.052066113,RGM_0289911,3,0.0013085705925212,False,False
N031_C0001548,31,2025-07-07 21:46:12.402066113,2025-07-07 21:46:12.502066113,2025-07-07 21:46:12.452066113,RGM_0289940,1,0.0019366850286974,False,False
N033_C0001900,33,2025-07-07 21:46:12.352066113,2025-07-07 21:46:12.502066113,2025-07-07 21:46:12.452066113,RGM_0289942,1,0.001939218980471,False,False
N033_C0001901,33,2025-07-07 21:46:31.227066113,2025-07-07 21:46:31.777066113,2025-07-07 21:46:31.627066113,RGM_0290096,5,0.0055946042479066,False,False
N023_C0000926,23,2025-07-07 21:46:31.477066113,2025-07-07 21:46:31.977066113,2025-07-07 21:46:31.677066113,RGM_0290097,4,0.0025325169382657,False,False
N032_C0001685,32,2025-07-07 21:46:31.577066113,2025-07-07 21:46:31.777066113,2025-07-07 21:46:31.677066113,RGM_0290099,1,0.0055551959081773,False,False
N031_C0001549,31,2025-07-07 21:46:31.677066113,2025-07-07 21:46:31.727066113,2025-07-07 21:46:31.702066113,RGM_0290112,1,0.0049865036519778,False,False
N033_C0001902,33,2025-07-07 21:46:34.477066113,2025-07-07 21:46:35.727066113,2025-07-07 21:46:34.702066113,RGM_0290141,5,0.0046272162704193,False,False
N023_C0000927,23,2025-07-07 21:46:42.002066113,2025-07-07 21:46:43.227066113,2025-07-07 21:46:42.502066113,RGM_0290202,2,0.0002222816540203,False,False
N023_C0000928,23,2025-07-07 21:46:51.352066113,2025-07-07 21:46:51.927066113,2025-07-07 21:46:51.752066113,RGM_0290258,2,0.0002228231345312,False,False
N031_C0001550,31,2025-07-07 21:46:51.777066113,2025-07-07 21:46:51.827066113,2025-07-07 21:46:51.802066113,RGM_0290259,1,0.0001591494135561,False,False
N023_C0000929,23,2025-07-07 21:46:52.302066113,2025-07-07 21:46:52.427066113,2025-07-07 21:46:52.352066113,RGM_0290263,1,4.184136484432957e-05,False,False
N111_C0004385,111,2025-07-07 21:46:53.677066113,2025-07-07 21:46:56.676175987,2025-07-07 21:46:53.927066113,RGM_0290281,1,0.001578995091529,False,False
N033_C0001903,33,2025-07-07 21:46:55.426175987,2025-07-07 21:46:55.626175987,2025-07-07 21:46:55.526175987,RGM_0290291,1,0.0005298386443186,False,False
N033_C0001904,33,2025-07-07 21:46:58.026175987,2025-07-07 21:46:58.226175987,2025-07-07 21:46:58.126175987,RGM_0290320,1,0.0019005327597269,False,False
N082_C0004309,82,2025-07-07 21:46:58.351175987,2025-07-07 21:47:00.476175987,2025-07-07 21:46:58.601175987,RGM_0290339,1,0.0002718231278029,False,False
N033_C0001905,33,2025-07-07 21:46:59.626175987,2025-07-07 21:46:59.676175987,2025-07-07 21:46:59.651175987,RGM_0290349,2,0.0022369422926416,False,False
N023_C0000930,23,2025-07-07 21:47:02.726175987,2025-07-07 21:47:02.926175987,2025-07-07 21:47:02.826175987,RGM_0290378,1,0.0007947327460863,False,False
N033_C0001906,33,2025-07-07 21:47:02.851175987,2025-07-07 21:47:02.951175987,2025-07-07 21:47:02.901175987,RGM_0290381,1,0.0002262644959843,False,False
N033_C0001907,33,2025-07-07 21:47:03.101175987,2025-07-07 21:47:03.601175987,2025-07-07 21:47:03.426175987,RGM_0290387,1,0.0021772127732166,False,False
N033_C0001908,33,2025-07-07 21:47:06.426175987,2025-07-07 21:47:06.676175987,2025-07-07 21:47:06.576175987,RGM_0290448,7,0.0039276596683917,False,False
N023_C0000931,23,2025-07-07 21:47:06.576175987,2025-07-07 21:47:06.626175987,2025-07-07 21:47:06.601175987,RGM_0290453,1,0.0008739749503254,False,False
N061_C0004253,61,2025-07-07 21:47:16.976175987,2025-07-07 21:47:17.976175987,2025-07-07 21:47:17.251175987,RGM_0290543,1,0.0001210561440234,False,False
N033_C0001909,33,2025-07-07 21:47:20.926175987,2025-07-07 21:47:21.026175987,2025-07-07 21:47:20.951175987,RGM_0290566,2,0.0001990098413207,False,False
N023_C0000932,23,2025-07-07 21:47:21.351175987,2025-07-07 21:47:21.851175987,2025-07-07 21:47:21.476175987,RGM_0290572,7,0.0007232181254283,False,False
N033_C0001910,33,2025-07-07 21:47:21.326175987,2025-07-07 21:47:21.851175987,2025-07-07 21:47:21.501175987,RGM_0290581,7,0.0044245922100486,False,False
N033_C0001911,33,2025-07-07 21:47:22.901175987,2025-07-07 21:47:22.951175987,2025-07-07 21:47:22.926175987,RGM_0290602,1,9.411192684363504e-05,False,False
N029_C0001203,29,2025-07-07 21:47:26.026175987,2025-07-07 21:47:26.226175987,2025-07-07 21:47:26.151175987,RGM_0290638,1,0.0009046076647299,False,False
N033_C0001912,33,2025-07-07 21:47:26.026175987,2025-07-07 21:47:26.601175987,2025-07-07 21:47:26.151175987,RGM_0290641,3,0.0039489588663736,False,False
N031_C0001551,31,2025-07-07 21:47:28.376175987,2025-07-07 21:47:28.476175987,2025-07-07 21:47:28.426175987,RGM_0290673,1,0.0019154312930318,False,False
N033_C0001913,33,2025-07-07 21:47:26.951175987,2025-07-07 21:47:28.576175987,2025-07-07 21:47:28.426175987,RGM_0290671,5,0.0020316653693436,False,False
N033_C0001914,33,2025-07-07 21:47:29.826175987,2025-07-07 21:47:30.351175987,2025-07-07 21:47:29.951175987,RGM_0290686,5,0.0012278577287279,False,False
N031_C0001552,31,2025-07-07 21:47:29.876175987,2025-07-07 21:47:30.076175987,2025-07-07 21:47:29.976175987,RGM_0290688,1,0.0008628734752215,False,False
N033_C0001915,33,2025-07-07 21:47:30.726175987,2025-07-07 21:47:30.776175987,2025-07-07 21:47:30.751175987,RGM_0290695,1,6.168204445208266e-05,False,False
N031_C0001553,31,2025-07-07 21:47:33.651175987,2025-07-07 21:47:33.701175987,2025-07-07 21:47:33.676175987,RGM_0290712,1,0.0006825545741224,False,False
N033_C0001916,33,2025-07-07 21:47:33.626175987,2025-07-07 21:47:33.826175987,2025-07-07 21:47:33.701175987,RGM_0290716,3,0.0007433028209933,False,False
N032_C0001686,32,2025-07-07 21:47:34.351175987,2025-07-07 21:47:34.476175987,2025-07-07 21:47:34.401175987,RGM_0290722,2,0.0026304417599347,False,False
N033_C0001917,33,2025-07-07 21:47:34.351175987,2025-07-07 21:47:34.626175987,2025-07-07 21:47:34.426175987,RGM_0290723,2,0.0026340405335157,False,False
N023_C0000933,23,2025-07-07 21:47:36.576175987,2025-07-07 21:47:36.776175987,2025-07-07 21:47:36.676175987,RGM_0290751,1,0.0014678978391515,False,False
N031_C0001554,31,2025-07-07 21:47:36.626175987,2025-07-07 21:47:36.726175987,2025-07-07 21:47:36.676175987,RGM_0290747,1,0.0028302976599162,False,False
N032_C0001687,32,2025-07-07 21:47:36.576175987,2025-07-07 21:47:36.776175987,2025-07-07 21:47:36.676175987,RGM_0290750,1,0.0028503193840731,False,False
N033_C0001918,33,2025-07-07 21:47:36.526175987,2025-07-07 21:47:36.776175987,2025-07-07 21:47:36.676175987,RGM_0290753,4,0.0026305350262171,False,False
N023_C0000934,23,2025-07-07 21:47:46.301175987,2025-07-07 21:47:46.401175987,2025-07-07 21:47:46.351175987,RGM_0290862,1,0.0009864934031233,False,False
N033_C0001919,33,2025-07-07 21:47:45.976175987,2025-07-07 21:47:46.476175987,2025-07-07 21:47:46.351175987,RGM_0290863,6,0.0024958850125059,False,False
N033_C0001920,33,2025-07-07 21:47:46.801175987,2025-07-07 21:47:47.026175987,2025-07-07 21:47:46.876175987,RGM_0290872,6,0.000913353300315,False,False
N023_C0000935,23,2025-07-07 21:47:46.826175987,2025-07-07 21:47:47.026175987,2025-07-07 21:47:46.926175987,RGM_0290881,1,0.0002009969692375,False,False
N033_C0001921,33,2025-07-07 21:47:48.726175987,2025-07-07 21:47:48.926175987,2025-07-07 21:47:48.801175987,RGM_0290929,2,0.0033308103175384,False,False
N033_C0001922,33,2025-07-07 21:47:49.951175987,2025-07-07 21:47:50.051175987,2025-07-07 21:47:50.001175987,RGM_0290947,1,0.0001421673349952,False,False
N023_C0000936,23,2025-07-07 21:47:53.976175987,2025-07-07 21:47:54.176175987,2025-07-07 21:47:54.101175987,RGM_0290991,1,0.0002306575428744,False,False
N033_C0001923,33,2025-07-07 21:47:53.726175987,2025-07-07 21:47:54.826175987,2025-07-07 21:47:54.126175987,RGM_0291002,16,0.0045802313328181,False,False
N023_C0000937,23,2025-07-07 21:47:54.576175987,2025-07-07 21:47:54.776175987,2025-07-07 21:47:54.676175987,RGM_0291007,1,0.0005581594445271,False,False
N033_C0001924,33,2025-07-07 21:47:55.526175987,2025-07-07 21:47:55.826175987,2025-07-07 21:47:55.626175987,RGM_0291038,5,0.0035751549716949,False,False
N033_C0001925,33,2025-07-07 21:47:56.876175987,2025-07-07 21:47:57.101175987,2025-07-07 21:47:57.026175987,RGM_0291067,1,0.0005053921475914,False,False
N033_C0001926,33,2025-07-07 21:47:58.476175987,2025-07-07 21:47:59.276175987,2025-07-07 21:47:58.526175987,RGM_0291095,3,0.0018841910243673,False,False
N032_C0001688,32,2025-07-07 21:47:58.526175987,2025-07-07 21:47:58.576175987,2025-07-07 21:47:58.551175987,RGM_0291099,1,0.0018776380671528,False,False
N033_C0001927,33,2025-07-07 21:48:00.301175987,2025-07-07 21:48:00.401175987,2025-07-07 21:48:00.351175987,RGM_0291126,2,0.0086080410136696,False,False
N023_C0000938,23,2025-07-07 21:48:03.776175987,2025-07-07 21:48:03.826175987,2025-07-07 21:48:03.801175987,RGM_0291190,1,0.000478324059492,False,False
N031_C0001555,31,2025-07-07 21:48:03.751175987,2025-07-07 21:48:03.851175987,2025-07-07 21:48:03.801175987,RGM_0291194,1,0.0026628455538868,False,False
N033_C0001928,33,2025-07-07 21:48:03.726175987,2025-07-07 21:48:03.976175987,2025-07-07 21:48:03.876175987,RGM_0291198,4,0.0027007879318504,False,False
N023_C0000939,23,2025-07-07 21:48:07.476175987,2025-07-07 21:48:07.576175987,2025-07-07 21:48:07.526175987,RGM_0291254,1,8.950520268791016e-05,False,False
N031_C0001556,31,2025-07-07 21:48:07.426175987,2025-07-07 21:48:07.626175987,2025-07-07 21:48:07.526175987,RGM_0291255,1,0.0021522670496666,False,False
N033_C0001929,33,2025-07-07 21:48:07.426175987,2025-07-07 21:48:07.626175987,2025-07-07 21:48:07.551175987,RGM_0291261,3,0.0021429466447221,False,False
N033_C0001930,33,2025-07-07 21:48:09.101175987,2025-07-07 21:48:09.726175987,2025-07-07 21:48:09.526175987,RGM_0291306,7,0.0030375562072925,False,False
N033_C0001931,33,2025-07-07 21:48:10.426175987,2025-07-07 21:48:10.626175987,2025-07-07 21:48:10.526175987,RGM_0291335,1,0.0008635772121711,False,False
N033_C0001932,33,2025-07-07 21:48:11.251175987,2025-07-07 21:48:11.301175987,2025-07-07 21:48:11.276175987,RGM_0291347,1,0.0001643593832458,False,False
N033_C0001933,33,2025-07-07 21:48:17.126175987,2025-07-07 21:48:17.226175987,2025-07-07 21:48:17.176175987,RGM_0291401,3,0.0033730369775295,False,False
N029_C0001204,29,2025-07-07 21:48:18.101175987,2025-07-07 21:48:18.201175987,2025-07-07 21:48:18.151175987,RGM_0291420,1,0.002618932124355,False,False
N030_C0001346,30,2025-07-07 21:48:18.101175987,2025-07-07 21:48:18.201175987,2025-07-07 21:48:18.151175987,RGM_0291419,1,0.0029996727975864,False,False
N033_C0001934,33,2025-07-07 21:48:17.976175987,2025-07-07 21:48:18.276175987,2025-07-07 21:48:18.151175987,RGM_0291424,5,0.0029996727975864,False,False
N023_C0000940,23,2025-07-07 21:48:18.076175987,2025-07-07 21:48:18.276175987,2025-07-07 21:48:18.176175987,RGM_0291428,3,0.001473755516161,False,False
N033_C0001935,33,2025-07-07 21:48:18.651175987,2025-07-07 21:48:18.701175987,2025-07-07 21:48:18.676175987,RGM_0291436,2,9.242181531792174e-05,False,False
N030_C0001347,30,2025-07-07 21:48:19.076175987,2025-07-07 21:48:19.276175987,2025-07-07 21:48:19.151175987,RGM_0291446,1,0.0021931804625641,False,False
N033_C0001936,33,2025-07-07 21:48:18.851175987,2025-07-07 21:48:19.351175987,2025-07-07 21:48:19.151175987,RGM_0291443,5,0.0021589167367063,False,False
N023_C0000941,23,2025-07-07 21:48:20.351175987,2025-07-07 21:48:20.851175987,2025-07-07 21:48:20.676175987,RGM_0291460,1,0.0003450309906546,False,False
N033_C0001937,33,2025-07-07 21:48:20.676175987,2025-07-07 21:48:21.251175987,2025-07-07 21:48:20.826175987,RGM_0291468,1,0.0007674192583283,False,False
N033_C0001938,33,2025-07-07 21:48:25.451175987,2025-07-07 21:48:25.726175987,2025-07-07 21:48:25.576175987,RGM_0291502,6,0.0034121140532828,False,False
N033_C0001939,33,2025-07-07 21:48:26.326175987,2025-07-07 21:48:26.576175987,2025-07-07 21:48:26.426175987,RGM_0291519,8,0.0019674299695155,False,False
N033_C0001940,33,2025-07-07 21:48:29.176175987,2025-07-07 21:48:29.826175987,2025-07-07 21:48:29.301175987,RGM_0291571,5,0.0048173718518478,False,False
N023_C0000942,23,2025-07-07 21:48:39.676175987,2025-07-07 21:48:39.876175987,2025-07-07 21:48:39.776175987,RGM_0291640,1,0.0015024312107104,False,False
N031_C0001557,31,2025-07-07 21:48:41.676175987,2025-07-07 21:48:41.726175987,2025-07-07 21:48:41.701175987,RGM_0291656,1,0.0061774892713457,False,False
N033_C0001941,33,2025-07-07 21:48:41.226175987,2025-07-07 21:48:41.976175987,2025-07-07 21:48:41.726175987,RGM_0291664,8,0.0065185501620302,False,False
N023_C0000943,23,2025-07-07 21:48:41.601175987,2025-07-07 21:48:42.101175987,2025-07-07 21:48:41.851175987,RGM_0291669,3,0.0002614529497812,False,False
N033_C0001942,33,2025-07-07 21:48:48.401175987,2025-07-07 21:48:48.501175987,2025-07-07 21:48:48.426175987,RGM_0291712,1,0.0002266667689422,False,False
N033_C0001943,33,2025-07-07 21:48:48.851175987,2025-07-07 21:48:48.951175987,2025-07-07 21:48:48.926175987,RGM_0291716,1,0.0006502205152419,False,False
N031_C0001558,31,2025-07-07 21:48:51.326175987,2025-07-07 21:48:51.526175987,2025-07-07 21:48:51.376175987,RGM_0291736,1,0.0009009195842675,False,False
N033_C0001944,33,2025-07-07 21:48:51.301175987,2025-07-07 21:48:51.426175987,2025-07-07 21:48:51.376175987,RGM_0291737,2,0.0010838338286536,False,False
N033_C0001945,33,2025-07-07 21:48:56.601175987,2025-07-07 21:48:57.226175987,2025-07-07 21:48:57.101175987,RGM_0291807,6,0.001600484658604,False,False
N033_C0001946,33,2025-07-07 21:48:57.676175987,2025-07-07 21:48:57.776175987,2025-07-07 21:48:57.726175987,RGM_0291818,1,0.0007262900152158,False,False
N023_C0000944,23,2025-07-07 21:49:02.101175987,2025-07-07 21:49:02.601175987,2025-07-07 21:49:02.351175987,RGM_0291860,1,0.0002266982195941,False,False
N033_C0001947,33,2025-07-07 21:49:03.876175987,2025-07-07 21:49:04.076175987,2025-07-07 21:49:03.976175987,RGM_0291889,1,0.0005187475003901,False,False
N033_C0001948,33,2025-07-07 21:49:04.476175987,2025-07-07 21:49:05.101175987,2025-07-07 21:49:04.701175987,RGM_0291899,4,0.0025968005000028,False,False
N033_C0001949,33,2025-07-07 21:49:05.676175987,2025-07-07 21:49:05.951175987,2025-07-07 21:49:05.876175987,RGM_0291911,1,0.0001537761465775,False,False
N033_C0001950,33,2025-07-07 21:49:06.976175987,2025-07-07 21:49:08.976175987,2025-07-07 21:49:08.226175987,RGM_0291957,13,0.0055353661997984,False,False
N023_C0000945,23,2025-07-07 21:49:06.976175987,2025-07-07 21:49:08.976175987,2025-07-07 21:49:08.276175987,RGM_0291965,10,0.0019079385684041,False,False
N029_C0001205,29,2025-07-07 21:49:08.176175987,2025-07-07 21:49:08.376175987,2025-07-07 21:49:08.276175987,RGM_0291961,1,0.0034053279968063,False,False
N033_C0001951,33,2025-07-07 21:49:10.576175987,2025-07-07 21:49:10.776175987,2025-07-07 21:49:10.726175987,RGM_0292007,1,0.0007429780044747,False,False
N033_C0001952,33,2025-07-07 21:49:14.351175987,2025-07-07 21:49:14.851175987,2025-07-07 21:49:14.601175987,RGM_0292058,1,0.0025422603943318,False,False
N033_C0001953,33,2025-07-07 21:49:15.626175987,2025-07-07 21:49:15.826175987,2025-07-07 21:49:15.676175987,RGM_0292070,2,0.0022626274621932,False,False
N030_C0001348,30,2025-07-07 21:49:16.476175987,2025-07-07 21:49:16.676175987,2025-07-07 21:49:16.576175987,RGM_0292079,1,0.0059008172230091,False,False
N029_C0001206,29,2025-07-07 21:49:16.576175987,2025-07-07 21:49:16.676175987,2025-07-07 21:49:16.626175987,RGM_0292084,1,0.0058885291613223,False,False
N033_C0001954,33,2025-07-07 21:49:16.576175987,2025-07-07 21:49:16.826175987,2025-07-07 21:49:16.676175987,RGM_0292088,2,0.0056292874221503,False,False
N033_C0001955,33,2025-07-07 21:49:18.526175987,2025-07-07 21:49:18.726175987,2025-07-07 21:49:18.676175987,RGM_0292129,7,0.0037233060389938,False,False
N023_C0000946,23,2025-07-07 21:49:24.276175987,2025-07-07 21:49:24.326175987,2025-07-07 21:49:24.301175987,RGM_0292192,1,0.0009757918797774,False,False
N030_C0001349,30,2025-07-07 21:49:24.276175987,2025-07-07 21:49:24.376175987,2025-07-07 21:49:24.326175987,RGM_0292197,1,0.0029817203361573,False,False
N033_C0001956,33,2025-07-07 21:49:24.176175987,2025-07-07 21:49:24.801175987,2025-07-07 21:49:24.701175987,RGM_0292202,11,0.0038212744966629,False,False
N033_C0001957,33,2025-07-07 21:49:27.801175987,2025-07-07 21:49:28.851175987,2025-07-07 21:49:28.601175987,RGM_0292251,6,0.0012931428716328,False,False
N023_C0000947,23,2025-07-07 21:49:28.351175987,2025-07-07 21:49:28.851175987,2025-07-07 21:49:28.676175987,RGM_0292254,11,0.0018611348956073,False,False
N029_C0001207,29,2025-07-07 21:49:28.576175987,2025-07-07 21:49:28.776175987,2025-07-07 21:49:28.676175987,RGM_0292256,1,0.0018611348956073,False,False
N023_C0000948,23,2025-07-07 21:49:33.676175987,2025-07-07 21:49:33.876175987,2025-07-07 21:49:33.751175987,RGM_0292325,2,0.0010882291834436,False,False
N033_C0001958,33,2025-07-07 21:49:33.676175987,2025-07-07 21:49:34.501175987,2025-07-07 21:49:33.751175987,RGM_0292318,6,0.0021764215388442,False,False
N055_C0003844,55,2025-07-07 21:49:34.351175987,2025-07-07 21:49:34.401175987,2025-07-07 21:49:34.376175987,RGM_0292335,1,4.40705096978454e-05,False,False
N023_C0000949,23,2025-07-07 21:49:34.426175987,2025-07-07 21:49:34.501175987,2025-07-07 21:49:34.476175987,RGM_0292337,1,3.3458469087523007e-05,False,False
N055_C0003845,55,2025-07-07 21:49:35.726175987,2025-07-07 21:49:35.826175987,2025-07-07 21:49:35.776175987,RGM_0292361,1,0.0020598549392086,False,False
N056_C0004124,56,2025-07-07 21:49:34.976175987,2025-07-07 21:49:36.976175987,2025-07-07 21:49:35.976175987,RGM_0292368,4,0.001646152421604,False,False
N057_C0004177,57,2025-07-07 21:49:35.726175987,2025-07-07 21:49:36.726175987,2025-07-07 21:49:36.226175987,RGM_0292370,2,0.0008940684550695,False,False
N023_C0000950,23,2025-07-07 21:49:45.476175987,2025-07-07 21:49:46.576175987,2025-07-07 21:49:45.876175987,RGM_0292476,2,0.0003383810674312,False,False
N033_C0001959,33,2025-07-07 21:49:45.801175987,2025-07-07 21:49:45.901175987,2025-07-07 21:49:45.876175987,RGM_0292475,1,0.000156214826055,False,False
N033_C0001960,33,2025-07-07 21:49:51.926175987,2025-07-07 21:49:52.126175987,2025-07-07 21:49:52.026175987,RGM_0292550,2,0.0005749515626822,False,False
N023_C0000951,23,2025-07-07 21:49:52.826175987,2025-07-07 21:49:52.926175987,2025-07-07 21:49:52.876175987,RGM_0292558,1,0.0003299874519073,False,False
N033_C0001961,33,2025-07-07 21:49:52.776175987,2025-07-07 21:49:53.026175987,2025-07-07 21:49:52.926175987,RGM_0292572,3,0.0026862342806287,False,False
N023_C0000952,23,2025-07-07 21:49:55.101175987,2025-07-07 21:49:55.726175987,2025-07-07 21:49:55.576175987,RGM_0292618,4,0.0014749895704953,False,False
N029_C0001208,29,2025-07-07 21:49:55.526175987,2025-07-07 21:49:55.626175987,2025-07-07 21:49:55.576175987,RGM_0292617,1,0.0018625461574456,False,False
N033_C0001962,33,2025-07-07 21:49:59.976175987,2025-07-07 21:50:00.026175987,2025-07-07 21:50:00.001175987,RGM_0292687,1,6.090136263497896e-05,False,False
N029_C0001209,29,2025-07-07 21:50:00.876175987,2025-07-07 21:50:00.926175987,2025-07-07 21:50:00.901175987,RGM_0292704,1,0.0002276780838807,False,False
N033_C0001963,33,2025-07-07 21:50:00.851175987,2025-07-07 21:50:01.426175987,2025-07-07 21:50:01.301175987,RGM_0292709,3,0.002576167542365,False,False
N031_C0001559,31,2025-07-07 21:50:01.226175987,2025-07-07 21:50:01.426175987,2025-07-07 21:50:01.326175987,RGM_0292714,1,0.0023006148487891,False,False
N023_C0000953,23,2025-07-07 21:50:04.226175987,2025-07-07 21:50:04.726175987,2025-07-07 21:50:04.451175987,RGM_0292762,2,0.0003436007793767,False,False
N033_C0001964,33,2025-07-07 21:50:05.726175987,2025-07-07 21:50:06.226175987,2025-07-07 21:50:05.976175987,RGM_0292779,3,0.0034109199167531,False,False
N033_C0001965,33,2025-07-07 21:50:06.326175987,2025-07-07 21:50:06.651175987,2025-07-07 21:50:06.376175987,RGM_0292795,1,0.0009122171377756,False,False
N030_C0001350,30,2025-07-07 21:50:12.626175987,2025-07-07 21:50:12.676175987,2025-07-07 21:50:12.651175987,RGM_0292851,1,0.0090759814930624,False,False
N031_C0001560,31,2025-07-07 21:50:12.626175987,2025-07-07 21:50:12.726175987,2025-07-07 21:50:12.651175987,RGM_0292854,1,0.009095297769315,False,False
N032_C0001689,32,2025-07-07 21:50:12.626175987,2025-07-07 21:50:12.826175987,2025-07-07 21:50:12.726175987,RGM_0292860,2,0.009122838652223,False,False
N033_C0001966,33,2025-07-07 21:50:12.601175987,2025-07-07 21:50:13.126175987,2025-07-07 21:50:12.726175987,RGM_0292861,4,0.0097861922118578,False,False
N023_C0000954,23,2025-07-07 21:50:14.476175987,2025-07-07 21:50:14.576175987,2025-07-07 21:50:14.526175987,RGM_0292900,1,0.0009901382110848,False,False
N033_C0001967,33,2025-07-07 21:50:14.476175987,2025-07-07 21:50:15.326175987,2025-07-07 21:50:14.551175987,RGM_0292901,6,0.0056915758372083,False,False
N023_C0000955,23,2025-07-07 21:50:15.201175987,2025-07-07 21:50:15.251175987,2025-07-07 21:50:15.226175987,RGM_0292907,1,0.0005165276728518,False,False
N033_C0001968,33,2025-07-07 21:50:18.776175987,2025-07-07 21:50:18.976175987,2025-07-07 21:50:18.876175987,RGM_0292944,3,0.0022982484355205,False,False
N057_C0004178,57,2025-07-07 21:50:17.476175987,2025-07-07 21:50:19.976175987,2025-07-07 21:50:19.176175987,RGM_0292952,3,0.0007366890244506,False,False
N023_C0000956,23,2025-07-07 21:50:19.526175987,2025-07-07 21:50:19.626175987,2025-07-07 21:50:19.576175987,RGM_0292955,1,0.0005070167360874,False,False
N033_C0001969,33,2025-07-07 21:50:19.476175987,2025-07-07 21:50:19.976175987,2025-07-07 21:50:19.601175987,RGM_0292961,4,0.0052547800031806,False,False
N033_C0001970,33,2025-07-07 21:50:23.501175987,2025-07-07 21:50:23.601175987,2025-07-07 21:50:23.551175987,RGM_0293017,1,0.0012274698940744,False,False
N033_C0001971,33,2025-07-07 21:50:24.076175987,2025-07-07 21:50:24.526175987,2025-07-07 21:50:24.501175987,RGM_0293032,1,0.0003347373185204,False,False
N033_C0001972,33,2025-07-07 21:50:24.726175987,2025-07-07 21:50:25.276175987,2025-07-07 21:50:25.076175987,RGM_0293038,11,0.0053706986770778,False,False
N023_C0000957,23,2025-07-07 21:50:24.851175987,2025-07-07 21:50:25.351175987,2025-07-07 21:50:25.126175987,RGM_0293039,1,0.0020562404162578,False,False
N031_C0001561,31,2025-07-07 21:50:25.126175987,2025-07-07 21:50:25.176175987,2025-07-07 21:50:25.151175987,RGM_0293046,1,0.005213866073368,False,False
N030_C0001351,30,2025-07-07 21:50:25.076175987,2025-07-07 21:50:25.276175987,2025-07-07 21:50:25.176175987,RGM_0293052,1,0.0043416265019032,False,False
N032_C0001690,32,2025-07-07 21:50:25.076175987,2025-07-07 21:50:25.276175987,2025-07-07 21:50:25.176175987,RGM_0293054,1,0.0052247942661609,False,False
N033_C0001973,33,2025-07-07 21:50:28.976175987,2025-07-07 21:50:29.826175987,2025-07-07 21:50:29.301175987,RGM_0293097,12,0.0041710065372129,False,False
N023_C0000958,23,2025-07-07 21:50:29.276175987,2025-07-07 21:50:29.376175987,2025-07-07 21:50:29.326175987,RGM_0293103,1,0.0004591871846728,False,False
N031_C0001562,31,2025-07-07 21:50:29.276175987,2025-07-07 21:50:29.376175987,2025-07-07 21:50:29.326175987,RGM_0293102,1,0.0041710065372129,False,False
N023_C0000959,23,2025-07-07 21:50:29.476175987,2025-07-07 21:50:29.676175987,2025-07-07 21:50:29.576175987,RGM_0293113,2,0.0008271608060578,False,False
N029_C0001210,29,2025-07-07 21:50:29.626175987,2025-07-07 21:50:29.726175987,2025-07-07 21:50:29.676175987,RGM_0293118,1,0.0009702888839129,False,False
N033_C0001974,33,2025-07-07 21:50:30.351175987,2025-07-07 21:50:30.401175987,2025-07-07 21:50:30.376175987,RGM_0293124,1,0.0001055963025627,False,False
N033_C0001975,33,2025-07-07 21:50:30.851175987,2025-07-07 21:50:31.726175987,2025-07-07 21:50:31.226175987,RGM_0293132,2,0.0003007521583972,False,False
N023_C0000960,23,2025-07-07 21:50:31.251175987,2025-07-07 21:50:31.301175987,2025-07-07 21:50:31.276175987,RGM_0293133,1,3.194031314828041e-05,False,False
N033_C0001976,33,2025-07-07 21:50:33.226175987,2025-07-07 21:50:33.851175987,2025-07-07 21:50:33.476175987,RGM_0293157,7,0.0027372553605729,False,False
N033_C0001977,33,2025-07-07 21:50:34.751175987,2025-07-07 21:50:34.801175987,2025-07-07 21:50:34.776175987,RGM_0293171,1,9.409260908153063e-05,False,False
N033_C0001978,33,2025-07-07 21:50:36.226175987,2025-07-07 21:50:37.676175987,2025-07-07 21:50:36.451175987,RGM_0293189,11,0.0069720037202195,False,False
N030_C0001352,30,2025-07-07 21:50:36.651175987,2025-07-07 21:50:36.701175987,2025-07-07 21:50:36.676175987,RGM_0293199,1,0.0013734900971284,False,False
N031_C0001563,31,2025-07-07 21:50:36.576175987,2025-07-07 21:50:36.776175987,2025-07-07 21:50:36.676175987,RGM_0293197,1,0.0021718114592048,False,False
N031_C0001564,31,2025-07-07 21:50:37.076175987,2025-07-07 21:50:37.201175987,2025-07-07 21:50:37.126175987,RGM_0293207,1,0.0028549906683194,False,False
N032_C0001691,32,2025-07-07 21:50:37.101175987,2025-07-07 21:50:37.151175987,2025-07-07 21:50:37.126175987,RGM_0293205,1,0.0028418621968531,False,False
N033_C0001979,33,2025-07-07 21:50:38.526175987,2025-07-07 21:50:38.576175987,2025-07-07 21:50:38.551175987,RGM_0293222,1,0.0001550861666727,False,False
N033_C0001980,33,2025-07-07 21:50:41.026175987,2025-07-07 21:50:41.726175987,2025-07-07 21:50:41.651175987,RGM_0293270,2,0.0011515097075301,False,False
N023_C0000961,23,2025-07-07 21:50:41.651175987,2025-07-07 21:50:41.751175987,2025-07-07 21:50:41.676175987,RGM_0293273,1,0.0001037481695178,False,False
N031_C0001565,31,2025-07-07 21:50:41.626175987,2025-07-07 21:50:41.726175987,2025-07-07 21:50:41.676175987,RGM_0293272,1,0.0009478860334348,False,False
N033_C0001981,33,2025-07-07 21:50:42.101175987,2025-07-07 21:50:42.601175987,2025-07-07 21:50:42.401175987,RGM_0293293,4,0.0030658894122051,False,False
N033_C0001982,33,2025-07-07 21:50:44.726175987,2025-07-07 21:50:45.226175987,2025-07-07 21:50:44.976175987,RGM_0293341,1,0.0024325845920731,False,False
N032_C0001692,32,2025-07-07 21:50:47.926175987,2025-07-07 21:50:48.126175987,2025-07-07 21:50:48.026175987,RGM_0293388,1,0.0048603633375193,False,False
N033_C0001983,33,2025-07-07 21:50:48.001175987,2025-07-07 21:50:48.576175987,2025-07-07 21:50:48.101175987,RGM_0293394,3,0.0049091139791912,False,False
N033_C0001984,33,2025-07-07 21:50:48.826175987,2025-07-07 21:50:48.876175987,2025-07-07 21:50:48.851175987,RGM_0293397,1,0.0011970748726818,False,False
N057_C0004179,57,2025-07-07 21:50:58.476175987,2025-07-07 21:50:59.976175987,2025-07-07 21:50:58.926175987,RGM_0293535,1,0.0003317509523417,False,False
N023_C0000962,23,2025-07-07 21:51:00.151175987,2025-07-07 21:51:00.276175987,2025-07-07 21:51:00.226175987,RGM_0293561,4,0.0008579775169136,False,False
N030_C0001353,30,2025-07-07 21:51:00.176175987,2025-07-07 21:51:00.276175987,2025-07-07 21:51:00.226175987,RGM_0293568,1,0.0026749511490276,False,False
N033_C0001985,33,2025-07-07 21:50:59.976175987,2025-07-07 21:51:01.251175987,2025-07-07 21:51:00.226175987,RGM_0293567,21,0.0057739437096609,False,False
N033_C0001986,33,2025-07-07 21:51:02.726175987,2025-07-07 21:51:03.226175987,2025-07-07 21:51:02.976175987,RGM_0293611,10,0.0030910948929598,False,False
N033_C0001987,33,2025-07-07 21:51:03.626175987,2025-07-07 21:51:03.826175987,2025-07-07 21:51:03.701175987,RGM_0293634,1,0.0005009820387514,False,False
N033_C0001988,33,2025-07-07 21:51:04.876175987,2025-07-07 21:51:05.076175987,2025-07-07 21:51:05.001175987,RGM_0293648,4,0.0008713813552783,False,False
N033_C0001989,33,2025-07-07 21:51:05.351175987,2025-07-07 21:51:05.976175987,2025-07-07 21:51:05.751175987,RGM_0293670,9,0.0045505910284131,False,False
N023_C0000963,23,2025-07-07 21:51:06.476175987,2025-07-07 21:51:06.601175987,2025-07-07 21:51:06.526175987,RGM_0293688,1,0.0003560543129005,False,False
N031_C0001566,31,2025-07-07 21:51:06.501175987,2025-07-07 21:51:06.551175987,2025-07-07 21:51:06.526175987,RGM_0293684,1,0.0038865305048002,False,False
N029_C0001211,29,2025-07-07 21:51:06.501175987,2025-07-07 21:51:06.601175987,2025-07-07 21:51:06.551175987,RGM_0293690,1,0.0030623365865667,False,False
N033_C0001990,33,2025-07-07 21:51:06.451175987,2025-07-07 21:51:06.676175987,2025-07-07 21:51:06.576175987,RGM_0293694,5,0.0039041613480376,False,False
N031_C0001567,31,2025-07-07 21:51:08.376175987,2025-07-07 21:51:08.426175987,2025-07-07 21:51:08.401175987,RGM_0293710,1,0.0012787555724293,False,False
N033_C0001991,33,2025-07-07 21:51:08.226175987,2025-07-07 21:51:09.001175987,2025-07-07 21:51:08.401175987,RGM_0293709,3,0.0017807679688412,False,False
N023_C0000964,23,2025-07-07 21:51:09.201175987,2025-07-07 21:51:09.301175987,2025-07-07 21:51:09.251175987,RGM_0293722,2,0.0006105594666463,False,False
N033_C0001992,33,2025-07-07 21:51:11.901175987,2025-07-07 21:51:12.601175987,2025-07-07 21:51:12.351175987,RGM_0293753,12,0.0050227323897922,False,False
N033_C0001993,33,2025-07-07 21:51:16.976175987,2025-07-07 21:51:18.976175987,2025-07-07 21:51:18.026175987,RGM_0293794,4,0.0090142707577178,False,False
N029_C0001212,29,2025-07-07 21:51:18.526175987,2025-07-07 21:51:18.726175987,2025-07-07 21:51:18.651175987,RGM_0293807,1,0.00588535637587,False,False
N023_C0000965,23,2025-07-07 21:51:18.876175987,2025-07-07 21:51:19.076175987,2025-07-07 21:51:18.976175987,RGM_0293828,1,0.0001089081463076,False,False
N033_C0001994,33,2025-07-07 21:51:19.901175987,2025-07-07 21:51:20.001175987,2025-07-07 21:51:19.926175987,RGM_0293838,2,0.0001391860287466,False,False
N031_C0001568,31,2025-07-07 21:51:21.026175987,2025-07-07 21:51:21.076175987,2025-07-07 21:51:21.051175987,RGM_0293848,1,0.0022237312594543,False,False
N032_C0001693,32,2025-07-07 21:51:21.026175987,2025-07-07 21:51:21.076175987,2025-07-07 21:51:21.051175987,RGM_0293853,1,0.0022237312594543,False,False
N033_C0001995,33,2025-07-07 21:51:20.976175987,2025-07-07 21:51:21.226175987,2025-07-07 21:51:21.076175987,RGM_0293854,4,0.0022995409076942,False,False
N033_C0001996,33,2025-07-07 21:51:25.576175987,2025-07-07 21:51:25.826175987,2025-07-07 21:51:25.726175987,RGM_0293910,7,0.0031046604154479,False,False
N033_C0001997,33,2025-07-07 21:51:32.226175987,2025-07-07 21:51:32.776175987,2025-07-07 21:51:32.526175987,RGM_0293995,6,0.0032478520449738,False,False
N033_C0001998,33,2025-07-07 21:51:36.126175987,2025-07-07 21:51:37.676175987,2025-07-07 21:51:36.401175987,RGM_0294058,8,0.0037098359424345,False,False
N023_C0000966,23,2025-07-07 21:51:44.226175987,2025-07-07 21:51:44.326175987,2025-07-07 21:51:44.276175987,RGM_0294127,1,0.0007990457918169,False,False
N033_C0001999,33,2025-07-07 21:51:44.201175987,2025-07-07 21:51:44.326175987,2025-07-07 21:51:44.276175987,RGM_0294128,3,0.0038438860135573,False,False
N030_C0001354,30,2025-07-07 21:51:45.601175987,2025-07-07 21:51:46.101175987,2025-07-07 21:51:45.851175987,RGM_0294160,1,0.0031074048049849,False,False
N033_C0002000,33,2025-07-07 21:51:45.626175987,2025-07-07 21:51:46.226175987,2025-07-07 21:51:46.051175987,RGM_0294161,6,0.0029633641643952,False,False
N033_C0002001,33,2025-07-07 21:51:47.651175987,2025-07-07 21:51:48.276175987,2025-07-07 21:51:48.076175987,RGM_0294182,2,0.000636587139434,False,False
N033_C0002002,33,2025-07-07 21:51:59.426175987,2025-07-07 21:51:59.676175987,2025-07-07 21:51:59.551175987,RGM_0294305,6,0.001254613933203,False,False
N033_C0002003,33,2025-07-07 21:52:01.851175987,2025-07-07 21:52:02.351175987,2025-07-07 21:52:02.276175987,RGM_0294353,1,0.0019544974868614,False,False
N030_C0001355,30,2025-07-07 21:52:02.251175987,2025-07-07 21:52:02.351175987,2025-07-07 21:52:02.301175987,RGM_0294355,1,0.0007556184594225,False,False
N031_C0001569,31,2025-07-07 21:52:02.226175987,2025-07-07 21:52:02.426175987,2025-07-07 21:52:02.301175987,RGM_0294354,1,0.0010074845576709,False,False
N031_C0001570,31,2025-07-07 21:52:03.601175987,2025-07-07 21:52:04.351175987,2025-07-07 21:52:04.176175987,RGM_0294372,1,0.0027126380741227,False,False
N033_C0002004,33,2025-07-07 21:52:03.976175987,2025-07-07 21:52:04.476175987,2025-07-07 21:52:04.226175987,RGM_0294374,6,0.0026959163771513,False,False
N033_C0002005,33,2025-07-07 21:52:04.776175987,2025-07-07 21:52:06.226175987,2025-07-07 21:52:05.826175987,RGM_0294414,3,0.0070438990531327,False,False
N033_C0002006,33,2025-07-07 21:52:08.051175987,2025-07-07 21:52:08.151175987,2025-07-07 21:52:08.076175987,RGM_0294460,1,0.0016219985975742,False,False
N033_C0002007,33,2025-07-07 21:52:08.601175987,2025-07-07 21:52:09.226175987,2025-07-07 21:52:08.826175987,RGM_0294484,8,0.0040669664343848,False,False
N031_C0001571,31,2025-07-07 21:52:12.876175987,2025-07-07 21:52:12.976175987,2025-07-07 21:52:12.926175987,RGM_0294524,1,0.0020735188668678,False,False
N033_C0002008,33,2025-07-07 21:52:12.726175987,2025-07-07 21:52:13.651175987,2025-07-07 21:52:12.976175987,RGM_0294526,9,0.0033688201402471,False,False
N033_C0002009,33,2025-07-07 21:52:13.801175987,2025-07-07 21:52:13.926175987,2025-07-07 21:52:13.851175987,RGM_0294538,1,0.0003039235408167,False,False
N033_C0002010,33,2025-07-07 21:52:20.026175987,2025-07-07 21:52:20.226175987,2025-07-07 21:52:20.126175987,RGM_0294618,4,0.0010246029600727,False,False
N033_C0002011,33,2025-07-07 21:52:20.476175987,2025-07-07 21:52:21.726175987,2025-07-07 21:52:21.276175987,RGM_0294631,6,0.0054620399303145,False,False
N023_C0000967,23,2025-07-07 21:52:24.476175987,2025-07-07 21:52:26.476175987,2025-07-07 21:52:25.476175987,RGM_0294700,3,0.0008698722142257,False,False
N031_C0001572,31,2025-07-07 21:52:25.376175987,2025-07-07 21:52:25.576175987,2025-07-07 21:52:25.476175987,RGM_0294699,1,0.0008206740136985,False,False
N033_C0002012,33,2025-07-07 21:52:25.451175987,2025-07-07 21:52:25.551175987,2025-07-07 21:52:25.476175987,RGM_0294704,2,0.0006521335739903,False,False
N033_C0002013,33,2025-07-07 21:52:31.076175987,2025-07-07 21:52:31.276175987,2025-07-07 21:52:31.176175987,RGM_0294822,2,0.0013620073148917,False,False
N033_C0002014,33,2025-07-07 21:52:31.826175987,2025-07-07 21:52:31.951175987,2025-07-07 21:52:31.901175987,RGM_0294831,1,0.0008631980875868,False,False
N029_C0001213,29,2025-07-07 21:52:41.776175987,2025-07-07 21:52:41.976175987,2025-07-07 21:52:41.876175987,RGM_0294972,1,0.0019362953159237,False,False
N030_C0001356,30,2025-07-07 21:52:41.876175987,2025-07-07 21:52:41.926175987,2025-07-07 21:52:41.901175987,RGM_0294975,1,0.0027370856078059,False,False
N033_C0002015,33,2025-07-07 21:52:41.826175987,2025-07-07 21:52:42.026175987,2025-07-07 21:52:41.951175987,RGM_0294980,5,0.0029121700721272,False,False
N033_C0002016,33,2025-07-07 21:52:43.726175987,2025-07-07 21:52:43.776175987,2025-07-07 21:52:43.751175987,RGM_0294992,2,0.0002980141038703,False,False
N029_C0001214,29,2025-07-07 21:52:44.201175987,2025-07-07 21:52:44.251175987,2025-07-07 21:52:44.226175987,RGM_0295000,1,0.0010297356750799,False,False
N032_C0001694,32,2025-07-07 21:53:01.176175987,2025-07-07 21:53:01.276175987,2025-07-07 21:53:01.226175987,RGM_0295291,1,0.0018352326077921,False,False
N033_C0002017,33,2025-07-07 21:53:01.101175987,2025-07-07 21:53:01.626175987,2025-07-07 21:53:01.226175987,RGM_0295295,6,0.0032885820549317,False,False
N032_C0001695,32,2025-07-07 21:53:01.451175987,2025-07-07 21:53:01.551175987,2025-07-07 21:53:01.501175987,RGM_0295305,1,0.0005953491475603,False,False
N033_C0002018,33,2025-07-07 21:53:01.976175987,2025-07-07 21:53:02.476175987,2025-07-07 21:53:02.226175987,RGM_0295326,6,0.0035510962815805,False,False
N033_C0002019,33,2025-07-07 21:53:02.976175987,2025-07-07 21:53:04.976175987,2025-07-07 21:53:04.126175987,RGM_0295359,15,0.0085920166493468,False,False
N023_C0000968,23,2025-07-07 21:53:04.126175987,2025-07-07 21:53:04.226175987,2025-07-07 21:53:04.176175987,RGM_0295365,1,0.000374216841056,False,False
N033_C0002020,33,2025-07-07 21:53:05.501175987,2025-07-07 21:53:05.551175987,2025-07-07 21:53:05.526175987,RGM_0295419,1,3.589925634785948e-05,False,False
N033_C0002021,33,2025-07-07 21:53:14.976175987,2025-07-07 21:53:15.976175987,2025-07-07 21:53:15.326175987,RGM_0295578,9,0.0027694087716188,False,False
N033_C0002022,33,2025-07-07 21:53:17.726175987,2025-07-07 21:53:18.226175987,2025-07-07 21:53:17.951175987,RGM_0295620,7,0.0032352299400082,False,False
N033_C0002023,33,2025-07-07 21:53:19.651175987,2025-07-07 21:53:19.751175987,2025-07-07 21:53:19.701175987,RGM_0295662,1,0.0014858933725353,False,False
N033_C0002024,33,2025-07-07 21:53:21.976175987,2025-07-07 21:53:23.976175987,2025-07-07 21:53:23.101175987,RGM_0295734,14,0.0061424396727821,False,False
N033_C0002025,33,2025-07-07 21:53:25.226175987,2025-07-07 21:53:26.226175987,2025-07-07 21:53:26.026175987,RGM_0295798,3,0.0077177338644037,False,False
N033_C0002026,33,2025-07-07 21:53:27.551175987,2025-07-07 21:53:27.651175987,2025-07-07 21:53:27.576175987,RGM_0295823,1,0.0001788253393127,False,False
N033_C0002027,33,2025-07-07 21:53:34.676175987,2025-07-07 21:53:34.876175987,2025-07-07 21:53:34.826175987,RGM_0295899,2,0.0011302423926788,False,False
N030_C0001357,30,2025-07-07 21:53:37.376175987,2025-07-07 21:53:37.476175987,2025-07-07 21:53:37.426175987,RGM_0295929,1,0.0025037294004582,False,False
N033_C0002028,33,2025-07-07 21:53:37.226175987,2025-07-07 21:53:37.726175987,2025-07-07 21:53:37.426175987,RGM_0295928,4,0.003251373643809,False,False
N033_C0002029,33,2025-07-07 21:53:38.976175987,2025-07-07 21:53:39.526175987,2025-07-07 21:53:39.401175987,RGM_0295965,3,0.0046528782105099,False,False
N033_C0002030,33,2025-07-07 21:53:40.876175987,2025-07-07 21:53:41.126175987,2025-07-07 21:53:41.026175987,RGM_0296005,7,0.003265734389966,False,False
N082_C0004310,82,2025-07-07 21:53:46.226175987,2025-07-07 21:53:48.476175987,2025-07-07 21:53:47.026175987,RGM_0296078,1,0.0003243831799128,False,False
N033_C0002031,33,2025-07-07 21:53:49.226175987,2025-07-07 21:53:49.726175987,2025-07-07 21:53:49.476175987,RGM_0296136,2,0.0007863613192124,False,False
N023_C0000969,23,2025-07-07 21:53:49.226175987,2025-07-07 21:53:49.726175987,2025-07-07 21:53:49.501175987,RGM_0296139,2,0.000656708028166,False,False
N033_C0002032,33,2025-07-07 21:53:52.501175987,2025-07-07 21:53:52.626175987,2025-07-07 21:53:52.601175987,RGM_0296207,1,0.0004638594053551,False,False
N023_C0000970,23,2025-07-07 21:54:00.151175987,2025-07-07 21:54:00.251175987,2025-07-07 21:54:00.201175987,RGM_0296341,1,0.0024425295982755,False,False
N033_C0002033,33,2025-07-07 21:53:59.976175987,2025-07-07 21:54:00.476175987,2025-07-07 21:54:00.201175987,RGM_0296343,6,0.0026728303343441,False,False
N033_C0002034,33,2025-07-07 21:54:01.476175987,2025-07-07 21:54:02.076175987,2025-07-07 21:54:01.901175987,RGM_0296392,8,0.0047721961456745,False,False
N031_C0001573,31,2025-07-07 21:54:01.876175987,2025-07-07 21:54:01.976175987,2025-07-07 21:54:01.926175987,RGM_0296401,1,0.0029809114672155,False,False
N023_C0000971,23,2025-07-07 21:54:03.726175987,2025-07-07 21:54:03.776175987,2025-07-07 21:54:03.751175987,RGM_0296427,1,3.1117136135188775e-05,False,False
N023_C0000972,23,2025-07-07 21:54:04.826175987,2025-07-07 21:54:04.926175987,2025-07-07 21:54:04.876175987,RGM_0296439,1,0.0006053124746098,False,False
N023_C0000973,23,2025-07-07 21:54:05.101175987,2025-07-07 21:54:05.601175987,2025-07-07 21:54:05.351175987,RGM_0296461,1,0.0002623500540577,False,False
N033_C0002035,33,2025-07-07 21:54:04.726175987,2025-07-07 21:54:05.726175987,2025-07-07 21:54:05.351175987,RGM_0296460,4,0.0034780530940381,False,False
N033_C0002036,33,2025-07-07 21:54:06.351175987,2025-07-07 21:54:06.476175987,2025-07-07 21:54:06.426175987,RGM_0296495,2,0.0013774881243419,False,False
N033_C0002037,33,2025-07-07 21:54:11.076175987,2025-07-07 21:54:11.376175987,2025-07-07 21:54:11.151175987,RGM_0296605,2,0.0016264373977517,False,False
N031_C0001574,31,2025-07-07 21:54:11.151175987,2025-07-07 21:54:11.251175987,2025-07-07 21:54:11.201175987,RGM_0296607,1,0.001612565329846,False,False
N023_C0000974,23,2025-07-07 21:54:14.476175987,2025-07-07 21:54:14.676175987,2025-07-07 21:54:14.526175987,RGM_0296636,1,0.0003724347838436,False,False
N033_C0002038,33,2025-07-07 21:54:16.176175987,2025-07-07 21:54:16.926175987,2025-07-07 21:54:16.276175987,RGM_0296649,11,0.0047582028458455,False,False
N033_C0002039,33,2025-07-07 21:54:18.351175987,2025-07-07 21:54:19.251175987,2025-07-07 21:54:18.851175987,RGM_0296683,6,0.002482845520833,False,False
N033_C0002040,33,2025-07-07 21:54:21.476175987,2025-07-07 21:54:21.726175987,2025-07-07 21:54:21.576175987,RGM_0296719,2,0.0013264151439681,False,False
N056_C0004125,56,2025-07-07 21:54:22.351175987,2025-07-07 21:54:22.851175987,2025-07-07 21:54:22.601175987,RGM_0296735,1,0.0011270696324252,False,False
N057_C0004180,57,2025-07-07 21:54:21.976175987,2025-07-07 21:54:23.976175987,2025-07-07 21:54:22.701175987,RGM_0296746,8,0.0010879315736039,False,False
N033_C0002041,33,2025-07-07 21:54:22.851175987,2025-07-07 21:54:23.351175987,2025-07-07 21:54:23.101175987,RGM_0296760,5,0.0065387597856248,False,False
N023_C0000975,23,2025-07-07 21:54:23.101175987,2025-07-07 21:54:23.226175987,2025-07-07 21:54:23.176175987,RGM_0296765,2,0.0005621157658935,False,False
N029_C0001215,29,2025-07-07 21:54:28.026175987,2025-07-07 21:54:28.126175987,2025-07-07 21:54:28.076175987,RGM_0296797,1,0.0019446744111144,False,False
N031_C0001575,31,2025-07-07 21:54:28.076175987,2025-07-07 21:54:28.126175987,2025-07-07 21:54:28.101175987,RGM_0296800,1,0.0021156581207707,False,False
N033_C0002042,33,2025-07-07 21:54:27.676175987,2025-07-07 21:54:28.276175987,2025-07-07 21:54:28.176175987,RGM_0296806,3,0.0022815510429818,False,False
N023_C0000976,23,2025-07-07 21:54:29.126175987,2025-07-07 21:54:29.176175987,2025-07-07 21:54:29.151175987,RGM_0296813,1,2.0805503201846028e-05,False,False
N023_C0000977,23,2025-07-07 21:54:30.351175987,2025-07-07 21:54:30.451175987,2025-07-07 21:54:30.401175987,RGM_0296834,3,0.0035273417298591,False,False
N023_C0000978,23,2025-07-07 21:54:35.376175987,2025-07-07 21:54:35.576175987,2025-07-07 21:54:35.476175987,RGM_0296954,1,0.0003421011624466,False,False
N033_C0002043,33,2025-07-07 21:54:36.426175987,2025-07-07 21:54:36.626175987,2025-07-07 21:54:36.526175987,RGM_0296972,1,0.0017324555566831,False,False
N033_C0002044,33,2025-07-07 21:54:36.951175987,2025-07-07 21:54:37.051175987,2025-07-07 21:54:37.001175987,RGM_0296987,1,0.0005120482245998,False,False
N033_C0002045,33,2025-07-07 21:54:37.226175987,2025-07-07 21:54:37.726175987,2025-07-07 21:54:37.326175987,RGM_0297003,4,0.0010678266628011,False,False
N033_C0002046,33,2025-07-07 21:54:43.101175987,2025-07-07 21:54:43.626175987,2025-07-07 21:54:43.326175987,RGM_0297114,4,0.0023245859319848,False,False
N023_C0000979,23,2025-07-07 21:54:43.526175987,2025-07-07 21:54:43.576175987,2025-07-07 21:54:43.551175987,RGM_0297126,1,0.0007707162139644,False,False
N029_C0001216,29,2025-07-07 21:54:43.526175987,2025-07-07 21:54:43.576175987,2025-07-07 21:54:43.551175987,RGM_0297125,1,0.0012678888574478,False,False
N033_C0002047,33,2025-07-07 21:54:43.976175987,2025-07-07 21:54:44.601175987,2025-07-07 21:54:44.176175987,RGM_0297138,4,0.0031254222019863,False,False
N033_C0002048,33,2025-07-07 21:54:45.676175987,2025-07-07 21:54:46.726175987,2025-07-07 21:54:45.726175987,RGM_0297159,7,0.0034449739359984,False,False
N030_C0001358,30,2025-07-07 21:54:46.551175987,2025-07-07 21:54:46.601175987,2025-07-07 21:54:46.576175987,RGM_0297171,1,0.0011194620361313,False,False
N032_C0001696,32,2025-07-07 21:54:46.501175987,2025-07-07 21:54:46.626175987,2025-07-07 21:54:46.576175987,RGM_0297169,1,0.0013717948872984,False,False
N033_C0002049,33,2025-07-07 21:54:49.076175987,2025-07-07 21:54:49.276175987,2025-07-07 21:54:49.176175987,RGM_0297255,1,0.001877754776888,False,False
N033_C0002050,33,2025-07-07 21:54:51.026175987,2025-07-07 21:54:51.076175987,2025-07-07 21:54:51.051175987,RGM_0297295,1,0.0001766777979942,False,False
N033_C0002051,33,2025-07-07 21:54:51.751175987,2025-07-07 21:54:52.051175987,2025-07-07 21:54:51.926175987,RGM_0297308,3,0.0028444605704743,False,False
N033_C0002052,33,2025-07-07 21:54:52.651175987,2025-07-07 21:54:53.576175987,2025-07-07 21:54:53.501175987,RGM_0297320,3,0.0015569817716251,False,False
N031_C0001576,31,2025-07-07 21:54:53.501175987,2025-07-07 21:54:53.601175987,2025-07-07 21:54:53.526175987,RGM_0297324,1,0.0016912354441073,False,False
N033_C0002053,33,2025-07-07 21:54:56.226175987,2025-07-07 21:54:56.426175987,2025-07-07 21:54:56.351175987,RGM_0297373,1,0.0010166941056444,False,False
N033_C0002054,33,2025-07-07 21:55:03.201175987,2025-07-07 21:55:03.251175987,2025-07-07 21:55:03.226175987,RGM_0297486,1,5.8808030496070353e-05,False,False
N031_C0001577,31,2025-07-07 21:55:04.401175987,2025-07-07 21:55:04.501175987,2025-07-07 21:55:04.451175987,RGM_0297506,1,0.0028200259031749,False,False
N033_C0002055,33,2025-07-07 21:55:03.976175987,2025-07-07 21:55:04.851175987,2025-07-07 21:55:04.476175987,RGM_0297507,8,0.0041482747540597,False,False
N032_C0001697,32,2025-07-07 21:55:04.651175987,2025-07-07 21:55:04.751175987,2025-07-07 21:55:04.676175987,RGM_0297514,1,0.0013081590132884,False,False
N031_C0001578,31,2025-07-07 21:55:05.226175987,2025-07-07 21:55:05.426175987,2025-07-07 21:55:05.326175987,RGM_0297535,1,0.0017668151196272,False,False
N033_C0002056,33,2025-07-07 21:55:10.226175987,2025-07-07 21:55:10.726175987,2025-07-07 21:55:10.451175987,RGM_0297630,2,0.0007922771537224,False,False
N033_C0002057,33,2025-07-07 21:55:11.276175987,2025-07-07 21:55:11.476175987,2025-07-07 21:55:11.376175987,RGM_0297649,1,0.0005863322722602,False,False
N033_C0002058,33,2025-07-07 21:55:16.876175987,2025-07-07 21:55:17.076175987,2025-07-07 21:55:16.976175987,RGM_0297758,1,0.0017678013909039,False,False
N023_C0000980,23,2025-07-07 21:55:18.626175987,2025-07-07 21:55:18.726175987,2025-07-07 21:55:18.651175987,RGM_0297816,2,0.0002111532191163,False,False
N030_C0001359,30,2025-07-07 21:55:18.626175987,2025-07-07 21:55:18.676175987,2025-07-07 21:55:18.651175987,RGM_0297817,1,0.0006704846096951,False,False
N033_C0002059,33,2025-07-07 21:55:18.626175987,2025-07-07 21:55:18.726175987,2025-07-07 21:55:18.676175987,RGM_0297821,1,0.0006632001258387,False,False
N033_C0002060,33,2025-07-07 21:55:18.851175987,2025-07-07 21:55:19.351175987,2025-07-07 21:55:19.276175987,RGM_0297846,1,0.0012242655942173,False,False
N023_C0000981,23,2025-07-07 21:55:19.226175987,2025-07-07 21:55:19.501175987,2025-07-07 21:55:19.326175987,RGM_0297851,2,0.0005660433960658,False,False
N031_C0001579,31,2025-07-07 21:55:20.176175987,2025-07-07 21:55:20.226175987,2025-07-07 21:55:20.201175987,RGM_0297882,1,0.0020009782367235,False,False
N029_C0001217,29,2025-07-07 21:55:20.126175987,2025-07-07 21:55:20.326175987,2025-07-07 21:55:20.226175987,RGM_0297891,1,0.0020055876600632,False,False
N033_C0002061,33,2025-07-07 21:55:20.126175987,2025-07-07 21:55:21.101175987,2025-07-07 21:55:20.226175987,RGM_0297887,1,0.0044215831492301,False,False
N023_C0000982,23,2025-07-07 21:55:23.426175987,2025-07-07 21:55:24.251175987,2025-07-07 21:55:23.476175987,RGM_0298023,2,0.000692347853516,False,False
N023_C0000983,23,2025-07-07 21:55:25.151175987,2025-07-07 21:55:25.251175987,2025-07-07 21:55:25.201175987,RGM_0298062,1,0.0041138656485192,False,False
N030_C0001360,30,2025-07-07 21:55:25.126175987,2025-07-07 21:55:25.326175987,2025-07-07 21:55:25.201175987,RGM_0298064,1,0.0041483476114673,False,False
N033_C0002062,33,2025-07-07 21:55:25.076175987,2025-07-07 21:55:25.276175987,2025-07-07 21:55:25.201175987,RGM_0298063,4,0.0026920823129704,False,False
N031_C0001580,31,2025-07-07 21:55:29.526175987,2025-07-07 21:55:29.726175987,2025-07-07 21:55:29.626175987,RGM_0298142,1,0.0018153754005181,False,False
N023_C0000984,23,2025-07-07 21:55:35.751175987,2025-07-07 21:55:36.201175987,2025-07-07 21:55:35.801175987,RGM_0298243,1,6.49262947674057e-05,False,False
N023_C0000985,23,2025-07-07 21:55:36.326175987,2025-07-07 21:55:36.526175987,2025-07-07 21:55:36.376175987,RGM_0298251,3,0.0011092521697466,False,False
N030_C0001361,30,2025-07-07 21:55:36.326175987,2025-07-07 21:55:36.526175987,2025-07-07 21:55:36.426175987,RGM_0298253,1,0.0051876566181731,False,False
N029_C0001218,29,2025-07-07 21:55:36.426175987,2025-07-07 21:55:36.526175987,2025-07-07 21:55:36.476175987,RGM_0298260,1,0.0044158392790492,False,False
N031_C0001581,31,2025-07-07 21:55:36.426175987,2025-07-07 21:55:36.526175987,2025-07-07 21:55:36.476175987,RGM_0298261,1,0.0044158392790492,False,False
N033_C0002063,33,2025-07-07 21:55:36.351175987,2025-07-07 21:55:36.876175987,2025-07-07 21:55:36.776175987,RGM_0298262,3,0.003080081030835,False,False
N023_C0000986,23,2025-07-07 21:55:36.726175987,2025-07-07 21:55:36.976175987,2025-07-07 21:55:36.801175987,RGM_0298263,3,0.0003136890567443,False,False
N023_C0000987,23,2025-07-07 21:55:38.301175987,2025-07-07 21:55:38.526175987,2025-07-07 21:55:38.426175987,RGM_0298288,1,0.0016616934397226,False,False
N029_C0001219,29,2025-07-07 21:55:38.476175987,2025-07-07 21:55:38.576175987,2025-07-07 21:55:38.526175987,RGM_0298293,1,0.0019699068920208,False,False
N033_C0002064,33,2025-07-07 21:55:38.476175987,2025-07-07 21:55:38.826175987,2025-07-07 21:55:38.526175987,RGM_0298294,1,0.0014073594001916,False,False
N029_C0001220,29,2025-07-07 21:55:38.901175987,2025-07-07 21:55:39.126175987,2025-07-07 21:55:39.076175987,RGM_0298302,1,0.0019339346617732,False,False
N030_C0001362,30,2025-07-07 21:55:38.851175987,2025-07-07 21:55:39.351175987,2025-07-07 21:55:39.101175987,RGM_0298306,2,0.0022224468592373,False,False
N031_C0001582,31,2025-07-07 21:55:39.026175987,2025-07-07 21:55:39.226175987,2025-07-07 21:55:39.126175987,RGM_0298307,1,0.0020647854368251,False,False
N033_C0002065,33,2025-07-07 21:55:39.026175987,2025-07-07 21:55:39.276175987,2025-07-07 21:55:39.126175987,RGM_0298309,1,0.0004919923581614,False,False
N023_C0000988,23,2025-07-07 21:55:40.876175987,2025-07-07 21:55:41.076175987,2025-07-07 21:55:40.951175987,RGM_0298322,3,0.0014713998423541,False,False
N033_C0002066,33,2025-07-07 21:55:40.776175987,2025-07-07 21:55:41.001175987,2025-07-07 21:55:40.951175987,RGM_0298327,2,0.0010834144775558,False,False
N031_C0001583,31,2025-07-07 21:55:43.776175987,2025-07-07 21:55:43.876175987,2025-07-07 21:55:43.801175987,RGM_0298382,1,0.0003888606714049,False,False
N031_C0001584,31,2025-07-07 21:55:43.926175987,2025-07-07 21:55:44.126175987,2025-07-07 21:55:44.026175987,RGM_0298390,1,0.0019828591315487,False,False
N033_C0002067,33,2025-07-07 21:55:43.926175987,2025-07-07 21:55:44.126175987,2025-07-07 21:55:44.026175987,RGM_0298385,1,0.0007105793715646,False,False
N033_C0002068,33,2025-07-07 21:55:44.451175987,2025-07-07 21:55:44.551175987,2025-07-07 21:55:44.501175987,RGM_0298403,1,0.0010299499236721,False,False
N023_C0000989,23,2025-07-07 21:55:48.376175987,2025-07-07 21:55:48.576175987,2025-07-07 21:55:48.451175987,RGM_0298501,2,0.0031819930488706,False,False
N029_C0001221,29,2025-07-07 21:55:48.376175987,2025-07-07 21:55:48.576175987,2025-07-07 21:55:48.451175987,RGM_0298500,1,0.003199574647437,False,False
N031_C0001585,31,2025-07-07 21:55:51.401175987,2025-07-07 21:55:51.501175987,2025-07-07 21:55:51.451175987,RGM_0298547,1,0.0054404763862126,False,False
N023_C0000990,23,2025-07-07 21:55:50.476175987,2025-07-07 21:55:52.676175987,2025-07-07 21:55:51.526175987,RGM_0298552,7,0.0089121526055384,False,False
N031_C0001586,31,2025-07-07 21:55:51.626175987,2025-07-07 21:55:51.676175987,2025-07-07 21:55:51.651175987,RGM_0298559,1,0.0033687666484832,False,False
N031_C0001587,31,2025-07-07 21:55:54.126175987,2025-07-07 21:55:54.176175987,2025-07-07 21:55:54.151175987,RGM_0298603,1,0.0075847115277784,False,False
N029_C0001222,29,2025-07-07 21:55:54.076175987,2025-07-07 21:55:54.276175987,2025-07-07 21:55:54.176175987,RGM_0298607,1,0.0076150781280505,False,False
N030_C0001363,30,2025-07-07 21:55:54.126175987,2025-07-07 21:55:54.226175987,2025-07-07 21:55:54.176175987,RGM_0298606,1,0.0075986374256205,False,False
N023_C0000991,23,2025-07-07 21:55:52.976175987,2025-07-07 21:55:54.976175987,2025-07-07 21:55:54.226175987,RGM_0298610,7,0.0076228060754973,False,False
N023_C0000992,23,2025-07-07 21:55:56.476175987,2025-07-07 21:55:56.726175987,2025-07-07 21:55:56.601175987,RGM_0298661,1,0.000293360821609,False,False
N023_C0000993,23,2025-07-07 21:55:57.001175987,2025-07-07 21:55:57.101175987,2025-07-07 21:55:57.051175987,RGM_0298669,1,0.0011396345468339,False,False
N033_C0002069,33,2025-07-07 21:55:56.926175987,2025-07-07 21:55:57.176175987,2025-07-07 21:55:57.101175987,RGM_0298680,2,0.0007414115492536,False,False
N031_C0001588,31,2025-07-07 21:56:09.176175987,2025-07-07 21:56:09.376175987,2025-07-07 21:56:09.276175987,RGM_0298961,1,0.0031997276179299,False,False
N023_C0000994,23,2025-07-07 21:56:08.751175987,2025-07-07 21:56:09.801175987,2025-07-07 21:56:09.476175987,RGM_0298977,11,0.0050792627779273,False,False
N031_C0001589,31,2025-07-07 21:56:09.476175987,2025-07-07 21:56:09.526175987,2025-07-07 21:56:09.501175987,RGM_0298990,1,0.0022279359256031,False,False
N033_C0002070,33,2025-07-07 21:56:09.701175987,2025-07-07 21:56:09.751175987,2025-07-07 21:56:09.726175987,RGM_0298997,1,0.0001271075264327,False,False
N031_C0001590,31,2025-07-07 21:56:12.701175987,2025-07-07 21:56:12.801175987,2025-07-07 21:56:12.751175987,RGM_0299047,1,0.0035006269981306,False,False
N033_C0002071,33,2025-07-07 21:56:12.476175987,2025-07-07 21:56:12.976175987,2025-07-07 21:56:12.776175987,RGM_0299058,6,0.0017446382596453,False,False
N023_C0000995,23,2025-07-07 21:56:10.976175987,2025-07-07 21:56:13.101175987,2025-07-07 21:56:12.826175987,RGM_0299059,11,0.0035338941845078,False,False
N033_C0002072,33,2025-07-07 21:56:17.476175987,2025-07-07 21:56:18.076175987,2025-07-07 21:56:17.976175987,RGM_0299186,7,0.002860054826695,False,False
N033_C0002073,33,2025-07-07 21:56:18.576175987,2025-07-07 21:56:18.626175987,2025-07-07 21:56:18.601175987,RGM_0299194,2,0.0001097633160242,False,False
N033_C0002074,33,2025-07-07 21:56:20.651175987,2025-07-07 21:56:20.726175987,2025-07-07 21:56:20.701175987,RGM_0299235,1,9.322837984955686e-05,False,False
N023_C0000996,23,2025-07-07 21:56:22.176175987,2025-07-07 21:56:22.376175987,2025-07-07 21:56:22.276175987,RGM_0299258,2,0.0002133712811582,False,False
N023_C0000997,23,2025-07-07 21:56:24.026175987,2025-07-07 21:56:24.126175987,2025-07-07 21:56:24.076175987,RGM_0299307,1,0.0015548679585198,False,False
N030_C0001364,30,2025-07-07 21:56:24.026175987,2025-07-07 21:56:24.126175987,2025-07-07 21:56:24.076175987,RGM_0299305,1,0.0036436901077622,False,False
N031_C0001591,31,2025-07-07 21:56:24.026175987,2025-07-07 21:56:24.126175987,2025-07-07 21:56:24.076175987,RGM_0299302,1,0.0036436901077622,False,False
N032_C0001698,32,2025-07-07 21:56:24.026175987,2025-07-07 21:56:24.126175987,2025-07-07 21:56:24.076175987,RGM_0299310,1,0.0036436901077622,False,False
N033_C0002075,33,2025-07-07 21:56:23.976175987,2025-07-07 21:56:24.226175987,2025-07-07 21:56:24.101175987,RGM_0299314,4,0.0030350844019138,False,False
N029_C0001223,29,2025-07-07 21:56:24.026175987,2025-07-07 21:56:24.226175987,2025-07-07 21:56:24.126175987,RGM_0299315,1,0.0036689955829385,False,False
N057_C0004181,57,2025-07-07 21:56:24.976175987,2025-07-07 21:56:26.976175987,2025-07-07 21:56:25.976175987,RGM_0299345,6,0.0010976834794112,False,False
N029_C0001224,29,2025-07-07 21:56:26.326175987,2025-07-07 21:56:26.526175987,2025-07-07 21:56:26.426175987,RGM_0299361,1,0.0030730803160916,False,False
N033_C0002076,33,2025-07-07 21:56:26.326175987,2025-07-07 21:56:26.576175987,2025-07-07 21:56:26.426175987,RGM_0299362,7,0.0030730803160916,False,False
N056_C0004126,56,2025-07-07 21:56:25.976175987,2025-07-07 21:56:27.101175987,2025-07-07 21:56:26.476175987,RGM_0299365,3,0.0013384692072904,False,False
N055_C0003846,55,2025-07-07 21:56:26.726175987,2025-07-07 21:56:26.826175987,2025-07-07 21:56:26.776175987,RGM_0299388,1,0.0015366473055703,False,False
N033_C0002077,33,2025-07-07 21:56:26.726175987,2025-07-07 21:56:26.926175987,2025-07-07 21:56:26.801175987,RGM_0299397,3,0.0013239169139719,False,False
N053_C0003277,53,2025-07-07 21:56:26.801175987,2025-07-07 21:56:26.851175987,2025-07-07 21:56:26.826175987,RGM_0299410,1,0.0015274611691125,False,False
N023_C0000998,23,2025-07-07 21:56:27.726175987,2025-07-07 21:56:30.476175987,2025-07-07 21:56:28.626175987,RGM_0299438,7,0.0012461817250365,False,False
N029_C0001225,29,2025-07-07 21:56:28.601175987,2025-07-07 21:56:28.701175987,2025-07-07 21:56:28.651175987,RGM_0299446,1,0.0013486338279452,False,False
N033_C0002078,33,2025-07-07 21:56:28.601175987,2025-07-07 21:56:28.701175987,2025-07-07 21:56:28.651175987,RGM_0299447,2,0.0009830875058824,False,False
N033_C0002079,33,2025-07-07 21:56:29.976175987,2025-07-07 21:56:30.476175987,2025-07-07 21:56:30.176175987,RGM_0299482,6,0.0024662079490399,False,False
N033_C0002080,33,2025-07-07 21:56:31.726175987,2025-07-07 21:56:32.251175987,2025-07-07 21:56:32.201175987,RGM_0299528,2,0.0016515751817922,False,False
N033_C0002081,33,2025-07-07 21:56:32.826175987,2025-07-07 21:56:33.076175987,2025-07-07 21:56:32.976175987,RGM_0299541,3,0.0003610316148135,False,False
N031_C0001592,31,2025-07-07 21:56:33.651175987,2025-07-07 21:56:33.751175987,2025-07-07 21:56:33.701175987,RGM_0299572,1,0.0006793953849178,False,False
N033_C0002082,33,2025-07-07 21:56:33.476175987,2025-07-07 21:56:33.976175987,2025-07-07 21:56:33.726175987,RGM_0299576,2,0.0024658689878866,False,False
N033_C0002083,33,2025-07-07 21:56:35.426175987,2025-07-07 21:56:37.276175987,2025-07-07 21:56:37.151175987,RGM_0299610,6,0.0044156947483665,False,False
N023_C0000999,23,2025-07-07 21:56:39.351175987,2025-07-07 21:56:39.851175987,2025-07-07 21:56:39.726175987,RGM_0299656,5,0.0074354040912828,False,False
N033_C0002084,33,2025-07-07 21:56:39.601175987,2025-07-07 21:56:40.101175987,2025-07-07 21:56:39.726175987,RGM_0299655,1,0.005204948790104,False,False
N029_C0001226,29,2025-07-07 21:56:40.626175987,2025-07-07 21:56:40.826175987,2025-07-07 21:56:40.751175987,RGM_0299660,2,0.0024705919347905,False,False
N023_C0001000,23,2025-07-07 21:56:40.726175987,2025-07-07 21:56:40.826175987,2025-07-07 21:56:40.776175987,RGM_0299673,2,0.0017696315769491,False,False
N030_C0001365,30,2025-07-07 21:56:40.751175987,2025-07-07 21:56:40.801175987,2025-07-07 21:56:40.776175987,RGM_0299669,1,0.0024452346590786,False,False
N031_C0001593,31,2025-07-07 21:56:40.751175987,2025-07-07 21:56:40.801175987,2025-07-07 21:56:40.776175987,RGM_0299663,1,0.0024452346590786,False,False
N032_C0001699,32,2025-07-07 21:56:40.701175987,2025-07-07 21:56:40.801175987,2025-07-07 21:56:40.776175987,RGM_0299661,1,0.0024538287402078,False,False
N033_C0002085,33,2025-07-07 21:56:40.726175987,2025-07-07 21:56:40.926175987,2025-07-07 21:56:40.776175987,RGM_0299668,3,0.0024610788407228,False,False
N033_C0002086,33,2025-07-07 21:56:45.876175987,2025-07-07 21:56:46.126175987,2025-07-07 21:56:46.026175987,RGM_0299789,3,0.0023786127762412,False,False
N023_C0001001,23,2025-07-07 21:56:45.851175987,2025-07-07 21:56:46.351175987,2025-07-07 21:56:46.101175987,RGM_0299790,1,0.0010520756476905,False,False
N033_C0002087,33,2025-07-07 21:56:48.326175987,2025-07-07 21:56:48.376175987,2025-07-07 21:56:48.351175987,RGM_0299841,1,7.956910706998699e-05,False,False
N033_C0002088,33,2025-07-07 21:56:48.576175987,2025-07-07 21:56:48.626175987,2025-07-07 21:56:48.601175987,RGM_0299848,1,6.850425266529702e-05,False,False
N032_C0001700,32,2025-07-07 21:56:49.151175987,2025-07-07 21:56:49.201175987,2025-07-07 21:56:49.176175987,RGM_0299867,1,0.0019539710722807,False,False
N029_C0001227,29,2025-07-07 21:56:49.151175987,2025-07-07 21:56:49.251175987,2025-07-07 21:56:49.201175987,RGM_0299877,1,0.003782206343369,False,False
N031_C0001594,31,2025-07-07 21:56:49.151175987,2025-07-07 21:56:49.251175987,2025-07-07 21:56:49.201175987,RGM_0299884,1,0.0034260619573125,False,False
N023_C0001002,23,2025-07-07 21:56:48.226175987,2025-07-07 21:56:49.476175987,2025-07-07 21:56:49.226175987,RGM_0299886,11,0.0038663691361473,False,False
N033_C0002089,33,2025-07-07 21:56:48.976175987,2025-07-07 21:56:49.601175987,2025-07-07 21:56:49.226175987,RGM_0299887,11,0.0016532477921265,False,False
N023_C0001003,23,2025-07-07 21:56:51.926175987,2025-07-07 21:56:52.026175987,2025-07-07 21:56:51.976175987,RGM_0299957,2,0.0006445410800458,False,False
N031_C0001595,31,2025-07-07 21:56:51.926175987,2025-07-07 21:56:52.026175987,2025-07-07 21:56:51.976175987,RGM_0299955,1,0.0005111206408263,False,False
N033_C0002090,33,2025-07-07 21:56:51.951175987,2025-07-07 21:56:52.001175987,2025-07-07 21:56:51.976175987,RGM_0299956,2,6.727116290664907e-05,False,False
N056_C0004127,56,2025-07-07 21:56:50.976175987,2025-07-07 21:56:53.226175987,2025-07-07 21:56:51.976175987,RGM_0299959,4,0.0087591764525363,False,False
N051_C0002572,51,2025-07-07 21:56:51.476175987,2025-07-07 21:56:53.976175987,2025-07-07 21:56:52.226175987,RGM_0299964,13,0.0070233419968595,False,False
N057_C0004182,57,2025-07-07 21:56:50.476175987,2025-07-07 21:56:53.976175987,2025-07-07 21:56:52.976175987,RGM_0300037,24,0.0070834834100857,False,False
N033_C0002091,33,2025-07-07 21:56:54.476175987,2025-07-07 21:56:54.976175987,2025-07-07 21:56:54.801175987,RGM_0300055,5,0.0023694526620893,False,False
N033_C0002092,33,2025-07-07 21:56:57.625290240,2025-07-07 21:56:57.675290240,2025-07-07 21:56:57.650290240,RGM_0300118,1,0.0001428173341044,False,False
N033_C0002093,33,2025-07-07 21:56:57.700290240,2025-07-07 21:56:57.750290240,2025-07-07 21:56:57.725290240,RGM_0300119,1,2.8351211985616625e-05,False,False
N033_C0002094,33,2025-07-07 21:56:57.800290240,2025-07-07 21:56:57.875290240,2025-07-07 21:56:57.850290240,RGM_0300123,1,9.44398917098848e-05,False,False
N033_C0002095,33,2025-07-07 21:57:01.500290240,2025-07-07 21:57:01.600290240,2025-07-07 21:57:01.550290240,RGM_0300179,3,0.0022604311394342,False,False
N033_C0002096,33,2025-07-07 21:57:02.075290240,2025-07-07 21:57:02.250290240,2025-07-07 21:57:02.200290240,RGM_0300200,2,0.0014499722004515,False,False
N033_C0002097,33,2025-07-07 21:57:02.700290240,2025-07-07 21:57:02.750290240,2025-07-07 21:57:02.725290240,RGM_0300207,1,0.0001104372944455,False,False
N033_C0002098,33,2025-07-07 21:57:11.925290240,2025-07-07 21:57:12.125290240,2025-07-07 21:57:12.050290240,RGM_0300413,3,0.0008571261782572,False,False
N033_C0002099,33,2025-07-07 21:57:14.725290240,2025-07-07 21:57:14.825290240,2025-07-07 21:57:14.775290240,RGM_0300469,1,0.0013510255296688,False,False
N023_C0001004,23,2025-07-07 21:57:14.025290240,2025-07-07 21:57:14.975290240,2025-07-07 21:57:14.825290240,RGM_0300471,6,0.0035322042897748,False,False
N031_C0001596,31,2025-07-07 21:57:20.375290240,2025-07-07 21:57:20.575290240,2025-07-07 21:57:20.475290240,RGM_0300559,1,0.0017087125604226,False,False
N033_C0002100,33,2025-07-07 21:57:20.375290240,2025-07-07 21:57:20.575290240,2025-07-07 21:57:20.475290240,RGM_0300555,2,0.000762019121678,False,False
N031_C0001597,31,2025-07-07 21:57:22.400290240,2025-07-07 21:57:22.450290240,2025-07-07 21:57:22.425290240,RGM_0300596,1,0.0002490868013485,False,False
N033_C0002101,33,2025-07-07 21:57:22.225290240,2025-07-07 21:57:22.500290240,2025-07-07 21:57:22.425290240,RGM_0300595,1,0.0002888003410643,False,False
N030_C0001366,30,2025-07-07 21:57:23.375290240,2025-07-07 21:57:23.425290240,2025-07-07 21:57:23.400290240,RGM_0300609,1,0.0095775981436288,False,False
N029_C0001228,29,2025-07-07 21:57:23.375290240,2025-07-07 21:57:23.475290240,2025-07-07 21:57:23.425290240,RGM_0300620,1,0.009155265972451,False,False
N033_C0002102,33,2025-07-07 21:57:22.975290240,2025-07-07 21:57:23.725290240,2025-07-07 21:57:23.475290240,RGM_0300625,11,0.0096607971325172,False,False
N023_C0001005,23,2025-07-07 21:57:23.225290240,2025-07-07 21:57:24.275290240,2025-07-07 21:57:24.025290240,RGM_0300632,7,0.0094155937978739,False,False
N029_C0001229,29,2025-07-07 21:57:24.025290240,2025-07-07 21:57:24.150290240,2025-07-07 21:57:24.100290240,RGM_0300636,1,0.002103073599159,False,False
N031_C0001598,31,2025-07-07 21:57:24.050290240,2025-07-07 21:57:24.150290240,2025-07-07 21:57:24.100290240,RGM_0300637,1,0.0021009852938941,False,False
N031_C0001599,31,2025-07-07 21:57:26.850290240,2025-07-07 21:57:26.900290240,2025-07-07 21:57:26.875290240,RGM_0300689,1,0.0006349265799762,False,False
N033_C0002103,33,2025-07-07 21:57:31.375290240,2025-07-07 21:57:31.825290240,2025-07-07 21:57:31.725290240,RGM_0300767,5,0.0020363266601918,False,False
N023_C0001006,23,2025-07-07 21:57:31.750290240,2025-07-07 21:57:31.800290240,2025-07-07 21:57:31.775290240,RGM_0300773,1,0.0008560179926611,False,False
N033_C0002104,33,2025-07-07 21:57:34.975290240,2025-07-07 21:57:35.225290240,2025-07-07 21:57:35.050290240,RGM_0300831,1,0.0005887891346422,False,False
N023_C0001007,23,2025-07-07 21:57:36.925290240,2025-07-07 21:57:36.975290240,2025-07-07 21:57:36.950290240,RGM_0300855,2,0.0004748482045423,False,False
N030_C0001367,30,2025-07-07 21:57:36.900290240,2025-07-07 21:57:37.000290240,2025-07-07 21:57:36.950290240,RGM_0300853,1,0.0009349573030141,False,False
N023_C0001008,23,2025-07-07 21:57:44.525290240,2025-07-07 21:57:44.725290240,2025-07-07 21:57:44.625290240,RGM_0300962,1,0.0011823174071454,False,False
N023_C0001009,23,2025-07-07 21:57:50.775290240,2025-07-07 21:57:50.975290240,2025-07-07 21:57:50.875290240,RGM_0301115,1,0.0006405698729551,False,False
N023_C0001010,23,2025-07-07 21:57:53.175290240,2025-07-07 21:57:53.375290240,2025-07-07 21:57:53.275290240,RGM_0301158,3,0.0017559545374602,False,False
N033_C0002105,33,2025-07-07 21:57:52.975290240,2025-07-07 21:57:53.475290240,2025-07-07 21:57:53.325290240,RGM_0301167,8,0.0030339104933146,False,False
N023_C0001011,23,2025-07-07 21:57:57.525290240,2025-07-07 21:57:57.775290240,2025-07-07 21:57:57.675290240,RGM_0301228,2,0.0023512735949596,False,False
N033_C0002106,33,2025-07-07 21:57:57.675290240,2025-07-07 21:57:57.875290240,2025-07-07 21:57:57.750290240,RGM_0301237,2,0.0007911212168631,False,False
N033_C0002107,33,2025-07-07 21:58:01.075290240,2025-07-07 21:58:01.325290240,2025-07-07 21:58:01.150290240,RGM_0301284,1,0.0013311533874641,False,False
N033_C0002108,33,2025-07-07 21:58:04.475290240,2025-07-07 21:58:04.975290240,2025-07-07 21:58:04.675290240,RGM_0301329,5,0.0016980533441822,False,False
N033_C0002109,33,2025-07-07 21:58:07.100290240,2025-07-07 21:58:07.600290240,2025-07-07 21:58:07.275290240,RGM_0301382,8,0.002086217297748,False,False
N033_C0002110,33,2025-07-07 21:58:08.850290240,2025-07-07 21:58:09.900290240,2025-07-07 21:58:09.100290240,RGM_0301425,1,0.0017243778271986,False,False
N031_C0001600,31,2025-07-07 21:58:12.175290240,2025-07-07 21:58:12.275290240,2025-07-07 21:58:12.225290240,RGM_0301462,1,0.0029466855967473,False,False
N033_C0002111,33,2025-07-07 21:58:12.075290240,2025-07-07 21:58:12.325290240,2025-07-07 21:58:12.225290240,RGM_0301464,5,0.0029692844083377,False,False
N023_C0001012,23,2025-07-07 21:58:14.975290240,2025-07-07 21:58:15.175290240,2025-07-07 21:58:15.025290240,RGM_0301517,2,0.0021612860868121,False,False
N033_C0002112,33,2025-07-07 21:58:14.975290240,2025-07-07 21:58:15.075290240,2025-07-07 21:58:15.025290240,RGM_0301513,1,0.0009433384586868,False,False
N031_C0001601,31,2025-07-07 21:58:14.975290240,2025-07-07 21:58:15.175290240,2025-07-07 21:58:15.075290240,RGM_0301522,1,0.0021737564667639,False,False
N032_C0001701,32,2025-07-07 21:58:14.975290240,2025-07-07 21:58:15.175290240,2025-07-07 21:58:15.075290240,RGM_0301523,1,0.0021737564667639,False,False
N031_C0001602,31,2025-07-07 21:58:17.525290240,2025-07-07 21:58:17.725290240,2025-07-07 21:58:17.625290240,RGM_0301574,1,0.002464767579134,False,False
N023_C0001013,23,2025-07-07 21:58:16.975290240,2025-07-07 21:58:17.975290240,2025-07-07 21:58:17.675290240,RGM_0301580,9,0.0031075482810787,False,False
N023_C0001014,23,2025-07-07 21:58:20.375290240,2025-07-07 21:58:20.475290240,2025-07-07 21:58:20.425290240,RGM_0301640,1,0.0011299373971358,False,False
N033_C0002113,33,2025-07-07 21:58:20.975290240,2025-07-07 21:58:21.575290240,2025-07-07 21:58:21.400290240,RGM_0301668,4,0.001791593956564,False,False
N023_C0001015,23,2025-07-07 21:58:21.375290240,2025-07-07 21:58:21.475290240,2025-07-07 21:58:21.425290240,RGM_0301674,4,0.0019334723221898,False,False
N030_C0001368,30,2025-07-07 21:58:21.375290240,2025-07-07 21:58:21.475290240,2025-07-07 21:58:21.425290240,RGM_0301678,1,0.0019334723221898,False,False
N033_C0002114,33,2025-07-07 21:58:24.525290240,2025-07-07 21:58:24.825290240,2025-07-07 21:58:24.675290240,RGM_0301741,7,0.0026204328759692,False,False
N031_C0001603,31,2025-07-07 21:58:28.500290240,2025-07-07 21:58:28.600290240,2025-07-07 21:58:28.550290240,RGM_0301799,1,0.0034598916054582,False,False
N033_C0002115,33,2025-07-07 21:58:28.100290240,2025-07-07 21:58:28.975290240,2025-07-07 21:58:28.550290240,RGM_0301795,5,0.0034965119820971,False,False
N023_C0001016,23,2025-07-07 21:58:28.525290240,2025-07-07 21:58:28.725290240,2025-07-07 21:58:28.575290240,RGM_0301805,3,0.0034550678304365,False,False
N029_C0001230,29,2025-07-07 21:58:28.475290240,2025-07-07 21:58:28.675290240,2025-07-07 21:58:28.575290240,RGM_0301808,1,0.0034732749137844,False,False
N030_C0001369,30,2025-07-07 21:58:28.475290240,2025-07-07 21:58:28.725290240,2025-07-07 21:58:28.625290240,RGM_0301811,1,0.0034857500621073,False,False
N033_C0002116,33,2025-07-07 21:58:29.325290240,2025-07-07 21:58:29.525290240,2025-07-07 21:58:29.425290240,RGM_0301826,3,0.001121695443787,False,False
N031_C0001604,31,2025-07-07 21:58:29.375290240,2025-07-07 21:58:29.625290240,2025-07-07 21:58:29.450290240,RGM_0301832,1,0.001868465170196,False,False
N032_C0001702,32,2025-07-07 21:58:29.425290240,2025-07-07 21:58:29.475290240,2025-07-07 21:58:29.450290240,RGM_0301830,1,0.0018495496813907,False,False
N032_C0001703,32,2025-07-07 21:58:31.575290240,2025-07-07 21:58:31.775290240,2025-07-07 21:58:31.675290240,RGM_0301855,1,0.0037487468356822,False,False
N031_C0001605,31,2025-07-07 21:58:31.675290240,2025-07-07 21:58:31.725290240,2025-07-07 21:58:31.700290240,RGM_0301858,1,0.0037008074022375,False,False
N033_C0002117,33,2025-07-07 21:58:31.575290240,2025-07-07 21:58:31.875290240,2025-07-07 21:58:31.775290240,RGM_0301866,2,0.0026393490219951,False,False
N023_C0001017,23,2025-07-07 21:58:32.225290240,2025-07-07 21:58:32.500290240,2025-07-07 21:58:32.450290240,RGM_0301879,1,0.001140689825484,False,False
N033_C0002118,33,2025-07-07 21:58:32.425290240,2025-07-07 21:58:32.475290240,2025-07-07 21:58:32.450290240,RGM_0301880,1,0.0006136980301323,False,False
N031_C0001606,31,2025-07-07 21:58:37.550290240,2025-07-07 21:58:37.775290240,2025-07-07 21:58:37.600290240,RGM_0301943,1,0.0019442974816454,False,False
N033_C0002119,33,2025-07-07 21:58:39.925290240,2025-07-07 21:58:40.150290240,2025-07-07 21:58:40.100290240,RGM_0301985,5,0.0036976504993283,False,False
N030_C0001370,30,2025-07-07 21:58:48.675290240,2025-07-07 21:58:48.875290240,2025-07-07 21:58:48.775290240,RGM_0302120,1,0.0024287062229477,False,False
N023_C0001018,23,2025-07-07 21:58:48.475290240,2025-07-07 21:58:50.475290240,2025-07-07 21:58:49.625290240,RGM_0302147,8,0.0036814107263469,False,False
N031_C0001607,31,2025-07-07 21:58:49.600290240,2025-07-07 21:58:49.700290240,2025-07-07 21:58:49.650290240,RGM_0302151,1,0.003110054242057,False,False
N023_C0001019,23,2025-07-07 21:58:52.825290240,2025-07-07 21:58:53.025290240,2025-07-07 21:58:52.875290240,RGM_0302202,3,0.0020116416974368,False,False
N031_C0001608,31,2025-07-07 21:58:52.825290240,2025-07-07 21:58:52.925290240,2025-07-07 21:58:52.875290240,RGM_0302203,1,0.0020021577957686,False,False
N032_C0001704,32,2025-07-07 21:58:52.850290240,2025-07-07 21:58:52.900290240,2025-07-07 21:58:52.875290240,RGM_0302199,1,0.0011078702968583,False,False
N033_C0002120,33,2025-07-07 21:58:52.825290240,2025-07-07 21:58:52.925290240,2025-07-07 21:58:52.875290240,RGM_0302201,1,0.000381726589116,False,False
N023_C0001020,23,2025-07-07 21:58:55.975290240,2025-07-07 21:58:57.975290240,2025-07-07 21:58:57.000290240,RGM_0302308,2,0.0038275522743642,False,False
N023_C0001021,23,2025-07-07 21:59:05.975290240,2025-07-07 21:59:07.075290240,2025-07-07 21:59:06.825290240,RGM_0302512,1,0.0009280591426824,False,False
N023_C0001022,23,2025-07-07 21:59:08.725290240,2025-07-07 21:59:09.225290240,2025-07-07 21:59:08.975290240,RGM_0302528,4,0.006621433849594,False,False
N023_C0001023,23,2025-07-07 21:59:19.125290240,2025-07-07 21:59:19.325290240,2025-07-07 21:59:19.175290240,RGM_0302782,3,0.001808440924506,False,False
N029_C0001231,29,2025-07-07 21:59:19.125290240,2025-07-07 21:59:19.225290240,2025-07-07 21:59:19.175290240,RGM_0302788,1,0.0048766286831413,False,False
N030_C0001371,30,2025-07-07 21:59:19.125290240,2025-07-07 21:59:19.225290240,2025-07-07 21:59:19.175290240,RGM_0302785,1,0.0048766286831413,False,False
N032_C0001705,32,2025-07-07 21:59:19.125290240,2025-07-07 21:59:19.225290240,2025-07-07 21:59:19.175290240,RGM_0302783,1,0.003470377879276,False,False
N031_C0001609,31,2025-07-07 21:59:19.100290240,2025-07-07 21:59:19.725290240,2025-07-07 21:59:19.225290240,RGM_0302796,1,0.0080018251686173,False,False
N023_C0001024,23,2025-07-07 21:59:21.375290240,2025-07-07 21:59:22.275290240,2025-07-07 21:59:22.175290240,RGM_0302859,1,0.009465474789924,False,False
N023_C0001025,23,2025-07-07 21:59:29.400290240,2025-07-07 21:59:29.775290240,2025-07-07 21:59:29.625290240,RGM_0302988,2,0.0025435943183306,False,False
N031_C0001610,31,2025-07-07 21:59:29.675290240,2025-07-07 21:59:30.025290240,2025-07-07 21:59:29.700290240,RGM_0302991,1,0.0025382092335457,False,False
N032_C0001706,32,2025-07-07 21:59:29.675290240,2025-07-07 21:59:29.725290240,2025-07-07 21:59:29.700290240,RGM_0302996,1,0.00187136407097,False,False
N033_C0002121,33,2025-07-07 21:59:29.650290240,2025-07-07 21:59:29.750290240,2025-07-07 21:59:29.700290240,RGM_0302997,2,7.735219622472026e-05,False,False
N033_C0002122,33,2025-07-07 21:59:40.225290240,2025-07-07 21:59:40.575290240,2025-07-07 21:59:40.375290240,RGM_0303171,6,0.0019527051840332,False,False
N033_C0002123,33,2025-07-07 21:59:43.225290240,2025-07-07 21:59:43.725290240,2025-07-07 21:59:43.475290240,RGM_0303231,5,0.0037314248266138,False,False
N023_C0001026,23,2025-07-07 21:59:43.375290240,2025-07-07 21:59:43.575290240,2025-07-07 21:59:43.500290240,RGM_0303238,3,0.0038025088292691,False,False
N029_C0001232,29,2025-07-07 21:59:43.475290240,2025-07-07 21:59:43.675290240,2025-07-07 21:59:43.525290240,RGM_0303243,1,0.0048083666155361,False,False
N031_C0001611,31,2025-07-07 21:59:43.475290240,2025-07-07 21:59:44.425290240,2025-07-07 21:59:44.250290240,RGM_0303254,2,0.0060772880154763,False,False
N033_C0002124,33,2025-07-07 21:59:45.125290240,2025-07-07 21:59:45.875290240,2025-07-07 21:59:45.775290240,RGM_0303272,3,0.0039059855166522,False,False
N032_C0001707,32,2025-07-07 21:59:46.450290240,2025-07-07 21:59:46.675290240,2025-07-07 21:59:46.500290240,RGM_0303290,1,0.0019900149093769,False,False
N033_C0002125,33,2025-07-07 21:59:46.000290240,2025-07-07 21:59:46.575290240,2025-07-07 21:59:46.500290240,RGM_0303289,2,0.0016448962231186,False,False
N023_C0001027,23,2025-07-07 21:59:48.550290240,2025-07-07 21:59:48.650290240,2025-07-07 21:59:48.575290240,RGM_0303324,2,0.0030216966642684,False,False
N030_C0001372,30,2025-07-07 21:59:48.550290240,2025-07-07 21:59:48.600290240,2025-07-07 21:59:48.575290240,RGM_0303321,1,0.0036905803362338,False,False
N031_C0001612,31,2025-07-07 21:59:48.525290240,2025-07-07 21:59:48.625290240,2025-07-07 21:59:48.575290240,RGM_0303317,1,0.0036978854628804,False,False
N032_C0001708,32,2025-07-07 21:59:48.525290240,2025-07-07 21:59:48.625290240,2025-07-07 21:59:48.575290240,RGM_0303319,1,0.0036978854628804,False,False
N033_C0002126,33,2025-07-07 21:59:48.525290240,2025-07-07 21:59:48.725290240,2025-07-07 21:59:48.625290240,RGM_0303326,1,0.0012580104351676,False,False
N031_C0001613,31,2025-07-07 21:59:52.275290240,2025-07-07 21:59:52.475290240,2025-07-07 21:59:52.350290240,RGM_0303382,2,0.0028828981982669,False,False
N023_C0001028,23,2025-07-07 21:59:52.275290240,2025-07-07 21:59:52.475290240,2025-07-07 21:59:52.375290240,RGM_0303384,4,0.0024222416590276,False,False
N033_C0002127,33,2025-07-07 21:59:53.950290240,2025-07-07 21:59:54.050290240,2025-07-07 21:59:54.000290240,RGM_0303406,1,0.0018388006380427,False,False
N029_C0001233,29,2025-07-07 21:59:53.925290240,2025-07-07 21:59:54.125290240,2025-07-07 21:59:54.025290240,RGM_0303408,1,0.0062413413687796,False,False
N023_C0001029,23,2025-07-07 21:59:53.600290240,2025-07-07 21:59:54.225290240,2025-07-07 21:59:54.075290240,RGM_0303419,5,0.0062472272138117,False,False
N023_C0001030,23,2025-07-07 21:59:56.425290240,2025-07-07 21:59:56.625290240,2025-07-07 21:59:56.525290240,RGM_0303451,1,0.0036627915118015,False,False
N029_C0001234,29,2025-07-07 21:59:56.425290240,2025-07-07 21:59:56.625290240,2025-07-07 21:59:56.525290240,RGM_0303452,1,0.0036627915118015,False,False
N023_C0001031,23,2025-07-07 22:00:05.475290240,2025-07-07 22:00:05.975290240,2025-07-07 22:00:05.825290240,RGM_0303607,4,0.0062344994058205,False,False
N031_C0001614,31,2025-07-07 22:00:05.725290240,2025-07-07 22:00:05.925290240,2025-07-07 22:00:05.825290240,RGM_0303604,1,0.0062344994058205,False,False
N033_C0002128,33,2025-07-07 22:00:05.800290240,2025-07-07 22:00:05.850290240,2025-07-07 22:00:05.825290240,RGM_0303606,1,0.0023853056118312,False,False
N029_C0001235,29,2025-07-07 22:00:05.775290240,2025-07-07 22:00:05.975290240,2025-07-07 22:00:05.875290240,RGM_0303611,1,0.0062239769329656,False,False
N030_C0001373,30,2025-07-07 22:00:05.775290240,2025-07-07 22:00:05.975290240,2025-07-07 22:00:05.875290240,RGM_0303612,1,0.0062239769329656,False,False
N023_C0001032,23,2025-07-07 22:00:08.850290240,2025-07-07 22:00:09.475290240,2025-07-07 22:00:09.250290240,RGM_0303673,4,0.009065912993487,False,False
N029_C0001236,29,2025-07-07 22:00:09.225290240,2025-07-07 22:00:09.275290240,2025-07-07 22:00:09.250290240,RGM_0303683,1,0.0090490130861182,False,False
N031_C0001615,31,2025-07-07 22:00:09.225290240,2025-07-07 22:00:09.275290240,2025-07-07 22:00:09.250290240,RGM_0303672,1,0.0090490130861182,False,False
N033_C0002129,33,2025-07-07 22:00:09.200290240,2025-07-07 22:00:09.300290240,2025-07-07 22:00:09.250290240,RGM_0303675,1,0.00043274266786,False,False
N031_C0001616,31,2025-07-07 22:00:09.975290240,2025-07-07 22:00:10.175290240,2025-07-07 22:00:10.075290240,RGM_0303712,2,0.0039826957779376,False,False
N023_C0001033,23,2025-07-07 22:00:09.850290240,2025-07-07 22:00:10.350290240,2025-07-07 22:00:10.125290240,RGM_0303714,2,0.0044244062158433,False,False
N031_C0001617,31,2025-07-07 22:00:17.225290240,2025-07-07 22:00:17.575290240,2025-07-07 22:00:17.325290240,RGM_0303822,1,0.0013723174127567,False,False
N023_C0001034,23,2025-07-07 22:00:17.975290240,2025-07-07 22:00:18.525290240,2025-07-07 22:00:18.225290240,RGM_0303833,8,0.0077007207954269,False,False
N030_C0001374,30,2025-07-07 22:00:18.175290240,2025-07-07 22:00:18.525290240,2025-07-07 22:00:18.300290240,RGM_0303839,2,0.0076277759469494,False,False
N029_C0001237,29,2025-07-07 22:00:18.225290240,2025-07-07 22:00:18.525290240,2025-07-07 22:00:18.325290240,RGM_0303841,2,0.0076269882408092,False,False
N031_C0001618,31,2025-07-07 22:00:18.325290240,2025-07-07 22:00:18.375290240,2025-07-07 22:00:18.350290240,RGM_0303849,1,0.0075727609209553,False,False
N033_C0002130,33,2025-07-07 22:00:18.275290240,2025-07-07 22:00:18.525290240,2025-07-07 22:00:18.350290240,RGM_0303846,2,0.0041958258377449,False,False
N023_C0001035,23,2025-07-07 22:00:19.875290240,2025-07-07 22:00:20.075290240,2025-07-07 22:00:19.975290240,RGM_0303879,1,0.0035262355095139,False,False
N057_C0004183,57,2025-07-07 22:00:20.925290240,2025-07-07 22:00:20.975290240,2025-07-07 22:00:20.950290240,RGM_0303898,1,0.0003568168305524,False,False
N056_C0004128,56,2025-07-07 22:00:20.475290240,2025-07-07 22:00:22.475290240,2025-07-07 22:00:20.975290240,RGM_0303901,2,0.0055686527311485,False,False
N033_C0002131,33,2025-07-07 22:00:22.125290240,2025-07-07 22:00:22.325290240,2025-07-07 22:00:22.275290240,RGM_0303918,4,0.0029933070208281,False,False
N029_C0001238,29,2025-07-07 22:00:22.225290240,2025-07-07 22:00:22.475290240,2025-07-07 22:00:22.300290240,RGM_0303923,2,0.0043572512352708,False,False
N031_C0001619,31,2025-07-07 22:00:22.225290240,2025-07-07 22:00:22.900290240,2025-07-07 22:00:22.475290240,RGM_0303926,1,0.0044937929592052,False,False
N056_C0004129,56,2025-07-07 22:00:23.000290240,2025-07-07 22:00:23.050290240,2025-07-07 22:00:23.025290240,RGM_0303933,1,3.515065507974659e-05,False,False
N033_C0002132,33,2025-07-07 22:00:23.075290240,2025-07-07 22:00:23.275290240,2025-07-07 22:00:23.175290240,RGM_0303941,1,0.0034066009472118,False,False
N057_C0004184,57,2025-07-07 22:00:21.975290240,2025-07-07 22:00:24.975290240,2025-07-07 22:00:23.800290240,RGM_0303957,6,0.0013460657021337,False,False
N056_C0004130,56,2025-07-07 22:00:23.725290240,2025-07-07 22:00:24.225290240,2025-07-07 22:00:23.975290240,RGM_0303963,1,0.0017036899398424,False,False
N023_C0001036,23,2025-07-07 22:00:24.275290240,2025-07-07 22:00:24.325290240,2025-07-07 22:00:24.300290240,RGM_0303976,1,0.002378429330228,False,False
N023_C0001037,23,2025-07-07 22:00:24.975290240,2025-07-07 22:00:25.075290240,2025-07-07 22:00:25.025290240,RGM_0303993,1,0.0034919579722148,False,False
N029_C0001239,29,2025-07-07 22:00:24.925290240,2025-07-07 22:00:25.125290240,2025-07-07 22:00:25.025290240,RGM_0303996,2,0.0048893994160048,False,False
N030_C0001375,30,2025-07-07 22:00:24.925290240,2025-07-07 22:00:25.125290240,2025-07-07 22:00:25.025290240,RGM_0303994,1,0.0048893994160048,False,False
N031_C0001620,31,2025-07-07 22:00:24.975290240,2025-07-07 22:00:25.100290240,2025-07-07 22:00:25.025290240,RGM_0303999,2,0.0048739829250336,False,False
N033_C0002133,33,2025-07-07 22:00:24.925290240,2025-07-07 22:00:25.125290240,2025-07-07 22:00:25.025290240,RGM_0303998,4,0.002298813997123,False,False
N032_C0001709,32,2025-07-07 22:00:25.000290240,2025-07-07 22:00:25.100290240,2025-07-07 22:00:25.050290240,RGM_0304002,1,0.0048728962593331,False,False
N031_C0001621,31,2025-07-07 22:00:29.875290240,2025-07-07 22:00:30.125290240,2025-07-07 22:00:30.000290240,RGM_0304096,1,0.0011199664856068,False,False
N032_C0001710,32,2025-07-07 22:00:32.375290240,2025-07-07 22:00:32.475290240,2025-07-07 22:00:32.425290240,RGM_0304126,1,0.002368610493734,False,False
N029_C0001240,29,2025-07-07 22:00:34.475290240,2025-07-07 22:00:34.675290240,2025-07-07 22:00:34.550290240,RGM_0304151,1,0.0031068049016606,False,False
N023_C0001038,23,2025-07-07 22:00:34.475290240,2025-07-07 22:00:34.675290240,2025-07-07 22:00:34.575290240,RGM_0304153,1,0.0019397226013539,False,False
N032_C0001711,32,2025-07-07 22:00:34.550290240,2025-07-07 22:00:34.650290240,2025-07-07 22:00:34.600290240,RGM_0304155,1,0.0028213144400759,False,False
N023_C0001039,23,2025-07-07 22:00:37.375290240,2025-07-07 22:00:37.575290240,2025-07-07 22:00:37.475290240,RGM_0304215,1,0.0028364062775612,False,False
N031_C0001622,31,2025-07-07 22:00:40.325290240,2025-07-07 22:00:40.425290240,2025-07-07 22:00:40.375290240,RGM_0304260,1,0.0041031474568391,False,False
N033_C0002134,33,2025-07-07 22:00:39.875290240,2025-07-07 22:00:40.850290240,2025-07-07 22:00:40.375290240,RGM_0304257,6,0.0016226101437008,False,False
N023_C0001040,23,2025-07-07 22:00:40.100290240,2025-07-07 22:00:40.725290240,2025-07-07 22:00:40.425290240,RGM_0304262,8,0.0074498802733466,False,False
N030_C0001376,30,2025-07-07 22:00:40.325290240,2025-07-07 22:00:40.525290240,2025-07-07 22:00:40.425290240,RGM_0304264,1,0.0074498802733466,False,False
N032_C0001712,32,2025-07-07 22:00:40.450290240,2025-07-07 22:00:40.550290240,2025-07-07 22:00:40.500290240,RGM_0304271,1,0.0024172522559905,False,False
N031_C0001623,31,2025-07-07 22:00:41.175290240,2025-07-07 22:00:41.225290240,2025-07-07 22:00:41.200290240,RGM_0304280,1,0.0045684267987508,False,False
N023_C0001041,23,2025-07-07 22:00:40.975290240,2025-07-07 22:00:41.475290240,2025-07-07 22:00:41.225290240,RGM_0304283,1,0.0004351604548994,False,False
N033_C0002135,33,2025-07-07 22:00:44.125290240,2025-07-07 22:00:44.375290240,2025-07-07 22:00:44.225290240,RGM_0304311,1,0.0007043427018124,False,False
N029_C0001241,29,2025-07-07 22:00:44.250290240,2025-07-07 22:00:44.375290240,2025-07-07 22:00:44.300290240,RGM_0304314,2,0.0025539753553114,False,False
N031_C0001624,31,2025-07-07 22:00:44.250290240,2025-07-07 22:00:44.350290240,2025-07-07 22:00:44.300290240,RGM_0304316,1,0.0025539753553114,False,False
N032_C0001713,32,2025-07-07 22:00:44.275290240,2025-07-07 22:00:44.325290240,2025-07-07 22:00:44.300290240,RGM_0304319,1,0.00253195247782,False,False
N030_C0001377,30,2025-07-07 22:00:44.225290240,2025-07-07 22:00:44.475290240,2025-07-07 22:00:44.325290240,RGM_0304323,2,0.0025831480022636,False,False
N023_C0001042,23,2025-07-07 22:00:44.225290240,2025-07-07 22:00:44.725290240,2025-07-07 22:00:44.375290240,RGM_0304325,6,0.0028990921047549,False,False
N031_C0001625,31,2025-07-07 22:00:47.275290240,2025-07-07 22:00:47.400290240,2025-07-07 22:00:47.325290240,RGM_0304362,1,0.0007910956883919,False,False
N057_C0004185,57,2025-07-07 22:00:46.475290240,2025-07-07 22:00:48.975290240,2025-07-07 22:00:47.400290240,RGM_0304363,1,0.0015992892963153,False,False
N023_C0001043,23,2025-07-07 22:00:52.525290240,2025-07-07 22:00:53.725290240,2025-07-07 22:00:53.475290240,RGM_0304428,6,0.0089738881473452,False,False
N029_C0001242,29,2025-07-07 22:00:53.525290240,2025-07-07 22:00:53.625290240,2025-07-07 22:00:53.575290240,RGM_0304447,2,0.0066737798586191,False,False
N031_C0001626,31,2025-07-07 22:00:53.475290240,2025-07-07 22:00:53.675290240,2025-07-07 22:00:53.575290240,RGM_0304444,2,0.0066872252494058,False,False
N033_C0002136,33,2025-07-07 22:00:53.525290240,2025-07-07 22:00:53.725290240,2025-07-07 22:00:53.575290240,RGM_0304446,2,0.0008566510842027,False,False
N029_C0001243,29,2025-07-07 22:00:55.175290240,2025-07-07 22:00:55.725290240,2025-07-07 22:00:55.650290240,RGM_0304460,1,0.0067736450283641,False,False
N023_C0001044,23,2025-07-07 22:00:55.625290240,2025-07-07 22:00:55.725290240,2025-07-07 22:00:55.675290240,RGM_0304465,2,0.0044216610328996,False,False
N030_C0001378,30,2025-07-07 22:00:55.650290240,2025-07-07 22:00:55.700290240,2025-07-07 22:00:55.675290240,RGM_0304464,1,0.004413940114676,False,False
N031_C0001627,31,2025-07-07 22:00:55.650290240,2025-07-07 22:00:55.700290240,2025-07-07 22:00:55.675290240,RGM_0304463,1,0.004413940114676,False,False
N023_C0001045,23,2025-07-07 22:00:56.575290240,2025-07-07 22:00:57.225290240,2025-07-07 22:00:56.625290240,RGM_0304479,1,0.0036818435596804,False,False
N031_C0001628,31,2025-07-07 22:00:57.250290240,2025-07-07 22:00:57.425290240,2025-07-07 22:00:57.350290240,RGM_0304484,1,0.0019358645490913,False,False
N023_C0001046,23,2025-07-07 22:01:00.775290240,2025-07-07 22:01:01.000290240,2025-07-07 22:01:00.950290240,RGM_0304530,1,0.0001526459119481,False,False
N031_C0001629,31,2025-07-07 22:01:00.925290240,2025-07-07 22:01:01.025290240,2025-07-07 22:01:00.975290240,RGM_0304531,1,0.0014058549554403,False,False
N023_C0001047,23,2025-07-07 22:01:01.850290240,2025-07-07 22:01:01.950290240,2025-07-07 22:01:01.900290240,RGM_0304539,1,0.0001720402165446,False,False
N023_C0001048,23,2025-07-07 22:01:04.100290240,2025-07-07 22:01:04.600290240,2025-07-07 22:01:04.375290240,RGM_0304581,2,0.0038719889104463,False,False
N029_C0001244,29,2025-07-07 22:01:04.400290240,2025-07-07 22:01:04.500290240,2025-07-07 22:01:04.450290240,RGM_0304583,1,0.0037115299044632,False,False
N031_C0001630,31,2025-07-07 22:01:04.450290240,2025-07-07 22:01:04.500290240,2025-07-07 22:01:04.475290240,RGM_0304588,1,0.0037067536058107,False,False
N033_C0002137,33,2025-07-07 22:01:04.425290240,2025-07-07 22:01:04.625290240,2025-07-07 22:01:04.500290240,RGM_0304589,2,0.0014449773077804,False,False
N029_C0001245,29,2025-07-07 22:01:05.925290240,2025-07-07 22:01:06.075290240,2025-07-07 22:01:06.025290240,RGM_0304616,1,0.002862674722004,False,False
N031_C0001631,31,2025-07-07 22:01:05.975290240,2025-07-07 22:01:06.075290240,2025-07-07 22:01:06.025290240,RGM_0304618,1,0.0028395982504472,False,False
N023_C0001049,23,2025-07-07 22:01:08.175290240,2025-07-07 22:01:08.225290240,2025-07-07 22:01:08.200290240,RGM_0304659,1,6.801619072392178e-05,False,False
N023_C0001050,23,2025-07-07 22:01:08.250290240,2025-07-07 22:01:08.350290240,2025-07-07 22:01:08.300290240,RGM_0304669,2,0.0020279294102891,False,False
N031_C0001632,31,2025-07-07 22:01:08.250290240,2025-07-07 22:01:08.350290240,2025-07-07 22:01:08.300290240,RGM_0304665,1,0.0020279294102891,False,False
N029_C0001246,29,2025-07-07 22:01:20.150290240,2025-07-07 22:01:20.250290240,2025-07-07 22:01:20.200290240,RGM_0304888,1,0.001710552601875,False,False
N029_C0001247,29,2025-07-07 22:01:23.275290240,2025-07-07 22:01:23.475290240,2025-07-07 22:01:23.375290240,RGM_0304941,1,0.0035773006503915,False,False
N031_C0001633,31,2025-07-07 22:01:25.000290240,2025-07-07 22:01:25.675290240,2025-07-07 22:01:25.075290240,RGM_0304967,2,0.0036324834036138,False,False
N033_C0002138,33,2025-07-07 22:01:25.475290240,2025-07-07 22:01:25.775290240,2025-07-07 22:01:25.575290240,RGM_0304978,3,0.0028472054928294,False,False
N033_C0002139,33,2025-07-07 22:01:30.775290240,2025-07-07 22:01:31.400290240,2025-07-07 22:01:30.850290240,RGM_0305154,2,0.0026783143458271,False,False
N031_C0001634,31,2025-07-07 22:01:32.425290240,2025-07-07 22:01:32.500290240,2025-07-07 22:01:32.475290240,RGM_0305197,1,0.0002375550081131,False,False
N030_C0001379,30,2025-07-07 22:01:41.075290240,2025-07-07 22:01:41.850290240,2025-07-07 22:01:41.600290240,RGM_0305375,1,0.0025079568683334,False,False
N033_C0002140,33,2025-07-07 22:01:41.350290240,2025-07-07 22:01:41.850290240,2025-07-07 22:01:41.625290240,RGM_0305383,6,0.0023678139534918,False,False
N029_C0001248,29,2025-07-07 22:01:41.525290240,2025-07-07 22:01:41.925290240,2025-07-07 22:01:41.675290240,RGM_0305391,2,0.0016109480401847,False,False
N085_C0004332,85,2025-07-07 22:01:42.975290240,2025-07-07 22:01:45.475290240,2025-07-07 22:01:44.600290240,RGM_0305411,1,0.0008922932220652,False,False
N023_C0001051,23,2025-07-07 22:01:43.475290240,2025-07-07 22:01:45.475290240,2025-07-07 22:01:44.850290240,RGM_0305418,1,0.0003282469031444,False,False
N023_C0001052,23,2025-07-07 22:01:50.725290240,2025-07-07 22:01:51.225290240,2025-07-07 22:01:51.025290240,RGM_0305470,1,0.0002302820809861,False,False
N085_C0004333,85,2025-07-07 22:01:49.725290240,2025-07-07 22:01:53.100290240,2025-07-07 22:01:52.475290240,RGM_0305484,2,0.0004716399011869,False,False
N085_C0004334,85,2025-07-07 22:01:53.600290240,2025-07-07 22:01:54.125290240,2025-07-07 22:01:53.625290240,RGM_0305497,1,2.739956615857381e-05,False,False
N029_C0001249,29,2025-07-07 22:01:53.225290240,2025-07-07 22:01:53.775290240,2025-07-07 22:01:53.675290240,RGM_0305498,1,0.0041358236616501,False,False
N033_C0002141,33,2025-07-07 22:01:53.575290240,2025-07-07 22:01:53.775290240,2025-07-07 22:01:53.675290240,RGM_0305505,3,0.003269571970203,False,False
N023_C0001053,23,2025-07-07 22:01:53.575290240,2025-07-07 22:01:53.875290240,2025-07-07 22:01:53.775290240,RGM_0305518,4,0.002983111583436,False,False
N032_C0001714,32,2025-07-07 22:01:53.600290240,2025-07-07 22:01:54.100290240,2025-07-07 22:01:53.775290240,RGM_0305517,1,0.0041520376203801,False,False
N029_C0001250,29,2025-07-07 22:01:56.975290240,2025-07-07 22:01:57.025290240,2025-07-07 22:01:57.000290240,RGM_0305571,1,0.0028757203886739,False,False
N023_C0001054,23,2025-07-07 22:01:56.975290240,2025-07-07 22:01:57.050290240,2025-07-07 22:01:57.025290240,RGM_0305576,2,0.000384587941854,False,False
N033_C0002142,33,2025-07-07 22:02:00.100290240,2025-07-07 22:02:00.600290240,2025-07-07 22:02:00.375290240,RGM_0305648,4,0.0146089052140838,False,False
N029_C0001251,29,2025-07-07 22:02:00.400290240,2025-07-07 22:02:00.500290240,2025-07-07 22:02:00.450290240,RGM_0305650,1,0.00305144774275,False,False
N031_C0001635,31,2025-07-07 22:02:00.400290240,2025-07-07 22:02:00.500290240,2025-07-07 22:02:00.450290240,RGM_0305654,1,0.00305144774275,False,False
N031_C0001636,31,2025-07-07 22:02:02.775290240,2025-07-07 22:02:02.975290240,2025-07-07 22:02:02.900290240,RGM_0305691,1,0.0020048679246084,False,False
N033_C0002143,33,2025-07-07 22:02:02.875290240,2025-07-07 22:02:03.075290240,2025-07-07 22:02:02.975290240,RGM_0305699,4,0.0015038657464843,False,False
N033_C0002144,33,2025-07-07 22:02:14.150290240,2025-07-07 22:02:14.200290240,2025-07-07 22:02:14.175290240,RGM_0305898,1,9.382760605563888e-05,False,False
N023_C0001055,23,2025-07-07 22:02:15.400290240,2025-07-07 22:02:15.500290240,2025-07-07 22:02:15.450290240,RGM_0305923,3,0.0005843552337886,False,False
N030_C0001380,30,2025-07-07 22:02:15.425290240,2025-07-07 22:02:15.625290240,2025-07-07 22:02:15.525290240,RGM_0305930,2,0.0016072576182317,False,False
N029_C0001252,29,2025-07-07 22:02:17.575290240,2025-07-07 22:02:17.625290240,2025-07-07 22:02:17.600290240,RGM_0305953,1,0.0015719858535603,False,False
N033_C0002145,33,2025-07-07 22:02:17.225290240,2025-07-07 22:02:17.725290240,2025-07-07 22:02:17.625290240,RGM_0305955,4,0.0016373073328826,False,False
N023_C0001056,23,2025-07-07 22:02:21.025290240,2025-07-07 22:02:21.075290240,2025-07-07 22:02:21.050290240,RGM_0305993,1,0.0001857263971691,False,False
N033_C0002146,33,2025-07-07 22:02:21.025290240,2025-07-07 22:02:21.125290240,2025-07-07 22:02:21.050290240,RGM_0305997,4,0.0030831972155141,False,False
N023_C0001057,23,2025-07-07 22:02:21.475290240,2025-07-07 22:02:22.075290240,2025-07-07 22:02:21.925290240,RGM_0306022,4,0.0018492508677412,False,False
N032_C0001715,32,2025-07-07 22:02:21.875290240,2025-07-07 22:02:22.000290240,2025-07-07 22:02:21.925290240,RGM_0306021,1,0.0019559767657143,False,False
N033_C0002147,33,2025-07-07 22:02:29.075290240,2025-07-07 22:02:29.775290240,2025-07-07 22:02:29.275290240,RGM_0306119,3,0.0021417948059045,False,False
N033_C0002148,33,2025-07-07 22:02:31.125290240,2025-07-07 22:02:31.175290240,2025-07-07 22:02:31.150290240,RGM_0306131,1,4.4629232513523845e-05,False,False
N031_C0001637,31,2025-07-07 22:02:32.725290240,2025-07-07 22:02:32.825290240,2025-07-07 22:02:32.775290240,RGM_0306156,1,0.0029863210075163,False,False
N033_C0002149,33,2025-07-07 22:02:32.350290240,2025-07-07 22:02:33.475290240,2025-07-07 22:02:33.025290240,RGM_0306165,18,0.0112433387821862,False,False
N033_C0002150,33,2025-07-07 22:02:34.975290240,2025-07-07 22:02:35.075290240,2025-07-07 22:02:35.000290240,RGM_0306178,1,0.0007530354892164,False,False
N033_C0002151,33,2025-07-07 22:02:37.250290240,2025-07-07 22:02:37.300290240,2025-07-07 22:02:37.275290240,RGM_0306204,1,9.559492257688176e-05,False,False
N023_C0001058,23,2025-07-07 22:02:38.400290240,2025-07-07 22:02:38.450290240,2025-07-07 22:02:38.425290240,RGM_0306235,1,0.0004170222287483,False,False
N031_C0001638,31,2025-07-07 22:02:43.875290240,2025-07-07 22:02:43.975290240,2025-07-07 22:02:43.925290240,RGM_0306277,1,0.0019667408440424,False,False
N033_C0002152,33,2025-07-07 22:02:43.775290240,2025-07-07 22:02:44.350290240,2025-07-07 22:02:43.975290240,RGM_0306284,15,0.0052882438293945,False,False
N033_C0002153,33,2025-07-07 22:02:44.800290240,2025-07-07 22:02:45.025290240,2025-07-07 22:02:44.850290240,RGM_0306307,3,0.0004375577238467,False,False
N033_C0002154,33,2025-07-07 22:02:46.100290240,2025-07-07 22:02:47.075290240,2025-07-07 22:02:46.625290240,RGM_0306321,7,0.0039843937883685,False,False
N032_C0001716,32,2025-07-07 22:02:50.075290240,2025-07-07 22:02:50.175290240,2025-07-07 22:02:50.125290240,RGM_0306376,1,0.0028756796290583,False,False
N030_C0001381,30,2025-07-07 22:02:50.275290240,2025-07-07 22:02:50.475290240,2025-07-07 22:02:50.375290240,RGM_0306382,1,0.0022316036856827,False,False
N033_C0002155,33,2025-07-07 22:02:49.975290240,2025-07-07 22:02:50.475290240,2025-07-07 22:02:50.375290240,RGM_0306381,6,0.0049867719074784,False,False
N031_C0001639,31,2025-07-07 22:02:50.425290240,2025-07-07 22:02:50.475290240,2025-07-07 22:02:50.450290240,RGM_0306390,1,0.0022167929290721,False,False
N023_C0001059,23,2025-07-07 22:02:54.700290240,2025-07-07 22:02:54.750290240,2025-07-07 22:02:54.725290240,RGM_0306434,1,0.0003110660308139,False,False
N033_C0002156,33,2025-07-07 22:02:54.475290240,2025-07-07 22:02:55.300290240,2025-07-07 22:02:54.775290240,RGM_0306444,9,0.0031355443639217,False,False
N029_C0001253,29,2025-07-07 22:02:55.200290240,2025-07-07 22:02:55.250290240,2025-07-07 22:02:55.225290240,RGM_0306452,1,0.0007974594033055,False,False
N031_C0001640,31,2025-07-07 22:02:55.225290240,2025-07-07 22:02:55.275290240,2025-07-07 22:02:55.250290240,RGM_0306459,1,0.0016847327120853,False,False
N032_C0001717,32,2025-07-07 22:02:55.175290240,2025-07-07 22:02:55.275290240,2025-07-07 22:02:55.250290240,RGM_0306457,1,0.0016927901218421,False,False
N023_C0001060,23,2025-07-07 22:08:05.974399990,2025-07-07 22:08:06.624399990,2025-07-07 22:08:06.449399990,RGM_0308881,1,0.0013541739421461,False,False
N023_C0001061,23,2025-07-07 22:08:23.724399990,2025-07-07 22:08:24.274399990,2025-07-07 22:08:24.124399990,RGM_0309005,2,0.0010259544868621,False,False
N023_C0001062,23,2025-07-07 22:08:40.224399990,2025-07-07 22:08:41.224399990,2025-07-07 22:08:40.724399990,RGM_0309117,3,0.0009376930628109,False,False
N031_C0001641,31,2025-07-07 22:08:41.049399990,2025-07-07 22:08:41.149399990,2025-07-07 22:08:41.099399990,RGM_0309130,1,0.0007245198784742,False,False
N030_C0001382,30,2025-07-07 22:08:41.074399990,2025-07-07 22:08:41.174399990,2025-07-07 22:08:41.124399990,RGM_0309134,1,0.0007330283609848,False,False
N023_C0001063,23,2025-07-07 22:09:58.974399990,2025-07-07 22:09:59.974399990,2025-07-07 22:09:59.474399990,RGM_0309789,1,0.001531240480844,False,False
N085_C0004335,85,2025-07-07 22:13:58.224399990,2025-07-07 22:14:00.474399990,2025-07-07 22:13:58.549399990,RGM_0311387,1,0.0001716199836811,False,False
N085_C0004336,85,2025-07-07 22:14:19.599399990,2025-07-07 22:14:20.724399990,2025-07-07 22:14:19.949399990,RGM_0311503,1,0.0001222862320524,False,False
N082_C0004311,82,2025-07-07 22:17:13.473510340,2025-07-07 22:17:14.473510340,2025-07-07 22:17:13.823510340,RGM_0312859,1,0.0001029785502006,False,False
N082_C0004312,82,2025-07-07 22:19:32.723510340,2025-07-07 22:19:33.223510340,2025-07-07 22:19:33.023510340,RGM_0313976,1,4.466431530584361e-05,False,False
N082_C0004313,82,2025-07-07 22:23:47.623510340,2025-07-07 22:23:47.723510340,2025-07-07 22:23:47.698510340,RGM_0315610,1,1.6546026696014164e-05,False,False
N082_C0004314,82,2025-07-07 22:23:53.473510340,2025-07-07 22:23:53.973510340,2025-07-07 22:23:53.898510340,RGM_0315654,1,5.31521905944017e-05,False,False
N023_C0001064,23,2025-07-07 22:24:52.473510340,2025-07-07 22:24:54.973510340,2025-07-07 22:24:53.473510340,RGM_0316103,2,0.0010606354157649,False,False
N111_C0004386,111,2025-07-07 22:27:09.972618141,2025-07-07 22:27:11.972618141,2025-07-07 22:27:10.572618141,RGM_0317090,1,9.701219036565947e-05,False,False
N082_C0004315,82,2025-07-07 22:27:44.222618141,2025-07-07 22:27:45.372618141,2025-07-07 22:27:44.772618141,RGM_0317366,1,9.313487424615008e-05,False,False
N082_C0004316,82,2025-07-07 22:28:01.972618141,2025-07-07 22:28:02.472618141,2025-07-07 22:28:02.197618141,RGM_0317493,1,0.0001021012830821,False,False
N111_C0004387,111,2025-07-07 22:29:19.972618141,2025-07-07 22:29:21.972618141,2025-07-07 22:29:21.422618141,RGM_0318069,2,0.0001206308158823,False,False
N082_C0004317,82,2025-07-07 22:30:05.022618141,2025-07-07 22:30:05.597618141,2025-07-07 22:30:05.122618141,RGM_0318319,1,0.0001196659901392,False,False
N029_C0001254,29,2025-07-07 22:30:25.972618141,2025-07-07 22:30:26.972618141,2025-07-07 22:30:26.472618141,RGM_0318452,1,0.0024301636154013,False,False
N030_C0001383,30,2025-07-07 22:30:26.422618141,2025-07-07 22:30:26.522618141,2025-07-07 22:30:26.472618141,RGM_0318451,1,0.0022523833583493,False,False
N023_C0001065,23,2025-07-07 22:30:26.472618141,2025-07-07 22:30:26.597618141,2025-07-07 22:30:26.547618141,RGM_0318463,2,0.0017764827123779,False,False
N031_C0001642,31,2025-07-07 22:30:26.347618141,2025-07-07 22:30:26.972618141,2025-07-07 22:30:26.572618141,RGM_0318465,1,0.002320751917345,False,False
N111_C0004388,111,2025-07-07 22:31:15.097618141,2025-07-07 22:31:17.472618141,2025-07-07 22:31:15.847618141,RGM_0318813,1,0.0002055106336443,False,False
N082_C0004318,82,2025-07-07 22:31:38.972618141,2025-07-07 22:31:39.472618141,2025-07-07 22:31:39.072618141,RGM_0318983,1,7.195118168619308e-05,False,False
N056_C0004131,56,2025-07-07 22:32:32.597618141,2025-07-07 22:32:33.097618141,2025-07-07 22:32:32.847618141,RGM_0319356,1,0.0010441669490709,False,False
N057_C0004186,57,2025-07-07 22:32:31.472618141,2025-07-07 22:32:34.472618141,2025-07-07 22:32:32.997618141,RGM_0319359,7,0.0014987322164505,False,False
N082_C0004319,82,2025-07-07 22:33:20.172618141,2025-07-07 22:33:20.397618141,2025-07-07 22:33:20.372618141,RGM_0319741,1,8.634243843477254e-05,False,False
N111_C0004389,111,2025-07-07 22:33:54.347618141,2025-07-07 22:33:57.322618141,2025-07-07 22:33:55.322618141,RGM_0320024,1,0.0002886243698581,False,False
N111_C0004390,111,2025-07-07 22:34:04.722618141,2025-07-07 22:34:07.722618141,2025-07-07 22:34:06.822618141,RGM_0320107,1,0.0007458409227049,False,False
N111_C0004391,111,2025-07-07 22:34:07.822618141,2025-07-07 22:34:08.122618141,2025-07-07 22:34:08.097618141,RGM_0320132,1,1.1853322098284266e-05,False,False
N111_C0004392,111,2025-07-07 22:34:29.422618141,2025-07-07 22:34:31.472618141,2025-07-07 22:34:30.472618141,RGM_0320302,13,0.0317569153325893,False,False
N108_C0004345,108,2025-07-07 22:34:30.472618141,2025-07-07 22:34:32.472618141,2025-07-07 22:34:31.472618141,RGM_0320377,5,0.0017669116830001,False,False
N027_C0001129,27,2025-07-07 22:36:10.972618141,2025-07-07 22:36:11.172618141,2025-07-07 22:36:11.072618141,RGM_0321181,1,0.0001376124334427,False,False
N024_C0001079,24,2025-07-07 22:36:10.872618141,2025-07-07 22:36:11.972618141,2025-07-07 22:36:11.472618141,RGM_0321187,2,0.0001724959134762,False,False
N045_C0002283,45,2025-07-07 22:36:32.972618141,2025-07-07 22:36:34.972618141,2025-07-07 22:36:34.197618141,RGM_0321339,1,0.0005992789870548,False,False
N045_C0002284,45,2025-07-07 22:36:36.472618141,2025-07-07 22:36:38.472618141,2025-07-07 22:36:37.822618141,RGM_0321366,1,0.0004751089294855,False,False
N111_C0004393,111,2025-07-07 22:37:37.453687726,2025-07-07 22:37:39.453687726,2025-07-07 22:37:37.953687726,RGM_0321792,1,0.0005381154013931,False,False
N111_C0004394,111,2025-07-07 22:38:26.453687726,2025-07-07 22:38:28.453687726,2025-07-07 22:38:27.578687726,RGM_0322121,1,0.0001389153377413,False,False
