physical_event_id,cluster_id,node_index
RGM_0002630,N000_C0000000,0
RGM_0002633,N000_C0000000,0
RGM_0017382,N000_C0000001,0
RGM_0017375,N000_C0000001,0
RGM_0017380,N000_C0000001,0
RGM_0017378,N000_C0000001,0
RGM_0037514,N000_C0000002,0
RGM_0037517,N000_C0000002,0
RGM_0037515,N000_C0000002,0
RGM_0037614,N000_C0000003,0
RGM_0037610,N000_C0000003,0
RGM_0037611,N000_C0000003,0
RGM_0037615,N000_C0000003,0
RGM_0037642,N000_C0000004,0
RGM_0038873,N000_C0000005,0
RGM_0038874,N000_C0000005,0
RGM_0038876,N000_C0000005,0
RGM_0038877,N000_C0000005,0
RGM_0039414,N000_C0000006,0
RGM_0039415,N000_C0000006,0
RGM_0039419,N000_C0000006,0
RGM_0039418,N000_C0000006,0
RGM_0040680,N000_C0000007,0
RGM_0049319,N000_C0000008,0
RGM_0053075,N000_C0000009,0
RGM_0053077,N000_C0000009,0
RGM_0053123,N000_C0000010,0
RGM_0053152,N000_C0000011,0
RGM_0053922,N000_C0000012,0
RGM_0055206,N000_C0000013,0
RGM_0055235,N000_C0000014,0
RGM_0055238,N000_C0000014,0
RGM_0055239,N000_C0000014,0
RGM_0055241,N000_C0000014,0
RGM_0055244,N000_C0000014,0
RGM_0055246,N000_C0000014,0
RGM_0055437,N000_C0000015,0
RGM_0055439,N000_C0000015,0
RGM_0055441,N000_C0000015,0
RGM_0055443,N000_C0000015,0
RGM_0055453,N000_C0000015,0
RGM_0055455,N000_C0000015,0
RGM_0055447,N000_C0000015,0
RGM_0055451,N000_C0000015,0
RGM_0055534,N000_C0000016,0
RGM_0055535,N000_C0000016,0
RGM_0055600,N000_C0000017,0
RGM_0055599,N000_C0000017,0
RGM_0055602,N000_C0000017,0
RGM_0055607,N000_C0000017,0
RGM_0055608,N000_C0000017,0
RGM_0055784,N000_C0000018,0
RGM_0059367,N000_C0000019,0
RGM_0059368,N000_C0000019,0
RGM_0059378,N000_C0000020,0
RGM_0060456,N000_C0000021,0
RGM_0060458,N000_C0000021,0
RGM_0060459,N000_C0000021,0
RGM_0060460,N000_C0000021,0
RGM_0060461,N000_C0000021,0
RGM_0060463,N000_C0000021,0
RGM_0060466,N000_C0000021,0
RGM_0060473,N000_C0000021,0
RGM_0060465,N000_C0000021,0
RGM_0060468,N000_C0000021,0
RGM_0060469,N000_C0000021,0
RGM_0060470,N000_C0000021,0
RGM_0060471,N000_C0000021,0
RGM_0061603,N000_C0000022,0
RGM_0066501,N000_C0000023,0
RGM_0066502,N000_C0000023,0
RGM_0068494,N000_C0000024,0
RGM_0068492,N000_C0000024,0
RGM_0068658,N000_C0000025,0
RGM_0068697,N000_C0000026,0
RGM_0068700,N000_C0000026,0
RGM_0071553,N000_C0000027,0
RGM_0071876,N000_C0000028,0
RGM_0071866,N000_C0000028,0
RGM_0071877,N000_C0000028,0
RGM_0081098,N000_C0000029,0
RGM_0081144,N000_C0000030,0
RGM_0081146,N000_C0000030,0
RGM_0081149,N000_C0000030,0
RGM_0081179,N000_C0000031,0
RGM_0081523,N000_C0000032,0
RGM_0082000,N000_C0000033,0
RGM_0081999,N000_C0000033,0
RGM_0082621,N000_C0000034,0
RGM_0082624,N000_C0000034,0
RGM_0082626,N000_C0000034,0
RGM_0082642,N000_C0000035,0
RGM_0082836,N000_C0000036,0
RGM_0083989,N000_C0000037,0
RGM_0084211,N000_C0000038,0
RGM_0084212,N000_C0000038,0
RGM_0084230,N000_C0000038,0
RGM_0084214,N000_C0000038,0
RGM_0084219,N000_C0000038,0
RGM_0084231,N000_C0000038,0
RGM_0084213,N000_C0000038,0
RGM_0084215,N000_C0000038,0
RGM_0084216,N000_C0000038,0
RGM_0084221,N000_C0000038,0
RGM_0084357,N000_C0000039,0
RGM_0084351,N000_C0000039,0
RGM_0084365,N000_C0000039,0
RGM_0084366,N000_C0000039,0
RGM_0084368,N000_C0000039,0
RGM_0084369,N000_C0000039,0
RGM_0084370,N000_C0000039,0
RGM_0084371,N000_C0000039,0
RGM_0084372,N000_C0000039,0
RGM_0084373,N000_C0000039,0
RGM_0084374,N000_C0000039,0
RGM_0085020,N000_C0000040,0
RGM_0085023,N000_C0000040,0
RGM_0085019,N000_C0000040,0
RGM_0085486,N000_C0000041,0
RGM_0085491,N000_C0000041,0
RGM_0085617,N000_C0000042,0
RGM_0086410,N000_C0000043,0
RGM_0086416,N000_C0000044,0
RGM_0087015,N000_C0000045,0
RGM_0095181,N000_C0000046,0
RGM_0095184,N000_C0000047,0
RGM_0099024,N000_C0000048,0
RGM_0099028,N000_C0000048,0
RGM_0099031,N000_C0000048,0
RGM_0102375,N000_C0000049,0
RGM_0102388,N000_C0000049,0
RGM_0102392,N000_C0000049,0
RGM_0102399,N000_C0000049,0
RGM_0103045,N000_C0000050,0
RGM_0104699,N000_C0000051,0
RGM_0104698,N000_C0000051,0
RGM_0104701,N000_C0000051,0
RGM_0104704,N000_C0000051,0
RGM_0104702,N000_C0000051,0
RGM_0104703,N000_C0000051,0
RGM_0104708,N000_C0000051,0
RGM_0104779,N000_C0000052,0
RGM_0105539,N000_C0000053,0
RGM_0109818,N000_C0000054,0
RGM_0109819,N000_C0000054,0
RGM_0109820,N000_C0000054,0
RGM_0109822,N000_C0000054,0
RGM_0109921,N000_C0000055,0
RGM_0109924,N000_C0000056,0
RGM_0109933,N000_C0000056,0
RGM_0112056,N000_C0000057,0
RGM_0112287,N000_C0000058,0
RGM_0115736,N000_C0000059,0
RGM_0116838,N000_C0000060,0
RGM_0116842,N000_C0000060,0
RGM_0116849,N000_C0000061,0
RGM_0117572,N000_C0000062,0
RGM_0117577,N000_C0000062,0
RGM_0117581,N000_C0000062,0
RGM_0117593,N000_C0000062,0
RGM_0117636,N000_C0000063,0
RGM_0117617,N000_C0000063,0
RGM_0154434,N000_C0000064,0
RGM_0154435,N000_C0000064,0
RGM_0154438,N000_C0000064,0
RGM_0154440,N000_C0000064,0
RGM_0154442,N000_C0000064,0
RGM_0154451,N000_C0000065,0
RGM_0154446,N000_C0000065,0
RGM_0154452,N000_C0000065,0
RGM_0154453,N000_C0000065,0
RGM_0154456,N000_C0000066,0
RGM_0154943,N000_C0000067,0
RGM_0156157,N000_C0000068,0
RGM_0156152,N000_C0000068,0
RGM_0156148,N000_C0000068,0
RGM_0156194,N000_C0000069,0
RGM_0156197,N000_C0000069,0
RGM_0156199,N000_C0000069,0
RGM_0156202,N000_C0000069,0
RGM_0157435,N000_C0000070,0
RGM_0163842,N000_C0000071,0
RGM_0053256,N001_C0000072,1
RGM_0053280,N001_C0000072,1
RGM_0104437,N001_C0000073,1
RGM_0104710,N001_C0000074,1
RGM_0156196,N001_C0000075,1
RGM_0053282,N002_C0000076,2
RGM_0058060,N002_C0000077,2
RGM_0058061,N002_C0000077,2
RGM_0058064,N004_C0000078,4
RGM_0062343,N004_C0000079,4
RGM_0032973,N005_C0000080,5
RGM_0035060,N005_C0000081,5
RGM_0035928,N005_C0000082,5
RGM_0035929,N005_C0000083,5
RGM_0035992,N005_C0000084,5
RGM_0036349,N005_C0000085,5
RGM_0036435,N005_C0000086,5
RGM_0036579,N005_C0000087,5
RGM_0036872,N005_C0000088,5
RGM_0037022,N005_C0000089,5
RGM_0037217,N005_C0000090,5
RGM_0037565,N005_C0000091,5
RGM_0037639,N005_C0000092,5
RGM_0037702,N005_C0000093,5
RGM_0037865,N005_C0000094,5
RGM_0037996,N005_C0000095,5
RGM_0037998,N005_C0000096,5
RGM_0038147,N005_C0000097,5
RGM_0038179,N005_C0000098,5
RGM_0038250,N005_C0000099,5
RGM_0038276,N005_C0000100,5
RGM_0038280,N005_C0000100,5
RGM_0038299,N005_C0000101,5
RGM_0038310,N005_C0000102,5
RGM_0038377,N005_C0000103,5
RGM_0038408,N005_C0000104,5
RGM_0038415,N005_C0000105,5
RGM_0038508,N005_C0000106,5
RGM_0038559,N005_C0000107,5
RGM_0038570,N005_C0000108,5
RGM_0038585,N005_C0000109,5
RGM_0038707,N005_C0000110,5
RGM_0038742,N005_C0000111,5
RGM_0039289,N005_C0000112,5
RGM_0039325,N005_C0000113,5
RGM_0039331,N005_C0000114,5
RGM_0039492,N005_C0000115,5
RGM_0039525,N005_C0000116,5
RGM_0040564,N005_C0000117,5
RGM_0040572,N005_C0000118,5
RGM_0040583,N005_C0000119,5
RGM_0040650,N005_C0000120,5
RGM_0040687,N005_C0000121,5
RGM_0043656,N005_C0000122,5
RGM_0047137,N005_C0000123,5
RGM_0047170,N005_C0000124,5
RGM_0047194,N005_C0000125,5
RGM_0047439,N005_C0000126,5
RGM_0047436,N005_C0000126,5
RGM_0048046,N005_C0000127,5
RGM_0048039,N005_C0000127,5
RGM_0048041,N005_C0000127,5
RGM_0048318,N005_C0000128,5
RGM_0048540,N005_C0000129,5
RGM_0049752,N005_C0000130,5
RGM_0050194,N005_C0000131,5
RGM_0050383,N005_C0000132,5
RGM_0050663,N005_C0000133,5
RGM_0050661,N005_C0000133,5
RGM_0050807,N005_C0000134,5
RGM_0051114,N005_C0000135,5
RGM_0051398,N005_C0000136,5
RGM_0051541,N005_C0000137,5
RGM_0051760,N005_C0000138,5
RGM_0051980,N005_C0000139,5
RGM_0052002,N005_C0000140,5
RGM_0052127,N005_C0000141,5
RGM_0052283,N005_C0000142,5
RGM_0052284,N005_C0000142,5
RGM_0053054,N005_C0000143,5
RGM_0053068,N005_C0000143,5
RGM_0053076,N005_C0000143,5
RGM_0053088,N005_C0000144,5
RGM_0053085,N005_C0000144,5
RGM_0053089,N005_C0000144,5
RGM_0053150,N005_C0000145,5
RGM_0053153,N005_C0000145,5
RGM_0053179,N005_C0000146,5
RGM_0053200,N005_C0000147,5
RGM_0053507,N005_C0000148,5
RGM_0053837,N005_C0000149,5
RGM_0053881,N005_C0000150,5
RGM_0053926,N005_C0000151,5
RGM_0054099,N005_C0000152,5
RGM_0054102,N005_C0000152,5
RGM_0054266,N005_C0000153,5
RGM_0054809,N005_C0000154,5
RGM_0054817,N005_C0000154,5
RGM_0054814,N005_C0000154,5
RGM_0055026,N005_C0000155,5
RGM_0055236,N005_C0000156,5
RGM_0055248,N005_C0000156,5
RGM_0055445,N005_C0000157,5
RGM_0055446,N005_C0000157,5
RGM_0055462,N005_C0000157,5
RGM_0055459,N005_C0000157,5
RGM_0055499,N005_C0000158,5
RGM_0055524,N005_C0000158,5
RGM_0055536,N005_C0000158,5
RGM_0055532,N005_C0000158,5
RGM_0055554,N005_C0000159,5
RGM_0055609,N005_C0000160,5
RGM_0055601,N005_C0000160,5
RGM_0055678,N005_C0000161,5
RGM_0055686,N005_C0000161,5
RGM_0055722,N005_C0000162,5
RGM_0055724,N005_C0000162,5
RGM_0055740,N005_C0000163,5
RGM_0055738,N005_C0000163,5
RGM_0055788,N005_C0000164,5
RGM_0055786,N005_C0000164,5
RGM_0056006,N005_C0000165,5
RGM_0056206,N005_C0000166,5
RGM_0056219,N005_C0000167,5
RGM_0056477,N005_C0000168,5
RGM_0056520,N005_C0000169,5
RGM_0056514,N005_C0000169,5
RGM_0057763,N005_C0000170,5
RGM_0057769,N005_C0000170,5
RGM_0057770,N005_C0000170,5
RGM_0057784,N005_C0000170,5
RGM_0057988,N005_C0000171,5
RGM_0059380,N005_C0000172,5
RGM_0060462,N005_C0000173,5
RGM_0060547,N005_C0000174,5
RGM_0060696,N005_C0000175,5
RGM_0061604,N005_C0000176,5
RGM_0061600,N005_C0000176,5
RGM_0061735,N005_C0000177,5
RGM_0061794,N005_C0000178,5
RGM_0062779,N005_C0000179,5
RGM_0062999,N005_C0000180,5
RGM_0063004,N005_C0000181,5
RGM_0063026,N005_C0000182,5
RGM_0063141,N005_C0000183,5
RGM_0063160,N005_C0000184,5
RGM_0063358,N005_C0000185,5
RGM_0063451,N005_C0000186,5
RGM_0063454,N005_C0000186,5
RGM_0063499,N005_C0000187,5
RGM_0063506,N005_C0000188,5
RGM_0063550,N005_C0000189,5
RGM_0063875,N005_C0000190,5
RGM_0064672,N005_C0000191,5
RGM_0065077,N005_C0000192,5
RGM_0065519,N005_C0000193,5
RGM_0065521,N005_C0000193,5
RGM_0065874,N005_C0000194,5
RGM_0066072,N005_C0000195,5
RGM_0066116,N005_C0000196,5
RGM_0066765,N005_C0000197,5
RGM_0066905,N005_C0000198,5
RGM_0067055,N005_C0000199,5
RGM_0067137,N005_C0000200,5
RGM_0067537,N005_C0000201,5
RGM_0067586,N005_C0000202,5
RGM_0067587,N005_C0000202,5
RGM_0067629,N005_C0000203,5
RGM_0067985,N005_C0000204,5
RGM_0068076,N005_C0000205,5
RGM_0068071,N005_C0000205,5
RGM_0068256,N005_C0000206,5
RGM_0068438,N005_C0000207,5
RGM_0068489,N005_C0000208,5
RGM_0068649,N005_C0000209,5
RGM_0068657,N005_C0000210,5
RGM_0068698,N005_C0000211,5
RGM_0068708,N005_C0000212,5
RGM_0069521,N005_C0000213,5
RGM_0070079,N005_C0000214,5
RGM_0070123,N005_C0000215,5
RGM_0070288,N005_C0000216,5
RGM_0070451,N005_C0000217,5
RGM_0071140,N005_C0000218,5
RGM_0071515,N005_C0000219,5
RGM_0071534,N005_C0000220,5
RGM_0071552,N005_C0000221,5
RGM_0071563,N005_C0000222,5
RGM_0071617,N005_C0000223,5
RGM_0071623,N005_C0000223,5
RGM_0076841,N005_C0000224,5
RGM_0076880,N005_C0000225,5
RGM_0077000,N005_C0000226,5
RGM_0078232,N005_C0000227,5
RGM_0078735,N005_C0000228,5
RGM_0078811,N005_C0000229,5
RGM_0078934,N005_C0000230,5
RGM_0078952,N005_C0000231,5
RGM_0079090,N005_C0000232,5
RGM_0079095,N005_C0000232,5
RGM_0079108,N005_C0000233,5
RGM_0079323,N005_C0000234,5
RGM_0079777,N005_C0000235,5
RGM_0080310,N005_C0000236,5
RGM_0080312,N005_C0000236,5
RGM_0081143,N005_C0000237,5
RGM_0081327,N005_C0000238,5
RGM_0081479,N005_C0000239,5
RGM_0081566,N005_C0000240,5
RGM_0081810,N005_C0000241,5
RGM_0081800,N005_C0000241,5
RGM_0081975,N005_C0000242,5
RGM_0081996,N005_C0000243,5
RGM_0082037,N005_C0000244,5
RGM_0082041,N005_C0000244,5
RGM_0082219,N005_C0000245,5
RGM_0082228,N005_C0000245,5
RGM_0082552,N005_C0000246,5
RGM_0082625,N005_C0000247,5
RGM_0082835,N005_C0000248,5
RGM_0082845,N005_C0000249,5
RGM_0082848,N005_C0000249,5
RGM_0083120,N005_C0000250,5
RGM_0083122,N005_C0000251,5
RGM_0083885,N005_C0000252,5
RGM_0084260,N005_C0000253,5
RGM_0084552,N005_C0000254,5
RGM_0084701,N005_C0000255,5
RGM_0084906,N005_C0000256,5
RGM_0084982,N005_C0000257,5
RGM_0085276,N005_C0000258,5
RGM_0085566,N005_C0000259,5
RGM_0085618,N005_C0000260,5
RGM_0085658,N005_C0000261,5
RGM_0085679,N005_C0000262,5
RGM_0085755,N005_C0000263,5
RGM_0086163,N005_C0000264,5
RGM_0086300,N005_C0000265,5
RGM_0086401,N005_C0000266,5
RGM_0086954,N005_C0000267,5
RGM_0087328,N005_C0000268,5
RGM_0087479,N005_C0000269,5
RGM_0087566,N005_C0000270,5
RGM_0088044,N005_C0000271,5
RGM_0088255,N005_C0000272,5
RGM_0088514,N005_C0000273,5
RGM_0088569,N005_C0000274,5
RGM_0088874,N005_C0000275,5
RGM_0088981,N005_C0000276,5
RGM_0089824,N005_C0000277,5
RGM_0090049,N005_C0000278,5
RGM_0090314,N005_C0000279,5
RGM_0090372,N005_C0000280,5
RGM_0090493,N005_C0000281,5
RGM_0090690,N005_C0000282,5
RGM_0091371,N005_C0000283,5
RGM_0091404,N005_C0000284,5
RGM_0091570,N005_C0000285,5
RGM_0091647,N005_C0000286,5
RGM_0091883,N005_C0000287,5
RGM_0092067,N005_C0000288,5
RGM_0092099,N005_C0000289,5
RGM_0092253,N005_C0000290,5
RGM_0092262,N005_C0000291,5
RGM_0092381,N005_C0000292,5
RGM_0092419,N005_C0000293,5
RGM_0092441,N005_C0000294,5
RGM_0093019,N005_C0000295,5
RGM_0093437,N005_C0000296,5
RGM_0093446,N005_C0000297,5
RGM_0093580,N005_C0000298,5
RGM_0093588,N005_C0000298,5
RGM_0093632,N005_C0000299,5
RGM_0094024,N005_C0000300,5
RGM_0094143,N005_C0000301,5
RGM_0094149,N005_C0000301,5
RGM_0094412,N005_C0000302,5
RGM_0094897,N005_C0000303,5
RGM_0095109,N005_C0000304,5
RGM_0095122,N005_C0000305,5
RGM_0095154,N005_C0000306,5
RGM_0095180,N005_C0000307,5
RGM_0095186,N005_C0000308,5
RGM_0095347,N005_C0000309,5
RGM_0095669,N005_C0000310,5
RGM_0095677,N005_C0000311,5
RGM_0095814,N005_C0000312,5
RGM_0095875,N005_C0000313,5
RGM_0095893,N005_C0000314,5
RGM_0095891,N005_C0000314,5
RGM_0096037,N005_C0000315,5
RGM_0096060,N005_C0000316,5
RGM_0096239,N005_C0000317,5
RGM_0096370,N005_C0000318,5
RGM_0096605,N005_C0000319,5
RGM_0096622,N005_C0000320,5
RGM_0096887,N005_C0000321,5
RGM_0096888,N005_C0000321,5
RGM_0096900,N005_C0000322,5
RGM_0097307,N005_C0000323,5
RGM_0097486,N005_C0000324,5
RGM_0097569,N005_C0000325,5
RGM_0097632,N005_C0000326,5
RGM_0097646,N005_C0000327,5
RGM_0098264,N005_C0000328,5
RGM_0098556,N005_C0000329,5
RGM_0098744,N005_C0000330,5
RGM_0098790,N005_C0000331,5
RGM_0100797,N005_C0000332,5
RGM_0100858,N005_C0000333,5
RGM_0100853,N005_C0000333,5
RGM_0100942,N005_C0000334,5
RGM_0101097,N005_C0000335,5
RGM_0101696,N005_C0000336,5
RGM_0101865,N005_C0000337,5
RGM_0101924,N005_C0000338,5
RGM_0101942,N005_C0000339,5
RGM_0102020,N005_C0000340,5
RGM_0102288,N005_C0000341,5
RGM_0102312,N005_C0000342,5
RGM_0102323,N005_C0000342,5
RGM_0102349,N005_C0000343,5
RGM_0102376,N005_C0000344,5
RGM_0102389,N005_C0000344,5
RGM_0102398,N005_C0000344,5
RGM_0102449,N005_C0000345,5
RGM_0102466,N005_C0000346,5
RGM_0102513,N005_C0000347,5
RGM_0102633,N005_C0000348,5
RGM_0102682,N005_C0000349,5
RGM_0103329,N005_C0000350,5
RGM_0103496,N005_C0000351,5
RGM_0104685,N005_C0000352,5
RGM_0104705,N005_C0000353,5
RGM_0105212,N005_C0000354,5
RGM_0105461,N005_C0000355,5
RGM_0105472,N005_C0000356,5
RGM_0106933,N005_C0000357,5
RGM_0106936,N005_C0000358,5
RGM_0107408,N005_C0000359,5
RGM_0109764,N005_C0000360,5
RGM_0109765,N005_C0000360,5
RGM_0109928,N005_C0000361,5
RGM_0109930,N005_C0000361,5
RGM_0109999,N005_C0000362,5
RGM_0110103,N005_C0000363,5
RGM_0110444,N005_C0000364,5
RGM_0111744,N005_C0000365,5
RGM_0112058,N005_C0000366,5
RGM_0112118,N005_C0000367,5
RGM_0112437,N005_C0000368,5
RGM_0112469,N005_C0000369,5
RGM_0113139,N005_C0000370,5
RGM_0113147,N005_C0000371,5
RGM_0113737,N005_C0000372,5
RGM_0113738,N005_C0000372,5
RGM_0113998,N005_C0000373,5
RGM_0114007,N005_C0000374,5
RGM_0114010,N005_C0000374,5
RGM_0114195,N005_C0000375,5
RGM_0114202,N005_C0000376,5
RGM_0114248,N005_C0000377,5
RGM_0114253,N005_C0000377,5
RGM_0114325,N005_C0000378,5
RGM_0114574,N005_C0000379,5
RGM_0114707,N005_C0000380,5
RGM_0114715,N005_C0000381,5
RGM_0114977,N005_C0000382,5
RGM_0114990,N005_C0000382,5
RGM_0115085,N005_C0000383,5
RGM_0115244,N005_C0000384,5
RGM_0115232,N005_C0000384,5
RGM_0115400,N005_C0000385,5
RGM_0115413,N005_C0000386,5
RGM_0115423,N005_C0000387,5
RGM_0115440,N005_C0000388,5
RGM_0115497,N005_C0000389,5
RGM_0115498,N005_C0000389,5
RGM_0115503,N005_C0000389,5
RGM_0115642,N005_C0000390,5
RGM_0115645,N005_C0000390,5
RGM_0115688,N005_C0000391,5
RGM_0115715,N005_C0000392,5
RGM_0115740,N005_C0000393,5
RGM_0115886,N005_C0000394,5
RGM_0116462,N005_C0000395,5
RGM_0116545,N005_C0000396,5
RGM_0116848,N005_C0000397,5
RGM_0116906,N005_C0000398,5
RGM_0117582,N005_C0000399,5
RGM_0117630,N005_C0000400,5
RGM_0117656,N005_C0000401,5
RGM_0037903,N006_C0000402,6
RGM_0039048,N006_C0000403,6
RGM_0039290,N006_C0000404,6
RGM_0051999,N006_C0000405,6
RGM_0051998,N006_C0000405,6
RGM_0052281,N006_C0000406,6
RGM_0053078,N006_C0000407,6
RGM_0053148,N006_C0000408,6
RGM_0053843,N006_C0000409,6
RGM_0054608,N006_C0000410,6
RGM_0055245,N006_C0000411,6
RGM_0055243,N006_C0000411,6
RGM_0055444,N006_C0000412,6
RGM_0055456,N006_C0000412,6
RGM_0055605,N006_C0000413,6
RGM_0055606,N006_C0000413,6
RGM_0055612,N006_C0000413,6
RGM_0056216,N006_C0000414,6
RGM_0056513,N006_C0000415,6
RGM_0057379,N006_C0000416,6
RGM_0057779,N006_C0000417,6
RGM_0063116,N006_C0000418,6
RGM_0063140,N006_C0000419,6
RGM_0063453,N006_C0000420,6
RGM_0063498,N006_C0000421,6
RGM_0068433,N006_C0000422,6
RGM_0068493,N006_C0000423,6
RGM_0069712,N006_C0000424,6
RGM_0071531,N006_C0000425,6
RGM_0071620,N006_C0000426,6
RGM_0079092,N006_C0000427,6
RGM_0079331,N006_C0000428,6
RGM_0080311,N006_C0000429,6
RGM_0081820,N006_C0000430,6
RGM_0082216,N006_C0000431,6
RGM_0082551,N006_C0000432,6
RGM_0083121,N006_C0000433,6
RGM_0085234,N006_C0000434,6
RGM_0086351,N006_C0000435,6
RGM_0090052,N006_C0000436,6
RGM_0093869,N006_C0000437,6
RGM_0096368,N006_C0000438,6
RGM_0097482,N006_C0000439,6
RGM_0098526,N006_C0000440,6
RGM_0100852,N006_C0000441,6
RGM_0102286,N006_C0000442,6
RGM_0102311,N006_C0000443,6
RGM_0114255,N006_C0000444,6
RGM_0117041,N006_C0000445,6
RGM_0117584,N006_C0000446,6
RGM_0117574,N006_C0000446,6
RGM_0117598,N006_C0000447,6
RGM_0117627,N006_C0000448,6
RGM_0117602,N006_C0000448,6
RGM_0117611,N006_C0000448,6
RGM_0117609,N006_C0000448,6
RGM_0117634,N006_C0000448,6
RGM_0117639,N006_C0000449,6
RGM_0117640,N006_C0000450,6
RGM_0117646,N006_C0000451,6
RGM_0117648,N006_C0000452,6
RGM_0117654,N006_C0000453,6
RGM_0117660,N006_C0000453,6
RGM_0117900,N006_C0000454,6
RGM_0038180,N007_C0000455,7
RGM_0061733,N007_C0000456,7
RGM_0063154,N007_C0000457,7
RGM_0068435,N007_C0000458,7
RGM_0069124,N007_C0000459,7
RGM_0069125,N007_C0000459,7
RGM_0069710,N007_C0000460,7
RGM_0079325,N007_C0000461,7
RGM_0084969,N007_C0000462,7
RGM_0085574,N007_C0000463,7
RGM_0086356,N007_C0000464,7
RGM_0086403,N007_C0000465,7
RGM_0094151,N007_C0000466,7
RGM_0095873,N007_C0000467,7
RGM_0100854,N007_C0000468,7
RGM_0113730,N007_C0000469,7
RGM_0117063,N007_C0000470,7
RGM_0117608,N007_C0000471,7
RGM_0117607,N007_C0000471,7
RGM_0117642,N007_C0000472,7
RGM_0117659,N007_C0000473,7
RGM_0038380,N008_C0000474,8
RGM_0039421,N008_C0000475,8
RGM_0040664,N008_C0000476,8
RGM_0047172,N008_C0000477,8
RGM_0050379,N008_C0000478,8
RGM_0052005,N008_C0000479,8
RGM_0052009,N008_C0000479,8
RGM_0053069,N008_C0000480,8
RGM_0054607,N008_C0000481,8
RGM_0055617,N008_C0000482,8
RGM_0055613,N008_C0000482,8
RGM_0057518,N008_C0000483,8
RGM_0061605,N008_C0000484,8
RGM_0062771,N008_C0000485,8
RGM_0063157,N008_C0000486,8
RGM_0066903,N008_C0000487,8
RGM_0070124,N008_C0000488,8
RGM_0071529,N008_C0000489,8
RGM_0071559,N008_C0000490,8
RGM_0071608,N008_C0000491,8
RGM_0079093,N008_C0000492,8
RGM_0081744,N008_C0000493,8
RGM_0081817,N008_C0000494,8
RGM_0081865,N008_C0000495,8
RGM_0082195,N008_C0000496,8
RGM_0082229,N008_C0000497,8
RGM_0082844,N008_C0000498,8
RGM_0084258,N008_C0000499,8
RGM_0084721,N008_C0000500,8
RGM_0084822,N008_C0000501,8
RGM_0088251,N008_C0000502,8
RGM_0089988,N008_C0000503,8
RGM_0091646,N008_C0000504,8
RGM_0092327,N008_C0000505,8
RGM_0092370,N008_C0000506,8
RGM_0093032,N008_C0000507,8
RGM_0097563,N008_C0000508,8
RGM_0098580,N008_C0000509,8
RGM_0100934,N008_C0000510,8
RGM_0102333,N008_C0000511,8
RGM_0102351,N008_C0000512,8
RGM_0105211,N008_C0000513,8
RGM_0105431,N008_C0000514,8
RGM_0105467,N008_C0000515,8
RGM_0110445,N008_C0000516,8
RGM_0114009,N008_C0000517,8
RGM_0114194,N008_C0000518,8
RGM_0114200,N008_C0000518,8
RGM_0114571,N008_C0000519,8
RGM_0117589,N008_C0000520,8
RGM_0117605,N008_C0000521,8
RGM_0117616,N008_C0000522,8
RGM_0117621,N008_C0000522,8
RGM_0117625,N008_C0000522,8
RGM_0117652,N008_C0000523,8
RGM_0129481,N008_C0000524,8
RGM_0037216,N009_C0000525,9
RGM_0039046,N009_C0000526,9
RGM_0040663,N009_C0000527,9
RGM_0040665,N009_C0000527,9
RGM_0047198,N009_C0000528,9
RGM_0050878,N009_C0000529,9
RGM_0050966,N009_C0000530,9
RGM_0051170,N009_C0000531,9
RGM_0051763,N009_C0000532,9
RGM_0051987,N009_C0000533,9
RGM_0052011,N009_C0000534,9
RGM_0052126,N009_C0000535,9
RGM_0053070,N009_C0000536,9
RGM_0053086,N009_C0000537,9
RGM_0053124,N009_C0000538,9
RGM_0053154,N009_C0000539,9
RGM_0053149,N009_C0000539,9
RGM_0055448,N009_C0000540,9
RGM_0055452,N009_C0000540,9
RGM_0056217,N009_C0000541,9
RGM_0057380,N009_C0000542,9
RGM_0057782,N009_C0000543,9
RGM_0060607,N009_C0000544,9
RGM_0061602,N009_C0000545,9
RGM_0063156,N009_C0000546,9
RGM_0063159,N009_C0000546,9
RGM_0063502,N009_C0000547,9
RGM_0064984,N009_C0000548,9
RGM_0066106,N009_C0000549,9
RGM_0066118,N009_C0000549,9
RGM_0066311,N009_C0000550,9
RGM_0066889,N009_C0000551,9
RGM_0066899,N009_C0000552,9
RGM_0068436,N009_C0000553,9
RGM_0068491,N009_C0000554,9
RGM_0068669,N009_C0000555,9
RGM_0068701,N009_C0000556,9
RGM_0068751,N009_C0000557,9
RGM_0068807,N009_C0000558,9
RGM_0071528,N009_C0000559,9
RGM_0078812,N009_C0000560,9
RGM_0079791,N009_C0000561,9
RGM_0081739,N009_C0000562,9
RGM_0082555,N009_C0000563,9
RGM_0082620,N009_C0000564,9
RGM_0084104,N009_C0000565,9
RGM_0084220,N009_C0000566,9
RGM_0084227,N009_C0000566,9
RGM_0084421,N009_C0000567,9
RGM_0084425,N009_C0000567,9
RGM_0084543,N009_C0000568,9
RGM_0084724,N009_C0000569,9
RGM_0084743,N009_C0000570,9
RGM_0084970,N009_C0000571,9
RGM_0084973,N009_C0000571,9
RGM_0084981,N009_C0000572,9
RGM_0085563,N009_C0000573,9
RGM_0086021,N009_C0000574,9
RGM_0086005,N009_C0000574,9
RGM_0086038,N009_C0000575,9
RGM_0087050,N009_C0000576,9
RGM_0087324,N009_C0000577,9
RGM_0087471,N009_C0000578,9
RGM_0088252,N009_C0000579,9
RGM_0088566,N009_C0000580,9
RGM_0088872,N009_C0000581,9
RGM_0091644,N009_C0000582,9
RGM_0091682,N009_C0000583,9
RGM_0091878,N009_C0000584,9
RGM_0092329,N009_C0000585,9
RGM_0092371,N009_C0000586,9
RGM_0092376,N009_C0000586,9
RGM_0092792,N009_C0000587,9
RGM_0093031,N009_C0000588,9
RGM_0094408,N009_C0000589,9
RGM_0094894,N009_C0000590,9
RGM_0095155,N009_C0000591,9
RGM_0095354,N009_C0000592,9
RGM_0095866,N009_C0000593,9
RGM_0096065,N009_C0000594,9
RGM_0096071,N009_C0000594,9
RGM_0096664,N009_C0000595,9
RGM_0100943,N009_C0000596,9
RGM_0101098,N009_C0000597,9
RGM_0101094,N009_C0000597,9
RGM_0101920,N009_C0000598,9
RGM_0102332,N009_C0000599,9
RGM_0102379,N009_C0000600,9
RGM_0103499,N009_C0000601,9
RGM_0105214,N009_C0000602,9
RGM_0109927,N009_C0000603,9
RGM_0110437,N009_C0000604,9
RGM_0113729,N009_C0000605,9
RGM_0114197,N009_C0000606,9
RGM_0114326,N009_C0000607,9
RGM_0114575,N009_C0000608,9
RGM_0116827,N009_C0000609,9
RGM_0116847,N009_C0000610,9
RGM_0117046,N009_C0000611,9
RGM_0117590,N009_C0000612,9
RGM_0117613,N009_C0000613,9
RGM_0117622,N009_C0000613,9
RGM_0117651,N009_C0000614,9
RGM_0039524,N010_C0000615,10
RGM_0039528,N010_C0000615,10
RGM_0040002,N010_C0000616,10
RGM_0040142,N010_C0000617,10
RGM_0040582,N010_C0000618,10
RGM_0053073,N010_C0000619,10
RGM_0053071,N010_C0000619,10
RGM_0053080,N010_C0000619,10
RGM_0055240,N010_C0000620,10
RGM_0055237,N010_C0000620,10
RGM_0055247,N010_C0000620,10
RGM_0055249,N010_C0000620,10
RGM_0055242,N010_C0000620,10
RGM_0055259,N010_C0000621,10
RGM_0055438,N010_C0000622,10
RGM_0055457,N010_C0000622,10
RGM_0055458,N010_C0000622,10
RGM_0055449,N010_C0000622,10
RGM_0055531,N010_C0000623,10
RGM_0055530,N010_C0000623,10
RGM_0055541,N010_C0000623,10
RGM_0055618,N010_C0000624,10
RGM_0055614,N010_C0000624,10
RGM_0055616,N010_C0000624,10
RGM_0055789,N010_C0000625,10
RGM_0070589,N010_C0000626,10
RGM_0084089,N010_C0000627,10
RGM_0084232,N010_C0000628,10
RGM_0084229,N010_C0000628,10
RGM_0084224,N010_C0000628,10
RGM_0084226,N010_C0000628,10
RGM_0084225,N010_C0000628,10
RGM_0084228,N010_C0000628,10
RGM_0084964,N010_C0000629,10
RGM_0086953,N010_C0000630,10
RGM_0090677,N010_C0000631,10
RGM_0097101,N010_C0000632,10
RGM_0097103,N010_C0000632,10
RGM_0097112,N010_C0000632,10
RGM_0097113,N010_C0000632,10
RGM_0097121,N010_C0000632,10
RGM_0097231,N010_C0000632,10
RGM_0097124,N010_C0000632,10
RGM_0104478,N010_C0000633,10
RGM_0104485,N010_C0000633,10
RGM_0104460,N010_C0000633,10
RGM_0104452,N010_C0000633,10
RGM_0105359,N010_C0000634,10
RGM_0105356,N010_C0000634,10
RGM_0105370,N010_C0000634,10
RGM_0105928,N010_C0000635,10
RGM_0106003,N010_C0000636,10
RGM_0106006,N010_C0000636,10
RGM_0106008,N010_C0000636,10
RGM_0106014,N010_C0000637,10
RGM_0106478,N010_C0000638,10
RGM_0106527,N010_C0000638,10
RGM_0117596,N010_C0000639,10
RGM_0117600,N010_C0000639,10
RGM_0117580,N010_C0000639,10
RGM_0117586,N010_C0000639,10
RGM_0117615,N010_C0000639,10
RGM_0154856,N010_C0000640,10
RGM_0040604,N011_C0000641,11
RGM_0040607,N011_C0000641,11
RGM_0085534,N011_C0000642,11
RGM_0085591,N011_C0000643,11
RGM_0086634,N011_C0000644,11
RGM_0104777,N011_C0000645,11
RGM_0105355,N011_C0000646,11
RGM_0109784,N011_C0000647,11
RGM_0157021,N011_C0000648,11
RGM_0157028,N011_C0000649,11
RGM_0157064,N011_C0000650,11
RGM_0157069,N011_C0000650,11
RGM_0171937,N011_C0000651,11
RGM_0174532,N011_C0000652,11
RGM_0104442,N014_C0000653,14
RGM_0104431,N015_C0000654,15
RGM_0104436,N015_C0000654,15
RGM_0104441,N015_C0000654,15
RGM_0104427,N016_C0000655,16
RGM_0104435,N016_C0000656,16
RGM_0104439,N016_C0000656,16
RGM_0040587,N017_C0000657,17
RGM_0040612,N017_C0000658,17
RGM_0089233,N017_C0000659,17
RGM_0089292,N017_C0000660,17
RGM_0089712,N017_C0000661,17
RGM_0092061,N017_C0000662,17
RGM_0095061,N017_C0000663,17
RGM_0097243,N017_C0000664,17
RGM_0109789,N017_C0000665,17
RGM_0154450,N017_C0000666,17
RGM_0154946,N017_C0000667,17
RGM_0154951,N017_C0000667,17
RGM_0040588,N018_C0000668,18
RGM_0082469,N018_C0000669,18
RGM_0085469,N018_C0000670,18
RGM_0086554,N018_C0000671,18
RGM_0086561,N018_C0000672,18
RGM_0089293,N018_C0000673,18
RGM_0089711,N018_C0000674,18
RGM_0154432,N018_C0000675,18
RGM_0040592,N019_C0000676,19
RGM_0041955,N019_C0000677,19
RGM_0042676,N019_C0000678,19
RGM_0042707,N019_C0000679,19
RGM_0042778,N019_C0000680,19
RGM_0042803,N019_C0000681,19
RGM_0042841,N019_C0000682,19
RGM_0042940,N019_C0000683,19
RGM_0042944,N019_C0000684,19
RGM_0043743,N019_C0000685,19
RGM_0044195,N019_C0000686,19
RGM_0044462,N019_C0000687,19
RGM_0084746,N019_C0000688,19
RGM_0085144,N019_C0000689,19
RGM_0085146,N019_C0000690,19
RGM_0085342,N019_C0000691,19
RGM_0085353,N019_C0000692,19
RGM_0085352,N019_C0000692,19
RGM_0085355,N019_C0000692,19
RGM_0085467,N019_C0000693,19
RGM_0086558,N019_C0000694,19
RGM_0097230,N019_C0000695,19
RGM_0097255,N019_C0000695,19
RGM_0104204,N019_C0000696,19
RGM_0104455,N019_C0000697,19
RGM_0104793,N019_C0000698,19
RGM_0105873,N019_C0000699,19
RGM_0106799,N019_C0000700,19
RGM_0154433,N019_C0000701,19
RGM_0154439,N019_C0000701,19
RGM_0154449,N019_C0000702,19
RGM_0154937,N019_C0000703,19
RGM_0154948,N019_C0000704,19
RGM_0181096,N019_C0000705,19
RGM_0040849,N020_C0000706,20
RGM_0041138,N020_C0000707,20
RGM_0042843,N020_C0000708,20
RGM_0082401,N020_C0000709,20
RGM_0084917,N020_C0000710,20
RGM_0085060,N020_C0000711,20
RGM_0085148,N020_C0000712,20
RGM_0085356,N020_C0000713,20
RGM_0154447,N020_C0000714,20
RGM_0154959,N020_C0000715,20
RGM_0181094,N020_C0000716,20
RGM_0080288,N021_C0000717,21
RGM_0106007,N021_C0000718,21
RGM_0154437,N021_C0000719,21
RGM_0154448,N021_C0000720,21
RGM_0154940,N021_C0000721,21
RGM_0154949,N021_C0000722,21
RGM_0181102,N021_C0000723,21
RGM_0040602,N022_C0000724,22
RGM_0040614,N022_C0000724,22
RGM_0042023,N022_C0000725,22
RGM_0042078,N022_C0000725,22
RGM_0042051,N022_C0000725,22
RGM_0044196,N022_C0000726,22
RGM_0044207,N022_C0000727,22
RGM_0044204,N022_C0000727,22
RGM_0044358,N022_C0000728,22
RGM_0044359,N022_C0000729,22
RGM_0085063,N022_C0000730,22
RGM_0085062,N022_C0000730,22
RGM_0086949,N022_C0000731,22
RGM_0086940,N022_C0000731,22
RGM_0095255,N022_C0000732,22
RGM_0095401,N022_C0000733,22
RGM_0096997,N022_C0000734,22
RGM_0097068,N022_C0000735,22
RGM_0097071,N022_C0000735,22
RGM_0097072,N022_C0000735,22
RGM_0097083,N022_C0000736,22
RGM_0097092,N022_C0000737,22
RGM_0097116,N022_C0000738,22
RGM_0097249,N022_C0000738,22
RGM_0097111,N022_C0000738,22
RGM_0097232,N022_C0000738,22
RGM_0097826,N022_C0000739,22
RGM_0097849,N022_C0000740,22
RGM_0097850,N022_C0000740,22
RGM_0097842,N022_C0000740,22
RGM_0097844,N022_C0000740,22
RGM_0097864,N022_C0000740,22
RGM_0097865,N022_C0000740,22
RGM_0098283,N022_C0000741,22
RGM_0101751,N022_C0000742,22
RGM_0104300,N022_C0000743,22
RGM_0104303,N022_C0000743,22
RGM_0104409,N022_C0000744,22
RGM_0104406,N022_C0000744,22
RGM_0104438,N022_C0000745,22
RGM_0104444,N022_C0000745,22
RGM_0104445,N022_C0000745,22
RGM_0104480,N022_C0000745,22
RGM_0104482,N022_C0000745,22
RGM_0104484,N022_C0000745,22
RGM_0104434,N022_C0000745,22
RGM_0104440,N022_C0000745,22
RGM_0104443,N022_C0000745,22
RGM_0104458,N022_C0000745,22
RGM_0104512,N022_C0000745,22
RGM_0104669,N022_C0000746,22
RGM_0104671,N022_C0000746,22
RGM_0104675,N022_C0000746,22
RGM_0104676,N022_C0000746,22
RGM_0104679,N022_C0000747,22
RGM_0104790,N022_C0000748,22
RGM_0104825,N022_C0000749,22
RGM_0104870,N022_C0000749,22
RGM_0106009,N022_C0000750,22
RGM_0106383,N022_C0000751,22
RGM_0107761,N022_C0000752,22
RGM_0109783,N022_C0000753,22
RGM_0113134,N022_C0000754,22
RGM_0113045,N022_C0000754,22
RGM_0113046,N022_C0000754,22
RGM_0113060,N022_C0000754,22
RGM_0113137,N022_C0000754,22
RGM_0154436,N022_C0000755,22
RGM_0154441,N022_C0000755,22
RGM_0154444,N022_C0000756,22
RGM_0154454,N022_C0000757,22
RGM_0154942,N022_C0000758,22
RGM_0154944,N022_C0000758,22
RGM_0154954,N022_C0000759,22
RGM_0154955,N022_C0000759,22
RGM_0154957,N022_C0000759,22
RGM_0154961,N022_C0000759,22
RGM_0154989,N022_C0000760,22
RGM_0154988,N022_C0000760,22
RGM_0166008,N022_C0000761,22
RGM_0166367,N022_C0000762,22
RGM_0166456,N022_C0000762,22
RGM_0166459,N022_C0000762,22
RGM_0167664,N022_C0000763,22
RGM_0167647,N022_C0000763,22
RGM_0168830,N022_C0000764,22
RGM_0192739,N022_C0000765,22
RGM_0192751,N022_C0000765,22
RGM_0000506,N023_C0000766,23
RGM_0000510,N023_C0000767,23
RGM_0000513,N023_C0000767,23
RGM_0000514,N023_C0000767,23
RGM_0000511,N023_C0000767,23
RGM_0000512,N023_C0000767,23
RGM_0009831,N023_C0000768,23
RGM_0009994,N023_C0000769,23
RGM_0010015,N023_C0000769,23
RGM_0011128,N023_C0000770,23
RGM_0011143,N023_C0000770,23
RGM_0011144,N023_C0000770,23
RGM_0011124,N023_C0000770,23
RGM_0011126,N023_C0000770,23
RGM_0011130,N023_C0000770,23
RGM_0011727,N023_C0000771,23
RGM_0011732,N023_C0000771,23
RGM_0011737,N023_C0000771,23
RGM_0011742,N023_C0000771,23
RGM_0011751,N023_C0000771,23
RGM_0011753,N023_C0000771,23
RGM_0012380,N023_C0000772,23
RGM_0012534,N023_C0000772,23
RGM_0012544,N023_C0000772,23
RGM_0013433,N023_C0000773,23
RGM_0013435,N023_C0000773,23
RGM_0013444,N023_C0000773,23
RGM_0014093,N023_C0000774,23
RGM_0014105,N023_C0000774,23
RGM_0014107,N023_C0000774,23
RGM_0017503,N023_C0000775,23
RGM_0025492,N023_C0000776,23
RGM_0025498,N023_C0000776,23
RGM_0025758,N023_C0000777,23
RGM_0025759,N023_C0000777,23
RGM_0026913,N023_C0000778,23
RGM_0026918,N023_C0000778,23
RGM_0026915,N023_C0000778,23
RGM_0026919,N023_C0000778,23
RGM_0026920,N023_C0000778,23
RGM_0026923,N023_C0000778,23
RGM_0026921,N023_C0000778,23
RGM_0026922,N023_C0000778,23
RGM_0026924,N023_C0000778,23
RGM_0026926,N023_C0000778,23
RGM_0026927,N023_C0000778,23
RGM_0028401,N023_C0000779,23
RGM_0028399,N023_C0000779,23
RGM_0028402,N023_C0000779,23
RGM_0028719,N023_C0000780,23
RGM_0028730,N023_C0000780,23
RGM_0028721,N023_C0000780,23
RGM_0028720,N023_C0000780,23
RGM_0028729,N023_C0000780,23
RGM_0028727,N023_C0000780,23
RGM_0028733,N023_C0000780,23
RGM_0028779,N023_C0000781,23
RGM_0028778,N023_C0000781,23
RGM_0030049,N023_C0000782,23
RGM_0030051,N023_C0000782,23
RGM_0030048,N023_C0000782,23
RGM_0030276,N023_C0000783,23
RGM_0030278,N023_C0000783,23
RGM_0030281,N023_C0000783,23
RGM_0030293,N023_C0000783,23
RGM_0030299,N023_C0000783,23
RGM_0030284,N023_C0000783,23
RGM_0030565,N023_C0000784,23
RGM_0030575,N023_C0000785,23
RGM_0030579,N023_C0000786,23
RGM_0030581,N023_C0000786,23
RGM_0030585,N023_C0000786,23
RGM_0030593,N023_C0000787,23
RGM_0030597,N023_C0000788,23
RGM_0030599,N023_C0000788,23
RGM_0030633,N023_C0000788,23
RGM_0030652,N023_C0000788,23
RGM_0030653,N023_C0000788,23
RGM_0030637,N023_C0000788,23
RGM_0030641,N023_C0000788,23
RGM_0030642,N023_C0000788,23
RGM_0030627,N023_C0000788,23
RGM_0030619,N023_C0000788,23
RGM_0030621,N023_C0000788,23
RGM_0031182,N023_C0000789,23
RGM_0031184,N023_C0000789,23
RGM_0031190,N023_C0000789,23
RGM_0031191,N023_C0000789,23
RGM_0031194,N023_C0000789,23
RGM_0031187,N023_C0000789,23
RGM_0031193,N023_C0000789,23
RGM_0031666,N023_C0000790,23
RGM_0031866,N023_C0000791,23
RGM_0032036,N023_C0000792,23
RGM_0032273,N023_C0000793,23
RGM_0032278,N023_C0000793,23
RGM_0032280,N023_C0000793,23
RGM_0032263,N023_C0000793,23
RGM_0032266,N023_C0000793,23
RGM_0032300,N023_C0000793,23
RGM_0032293,N023_C0000793,23
RGM_0032294,N023_C0000793,23
RGM_0032289,N023_C0000793,23
RGM_0032281,N023_C0000793,23
RGM_0032283,N023_C0000793,23
RGM_0032286,N023_C0000793,23
RGM_0032291,N023_C0000793,23
RGM_0032296,N023_C0000793,23
RGM_0032298,N023_C0000793,23
RGM_0032305,N023_C0000793,23
RGM_0032550,N023_C0000794,23
RGM_0032565,N023_C0000794,23
RGM_0032717,N023_C0000795,23
RGM_0032776,N023_C0000796,23
RGM_0032995,N023_C0000797,23
RGM_0033956,N023_C0000798,23
RGM_0034003,N023_C0000799,23
RGM_0034005,N023_C0000799,23
RGM_0034008,N023_C0000799,23
RGM_0034043,N023_C0000799,23
RGM_0034044,N023_C0000799,23
RGM_0034045,N023_C0000799,23
RGM_0034055,N023_C0000799,23
RGM_0034058,N023_C0000799,23
RGM_0034059,N023_C0000799,23
RGM_0034037,N023_C0000799,23
RGM_0034010,N023_C0000799,23
RGM_0034013,N023_C0000799,23
RGM_0034011,N023_C0000799,23
RGM_0034019,N023_C0000799,23
RGM_0034024,N023_C0000799,23
RGM_0034041,N023_C0000799,23
RGM_0034047,N023_C0000799,23
RGM_0034051,N023_C0000799,23
RGM_0034053,N023_C0000799,23
RGM_0034015,N023_C0000799,23
RGM_0034026,N023_C0000799,23
RGM_0034034,N023_C0000799,23
RGM_0034030,N023_C0000799,23
RGM_0034031,N023_C0000799,23
RGM_0034033,N023_C0000799,23
RGM_0034035,N023_C0000799,23
RGM_0034137,N023_C0000800,23
RGM_0034144,N023_C0000800,23
RGM_0034586,N023_C0000801,23
RGM_0034592,N023_C0000802,23
RGM_0034614,N023_C0000803,23
RGM_0034661,N023_C0000804,23
RGM_0034668,N023_C0000804,23
RGM_0035946,N023_C0000805,23
RGM_0037969,N023_C0000806,23
RGM_0037972,N023_C0000806,23
RGM_0037970,N023_C0000806,23
RGM_0038697,N023_C0000807,23
RGM_0038698,N023_C0000807,23
RGM_0039039,N023_C0000808,23
RGM_0039049,N023_C0000808,23
RGM_0039488,N023_C0000809,23
RGM_0039985,N023_C0000810,23
RGM_0039986,N023_C0000810,23
RGM_0039991,N023_C0000810,23
RGM_0040244,N023_C0000811,23
RGM_0040247,N023_C0000811,23
RGM_0040252,N023_C0000811,23
RGM_0040534,N023_C0000812,23
RGM_0040530,N023_C0000812,23
RGM_0040536,N023_C0000812,23
RGM_0040731,N023_C0000813,23
RGM_0040736,N023_C0000813,23
RGM_0042226,N023_C0000814,23
RGM_0042218,N023_C0000814,23
RGM_0044156,N023_C0000815,23
RGM_0044161,N023_C0000815,23
RGM_0044157,N023_C0000815,23
RGM_0044159,N023_C0000815,23
RGM_0044163,N023_C0000815,23
RGM_0046979,N023_C0000816,23
RGM_0046982,N023_C0000816,23
RGM_0046984,N023_C0000816,23
RGM_0046974,N023_C0000816,23
RGM_0046985,N023_C0000816,23
RGM_0046986,N023_C0000816,23
RGM_0047003,N023_C0000816,23
RGM_0047004,N023_C0000816,23
RGM_0047005,N023_C0000816,23
RGM_0046975,N023_C0000816,23
RGM_0046976,N023_C0000816,23
RGM_0046978,N023_C0000816,23
RGM_0046977,N023_C0000816,23
RGM_0046989,N023_C0000816,23
RGM_0046997,N023_C0000816,23
RGM_0047001,N023_C0000816,23
RGM_0047002,N023_C0000816,23
RGM_0046992,N023_C0000816,23
RGM_0046999,N023_C0000816,23
RGM_0050999,N023_C0000817,23
RGM_0051002,N023_C0000817,23
RGM_0051004,N023_C0000817,23
RGM_0051005,N023_C0000817,23
RGM_0051007,N023_C0000817,23
RGM_0052252,N023_C0000818,23
RGM_0052251,N023_C0000818,23
RGM_0065790,N023_C0000819,23
RGM_0065794,N023_C0000819,23
RGM_0065796,N023_C0000819,23
RGM_0065789,N023_C0000819,23
RGM_0068603,N023_C0000820,23
RGM_0069348,N023_C0000821,23
RGM_0069730,N023_C0000822,23
RGM_0070397,N023_C0000823,23
RGM_0072195,N023_C0000824,23
RGM_0077669,N023_C0000825,23
RGM_0078981,N023_C0000826,23
RGM_0079161,N023_C0000827,23
RGM_0079163,N023_C0000827,23
RGM_0079157,N023_C0000827,23
RGM_0079162,N023_C0000827,23
RGM_0079477,N023_C0000828,23
RGM_0079480,N023_C0000829,23
RGM_0082111,N023_C0000830,23
RGM_0087246,N023_C0000831,23
RGM_0087242,N023_C0000831,23
RGM_0087244,N023_C0000831,23
RGM_0087257,N023_C0000831,23
RGM_0087269,N023_C0000831,23
RGM_0087273,N023_C0000832,23
RGM_0087857,N023_C0000833,23
RGM_0088516,N023_C0000834,23
RGM_0090562,N023_C0000835,23
RGM_0090564,N023_C0000835,23
RGM_0090563,N023_C0000835,23
RGM_0091529,N023_C0000836,23
RGM_0095426,N023_C0000837,23
RGM_0095975,N023_C0000838,23
RGM_0096024,N023_C0000839,23
RGM_0096420,N023_C0000840,23
RGM_0096689,N023_C0000841,23
RGM_0099354,N023_C0000842,23
RGM_0100223,N023_C0000843,23
RGM_0100225,N023_C0000843,23
RGM_0100226,N023_C0000843,23
RGM_0100227,N023_C0000843,23
RGM_0100841,N023_C0000844,23
RGM_0103979,N023_C0000845,23
RGM_0103973,N023_C0000845,23
RGM_0103977,N023_C0000845,23
RGM_0104797,N023_C0000846,23
RGM_0105983,N023_C0000847,23
RGM_0106520,N023_C0000848,23
RGM_0107598,N023_C0000849,23
RGM_0107596,N023_C0000849,23
RGM_0109257,N023_C0000850,23
RGM_0109486,N023_C0000851,23
RGM_0109606,N023_C0000852,23
RGM_0109598,N023_C0000852,23
RGM_0113135,N023_C0000853,23
RGM_0113066,N023_C0000853,23
RGM_0113051,N023_C0000853,23
RGM_0113059,N023_C0000853,23
RGM_0113054,N023_C0000853,23
RGM_0113146,N023_C0000853,23
RGM_0119392,N023_C0000854,23
RGM_0154868,N023_C0000855,23
RGM_0154936,N023_C0000855,23
RGM_0154945,N023_C0000856,23
RGM_0154993,N023_C0000857,23
RGM_0164520,N023_C0000858,23
RGM_0165431,N023_C0000859,23
RGM_0165639,N023_C0000860,23
RGM_0165817,N023_C0000861,23
RGM_0165821,N023_C0000861,23
RGM_0165941,N023_C0000862,23
RGM_0166295,N023_C0000863,23
RGM_0166297,N023_C0000863,23
RGM_0166368,N023_C0000864,23
RGM_0166370,N023_C0000864,23
RGM_0166376,N023_C0000864,23
RGM_0166451,N023_C0000864,23
RGM_0167689,N023_C0000865,23
RGM_0167670,N023_C0000865,23
RGM_0167684,N023_C0000865,23
RGM_0167671,N023_C0000865,23
RGM_0167681,N023_C0000865,23
RGM_0171653,N023_C0000866,23
RGM_0172382,N023_C0000867,23
RGM_0172383,N023_C0000867,23
RGM_0173139,N023_C0000868,23
RGM_0181003,N023_C0000869,23
RGM_0181183,N023_C0000870,23
RGM_0181213,N023_C0000870,23
RGM_0181188,N023_C0000870,23
RGM_0181202,N023_C0000870,23
RGM_0192741,N023_C0000871,23
RGM_0192744,N023_C0000871,23
RGM_0285109,N023_C0000872,23
RGM_0285143,N023_C0000873,23
RGM_0285423,N023_C0000874,23
RGM_0285909,N023_C0000875,23
RGM_0285959,N023_C0000876,23
RGM_0285985,N023_C0000877,23
RGM_0286001,N023_C0000878,23
RGM_0286007,N023_C0000878,23
RGM_0286024,N023_C0000879,23
RGM_0286065,N023_C0000880,23
RGM_0286067,N023_C0000880,23
RGM_0286071,N023_C0000880,23
RGM_0286081,N023_C0000881,23
RGM_0286123,N023_C0000882,23
RGM_0286137,N023_C0000883,23
RGM_0286144,N023_C0000883,23
RGM_0286164,N023_C0000884,23
RGM_0286170,N023_C0000884,23
RGM_0286177,N023_C0000884,23
RGM_0286395,N023_C0000885,23
RGM_0286402,N023_C0000885,23
RGM_0286407,N023_C0000885,23
RGM_0286468,N023_C0000886,23
RGM_0286470,N023_C0000886,23
RGM_0286486,N023_C0000887,23
RGM_0286717,N023_C0000888,23
RGM_0286827,N023_C0000889,23
RGM_0286830,N023_C0000889,23
RGM_0286831,N023_C0000889,23
RGM_0286835,N023_C0000889,23
RGM_0286935,N023_C0000890,23
RGM_0286952,N023_C0000891,23
RGM_0287060,N023_C0000892,23
RGM_0287072,N023_C0000893,23
RGM_0287073,N023_C0000893,23
RGM_0287221,N023_C0000894,23
RGM_0287236,N023_C0000895,23
RGM_0287264,N023_C0000896,23
RGM_0287323,N023_C0000897,23
RGM_0287368,N023_C0000898,23
RGM_0287418,N023_C0000899,23
RGM_0287447,N023_C0000900,23
RGM_0287766,N023_C0000901,23
RGM_0287767,N023_C0000901,23
RGM_0287897,N023_C0000902,23
RGM_0287905,N023_C0000903,23
RGM_0287962,N023_C0000904,23
RGM_0287991,N023_C0000905,23
RGM_0287984,N023_C0000905,23
RGM_0287981,N023_C0000905,23
RGM_0287983,N023_C0000905,23
RGM_0288103,N023_C0000906,23
RGM_0288093,N023_C0000906,23
RGM_0288147,N023_C0000907,23
RGM_0288134,N023_C0000907,23
RGM_0288133,N023_C0000907,23
RGM_0288167,N023_C0000908,23
RGM_0288170,N023_C0000908,23
RGM_0288175,N023_C0000908,23
RGM_0288184,N023_C0000908,23
RGM_0288245,N023_C0000909,23
RGM_0288257,N023_C0000909,23
RGM_0288263,N023_C0000909,23
RGM_0288490,N023_C0000910,23
RGM_0288495,N023_C0000911,23
RGM_0288525,N023_C0000912,23
RGM_0288567,N023_C0000913,23
RGM_0288813,N023_C0000914,23
RGM_0288811,N023_C0000914,23
RGM_0288939,N023_C0000915,23
RGM_0288990,N023_C0000916,23
RGM_0289055,N023_C0000917,23
RGM_0289074,N023_C0000918,23
RGM_0289080,N023_C0000918,23
RGM_0289082,N023_C0000918,23
RGM_0289077,N023_C0000918,23
RGM_0289109,N023_C0000919,23
RGM_0289201,N023_C0000920,23
RGM_0289185,N023_C0000920,23
RGM_0289184,N023_C0000920,23
RGM_0289188,N023_C0000920,23
RGM_0289190,N023_C0000920,23
RGM_0289199,N023_C0000920,23
RGM_0289293,N023_C0000921,23
RGM_0289438,N023_C0000922,23
RGM_0289534,N023_C0000923,23
RGM_0289787,N023_C0000924,23
RGM_0289789,N023_C0000924,23
RGM_0289792,N023_C0000924,23
RGM_0289790,N023_C0000924,23
RGM_0289863,N023_C0000925,23
RGM_0289864,N023_C0000925,23
RGM_0290113,N023_C0000926,23
RGM_0290100,N023_C0000926,23
RGM_0290097,N023_C0000926,23
RGM_0290106,N023_C0000926,23
RGM_0290201,N023_C0000927,23
RGM_0290202,N023_C0000927,23
RGM_0290258,N023_C0000928,23
RGM_0290260,N023_C0000928,23
RGM_0290263,N023_C0000929,23
RGM_0290378,N023_C0000930,23
RGM_0290453,N023_C0000931,23
RGM_0290588,N023_C0000932,23
RGM_0290590,N023_C0000932,23
RGM_0290572,N023_C0000932,23
RGM_0290573,N023_C0000932,23
RGM_0290580,N023_C0000932,23
RGM_0290585,N023_C0000932,23
RGM_0290587,N023_C0000932,23
RGM_0290751,N023_C0000933,23
RGM_0290862,N023_C0000934,23
RGM_0290881,N023_C0000935,23
RGM_0290991,N023_C0000936,23
RGM_0291007,N023_C0000937,23
RGM_0291190,N023_C0000938,23
RGM_0291254,N023_C0000939,23
RGM_0291428,N023_C0000940,23
RGM_0291429,N023_C0000940,23
RGM_0291423,N023_C0000940,23
RGM_0291460,N023_C0000941,23
RGM_0291640,N023_C0000942,23
RGM_0291669,N023_C0000943,23
RGM_0291659,N023_C0000943,23
RGM_0291668,N023_C0000943,23
RGM_0291860,N023_C0000944,23
RGM_0291950,N023_C0000945,23
RGM_0291944,N023_C0000945,23
RGM_0291948,N023_C0000945,23
RGM_0291955,N023_C0000945,23
RGM_0291956,N023_C0000945,23
RGM_0291954,N023_C0000945,23
RGM_0291959,N023_C0000945,23
RGM_0291964,N023_C0000945,23
RGM_0291965,N023_C0000945,23
RGM_0291968,N023_C0000945,23
RGM_0292192,N023_C0000946,23
RGM_0292249,N023_C0000947,23
RGM_0292247,N023_C0000947,23
RGM_0292248,N023_C0000947,23
RGM_0292254,N023_C0000947,23
RGM_0292257,N023_C0000947,23
RGM_0292258,N023_C0000947,23
RGM_0292259,N023_C0000947,23
RGM_0292260,N023_C0000947,23
RGM_0292253,N023_C0000947,23
RGM_0292263,N023_C0000947,23
RGM_0292265,N023_C0000947,23
RGM_0292325,N023_C0000948,23
RGM_0292326,N023_C0000948,23
RGM_0292337,N023_C0000949,23
RGM_0292476,N023_C0000950,23
RGM_0292490,N023_C0000950,23
RGM_0292558,N023_C0000951,23
RGM_0292614,N023_C0000952,23
RGM_0292618,N023_C0000952,23
RGM_0292620,N023_C0000952,23
RGM_0292621,N023_C0000952,23
RGM_0292762,N023_C0000953,23
RGM_0292755,N023_C0000953,23
RGM_0292900,N023_C0000954,23
RGM_0292907,N023_C0000955,23
RGM_0292955,N023_C0000956,23
RGM_0293039,N023_C0000957,23
RGM_0293103,N023_C0000958,23
RGM_0293112,N023_C0000959,23
RGM_0293113,N023_C0000959,23
RGM_0293133,N023_C0000960,23
RGM_0293273,N023_C0000961,23
RGM_0293553,N023_C0000962,23
RGM_0293557,N023_C0000962,23
RGM_0293561,N023_C0000962,23
RGM_0293562,N023_C0000962,23
RGM_0293688,N023_C0000963,23
RGM_0293720,N023_C0000964,23
RGM_0293722,N023_C0000964,23
RGM_0293828,N023_C0000965,23
RGM_0294127,N023_C0000966,23
RGM_0294694,N023_C0000967,23
RGM_0294700,N023_C0000967,23
RGM_0294697,N023_C0000967,23
RGM_0295365,N023_C0000968,23
RGM_0296139,N023_C0000969,23
RGM_0296140,N023_C0000969,23
RGM_0296341,N023_C0000970,23
RGM_0296427,N023_C0000971,23
RGM_0296439,N023_C0000972,23
RGM_0296461,N023_C0000973,23
RGM_0296636,N023_C0000974,23
RGM_0296765,N023_C0000975,23
RGM_0296763,N023_C0000975,23
RGM_0296813,N023_C0000976,23
RGM_0296824,N023_C0000977,23
RGM_0296825,N023_C0000977,23
RGM_0296834,N023_C0000977,23
RGM_0296954,N023_C0000978,23
RGM_0297126,N023_C0000979,23
RGM_0297816,N023_C0000980,23
RGM_0297825,N023_C0000980,23
RGM_0297845,N023_C0000981,23
RGM_0297851,N023_C0000981,23
RGM_0298021,N023_C0000982,23
RGM_0298023,N023_C0000982,23
RGM_0298062,N023_C0000983,23
RGM_0298243,N023_C0000984,23
RGM_0298251,N023_C0000985,23
RGM_0298254,N023_C0000985,23
RGM_0298259,N023_C0000985,23
RGM_0298263,N023_C0000986,23
RGM_0298266,N023_C0000986,23
RGM_0298267,N023_C0000986,23
RGM_0298288,N023_C0000987,23
RGM_0298333,N023_C0000988,23
RGM_0298328,N023_C0000988,23
RGM_0298322,N023_C0000988,23
RGM_0298503,N023_C0000989,23
RGM_0298501,N023_C0000989,23
RGM_0298550,N023_C0000990,23
RGM_0298552,N023_C0000990,23
RGM_0298548,N023_C0000990,23
RGM_0298549,N023_C0000990,23
RGM_0298558,N023_C0000990,23
RGM_0298574,N023_C0000990,23
RGM_0298575,N023_C0000990,23
RGM_0298600,N023_C0000991,23
RGM_0298604,N023_C0000991,23
RGM_0298602,N023_C0000991,23
RGM_0298605,N023_C0000991,23
RGM_0298608,N023_C0000991,23
RGM_0298610,N023_C0000991,23
RGM_0298611,N023_C0000991,23
RGM_0298661,N023_C0000992,23
RGM_0298669,N023_C0000993,23
RGM_0298953,N023_C0000994,23
RGM_0298954,N023_C0000994,23
RGM_0298956,N023_C0000994,23
RGM_0298958,N023_C0000994,23
RGM_0298959,N023_C0000994,23
RGM_0298977,N023_C0000994,23
RGM_0298992,N023_C0000994,23
RGM_0298993,N023_C0000994,23
RGM_0298994,N023_C0000994,23
RGM_0298979,N023_C0000994,23
RGM_0298999,N023_C0000994,23
RGM_0299021,N023_C0000995,23
RGM_0299030,N023_C0000995,23
RGM_0299031,N023_C0000995,23
RGM_0299059,N023_C0000995,23
RGM_0299035,N023_C0000995,23
RGM_0299053,N023_C0000995,23
RGM_0299054,N023_C0000995,23
RGM_0299044,N023_C0000995,23
RGM_0299056,N023_C0000995,23
RGM_0299057,N023_C0000995,23
RGM_0299060,N023_C0000995,23
RGM_0299258,N023_C0000996,23
RGM_0299263,N023_C0000996,23
RGM_0299307,N023_C0000997,23
RGM_0299433,N023_C0000998,23
RGM_0299458,N023_C0000998,23
RGM_0299436,N023_C0000998,23
RGM_0299440,N023_C0000998,23
RGM_0299442,N023_C0000998,23
RGM_0299443,N023_C0000998,23
RGM_0299438,N023_C0000998,23
RGM_0299643,N023_C0000999,23
RGM_0299653,N023_C0000999,23
RGM_0299656,N023_C0000999,23
RGM_0299648,N023_C0000999,23
RGM_0299650,N023_C0000999,23
RGM_0299662,N023_C0001000,23
RGM_0299673,N023_C0001000,23
RGM_0299790,N023_C0001001,23
RGM_0299851,N023_C0001002,23
RGM_0299886,N023_C0001002,23
RGM_0299855,N023_C0001002,23
RGM_0299856,N023_C0001002,23
RGM_0299857,N023_C0001002,23
RGM_0299866,N023_C0001002,23
RGM_0299872,N023_C0001002,23
RGM_0299873,N023_C0001002,23
RGM_0299878,N023_C0001002,23
RGM_0299882,N023_C0001002,23
RGM_0299883,N023_C0001002,23
RGM_0299957,N023_C0001003,23
RGM_0299958,N023_C0001003,23
RGM_0300448,N023_C0001004,23
RGM_0300452,N023_C0001004,23
RGM_0300449,N023_C0001004,23
RGM_0300456,N023_C0001004,23
RGM_0300465,N023_C0001004,23
RGM_0300471,N023_C0001004,23
RGM_0300632,N023_C0001005,23
RGM_0300612,N023_C0001005,23
RGM_0300614,N023_C0001005,23
RGM_0300624,N023_C0001005,23
RGM_0300633,N023_C0001005,23
RGM_0300634,N023_C0001005,23
RGM_0300635,N023_C0001005,23
RGM_0300773,N023_C0001006,23
RGM_0300855,N023_C0001007,23
RGM_0300856,N023_C0001007,23
RGM_0300962,N023_C0001008,23
RGM_0301115,N023_C0001009,23
RGM_0301158,N023_C0001010,23
RGM_0301163,N023_C0001010,23
RGM_0301170,N023_C0001010,23
RGM_0301228,N023_C0001011,23
RGM_0301235,N023_C0001011,23
RGM_0301517,N023_C0001012,23
RGM_0301520,N023_C0001012,23
RGM_0301569,N023_C0001013,23
RGM_0301556,N023_C0001013,23
RGM_0301558,N023_C0001013,23
RGM_0301562,N023_C0001013,23
RGM_0301563,N023_C0001013,23
RGM_0301572,N023_C0001013,23
RGM_0301571,N023_C0001013,23
RGM_0301573,N023_C0001013,23
RGM_0301580,N023_C0001013,23
RGM_0301640,N023_C0001014,23
RGM_0301673,N023_C0001015,23
RGM_0301674,N023_C0001015,23
RGM_0301676,N023_C0001015,23
RGM_0301679,N023_C0001015,23
RGM_0301804,N023_C0001016,23
RGM_0301805,N023_C0001016,23
RGM_0301813,N023_C0001016,23
RGM_0301879,N023_C0001017,23
RGM_0302143,N023_C0001018,23
RGM_0302112,N023_C0001018,23
RGM_0302116,N023_C0001018,23
RGM_0302117,N023_C0001018,23
RGM_0302147,N023_C0001018,23
RGM_0302145,N023_C0001018,23
RGM_0302146,N023_C0001018,23
RGM_0302148,N023_C0001018,23
RGM_0302205,N023_C0001019,23
RGM_0302200,N023_C0001019,23
RGM_0302202,N023_C0001019,23
RGM_0302308,N023_C0001020,23
RGM_0302301,N023_C0001020,23
RGM_0302512,N023_C0001021,23
RGM_0302528,N023_C0001022,23
RGM_0302529,N023_C0001022,23
RGM_0302531,N023_C0001022,23
RGM_0302533,N023_C0001022,23
RGM_0302782,N023_C0001023,23
RGM_0302786,N023_C0001023,23
RGM_0302798,N023_C0001023,23
RGM_0302859,N023_C0001024,23
RGM_0302988,N023_C0001025,23
RGM_0302989,N023_C0001025,23
RGM_0303233,N023_C0001026,23
RGM_0303237,N023_C0001026,23
RGM_0303238,N023_C0001026,23
RGM_0303324,N023_C0001027,23
RGM_0303320,N023_C0001027,23
RGM_0303384,N023_C0001028,23
RGM_0303386,N023_C0001028,23
RGM_0303377,N023_C0001028,23
RGM_0303378,N023_C0001028,23
RGM_0303407,N023_C0001029,23
RGM_0303405,N023_C0001029,23
RGM_0303416,N023_C0001029,23
RGM_0303419,N023_C0001029,23
RGM_0303420,N023_C0001029,23
RGM_0303451,N023_C0001030,23
RGM_0303603,N023_C0001031,23
RGM_0303605,N023_C0001031,23
RGM_0303607,N023_C0001031,23
RGM_0303610,N023_C0001031,23
RGM_0303671,N023_C0001032,23
RGM_0303673,N023_C0001032,23
RGM_0303676,N023_C0001032,23
RGM_0303682,N023_C0001032,23
RGM_0303714,N023_C0001033,23
RGM_0303711,N023_C0001033,23
RGM_0303833,N023_C0001034,23
RGM_0303836,N023_C0001034,23
RGM_0303843,N023_C0001034,23
RGM_0303842,N023_C0001034,23
RGM_0303847,N023_C0001034,23
RGM_0303848,N023_C0001034,23
RGM_0303855,N023_C0001034,23
RGM_0303856,N023_C0001034,23
RGM_0303879,N023_C0001035,23
RGM_0303976,N023_C0001036,23
RGM_0303993,N023_C0001037,23
RGM_0304153,N023_C0001038,23
RGM_0304215,N023_C0001039,23
RGM_0304253,N023_C0001040,23
RGM_0304269,N023_C0001040,23
RGM_0304270,N023_C0001040,23
RGM_0304259,N023_C0001040,23
RGM_0304262,N023_C0001040,23
RGM_0304267,N023_C0001040,23
RGM_0304268,N023_C0001040,23
RGM_0304272,N023_C0001040,23
RGM_0304283,N023_C0001041,23
RGM_0304324,N023_C0001042,23
RGM_0304313,N023_C0001042,23
RGM_0304317,N023_C0001042,23
RGM_0304315,N023_C0001042,23
RGM_0304321,N023_C0001042,23
RGM_0304325,N023_C0001042,23
RGM_0304428,N023_C0001043,23
RGM_0304435,N023_C0001043,23
RGM_0304437,N023_C0001043,23
RGM_0304438,N023_C0001043,23
RGM_0304443,N023_C0001043,23
RGM_0304448,N023_C0001043,23
RGM_0304465,N023_C0001044,23
RGM_0304467,N023_C0001044,23
RGM_0304479,N023_C0001045,23
RGM_0304530,N023_C0001046,23
RGM_0304539,N023_C0001047,23
RGM_0304581,N023_C0001048,23
RGM_0304585,N023_C0001048,23
RGM_0304659,N023_C0001049,23
RGM_0304667,N023_C0001050,23
RGM_0304669,N023_C0001050,23
RGM_0305418,N023_C0001051,23
RGM_0305470,N023_C0001052,23
RGM_0305499,N023_C0001053,23
RGM_0305500,N023_C0001053,23
RGM_0305518,N023_C0001053,23
RGM_0305514,N023_C0001053,23
RGM_0305572,N023_C0001054,23
RGM_0305576,N023_C0001054,23
RGM_0305914,N023_C0001055,23
RGM_0305917,N023_C0001055,23
RGM_0305923,N023_C0001055,23
RGM_0305993,N023_C0001056,23
RGM_0306020,N023_C0001057,23
RGM_0306024,N023_C0001057,23
RGM_0306027,N023_C0001057,23
RGM_0306022,N023_C0001057,23
RGM_0306235,N023_C0001058,23
RGM_0306434,N023_C0001059,23
RGM_0308881,N023_C0001060,23
RGM_0309005,N023_C0001061,23
RGM_0309009,N023_C0001061,23
RGM_0309117,N023_C0001062,23
RGM_0309135,N023_C0001062,23
RGM_0309139,N023_C0001062,23
RGM_0309789,N023_C0001063,23
RGM_0316103,N023_C0001064,23
RGM_0316106,N023_C0001064,23
RGM_0318458,N023_C0001065,23
RGM_0318463,N023_C0001065,23
RGM_0040595,N024_C0001066,24
RGM_0082110,N024_C0001067,24
RGM_0097229,N024_C0001068,24
RGM_0097840,N024_C0001069,24
RGM_0106000,N024_C0001070,24
RGM_0154947,N024_C0001071,24
RGM_0165429,N024_C0001072,24
RGM_0165816,N024_C0001073,24
RGM_0166302,N024_C0001074,24
RGM_0166378,N024_C0001075,24
RGM_0166429,N024_C0001075,24
RGM_0166444,N024_C0001075,24
RGM_0166453,N024_C0001075,24
RGM_0167658,N024_C0001076,24
RGM_0167690,N024_C0001076,24
RGM_0168828,N024_C0001077,24
RGM_0192702,N024_C0001078,24
RGM_0192750,N024_C0001078,24
RGM_0321180,N024_C0001079,24
RGM_0321187,N024_C0001079,24
RGM_0040600,N025_C0001080,25
RGM_0042068,N025_C0001081,25
RGM_0044460,N025_C0001082,25
RGM_0106005,N025_C0001083,25
RGM_0113063,N025_C0001084,25
RGM_0166303,N025_C0001085,25
RGM_0166372,N025_C0001086,25
RGM_0167660,N025_C0001087,25
RGM_0167685,N025_C0001087,25
RGM_0192700,N025_C0001088,25
RGM_0040590,N026_C0001089,26
RGM_0042070,N026_C0001090,26
RGM_0082107,N026_C0001091,26
RGM_0082118,N026_C0001091,26
RGM_0086702,N026_C0001092,26
RGM_0097235,N026_C0001093,26
RGM_0097830,N026_C0001094,26
RGM_0097833,N026_C0001094,26
RGM_0105901,N026_C0001095,26
RGM_0106002,N026_C0001096,26
RGM_0114480,N026_C0001097,26
RGM_0167636,N026_C0001098,26
RGM_0167653,N026_C0001099,26
RGM_0031800,N027_C0001100,27
RGM_0038985,N027_C0001101,27
RGM_0038975,N027_C0001101,27
RGM_0040585,N027_C0001102,27
RGM_0042065,N027_C0001103,27
RGM_0044199,N027_C0001104,27
RGM_0044208,N027_C0001104,27
RGM_0044459,N027_C0001105,27
RGM_0044464,N027_C0001105,27
RGM_0082113,N027_C0001106,27
RGM_0082123,N027_C0001106,27
RGM_0086651,N027_C0001107,27
RGM_0086662,N027_C0001107,27
RGM_0086947,N027_C0001108,27
RGM_0094930,N027_C0001109,27
RGM_0094922,N027_C0001109,27
RGM_0094924,N027_C0001109,27
RGM_0095254,N027_C0001110,27
RGM_0095433,N027_C0001111,27
RGM_0095404,N027_C0001111,27
RGM_0097070,N027_C0001112,27
RGM_0097251,N027_C0001113,27
RGM_0097236,N027_C0001113,27
RGM_0097832,N027_C0001114,27
RGM_0099512,N027_C0001115,27
RGM_0099522,N027_C0001115,27
RGM_0101743,N027_C0001116,27
RGM_0101747,N027_C0001116,27
RGM_0104479,N027_C0001117,27
RGM_0105357,N027_C0001118,27
RGM_0105354,N027_C0001118,27
RGM_0105872,N027_C0001119,27
RGM_0105868,N027_C0001119,27
RGM_0105900,N027_C0001119,27
RGM_0105926,N027_C0001120,27
RGM_0106011,N027_C0001121,27
RGM_0106004,N027_C0001121,27
RGM_0106290,N027_C0001122,27
RGM_0106287,N027_C0001122,27
RGM_0106387,N027_C0001123,27
RGM_0109785,N027_C0001124,27
RGM_0166457,N027_C0001125,27
RGM_0167667,N027_C0001126,27
RGM_0167638,N027_C0001126,27
RGM_0167640,N027_C0001126,27
RGM_0167691,N027_C0001126,27
RGM_0167651,N027_C0001126,27
RGM_0167964,N027_C0001127,27
RGM_0168831,N027_C0001128,27
RGM_0321181,N027_C0001129,27
RGM_0095403,N028_C0001130,28
RGM_0097847,N028_C0001131,28
RGM_0099516,N028_C0001132,28
RGM_0099519,N028_C0001132,28
RGM_0105899,N028_C0001133,28
RGM_0106010,N028_C0001134,28
RGM_0109631,N028_C0001135,28
RGM_0112126,N028_C0001136,28
RGM_0167666,N028_C0001137,28
RGM_0167650,N028_C0001137,28
RGM_0004749,N029_C0001138,29
RGM_0005948,N029_C0001139,29
RGM_0005964,N029_C0001139,29
RGM_0007556,N029_C0001140,29
RGM_0007561,N029_C0001140,29
RGM_0010033,N029_C0001141,29
RGM_0011725,N029_C0001142,29
RGM_0013434,N029_C0001143,29
RGM_0014090,N029_C0001144,29
RGM_0018231,N029_C0001145,29
RGM_0030285,N029_C0001146,29
RGM_0030576,N029_C0001147,29
RGM_0030618,N029_C0001148,29
RGM_0034021,N029_C0001149,29
RGM_0036278,N029_C0001150,29
RGM_0038730,N029_C0001151,29
RGM_0039065,N029_C0001152,29
RGM_0039819,N029_C0001153,29
RGM_0039993,N029_C0001154,29
RGM_0040251,N029_C0001155,29
RGM_0040305,N029_C0001156,29
RGM_0040526,N029_C0001157,29
RGM_0040821,N029_C0001158,29
RGM_0042579,N029_C0001159,29
RGM_0050998,N029_C0001160,29
RGM_0052256,N029_C0001161,29
RGM_0065792,N029_C0001162,29
RGM_0066522,N029_C0001163,29
RGM_0066527,N029_C0001163,29
RGM_0083192,N029_C0001164,29
RGM_0126359,N029_C0001165,29
RGM_0126729,N029_C0001166,29
RGM_0126738,N029_C0001167,29
RGM_0126865,N029_C0001168,29
RGM_0130091,N029_C0001169,29
RGM_0164522,N029_C0001170,29
RGM_0286117,N029_C0001171,29
RGM_0286338,N029_C0001172,29
RGM_0286448,N029_C0001173,29
RGM_0286467,N029_C0001174,29
RGM_0286623,N029_C0001175,29
RGM_0286643,N029_C0001176,29
RGM_0286646,N029_C0001176,29
RGM_0286716,N029_C0001177,29
RGM_0286777,N029_C0001178,29
RGM_0286822,N029_C0001179,29
RGM_0286846,N029_C0001180,29
RGM_0287062,N029_C0001181,29
RGM_0287075,N029_C0001182,29
RGM_0287200,N029_C0001183,29
RGM_0287217,N029_C0001184,29
RGM_0287219,N029_C0001184,29
RGM_0287228,N029_C0001185,29
RGM_0287254,N029_C0001186,29
RGM_0287267,N029_C0001187,29
RGM_0287360,N029_C0001188,29
RGM_0287369,N029_C0001188,29
RGM_0287980,N029_C0001189,29
RGM_0288099,N029_C0001190,29
RGM_0288137,N029_C0001191,29
RGM_0288177,N029_C0001192,29
RGM_0288221,N029_C0001193,29
RGM_0288224,N029_C0001193,29
RGM_0288260,N029_C0001194,29
RGM_0288498,N029_C0001195,29
RGM_0288566,N029_C0001196,29
RGM_0288593,N029_C0001197,29
RGM_0288809,N029_C0001198,29
RGM_0288935,N029_C0001199,29
RGM_0288941,N029_C0001199,29
RGM_0288985,N029_C0001200,29
RGM_0289057,N029_C0001201,29
RGM_0289363,N029_C0001202,29
RGM_0290638,N029_C0001203,29
RGM_0291420,N029_C0001204,29
RGM_0291961,N029_C0001205,29
RGM_0292084,N029_C0001206,29
RGM_0292256,N029_C0001207,29
RGM_0292617,N029_C0001208,29
RGM_0292704,N029_C0001209,29
RGM_0293118,N029_C0001210,29
RGM_0293690,N029_C0001211,29
RGM_0293807,N029_C0001212,29
RGM_0294972,N029_C0001213,29
RGM_0295000,N029_C0001214,29
RGM_0296797,N029_C0001215,29
RGM_0297125,N029_C0001216,29
RGM_0297891,N029_C0001217,29
RGM_0298260,N029_C0001218,29
RGM_0298293,N029_C0001219,29
RGM_0298302,N029_C0001220,29
RGM_0298500,N029_C0001221,29
RGM_0298607,N029_C0001222,29
RGM_0299315,N029_C0001223,29
RGM_0299361,N029_C0001224,29
RGM_0299446,N029_C0001225,29
RGM_0299660,N029_C0001226,29
RGM_0299665,N029_C0001226,29
RGM_0299877,N029_C0001227,29
RGM_0300620,N029_C0001228,29
RGM_0300636,N029_C0001229,29
RGM_0301808,N029_C0001230,29
RGM_0302788,N029_C0001231,29
RGM_0303243,N029_C0001232,29
RGM_0303408,N029_C0001233,29
RGM_0303452,N029_C0001234,29
RGM_0303611,N029_C0001235,29
RGM_0303683,N029_C0001236,29
RGM_0303841,N029_C0001237,29
RGM_0303858,N029_C0001237,29
RGM_0303923,N029_C0001238,29
RGM_0303915,N029_C0001238,29
RGM_0303996,N029_C0001239,29
RGM_0304008,N029_C0001239,29
RGM_0304151,N029_C0001240,29
RGM_0304314,N029_C0001241,29
RGM_0304322,N029_C0001241,29
RGM_0304440,N029_C0001242,29
RGM_0304447,N029_C0001242,29
RGM_0304460,N029_C0001243,29
RGM_0304583,N029_C0001244,29
RGM_0304616,N029_C0001245,29
RGM_0304888,N029_C0001246,29
RGM_0304941,N029_C0001247,29
RGM_0305376,N029_C0001248,29
RGM_0305391,N029_C0001248,29
RGM_0305498,N029_C0001249,29
RGM_0305571,N029_C0001250,29
RGM_0305650,N029_C0001251,29
RGM_0305953,N029_C0001252,29
RGM_0306452,N029_C0001253,29
RGM_0318452,N029_C0001254,29
RGM_0003698,N030_C0001255,30
RGM_0004772,N030_C0001256,30
RGM_0005953,N030_C0001257,30
RGM_0007533,N030_C0001258,30
RGM_0007559,N030_C0001259,30
RGM_0007644,N030_C0001260,30
RGM_0007799,N030_C0001260,30
RGM_0009825,N030_C0001261,30
RGM_0010019,N030_C0001262,30
RGM_0010384,N030_C0001263,30
RGM_0011127,N030_C0001264,30
RGM_0011731,N030_C0001265,30
RGM_0011748,N030_C0001265,30
RGM_0012381,N030_C0001266,30
RGM_0013441,N030_C0001267,30
RGM_0014083,N030_C0001268,30
RGM_0014099,N030_C0001268,30
RGM_0014563,N030_C0001269,30
RGM_0016188,N030_C0001270,30
RGM_0017109,N030_C0001271,30
RGM_0018228,N030_C0001272,30
RGM_0018223,N030_C0001272,30
RGM_0030289,N030_C0001273,30
RGM_0030595,N030_C0001274,30
RGM_0030573,N030_C0001274,30
RGM_0030589,N030_C0001274,30
RGM_0030587,N030_C0001274,30
RGM_0030636,N030_C0001274,30
RGM_0031188,N030_C0001275,30
RGM_0031885,N030_C0001276,30
RGM_0032272,N030_C0001277,30
RGM_0032276,N030_C0001277,30
RGM_0032265,N030_C0001277,30
RGM_0034686,N030_C0001278,30
RGM_0036267,N030_C0001279,30
RGM_0036445,N030_C0001280,30
RGM_0036448,N030_C0001280,30
RGM_0036658,N030_C0001281,30
RGM_0036745,N030_C0001282,30
RGM_0036956,N030_C0001283,30
RGM_0036963,N030_C0001284,30
RGM_0036995,N030_C0001285,30
RGM_0037412,N030_C0001286,30
RGM_0037609,N030_C0001287,30
RGM_0037895,N030_C0001288,30
RGM_0037973,N030_C0001289,30
RGM_0038701,N030_C0001290,30
RGM_0038896,N030_C0001291,30
RGM_0038996,N030_C0001292,30
RGM_0039995,N030_C0001293,30
RGM_0040296,N030_C0001294,30
RGM_0040729,N030_C0001295,30
RGM_0042248,N030_C0001296,30
RGM_0042461,N030_C0001297,30
RGM_0042576,N030_C0001298,30
RGM_0042578,N030_C0001298,30
RGM_0042869,N030_C0001299,30
RGM_0043607,N030_C0001300,30
RGM_0044160,N030_C0001301,30
RGM_0044162,N030_C0001301,30
RGM_0051008,N030_C0001302,30
RGM_0052254,N030_C0001303,30
RGM_0058587,N030_C0001304,30
RGM_0059077,N030_C0001305,30
RGM_0059092,N030_C0001305,30
RGM_0061778,N030_C0001306,30
RGM_0065401,N030_C0001307,30
RGM_0070921,N030_C0001308,30
RGM_0071154,N030_C0001309,30
RGM_0071665,N030_C0001310,30
RGM_0077661,N030_C0001311,30
RGM_0087264,N030_C0001312,30
RGM_0088699,N030_C0001313,30
RGM_0089912,N030_C0001314,30
RGM_0090285,N030_C0001315,30
RGM_0090327,N030_C0001316,30
RGM_0090361,N030_C0001317,30
RGM_0090546,N030_C0001318,30
RGM_0092318,N030_C0001319,30
RGM_0099623,N030_C0001320,30
RGM_0103010,N030_C0001321,30
RGM_0106548,N030_C0001322,30
RGM_0107052,N030_C0001323,30
RGM_0107943,N030_C0001324,30
RGM_0108003,N030_C0001325,30
RGM_0109602,N030_C0001326,30
RGM_0111066,N030_C0001327,30
RGM_0111847,N030_C0001328,30
RGM_0125791,N030_C0001329,30
RGM_0286118,N030_C0001330,30
RGM_0286132,N030_C0001331,30
RGM_0286167,N030_C0001332,30
RGM_0286336,N030_C0001333,30
RGM_0286778,N030_C0001334,30
RGM_0286834,N030_C0001335,30
RGM_0286841,N030_C0001335,30
RGM_0286933,N030_C0001336,30
RGM_0287253,N030_C0001337,30
RGM_0287367,N030_C0001338,30
RGM_0287412,N030_C0001339,30
RGM_0288039,N030_C0001340,30
RGM_0288100,N030_C0001341,30
RGM_0288144,N030_C0001342,30
RGM_0288223,N030_C0001343,30
RGM_0288226,N030_C0001343,30
RGM_0288569,N030_C0001344,30
RGM_0288938,N030_C0001345,30
RGM_0291419,N030_C0001346,30
RGM_0291446,N030_C0001347,30
RGM_0292079,N030_C0001348,30
RGM_0292197,N030_C0001349,30
RGM_0292851,N030_C0001350,30
RGM_0293052,N030_C0001351,30
RGM_0293199,N030_C0001352,30
RGM_0293568,N030_C0001353,30
RGM_0294160,N030_C0001354,30
RGM_0294355,N030_C0001355,30
RGM_0294975,N030_C0001356,30
RGM_0295929,N030_C0001357,30
RGM_0297171,N030_C0001358,30
RGM_0297817,N030_C0001359,30
RGM_0298064,N030_C0001360,30
RGM_0298253,N030_C0001361,30
RGM_0298306,N030_C0001362,30
RGM_0298300,N030_C0001362,30
RGM_0298606,N030_C0001363,30
RGM_0299305,N030_C0001364,30
RGM_0299669,N030_C0001365,30
RGM_0300609,N030_C0001366,30
RGM_0300853,N030_C0001367,30
RGM_0301678,N030_C0001368,30
RGM_0301811,N030_C0001369,30
RGM_0302120,N030_C0001370,30
RGM_0302785,N030_C0001371,30
RGM_0303321,N030_C0001372,30
RGM_0303612,N030_C0001373,30
RGM_0303839,N030_C0001374,30
RGM_0303852,N030_C0001374,30
RGM_0303994,N030_C0001375,30
RGM_0304264,N030_C0001376,30
RGM_0304323,N030_C0001377,30
RGM_0304326,N030_C0001377,30
RGM_0304464,N030_C0001378,30
RGM_0305375,N030_C0001379,30
RGM_0305921,N030_C0001380,30
RGM_0305930,N030_C0001380,30
RGM_0306382,N030_C0001381,30
RGM_0309134,N030_C0001382,30
RGM_0318451,N030_C0001383,30
RGM_0003293,N031_C0001384,31
RGM_0004762,N031_C0001385,31
RGM_0005962,N031_C0001386,31
RGM_0007562,N031_C0001387,31
RGM_0007642,N031_C0001388,31
RGM_0009832,N031_C0001389,31
RGM_0010007,N031_C0001390,31
RGM_0010009,N031_C0001390,31
RGM_0011141,N031_C0001391,31
RGM_0011743,N031_C0001392,31
RGM_0011752,N031_C0001392,31
RGM_0012378,N031_C0001393,31
RGM_0012265,N031_C0001393,31
RGM_0012270,N031_C0001393,31
RGM_0013438,N031_C0001394,31
RGM_0014115,N031_C0001395,31
RGM_0014517,N031_C0001396,31
RGM_0014568,N031_C0001396,31
RGM_0016091,N031_C0001397,31
RGM_0017107,N031_C0001398,31
RGM_0017615,N031_C0001399,31
RGM_0021838,N031_C0001400,31
RGM_0025153,N031_C0001401,31
RGM_0025223,N031_C0001402,31
RGM_0025500,N031_C0001403,31
RGM_0025892,N031_C0001404,31
RGM_0030050,N031_C0001405,31
RGM_0030275,N031_C0001406,31
RGM_0030571,N031_C0001407,31
RGM_0030586,N031_C0001408,31
RGM_0030617,N031_C0001409,31
RGM_0031185,N031_C0001410,31
RGM_0031491,N031_C0001411,31
RGM_0031501,N031_C0001412,31
RGM_0031513,N031_C0001413,31
RGM_0031527,N031_C0001414,31
RGM_0031598,N031_C0001415,31
RGM_0031604,N031_C0001416,31
RGM_0031636,N031_C0001417,31
RGM_0031641,N031_C0001418,31
RGM_0031645,N031_C0001419,31
RGM_0031674,N031_C0001420,31
RGM_0031811,N031_C0001421,31
RGM_0032275,N031_C0001422,31
RGM_0036276,N031_C0001423,31
RGM_0037971,N031_C0001424,31
RGM_0039630,N031_C0001425,31
RGM_0039988,N031_C0001426,31
RGM_0040205,N031_C0001427,31
RGM_0040253,N031_C0001428,31
RGM_0040302,N031_C0001429,31
RGM_0040323,N031_C0001430,31
RGM_0040457,N031_C0001431,31
RGM_0040737,N031_C0001432,31
RGM_0042294,N031_C0001433,31
RGM_0042467,N031_C0001434,31
RGM_0042580,N031_C0001435,31
RGM_0042624,N031_C0001436,31
RGM_0042844,N031_C0001437,31
RGM_0043243,N031_C0001438,31
RGM_0048102,N031_C0001439,31
RGM_0049081,N031_C0001440,31
RGM_0049526,N031_C0001441,31
RGM_0049980,N031_C0001442,31
RGM_0051000,N031_C0001443,31
RGM_0053047,N031_C0001444,31
RGM_0058298,N031_C0001445,31
RGM_0059093,N031_C0001446,31
RGM_0061779,N031_C0001447,31
RGM_0064239,N031_C0001448,31
RGM_0064404,N031_C0001449,31
RGM_0064475,N031_C0001450,31
RGM_0064974,N031_C0001451,31
RGM_0065782,N031_C0001452,31
RGM_0065783,N031_C0001452,31
RGM_0066573,N031_C0001453,31
RGM_0066942,N031_C0001454,31
RGM_0069903,N031_C0001455,31
RGM_0070814,N031_C0001456,31
RGM_0072515,N031_C0001457,31
RGM_0077658,N031_C0001458,31
RGM_0077655,N031_C0001458,31
RGM_0077673,N031_C0001459,31
RGM_0077884,N031_C0001460,31
RGM_0078129,N031_C0001461,31
RGM_0088528,N031_C0001462,31
RGM_0088696,N031_C0001463,31
RGM_0089851,N031_C0001464,31
RGM_0089915,N031_C0001465,31
RGM_0090249,N031_C0001466,31
RGM_0090290,N031_C0001467,31
RGM_0092702,N031_C0001468,31
RGM_0094083,N031_C0001469,31
RGM_0094591,N031_C0001470,31
RGM_0097869,N031_C0001471,31
RGM_0099744,N031_C0001472,31
RGM_0101844,N031_C0001473,31
RGM_0101915,N031_C0001474,31
RGM_0102123,N031_C0001475,31
RGM_0102353,N031_C0001476,31
RGM_0102845,N031_C0001477,31
RGM_0103011,N031_C0001478,31
RGM_0104739,N031_C0001479,31
RGM_0106188,N031_C0001480,31
RGM_0107643,N031_C0001481,31
RGM_0108266,N031_C0001482,31
RGM_0109309,N031_C0001483,31
RGM_0109603,N031_C0001484,31
RGM_0110479,N031_C0001485,31
RGM_0110805,N031_C0001486,31
RGM_0110896,N031_C0001487,31
RGM_0111118,N031_C0001488,31
RGM_0112073,N031_C0001489,31
RGM_0112338,N031_C0001490,31
RGM_0113255,N031_C0001491,31
RGM_0113406,N031_C0001492,31
RGM_0114353,N031_C0001493,31
RGM_0114544,N031_C0001494,31
RGM_0116056,N031_C0001495,31
RGM_0117055,N031_C0001496,31
RGM_0126739,N031_C0001497,31
RGM_0126932,N031_C0001498,31
RGM_0128175,N031_C0001499,31
RGM_0128434,N031_C0001500,31
RGM_0286008,N031_C0001501,31
RGM_0286014,N031_C0001502,31
RGM_0286115,N031_C0001503,31
RGM_0286133,N031_C0001504,31
RGM_0286180,N031_C0001505,31
RGM_0286337,N031_C0001506,31
RGM_0286608,N031_C0001507,31
RGM_0286753,N031_C0001508,31
RGM_0286775,N031_C0001509,31
RGM_0286824,N031_C0001510,31
RGM_0286818,N031_C0001510,31
RGM_0286821,N031_C0001510,31
RGM_0286840,N031_C0001510,31
RGM_0287051,N031_C0001511,31
RGM_0287076,N031_C0001512,31
RGM_0287151,N031_C0001513,31
RGM_0287162,N031_C0001514,31
RGM_0287229,N031_C0001515,31
RGM_0287248,N031_C0001516,31
RGM_0287316,N031_C0001517,31
RGM_0287334,N031_C0001518,31
RGM_0287558,N031_C0001519,31
RGM_0287572,N031_C0001520,31
RGM_0287675,N031_C0001521,31
RGM_0287724,N031_C0001522,31
RGM_0287986,N031_C0001523,31
RGM_0288038,N031_C0001524,31
RGM_0288066,N031_C0001525,31
RGM_0288108,N031_C0001526,31
RGM_0288132,N031_C0001527,31
RGM_0288216,N031_C0001528,31
RGM_0288252,N031_C0001529,31
RGM_0288253,N031_C0001529,31
RGM_0288295,N031_C0001530,31
RGM_0288491,N031_C0001531,31
RGM_0288499,N031_C0001532,31
RGM_0288698,N031_C0001533,31
RGM_0288816,N031_C0001534,31
RGM_0288908,N031_C0001535,31
RGM_0288928,N031_C0001536,31
RGM_0288937,N031_C0001537,31
RGM_0288984,N031_C0001538,31
RGM_0289078,N031_C0001539,31
RGM_0289110,N031_C0001540,31
RGM_0289365,N031_C0001541,31
RGM_0289426,N031_C0001542,31
RGM_0289533,N031_C0001543,31
RGM_0289601,N031_C0001544,31
RGM_0289751,N031_C0001545,31
RGM_0289811,N031_C0001546,31
RGM_0289835,N031_C0001547,31
RGM_0289940,N031_C0001548,31
RGM_0290112,N031_C0001549,31
RGM_0290259,N031_C0001550,31
RGM_0290673,N031_C0001551,31
RGM_0290688,N031_C0001552,31
RGM_0290712,N031_C0001553,31
RGM_0290747,N031_C0001554,31
RGM_0291194,N031_C0001555,31
RGM_0291255,N031_C0001556,31
RGM_0291656,N031_C0001557,31
RGM_0291736,N031_C0001558,31
RGM_0292714,N031_C0001559,31
RGM_0292854,N031_C0001560,31
RGM_0293046,N031_C0001561,31
RGM_0293102,N031_C0001562,31
RGM_0293197,N031_C0001563,31
RGM_0293207,N031_C0001564,31
RGM_0293272,N031_C0001565,31
RGM_0293684,N031_C0001566,31
RGM_0293710,N031_C0001567,31
RGM_0293848,N031_C0001568,31
RGM_0294354,N031_C0001569,31
RGM_0294372,N031_C0001570,31
RGM_0294524,N031_C0001571,31
RGM_0294699,N031_C0001572,31
RGM_0296401,N031_C0001573,31
RGM_0296607,N031_C0001574,31
RGM_0296800,N031_C0001575,31
RGM_0297324,N031_C0001576,31
RGM_0297506,N031_C0001577,31
RGM_0297535,N031_C0001578,31
RGM_0297882,N031_C0001579,31
RGM_0298142,N031_C0001580,31
RGM_0298261,N031_C0001581,31
RGM_0298307,N031_C0001582,31
RGM_0298382,N031_C0001583,31
RGM_0298390,N031_C0001584,31
RGM_0298547,N031_C0001585,31
RGM_0298559,N031_C0001586,31
RGM_0298603,N031_C0001587,31
RGM_0298961,N031_C0001588,31
RGM_0298990,N031_C0001589,31
RGM_0299047,N031_C0001590,31
RGM_0299302,N031_C0001591,31
RGM_0299572,N031_C0001592,31
RGM_0299663,N031_C0001593,31
RGM_0299884,N031_C0001594,31
RGM_0299955,N031_C0001595,31
RGM_0300559,N031_C0001596,31
RGM_0300596,N031_C0001597,31
RGM_0300637,N031_C0001598,31
RGM_0300689,N031_C0001599,31
RGM_0301462,N031_C0001600,31
RGM_0301522,N031_C0001601,31
RGM_0301574,N031_C0001602,31
RGM_0301799,N031_C0001603,31
RGM_0301832,N031_C0001604,31
RGM_0301858,N031_C0001605,31
RGM_0301943,N031_C0001606,31
RGM_0302151,N031_C0001607,31
RGM_0302203,N031_C0001608,31
RGM_0302796,N031_C0001609,31
RGM_0302991,N031_C0001610,31
RGM_0303234,N031_C0001611,31
RGM_0303254,N031_C0001611,31
RGM_0303317,N031_C0001612,31
RGM_0303382,N031_C0001613,31
RGM_0303373,N031_C0001613,31
RGM_0303604,N031_C0001614,31
RGM_0303672,N031_C0001615,31
RGM_0303712,N031_C0001616,31
RGM_0303709,N031_C0001616,31
RGM_0303822,N031_C0001617,31
RGM_0303849,N031_C0001618,31
RGM_0303926,N031_C0001619,31
RGM_0303999,N031_C0001620,31
RGM_0304001,N031_C0001620,31
RGM_0304096,N031_C0001621,31
RGM_0304260,N031_C0001622,31
RGM_0304280,N031_C0001623,31
RGM_0304316,N031_C0001624,31
RGM_0304362,N031_C0001625,31
RGM_0304444,N031_C0001626,31
RGM_0304432,N031_C0001626,31
RGM_0304463,N031_C0001627,31
RGM_0304484,N031_C0001628,31
RGM_0304531,N031_C0001629,31
RGM_0304588,N031_C0001630,31
RGM_0304618,N031_C0001631,31
RGM_0304665,N031_C0001632,31
RGM_0304967,N031_C0001633,31
RGM_0304982,N031_C0001633,31
RGM_0305197,N031_C0001634,31
RGM_0305654,N031_C0001635,31
RGM_0305691,N031_C0001636,31
RGM_0306156,N031_C0001637,31
RGM_0306277,N031_C0001638,31
RGM_0306390,N031_C0001639,31
RGM_0306459,N031_C0001640,31
RGM_0309130,N031_C0001641,31
RGM_0318465,N031_C0001642,31
RGM_0000641,N032_C0001643,32
RGM_0004818,N032_C0001644,32
RGM_0004773,N032_C0001644,32
RGM_0004823,N032_C0001644,32
RGM_0005959,N032_C0001645,32
RGM_0007513,N032_C0001646,32
RGM_0009998,N032_C0001647,32
RGM_0010014,N032_C0001647,32
RGM_0010382,N032_C0001648,32
RGM_0011744,N032_C0001649,32
RGM_0011750,N032_C0001649,32
RGM_0012259,N032_C0001650,32
RGM_0014084,N032_C0001651,32
RGM_0014092,N032_C0001651,32
RGM_0014519,N032_C0001652,32
RGM_0014586,N032_C0001652,32
RGM_0014578,N032_C0001652,32
RGM_0016187,N032_C0001653,32
RGM_0016232,N032_C0001654,32
RGM_0016452,N032_C0001655,32
RGM_0017611,N032_C0001656,32
RGM_0018225,N032_C0001657,32
RGM_0025221,N032_C0001658,32
RGM_0025490,N032_C0001659,32
RGM_0028400,N032_C0001660,32
RGM_0030566,N032_C0001661,32
RGM_0030569,N032_C0001662,32
RGM_0030584,N032_C0001663,32
RGM_0030644,N032_C0001664,32
RGM_0030646,N032_C0001664,32
RGM_0030650,N032_C0001664,32
RGM_0030657,N032_C0001665,32
RGM_0031174,N032_C0001666,32
RGM_0031406,N032_C0001667,32
RGM_0038897,N032_C0001668,32
RGM_0042212,N032_C0001669,32
RGM_0042469,N032_C0001670,32
RGM_0043608,N032_C0001671,32
RGM_0125281,N032_C0001672,32
RGM_0154180,N032_C0001673,32
RGM_0193450,N032_C0001674,32
RGM_0286116,N032_C0001675,32
RGM_0286182,N032_C0001676,32
RGM_0286398,N032_C0001677,32
RGM_0286474,N032_C0001678,32
RGM_0286773,N032_C0001679,32
RGM_0286779,N032_C0001679,32
RGM_0286836,N032_C0001680,32
RGM_0287325,N032_C0001681,32
RGM_0287674,N032_C0001682,32
RGM_0288590,N032_C0001683,32
RGM_0289367,N032_C0001684,32
RGM_0289364,N032_C0001684,32
RGM_0290099,N032_C0001685,32
RGM_0290722,N032_C0001686,32
RGM_0290728,N032_C0001686,32
RGM_0290750,N032_C0001687,32
RGM_0291099,N032_C0001688,32
RGM_0292858,N032_C0001689,32
RGM_0292860,N032_C0001689,32
RGM_0293054,N032_C0001690,32
RGM_0293205,N032_C0001691,32
RGM_0293388,N032_C0001692,32
RGM_0293853,N032_C0001693,32
RGM_0295291,N032_C0001694,32
RGM_0295305,N032_C0001695,32
RGM_0297169,N032_C0001696,32
RGM_0297514,N032_C0001697,32
RGM_0299310,N032_C0001698,32
RGM_0299661,N032_C0001699,32
RGM_0299867,N032_C0001700,32
RGM_0301523,N032_C0001701,32
RGM_0301830,N032_C0001702,32
RGM_0301855,N032_C0001703,32
RGM_0302199,N032_C0001704,32
RGM_0302783,N032_C0001705,32
RGM_0302996,N032_C0001706,32
RGM_0303290,N032_C0001707,32
RGM_0303319,N032_C0001708,32
RGM_0304002,N032_C0001709,32
RGM_0304126,N032_C0001710,32
RGM_0304155,N032_C0001711,32
RGM_0304271,N032_C0001712,32
RGM_0304319,N032_C0001713,32
RGM_0305517,N032_C0001714,32
RGM_0306021,N032_C0001715,32
RGM_0306376,N032_C0001716,32
RGM_0306457,N032_C0001717,32
RGM_0003594,N033_C0001718,33
RGM_0003707,N033_C0001719,33
RGM_0003708,N033_C0001719,33
RGM_0003709,N033_C0001719,33
RGM_0004227,N033_C0001720,33
RGM_0004662,N033_C0001721,33
RGM_0004664,N033_C0001721,33
RGM_0004667,N033_C0001721,33
RGM_0004714,N033_C0001722,33
RGM_0004733,N033_C0001723,33
RGM_0004736,N033_C0001723,33
RGM_0004781,N033_C0001723,33
RGM_0004784,N033_C0001723,33
RGM_0004820,N033_C0001724,33
RGM_0004881,N033_C0001725,33
RGM_0004882,N033_C0001725,33
RGM_0004890,N033_C0001725,33
RGM_0005939,N033_C0001726,33
RGM_0005956,N033_C0001726,33
RGM_0005927,N033_C0001726,33
RGM_0005928,N033_C0001726,33
RGM_0005934,N033_C0001726,33
RGM_0007519,N033_C0001727,33
RGM_0007530,N033_C0001727,33
RGM_0007544,N033_C0001727,33
RGM_0007551,N033_C0001728,33
RGM_0007801,N033_C0001729,33
RGM_0009991,N033_C0001730,33
RGM_0009990,N033_C0001730,33
RGM_0010010,N033_C0001730,33
RGM_0010022,N033_C0001730,33
RGM_0010025,N033_C0001730,33
RGM_0010040,N033_C0001730,33
RGM_0010375,N033_C0001731,33
RGM_0010376,N033_C0001731,33
RGM_0012258,N033_C0001732,33
RGM_0012264,N033_C0001732,33
RGM_0013432,N033_C0001733,33
RGM_0013440,N033_C0001733,33
RGM_0014085,N033_C0001734,33
RGM_0014086,N033_C0001734,33
RGM_0014113,N033_C0001734,33
RGM_0014516,N033_C0001735,33
RGM_0014521,N033_C0001735,33
RGM_0014590,N033_C0001735,33
RGM_0014720,N033_C0001736,33
RGM_0015855,N033_C0001737,33
RGM_0016086,N033_C0001738,33
RGM_0016087,N033_C0001738,33
RGM_0016186,N033_C0001739,33
RGM_0016231,N033_C0001740,33
RGM_0016454,N033_C0001741,33
RGM_0017076,N033_C0001742,33
RGM_0017116,N033_C0001742,33
RGM_0017612,N033_C0001743,33
RGM_0018134,N033_C0001744,33
RGM_0018224,N033_C0001745,33
RGM_0018232,N033_C0001745,33
RGM_0018361,N033_C0001746,33
RGM_0018977,N033_C0001747,33
RGM_0018980,N033_C0001747,33
RGM_0021590,N033_C0001748,33
RGM_0021834,N033_C0001748,33
RGM_0021842,N033_C0001748,33
RGM_0021833,N033_C0001748,33
RGM_0021841,N033_C0001748,33
RGM_0021844,N033_C0001748,33
RGM_0022502,N033_C0001749,33
RGM_0022504,N033_C0001749,33
RGM_0022506,N033_C0001749,33
RGM_0025152,N033_C0001750,33
RGM_0025217,N033_C0001751,33
RGM_0025224,N033_C0001751,33
RGM_0025439,N033_C0001752,33
RGM_0025487,N033_C0001753,33
RGM_0025491,N033_C0001754,33
RGM_0025495,N033_C0001755,33
RGM_0025497,N033_C0001755,33
RGM_0025887,N033_C0001756,33
RGM_0025888,N033_C0001756,33
RGM_0028395,N033_C0001757,33
RGM_0028722,N033_C0001758,33
RGM_0030615,N033_C0001759,33
RGM_0030647,N033_C0001760,33
RGM_0034684,N033_C0001761,33
RGM_0038971,N033_C0001762,33
RGM_0044201,N033_C0001763,33
RGM_0044410,N033_C0001764,33
RGM_0065776,N033_C0001765,33
RGM_0065784,N033_C0001766,33
RGM_0082103,N033_C0001767,33
RGM_0095429,N033_C0001768,33
RGM_0095904,N033_C0001769,33
RGM_0104549,N033_C0001770,33
RGM_0104413,N033_C0001770,33
RGM_0104417,N033_C0001770,33
RGM_0104454,N033_C0001770,33
RGM_0104464,N033_C0001770,33
RGM_0104461,N033_C0001770,33
RGM_0104469,N033_C0001770,33
RGM_0104509,N033_C0001770,33
RGM_0104791,N033_C0001771,33
RGM_0106385,N033_C0001772,33
RGM_0106521,N033_C0001772,33
RGM_0109237,N033_C0001773,33
RGM_0112302,N033_C0001774,33
RGM_0119114,N033_C0001775,33
RGM_0125783,N033_C0001776,33
RGM_0125785,N033_C0001776,33
RGM_0125788,N033_C0001776,33
RGM_0125790,N033_C0001776,33
RGM_0127145,N033_C0001777,33
RGM_0127153,N033_C0001777,33
RGM_0127146,N033_C0001777,33
RGM_0127147,N033_C0001777,33
RGM_0127148,N033_C0001777,33
RGM_0127159,N033_C0001777,33
RGM_0127561,N033_C0001778,33
RGM_0127566,N033_C0001778,33
RGM_0127849,N033_C0001779,33
RGM_0128096,N033_C0001780,33
RGM_0128098,N033_C0001780,33
RGM_0128162,N033_C0001781,33
RGM_0128190,N033_C0001781,33
RGM_0128169,N033_C0001781,33
RGM_0128173,N033_C0001781,33
RGM_0128174,N033_C0001781,33
RGM_0128177,N033_C0001781,33
RGM_0128183,N033_C0001781,33
RGM_0128185,N033_C0001781,33
RGM_0128186,N033_C0001781,33
RGM_0128471,N033_C0001782,33
RGM_0128525,N033_C0001783,33
RGM_0128940,N033_C0001784,33
RGM_0129351,N033_C0001785,33
RGM_0129342,N033_C0001785,33
RGM_0129343,N033_C0001785,33
RGM_0129344,N033_C0001785,33
RGM_0129345,N033_C0001785,33
RGM_0129377,N033_C0001785,33
RGM_0129380,N033_C0001785,33
RGM_0129347,N033_C0001785,33
RGM_0129349,N033_C0001785,33
RGM_0129353,N033_C0001785,33
RGM_0129356,N033_C0001785,33
RGM_0129366,N033_C0001785,33
RGM_0129359,N033_C0001785,33
RGM_0129364,N033_C0001785,33
RGM_0129372,N033_C0001785,33
RGM_0129370,N033_C0001785,33
RGM_0129378,N033_C0001785,33
RGM_0129379,N033_C0001785,33
RGM_0129427,N033_C0001786,33
RGM_0129629,N033_C0001787,33
RGM_0129623,N033_C0001787,33
RGM_0129621,N033_C0001787,33
RGM_0129638,N033_C0001787,33
RGM_0154178,N033_C0001788,33
RGM_0154177,N033_C0001788,33
RGM_0154182,N033_C0001788,33
RGM_0154223,N033_C0001789,33
RGM_0154224,N033_C0001789,33
RGM_0154227,N033_C0001789,33
RGM_0154229,N033_C0001789,33
RGM_0154238,N033_C0001789,33
RGM_0154233,N033_C0001789,33
RGM_0165427,N033_C0001790,33
RGM_0165819,N033_C0001791,33
RGM_0166314,N033_C0001792,33
RGM_0166315,N033_C0001792,33
RGM_0166296,N033_C0001792,33
RGM_0166371,N033_C0001793,33
RGM_0167657,N033_C0001794,33
RGM_0167665,N033_C0001794,33
RGM_0167668,N033_C0001794,33
RGM_0167688,N033_C0001794,33
RGM_0167709,N033_C0001794,33
RGM_0167710,N033_C0001794,33
RGM_0167716,N033_C0001794,33
RGM_0167717,N033_C0001794,33
RGM_0286003,N033_C0001795,33
RGM_0286002,N033_C0001795,33
RGM_0286004,N033_C0001795,33
RGM_0286006,N033_C0001796,33
RGM_0286022,N033_C0001797,33
RGM_0286023,N033_C0001797,33
RGM_0286049,N033_C0001798,33
RGM_0286053,N033_C0001798,33
RGM_0286048,N033_C0001798,33
RGM_0286051,N033_C0001798,33
RGM_0286047,N033_C0001798,33
RGM_0286046,N033_C0001798,33
RGM_0286052,N033_C0001798,33
RGM_0286061,N033_C0001799,33
RGM_0286060,N033_C0001799,33
RGM_0286070,N033_C0001799,33
RGM_0286068,N033_C0001799,33
RGM_0286078,N033_C0001800,33
RGM_0286088,N033_C0001800,33
RGM_0286087,N033_C0001800,33
RGM_0286091,N033_C0001800,33
RGM_0286112,N033_C0001801,33
RGM_0286121,N033_C0001801,33
RGM_0286122,N033_C0001801,33
RGM_0286134,N033_C0001802,33
RGM_0286135,N033_C0001802,33
RGM_0286138,N033_C0001802,33
RGM_0286139,N033_C0001802,33
RGM_0286141,N033_C0001802,33
RGM_0286143,N033_C0001802,33
RGM_0286162,N033_C0001803,33
RGM_0286163,N033_C0001803,33
RGM_0286165,N033_C0001803,33
RGM_0286166,N033_C0001803,33
RGM_0286169,N033_C0001803,33
RGM_0286254,N033_C0001804,33
RGM_0286274,N033_C0001805,33
RGM_0286275,N033_C0001805,33
RGM_0286276,N033_C0001805,33
RGM_0286277,N033_C0001805,33
RGM_0286328,N033_C0001806,33
RGM_0286332,N033_C0001806,33
RGM_0286333,N033_C0001806,33
RGM_0286335,N033_C0001806,33
RGM_0286331,N033_C0001806,33
RGM_0286348,N033_C0001807,33
RGM_0286349,N033_C0001807,33
RGM_0286350,N033_C0001807,33
RGM_0286353,N033_C0001807,33
RGM_0286343,N033_C0001807,33
RGM_0286345,N033_C0001807,33
RGM_0286352,N033_C0001807,33
RGM_0286354,N033_C0001807,33
RGM_0286391,N033_C0001808,33
RGM_0286393,N033_C0001808,33
RGM_0286408,N033_C0001808,33
RGM_0286410,N033_C0001808,33
RGM_0286397,N033_C0001808,33
RGM_0286403,N033_C0001808,33
RGM_0286412,N033_C0001808,33
RGM_0286419,N033_C0001809,33
RGM_0286449,N033_C0001810,33
RGM_0286450,N033_C0001810,33
RGM_0286469,N033_C0001811,33
RGM_0286476,N033_C0001811,33
RGM_0286531,N033_C0001812,33
RGM_0286574,N033_C0001813,33
RGM_0286624,N033_C0001814,33
RGM_0286627,N033_C0001814,33
RGM_0286629,N033_C0001814,33
RGM_0286625,N033_C0001814,33
RGM_0286626,N033_C0001814,33
RGM_0286634,N033_C0001814,33
RGM_0286636,N033_C0001814,33
RGM_0286637,N033_C0001814,33
RGM_0286639,N033_C0001814,33
RGM_0286644,N033_C0001814,33
RGM_0286649,N033_C0001814,33
RGM_0286648,N033_C0001814,33
RGM_0286642,N033_C0001814,33
RGM_0286645,N033_C0001814,33
RGM_0286712,N033_C0001815,33
RGM_0286713,N033_C0001815,33
RGM_0286715,N033_C0001815,33
RGM_0286714,N033_C0001815,33
RGM_0286718,N033_C0001815,33
RGM_0286771,N033_C0001816,33
RGM_0286772,N033_C0001816,33
RGM_0286833,N033_C0001817,33
RGM_0286815,N033_C0001817,33
RGM_0286829,N033_C0001817,33
RGM_0286820,N033_C0001817,33
RGM_0286816,N033_C0001817,33
RGM_0286819,N033_C0001817,33
RGM_0286837,N033_C0001817,33
RGM_0286847,N033_C0001817,33
RGM_0286842,N033_C0001817,33
RGM_0286929,N033_C0001818,33
RGM_0286949,N033_C0001819,33
RGM_0286951,N033_C0001819,33
RGM_0286960,N033_C0001820,33
RGM_0286964,N033_C0001821,33
RGM_0286971,N033_C0001821,33
RGM_0286969,N033_C0001821,33
RGM_0286966,N033_C0001821,33
RGM_0286970,N033_C0001821,33
RGM_0287013,N033_C0001822,33
RGM_0287032,N033_C0001823,33
RGM_0287033,N033_C0001823,33
RGM_0287031,N033_C0001823,33
RGM_0287049,N033_C0001824,33
RGM_0287058,N033_C0001824,33
RGM_0287052,N033_C0001824,33
RGM_0287063,N033_C0001824,33
RGM_0287078,N033_C0001825,33
RGM_0287098,N033_C0001826,33
RGM_0287191,N033_C0001827,33
RGM_0287198,N033_C0001827,33
RGM_0287192,N033_C0001827,33
RGM_0287193,N033_C0001827,33
RGM_0287201,N033_C0001827,33
RGM_0287202,N033_C0001827,33
RGM_0287199,N033_C0001827,33
RGM_0287218,N033_C0001828,33
RGM_0287220,N033_C0001828,33
RGM_0287222,N033_C0001828,33
RGM_0287230,N033_C0001828,33
RGM_0287227,N033_C0001828,33
RGM_0287247,N033_C0001829,33
RGM_0287256,N033_C0001829,33
RGM_0287249,N033_C0001829,33
RGM_0287251,N033_C0001829,33
RGM_0287274,N033_C0001830,33
RGM_0287275,N033_C0001830,33
RGM_0287277,N033_C0001830,33
RGM_0287313,N033_C0001831,33
RGM_0287314,N033_C0001831,33
RGM_0287321,N033_C0001831,33
RGM_0287324,N033_C0001831,33
RGM_0287322,N033_C0001831,33
RGM_0287330,N033_C0001831,33
RGM_0287326,N033_C0001831,33
RGM_0287327,N033_C0001831,33
RGM_0287328,N033_C0001831,33
RGM_0287341,N033_C0001832,33
RGM_0287338,N033_C0001832,33
RGM_0287340,N033_C0001832,33
RGM_0287350,N033_C0001833,33
RGM_0287359,N033_C0001834,33
RGM_0287357,N033_C0001834,33
RGM_0287358,N033_C0001834,33
RGM_0287361,N033_C0001834,33
RGM_0287363,N033_C0001834,33
RGM_0287364,N033_C0001834,33
RGM_0287365,N033_C0001834,33
RGM_0287370,N033_C0001834,33
RGM_0287374,N033_C0001834,33
RGM_0287382,N033_C0001834,33
RGM_0287376,N033_C0001834,33
RGM_0287379,N033_C0001834,33
RGM_0287390,N033_C0001834,33
RGM_0287392,N033_C0001834,33
RGM_0287406,N033_C0001835,33
RGM_0287407,N033_C0001835,33
RGM_0287409,N033_C0001835,33
RGM_0287411,N033_C0001835,33
RGM_0287441,N033_C0001836,33
RGM_0287443,N033_C0001836,33
RGM_0287449,N033_C0001836,33
RGM_0287451,N033_C0001836,33
RGM_0287446,N033_C0001836,33
RGM_0287551,N033_C0001837,33
RGM_0287559,N033_C0001838,33
RGM_0287569,N033_C0001838,33
RGM_0287570,N033_C0001838,33
RGM_0287571,N033_C0001838,33
RGM_0287619,N033_C0001839,33
RGM_0287628,N033_C0001839,33
RGM_0287620,N033_C0001839,33
RGM_0287621,N033_C0001839,33
RGM_0287627,N033_C0001839,33
RGM_0287669,N033_C0001840,33
RGM_0287679,N033_C0001840,33
RGM_0287668,N033_C0001840,33
RGM_0287680,N033_C0001840,33
RGM_0287677,N033_C0001840,33
RGM_0287678,N033_C0001840,33
RGM_0287715,N033_C0001841,33
RGM_0287712,N033_C0001841,33
RGM_0287720,N033_C0001841,33
RGM_0287723,N033_C0001841,33
RGM_0287730,N033_C0001841,33
RGM_0287729,N033_C0001841,33
RGM_0287726,N033_C0001841,33
RGM_0287727,N033_C0001841,33
RGM_0287728,N033_C0001841,33
RGM_0287731,N033_C0001841,33
RGM_0287733,N033_C0001841,33
RGM_0287732,N033_C0001841,33
RGM_0287765,N033_C0001842,33
RGM_0287768,N033_C0001842,33
RGM_0287770,N033_C0001842,33
RGM_0287848,N033_C0001843,33
RGM_0287955,N033_C0001844,33
RGM_0287960,N033_C0001844,33
RGM_0287990,N033_C0001845,33
RGM_0288026,N033_C0001846,33
RGM_0288042,N033_C0001846,33
RGM_0288060,N033_C0001847,33
RGM_0288063,N033_C0001847,33
RGM_0288064,N033_C0001847,33
RGM_0288065,N033_C0001847,33
RGM_0288068,N033_C0001847,33
RGM_0288069,N033_C0001847,33
RGM_0288095,N033_C0001848,33
RGM_0288104,N033_C0001848,33
RGM_0288106,N033_C0001848,33
RGM_0288109,N033_C0001848,33
RGM_0288120,N033_C0001848,33
RGM_0288145,N033_C0001849,33
RGM_0288146,N033_C0001849,33
RGM_0288136,N033_C0001849,33
RGM_0288138,N033_C0001849,33
RGM_0288139,N033_C0001849,33
RGM_0288141,N033_C0001849,33
RGM_0288168,N033_C0001850,33
RGM_0288172,N033_C0001850,33
RGM_0288179,N033_C0001850,33
RGM_0288180,N033_C0001850,33
RGM_0288209,N033_C0001851,33
RGM_0288213,N033_C0001851,33
RGM_0288214,N033_C0001851,33
RGM_0288220,N033_C0001851,33
RGM_0288222,N033_C0001851,33
RGM_0288240,N033_C0001852,33
RGM_0288267,N033_C0001853,33
RGM_0288268,N033_C0001853,33
RGM_0288247,N033_C0001853,33
RGM_0288254,N033_C0001853,33
RGM_0288255,N033_C0001853,33
RGM_0288261,N033_C0001853,33
RGM_0288262,N033_C0001853,33
RGM_0288258,N033_C0001853,33
RGM_0288293,N033_C0001854,33
RGM_0288303,N033_C0001854,33
RGM_0288306,N033_C0001854,33
RGM_0288308,N033_C0001854,33
RGM_0288300,N033_C0001854,33
RGM_0288361,N033_C0001855,33
RGM_0288373,N033_C0001855,33
RGM_0288410,N033_C0001856,33
RGM_0288453,N033_C0001857,33
RGM_0288462,N033_C0001858,33
RGM_0288472,N033_C0001859,33
RGM_0288470,N033_C0001859,33
RGM_0288488,N033_C0001860,33
RGM_0288492,N033_C0001860,33
RGM_0288494,N033_C0001860,33
RGM_0288496,N033_C0001860,33
RGM_0288504,N033_C0001860,33
RGM_0288500,N033_C0001860,33
RGM_0288501,N033_C0001860,33
RGM_0288502,N033_C0001860,33
RGM_0288503,N033_C0001860,33
RGM_0288515,N033_C0001861,33
RGM_0288516,N033_C0001861,33
RGM_0288517,N033_C0001861,33
RGM_0288518,N033_C0001861,33
RGM_0288520,N033_C0001861,33
RGM_0288555,N033_C0001862,33
RGM_0288570,N033_C0001862,33
RGM_0288562,N033_C0001862,33
RGM_0288560,N033_C0001862,33
RGM_0288565,N033_C0001862,33
RGM_0288561,N033_C0001862,33
RGM_0288564,N033_C0001862,33
RGM_0288583,N033_C0001863,33
RGM_0288591,N033_C0001864,33
RGM_0288595,N033_C0001864,33
RGM_0288592,N033_C0001864,33
RGM_0288603,N033_C0001864,33
RGM_0288604,N033_C0001864,33
RGM_0288628,N033_C0001865,33
RGM_0288625,N033_C0001865,33
RGM_0288626,N033_C0001865,33
RGM_0288653,N033_C0001866,33
RGM_0288654,N033_C0001866,33
RGM_0288661,N033_C0001866,33
RGM_0288668,N033_C0001866,33
RGM_0288660,N033_C0001866,33
RGM_0288770,N033_C0001867,33
RGM_0288807,N033_C0001868,33
RGM_0288817,N033_C0001868,33
RGM_0288810,N033_C0001868,33
RGM_0288814,N033_C0001868,33
RGM_0288818,N033_C0001868,33
RGM_0288870,N033_C0001869,33
RGM_0288871,N033_C0001869,33
RGM_0288894,N033_C0001870,33
RGM_0288895,N033_C0001870,33
RGM_0288900,N033_C0001871,33
RGM_0288909,N033_C0001872,33
RGM_0288911,N033_C0001872,33
RGM_0288923,N033_C0001873,33
RGM_0288922,N033_C0001873,33
RGM_0288933,N033_C0001874,33
RGM_0288940,N033_C0001874,33
RGM_0288943,N033_C0001874,33
RGM_0288936,N033_C0001874,33
RGM_0288982,N033_C0001875,33
RGM_0288986,N033_C0001875,33
RGM_0288993,N033_C0001875,33
RGM_0288988,N033_C0001875,33
RGM_0288992,N033_C0001875,33
RGM_0289054,N033_C0001876,33
RGM_0289058,N033_C0001876,33
RGM_0289070,N033_C0001877,33
RGM_0289072,N033_C0001877,33
RGM_0289073,N033_C0001877,33
RGM_0289075,N033_C0001877,33
RGM_0289076,N033_C0001877,33
RGM_0289084,N033_C0001877,33
RGM_0289083,N033_C0001877,33
RGM_0289108,N033_C0001878,33
RGM_0289134,N033_C0001879,33
RGM_0289141,N033_C0001879,33
RGM_0289133,N033_C0001879,33
RGM_0289132,N033_C0001879,33
RGM_0289135,N033_C0001879,33
RGM_0289137,N033_C0001879,33
RGM_0289138,N033_C0001879,33
RGM_0289140,N033_C0001879,33
RGM_0289155,N033_C0001879,33
RGM_0289148,N033_C0001879,33
RGM_0289149,N033_C0001879,33
RGM_0289153,N033_C0001879,33
RGM_0289160,N033_C0001879,33
RGM_0289154,N033_C0001879,33
RGM_0289156,N033_C0001879,33
RGM_0289158,N033_C0001879,33
RGM_0289177,N033_C0001880,33
RGM_0289176,N033_C0001880,33
RGM_0289180,N033_C0001880,33
RGM_0289181,N033_C0001880,33
RGM_0289202,N033_C0001880,33
RGM_0289178,N033_C0001880,33
RGM_0289186,N033_C0001880,33
RGM_0289192,N033_C0001880,33
RGM_0289189,N033_C0001880,33
RGM_0289194,N033_C0001880,33
RGM_0289195,N033_C0001880,33
RGM_0289197,N033_C0001880,33
RGM_0289198,N033_C0001880,33
RGM_0289312,N033_C0001881,33
RGM_0289313,N033_C0001881,33
RGM_0289311,N033_C0001881,33
RGM_0289310,N033_C0001881,33
RGM_0289427,N033_C0001882,33
RGM_0289452,N033_C0001883,33
RGM_0289454,N033_C0001883,33
RGM_0289455,N033_C0001883,33
RGM_0289456,N033_C0001883,33
RGM_0289453,N033_C0001883,33
RGM_0289458,N033_C0001883,33
RGM_0289461,N033_C0001883,33
RGM_0289484,N033_C0001884,33
RGM_0289535,N033_C0001885,33
RGM_0289536,N033_C0001885,33
RGM_0289609,N033_C0001886,33
RGM_0289610,N033_C0001886,33
RGM_0289612,N033_C0001886,33
RGM_0289613,N033_C0001886,33
RGM_0289616,N033_C0001886,33
RGM_0289619,N033_C0001886,33
RGM_0289621,N033_C0001886,33
RGM_0289617,N033_C0001886,33
RGM_0289620,N033_C0001886,33
RGM_0289633,N033_C0001887,33
RGM_0289634,N033_C0001887,33
RGM_0289635,N033_C0001887,33
RGM_0289638,N033_C0001887,33
RGM_0289640,N033_C0001887,33
RGM_0289636,N033_C0001887,33
RGM_0289639,N033_C0001887,33
RGM_0289663,N033_C0001888,33
RGM_0289662,N033_C0001888,33
RGM_0289681,N033_C0001889,33
RGM_0289686,N033_C0001889,33
RGM_0289685,N033_C0001889,33
RGM_0289688,N033_C0001889,33
RGM_0289687,N033_C0001889,33
RGM_0289689,N033_C0001889,33
RGM_0289714,N033_C0001890,33
RGM_0289723,N033_C0001891,33
RGM_0289737,N033_C0001891,33
RGM_0289731,N033_C0001891,33
RGM_0289732,N033_C0001891,33
RGM_0289733,N033_C0001891,33
RGM_0289735,N033_C0001891,33
RGM_0289730,N033_C0001891,33
RGM_0289734,N033_C0001891,33
RGM_0289738,N033_C0001891,33
RGM_0289748,N033_C0001892,33
RGM_0289749,N033_C0001892,33
RGM_0289752,N033_C0001892,33
RGM_0289753,N033_C0001892,33
RGM_0289779,N033_C0001893,33
RGM_0289780,N033_C0001893,33
RGM_0289781,N033_C0001893,33
RGM_0289783,N033_C0001893,33
RGM_0289784,N033_C0001893,33
RGM_0289785,N033_C0001893,33
RGM_0289786,N033_C0001893,33
RGM_0289791,N033_C0001893,33
RGM_0289812,N033_C0001894,33
RGM_0289814,N033_C0001894,33
RGM_0289815,N033_C0001894,33
RGM_0289833,N033_C0001895,33
RGM_0289834,N033_C0001895,33
RGM_0289861,N033_C0001896,33
RGM_0289869,N033_C0001896,33
RGM_0289862,N033_C0001896,33
RGM_0289866,N033_C0001896,33
RGM_0289868,N033_C0001896,33
RGM_0289877,N033_C0001897,33
RGM_0289879,N033_C0001897,33
RGM_0289887,N033_C0001898,33
RGM_0289889,N033_C0001898,33
RGM_0289891,N033_C0001898,33
RGM_0289885,N033_C0001898,33
RGM_0289888,N033_C0001898,33
RGM_0289909,N033_C0001899,33
RGM_0289910,N033_C0001899,33
RGM_0289911,N033_C0001899,33
RGM_0289942,N033_C0001900,33
RGM_0290096,N033_C0001901,33
RGM_0290095,N033_C0001901,33
RGM_0290098,N033_C0001901,33
RGM_0290103,N033_C0001901,33
RGM_0290107,N033_C0001901,33
RGM_0290141,N033_C0001902,33
RGM_0290133,N033_C0001902,33
RGM_0290131,N033_C0001902,33
RGM_0290138,N033_C0001902,33
RGM_0290150,N033_C0001902,33
RGM_0290291,N033_C0001903,33
RGM_0290320,N033_C0001904,33
RGM_0290349,N033_C0001905,33
RGM_0290354,N033_C0001905,33
RGM_0290381,N033_C0001906,33
RGM_0290387,N033_C0001907,33
RGM_0290444,N033_C0001908,33
RGM_0290448,N033_C0001908,33
RGM_0290451,N033_C0001908,33
RGM_0290452,N033_C0001908,33
RGM_0290454,N033_C0001908,33
RGM_0290457,N033_C0001908,33
RGM_0290455,N033_C0001908,33
RGM_0290567,N033_C0001909,33
RGM_0290566,N033_C0001909,33
RGM_0290570,N033_C0001910,33
RGM_0290589,N033_C0001910,33
RGM_0290591,N033_C0001910,33
RGM_0290575,N033_C0001910,33
RGM_0290581,N033_C0001910,33
RGM_0290582,N033_C0001910,33
RGM_0290584,N033_C0001910,33
RGM_0290602,N033_C0001911,33
RGM_0290637,N033_C0001912,33
RGM_0290641,N033_C0001912,33
RGM_0290640,N033_C0001912,33
RGM_0290671,N033_C0001913,33
RGM_0290676,N033_C0001913,33
RGM_0290675,N033_C0001913,33
RGM_0290669,N033_C0001913,33
RGM_0290674,N033_C0001913,33
RGM_0290686,N033_C0001914,33
RGM_0290692,N033_C0001914,33
RGM_0290685,N033_C0001914,33
RGM_0290689,N033_C0001914,33
RGM_0290690,N033_C0001914,33
RGM_0290695,N033_C0001915,33
RGM_0290716,N033_C0001916,33
RGM_0290714,N033_C0001916,33
RGM_0290713,N033_C0001916,33
RGM_0290723,N033_C0001917,33
RGM_0290729,N033_C0001917,33
RGM_0290752,N033_C0001918,33
RGM_0290753,N033_C0001918,33
RGM_0290748,N033_C0001918,33
RGM_0290756,N033_C0001918,33
RGM_0290846,N033_C0001919,33
RGM_0290859,N033_C0001919,33
RGM_0290858,N033_C0001919,33
RGM_0290861,N033_C0001919,33
RGM_0290863,N033_C0001919,33
RGM_0290864,N033_C0001919,33
RGM_0290871,N033_C0001920,33
RGM_0290872,N033_C0001920,33
RGM_0290873,N033_C0001920,33
RGM_0290882,N033_C0001920,33
RGM_0290874,N033_C0001920,33
RGM_0290878,N033_C0001920,33
RGM_0290929,N033_C0001921,33
RGM_0290928,N033_C0001921,33
RGM_0290947,N033_C0001922,33
RGM_0291002,N033_C0001923,33
RGM_0290986,N033_C0001923,33
RGM_0290988,N033_C0001923,33
RGM_0290989,N033_C0001923,33
RGM_0291000,N033_C0001923,33
RGM_0290990,N033_C0001923,33
RGM_0290997,N033_C0001923,33
RGM_0290996,N033_C0001923,33
RGM_0291009,N033_C0001923,33
RGM_0291011,N033_C0001923,33
RGM_0291019,N033_C0001923,33
RGM_0291021,N033_C0001923,33
RGM_0291012,N033_C0001923,33
RGM_0291015,N033_C0001923,33
RGM_0291017,N033_C0001923,33
RGM_0291018,N033_C0001923,33
RGM_0291038,N033_C0001924,33
RGM_0291043,N033_C0001924,33
RGM_0291041,N033_C0001924,33
RGM_0291055,N033_C0001924,33
RGM_0291053,N033_C0001924,33
RGM_0291067,N033_C0001925,33
RGM_0291095,N033_C0001926,33
RGM_0291103,N033_C0001926,33
RGM_0291094,N033_C0001926,33
RGM_0291126,N033_C0001927,33
RGM_0291130,N033_C0001927,33
RGM_0291198,N033_C0001928,33
RGM_0291193,N033_C0001928,33
RGM_0291192,N033_C0001928,33
RGM_0291197,N033_C0001928,33
RGM_0291256,N033_C0001929,33
RGM_0291257,N033_C0001929,33
RGM_0291261,N033_C0001929,33
RGM_0291316,N033_C0001930,33
RGM_0291306,N033_C0001930,33
RGM_0291312,N033_C0001930,33
RGM_0291313,N033_C0001930,33
RGM_0291315,N033_C0001930,33
RGM_0291317,N033_C0001930,33
RGM_0291314,N033_C0001930,33
RGM_0291335,N033_C0001931,33
RGM_0291347,N033_C0001932,33
RGM_0291394,N033_C0001933,33
RGM_0291398,N033_C0001933,33
RGM_0291401,N033_C0001933,33
RGM_0291418,N033_C0001934,33
RGM_0291427,N033_C0001934,33
RGM_0291412,N033_C0001934,33
RGM_0291422,N033_C0001934,33
RGM_0291424,N033_C0001934,33
RGM_0291435,N033_C0001935,33
RGM_0291436,N033_C0001935,33
RGM_0291441,N033_C0001936,33
RGM_0291442,N033_C0001936,33
RGM_0291443,N033_C0001936,33
RGM_0291444,N033_C0001936,33
RGM_0291445,N033_C0001936,33
RGM_0291468,N033_C0001937,33
RGM_0291499,N033_C0001938,33
RGM_0291502,N033_C0001938,33
RGM_0291495,N033_C0001938,33
RGM_0291497,N033_C0001938,33
RGM_0291498,N033_C0001938,33
RGM_0291505,N033_C0001938,33
RGM_0291517,N033_C0001939,33
RGM_0291519,N033_C0001939,33
RGM_0291513,N033_C0001939,33
RGM_0291514,N033_C0001939,33
RGM_0291511,N033_C0001939,33
RGM_0291512,N033_C0001939,33
RGM_0291520,N033_C0001939,33
RGM_0291522,N033_C0001939,33
RGM_0291565,N033_C0001940,33
RGM_0291562,N033_C0001940,33
RGM_0291571,N033_C0001940,33
RGM_0291567,N033_C0001940,33
RGM_0291570,N033_C0001940,33
RGM_0291653,N033_C0001941,33
RGM_0291664,N033_C0001941,33
RGM_0291654,N033_C0001941,33
RGM_0291657,N033_C0001941,33
RGM_0291662,N033_C0001941,33
RGM_0291663,N033_C0001941,33
RGM_0291666,N033_C0001941,33
RGM_0291667,N033_C0001941,33
RGM_0291712,N033_C0001942,33
RGM_0291716,N033_C0001943,33
RGM_0291735,N033_C0001944,33
RGM_0291737,N033_C0001944,33
RGM_0291792,N033_C0001945,33
RGM_0291799,N033_C0001945,33
RGM_0291798,N033_C0001945,33
RGM_0291804,N033_C0001945,33
RGM_0291807,N033_C0001945,33
RGM_0291805,N033_C0001945,33
RGM_0291818,N033_C0001946,33
RGM_0291889,N033_C0001947,33
RGM_0291903,N033_C0001948,33
RGM_0291904,N033_C0001948,33
RGM_0291899,N033_C0001948,33
RGM_0291901,N033_C0001948,33
RGM_0291911,N033_C0001949,33
RGM_0291953,N033_C0001950,33
RGM_0291945,N033_C0001950,33
RGM_0291946,N033_C0001950,33
RGM_0291947,N033_C0001950,33
RGM_0291949,N033_C0001950,33
RGM_0291957,N033_C0001950,33
RGM_0291960,N033_C0001950,33
RGM_0291962,N033_C0001950,33
RGM_0291963,N033_C0001950,33
RGM_0291970,N033_C0001950,33
RGM_0291969,N033_C0001950,33
RGM_0291971,N033_C0001950,33
RGM_0291966,N033_C0001950,33
RGM_0292007,N033_C0001951,33
RGM_0292058,N033_C0001952,33
RGM_0292070,N033_C0001953,33
RGM_0292072,N033_C0001953,33
RGM_0292083,N033_C0001954,33
RGM_0292088,N033_C0001954,33
RGM_0292120,N033_C0001955,33
RGM_0292121,N033_C0001955,33
RGM_0292122,N033_C0001955,33
RGM_0292125,N033_C0001955,33
RGM_0292126,N033_C0001955,33
RGM_0292128,N033_C0001955,33
RGM_0292129,N033_C0001955,33
RGM_0292191,N033_C0001956,33
RGM_0292200,N033_C0001956,33
RGM_0292202,N033_C0001956,33
RGM_0292188,N033_C0001956,33
RGM_0292190,N033_C0001956,33
RGM_0292196,N033_C0001956,33
RGM_0292198,N033_C0001956,33
RGM_0292201,N033_C0001956,33
RGM_0292203,N033_C0001956,33
RGM_0292205,N033_C0001956,33
RGM_0292206,N033_C0001956,33
RGM_0292250,N033_C0001957,33
RGM_0292251,N033_C0001957,33
RGM_0292245,N033_C0001957,33
RGM_0292261,N033_C0001957,33
RGM_0292264,N033_C0001957,33
RGM_0292267,N033_C0001957,33
RGM_0292327,N033_C0001958,33
RGM_0292316,N033_C0001958,33
RGM_0292317,N033_C0001958,33
RGM_0292318,N033_C0001958,33
RGM_0292319,N033_C0001958,33
RGM_0292338,N033_C0001958,33
RGM_0292475,N033_C0001959,33
RGM_0292550,N033_C0001960,33
RGM_0292548,N033_C0001960,33
RGM_0292564,N033_C0001961,33
RGM_0292572,N033_C0001961,33
RGM_0292569,N033_C0001961,33
RGM_0292687,N033_C0001962,33
RGM_0292709,N033_C0001963,33
RGM_0292720,N033_C0001963,33
RGM_0292721,N033_C0001963,33
RGM_0292779,N033_C0001964,33
RGM_0292783,N033_C0001964,33
RGM_0292790,N033_C0001964,33
RGM_0292795,N033_C0001965,33
RGM_0292848,N033_C0001966,33
RGM_0292849,N033_C0001966,33
RGM_0292861,N033_C0001966,33
RGM_0292856,N033_C0001966,33
RGM_0292891,N033_C0001967,33
RGM_0292892,N033_C0001967,33
RGM_0292901,N033_C0001967,33
RGM_0292905,N033_C0001967,33
RGM_0292908,N033_C0001967,33
RGM_0292909,N033_C0001967,33
RGM_0292944,N033_C0001968,33
RGM_0292945,N033_C0001968,33
RGM_0292946,N033_C0001968,33
RGM_0292956,N033_C0001969,33
RGM_0292959,N033_C0001969,33
RGM_0292961,N033_C0001969,33
RGM_0292965,N033_C0001969,33
RGM_0293017,N033_C0001970,33
RGM_0293032,N033_C0001971,33
RGM_0293038,N033_C0001972,33
RGM_0293050,N033_C0001972,33
RGM_0293051,N033_C0001972,33
RGM_0293053,N033_C0001972,33
RGM_0293055,N033_C0001972,33
RGM_0293056,N033_C0001972,33
RGM_0293040,N033_C0001972,33
RGM_0293042,N033_C0001972,33
RGM_0293044,N033_C0001972,33
RGM_0293043,N033_C0001972,33
RGM_0293047,N033_C0001972,33
RGM_0293092,N033_C0001973,33
RGM_0293106,N033_C0001973,33
RGM_0293108,N033_C0001973,33
RGM_0293110,N033_C0001973,33
RGM_0293094,N033_C0001973,33
RGM_0293095,N033_C0001973,33
RGM_0293097,N033_C0001973,33
RGM_0293104,N033_C0001973,33
RGM_0293105,N033_C0001973,33
RGM_0293116,N033_C0001973,33
RGM_0293117,N033_C0001973,33
RGM_0293119,N033_C0001973,33
RGM_0293124,N033_C0001974,33
RGM_0293132,N033_C0001975,33
RGM_0293134,N033_C0001975,33
RGM_0293149,N033_C0001976,33
RGM_0293156,N033_C0001976,33
RGM_0293157,N033_C0001976,33
RGM_0293151,N033_C0001976,33
RGM_0293153,N033_C0001976,33
RGM_0293158,N033_C0001976,33
RGM_0293159,N033_C0001976,33
RGM_0293171,N033_C0001977,33
RGM_0293189,N033_C0001978,33
RGM_0293194,N033_C0001978,33
RGM_0293184,N033_C0001978,33
RGM_0293190,N033_C0001978,33
RGM_0293192,N033_C0001978,33
RGM_0293196,N033_C0001978,33
RGM_0293200,N033_C0001978,33
RGM_0293203,N033_C0001978,33
RGM_0293206,N033_C0001978,33
RGM_0293213,N033_C0001978,33
RGM_0293212,N033_C0001978,33
RGM_0293222,N033_C0001979,33
RGM_0293270,N033_C0001980,33
RGM_0293269,N033_C0001980,33
RGM_0293292,N033_C0001981,33
RGM_0293293,N033_C0001981,33
RGM_0293299,N033_C0001981,33
RGM_0293294,N033_C0001981,33
RGM_0293341,N033_C0001982,33
RGM_0293390,N033_C0001983,33
RGM_0293389,N033_C0001983,33
RGM_0293394,N033_C0001983,33
RGM_0293397,N033_C0001984,33
RGM_0293555,N033_C0001985,33
RGM_0293556,N033_C0001985,33
RGM_0293558,N033_C0001985,33
RGM_0293567,N033_C0001985,33
RGM_0293551,N033_C0001985,33
RGM_0293554,N033_C0001985,33
RGM_0293566,N033_C0001985,33
RGM_0293589,N033_C0001985,33
RGM_0293575,N033_C0001985,33
RGM_0293581,N033_C0001985,33
RGM_0293585,N033_C0001985,33
RGM_0293592,N033_C0001985,33
RGM_0293578,N033_C0001985,33
RGM_0293584,N033_C0001985,33
RGM_0293580,N033_C0001985,33
RGM_0293582,N033_C0001985,33
RGM_0293593,N033_C0001985,33
RGM_0293596,N033_C0001985,33
RGM_0293595,N033_C0001985,33
RGM_0293598,N033_C0001985,33
RGM_0293599,N033_C0001985,33
RGM_0293610,N033_C0001986,33
RGM_0293611,N033_C0001986,33
RGM_0293612,N033_C0001986,33
RGM_0293614,N033_C0001986,33
RGM_0293616,N033_C0001986,33
RGM_0293624,N033_C0001986,33
RGM_0293617,N033_C0001986,33
RGM_0293621,N033_C0001986,33
RGM_0293623,N033_C0001986,33
RGM_0293627,N033_C0001986,33
RGM_0293634,N033_C0001987,33
RGM_0293642,N033_C0001988,33
RGM_0293644,N033_C0001988,33
RGM_0293645,N033_C0001988,33
RGM_0293648,N033_C0001988,33
RGM_0293658,N033_C0001989,33
RGM_0293659,N033_C0001989,33
RGM_0293670,N033_C0001989,33
RGM_0293656,N033_C0001989,33
RGM_0293662,N033_C0001989,33
RGM_0293663,N033_C0001989,33
RGM_0293668,N033_C0001989,33
RGM_0293665,N033_C0001989,33
RGM_0293666,N033_C0001989,33
RGM_0293677,N033_C0001990,33
RGM_0293686,N033_C0001990,33
RGM_0293692,N033_C0001990,33
RGM_0293694,N033_C0001990,33
RGM_0293681,N033_C0001990,33
RGM_0293708,N033_C0001991,33
RGM_0293709,N033_C0001991,33
RGM_0293712,N033_C0001991,33
RGM_0293746,N033_C0001992,33
RGM_0293750,N033_C0001992,33
RGM_0293753,N033_C0001992,33
RGM_0293758,N033_C0001992,33
RGM_0293760,N033_C0001992,33
RGM_0293761,N033_C0001992,33
RGM_0293762,N033_C0001992,33
RGM_0293747,N033_C0001992,33
RGM_0293759,N033_C0001992,33
RGM_0293763,N033_C0001992,33
RGM_0293765,N033_C0001992,33
RGM_0293764,N033_C0001992,33
RGM_0293794,N033_C0001993,33
RGM_0293796,N033_C0001993,33
RGM_0293798,N033_C0001993,33
RGM_0293797,N033_C0001993,33
RGM_0293838,N033_C0001994,33
RGM_0293837,N033_C0001994,33
RGM_0293850,N033_C0001995,33
RGM_0293851,N033_C0001995,33
RGM_0293852,N033_C0001995,33
RGM_0293854,N033_C0001995,33
RGM_0293903,N033_C0001996,33
RGM_0293910,N033_C0001996,33
RGM_0293911,N033_C0001996,33
RGM_0293915,N033_C0001996,33
RGM_0293912,N033_C0001996,33
RGM_0293917,N033_C0001996,33
RGM_0293918,N033_C0001996,33
RGM_0293995,N033_C0001997,33
RGM_0293996,N033_C0001997,33
RGM_0294001,N033_C0001997,33
RGM_0294002,N033_C0001997,33
RGM_0293997,N033_C0001997,33
RGM_0294003,N033_C0001997,33
RGM_0294049,N033_C0001998,33
RGM_0294052,N033_C0001998,33
RGM_0294053,N033_C0001998,33
RGM_0294058,N033_C0001998,33
RGM_0294056,N033_C0001998,33
RGM_0294061,N033_C0001998,33
RGM_0294062,N033_C0001998,33
RGM_0294063,N033_C0001998,33
RGM_0294128,N033_C0001999,33
RGM_0294125,N033_C0001999,33
RGM_0294130,N033_C0001999,33
RGM_0294153,N033_C0002000,33
RGM_0294161,N033_C0002000,33
RGM_0294156,N033_C0002000,33
RGM_0294157,N033_C0002000,33
RGM_0294159,N033_C0002000,33
RGM_0294162,N033_C0002000,33
RGM_0294182,N033_C0002001,33
RGM_0294184,N033_C0002001,33
RGM_0294305,N033_C0002002,33
RGM_0294309,N033_C0002002,33
RGM_0294311,N033_C0002002,33
RGM_0294303,N033_C0002002,33
RGM_0294306,N033_C0002002,33
RGM_0294307,N033_C0002002,33
RGM_0294353,N033_C0002003,33
RGM_0294373,N033_C0002004,33
RGM_0294374,N033_C0002004,33
RGM_0294385,N033_C0002004,33
RGM_0294382,N033_C0002004,33
RGM_0294386,N033_C0002004,33
RGM_0294387,N033_C0002004,33
RGM_0294393,N033_C0002005,33
RGM_0294414,N033_C0002005,33
RGM_0294406,N033_C0002005,33
RGM_0294460,N033_C0002006,33
RGM_0294483,N033_C0002007,33
RGM_0294476,N033_C0002007,33
RGM_0294475,N033_C0002007,33
RGM_0294477,N033_C0002007,33
RGM_0294480,N033_C0002007,33
RGM_0294481,N033_C0002007,33
RGM_0294482,N033_C0002007,33
RGM_0294484,N033_C0002007,33
RGM_0294526,N033_C0002008,33
RGM_0294527,N033_C0002008,33
RGM_0294518,N033_C0002008,33
RGM_0294516,N033_C0002008,33
RGM_0294519,N033_C0002008,33
RGM_0294521,N033_C0002008,33
RGM_0294523,N033_C0002008,33
RGM_0294525,N033_C0002008,33
RGM_0294528,N033_C0002008,33
RGM_0294538,N033_C0002009,33
RGM_0294618,N033_C0002010,33
RGM_0294611,N033_C0002010,33
RGM_0294613,N033_C0002010,33
RGM_0294621,N033_C0002010,33
RGM_0294629,N033_C0002011,33
RGM_0294631,N033_C0002011,33
RGM_0294633,N033_C0002011,33
RGM_0294639,N033_C0002011,33
RGM_0294652,N033_C0002011,33
RGM_0294640,N033_C0002011,33
RGM_0294704,N033_C0002012,33
RGM_0294707,N033_C0002012,33
RGM_0294822,N033_C0002013,33
RGM_0294820,N033_C0002013,33
RGM_0294831,N033_C0002014,33
RGM_0294973,N033_C0002015,33
RGM_0294979,N033_C0002015,33
RGM_0294980,N033_C0002015,33
RGM_0294976,N033_C0002015,33
RGM_0294977,N033_C0002015,33
RGM_0294992,N033_C0002016,33
RGM_0294993,N033_C0002016,33
RGM_0295290,N033_C0002017,33
RGM_0295295,N033_C0002017,33
RGM_0295296,N033_C0002017,33
RGM_0295300,N033_C0002017,33
RGM_0295306,N033_C0002017,33
RGM_0295307,N033_C0002017,33
RGM_0295325,N033_C0002018,33
RGM_0295326,N033_C0002018,33
RGM_0295327,N033_C0002018,33
RGM_0295324,N033_C0002018,33
RGM_0295330,N033_C0002018,33
RGM_0295331,N033_C0002018,33
RGM_0295359,N033_C0002019,33
RGM_0295379,N033_C0002019,33
RGM_0295377,N033_C0002019,33
RGM_0295360,N033_C0002019,33
RGM_0295364,N033_C0002019,33
RGM_0295371,N033_C0002019,33
RGM_0295374,N033_C0002019,33
RGM_0295375,N033_C0002019,33
RGM_0295367,N033_C0002019,33
RGM_0295373,N033_C0002019,33
RGM_0295404,N033_C0002019,33
RGM_0295405,N033_C0002019,33
RGM_0295407,N033_C0002019,33
RGM_0295408,N033_C0002019,33
RGM_0295409,N033_C0002019,33
RGM_0295419,N033_C0002020,33
RGM_0295577,N033_C0002021,33
RGM_0295578,N033_C0002021,33
RGM_0295589,N033_C0002021,33
RGM_0295583,N033_C0002021,33
RGM_0295585,N033_C0002021,33
RGM_0295586,N033_C0002021,33
RGM_0295580,N033_C0002021,33
RGM_0295581,N033_C0002021,33
RGM_0295582,N033_C0002021,33
RGM_0295622,N033_C0002022,33
RGM_0295625,N033_C0002022,33
RGM_0295620,N033_C0002022,33
RGM_0295619,N033_C0002022,33
RGM_0295623,N033_C0002022,33
RGM_0295621,N033_C0002022,33
RGM_0295627,N033_C0002022,33
RGM_0295662,N033_C0002023,33
RGM_0295734,N033_C0002024,33
RGM_0295728,N033_C0002024,33
RGM_0295730,N033_C0002024,33
RGM_0295733,N033_C0002024,33
RGM_0295732,N033_C0002024,33
RGM_0295731,N033_C0002024,33
RGM_0295738,N033_C0002024,33
RGM_0295749,N033_C0002024,33
RGM_0295752,N033_C0002024,33
RGM_0295753,N033_C0002024,33
RGM_0295750,N033_C0002024,33
RGM_0295757,N033_C0002024,33
RGM_0295756,N033_C0002024,33
RGM_0295758,N033_C0002024,33
RGM_0295798,N033_C0002025,33
RGM_0295789,N033_C0002025,33
RGM_0295797,N033_C0002025,33
RGM_0295823,N033_C0002026,33
RGM_0295898,N033_C0002027,33
RGM_0295899,N033_C0002027,33
RGM_0295933,N033_C0002028,33
RGM_0295928,N033_C0002028,33
RGM_0295930,N033_C0002028,33
RGM_0295932,N033_C0002028,33
RGM_0295965,N033_C0002029,33
RGM_0295967,N033_C0002029,33
RGM_0295966,N033_C0002029,33
RGM_0295996,N033_C0002030,33
RGM_0295997,N033_C0002030,33
RGM_0296003,N033_C0002030,33
RGM_0296005,N033_C0002030,33
RGM_0296007,N033_C0002030,33
RGM_0296008,N033_C0002030,33
RGM_0296001,N033_C0002030,33
RGM_0296136,N033_C0002031,33
RGM_0296142,N033_C0002031,33
RGM_0296207,N033_C0002032,33
RGM_0296347,N033_C0002033,33
RGM_0296351,N033_C0002033,33
RGM_0296346,N033_C0002033,33
RGM_0296350,N033_C0002033,33
RGM_0296339,N033_C0002033,33
RGM_0296343,N033_C0002033,33
RGM_0296384,N033_C0002034,33
RGM_0296392,N033_C0002034,33
RGM_0296391,N033_C0002034,33
RGM_0296394,N033_C0002034,33
RGM_0296398,N033_C0002034,33
RGM_0296395,N033_C0002034,33
RGM_0296399,N033_C0002034,33
RGM_0296407,N033_C0002034,33
RGM_0296460,N033_C0002035,33
RGM_0296434,N033_C0002035,33
RGM_0296435,N033_C0002035,33
RGM_0296437,N033_C0002035,33
RGM_0296492,N033_C0002036,33
RGM_0296495,N033_C0002036,33
RGM_0296605,N033_C0002037,33
RGM_0296608,N033_C0002037,33
RGM_0296649,N033_C0002038,33
RGM_0296656,N033_C0002038,33
RGM_0296657,N033_C0002038,33
RGM_0296654,N033_C0002038,33
RGM_0296658,N033_C0002038,33
RGM_0296659,N033_C0002038,33
RGM_0296663,N033_C0002038,33
RGM_0296661,N033_C0002038,33
RGM_0296662,N033_C0002038,33
RGM_0296664,N033_C0002038,33
RGM_0296665,N033_C0002038,33
RGM_0296677,N033_C0002039,33
RGM_0296681,N033_C0002039,33
RGM_0296678,N033_C0002039,33
RGM_0296680,N033_C0002039,33
RGM_0296683,N033_C0002039,33
RGM_0296687,N033_C0002039,33
RGM_0296719,N033_C0002040,33
RGM_0296722,N033_C0002040,33
RGM_0296759,N033_C0002041,33
RGM_0296760,N033_C0002041,33
RGM_0296757,N033_C0002041,33
RGM_0296764,N033_C0002041,33
RGM_0296762,N033_C0002041,33
RGM_0296796,N033_C0002042,33
RGM_0296798,N033_C0002042,33
RGM_0296806,N033_C0002042,33
RGM_0296972,N033_C0002043,33
RGM_0296987,N033_C0002044,33
RGM_0296992,N033_C0002045,33
RGM_0296994,N033_C0002045,33
RGM_0297003,N033_C0002045,33
RGM_0297002,N033_C0002045,33
RGM_0297114,N033_C0002046,33
RGM_0297121,N033_C0002046,33
RGM_0297122,N033_C0002046,33
RGM_0297129,N033_C0002046,33
RGM_0297132,N033_C0002047,33
RGM_0297133,N033_C0002047,33
RGM_0297137,N033_C0002047,33
RGM_0297138,N033_C0002047,33
RGM_0297160,N033_C0002048,33
RGM_0297159,N033_C0002048,33
RGM_0297168,N033_C0002048,33
RGM_0297174,N033_C0002048,33
RGM_0297172,N033_C0002048,33
RGM_0297175,N033_C0002048,33
RGM_0297173,N033_C0002048,33
RGM_0297255,N033_C0002049,33
RGM_0297295,N033_C0002050,33
RGM_0297303,N033_C0002051,33
RGM_0297306,N033_C0002051,33
RGM_0297308,N033_C0002051,33
RGM_0297322,N033_C0002052,33
RGM_0297319,N033_C0002052,33
RGM_0297320,N033_C0002052,33
RGM_0297373,N033_C0002053,33
RGM_0297486,N033_C0002054,33
RGM_0297500,N033_C0002055,33
RGM_0297507,N033_C0002055,33
RGM_0297508,N033_C0002055,33
RGM_0297502,N033_C0002055,33
RGM_0297503,N033_C0002055,33
RGM_0297504,N033_C0002055,33
RGM_0297512,N033_C0002055,33
RGM_0297513,N033_C0002055,33
RGM_0297630,N033_C0002056,33
RGM_0297627,N033_C0002056,33
RGM_0297649,N033_C0002057,33
RGM_0297758,N033_C0002058,33
RGM_0297821,N033_C0002059,33
RGM_0297846,N033_C0002060,33
RGM_0297887,N033_C0002061,33
RGM_0298060,N033_C0002062,33
RGM_0298049,N033_C0002062,33
RGM_0298051,N033_C0002062,33
RGM_0298063,N033_C0002062,33
RGM_0298262,N033_C0002063,33
RGM_0298256,N033_C0002063,33
RGM_0298265,N033_C0002063,33
RGM_0298294,N033_C0002064,33
RGM_0298309,N033_C0002065,33
RGM_0298327,N033_C0002066,33
RGM_0298326,N033_C0002066,33
RGM_0298385,N033_C0002067,33
RGM_0298403,N033_C0002068,33
RGM_0298671,N033_C0002069,33
RGM_0298680,N033_C0002069,33
RGM_0298997,N033_C0002070,33
RGM_0299034,N033_C0002071,33
RGM_0299038,N033_C0002071,33
RGM_0299058,N033_C0002071,33
RGM_0299032,N033_C0002071,33
RGM_0299043,N033_C0002071,33
RGM_0299052,N033_C0002071,33
RGM_0299165,N033_C0002072,33
RGM_0299171,N033_C0002072,33
RGM_0299185,N033_C0002072,33
RGM_0299186,N033_C0002072,33
RGM_0299178,N033_C0002072,33
RGM_0299181,N033_C0002072,33
RGM_0299183,N033_C0002072,33
RGM_0299194,N033_C0002073,33
RGM_0299197,N033_C0002073,33
RGM_0299235,N033_C0002074,33
RGM_0299311,N033_C0002075,33
RGM_0299303,N033_C0002075,33
RGM_0299309,N033_C0002075,33
RGM_0299314,N033_C0002075,33
RGM_0299354,N033_C0002076,33
RGM_0299360,N033_C0002076,33
RGM_0299362,N033_C0002076,33
RGM_0299356,N033_C0002076,33
RGM_0299358,N033_C0002076,33
RGM_0299351,N033_C0002076,33
RGM_0299366,N033_C0002076,33
RGM_0299409,N033_C0002077,33
RGM_0299391,N033_C0002077,33
RGM_0299397,N033_C0002077,33
RGM_0299434,N033_C0002078,33
RGM_0299447,N033_C0002078,33
RGM_0299484,N033_C0002079,33
RGM_0299475,N033_C0002079,33
RGM_0299471,N033_C0002079,33
RGM_0299480,N033_C0002079,33
RGM_0299482,N033_C0002079,33
RGM_0299487,N033_C0002079,33
RGM_0299517,N033_C0002080,33
RGM_0299528,N033_C0002080,33
RGM_0299537,N033_C0002081,33
RGM_0299541,N033_C0002081,33
RGM_0299546,N033_C0002081,33
RGM_0299576,N033_C0002082,33
RGM_0299575,N033_C0002082,33
RGM_0299603,N033_C0002083,33
RGM_0299602,N033_C0002083,33
RGM_0299608,N033_C0002083,33
RGM_0299609,N033_C0002083,33
RGM_0299610,N033_C0002083,33
RGM_0299606,N033_C0002083,33
RGM_0299655,N033_C0002084,33
RGM_0299668,N033_C0002085,33
RGM_0299674,N033_C0002085,33
RGM_0299671,N033_C0002085,33
RGM_0299782,N033_C0002086,33
RGM_0299789,N033_C0002086,33
RGM_0299787,N033_C0002086,33
RGM_0299841,N033_C0002087,33
RGM_0299848,N033_C0002088,33
RGM_0299887,N033_C0002089,33
RGM_0299888,N033_C0002089,33
RGM_0299864,N033_C0002089,33
RGM_0299893,N033_C0002089,33
RGM_0299865,N033_C0002089,33
RGM_0299868,N033_C0002089,33
RGM_0299869,N033_C0002089,33
RGM_0299870,N033_C0002089,33
RGM_0299875,N033_C0002089,33
RGM_0299879,N033_C0002089,33
RGM_0299880,N033_C0002089,33
RGM_0299954,N033_C0002090,33
RGM_0299956,N033_C0002090,33
RGM_0300055,N033_C0002091,33
RGM_0300056,N033_C0002091,33
RGM_0300057,N033_C0002091,33
RGM_0300059,N033_C0002091,33
RGM_0300064,N033_C0002091,33
RGM_0300118,N033_C0002092,33
RGM_0300119,N033_C0002093,33
RGM_0300123,N033_C0002094,33
RGM_0300175,N033_C0002095,33
RGM_0300178,N033_C0002095,33
RGM_0300179,N033_C0002095,33
RGM_0300197,N033_C0002096,33
RGM_0300200,N033_C0002096,33
RGM_0300207,N033_C0002097,33
RGM_0300413,N033_C0002098,33
RGM_0300415,N033_C0002098,33
RGM_0300420,N033_C0002098,33
RGM_0300469,N033_C0002099,33
RGM_0300555,N033_C0002100,33
RGM_0300557,N033_C0002100,33
RGM_0300595,N033_C0002101,33
RGM_0300608,N033_C0002102,33
RGM_0300625,N033_C0002102,33
RGM_0300607,N033_C0002102,33
RGM_0300610,N033_C0002102,33
RGM_0300613,N033_C0002102,33
RGM_0300616,N033_C0002102,33
RGM_0300619,N033_C0002102,33
RGM_0300618,N033_C0002102,33
RGM_0300627,N033_C0002102,33
RGM_0300621,N033_C0002102,33
RGM_0300622,N033_C0002102,33
RGM_0300767,N033_C0002103,33
RGM_0300757,N033_C0002103,33
RGM_0300758,N033_C0002103,33
RGM_0300770,N033_C0002103,33
RGM_0300771,N033_C0002103,33
RGM_0300831,N033_C0002104,33
RGM_0301157,N033_C0002105,33
RGM_0301162,N033_C0002105,33
RGM_0301164,N033_C0002105,33
RGM_0301167,N033_C0002105,33
RGM_0301169,N033_C0002105,33
RGM_0301166,N033_C0002105,33
RGM_0301173,N033_C0002105,33
RGM_0301171,N033_C0002105,33
RGM_0301237,N033_C0002106,33
RGM_0301232,N033_C0002106,33
RGM_0301284,N033_C0002107,33
RGM_0301331,N033_C0002108,33
RGM_0301323,N033_C0002108,33
RGM_0301327,N033_C0002108,33
RGM_0301329,N033_C0002108,33
RGM_0301325,N033_C0002108,33
RGM_0301384,N033_C0002109,33
RGM_0301373,N033_C0002109,33
RGM_0301378,N033_C0002109,33
RGM_0301380,N033_C0002109,33
RGM_0301382,N033_C0002109,33
RGM_0301383,N033_C0002109,33
RGM_0301374,N033_C0002109,33
RGM_0301381,N033_C0002109,33
RGM_0301425,N033_C0002110,33
RGM_0301458,N033_C0002111,33
RGM_0301459,N033_C0002111,33
RGM_0301463,N033_C0002111,33
RGM_0301464,N033_C0002111,33
RGM_0301465,N033_C0002111,33
RGM_0301513,N033_C0002112,33
RGM_0301668,N033_C0002113,33
RGM_0301681,N033_C0002113,33
RGM_0301669,N033_C0002113,33
RGM_0301671,N033_C0002113,33
RGM_0301739,N033_C0002114,33
RGM_0301738,N033_C0002114,33
RGM_0301740,N033_C0002114,33
RGM_0301737,N033_C0002114,33
RGM_0301741,N033_C0002114,33
RGM_0301742,N033_C0002114,33
RGM_0301744,N033_C0002114,33
RGM_0301795,N033_C0002115,33
RGM_0301816,N033_C0002115,33
RGM_0301800,N033_C0002115,33
RGM_0301809,N033_C0002115,33
RGM_0301812,N033_C0002115,33
RGM_0301825,N033_C0002116,33
RGM_0301826,N033_C0002116,33
RGM_0301828,N033_C0002116,33
RGM_0301863,N033_C0002117,33
RGM_0301866,N033_C0002117,33
RGM_0301880,N033_C0002118,33
RGM_0301977,N033_C0002119,33
RGM_0301978,N033_C0002119,33
RGM_0301983,N033_C0002119,33
RGM_0301985,N033_C0002119,33
RGM_0301987,N033_C0002119,33
RGM_0302201,N033_C0002120,33
RGM_0302997,N033_C0002121,33
RGM_0302993,N033_C0002121,33
RGM_0303171,N033_C0002122,33
RGM_0303181,N033_C0002122,33
RGM_0303176,N033_C0002122,33
RGM_0303180,N033_C0002122,33
RGM_0303190,N033_C0002122,33
RGM_0303188,N033_C0002122,33
RGM_0303231,N033_C0002123,33
RGM_0303232,N033_C0002123,33
RGM_0303228,N033_C0002123,33
RGM_0303239,N033_C0002123,33
RGM_0303242,N033_C0002123,33
RGM_0303271,N033_C0002124,33
RGM_0303272,N033_C0002124,33
RGM_0303274,N033_C0002124,33
RGM_0303287,N033_C0002125,33
RGM_0303289,N033_C0002125,33
RGM_0303326,N033_C0002126,33
RGM_0303406,N033_C0002127,33
RGM_0303606,N033_C0002128,33
RGM_0303675,N033_C0002129,33
RGM_0303846,N033_C0002130,33
RGM_0303854,N033_C0002130,33
RGM_0303916,N033_C0002131,33
RGM_0303919,N033_C0002131,33
RGM_0303921,N033_C0002131,33
RGM_0303918,N033_C0002131,33
RGM_0303941,N033_C0002132,33
RGM_0303992,N033_C0002133,33
RGM_0303995,N033_C0002133,33
RGM_0303998,N033_C0002133,33
RGM_0304003,N033_C0002133,33
RGM_0304255,N033_C0002134,33
RGM_0304257,N033_C0002134,33
RGM_0304261,N033_C0002134,33
RGM_0304265,N033_C0002134,33
RGM_0304266,N033_C0002134,33
RGM_0304273,N033_C0002134,33
RGM_0304311,N033_C0002135,33
RGM_0304434,N033_C0002136,33
RGM_0304446,N033_C0002136,33
RGM_0304589,N033_C0002137,33
RGM_0304586,N033_C0002137,33
RGM_0304978,N033_C0002138,33
RGM_0304983,N033_C0002138,33
RGM_0304987,N033_C0002138,33
RGM_0305148,N033_C0002139,33
RGM_0305154,N033_C0002139,33
RGM_0305374,N033_C0002140,33
RGM_0305383,N033_C0002140,33
RGM_0305381,N033_C0002140,33
RGM_0305380,N033_C0002140,33
RGM_0305385,N033_C0002140,33
RGM_0305387,N033_C0002140,33
RGM_0305502,N033_C0002141,33
RGM_0305505,N033_C0002141,33
RGM_0305515,N033_C0002141,33
RGM_0305648,N033_C0002142,33
RGM_0305649,N033_C0002142,33
RGM_0305651,N033_C0002142,33
RGM_0305653,N033_C0002142,33
RGM_0305694,N033_C0002143,33
RGM_0305695,N033_C0002143,33
RGM_0305698,N033_C0002143,33
RGM_0305699,N033_C0002143,33
RGM_0305898,N033_C0002144,33
RGM_0305949,N033_C0002145,33
RGM_0305955,N033_C0002145,33
RGM_0305951,N033_C0002145,33
RGM_0305952,N033_C0002145,33
RGM_0305994,N033_C0002146,33
RGM_0305995,N033_C0002146,33
RGM_0305997,N033_C0002146,33
RGM_0305996,N033_C0002146,33
RGM_0306113,N033_C0002147,33
RGM_0306114,N033_C0002147,33
RGM_0306119,N033_C0002147,33
RGM_0306131,N033_C0002148,33
RGM_0306148,N033_C0002149,33
RGM_0306143,N033_C0002149,33
RGM_0306147,N033_C0002149,33
RGM_0306149,N033_C0002149,33
RGM_0306150,N033_C0002149,33
RGM_0306165,N033_C0002149,33
RGM_0306140,N033_C0002149,33
RGM_0306141,N033_C0002149,33
RGM_0306144,N033_C0002149,33
RGM_0306145,N033_C0002149,33
RGM_0306146,N033_C0002149,33
RGM_0306161,N033_C0002149,33
RGM_0306154,N033_C0002149,33
RGM_0306162,N033_C0002149,33
RGM_0306152,N033_C0002149,33
RGM_0306157,N033_C0002149,33
RGM_0306160,N033_C0002149,33
RGM_0306163,N033_C0002149,33
RGM_0306178,N033_C0002150,33
RGM_0306204,N033_C0002151,33
RGM_0306273,N033_C0002152,33
RGM_0306284,N033_C0002152,33
RGM_0306274,N033_C0002152,33
RGM_0306275,N033_C0002152,33
RGM_0306278,N033_C0002152,33
RGM_0306283,N033_C0002152,33
RGM_0306281,N033_C0002152,33
RGM_0306282,N033_C0002152,33
RGM_0306288,N033_C0002152,33
RGM_0306289,N033_C0002152,33
RGM_0306291,N033_C0002152,33
RGM_0306296,N033_C0002152,33
RGM_0306297,N033_C0002152,33
RGM_0306293,N033_C0002152,33
RGM_0306295,N033_C0002152,33
RGM_0306306,N033_C0002153,33
RGM_0306307,N033_C0002153,33
RGM_0306308,N033_C0002153,33
RGM_0306314,N033_C0002154,33
RGM_0306315,N033_C0002154,33
RGM_0306316,N033_C0002154,33
RGM_0306319,N033_C0002154,33
RGM_0306317,N033_C0002154,33
RGM_0306318,N033_C0002154,33
RGM_0306321,N033_C0002154,33
RGM_0306381,N033_C0002155,33
RGM_0306380,N033_C0002155,33
RGM_0306373,N033_C0002155,33
RGM_0306375,N033_C0002155,33
RGM_0306388,N033_C0002155,33
RGM_0306386,N033_C0002155,33
RGM_0306437,N033_C0002156,33
RGM_0306433,N033_C0002156,33
RGM_0306429,N033_C0002156,33
RGM_0306443,N033_C0002156,33
RGM_0306444,N033_C0002156,33
RGM_0306449,N033_C0002156,33
RGM_0306451,N033_C0002156,33
RGM_0306453,N033_C0002156,33
RGM_0306454,N033_C0002156,33
RGM_0039990,N034_C0002157,34
RGM_0040220,N034_C0002158,34
RGM_0041923,N034_C0002159,34
RGM_0041956,N034_C0002159,34
RGM_0095425,N034_C0002160,34
RGM_0095432,N034_C0002160,34
RGM_0101733,N034_C0002161,34
RGM_0104423,N034_C0002162,34
RGM_0104453,N034_C0002163,34
RGM_0113075,N034_C0002164,34
RGM_0154455,N034_C0002165,34
RGM_0154952,N034_C0002166,34
RGM_0154958,N034_C0002166,34
RGM_0154992,N034_C0002167,34
RGM_0038973,N035_C0002168,35
RGM_0039992,N035_C0002169,35
RGM_0095247,N035_C0002170,35
RGM_0095431,N035_C0002171,35
RGM_0096785,N035_C0002172,35
RGM_0097119,N035_C0002173,35
RGM_0101736,N035_C0002174,35
RGM_0104414,N035_C0002175,35
RGM_0106395,N035_C0002176,35
RGM_0113133,N035_C0002177,35
RGM_0113073,N035_C0002177,35
RGM_0039994,N036_C0002178,36
RGM_0040130,N036_C0002179,36
RGM_0041921,N036_C0002180,36
RGM_0044457,N036_C0002181,36
RGM_0044463,N036_C0002181,36
RGM_0082059,N036_C0002182,36
RGM_0082115,N036_C0002182,36
RGM_0095427,N036_C0002183,36
RGM_0096787,N036_C0002184,36
RGM_0104425,N036_C0002185,36
RGM_0104467,N036_C0002186,36
RGM_0104446,N036_C0002186,36
RGM_0106393,N036_C0002187,36
RGM_0113055,N036_C0002188,36
RGM_0154966,N036_C0002189,36
RGM_0165428,N036_C0002190,36
RGM_0166316,N036_C0002191,36
RGM_0038988,N037_C0002192,37
RGM_0044465,N037_C0002193,37
RGM_0082124,N037_C0002194,37
RGM_0086948,N037_C0002195,37
RGM_0095428,N037_C0002196,37
RGM_0101732,N037_C0002197,37
RGM_0104421,N037_C0002198,37
RGM_0104448,N037_C0002199,37
RGM_0106389,N037_C0002200,37
RGM_0113058,N037_C0002201,37
RGM_0113070,N037_C0002201,37
RGM_0113050,N037_C0002201,37
RGM_0166310,N037_C0002202,37
RGM_0167661,N037_C0002203,37
RGM_0167696,N037_C0002203,37
RGM_0042050,N038_C0002204,38
RGM_0095253,N038_C0002205,38
RGM_0104419,N038_C0002206,38
RGM_0104459,N038_C0002207,38
RGM_0113053,N038_C0002208,38
RGM_0113071,N038_C0002208,38
RGM_0113047,N038_C0002208,38
RGM_0166309,N038_C0002209,38
RGM_0167662,N038_C0002210,38
RGM_0167699,N038_C0002210,38
RGM_0044200,N039_C0002211,39
RGM_0044458,N039_C0002212,39
RGM_0095423,N039_C0002213,39
RGM_0097248,N039_C0002214,39
RGM_0104447,N039_C0002215,39
RGM_0154938,N039_C0002216,39
RGM_0154939,N039_C0002216,39
RGM_0154950,N039_C0002217,39
RGM_0154953,N039_C0002217,39
RGM_0154956,N039_C0002217,39
RGM_0154994,N039_C0002218,39
RGM_0166312,N039_C0002219,39
RGM_0166294,N039_C0002219,39
RGM_0041587,N040_C0002220,40
RGM_0041395,N040_C0002220,40
RGM_0041364,N040_C0002220,40
RGM_0041542,N040_C0002220,40
RGM_0041565,N040_C0002220,40
RGM_0041582,N040_C0002220,40
RGM_0041624,N040_C0002220,40
RGM_0041610,N040_C0002220,40
RGM_0041613,N040_C0002220,40
RGM_0041918,N040_C0002221,40
RGM_0042049,N040_C0002221,40
RGM_0042075,N040_C0002221,40
RGM_0044198,N040_C0002222,40
RGM_0062561,N040_C0002223,40
RGM_0097250,N040_C0002224,40
RGM_0104451,N040_C0002225,40
RGM_0124450,N040_C0002226,40
RGM_0166299,N040_C0002227,40
RGM_0041376,N041_C0002228,41
RGM_0041366,N041_C0002228,41
RGM_0041598,N041_C0002229,41
RGM_0044355,N041_C0002230,41
RGM_0044466,N041_C0002231,41
RGM_0056685,N041_C0002232,41
RGM_0062556,N041_C0002233,41
RGM_0166300,N041_C0002234,41
RGM_0041538,N042_C0002235,42
RGM_0041599,N042_C0002236,42
RGM_0062555,N042_C0002237,42
RGM_0043711,N043_C0002238,43
RGM_0052916,N043_C0002239,43
RGM_0071972,N043_C0002240,43
RGM_0104466,N043_C0002241,43
RGM_0104449,N043_C0002241,43
RGM_0042630,N044_C0002242,44
RGM_0042629,N044_C0002242,44
RGM_0043696,N044_C0002243,44
RGM_0043702,N044_C0002243,44
RGM_0043710,N044_C0002244,44
RGM_0052581,N044_C0002245,44
RGM_0052705,N044_C0002246,44
RGM_0052734,N044_C0002247,44
RGM_0053381,N044_C0002248,44
RGM_0053673,N044_C0002249,44
RGM_0055075,N044_C0002250,44
RGM_0055971,N044_C0002251,44
RGM_0056688,N044_C0002252,44
RGM_0059088,N044_C0002253,44
RGM_0059085,N044_C0002253,44
RGM_0059569,N044_C0002254,44
RGM_0059975,N044_C0002255,44
RGM_0060834,N044_C0002256,44
RGM_0061016,N044_C0002257,44
RGM_0061058,N044_C0002258,44
RGM_0062554,N044_C0002259,44
RGM_0072015,N044_C0002260,44
RGM_0104407,N044_C0002261,44
RGM_0040877,N045_C0002262,45
RGM_0041417,N045_C0002263,45
RGM_0041588,N045_C0002263,45
RGM_0041380,N045_C0002263,45
RGM_0041388,N045_C0002263,45
RGM_0041389,N045_C0002263,45
RGM_0041393,N045_C0002263,45
RGM_0041353,N045_C0002263,45
RGM_0041368,N045_C0002263,45
RGM_0041548,N045_C0002263,45
RGM_0041561,N045_C0002263,45
RGM_0041573,N045_C0002263,45
RGM_0041581,N045_C0002263,45
RGM_0041591,N045_C0002263,45
RGM_0041594,N045_C0002263,45
RGM_0041622,N045_C0002263,45
RGM_0041617,N045_C0002263,45
RGM_0041640,N045_C0002263,45
RGM_0041636,N045_C0002263,45
RGM_0041917,N045_C0002264,45
RGM_0041929,N045_C0002264,45
RGM_0042060,N045_C0002264,45
RGM_0042073,N045_C0002264,45
RGM_0044205,N045_C0002265,45
RGM_0044356,N045_C0002266,45
RGM_0044852,N045_C0002267,45
RGM_0044854,N045_C0002267,45
RGM_0052905,N045_C0002268,45
RGM_0052911,N045_C0002269,45
RGM_0052914,N045_C0002269,45
RGM_0052917,N045_C0002269,45
RGM_0052957,N045_C0002270,45
RGM_0052963,N045_C0002270,45
RGM_0068382,N045_C0002271,45
RGM_0068383,N045_C0002271,45
RGM_0068389,N045_C0002272,45
RGM_0068401,N045_C0002272,45
RGM_0068403,N045_C0002272,45
RGM_0068405,N045_C0002272,45
RGM_0095717,N045_C0002273,45
RGM_0095715,N045_C0002273,45
RGM_0095738,N045_C0002274,45
RGM_0097118,N045_C0002275,45
RGM_0097120,N045_C0002275,45
RGM_0097107,N045_C0002275,45
RGM_0097252,N045_C0002275,45
RGM_0097106,N045_C0002275,45
RGM_0097108,N045_C0002275,45
RGM_0097105,N045_C0002275,45
RGM_0097245,N045_C0002275,45
RGM_0104547,N045_C0002276,45
RGM_0104548,N045_C0002276,45
RGM_0104550,N045_C0002276,45
RGM_0104404,N045_C0002276,45
RGM_0104415,N045_C0002276,45
RGM_0104418,N045_C0002276,45
RGM_0104422,N045_C0002276,45
RGM_0104462,N045_C0002276,45
RGM_0104456,N045_C0002276,45
RGM_0104457,N045_C0002276,45
RGM_0104463,N045_C0002276,45
RGM_0104488,N045_C0002276,45
RGM_0104510,N045_C0002276,45
RGM_0106388,N045_C0002277,45
RGM_0106390,N045_C0002277,45
RGM_0106392,N045_C0002277,45
RGM_0106394,N045_C0002277,45
RGM_0107320,N045_C0002278,45
RGM_0108105,N045_C0002279,45
RGM_0113044,N045_C0002280,45
RGM_0113048,N045_C0002280,45
RGM_0113052,N045_C0002280,45
RGM_0154304,N045_C0002281,45
RGM_0154431,N045_C0002282,45
RGM_0321339,N045_C0002283,45
RGM_0321366,N045_C0002284,45
RGM_0001451,N046_C0002285,46
RGM_0002902,N046_C0002286,46
RGM_0016053,N046_C0002287,46
RGM_0017399,N046_C0002288,46
RGM_0041539,N046_C0002289,46
RGM_0041570,N046_C0002289,46
RGM_0041576,N046_C0002289,46
RGM_0108263,N046_C0002290,46
RGM_0108484,N046_C0002291,46
RGM_0108655,N046_C0002292,46
RGM_0108817,N046_C0002293,46
RGM_0108834,N046_C0002293,46
RGM_0108840,N046_C0002293,46
RGM_0108849,N046_C0002293,46
RGM_0109000,N046_C0002294,46
RGM_0109082,N046_C0002295,46
RGM_0118528,N046_C0002296,46
RGM_0118503,N046_C0002296,46
RGM_0118522,N046_C0002296,46
RGM_0127799,N046_C0002297,46
RGM_0128925,N046_C0002298,46
RGM_0129334,N046_C0002299,46
RGM_0129336,N046_C0002299,46
RGM_0129340,N046_C0002299,46
RGM_0016056,N047_C0002300,47
RGM_0017391,N047_C0002301,47
RGM_0017850,N047_C0002302,47
RGM_0017859,N047_C0002302,47
RGM_0041362,N047_C0002303,47
RGM_0041531,N047_C0002304,47
RGM_0041541,N047_C0002304,47
RGM_0041569,N047_C0002304,47
RGM_0041580,N047_C0002304,47
RGM_0041618,N047_C0002305,47
RGM_0041603,N047_C0002305,47
RGM_0041630,N047_C0002305,47
RGM_0095719,N047_C0002306,47
RGM_0108812,N047_C0002307,47
RGM_0109094,N047_C0002308,47
RGM_0118382,N047_C0002309,47
RGM_0118497,N047_C0002310,47
RGM_0118504,N047_C0002310,47
RGM_0118506,N047_C0002310,47
RGM_0118951,N047_C0002311,47
RGM_0125686,N047_C0002312,47
RGM_0125707,N047_C0002312,47
RGM_0128505,N047_C0002313,47
RGM_0001453,N048_C0002314,48
RGM_0017387,N048_C0002315,48
RGM_0041543,N048_C0002316,48
RGM_0041620,N048_C0002317,48
RGM_0041916,N048_C0002318,48
RGM_0042079,N048_C0002318,48
RGM_0118367,N048_C0002319,48
RGM_0118369,N048_C0002319,48
RGM_0125694,N048_C0002320,48
RGM_0125682,N048_C0002320,48
RGM_0125701,N048_C0002320,48
RGM_0000992,N049_C0002321,49
RGM_0001449,N049_C0002322,49
RGM_0041300,N049_C0002323,49
RGM_0041384,N049_C0002323,49
RGM_0041536,N049_C0002323,49
RGM_0041564,N049_C0002323,49
RGM_0041574,N049_C0002323,49
RGM_0041619,N049_C0002324,49
RGM_0041639,N049_C0002325,49
RGM_0095699,N049_C0002326,49
RGM_0095725,N049_C0002326,49
RGM_0118378,N049_C0002327,49
RGM_0125698,N049_C0002328,49
RGM_0000982,N050_C0002329,50
RGM_0039989,N050_C0002330,50
RGM_0041402,N050_C0002331,50
RGM_0041373,N050_C0002331,50
RGM_0041352,N050_C0002331,50
RGM_0041545,N050_C0002331,50
RGM_0041557,N050_C0002331,50
RGM_0041606,N050_C0002332,50
RGM_0041615,N050_C0002332,50
RGM_0041635,N050_C0002333,50
RGM_0041642,N050_C0002333,50
RGM_0042074,N050_C0002334,50
RGM_0066822,N050_C0002335,50
RGM_0068344,N050_C0002336,50
RGM_0072541,N050_C0002337,50
RGM_0079346,N050_C0002338,50
RGM_0080073,N050_C0002339,50
RGM_0080022,N050_C0002339,50
RGM_0080033,N050_C0002339,50
RGM_0089441,N050_C0002340,50
RGM_0089445,N050_C0002340,50
RGM_0089424,N050_C0002340,50
RGM_0089443,N050_C0002340,50
RGM_0090656,N050_C0002341,50
RGM_0095687,N050_C0002342,50
RGM_0095718,N050_C0002343,50
RGM_0095705,N050_C0002343,50
RGM_0095733,N050_C0002343,50
RGM_0097109,N050_C0002344,50
RGM_0097418,N050_C0002345,50
RGM_0111001,N050_C0002346,50
RGM_0125687,N050_C0002347,50
RGM_0000588,N051_C0002348,51
RGM_0000980,N051_C0002349,51
RGM_0000986,N051_C0002349,51
RGM_0000981,N051_C0002349,51
RGM_0000990,N051_C0002349,51
RGM_0000983,N051_C0002349,51
RGM_0000984,N051_C0002349,51
RGM_0000985,N051_C0002349,51
RGM_0000987,N051_C0002349,51
RGM_0000988,N051_C0002349,51
RGM_0000989,N051_C0002349,51
RGM_0000999,N051_C0002349,51
RGM_0001013,N051_C0002349,51
RGM_0001002,N051_C0002349,51
RGM_0001004,N051_C0002349,51
RGM_0001006,N051_C0002349,51
RGM_0001008,N051_C0002349,51
RGM_0001016,N051_C0002349,51
RGM_0001211,N051_C0002350,51
RGM_0001215,N051_C0002350,51
RGM_0001219,N051_C0002350,51
RGM_0001217,N051_C0002350,51
RGM_0001228,N051_C0002350,51
RGM_0001229,N051_C0002350,51
RGM_0001230,N051_C0002350,51
RGM_0001232,N051_C0002350,51
RGM_0001231,N051_C0002350,51
RGM_0001446,N051_C0002351,51
RGM_0001459,N051_C0002351,51
RGM_0001447,N051_C0002351,51
RGM_0001448,N051_C0002351,51
RGM_0001457,N051_C0002351,51
RGM_0001465,N051_C0002351,51
RGM_0001450,N051_C0002351,51
RGM_0001455,N051_C0002351,51
RGM_0001460,N051_C0002351,51
RGM_0001462,N051_C0002351,51
RGM_0001463,N051_C0002351,51
RGM_0001466,N051_C0002351,51
RGM_0001464,N051_C0002351,51
RGM_0001653,N051_C0002352,51
RGM_0001659,N051_C0002352,51
RGM_0001658,N051_C0002352,51
RGM_0001770,N051_C0002352,51
RGM_0001724,N051_C0002352,51
RGM_0001738,N051_C0002352,51
RGM_0001752,N051_C0002352,51
RGM_0001754,N051_C0002352,51
RGM_0001807,N051_C0002352,51
RGM_0001808,N051_C0002352,51
RGM_0001824,N051_C0002352,51
RGM_0001830,N051_C0002352,51
RGM_0001837,N051_C0002352,51
RGM_0001840,N051_C0002352,51
RGM_0001841,N051_C0002352,51
RGM_0002513,N051_C0002353,51
RGM_0002508,N051_C0002353,51
RGM_0002503,N051_C0002353,51
RGM_0002505,N051_C0002353,51
RGM_0002516,N051_C0002353,51
RGM_0002533,N051_C0002353,51
RGM_0002537,N051_C0002353,51
RGM_0002581,N051_C0002353,51
RGM_0002526,N051_C0002353,51
RGM_0002536,N051_C0002353,51
RGM_0002532,N051_C0002353,51
RGM_0002540,N051_C0002353,51
RGM_0002549,N051_C0002353,51
RGM_0002547,N051_C0002353,51
RGM_0002578,N051_C0002353,51
RGM_0002598,N051_C0002353,51
RGM_0002601,N051_C0002353,51
RGM_0002604,N051_C0002353,51
RGM_0002605,N051_C0002353,51
RGM_0002658,N051_C0002353,51
RGM_0002837,N051_C0002354,51
RGM_0002840,N051_C0002354,51
RGM_0002839,N051_C0002354,51
RGM_0002843,N051_C0002354,51
RGM_0002887,N051_C0002355,51
RGM_0002889,N051_C0002355,51
RGM_0002892,N051_C0002355,51
RGM_0002894,N051_C0002355,51
RGM_0002849,N051_C0002355,51
RGM_0002915,N051_C0002355,51
RGM_0002888,N051_C0002355,51
RGM_0002903,N051_C0002355,51
RGM_0002905,N051_C0002355,51
RGM_0002865,N051_C0002355,51
RGM_0002867,N051_C0002355,51
RGM_0002868,N051_C0002355,51
RGM_0002869,N051_C0002355,51
RGM_0002884,N051_C0002355,51
RGM_0002871,N051_C0002355,51
RGM_0002873,N051_C0002355,51
RGM_0002875,N051_C0002355,51
RGM_0002882,N051_C0002355,51
RGM_0002885,N051_C0002355,51
RGM_0002886,N051_C0002355,51
RGM_0002893,N051_C0002355,51
RGM_0002895,N051_C0002355,51
RGM_0002898,N051_C0002355,51
RGM_0002897,N051_C0002355,51
RGM_0002899,N051_C0002355,51
RGM_0002900,N051_C0002355,51
RGM_0002904,N051_C0002355,51
RGM_0002906,N051_C0002355,51
RGM_0002908,N051_C0002355,51
RGM_0002910,N051_C0002355,51
RGM_0002911,N051_C0002355,51
RGM_0002914,N051_C0002355,51
RGM_0002917,N051_C0002355,51
RGM_0002916,N051_C0002355,51
RGM_0002923,N051_C0002355,51
RGM_0002919,N051_C0002355,51
RGM_0002920,N051_C0002355,51
RGM_0002921,N051_C0002355,51
RGM_0002922,N051_C0002355,51
RGM_0002926,N051_C0002355,51
RGM_0002928,N051_C0002355,51
RGM_0002939,N051_C0002355,51
RGM_0002949,N051_C0002355,51
RGM_0002933,N051_C0002355,51
RGM_0002927,N051_C0002355,51
RGM_0002925,N051_C0002355,51
RGM_0002931,N051_C0002355,51
RGM_0002935,N051_C0002355,51
RGM_0002943,N051_C0002355,51
RGM_0002947,N051_C0002355,51
RGM_0002941,N051_C0002355,51
RGM_0002945,N051_C0002355,51
RGM_0002946,N051_C0002355,51
RGM_0002980,N051_C0002355,51
RGM_0002957,N051_C0002355,51
RGM_0002959,N051_C0002355,51
RGM_0002960,N051_C0002355,51
RGM_0002967,N051_C0002355,51
RGM_0002970,N051_C0002355,51
RGM_0002971,N051_C0002355,51
RGM_0002963,N051_C0002355,51
RGM_0002965,N051_C0002355,51
RGM_0002973,N051_C0002355,51
RGM_0002976,N051_C0002355,51
RGM_0002979,N051_C0002355,51
RGM_0003061,N051_C0002355,51
RGM_0003062,N051_C0002355,51
RGM_0002989,N051_C0002355,51
RGM_0002993,N051_C0002355,51
RGM_0002991,N051_C0002355,51
RGM_0002996,N051_C0002355,51
RGM_0016054,N051_C0002356,51
RGM_0016060,N051_C0002356,51
RGM_0016063,N051_C0002356,51
RGM_0016064,N051_C0002356,51
RGM_0016066,N051_C0002356,51
RGM_0016074,N051_C0002356,51
RGM_0016077,N051_C0002356,51
RGM_0016085,N051_C0002356,51
RGM_0016076,N051_C0002356,51
RGM_0016079,N051_C0002356,51
RGM_0016080,N051_C0002356,51
RGM_0016088,N051_C0002356,51
RGM_0016854,N051_C0002357,51
RGM_0016938,N051_C0002358,51
RGM_0016939,N051_C0002358,51
RGM_0016948,N051_C0002358,51
RGM_0016940,N051_C0002358,51
RGM_0016943,N051_C0002358,51
RGM_0016941,N051_C0002358,51
RGM_0016945,N051_C0002358,51
RGM_0017064,N051_C0002359,51
RGM_0017054,N051_C0002359,51
RGM_0017059,N051_C0002359,51
RGM_0017060,N051_C0002359,51
RGM_0017066,N051_C0002359,51
RGM_0017071,N051_C0002359,51
RGM_0017314,N051_C0002360,51
RGM_0017117,N051_C0002360,51
RGM_0017124,N051_C0002360,51
RGM_0017123,N051_C0002360,51
RGM_0017312,N051_C0002360,51
RGM_0017394,N051_C0002360,51
RGM_0017397,N051_C0002360,51
RGM_0017398,N051_C0002360,51
RGM_0017355,N051_C0002360,51
RGM_0017357,N051_C0002360,51
RGM_0017370,N051_C0002360,51
RGM_0017374,N051_C0002360,51
RGM_0017379,N051_C0002360,51
RGM_0017390,N051_C0002360,51
RGM_0017388,N051_C0002360,51
RGM_0017392,N051_C0002360,51
RGM_0017409,N051_C0002360,51
RGM_0017512,N051_C0002360,51
RGM_0017518,N051_C0002360,51
RGM_0017501,N051_C0002360,51
RGM_0017502,N051_C0002360,51
RGM_0017520,N051_C0002360,51
RGM_0017526,N051_C0002360,51
RGM_0017527,N051_C0002360,51
RGM_0017540,N051_C0002360,51
RGM_0017550,N051_C0002360,51
RGM_0017849,N051_C0002361,51
RGM_0017851,N051_C0002361,51
RGM_0017852,N051_C0002361,51
RGM_0017854,N051_C0002361,51
RGM_0017858,N051_C0002361,51
RGM_0017735,N051_C0002361,51
RGM_0017783,N051_C0002361,51
RGM_0017792,N051_C0002361,51
RGM_0017813,N051_C0002361,51
RGM_0017797,N051_C0002361,51
RGM_0017868,N051_C0002361,51
RGM_0017806,N051_C0002361,51
RGM_0017814,N051_C0002361,51
RGM_0017816,N051_C0002361,51
RGM_0017807,N051_C0002361,51
RGM_0017809,N051_C0002361,51
RGM_0017812,N051_C0002361,51
RGM_0017815,N051_C0002361,51
RGM_0017817,N051_C0002361,51
RGM_0017818,N051_C0002361,51
RGM_0017829,N051_C0002361,51
RGM_0017836,N051_C0002361,51
RGM_0017838,N051_C0002361,51
RGM_0017839,N051_C0002361,51
RGM_0017863,N051_C0002361,51
RGM_0017950,N051_C0002361,51
RGM_0017869,N051_C0002361,51
RGM_0017862,N051_C0002361,51
RGM_0017864,N051_C0002361,51
RGM_0017865,N051_C0002361,51
RGM_0017867,N051_C0002361,51
RGM_0017921,N051_C0002361,51
RGM_0017936,N051_C0002361,51
RGM_0017938,N051_C0002361,51
RGM_0017940,N051_C0002361,51
RGM_0017943,N051_C0002361,51
RGM_0017946,N051_C0002361,51
RGM_0017947,N051_C0002361,51
RGM_0017968,N051_C0002361,51
RGM_0017961,N051_C0002361,51
RGM_0017963,N051_C0002361,51
RGM_0017973,N051_C0002361,51
RGM_0017977,N051_C0002361,51
RGM_0018263,N051_C0002362,51
RGM_0018333,N051_C0002363,51
RGM_0018499,N051_C0002364,51
RGM_0018500,N051_C0002364,51
RGM_0018502,N051_C0002364,51
RGM_0018505,N051_C0002364,51
RGM_0018507,N051_C0002364,51
RGM_0018536,N051_C0002365,51
RGM_0018588,N051_C0002366,51
RGM_0018594,N051_C0002366,51
RGM_0018637,N051_C0002366,51
RGM_0018597,N051_C0002366,51
RGM_0018607,N051_C0002366,51
RGM_0018602,N051_C0002366,51
RGM_0018604,N051_C0002366,51
RGM_0018638,N051_C0002366,51
RGM_0018613,N051_C0002366,51
RGM_0018601,N051_C0002366,51
RGM_0018603,N051_C0002366,51
RGM_0018605,N051_C0002366,51
RGM_0018609,N051_C0002366,51
RGM_0018612,N051_C0002366,51
RGM_0018614,N051_C0002366,51
RGM_0018624,N051_C0002366,51
RGM_0018616,N051_C0002366,51
RGM_0018622,N051_C0002366,51
RGM_0018628,N051_C0002366,51
RGM_0018630,N051_C0002366,51
RGM_0018636,N051_C0002366,51
RGM_0018643,N051_C0002366,51
RGM_0018649,N051_C0002366,51
RGM_0018652,N051_C0002366,51
RGM_0018654,N051_C0002366,51
RGM_0018641,N051_C0002366,51
RGM_0018645,N051_C0002366,51
RGM_0018647,N051_C0002366,51
RGM_0018656,N051_C0002366,51
RGM_0018657,N051_C0002366,51
RGM_0018659,N051_C0002366,51
RGM_0018743,N051_C0002367,51
RGM_0018872,N051_C0002367,51
RGM_0018881,N051_C0002367,51
RGM_0018882,N051_C0002367,51
RGM_0018890,N051_C0002367,51
RGM_0018858,N051_C0002367,51
RGM_0018862,N051_C0002367,51
RGM_0018863,N051_C0002367,51
RGM_0018865,N051_C0002367,51
RGM_0018867,N051_C0002367,51
RGM_0018870,N051_C0002367,51
RGM_0018878,N051_C0002367,51
RGM_0018892,N051_C0002367,51
RGM_0018893,N051_C0002367,51
RGM_0019030,N051_C0002367,51
RGM_0019031,N051_C0002367,51
RGM_0019032,N051_C0002367,51
RGM_0018993,N051_C0002367,51
RGM_0018995,N051_C0002367,51
RGM_0018996,N051_C0002367,51
RGM_0019001,N051_C0002367,51
RGM_0019005,N051_C0002367,51
RGM_0019013,N051_C0002367,51
RGM_0019014,N051_C0002367,51
RGM_0019026,N051_C0002367,51
RGM_0019028,N051_C0002367,51
RGM_0019019,N051_C0002367,51
RGM_0019020,N051_C0002367,51
RGM_0019034,N051_C0002367,51
RGM_0019038,N051_C0002367,51
RGM_0019118,N051_C0002367,51
RGM_0019120,N051_C0002367,51
RGM_0019123,N051_C0002367,51
RGM_0019126,N051_C0002367,51
RGM_0019127,N051_C0002367,51
RGM_0019135,N051_C0002367,51
RGM_0019204,N051_C0002368,51
RGM_0019205,N051_C0002368,51
RGM_0019206,N051_C0002368,51
RGM_0019249,N051_C0002368,51
RGM_0019250,N051_C0002368,51
RGM_0019253,N051_C0002368,51
RGM_0019254,N051_C0002368,51
RGM_0019258,N051_C0002368,51
RGM_0019288,N051_C0002368,51
RGM_0019290,N051_C0002368,51
RGM_0019222,N051_C0002368,51
RGM_0019223,N051_C0002368,51
RGM_0019237,N051_C0002368,51
RGM_0019284,N051_C0002368,51
RGM_0019238,N051_C0002368,51
RGM_0019226,N051_C0002368,51
RGM_0019231,N051_C0002368,51
RGM_0019234,N051_C0002368,51
RGM_0019236,N051_C0002368,51
RGM_0019239,N051_C0002368,51
RGM_0019241,N051_C0002368,51
RGM_0019242,N051_C0002368,51
RGM_0019248,N051_C0002368,51
RGM_0019251,N051_C0002368,51
RGM_0019264,N051_C0002368,51
RGM_0019262,N051_C0002368,51
RGM_0019266,N051_C0002368,51
RGM_0019268,N051_C0002368,51
RGM_0019271,N051_C0002368,51
RGM_0019275,N051_C0002368,51
RGM_0019366,N051_C0002368,51
RGM_0019392,N051_C0002368,51
RGM_0019881,N051_C0002369,51
RGM_0019884,N051_C0002369,51
RGM_0019887,N051_C0002369,51
RGM_0019894,N051_C0002369,51
RGM_0019895,N051_C0002369,51
RGM_0019875,N051_C0002369,51
RGM_0019876,N051_C0002369,51
RGM_0019898,N051_C0002369,51
RGM_0019903,N051_C0002369,51
RGM_0019913,N051_C0002369,51
RGM_0019902,N051_C0002369,51
RGM_0019904,N051_C0002369,51
RGM_0019909,N051_C0002369,51
RGM_0019911,N051_C0002369,51
RGM_0020122,N051_C0002370,51
RGM_0020127,N051_C0002370,51
RGM_0020128,N051_C0002370,51
RGM_0020130,N051_C0002370,51
RGM_0020131,N051_C0002370,51
RGM_0020107,N051_C0002370,51
RGM_0020110,N051_C0002370,51
RGM_0020114,N051_C0002370,51
RGM_0020117,N051_C0002370,51
RGM_0020116,N051_C0002370,51
RGM_0020119,N051_C0002370,51
RGM_0020133,N051_C0002370,51
RGM_0020170,N051_C0002370,51
RGM_0020173,N051_C0002370,51
RGM_0020174,N051_C0002370,51
RGM_0020147,N051_C0002370,51
RGM_0020152,N051_C0002370,51
RGM_0020157,N051_C0002370,51
RGM_0020159,N051_C0002370,51
RGM_0020163,N051_C0002370,51
RGM_0020165,N051_C0002370,51
RGM_0020167,N051_C0002370,51
RGM_0020171,N051_C0002370,51
RGM_0021903,N051_C0002371,51
RGM_0021913,N051_C0002371,51
RGM_0021917,N051_C0002371,51
RGM_0021899,N051_C0002371,51
RGM_0021910,N051_C0002371,51
RGM_0021909,N051_C0002371,51
RGM_0021908,N051_C0002371,51
RGM_0021911,N051_C0002371,51
RGM_0021915,N051_C0002371,51
RGM_0022315,N051_C0002372,51
RGM_0022272,N051_C0002372,51
RGM_0022266,N051_C0002372,51
RGM_0022268,N051_C0002372,51
RGM_0022269,N051_C0002372,51
RGM_0022657,N051_C0002373,51
RGM_0023507,N051_C0002374,51
RGM_0023529,N051_C0002374,51
RGM_0023530,N051_C0002374,51
RGM_0023545,N051_C0002374,51
RGM_0023548,N051_C0002374,51
RGM_0023532,N051_C0002374,51
RGM_0023540,N051_C0002374,51
RGM_0023539,N051_C0002374,51
RGM_0023562,N051_C0002374,51
RGM_0023981,N051_C0002375,51
RGM_0037945,N051_C0002376,51
RGM_0037951,N051_C0002376,51
RGM_0037952,N051_C0002376,51
RGM_0039998,N051_C0002377,51
RGM_0040000,N051_C0002377,51
RGM_0040868,N051_C0002378,51
RGM_0041273,N051_C0002379,51
RGM_0041379,N051_C0002380,51
RGM_0041397,N051_C0002380,51
RGM_0041398,N051_C0002380,51
RGM_0041367,N051_C0002380,51
RGM_0041533,N051_C0002380,51
RGM_0041537,N051_C0002380,51
RGM_0041550,N051_C0002380,51
RGM_0041552,N051_C0002380,51
RGM_0041562,N051_C0002380,51
RGM_0041566,N051_C0002380,51
RGM_0041625,N051_C0002381,51
RGM_0041593,N051_C0002381,51
RGM_0041597,N051_C0002381,51
RGM_0041607,N051_C0002381,51
RGM_0041609,N051_C0002381,51
RGM_0041604,N051_C0002381,51
RGM_0041933,N051_C0002382,51
RGM_0043822,N051_C0002383,51
RGM_0043828,N051_C0002384,51
RGM_0043831,N051_C0002384,51
RGM_0043839,N051_C0002384,51
RGM_0043840,N051_C0002384,51
RGM_0043850,N051_C0002384,51
RGM_0043856,N051_C0002384,51
RGM_0043983,N051_C0002385,51
RGM_0043990,N051_C0002385,51
RGM_0043985,N051_C0002385,51
RGM_0044564,N051_C0002386,51
RGM_0044868,N051_C0002387,51
RGM_0044870,N051_C0002387,51
RGM_0044844,N051_C0002387,51
RGM_0044846,N051_C0002387,51
RGM_0044847,N051_C0002387,51
RGM_0044859,N051_C0002387,51
RGM_0044861,N051_C0002387,51
RGM_0044863,N051_C0002387,51
RGM_0045324,N051_C0002388,51
RGM_0045342,N051_C0002389,51
RGM_0045401,N051_C0002390,51
RGM_0045457,N051_C0002391,51
RGM_0045458,N051_C0002391,51
RGM_0045459,N051_C0002391,51
RGM_0045456,N051_C0002391,51
RGM_0046836,N051_C0002392,51
RGM_0046830,N051_C0002392,51
RGM_0046852,N051_C0002392,51
RGM_0046845,N051_C0002392,51
RGM_0046895,N051_C0002393,51
RGM_0046902,N051_C0002393,51
RGM_0046898,N051_C0002393,51
RGM_0047575,N051_C0002394,51
RGM_0047572,N051_C0002394,51
RGM_0047584,N051_C0002394,51
RGM_0047587,N051_C0002394,51
RGM_0048286,N051_C0002395,51
RGM_0048290,N051_C0002396,51
RGM_0048534,N051_C0002397,51
RGM_0048722,N051_C0002398,51
RGM_0049172,N051_C0002399,51
RGM_0049751,N051_C0002400,51
RGM_0049766,N051_C0002400,51
RGM_0049761,N051_C0002400,51
RGM_0050115,N051_C0002401,51
RGM_0050264,N051_C0002402,51
RGM_0050854,N051_C0002403,51
RGM_0050901,N051_C0002404,51
RGM_0050905,N051_C0002405,51
RGM_0050955,N051_C0002406,51
RGM_0050958,N051_C0002406,51
RGM_0051116,N051_C0002407,51
RGM_0051126,N051_C0002408,51
RGM_0051131,N051_C0002408,51
RGM_0051154,N051_C0002409,51
RGM_0051156,N051_C0002409,51
RGM_0051322,N051_C0002410,51
RGM_0051355,N051_C0002411,51
RGM_0051414,N051_C0002412,51
RGM_0051411,N051_C0002412,51
RGM_0051412,N051_C0002412,51
RGM_0051430,N051_C0002413,51
RGM_0051475,N051_C0002414,51
RGM_0051502,N051_C0002415,51
RGM_0051556,N051_C0002416,51
RGM_0051558,N051_C0002416,51
RGM_0051561,N051_C0002416,51
RGM_0051599,N051_C0002417,51
RGM_0051597,N051_C0002417,51
RGM_0051601,N051_C0002417,51
RGM_0051619,N051_C0002418,51
RGM_0051618,N051_C0002418,51
RGM_0051625,N051_C0002418,51
RGM_0051626,N051_C0002418,51
RGM_0051660,N051_C0002419,51
RGM_0051662,N051_C0002420,51
RGM_0051666,N051_C0002420,51
RGM_0051672,N051_C0002420,51
RGM_0051670,N051_C0002420,51
RGM_0051671,N051_C0002420,51
RGM_0051677,N051_C0002421,51
RGM_0051708,N051_C0002421,51
RGM_0051686,N051_C0002421,51
RGM_0051711,N051_C0002421,51
RGM_0051692,N051_C0002421,51
RGM_0051700,N051_C0002421,51
RGM_0051716,N051_C0002421,51
RGM_0051808,N051_C0002422,51
RGM_0051806,N051_C0002422,51
RGM_0051810,N051_C0002423,51
RGM_0051836,N051_C0002424,51
RGM_0051872,N051_C0002425,51
RGM_0051876,N051_C0002425,51
RGM_0052216,N051_C0002426,51
RGM_0052210,N051_C0002426,51
RGM_0052214,N051_C0002426,51
RGM_0052292,N051_C0002427,51
RGM_0052316,N051_C0002428,51
RGM_0052321,N051_C0002428,51
RGM_0052335,N051_C0002429,51
RGM_0052361,N051_C0002430,51
RGM_0052357,N051_C0002430,51
RGM_0052356,N051_C0002430,51
RGM_0052366,N051_C0002430,51
RGM_0052367,N051_C0002430,51
RGM_0052393,N051_C0002431,51
RGM_0052483,N051_C0002432,51
RGM_0052521,N051_C0002433,51
RGM_0052519,N051_C0002433,51
RGM_0052520,N051_C0002433,51
RGM_0052556,N051_C0002434,51
RGM_0052596,N051_C0002435,51
RGM_0052601,N051_C0002435,51
RGM_0052610,N051_C0002435,51
RGM_0052614,N051_C0002435,51
RGM_0052600,N051_C0002435,51
RGM_0052711,N051_C0002436,51
RGM_0052771,N051_C0002437,51
RGM_0052792,N051_C0002438,51
RGM_0052794,N051_C0002438,51
RGM_0052803,N051_C0002438,51
RGM_0052795,N051_C0002438,51
RGM_0052800,N051_C0002438,51
RGM_0052801,N051_C0002438,51
RGM_0052900,N051_C0002439,51
RGM_0052906,N051_C0002439,51
RGM_0052899,N051_C0002439,51
RGM_0052901,N051_C0002439,51
RGM_0052950,N051_C0002439,51
RGM_0052939,N051_C0002439,51
RGM_0052943,N051_C0002439,51
RGM_0052961,N051_C0002439,51
RGM_0052962,N051_C0002439,51
RGM_0052965,N051_C0002439,51
RGM_0052972,N051_C0002440,51
RGM_0053122,N051_C0002441,51
RGM_0053287,N051_C0002442,51
RGM_0053347,N051_C0002443,51
RGM_0053485,N051_C0002444,51
RGM_0053551,N051_C0002445,51
RGM_0053550,N051_C0002445,51
RGM_0053609,N051_C0002446,51
RGM_0053607,N051_C0002446,51
RGM_0053615,N051_C0002447,51
RGM_0053616,N051_C0002447,51
RGM_0053634,N051_C0002448,51
RGM_0053698,N051_C0002449,51
RGM_0053770,N051_C0002450,51
RGM_0053854,N051_C0002451,51
RGM_0053856,N051_C0002451,51
RGM_0053864,N051_C0002451,51
RGM_0053861,N051_C0002451,51
RGM_0053867,N051_C0002451,51
RGM_0053871,N051_C0002451,51
RGM_0053987,N051_C0002452,51
RGM_0053978,N051_C0002452,51
RGM_0053983,N051_C0002452,51
RGM_0053977,N051_C0002452,51
RGM_0054018,N051_C0002452,51
RGM_0054063,N051_C0002453,51
RGM_0054066,N051_C0002454,51
RGM_0054069,N051_C0002454,51
RGM_0054068,N051_C0002454,51
RGM_0054072,N051_C0002454,51
RGM_0054122,N051_C0002455,51
RGM_0054119,N051_C0002455,51
RGM_0054129,N051_C0002456,51
RGM_0054226,N051_C0002457,51
RGM_0054297,N051_C0002458,51
RGM_0054296,N051_C0002458,51
RGM_0054301,N051_C0002458,51
RGM_0054343,N051_C0002459,51
RGM_0054483,N051_C0002460,51
RGM_0054487,N051_C0002461,51
RGM_0054488,N051_C0002461,51
RGM_0054492,N051_C0002461,51
RGM_0054490,N051_C0002461,51
RGM_0054494,N051_C0002461,51
RGM_0054501,N051_C0002461,51
RGM_0054502,N051_C0002461,51
RGM_0054503,N051_C0002461,51
RGM_0054493,N051_C0002461,51
RGM_0054506,N051_C0002461,51
RGM_0054508,N051_C0002461,51
RGM_0054792,N051_C0002462,51
RGM_0054844,N051_C0002463,51
RGM_0054840,N051_C0002463,51
RGM_0054842,N051_C0002463,51
RGM_0054866,N051_C0002463,51
RGM_0054851,N051_C0002463,51
RGM_0054864,N051_C0002463,51
RGM_0054858,N051_C0002463,51
RGM_0054867,N051_C0002464,51
RGM_0054896,N051_C0002465,51
RGM_0054897,N051_C0002465,51
RGM_0055038,N051_C0002466,51
RGM_0055037,N051_C0002466,51
RGM_0055047,N051_C0002466,51
RGM_0055056,N051_C0002467,51
RGM_0055061,N051_C0002467,51
RGM_0055058,N051_C0002467,51
RGM_0055078,N051_C0002468,51
RGM_0055076,N051_C0002468,51
RGM_0055092,N051_C0002469,51
RGM_0055093,N051_C0002469,51
RGM_0055156,N051_C0002470,51
RGM_0055251,N051_C0002471,51
RGM_0055345,N051_C0002472,51
RGM_0055704,N051_C0002473,51
RGM_0055700,N051_C0002473,51
RGM_0055706,N051_C0002473,51
RGM_0055803,N051_C0002474,51
RGM_0055868,N051_C0002474,51
RGM_0055806,N051_C0002474,51
RGM_0055810,N051_C0002474,51
RGM_0055816,N051_C0002474,51
RGM_0055822,N051_C0002474,51
RGM_0055838,N051_C0002474,51
RGM_0055841,N051_C0002474,51
RGM_0055845,N051_C0002474,51
RGM_0055856,N051_C0002474,51
RGM_0055862,N051_C0002474,51
RGM_0056185,N051_C0002475,51
RGM_0056282,N051_C0002476,51
RGM_0056284,N051_C0002476,51
RGM_0056253,N051_C0002476,51
RGM_0056274,N051_C0002476,51
RGM_0056277,N051_C0002476,51
RGM_0056298,N051_C0002476,51
RGM_0056286,N051_C0002476,51
RGM_0056458,N051_C0002477,51
RGM_0056463,N051_C0002477,51
RGM_0056476,N051_C0002478,51
RGM_0056841,N051_C0002479,51
RGM_0056845,N051_C0002480,51
RGM_0056844,N051_C0002480,51
RGM_0057032,N051_C0002481,51
RGM_0057034,N051_C0002481,51
RGM_0057110,N051_C0002482,51
RGM_0057127,N051_C0002483,51
RGM_0057143,N051_C0002483,51
RGM_0057155,N051_C0002484,51
RGM_0057165,N051_C0002485,51
RGM_0057201,N051_C0002486,51
RGM_0058101,N051_C0002487,51
RGM_0058359,N051_C0002488,51
RGM_0058413,N051_C0002489,51
RGM_0059482,N051_C0002490,51
RGM_0059479,N051_C0002490,51
RGM_0062754,N051_C0002491,51
RGM_0062757,N051_C0002491,51
RGM_0062767,N051_C0002491,51
RGM_0062905,N051_C0002492,51
RGM_0063062,N051_C0002493,51
RGM_0063492,N051_C0002494,51
RGM_0063584,N051_C0002495,51
RGM_0063808,N051_C0002496,51
RGM_0064060,N051_C0002497,51
RGM_0064057,N051_C0002497,51
RGM_0064050,N051_C0002497,51
RGM_0064054,N051_C0002497,51
RGM_0064055,N051_C0002497,51
RGM_0064063,N051_C0002497,51
RGM_0064064,N051_C0002497,51
RGM_0067906,N051_C0002498,51
RGM_0067908,N051_C0002498,51
RGM_0068010,N051_C0002499,51
RGM_0068269,N051_C0002500,51
RGM_0068282,N051_C0002501,51
RGM_0068347,N051_C0002502,51
RGM_0068349,N051_C0002502,51
RGM_0068315,N051_C0002502,51
RGM_0068323,N051_C0002502,51
RGM_0068332,N051_C0002502,51
RGM_0068359,N051_C0002502,51
RGM_0068374,N051_C0002502,51
RGM_0068378,N051_C0002502,51
RGM_0068379,N051_C0002502,51
RGM_0068385,N051_C0002502,51
RGM_0068394,N051_C0002503,51
RGM_0068407,N051_C0002503,51
RGM_0068654,N051_C0002504,51
RGM_0068653,N051_C0002504,51
RGM_0068892,N051_C0002505,51
RGM_0068895,N051_C0002505,51
RGM_0068980,N051_C0002506,51
RGM_0069137,N051_C0002507,51
RGM_0069353,N051_C0002508,51
RGM_0069389,N051_C0002509,51
RGM_0069395,N051_C0002510,51
RGM_0069756,N051_C0002511,51
RGM_0069757,N051_C0002511,51
RGM_0069753,N051_C0002511,51
RGM_0070680,N051_C0002512,51
RGM_0070686,N051_C0002512,51
RGM_0070690,N051_C0002512,51
RGM_0070691,N051_C0002512,51
RGM_0070985,N051_C0002513,51
RGM_0070987,N051_C0002513,51
RGM_0070989,N051_C0002513,51
RGM_0071497,N051_C0002514,51
RGM_0071508,N051_C0002514,51
RGM_0071503,N051_C0002514,51
RGM_0071636,N051_C0002515,51
RGM_0071641,N051_C0002515,51
RGM_0071896,N051_C0002516,51
RGM_0071895,N051_C0002516,51
RGM_0071891,N051_C0002516,51
RGM_0071965,N051_C0002517,51
RGM_0071961,N051_C0002517,51
RGM_0071963,N051_C0002517,51
RGM_0071975,N051_C0002517,51
RGM_0071977,N051_C0002517,51
RGM_0072010,N051_C0002518,51
RGM_0072007,N051_C0002518,51
RGM_0072071,N051_C0002519,51
RGM_0072081,N051_C0002519,51
RGM_0072094,N051_C0002519,51
RGM_0072093,N051_C0002519,51
RGM_0072099,N051_C0002520,51
RGM_0072119,N051_C0002521,51
RGM_0072135,N051_C0002521,51
RGM_0072130,N051_C0002521,51
RGM_0072133,N051_C0002521,51
RGM_0072526,N051_C0002522,51
RGM_0072562,N051_C0002523,51
RGM_0072593,N051_C0002524,51
RGM_0072591,N051_C0002524,51
RGM_0080018,N051_C0002525,51
RGM_0080023,N051_C0002525,51
RGM_0080064,N051_C0002525,51
RGM_0080067,N051_C0002525,51
RGM_0080072,N051_C0002525,51
RGM_0080034,N051_C0002525,51
RGM_0080036,N051_C0002525,51
RGM_0080049,N051_C0002525,51
RGM_0080051,N051_C0002525,51
RGM_0080052,N051_C0002525,51
RGM_0080026,N051_C0002525,51
RGM_0080044,N051_C0002525,51
RGM_0088630,N051_C0002526,51
RGM_0088885,N051_C0002527,51
RGM_0088903,N051_C0002528,51
RGM_0088898,N051_C0002528,51
RGM_0088901,N051_C0002528,51
RGM_0090644,N051_C0002529,51
RGM_0090648,N051_C0002529,51
RGM_0090647,N051_C0002529,51
RGM_0090655,N051_C0002529,51
RGM_0090651,N051_C0002529,51
RGM_0090658,N051_C0002529,51
RGM_0090659,N051_C0002529,51
RGM_0090652,N051_C0002529,51
RGM_0090662,N051_C0002529,51
RGM_0090664,N051_C0002529,51
RGM_0095688,N051_C0002530,51
RGM_0095695,N051_C0002530,51
RGM_0095716,N051_C0002530,51
RGM_0095729,N051_C0002530,51
RGM_0095731,N051_C0002530,51
RGM_0095748,N051_C0002530,51
RGM_0095709,N051_C0002530,51
RGM_0095696,N051_C0002530,51
RGM_0095724,N051_C0002530,51
RGM_0095726,N051_C0002530,51
RGM_0095735,N051_C0002530,51
RGM_0095737,N051_C0002530,51
RGM_0095740,N051_C0002530,51
RGM_0095744,N051_C0002530,51
RGM_0095746,N051_C0002530,51
RGM_0098969,N051_C0002531,51
RGM_0103352,N051_C0002532,51
RGM_0103351,N051_C0002532,51
RGM_0103353,N051_C0002532,51
RGM_0103356,N051_C0002532,51
RGM_0103416,N051_C0002533,51
RGM_0104410,N051_C0002534,51
RGM_0104465,N051_C0002535,51
RGM_0104792,N051_C0002536,51
RGM_0108059,N051_C0002537,51
RGM_0108107,N051_C0002538,51
RGM_0108104,N051_C0002538,51
RGM_0108151,N051_C0002539,51
RGM_0108153,N051_C0002539,51
RGM_0108154,N051_C0002539,51
RGM_0108159,N051_C0002539,51
RGM_0108189,N051_C0002540,51
RGM_0108188,N051_C0002540,51
RGM_0108191,N051_C0002540,51
RGM_0108239,N051_C0002541,51
RGM_0108234,N051_C0002541,51
RGM_0108236,N051_C0002541,51
RGM_0108240,N051_C0002541,51
RGM_0108244,N051_C0002541,51
RGM_0108242,N051_C0002541,51
RGM_0108246,N051_C0002541,51
RGM_0108280,N051_C0002542,51
RGM_0108272,N051_C0002542,51
RGM_0108278,N051_C0002542,51
RGM_0108299,N051_C0002542,51
RGM_0108298,N051_C0002542,51
RGM_0108797,N051_C0002543,51
RGM_0108815,N051_C0002543,51
RGM_0108856,N051_C0002543,51
RGM_0108863,N051_C0002543,51
RGM_0108866,N051_C0002543,51
RGM_0108869,N051_C0002543,51
RGM_0108877,N051_C0002543,51
RGM_0108879,N051_C0002543,51
RGM_0108811,N051_C0002543,51
RGM_0108832,N051_C0002543,51
RGM_0108900,N051_C0002543,51
RGM_0108901,N051_C0002543,51
RGM_0108868,N051_C0002543,51
RGM_0108882,N051_C0002543,51
RGM_0108851,N051_C0002543,51
RGM_0108852,N051_C0002543,51
RGM_0108857,N051_C0002543,51
RGM_0108886,N051_C0002543,51
RGM_0108887,N051_C0002543,51
RGM_0109023,N051_C0002543,51
RGM_0109045,N051_C0002543,51
RGM_0109046,N051_C0002543,51
RGM_0109054,N051_C0002543,51
RGM_0109063,N051_C0002543,51
RGM_0109057,N051_C0002543,51
RGM_0109101,N051_C0002544,51
RGM_0109102,N051_C0002544,51
RGM_0109263,N051_C0002545,51
RGM_0109920,N051_C0002546,51
RGM_0109939,N051_C0002547,51
RGM_0118521,N051_C0002548,51
RGM_0118523,N051_C0002548,51
RGM_0118526,N051_C0002548,51
RGM_0119882,N051_C0002549,51
RGM_0127709,N051_C0002550,51
RGM_0129191,N051_C0002551,51
RGM_0129538,N051_C0002552,51
RGM_0129868,N051_C0002553,51
RGM_0155393,N051_C0002554,51
RGM_0155398,N051_C0002555,51
RGM_0189541,N051_C0002556,51
RGM_0201315,N051_C0002557,51
RGM_0201316,N051_C0002557,51
RGM_0201318,N051_C0002557,51
RGM_0201319,N051_C0002557,51
RGM_0201524,N051_C0002558,51
RGM_0225879,N051_C0002559,51
RGM_0233870,N051_C0002560,51
RGM_0236397,N051_C0002561,51
RGM_0236404,N051_C0002561,51
RGM_0238819,N051_C0002562,51
RGM_0249705,N051_C0002563,51
RGM_0249706,N051_C0002563,51
RGM_0249714,N051_C0002564,51
RGM_0249721,N051_C0002565,51
RGM_0249722,N051_C0002565,51
RGM_0249760,N051_C0002565,51
RGM_0249765,N051_C0002565,51
RGM_0249735,N051_C0002565,51
RGM_0249737,N051_C0002565,51
RGM_0249753,N051_C0002565,51
RGM_0249767,N051_C0002565,51
RGM_0249777,N051_C0002566,51
RGM_0249781,N051_C0002567,51
RGM_0249791,N051_C0002568,51
RGM_0277959,N051_C0002569,51
RGM_0283603,N051_C0002570,51
RGM_0284220,N051_C0002571,51
RGM_0300015,N051_C0002572,51
RGM_0299964,N051_C0002572,51
RGM_0299972,N051_C0002572,51
RGM_0299973,N051_C0002572,51
RGM_0300036,N051_C0002572,51
RGM_0300001,N051_C0002572,51
RGM_0300008,N051_C0002572,51
RGM_0300016,N051_C0002572,51
RGM_0299984,N051_C0002572,51
RGM_0299988,N051_C0002572,51
RGM_0299992,N051_C0002572,51
RGM_0299994,N051_C0002572,51
RGM_0300010,N051_C0002572,51
RGM_0032712,N052_C0002573,52
RGM_0033250,N052_C0002574,52
RGM_0033502,N052_C0002575,52
RGM_0034080,N052_C0002576,52
RGM_0034172,N052_C0002577,52
RGM_0034179,N052_C0002577,52
RGM_0034475,N052_C0002578,52
RGM_0034584,N052_C0002579,52
RGM_0035231,N052_C0002580,52
RGM_0035228,N052_C0002580,52
RGM_0035523,N052_C0002581,52
RGM_0036541,N052_C0002582,52
RGM_0036946,N052_C0002583,52
RGM_0037214,N052_C0002584,52
RGM_0037274,N052_C0002585,52
RGM_0037275,N052_C0002585,52
RGM_0037289,N052_C0002586,52
RGM_0037441,N052_C0002587,52
RGM_0037695,N052_C0002588,52
RGM_0037883,N052_C0002589,52
RGM_0037921,N052_C0002590,52
RGM_0037926,N052_C0002590,52
RGM_0037949,N052_C0002591,52
RGM_0038236,N052_C0002592,52
RGM_0038274,N052_C0002593,52
RGM_0038277,N052_C0002593,52
RGM_0038359,N052_C0002594,52
RGM_0038366,N052_C0002594,52
RGM_0038363,N052_C0002594,52
RGM_0039030,N052_C0002595,52
RGM_0039032,N052_C0002595,52
RGM_0039110,N052_C0002596,52
RGM_0039132,N052_C0002596,52
RGM_0039171,N052_C0002597,52
RGM_0039195,N052_C0002598,52
RGM_0039374,N052_C0002599,52
RGM_0039478,N052_C0002600,52
RGM_0039578,N052_C0002601,52
RGM_0039617,N052_C0002602,52
RGM_0039615,N052_C0002602,52
RGM_0039652,N052_C0002603,52
RGM_0039657,N052_C0002603,52
RGM_0039684,N052_C0002604,52
RGM_0039700,N052_C0002604,52
RGM_0039726,N052_C0002604,52
RGM_0039746,N052_C0002605,52
RGM_0039758,N052_C0002605,52
RGM_0039853,N052_C0002606,52
RGM_0039859,N052_C0002606,52
RGM_0039997,N052_C0002607,52
RGM_0040182,N052_C0002608,52
RGM_0040208,N052_C0002609,52
RGM_0040210,N052_C0002609,52
RGM_0040319,N052_C0002610,52
RGM_0040362,N052_C0002611,52
RGM_0040854,N052_C0002612,52
RGM_0041421,N052_C0002613,52
RGM_0041586,N052_C0002613,52
RGM_0041374,N052_C0002613,52
RGM_0041358,N052_C0002613,52
RGM_0041554,N052_C0002613,52
RGM_0041600,N052_C0002613,52
RGM_0041601,N052_C0002613,52
RGM_0042909,N052_C0002614,52
RGM_0043471,N052_C0002615,52
RGM_0043479,N052_C0002615,52
RGM_0043634,N052_C0002616,52
RGM_0043697,N052_C0002617,52
RGM_0043704,N052_C0002617,52
RGM_0043838,N052_C0002618,52
RGM_0043851,N052_C0002618,52
RGM_0043855,N052_C0002618,52
RGM_0043992,N052_C0002619,52
RGM_0044148,N052_C0002620,52
RGM_0044545,N052_C0002621,52
RGM_0044574,N052_C0002622,52
RGM_0044857,N052_C0002623,52
RGM_0044866,N052_C0002623,52
RGM_0044898,N052_C0002624,52
RGM_0044907,N052_C0002624,52
RGM_0045226,N052_C0002625,52
RGM_0045330,N052_C0002626,52
RGM_0045454,N052_C0002627,52
RGM_0045472,N052_C0002628,52
RGM_0045467,N052_C0002628,52
RGM_0045483,N052_C0002628,52
RGM_0045482,N052_C0002628,52
RGM_0045526,N052_C0002629,52
RGM_0045522,N052_C0002629,52
RGM_0045551,N052_C0002630,52
RGM_0045554,N052_C0002630,52
RGM_0046778,N052_C0002631,52
RGM_0046807,N052_C0002632,52
RGM_0046809,N052_C0002632,52
RGM_0046832,N052_C0002633,52
RGM_0046829,N052_C0002633,52
RGM_0046848,N052_C0002634,52
RGM_0046897,N052_C0002635,52
RGM_0047029,N052_C0002636,52
RGM_0047147,N052_C0002637,52
RGM_0047181,N052_C0002638,52
RGM_0047360,N052_C0002639,52
RGM_0047557,N052_C0002640,52
RGM_0047577,N052_C0002641,52
RGM_0047619,N052_C0002642,52
RGM_0047638,N052_C0002643,52
RGM_0047776,N052_C0002644,52
RGM_0047811,N052_C0002645,52
RGM_0047814,N052_C0002645,52
RGM_0047832,N052_C0002646,52
RGM_0047904,N052_C0002647,52
RGM_0048059,N052_C0002648,52
RGM_0048060,N052_C0002648,52
RGM_0048194,N052_C0002649,52
RGM_0048199,N052_C0002650,52
RGM_0048203,N052_C0002650,52
RGM_0048232,N052_C0002651,52
RGM_0048255,N052_C0002652,52
RGM_0048294,N052_C0002653,52
RGM_0048313,N052_C0002654,52
RGM_0048332,N052_C0002655,52
RGM_0048360,N052_C0002656,52
RGM_0048378,N052_C0002657,52
RGM_0048418,N052_C0002658,52
RGM_0048422,N052_C0002659,52
RGM_0048519,N052_C0002660,52
RGM_0048543,N052_C0002661,52
RGM_0048630,N052_C0002662,52
RGM_0048712,N052_C0002663,52
RGM_0048827,N052_C0002664,52
RGM_0048931,N052_C0002665,52
RGM_0049020,N052_C0002666,52
RGM_0049051,N052_C0002667,52
RGM_0049121,N052_C0002668,52
RGM_0049167,N052_C0002669,52
RGM_0049233,N052_C0002670,52
RGM_0049502,N052_C0002671,52
RGM_0049592,N052_C0002672,52
RGM_0049612,N052_C0002673,52
RGM_0049671,N052_C0002674,52
RGM_0049702,N052_C0002675,52
RGM_0049783,N052_C0002676,52
RGM_0049809,N052_C0002677,52
RGM_0049863,N052_C0002678,52
RGM_0049882,N052_C0002679,52
RGM_0049895,N052_C0002680,52
RGM_0049892,N052_C0002680,52
RGM_0049909,N052_C0002681,52
RGM_0049916,N052_C0002682,52
RGM_0050002,N052_C0002683,52
RGM_0050019,N052_C0002684,52
RGM_0050092,N052_C0002685,52
RGM_0050103,N052_C0002686,52
RGM_0050112,N052_C0002687,52
RGM_0050132,N052_C0002688,52
RGM_0050126,N052_C0002688,52
RGM_0050221,N052_C0002689,52
RGM_0050282,N052_C0002690,52
RGM_0050327,N052_C0002691,52
RGM_0050343,N052_C0002692,52
RGM_0050436,N052_C0002693,52
RGM_0050454,N052_C0002694,52
RGM_0050456,N052_C0002694,52
RGM_0050468,N052_C0002695,52
RGM_0050464,N052_C0002695,52
RGM_0050476,N052_C0002696,52
RGM_0050483,N052_C0002697,52
RGM_0050515,N052_C0002698,52
RGM_0050534,N052_C0002699,52
RGM_0050545,N052_C0002700,52
RGM_0050547,N052_C0002700,52
RGM_0050552,N052_C0002701,52
RGM_0050570,N052_C0002702,52
RGM_0050585,N052_C0002703,52
RGM_0050589,N052_C0002703,52
RGM_0050610,N052_C0002704,52
RGM_0050615,N052_C0002704,52
RGM_0050634,N052_C0002705,52
RGM_0050618,N052_C0002705,52
RGM_0050638,N052_C0002705,52
RGM_0050697,N052_C0002706,52
RGM_0050708,N052_C0002707,52
RGM_0050712,N052_C0002708,52
RGM_0050718,N052_C0002708,52
RGM_0050756,N052_C0002709,52
RGM_0050769,N052_C0002710,52
RGM_0050774,N052_C0002711,52
RGM_0050783,N052_C0002712,52
RGM_0050841,N052_C0002713,52
RGM_0050883,N052_C0002714,52
RGM_0050930,N052_C0002715,52
RGM_0050959,N052_C0002716,52
RGM_0050997,N052_C0002717,52
RGM_0051036,N052_C0002718,52
RGM_0051059,N052_C0002719,52
RGM_0051152,N052_C0002720,52
RGM_0051155,N052_C0002720,52
RGM_0051164,N052_C0002721,52
RGM_0051239,N052_C0002722,52
RGM_0051248,N052_C0002722,52
RGM_0051317,N052_C0002723,52
RGM_0051323,N052_C0002724,52
RGM_0051325,N052_C0002724,52
RGM_0051348,N052_C0002725,52
RGM_0051410,N052_C0002726,52
RGM_0051413,N052_C0002726,52
RGM_0051417,N052_C0002727,52
RGM_0051516,N052_C0002728,52
RGM_0051518,N052_C0002728,52
RGM_0051538,N052_C0002729,52
RGM_0051551,N052_C0002730,52
RGM_0051559,N052_C0002731,52
RGM_0051624,N052_C0002732,52
RGM_0051637,N052_C0002733,52
RGM_0051646,N052_C0002734,52
RGM_0051651,N052_C0002734,52
RGM_0051659,N052_C0002735,52
RGM_0051674,N052_C0002736,52
RGM_0051683,N052_C0002736,52
RGM_0051696,N052_C0002736,52
RGM_0051704,N052_C0002736,52
RGM_0051773,N052_C0002737,52
RGM_0051817,N052_C0002738,52
RGM_0051832,N052_C0002739,52
RGM_0051827,N052_C0002739,52
RGM_0051845,N052_C0002740,52
RGM_0051868,N052_C0002741,52
RGM_0051858,N052_C0002741,52
RGM_0051886,N052_C0002741,52
RGM_0051961,N052_C0002741,52
RGM_0051922,N052_C0002741,52
RGM_0051952,N052_C0002741,52
RGM_0051975,N052_C0002742,52
RGM_0052032,N052_C0002743,52
RGM_0052075,N052_C0002743,52
RGM_0052086,N052_C0002744,52
RGM_0052102,N052_C0002744,52
RGM_0052100,N052_C0002744,52
RGM_0052116,N052_C0002745,52
RGM_0052118,N052_C0002745,52
RGM_0052133,N052_C0002746,52
RGM_0052141,N052_C0002747,52
RGM_0052161,N052_C0002748,52
RGM_0052168,N052_C0002749,52
RGM_0052174,N052_C0002749,52
RGM_0052182,N052_C0002750,52
RGM_0052178,N052_C0002750,52
RGM_0052203,N052_C0002751,52
RGM_0052212,N052_C0002752,52
RGM_0052215,N052_C0002752,52
RGM_0052224,N052_C0002752,52
RGM_0052274,N052_C0002753,52
RGM_0052286,N052_C0002754,52
RGM_0052306,N052_C0002755,52
RGM_0052302,N052_C0002755,52
RGM_0052314,N052_C0002756,52
RGM_0052318,N052_C0002756,52
RGM_0052355,N052_C0002757,52
RGM_0052364,N052_C0002758,52
RGM_0052368,N052_C0002758,52
RGM_0052395,N052_C0002759,52
RGM_0052410,N052_C0002760,52
RGM_0052408,N052_C0002760,52
RGM_0052418,N052_C0002761,52
RGM_0052415,N052_C0002761,52
RGM_0052450,N052_C0002762,52
RGM_0052462,N052_C0002762,52
RGM_0052481,N052_C0002763,52
RGM_0052477,N052_C0002763,52
RGM_0052537,N052_C0002764,52
RGM_0052561,N052_C0002765,52
RGM_0052583,N052_C0002766,52
RGM_0052575,N052_C0002766,52
RGM_0052628,N052_C0002767,52
RGM_0052644,N052_C0002768,52
RGM_0052677,N052_C0002769,52
RGM_0052675,N052_C0002769,52
RGM_0052683,N052_C0002769,52
RGM_0052715,N052_C0002770,52
RGM_0052773,N052_C0002770,52
RGM_0052796,N052_C0002771,52
RGM_0052830,N052_C0002772,52
RGM_0052870,N052_C0002773,52
RGM_0052937,N052_C0002774,52
RGM_0052959,N052_C0002775,52
RGM_0053020,N052_C0002776,52
RGM_0053032,N052_C0002777,52
RGM_0053097,N052_C0002778,52
RGM_0053105,N052_C0002778,52
RGM_0053117,N052_C0002779,52
RGM_0053196,N052_C0002780,52
RGM_0053194,N052_C0002780,52
RGM_0053208,N052_C0002781,52
RGM_0053247,N052_C0002782,52
RGM_0053252,N052_C0002782,52
RGM_0053261,N052_C0002783,52
RGM_0053268,N052_C0002783,52
RGM_0053289,N052_C0002784,52
RGM_0053292,N052_C0002785,52
RGM_0053306,N052_C0002786,52
RGM_0053307,N052_C0002786,52
RGM_0053314,N052_C0002786,52
RGM_0053420,N052_C0002787,52
RGM_0053447,N052_C0002788,52
RGM_0053482,N052_C0002789,52
RGM_0053489,N052_C0002790,52
RGM_0053500,N052_C0002791,52
RGM_0053501,N052_C0002791,52
RGM_0053529,N052_C0002792,52
RGM_0053554,N052_C0002793,52
RGM_0053589,N052_C0002794,52
RGM_0053593,N052_C0002794,52
RGM_0053599,N052_C0002795,52
RGM_0053606,N052_C0002796,52
RGM_0053618,N052_C0002797,52
RGM_0053621,N052_C0002797,52
RGM_0053636,N052_C0002798,52
RGM_0053686,N052_C0002799,52
RGM_0053663,N052_C0002799,52
RGM_0053709,N052_C0002800,52
RGM_0053735,N052_C0002801,52
RGM_0053744,N052_C0002802,52
RGM_0053858,N052_C0002803,52
RGM_0053868,N052_C0002804,52
RGM_0053876,N052_C0002805,52
RGM_0053979,N052_C0002806,52
RGM_0054064,N052_C0002807,52
RGM_0054073,N052_C0002808,52
RGM_0054084,N052_C0002809,52
RGM_0054087,N052_C0002810,52
RGM_0054092,N052_C0002810,52
RGM_0054103,N052_C0002811,52
RGM_0054110,N052_C0002812,52
RGM_0054125,N052_C0002813,52
RGM_0054135,N052_C0002814,52
RGM_0054156,N052_C0002815,52
RGM_0054148,N052_C0002815,52
RGM_0054190,N052_C0002816,52
RGM_0054194,N052_C0002816,52
RGM_0054197,N052_C0002817,52
RGM_0054221,N052_C0002818,52
RGM_0054236,N052_C0002819,52
RGM_0054257,N052_C0002820,52
RGM_0054280,N052_C0002821,52
RGM_0054310,N052_C0002822,52
RGM_0054327,N052_C0002823,52
RGM_0054330,N052_C0002823,52
RGM_0054372,N052_C0002824,52
RGM_0054435,N052_C0002825,52
RGM_0054432,N052_C0002825,52
RGM_0054439,N052_C0002825,52
RGM_0054455,N052_C0002826,52
RGM_0054464,N052_C0002827,52
RGM_0054504,N052_C0002828,52
RGM_0054537,N052_C0002829,52
RGM_0054549,N052_C0002830,52
RGM_0054622,N052_C0002831,52
RGM_0054635,N052_C0002832,52
RGM_0054688,N052_C0002833,52
RGM_0054804,N052_C0002834,52
RGM_0054827,N052_C0002835,52
RGM_0054830,N052_C0002835,52
RGM_0054839,N052_C0002836,52
RGM_0054863,N052_C0002837,52
RGM_0054860,N052_C0002837,52
RGM_0054884,N052_C0002838,52
RGM_0054904,N052_C0002839,52
RGM_0054928,N052_C0002840,52
RGM_0054936,N052_C0002841,52
RGM_0054946,N052_C0002841,52
RGM_0054948,N052_C0002841,52
RGM_0054973,N052_C0002842,52
RGM_0054978,N052_C0002842,52
RGM_0054981,N052_C0002842,52
RGM_0055005,N052_C0002843,52
RGM_0055008,N052_C0002843,52
RGM_0055012,N052_C0002843,52
RGM_0055045,N052_C0002844,52
RGM_0055050,N052_C0002844,52
RGM_0055055,N052_C0002845,52
RGM_0055125,N052_C0002846,52
RGM_0055152,N052_C0002847,52
RGM_0055163,N052_C0002848,52
RGM_0055212,N052_C0002849,52
RGM_0055232,N052_C0002850,52
RGM_0055233,N052_C0002850,52
RGM_0055252,N052_C0002851,52
RGM_0055294,N052_C0002852,52
RGM_0055296,N052_C0002852,52
RGM_0055316,N052_C0002853,52
RGM_0055317,N052_C0002853,52
RGM_0055327,N052_C0002854,52
RGM_0055344,N052_C0002855,52
RGM_0055354,N052_C0002856,52
RGM_0055355,N052_C0002856,52
RGM_0055426,N052_C0002857,52
RGM_0055481,N052_C0002858,52
RGM_0055490,N052_C0002859,52
RGM_0055498,N052_C0002859,52
RGM_0055582,N052_C0002860,52
RGM_0055584,N052_C0002860,52
RGM_0055596,N052_C0002861,52
RGM_0055667,N052_C0002862,52
RGM_0055670,N052_C0002862,52
RGM_0055674,N052_C0002863,52
RGM_0055716,N052_C0002864,52
RGM_0055758,N052_C0002865,52
RGM_0055759,N052_C0002865,52
RGM_0055797,N052_C0002866,52
RGM_0055860,N052_C0002867,52
RGM_0055896,N052_C0002868,52
RGM_0055905,N052_C0002868,52
RGM_0055908,N052_C0002868,52
RGM_0055922,N052_C0002869,52
RGM_0055938,N052_C0002870,52
RGM_0055952,N052_C0002871,52
RGM_0056059,N052_C0002872,52
RGM_0056081,N052_C0002873,52
RGM_0056142,N052_C0002874,52
RGM_0056158,N052_C0002875,52
RGM_0056170,N052_C0002876,52
RGM_0056187,N052_C0002877,52
RGM_0056193,N052_C0002878,52
RGM_0056199,N052_C0002878,52
RGM_0056213,N052_C0002878,52
RGM_0056231,N052_C0002879,52
RGM_0056296,N052_C0002880,52
RGM_0056300,N052_C0002880,52
RGM_0056317,N052_C0002881,52
RGM_0056405,N052_C0002882,52
RGM_0056432,N052_C0002883,52
RGM_0056451,N052_C0002883,52
RGM_0056471,N052_C0002884,52
RGM_0056455,N052_C0002884,52
RGM_0056539,N052_C0002885,52
RGM_0056599,N052_C0002886,52
RGM_0056610,N052_C0002887,52
RGM_0056631,N052_C0002888,52
RGM_0056659,N052_C0002889,52
RGM_0056737,N052_C0002890,52
RGM_0056742,N052_C0002890,52
RGM_0056753,N052_C0002891,52
RGM_0056829,N052_C0002892,52
RGM_0056843,N052_C0002893,52
RGM_0056956,N052_C0002894,52
RGM_0056966,N052_C0002894,52
RGM_0057040,N052_C0002895,52
RGM_0057138,N052_C0002896,52
RGM_0057182,N052_C0002897,52
RGM_0057191,N052_C0002897,52
RGM_0057281,N052_C0002898,52
RGM_0057307,N052_C0002899,52
RGM_0057383,N052_C0002900,52
RGM_0057390,N052_C0002900,52
RGM_0057397,N052_C0002901,52
RGM_0057439,N052_C0002901,52
RGM_0057442,N052_C0002902,52
RGM_0057540,N052_C0002903,52
RGM_0057548,N052_C0002903,52
RGM_0057559,N052_C0002904,52
RGM_0057675,N052_C0002905,52
RGM_0057725,N052_C0002906,52
RGM_0057733,N052_C0002906,52
RGM_0057786,N052_C0002907,52
RGM_0057955,N052_C0002908,52
RGM_0058021,N052_C0002909,52
RGM_0058036,N052_C0002909,52
RGM_0058109,N052_C0002910,52
RGM_0058144,N052_C0002911,52
RGM_0058147,N052_C0002911,52
RGM_0058154,N052_C0002911,52
RGM_0058262,N052_C0002912,52
RGM_0058289,N052_C0002913,52
RGM_0058364,N052_C0002914,52
RGM_0058371,N052_C0002915,52
RGM_0058595,N052_C0002916,52
RGM_0058617,N052_C0002916,52
RGM_0058608,N052_C0002916,52
RGM_0058628,N052_C0002916,52
RGM_0058629,N052_C0002916,52
RGM_0058753,N052_C0002917,52
RGM_0058756,N052_C0002917,52
RGM_0058778,N052_C0002918,52
RGM_0058897,N052_C0002919,52
RGM_0058990,N052_C0002920,52
RGM_0059134,N052_C0002921,52
RGM_0059155,N052_C0002922,52
RGM_0059182,N052_C0002922,52
RGM_0059343,N052_C0002923,52
RGM_0059445,N052_C0002924,52
RGM_0059477,N052_C0002925,52
RGM_0059484,N052_C0002925,52
RGM_0059499,N052_C0002926,52
RGM_0059708,N052_C0002927,52
RGM_0059791,N052_C0002928,52
RGM_0059800,N052_C0002928,52
RGM_0059875,N052_C0002929,52
RGM_0059887,N052_C0002929,52
RGM_0059900,N052_C0002930,52
RGM_0059907,N052_C0002930,52
RGM_0059956,N052_C0002931,52
RGM_0059971,N052_C0002932,52
RGM_0060142,N052_C0002933,52
RGM_0060270,N052_C0002934,52
RGM_0060339,N052_C0002935,52
RGM_0060536,N052_C0002936,52
RGM_0060595,N052_C0002937,52
RGM_0060665,N052_C0002938,52
RGM_0060686,N052_C0002939,52
RGM_0060688,N052_C0002939,52
RGM_0060722,N052_C0002940,52
RGM_0060761,N052_C0002941,52
RGM_0060774,N052_C0002941,52
RGM_0060799,N052_C0002942,52
RGM_0060843,N052_C0002943,52
RGM_0061026,N052_C0002944,52
RGM_0061044,N052_C0002944,52
RGM_0061064,N052_C0002945,52
RGM_0061077,N052_C0002946,52
RGM_0061091,N052_C0002946,52
RGM_0061190,N052_C0002947,52
RGM_0061193,N052_C0002947,52
RGM_0061206,N052_C0002948,52
RGM_0061387,N052_C0002949,52
RGM_0061418,N052_C0002950,52
RGM_0061466,N052_C0002951,52
RGM_0061847,N052_C0002952,52
RGM_0062012,N052_C0002953,52
RGM_0062054,N052_C0002954,52
RGM_0062074,N052_C0002955,52
RGM_0062070,N052_C0002955,52
RGM_0062220,N052_C0002956,52
RGM_0062311,N052_C0002957,52
RGM_0062403,N052_C0002958,52
RGM_0062532,N052_C0002959,52
RGM_0062549,N052_C0002960,52
RGM_0062579,N052_C0002960,52
RGM_0062670,N052_C0002961,52
RGM_0062686,N052_C0002962,52
RGM_0062749,N052_C0002963,52
RGM_0062764,N052_C0002964,52
RGM_0062838,N052_C0002965,52
RGM_0062858,N052_C0002966,52
RGM_0062900,N052_C0002966,52
RGM_0062951,N052_C0002967,52
RGM_0062959,N052_C0002968,52
RGM_0063136,N052_C0002969,52
RGM_0063196,N052_C0002970,52
RGM_0063237,N052_C0002971,52
RGM_0063267,N052_C0002972,52
RGM_0063396,N052_C0002973,52
RGM_0063431,N052_C0002973,52
RGM_0063458,N052_C0002974,52
RGM_0063486,N052_C0002975,52
RGM_0063493,N052_C0002975,52
RGM_0063671,N052_C0002976,52
RGM_0063705,N052_C0002977,52
RGM_0063747,N052_C0002978,52
RGM_0063746,N052_C0002978,52
RGM_0063763,N052_C0002978,52
RGM_0063765,N052_C0002978,52
RGM_0063809,N052_C0002979,52
RGM_0064184,N052_C0002980,52
RGM_0064319,N052_C0002981,52
RGM_0064410,N052_C0002982,52
RGM_0064421,N052_C0002982,52
RGM_0064680,N052_C0002983,52
RGM_0064689,N052_C0002983,52
RGM_0064752,N052_C0002984,52
RGM_0064776,N052_C0002985,52
RGM_0065116,N052_C0002986,52
RGM_0065117,N052_C0002986,52
RGM_0065206,N052_C0002987,52
RGM_0065212,N052_C0002987,52
RGM_0065352,N052_C0002988,52
RGM_0065388,N052_C0002989,52
RGM_0065378,N052_C0002989,52
RGM_0065384,N052_C0002989,52
RGM_0065385,N052_C0002989,52
RGM_0065395,N052_C0002989,52
RGM_0065399,N052_C0002989,52
RGM_0065410,N052_C0002990,52
RGM_0065420,N052_C0002991,52
RGM_0065501,N052_C0002992,52
RGM_0065575,N052_C0002993,52
RGM_0065653,N052_C0002994,52
RGM_0065757,N052_C0002995,52
RGM_0065771,N052_C0002996,52
RGM_0065826,N052_C0002997,52
RGM_0065916,N052_C0002998,52
RGM_0065928,N052_C0002999,52
RGM_0065967,N052_C0002999,52
RGM_0065973,N052_C0002999,52
RGM_0066091,N052_C0003000,52
RGM_0066264,N052_C0003001,52
RGM_0066435,N052_C0003002,52
RGM_0066655,N052_C0003003,52
RGM_0066820,N052_C0003004,52
RGM_0067173,N052_C0003005,52
RGM_0067385,N052_C0003006,52
RGM_0067836,N052_C0003007,52
RGM_0068047,N052_C0003008,52
RGM_0068101,N052_C0003009,52
RGM_0068398,N052_C0003010,52
RGM_0068318,N052_C0003010,52
RGM_0068363,N052_C0003010,52
RGM_0068392,N052_C0003010,52
RGM_0068638,N052_C0003011,52
RGM_0068847,N052_C0003012,52
RGM_0068866,N052_C0003013,52
RGM_0068966,N052_C0003014,52
RGM_0068977,N052_C0003014,52
RGM_0068984,N052_C0003015,52
RGM_0069006,N052_C0003016,52
RGM_0069048,N052_C0003017,52
RGM_0069166,N052_C0003018,52
RGM_0069233,N052_C0003019,52
RGM_0069245,N052_C0003020,52
RGM_0069287,N052_C0003021,52
RGM_0069364,N052_C0003022,52
RGM_0069560,N052_C0003023,52
RGM_0069577,N052_C0003024,52
RGM_0069752,N052_C0003025,52
RGM_0070055,N052_C0003026,52
RGM_0070057,N052_C0003026,52
RGM_0070482,N052_C0003027,52
RGM_0070660,N052_C0003028,52
RGM_0070692,N052_C0003029,52
RGM_0070750,N052_C0003030,52
RGM_0070850,N052_C0003031,52
RGM_0070860,N052_C0003031,52
RGM_0070904,N052_C0003032,52
RGM_0070965,N052_C0003033,52
RGM_0071013,N052_C0003034,52
RGM_0071457,N052_C0003035,52
RGM_0071639,N052_C0003036,52
RGM_0071701,N052_C0003037,52
RGM_0071703,N052_C0003037,52
RGM_0071724,N052_C0003037,52
RGM_0071752,N052_C0003038,52
RGM_0071758,N052_C0003038,52
RGM_0071778,N052_C0003039,52
RGM_0071812,N052_C0003040,52
RGM_0071890,N052_C0003041,52
RGM_0071978,N052_C0003042,52
RGM_0071959,N052_C0003042,52
RGM_0072001,N052_C0003043,52
RGM_0072026,N052_C0003044,52
RGM_0072092,N052_C0003045,52
RGM_0072083,N052_C0003045,52
RGM_0072118,N052_C0003046,52
RGM_0072122,N052_C0003046,52
RGM_0072272,N052_C0003047,52
RGM_0072326,N052_C0003048,52
RGM_0072368,N052_C0003049,52
RGM_0072477,N052_C0003050,52
RGM_0072530,N052_C0003051,52
RGM_0072585,N052_C0003052,52
RGM_0072594,N052_C0003053,52
RGM_0072650,N052_C0003054,52
RGM_0072679,N052_C0003055,52
RGM_0080028,N052_C0003056,52
RGM_0080056,N052_C0003056,52
RGM_0088902,N052_C0003057,52
RGM_0089856,N052_C0003058,52
RGM_0089882,N052_C0003059,52
RGM_0089875,N052_C0003059,52
RGM_0095686,N052_C0003060,52
RGM_0095698,N052_C0003061,52
RGM_0095704,N052_C0003061,52
RGM_0095739,N052_C0003062,52
RGM_0097416,N052_C0003063,52
RGM_0097427,N052_C0003063,52
RGM_0097440,N052_C0003063,52
RGM_0104391,N052_C0003064,52
RGM_0107311,N052_C0003065,52
RGM_0108875,N052_C0003066,52
RGM_0108881,N052_C0003066,52
RGM_0108883,N052_C0003066,52
RGM_0108888,N052_C0003066,52
RGM_0108925,N052_C0003066,52
RGM_0108927,N052_C0003066,52
RGM_0108894,N052_C0003066,52
RGM_0108960,N052_C0003066,52
RGM_0108962,N052_C0003066,52
RGM_0109004,N052_C0003066,52
RGM_0109015,N052_C0003066,52
RGM_0109052,N052_C0003066,52
RGM_0109059,N052_C0003066,52
RGM_0249792,N052_C0003067,52
RGM_0034603,N053_C0003068,53
RGM_0035225,N053_C0003069,53
RGM_0037276,N053_C0003070,53
RGM_0037911,N053_C0003071,53
RGM_0039120,N053_C0003072,53
RGM_0039575,N053_C0003073,53
RGM_0039656,N053_C0003074,53
RGM_0039683,N053_C0003075,53
RGM_0039696,N053_C0003075,53
RGM_0039740,N053_C0003076,53
RGM_0039867,N053_C0003077,53
RGM_0040201,N053_C0003078,53
RGM_0040235,N053_C0003079,53
RGM_0040316,N053_C0003080,53
RGM_0040864,N053_C0003081,53
RGM_0041404,N053_C0003082,53
RGM_0041585,N053_C0003082,53
RGM_0041378,N053_C0003082,53
RGM_0041596,N053_C0003082,53
RGM_0043472,N053_C0003083,53
RGM_0043635,N053_C0003084,53
RGM_0043708,N053_C0003085,53
RGM_0044848,N053_C0003086,53
RGM_0044862,N053_C0003086,53
RGM_0044901,N053_C0003087,53
RGM_0045119,N053_C0003088,53
RGM_0045471,N053_C0003089,53
RGM_0045552,N053_C0003090,53
RGM_0046837,N053_C0003091,53
RGM_0047144,N053_C0003092,53
RGM_0047310,N053_C0003093,53
RGM_0047807,N053_C0003094,53
RGM_0048367,N053_C0003095,53
RGM_0048455,N053_C0003096,53
RGM_0048518,N053_C0003097,53
RGM_0048623,N053_C0003098,53
RGM_0048794,N053_C0003099,53
RGM_0048956,N053_C0003100,53
RGM_0049030,N053_C0003101,53
RGM_0049585,N053_C0003102,53
RGM_0049607,N053_C0003103,53
RGM_0049738,N053_C0003104,53
RGM_0049817,N053_C0003105,53
RGM_0049888,N053_C0003106,53
RGM_0049885,N053_C0003106,53
RGM_0049919,N053_C0003107,53
RGM_0049974,N053_C0003108,53
RGM_0050083,N053_C0003109,53
RGM_0050101,N053_C0003110,53
RGM_0050109,N053_C0003111,53
RGM_0050165,N053_C0003112,53
RGM_0050270,N053_C0003113,53
RGM_0050268,N053_C0003113,53
RGM_0050471,N053_C0003114,53
RGM_0050564,N053_C0003115,53
RGM_0050566,N053_C0003115,53
RGM_0050604,N053_C0003116,53
RGM_0050620,N053_C0003117,53
RGM_0050629,N053_C0003117,53
RGM_0050652,N053_C0003118,53
RGM_0050654,N053_C0003118,53
RGM_0050838,N053_C0003119,53
RGM_0050848,N053_C0003120,53
RGM_0050945,N053_C0003121,53
RGM_0051251,N053_C0003122,53
RGM_0051408,N053_C0003123,53
RGM_0051451,N053_C0003124,53
RGM_0051519,N053_C0003125,53
RGM_0051549,N053_C0003126,53
RGM_0051623,N053_C0003127,53
RGM_0051640,N053_C0003128,53
RGM_0051681,N053_C0003129,53
RGM_0051785,N053_C0003130,53
RGM_0051812,N053_C0003131,53
RGM_0051809,N053_C0003131,53
RGM_0051829,N053_C0003132,53
RGM_0051878,N053_C0003133,53
RGM_0051901,N053_C0003133,53
RGM_0051891,N053_C0003133,53
RGM_0051956,N053_C0003133,53
RGM_0051943,N053_C0003133,53
RGM_0052039,N053_C0003134,53
RGM_0052043,N053_C0003134,53
RGM_0052061,N053_C0003134,53
RGM_0052173,N053_C0003135,53
RGM_0052177,N053_C0003136,53
RGM_0052223,N053_C0003137,53
RGM_0052317,N053_C0003138,53
RGM_0052349,N053_C0003139,53
RGM_0052459,N053_C0003140,53
RGM_0052480,N053_C0003141,53
RGM_0052532,N053_C0003142,53
RGM_0052563,N053_C0003143,53
RGM_0052595,N053_C0003144,53
RGM_0052639,N053_C0003145,53
RGM_0052708,N053_C0003146,53
RGM_0052701,N053_C0003146,53
RGM_0052799,N053_C0003147,53
RGM_0052864,N053_C0003148,53
RGM_0052903,N053_C0003149,53
RGM_0052945,N053_C0003150,53
RGM_0053019,N053_C0003151,53
RGM_0053033,N053_C0003152,53
RGM_0053099,N053_C0003153,53
RGM_0053107,N053_C0003154,53
RGM_0053135,N053_C0003155,53
RGM_0053265,N053_C0003156,53
RGM_0053290,N053_C0003157,53
RGM_0053304,N053_C0003158,53
RGM_0053311,N053_C0003159,53
RGM_0053385,N053_C0003160,53
RGM_0053490,N053_C0003161,53
RGM_0053526,N053_C0003162,53
RGM_0053533,N053_C0003163,53
RGM_0053620,N053_C0003164,53
RGM_0053628,N053_C0003164,53
RGM_0053635,N053_C0003165,53
RGM_0053645,N053_C0003166,53
RGM_0053653,N053_C0003166,53
RGM_0053801,N053_C0003167,53
RGM_0053859,N053_C0003168,53
RGM_0053874,N053_C0003169,53
RGM_0053976,N053_C0003170,53
RGM_0054052,N053_C0003171,53
RGM_0054105,N053_C0003172,53
RGM_0054133,N053_C0003173,53
RGM_0054169,N053_C0003174,53
RGM_0054255,N053_C0003175,53
RGM_0054302,N053_C0003176,53
RGM_0054309,N053_C0003177,53
RGM_0054320,N053_C0003178,53
RGM_0054500,N053_C0003179,53
RGM_0054614,N053_C0003180,53
RGM_0054617,N053_C0003180,53
RGM_0054806,N053_C0003181,53
RGM_0054828,N053_C0003181,53
RGM_0054859,N053_C0003182,53
RGM_0055051,N053_C0003183,53
RGM_0055059,N053_C0003183,53
RGM_0055341,N053_C0003184,53
RGM_0055472,N053_C0003185,53
RGM_0055495,N053_C0003186,53
RGM_0055705,N053_C0003187,53
RGM_0055710,N053_C0003188,53
RGM_0055875,N053_C0003189,53
RGM_0055906,N053_C0003190,53
RGM_0055920,N053_C0003191,53
RGM_0056052,N053_C0003192,53
RGM_0056075,N053_C0003193,53
RGM_0056166,N053_C0003194,53
RGM_0056292,N053_C0003195,53
RGM_0056441,N053_C0003196,53
RGM_0056475,N053_C0003197,53
RGM_0056591,N053_C0003198,53
RGM_0056609,N053_C0003199,53
RGM_0056633,N053_C0003200,53
RGM_0056650,N053_C0003201,53
RGM_0056848,N053_C0003202,53
RGM_0057149,N053_C0003203,53
RGM_0057293,N053_C0003204,53
RGM_0057529,N053_C0003205,53
RGM_0057941,N053_C0003206,53
RGM_0058102,N053_C0003207,53
RGM_0058267,N053_C0003208,53
RGM_0058291,N053_C0003209,53
RGM_0058376,N053_C0003210,53
RGM_0058422,N053_C0003211,53
RGM_0058610,N053_C0003212,53
RGM_0058993,N053_C0003213,53
RGM_0059121,N053_C0003214,53
RGM_0059186,N053_C0003215,53
RGM_0059702,N053_C0003216,53
RGM_0059965,N053_C0003217,53
RGM_0060135,N053_C0003218,53
RGM_0060670,N053_C0003219,53
RGM_0060716,N053_C0003220,53
RGM_0060854,N053_C0003221,53
RGM_0061019,N053_C0003222,53
RGM_0061095,N053_C0003223,53
RGM_0061449,N053_C0003224,53
RGM_0061465,N053_C0003225,53
RGM_0061599,N053_C0003226,53
RGM_0061636,N053_C0003227,53
RGM_0061853,N053_C0003228,53
RGM_0061997,N053_C0003229,53
RGM_0062064,N053_C0003230,53
RGM_0062152,N053_C0003231,53
RGM_0062230,N053_C0003232,53
RGM_0062363,N053_C0003233,53
RGM_0062397,N053_C0003234,53
RGM_0062526,N053_C0003235,53
RGM_0062658,N053_C0003236,53
RGM_0062715,N053_C0003237,53
RGM_0062741,N053_C0003238,53
RGM_0062859,N053_C0003239,53
RGM_0062908,N053_C0003240,53
RGM_0062961,N053_C0003241,53
RGM_0063122,N053_C0003242,53
RGM_0063345,N053_C0003243,53
RGM_0063370,N053_C0003244,53
RGM_0063402,N053_C0003244,53
RGM_0063624,N053_C0003245,53
RGM_0063704,N053_C0003246,53
RGM_0063739,N053_C0003247,53
RGM_0063780,N053_C0003248,53
RGM_0063782,N053_C0003248,53
RGM_0063811,N053_C0003249,53
RGM_0064112,N053_C0003250,53
RGM_0064120,N053_C0003250,53
RGM_0064663,N053_C0003251,53
RGM_0065205,N053_C0003252,53
RGM_0065828,N053_C0003253,53
RGM_0065918,N053_C0003254,53
RGM_0067554,N053_C0003255,53
RGM_0068396,N053_C0003256,53
RGM_0068672,N053_C0003257,53
RGM_0068762,N053_C0003258,53
RGM_0068854,N053_C0003259,53
RGM_0068970,N053_C0003260,53
RGM_0068973,N053_C0003260,53
RGM_0069174,N053_C0003261,53
RGM_0069167,N053_C0003261,53
RGM_0069288,N053_C0003262,53
RGM_0070677,N053_C0003263,53
RGM_0071756,N053_C0003264,53
RGM_0071980,N053_C0003265,53
RGM_0072002,N053_C0003266,53
RGM_0072129,N053_C0003267,53
RGM_0072384,N053_C0003268,53
RGM_0072575,N053_C0003269,53
RGM_0072598,N053_C0003270,53
RGM_0080025,N053_C0003271,53
RGM_0080032,N053_C0003271,53
RGM_0089880,N053_C0003272,53
RGM_0108612,N053_C0003273,53
RGM_0108873,N053_C0003274,53
RGM_0108904,N053_C0003274,53
RGM_0108937,N053_C0003274,53
RGM_0108965,N053_C0003274,53
RGM_0128924,N053_C0003275,53
RGM_0249788,N053_C0003276,53
RGM_0299410,N053_C0003277,53
RGM_0033757,N054_C0003278,54
RGM_0037500,N054_C0003279,54
RGM_0039117,N054_C0003280,54
RGM_0039564,N054_C0003281,54
RGM_0039573,N054_C0003281,54
RGM_0039738,N054_C0003282,54
RGM_0040216,N054_C0003283,54
RGM_0041361,N054_C0003284,54
RGM_0041623,N054_C0003285,54
RGM_0043475,N054_C0003286,54
RGM_0043562,N054_C0003287,54
RGM_0043691,N054_C0003288,54
RGM_0043703,N054_C0003288,54
RGM_0043849,N054_C0003289,54
RGM_0043989,N054_C0003290,54
RGM_0044560,N054_C0003291,54
RGM_0044548,N054_C0003291,54
RGM_0044872,N054_C0003292,54
RGM_0046827,N054_C0003293,54
RGM_0047304,N054_C0003294,54
RGM_0047473,N054_C0003295,54
RGM_0048200,N054_C0003296,54
RGM_0048386,N054_C0003297,54
RGM_0048742,N054_C0003298,54
RGM_0049053,N054_C0003299,54
RGM_0049977,N054_C0003300,54
RGM_0050077,N054_C0003301,54
RGM_0050435,N054_C0003302,54
RGM_0050470,N054_C0003303,54
RGM_0050522,N054_C0003304,54
RGM_0050757,N054_C0003305,54
RGM_0050836,N054_C0003306,54
RGM_0051144,N054_C0003307,54
RGM_0051146,N054_C0003307,54
RGM_0051409,N054_C0003308,54
RGM_0051678,N054_C0003309,54
RGM_0051712,N054_C0003309,54
RGM_0051689,N054_C0003309,54
RGM_0051743,N054_C0003310,54
RGM_0051874,N054_C0003311,54
RGM_0051893,N054_C0003312,54
RGM_0051971,N054_C0003312,54
RGM_0051930,N054_C0003312,54
RGM_0051947,N054_C0003312,54
RGM_0052030,N054_C0003313,54
RGM_0052049,N054_C0003314,54
RGM_0052058,N054_C0003314,54
RGM_0052209,N054_C0003315,54
RGM_0052219,N054_C0003316,54
RGM_0052226,N054_C0003316,54
RGM_0052315,N054_C0003317,54
RGM_0052482,N054_C0003318,54
RGM_0052564,N054_C0003319,54
RGM_0052582,N054_C0003320,54
RGM_0052619,N054_C0003321,54
RGM_0052605,N054_C0003321,54
RGM_0052682,N054_C0003322,54
RGM_0052699,N054_C0003323,54
RGM_0053094,N054_C0003324,54
RGM_0053118,N054_C0003325,54
RGM_0053138,N054_C0003326,54
RGM_0053210,N054_C0003327,54
RGM_0053419,N054_C0003328,54
RGM_0053444,N054_C0003329,54
RGM_0053502,N054_C0003330,54
RGM_0053559,N054_C0003331,54
RGM_0053612,N054_C0003332,54
RGM_0053681,N054_C0003333,54
RGM_0053665,N054_C0003333,54
RGM_0053764,N054_C0003334,54
RGM_0053772,N054_C0003335,54
RGM_0053797,N054_C0003336,54
RGM_0053803,N054_C0003337,54
RGM_0053813,N054_C0003338,54
RGM_0053865,N054_C0003339,54
RGM_0053974,N054_C0003340,54
RGM_0054028,N054_C0003341,54
RGM_0054149,N054_C0003342,54
RGM_0054198,N054_C0003343,54
RGM_0054298,N054_C0003344,54
RGM_0054546,N054_C0003345,54
RGM_0054559,N054_C0003346,54
RGM_0054636,N054_C0003347,54
RGM_0054829,N054_C0003348,54
RGM_0055053,N054_C0003349,54
RGM_0055157,N054_C0003350,54
RGM_0055256,N054_C0003351,54
RGM_0055292,N054_C0003352,54
RGM_0055353,N054_C0003353,54
RGM_0055702,N054_C0003354,54
RGM_0055711,N054_C0003355,54
RGM_0055755,N054_C0003356,54
RGM_0055807,N054_C0003357,54
RGM_0055842,N054_C0003357,54
RGM_0055861,N054_C0003357,54
RGM_0056278,N054_C0003358,54
RGM_0056350,N054_C0003359,54
RGM_0056453,N054_C0003360,54
RGM_0056443,N054_C0003360,54
RGM_0056598,N054_C0003361,54
RGM_0056728,N054_C0003362,54
RGM_0056723,N054_C0003362,54
RGM_0056846,N054_C0003363,54
RGM_0056970,N054_C0003364,54
RGM_0057146,N054_C0003365,54
RGM_0057198,N054_C0003366,54
RGM_0057527,N054_C0003367,54
RGM_0057603,N054_C0003368,54
RGM_0057616,N054_C0003369,54
RGM_0057789,N054_C0003370,54
RGM_0057953,N054_C0003371,54
RGM_0058018,N054_C0003372,54
RGM_0058045,N054_C0003372,54
RGM_0058100,N054_C0003373,54
RGM_0058148,N054_C0003374,54
RGM_0058271,N054_C0003375,54
RGM_0058360,N054_C0003376,54
RGM_0058402,N054_C0003377,54
RGM_0058424,N054_C0003377,54
RGM_0058597,N054_C0003378,54
RGM_0058604,N054_C0003379,54
RGM_0058618,N054_C0003379,54
RGM_0058729,N054_C0003380,54
RGM_0058739,N054_C0003380,54
RGM_0058975,N054_C0003381,54
RGM_0059150,N054_C0003382,54
RGM_0059167,N054_C0003382,54
RGM_0059714,N054_C0003383,54
RGM_0059867,N054_C0003384,54
RGM_0059913,N054_C0003385,54
RGM_0060315,N054_C0003386,54
RGM_0060652,N054_C0003387,54
RGM_0060723,N054_C0003388,54
RGM_0060738,N054_C0003388,54
RGM_0060778,N054_C0003389,54
RGM_0060812,N054_C0003390,54
RGM_0060850,N054_C0003391,54
RGM_0060920,N054_C0003392,54
RGM_0061024,N054_C0003393,54
RGM_0061096,N054_C0003394,54
RGM_0061104,N054_C0003395,54
RGM_0061187,N054_C0003396,54
RGM_0061341,N054_C0003397,54
RGM_0061590,N054_C0003398,54
RGM_0061869,N054_C0003399,54
RGM_0062053,N054_C0003400,54
RGM_0062069,N054_C0003401,54
RGM_0062096,N054_C0003402,54
RGM_0062100,N054_C0003402,54
RGM_0062235,N054_C0003403,54
RGM_0062355,N054_C0003404,54
RGM_0062688,N054_C0003405,54
RGM_0062745,N054_C0003406,54
RGM_0062740,N054_C0003406,54
RGM_0062751,N054_C0003406,54
RGM_0063368,N054_C0003407,54
RGM_0063399,N054_C0003407,54
RGM_0063425,N054_C0003407,54
RGM_0063708,N054_C0003408,54
RGM_0063752,N054_C0003409,54
RGM_0063806,N054_C0003410,54
RGM_0063863,N054_C0003411,54
RGM_0063925,N054_C0003412,54
RGM_0064106,N054_C0003413,54
RGM_0064111,N054_C0003413,54
RGM_0064313,N054_C0003414,54
RGM_0064323,N054_C0003415,54
RGM_0064330,N054_C0003415,54
RGM_0064544,N054_C0003416,54
RGM_0064774,N054_C0003417,54
RGM_0065418,N054_C0003418,54
RGM_0065831,N054_C0003419,54
RGM_0065914,N054_C0003420,54
RGM_0065923,N054_C0003421,54
RGM_0067181,N054_C0003422,54
RGM_0067777,N054_C0003423,54
RGM_0067783,N054_C0003424,54
RGM_0067914,N054_C0003425,54
RGM_0068143,N054_C0003426,54
RGM_0068145,N054_C0003427,54
RGM_0068280,N054_C0003428,54
RGM_0068319,N054_C0003429,54
RGM_0068360,N054_C0003430,54
RGM_0068370,N054_C0003430,54
RGM_0068390,N054_C0003431,54
RGM_0068849,N054_C0003432,54
RGM_0068940,N054_C0003433,54
RGM_0070906,N054_C0003434,54
RGM_0070986,N054_C0003435,54
RGM_0071815,N054_C0003436,54
RGM_0071962,N054_C0003437,54
RGM_0072012,N054_C0003438,54
RGM_0108858,N054_C0003439,54
RGM_0108893,N054_C0003440,54
RGM_0108947,N054_C0003441,54
RGM_0109035,N054_C0003442,54
RGM_0218295,N054_C0003443,54
RGM_0236393,N054_C0003444,54
RGM_0249716,N054_C0003445,54
RGM_0249762,N054_C0003445,54
RGM_0249786,N054_C0003446,54
RGM_0033246,N055_C0003447,55
RGM_0033497,N055_C0003448,55
RGM_0038779,N055_C0003449,55
RGM_0038813,N055_C0003450,55
RGM_0039098,N055_C0003451,55
RGM_0039103,N055_C0003451,55
RGM_0039105,N055_C0003451,55
RGM_0039170,N055_C0003452,55
RGM_0039378,N055_C0003453,55
RGM_0039590,N055_C0003454,55
RGM_0039613,N055_C0003455,55
RGM_0039728,N055_C0003456,55
RGM_0039697,N055_C0003456,55
RGM_0039736,N055_C0003456,55
RGM_0040204,N055_C0003457,55
RGM_0040207,N055_C0003458,55
RGM_0041595,N055_C0003459,55
RGM_0043561,N055_C0003460,55
RGM_0043563,N055_C0003460,55
RGM_0043627,N055_C0003461,55
RGM_0043689,N055_C0003462,55
RGM_0043698,N055_C0003462,55
RGM_0043975,N055_C0003463,55
RGM_0045122,N055_C0003464,55
RGM_0045235,N055_C0003465,55
RGM_0046831,N055_C0003466,55
RGM_0046891,N055_C0003467,55
RGM_0046901,N055_C0003467,55
RGM_0046924,N055_C0003468,55
RGM_0047146,N055_C0003469,55
RGM_0047179,N055_C0003470,55
RGM_0047182,N055_C0003470,55
RGM_0047206,N055_C0003471,55
RGM_0047228,N055_C0003472,55
RGM_0047268,N055_C0003473,55
RGM_0047302,N055_C0003474,55
RGM_0047308,N055_C0003474,55
RGM_0047478,N055_C0003475,55
RGM_0047500,N055_C0003476,55
RGM_0047560,N055_C0003477,55
RGM_0047569,N055_C0003478,55
RGM_0047578,N055_C0003479,55
RGM_0047586,N055_C0003479,55
RGM_0047615,N055_C0003480,55
RGM_0047637,N055_C0003481,55
RGM_0047816,N055_C0003482,55
RGM_0047817,N055_C0003482,55
RGM_0047833,N055_C0003483,55
RGM_0047853,N055_C0003484,55
RGM_0047909,N055_C0003485,55
RGM_0048250,N055_C0003486,55
RGM_0048298,N055_C0003487,55
RGM_0048300,N055_C0003487,55
RGM_0048316,N055_C0003488,55
RGM_0048364,N055_C0003489,55
RGM_0048380,N055_C0003490,55
RGM_0048413,N055_C0003491,55
RGM_0048425,N055_C0003492,55
RGM_0048470,N055_C0003493,55
RGM_0048471,N055_C0003493,55
RGM_0048472,N055_C0003494,55
RGM_0048527,N055_C0003495,55
RGM_0048546,N055_C0003495,55
RGM_0048622,N055_C0003496,55
RGM_0048650,N055_C0003497,55
RGM_0048711,N055_C0003498,55
RGM_0048717,N055_C0003498,55
RGM_0048798,N055_C0003499,55
RGM_0048820,N055_C0003500,55
RGM_0048829,N055_C0003501,55
RGM_0048852,N055_C0003502,55
RGM_0049036,N055_C0003503,55
RGM_0049034,N055_C0003503,55
RGM_0049159,N055_C0003504,55
RGM_0049174,N055_C0003504,55
RGM_0049170,N055_C0003504,55
RGM_0049255,N055_C0003505,55
RGM_0049256,N055_C0003505,55
RGM_0049476,N055_C0003506,55
RGM_0049506,N055_C0003507,55
RGM_0049538,N055_C0003508,55
RGM_0049581,N055_C0003509,55
RGM_0049597,N055_C0003510,55
RGM_0049590,N055_C0003510,55
RGM_0049609,N055_C0003511,55
RGM_0049627,N055_C0003512,55
RGM_0049630,N055_C0003513,55
RGM_0049672,N055_C0003514,55
RGM_0049668,N055_C0003514,55
RGM_0049692,N055_C0003515,55
RGM_0049695,N055_C0003515,55
RGM_0049742,N055_C0003516,55
RGM_0049762,N055_C0003517,55
RGM_0049812,N055_C0003518,55
RGM_0049830,N055_C0003519,55
RGM_0049837,N055_C0003520,55
RGM_0049861,N055_C0003521,55
RGM_0049866,N055_C0003521,55
RGM_0049886,N055_C0003522,55
RGM_0049915,N055_C0003523,55
RGM_0049920,N055_C0003523,55
RGM_0049970,N055_C0003524,55
RGM_0050001,N055_C0003525,55
RGM_0050010,N055_C0003526,55
RGM_0050007,N055_C0003526,55
RGM_0050014,N055_C0003527,55
RGM_0050085,N055_C0003528,55
RGM_0050111,N055_C0003529,55
RGM_0050131,N055_C0003530,55
RGM_0050134,N055_C0003530,55
RGM_0050155,N055_C0003531,55
RGM_0050167,N055_C0003532,55
RGM_0050219,N055_C0003533,55
RGM_0050267,N055_C0003534,55
RGM_0050283,N055_C0003535,55
RGM_0050298,N055_C0003536,55
RGM_0050324,N055_C0003537,55
RGM_0050377,N055_C0003538,55
RGM_0050387,N055_C0003539,55
RGM_0050433,N055_C0003540,55
RGM_0050469,N055_C0003541,55
RGM_0050477,N055_C0003542,55
RGM_0050479,N055_C0003542,55
RGM_0050485,N055_C0003543,55
RGM_0050510,N055_C0003544,55
RGM_0050517,N055_C0003545,55
RGM_0050523,N055_C0003545,55
RGM_0050550,N055_C0003546,55
RGM_0050556,N055_C0003546,55
RGM_0050573,N055_C0003547,55
RGM_0050567,N055_C0003547,55
RGM_0050584,N055_C0003548,55
RGM_0050588,N055_C0003548,55
RGM_0050601,N055_C0003549,55
RGM_0050617,N055_C0003550,55
RGM_0050623,N055_C0003550,55
RGM_0050657,N055_C0003551,55
RGM_0050715,N055_C0003552,55
RGM_0050722,N055_C0003553,55
RGM_0050772,N055_C0003554,55
RGM_0050768,N055_C0003554,55
RGM_0050785,N055_C0003555,55
RGM_0050853,N055_C0003556,55
RGM_0050873,N055_C0003557,55
RGM_0050886,N055_C0003558,55
RGM_0050903,N055_C0003559,55
RGM_0050934,N055_C0003560,55
RGM_0051017,N055_C0003561,55
RGM_0051021,N055_C0003561,55
RGM_0051034,N055_C0003562,55
RGM_0051061,N055_C0003563,55
RGM_0051075,N055_C0003564,55
RGM_0051117,N055_C0003565,55
RGM_0051121,N055_C0003566,55
RGM_0051125,N055_C0003567,55
RGM_0051160,N055_C0003568,55
RGM_0051220,N055_C0003569,55
RGM_0051233,N055_C0003570,55
RGM_0051237,N055_C0003571,55
RGM_0051242,N055_C0003571,55
RGM_0051250,N055_C0003572,55
RGM_0051347,N055_C0003573,55
RGM_0051389,N055_C0003574,55
RGM_0051393,N055_C0003574,55
RGM_0051422,N055_C0003575,55
RGM_0051429,N055_C0003576,55
RGM_0051477,N055_C0003577,55
RGM_0051536,N055_C0003578,55
RGM_0051552,N055_C0003579,55
RGM_0051620,N055_C0003580,55
RGM_0051717,N055_C0003581,55
RGM_0051746,N055_C0003582,55
RGM_0051826,N055_C0003583,55
RGM_0051835,N055_C0003584,55
RGM_0051859,N055_C0003585,55
RGM_0051870,N055_C0003586,55
RGM_0051887,N055_C0003587,55
RGM_0052041,N055_C0003588,55
RGM_0052056,N055_C0003589,55
RGM_0052117,N055_C0003590,55
RGM_0052211,N055_C0003591,55
RGM_0052272,N055_C0003592,55
RGM_0052276,N055_C0003592,55
RGM_0052287,N055_C0003593,55
RGM_0052353,N055_C0003594,55
RGM_0052558,N055_C0003595,55
RGM_0052579,N055_C0003596,55
RGM_0052589,N055_C0003597,55
RGM_0052606,N055_C0003597,55
RGM_0052645,N055_C0003598,55
RGM_0052680,N055_C0003599,55
RGM_0052685,N055_C0003600,55
RGM_0052693,N055_C0003600,55
RGM_0052902,N055_C0003601,55
RGM_0052922,N055_C0003602,55
RGM_0052952,N055_C0003602,55
RGM_0052955,N055_C0003602,55
RGM_0052975,N055_C0003603,55
RGM_0052973,N055_C0003603,55
RGM_0053134,N055_C0003604,55
RGM_0053143,N055_C0003605,55
RGM_0053192,N055_C0003606,55
RGM_0053250,N055_C0003607,55
RGM_0053270,N055_C0003608,55
RGM_0053400,N055_C0003609,55
RGM_0053445,N055_C0003610,55
RGM_0053479,N055_C0003611,55
RGM_0053478,N055_C0003611,55
RGM_0053499,N055_C0003612,55
RGM_0053553,N055_C0003613,55
RGM_0053552,N055_C0003613,55
RGM_0053560,N055_C0003613,55
RGM_0053591,N055_C0003614,55
RGM_0053608,N055_C0003615,55
RGM_0053619,N055_C0003616,55
RGM_0053622,N055_C0003616,55
RGM_0053632,N055_C0003617,55
RGM_0053633,N055_C0003617,55
RGM_0053648,N055_C0003618,55
RGM_0053643,N055_C0003618,55
RGM_0053683,N055_C0003618,55
RGM_0053655,N055_C0003618,55
RGM_0053707,N055_C0003619,55
RGM_0053740,N055_C0003620,55
RGM_0053794,N055_C0003621,55
RGM_0053863,N055_C0003622,55
RGM_0053875,N055_C0003623,55
RGM_0053986,N055_C0003624,55
RGM_0053972,N055_C0003624,55
RGM_0054022,N055_C0003624,55
RGM_0054049,N055_C0003625,55
RGM_0054067,N055_C0003626,55
RGM_0054062,N055_C0003626,55
RGM_0054070,N055_C0003626,55
RGM_0054074,N055_C0003626,55
RGM_0054081,N055_C0003627,55
RGM_0054088,N055_C0003628,55
RGM_0054093,N055_C0003629,55
RGM_0054121,N055_C0003630,55
RGM_0054163,N055_C0003631,55
RGM_0054258,N055_C0003632,55
RGM_0054289,N055_C0003633,55
RGM_0054324,N055_C0003634,55
RGM_0054350,N055_C0003635,55
RGM_0054392,N055_C0003635,55
RGM_0054419,N055_C0003636,55
RGM_0054482,N055_C0003637,55
RGM_0054462,N055_C0003637,55
RGM_0054468,N055_C0003637,55
RGM_0054491,N055_C0003638,55
RGM_0054510,N055_C0003639,55
RGM_0054538,N055_C0003640,55
RGM_0054543,N055_C0003641,55
RGM_0054560,N055_C0003642,55
RGM_0054615,N055_C0003643,55
RGM_0054725,N055_C0003644,55
RGM_0054778,N055_C0003645,55
RGM_0054793,N055_C0003646,55
RGM_0054803,N055_C0003647,55
RGM_0054824,N055_C0003648,55
RGM_0054841,N055_C0003649,55
RGM_0054857,N055_C0003650,55
RGM_0054945,N055_C0003651,55
RGM_0054976,N055_C0003652,55
RGM_0054985,N055_C0003653,55
RGM_0055017,N055_C0003654,55
RGM_0055034,N055_C0003655,55
RGM_0055044,N055_C0003656,55
RGM_0055049,N055_C0003656,55
RGM_0055052,N055_C0003656,55
RGM_0055064,N055_C0003656,55
RGM_0055077,N055_C0003657,55
RGM_0055095,N055_C0003658,55
RGM_0055150,N055_C0003659,55
RGM_0055158,N055_C0003660,55
RGM_0055160,N055_C0003661,55
RGM_0055208,N055_C0003662,55
RGM_0055218,N055_C0003663,55
RGM_0055321,N055_C0003664,55
RGM_0055320,N055_C0003664,55
RGM_0055342,N055_C0003665,55
RGM_0055352,N055_C0003666,55
RGM_0055482,N055_C0003667,55
RGM_0055493,N055_C0003667,55
RGM_0055595,N055_C0003668,55
RGM_0055703,N055_C0003669,55
RGM_0055817,N055_C0003670,55
RGM_0055839,N055_C0003670,55
RGM_0055850,N055_C0003670,55
RGM_0055873,N055_C0003671,55
RGM_0055918,N055_C0003672,55
RGM_0055927,N055_C0003672,55
RGM_0055954,N055_C0003673,55
RGM_0056053,N055_C0003674,55
RGM_0056069,N055_C0003675,55
RGM_0056159,N055_C0003676,55
RGM_0056163,N055_C0003676,55
RGM_0056195,N055_C0003677,55
RGM_0056234,N055_C0003678,55
RGM_0056310,N055_C0003679,55
RGM_0056363,N055_C0003679,55
RGM_0056403,N055_C0003680,55
RGM_0056434,N055_C0003681,55
RGM_0056461,N055_C0003682,55
RGM_0056466,N055_C0003682,55
RGM_0056538,N055_C0003683,55
RGM_0056593,N055_C0003684,55
RGM_0056641,N055_C0003685,55
RGM_0056632,N055_C0003685,55
RGM_0056704,N055_C0003686,55
RGM_0056716,N055_C0003686,55
RGM_0056718,N055_C0003686,55
RGM_0056735,N055_C0003687,55
RGM_0056746,N055_C0003687,55
RGM_0056756,N055_C0003688,55
RGM_0056962,N055_C0003689,55
RGM_0056989,N055_C0003690,55
RGM_0057027,N055_C0003691,55
RGM_0057049,N055_C0003692,55
RGM_0057153,N055_C0003693,55
RGM_0057131,N055_C0003693,55
RGM_0057142,N055_C0003693,55
RGM_0057176,N055_C0003694,55
RGM_0057196,N055_C0003694,55
RGM_0057207,N055_C0003695,55
RGM_0057295,N055_C0003696,55
RGM_0057299,N055_C0003696,55
RGM_0057318,N055_C0003697,55
RGM_0057334,N055_C0003698,55
RGM_0057341,N055_C0003698,55
RGM_0057400,N055_C0003699,55
RGM_0057436,N055_C0003699,55
RGM_0057443,N055_C0003699,55
RGM_0057563,N055_C0003700,55
RGM_0057608,N055_C0003701,55
RGM_0057601,N055_C0003701,55
RGM_0057731,N055_C0003702,55
RGM_0057954,N055_C0003703,55
RGM_0058030,N055_C0003704,55
RGM_0058099,N055_C0003705,55
RGM_0058108,N055_C0003706,55
RGM_0058143,N055_C0003707,55
RGM_0058146,N055_C0003707,55
RGM_0058155,N055_C0003707,55
RGM_0058260,N055_C0003708,55
RGM_0058265,N055_C0003708,55
RGM_0058292,N055_C0003709,55
RGM_0058316,N055_C0003710,55
RGM_0058362,N055_C0003711,55
RGM_0058369,N055_C0003712,55
RGM_0058415,N055_C0003713,55
RGM_0058420,N055_C0003713,55
RGM_0058598,N055_C0003714,55
RGM_0058619,N055_C0003715,55
RGM_0058636,N055_C0003716,55
RGM_0058731,N055_C0003717,55
RGM_0058751,N055_C0003717,55
RGM_0058798,N055_C0003718,55
RGM_0058903,N055_C0003719,55
RGM_0058973,N055_C0003720,55
RGM_0058987,N055_C0003720,55
RGM_0059111,N055_C0003721,55
RGM_0059157,N055_C0003722,55
RGM_0059161,N055_C0003722,55
RGM_0059331,N055_C0003723,55
RGM_0059397,N055_C0003724,55
RGM_0059456,N055_C0003725,55
RGM_0059507,N055_C0003726,55
RGM_0059707,N055_C0003727,55
RGM_0059872,N055_C0003728,55
RGM_0059891,N055_C0003728,55
RGM_0059894,N055_C0003728,55
RGM_0059898,N055_C0003729,55
RGM_0059911,N055_C0003729,55
RGM_0059958,N055_C0003730,55
RGM_0060141,N055_C0003731,55
RGM_0060268,N055_C0003732,55
RGM_0060299,N055_C0003733,55
RGM_0060314,N055_C0003734,55
RGM_0060330,N055_C0003734,55
RGM_0060538,N055_C0003735,55
RGM_0060593,N055_C0003736,55
RGM_0060671,N055_C0003737,55
RGM_0060663,N055_C0003737,55
RGM_0060690,N055_C0003737,55
RGM_0060728,N055_C0003738,55
RGM_0060791,N055_C0003739,55
RGM_0060815,N055_C0003740,55
RGM_0060827,N055_C0003741,55
RGM_0060833,N055_C0003742,55
RGM_0060855,N055_C0003742,55
RGM_0060919,N055_C0003743,55
RGM_0061049,N055_C0003744,55
RGM_0061014,N055_C0003744,55
RGM_0061046,N055_C0003744,55
RGM_0061063,N055_C0003744,55
RGM_0061079,N055_C0003745,55
RGM_0061085,N055_C0003745,55
RGM_0061094,N055_C0003745,55
RGM_0061179,N055_C0003746,55
RGM_0061197,N055_C0003746,55
RGM_0061204,N055_C0003747,55
RGM_0061256,N055_C0003748,55
RGM_0061362,N055_C0003749,55
RGM_0061390,N055_C0003750,55
RGM_0061403,N055_C0003751,55
RGM_0061419,N055_C0003752,55
RGM_0061447,N055_C0003753,55
RGM_0061463,N055_C0003754,55
RGM_0061469,N055_C0003754,55
RGM_0061540,N055_C0003755,55
RGM_0061576,N055_C0003756,55
RGM_0061579,N055_C0003756,55
RGM_0061635,N055_C0003757,55
RGM_0061640,N055_C0003757,55
RGM_0061862,N055_C0003758,55
RGM_0061871,N055_C0003758,55
RGM_0061981,N055_C0003759,55
RGM_0062002,N055_C0003760,55
RGM_0062004,N055_C0003760,55
RGM_0062060,N055_C0003761,55
RGM_0062061,N055_C0003761,55
RGM_0062067,N055_C0003762,55
RGM_0062098,N055_C0003763,55
RGM_0062101,N055_C0003763,55
RGM_0062156,N055_C0003764,55
RGM_0062160,N055_C0003765,55
RGM_0062217,N055_C0003766,55
RGM_0062245,N055_C0003767,55
RGM_0062351,N055_C0003768,55
RGM_0062359,N055_C0003768,55
RGM_0062402,N055_C0003769,55
RGM_0062472,N055_C0003770,55
RGM_0062534,N055_C0003771,55
RGM_0062544,N055_C0003771,55
RGM_0062638,N055_C0003772,55
RGM_0062647,N055_C0003772,55
RGM_0062669,N055_C0003773,55
RGM_0062716,N055_C0003774,55
RGM_0062743,N055_C0003775,55
RGM_0062731,N055_C0003775,55
RGM_0062752,N055_C0003775,55
RGM_0062765,N055_C0003775,55
RGM_0062769,N055_C0003775,55
RGM_0062802,N055_C0003776,55
RGM_0062819,N055_C0003777,55
RGM_0062826,N055_C0003777,55
RGM_0062851,N055_C0003777,55
RGM_0062910,N055_C0003778,55
RGM_0062963,N055_C0003779,55
RGM_0062971,N055_C0003780,55
RGM_0063028,N055_C0003781,55
RGM_0063103,N055_C0003782,55
RGM_0063166,N055_C0003783,55
RGM_0063171,N055_C0003783,55
RGM_0063197,N055_C0003784,55
RGM_0063239,N055_C0003785,55
RGM_0063234,N055_C0003785,55
RGM_0063282,N055_C0003786,55
RGM_0063347,N055_C0003787,55
RGM_0063353,N055_C0003788,55
RGM_0063371,N055_C0003789,55
RGM_0063388,N055_C0003789,55
RGM_0063419,N055_C0003789,55
RGM_0063487,N055_C0003790,55
RGM_0063476,N055_C0003790,55
RGM_0063628,N055_C0003791,55
RGM_0063654,N055_C0003792,55
RGM_0063694,N055_C0003792,55
RGM_0063707,N055_C0003792,55
RGM_0063733,N055_C0003793,55
RGM_0063753,N055_C0003794,55
RGM_0063767,N055_C0003794,55
RGM_0063769,N055_C0003794,55
RGM_0063827,N055_C0003795,55
RGM_0063862,N055_C0003796,55
RGM_0063919,N055_C0003797,55
RGM_0064080,N055_C0003798,55
RGM_0064109,N055_C0003799,55
RGM_0064115,N055_C0003799,55
RGM_0064187,N055_C0003800,55
RGM_0064320,N055_C0003801,55
RGM_0064315,N055_C0003801,55
RGM_0064331,N055_C0003802,55
RGM_0064342,N055_C0003803,55
RGM_0064346,N055_C0003803,55
RGM_0064413,N055_C0003804,55
RGM_0064661,N055_C0003805,55
RGM_0064780,N055_C0003806,55
RGM_0065387,N055_C0003807,55
RGM_0065913,N055_C0003808,55
RGM_0065924,N055_C0003808,55
RGM_0065955,N055_C0003809,55
RGM_0065972,N055_C0003809,55
RGM_0066424,N055_C0003810,55
RGM_0066425,N055_C0003810,55
RGM_0067174,N055_C0003811,55
RGM_0067576,N055_C0003812,55
RGM_0067659,N055_C0003813,55
RGM_0067787,N055_C0003814,55
RGM_0067835,N055_C0003815,55
RGM_0067831,N055_C0003815,55
RGM_0067910,N055_C0003816,55
RGM_0067957,N055_C0003817,55
RGM_0068104,N055_C0003818,55
RGM_0068116,N055_C0003819,55
RGM_0068158,N055_C0003820,55
RGM_0068169,N055_C0003820,55
RGM_0068270,N055_C0003821,55
RGM_0068288,N055_C0003822,55
RGM_0068357,N055_C0003822,55
RGM_0068324,N055_C0003822,55
RGM_0068365,N055_C0003822,55
RGM_0068369,N055_C0003822,55
RGM_0068384,N055_C0003822,55
RGM_0068656,N055_C0003823,55
RGM_0068845,N055_C0003824,55
RGM_0068899,N055_C0003825,55
RGM_0068923,N055_C0003825,55
RGM_0068972,N055_C0003826,55
RGM_0069359,N055_C0003827,55
RGM_0069404,N055_C0003828,55
RGM_0069578,N055_C0003829,55
RGM_0069628,N055_C0003830,55
RGM_0070614,N055_C0003831,55
RGM_0070694,N055_C0003832,55
RGM_0070888,N055_C0003833,55
RGM_0070899,N055_C0003834,55
RGM_0071432,N055_C0003835,55
RGM_0071819,N055_C0003836,55
RGM_0071979,N055_C0003837,55
RGM_0072569,N055_C0003838,55
RGM_0108853,N055_C0003839,55
RGM_0108896,N055_C0003840,55
RGM_0108905,N055_C0003840,55
RGM_0226803,N055_C0003841,55
RGM_0236389,N055_C0003842,55
RGM_0249759,N055_C0003843,55
RGM_0292335,N055_C0003844,55
RGM_0292361,N055_C0003845,55
RGM_0299388,N055_C0003846,55
RGM_0031756,N056_C0003847,56
RGM_0033241,N056_C0003848,56
RGM_0033252,N056_C0003848,56
RGM_0038350,N056_C0003849,56
RGM_0038781,N056_C0003850,56
RGM_0039024,N056_C0003851,56
RGM_0039102,N056_C0003852,56
RGM_0039185,N056_C0003853,56
RGM_0039375,N056_C0003854,56
RGM_0039562,N056_C0003855,56
RGM_0040198,N056_C0003856,56
RGM_0047184,N056_C0003857,56
RGM_0047266,N056_C0003858,56
RGM_0047303,N056_C0003859,56
RGM_0047504,N056_C0003860,56
RGM_0047609,N056_C0003861,56
RGM_0047643,N056_C0003862,56
RGM_0047813,N056_C0003863,56
RGM_0047819,N056_C0003863,56
RGM_0047852,N056_C0003864,56
RGM_0048231,N056_C0003865,56
RGM_0048270,N056_C0003866,56
RGM_0048362,N056_C0003867,56
RGM_0048384,N056_C0003868,56
RGM_0048456,N056_C0003869,56
RGM_0048515,N056_C0003870,56
RGM_0048627,N056_C0003871,56
RGM_0048666,N056_C0003872,56
RGM_0048769,N056_C0003873,56
RGM_0048801,N056_C0003874,56
RGM_0048819,N056_C0003875,56
RGM_0048864,N056_C0003876,56
RGM_0048905,N056_C0003877,56
RGM_0048957,N056_C0003878,56
RGM_0048988,N056_C0003879,56
RGM_0049033,N056_C0003880,56
RGM_0049035,N056_C0003880,56
RGM_0049052,N056_C0003881,56
RGM_0049086,N056_C0003882,56
RGM_0049098,N056_C0003883,56
RGM_0049120,N056_C0003884,56
RGM_0049161,N056_C0003885,56
RGM_0049171,N056_C0003885,56
RGM_0049237,N056_C0003886,56
RGM_0049405,N056_C0003887,56
RGM_0049433,N056_C0003888,56
RGM_0049481,N056_C0003889,56
RGM_0049478,N056_C0003889,56
RGM_0049505,N056_C0003890,56
RGM_0049533,N056_C0003891,56
RGM_0049582,N056_C0003892,56
RGM_0049598,N056_C0003892,56
RGM_0049604,N056_C0003893,56
RGM_0049613,N056_C0003894,56
RGM_0049655,N056_C0003895,56
RGM_0049667,N056_C0003896,56
RGM_0049700,N056_C0003897,56
RGM_0049825,N056_C0003898,56
RGM_0049860,N056_C0003899,56
RGM_0049978,N056_C0003900,56
RGM_0050012,N056_C0003901,56
RGM_0050016,N056_C0003901,56
RGM_0050086,N056_C0003902,56
RGM_0050389,N056_C0003903,56
RGM_0050431,N056_C0003904,56
RGM_0050518,N056_C0003905,56
RGM_0050603,N056_C0003906,56
RGM_0050622,N056_C0003907,56
RGM_0050705,N056_C0003908,56
RGM_0050741,N056_C0003909,56
RGM_0050767,N056_C0003910,56
RGM_0050833,N056_C0003911,56
RGM_0050849,N056_C0003912,56
RGM_0050904,N056_C0003913,56
RGM_0050932,N056_C0003914,56
RGM_0051018,N056_C0003915,56
RGM_0051124,N056_C0003916,56
RGM_0051224,N056_C0003917,56
RGM_0051357,N056_C0003918,56
RGM_0051664,N056_C0003919,56
RGM_0051713,N056_C0003920,56
RGM_0051776,N056_C0003921,56
RGM_0051897,N056_C0003922,56
RGM_0052291,N056_C0003923,56
RGM_0052479,N056_C0003924,56
RGM_0052573,N056_C0003925,56
RGM_0052618,N056_C0003926,56
RGM_0052802,N056_C0003927,56
RGM_0052920,N056_C0003928,56
RGM_0052954,N056_C0003929,56
RGM_0052979,N056_C0003930,56
RGM_0053191,N056_C0003931,56
RGM_0053387,N056_C0003932,56
RGM_0053614,N056_C0003933,56
RGM_0053669,N056_C0003934,56
RGM_0053671,N056_C0003934,56
RGM_0053809,N056_C0003935,56
RGM_0053879,N056_C0003936,56
RGM_0053973,N056_C0003937,56
RGM_0054047,N056_C0003938,56
RGM_0054106,N056_C0003939,56
RGM_0054123,N056_C0003940,56
RGM_0054253,N056_C0003941,56
RGM_0054293,N056_C0003942,56
RGM_0054307,N056_C0003943,56
RGM_0054431,N056_C0003944,56
RGM_0054497,N056_C0003945,56
RGM_0054544,N056_C0003946,56
RGM_0054626,N056_C0003947,56
RGM_0054726,N056_C0003948,56
RGM_0054819,N056_C0003949,56
RGM_0054855,N056_C0003950,56
RGM_0054881,N056_C0003951,56
RGM_0054900,N056_C0003952,56
RGM_0055036,N056_C0003953,56
RGM_0055048,N056_C0003953,56
RGM_0055219,N056_C0003954,56
RGM_0055479,N056_C0003955,56
RGM_0055664,N056_C0003956,56
RGM_0055672,N056_C0003956,56
RGM_0055673,N056_C0003956,56
RGM_0055701,N056_C0003957,56
RGM_0055709,N056_C0003958,56
RGM_0055844,N056_C0003959,56
RGM_0055848,N056_C0003959,56
RGM_0055878,N056_C0003960,56
RGM_0055924,N056_C0003961,56
RGM_0056049,N056_C0003962,56
RGM_0056071,N056_C0003963,56
RGM_0056214,N056_C0003964,56
RGM_0056287,N056_C0003965,56
RGM_0056313,N056_C0003966,56
RGM_0056347,N056_C0003966,56
RGM_0056397,N056_C0003967,56
RGM_0056438,N056_C0003968,56
RGM_0056470,N056_C0003969,56
RGM_0056630,N056_C0003970,56
RGM_0056655,N056_C0003971,56
RGM_0056738,N056_C0003972,56
RGM_0056743,N056_C0003972,56
RGM_0056750,N056_C0003973,56
RGM_0056940,N056_C0003974,56
RGM_0056968,N056_C0003974,56
RGM_0057116,N056_C0003975,56
RGM_0057135,N056_C0003975,56
RGM_0057195,N056_C0003976,56
RGM_0057279,N056_C0003977,56
RGM_0057297,N056_C0003978,56
RGM_0057441,N056_C0003979,56
RGM_0057600,N056_C0003980,56
RGM_0058104,N056_C0003981,56
RGM_0058106,N056_C0003982,56
RGM_0058136,N056_C0003983,56
RGM_0058157,N056_C0003983,56
RGM_0058275,N056_C0003984,56
RGM_0058355,N056_C0003985,56
RGM_0058380,N056_C0003986,56
RGM_0058414,N056_C0003986,56
RGM_0058621,N056_C0003987,56
RGM_0058626,N056_C0003987,56
RGM_0058750,N056_C0003988,56
RGM_0058797,N056_C0003989,56
RGM_0058899,N056_C0003990,56
RGM_0058917,N056_C0003991,56
RGM_0058922,N056_C0003991,56
RGM_0058985,N056_C0003992,56
RGM_0059004,N056_C0003993,56
RGM_0059113,N056_C0003994,56
RGM_0059159,N056_C0003995,56
RGM_0059170,N056_C0003995,56
RGM_0059360,N056_C0003996,56
RGM_0059508,N056_C0003997,56
RGM_0059503,N056_C0003997,56
RGM_0059715,N056_C0003998,56
RGM_0059859,N056_C0003999,56
RGM_0059888,N056_C0003999,56
RGM_0059909,N056_C0004000,56
RGM_0059959,N056_C0004001,56
RGM_0060140,N056_C0004002,56
RGM_0060139,N056_C0004002,56
RGM_0060336,N056_C0004003,56
RGM_0060530,N056_C0004004,56
RGM_0060689,N056_C0004005,56
RGM_0060720,N056_C0004006,56
RGM_0060797,N056_C0004007,56
RGM_0060813,N056_C0004008,56
RGM_0060826,N056_C0004009,56
RGM_0060916,N056_C0004010,56
RGM_0060924,N056_C0004010,56
RGM_0061017,N056_C0004011,56
RGM_0061047,N056_C0004011,56
RGM_0061059,N056_C0004012,56
RGM_0061078,N056_C0004013,56
RGM_0061082,N056_C0004013,56
RGM_0061107,N056_C0004014,56
RGM_0061189,N056_C0004015,56
RGM_0061254,N056_C0004016,56
RGM_0061388,N056_C0004017,56
RGM_0061406,N056_C0004018,56
RGM_0061409,N056_C0004018,56
RGM_0061424,N056_C0004019,56
RGM_0061453,N056_C0004020,56
RGM_0061467,N056_C0004020,56
RGM_0061531,N056_C0004021,56
RGM_0061572,N056_C0004021,56
RGM_0061582,N056_C0004022,56
RGM_0061588,N056_C0004022,56
RGM_0061629,N056_C0004023,56
RGM_0061638,N056_C0004024,56
RGM_0061707,N056_C0004025,56
RGM_0061712,N056_C0004025,56
RGM_0061872,N056_C0004026,56
RGM_0061860,N056_C0004026,56
RGM_0061908,N056_C0004027,56
RGM_0062000,N056_C0004028,56
RGM_0062009,N056_C0004029,56
RGM_0062020,N056_C0004030,56
RGM_0062021,N056_C0004031,56
RGM_0062039,N056_C0004032,56
RGM_0062047,N056_C0004033,56
RGM_0062057,N056_C0004034,56
RGM_0062062,N056_C0004034,56
RGM_0062065,N056_C0004034,56
RGM_0062072,N056_C0004034,56
RGM_0062088,N056_C0004035,56
RGM_0062153,N056_C0004036,56
RGM_0062241,N056_C0004037,56
RGM_0062310,N056_C0004038,56
RGM_0062347,N056_C0004039,56
RGM_0062354,N056_C0004040,56
RGM_0062394,N056_C0004041,56
RGM_0062404,N056_C0004041,56
RGM_0062401,N056_C0004041,56
RGM_0062502,N056_C0004042,56
RGM_0062547,N056_C0004042,56
RGM_0062524,N056_C0004042,56
RGM_0062652,N056_C0004042,56
RGM_0062671,N056_C0004043,56
RGM_0062676,N056_C0004044,56
RGM_0062689,N056_C0004044,56
RGM_0062692,N056_C0004044,56
RGM_0062713,N056_C0004045,56
RGM_0062768,N056_C0004046,56
RGM_0062744,N056_C0004046,56
RGM_0062753,N056_C0004046,56
RGM_0062766,N056_C0004046,56
RGM_0062785,N056_C0004046,56
RGM_0062803,N056_C0004047,56
RGM_0062815,N056_C0004048,56
RGM_0062909,N056_C0004048,56
RGM_0062828,N056_C0004048,56
RGM_0062917,N056_C0004048,56
RGM_0062945,N056_C0004049,56
RGM_0062956,N056_C0004050,56
RGM_0062955,N056_C0004050,56
RGM_0062966,N056_C0004050,56
RGM_0063011,N056_C0004051,56
RGM_0063017,N056_C0004051,56
RGM_0063027,N056_C0004051,56
RGM_0063060,N056_C0004052,56
RGM_0063058,N056_C0004052,56
RGM_0063079,N056_C0004053,56
RGM_0063106,N056_C0004054,56
RGM_0063129,N056_C0004055,56
RGM_0063152,N056_C0004055,56
RGM_0063149,N056_C0004055,56
RGM_0063164,N056_C0004055,56
RGM_0063169,N056_C0004056,56
RGM_0063191,N056_C0004057,56
RGM_0063233,N056_C0004058,56
RGM_0063250,N056_C0004059,56
RGM_0063268,N056_C0004060,56
RGM_0063269,N056_C0004060,56
RGM_0063281,N056_C0004061,56
RGM_0063286,N056_C0004061,56
RGM_0063320,N056_C0004062,56
RGM_0063346,N056_C0004063,56
RGM_0063351,N056_C0004064,56
RGM_0063359,N056_C0004064,56
RGM_0063357,N056_C0004064,56
RGM_0063372,N056_C0004064,56
RGM_0063422,N056_C0004064,56
RGM_0063398,N056_C0004064,56
RGM_0063455,N056_C0004065,56
RGM_0063495,N056_C0004066,56
RGM_0063627,N056_C0004067,56
RGM_0063656,N056_C0004068,56
RGM_0063669,N056_C0004068,56
RGM_0063699,N056_C0004069,56
RGM_0063761,N056_C0004070,56
RGM_0063777,N056_C0004070,56
RGM_0063807,N056_C0004071,56
RGM_0063812,N056_C0004071,56
RGM_0063956,N056_C0004072,56
RGM_0063979,N056_C0004073,56
RGM_0064078,N056_C0004074,56
RGM_0064108,N056_C0004075,56
RGM_0064139,N056_C0004076,56
RGM_0064180,N056_C0004077,56
RGM_0064185,N056_C0004077,56
RGM_0064310,N056_C0004078,56
RGM_0064325,N056_C0004079,56
RGM_0064343,N056_C0004080,56
RGM_0064370,N056_C0004080,56
RGM_0064412,N056_C0004081,56
RGM_0064415,N056_C0004081,56
RGM_0064543,N056_C0004082,56
RGM_0064749,N056_C0004083,56
RGM_0064771,N056_C0004084,56
RGM_0065832,N056_C0004085,56
RGM_0065922,N056_C0004086,56
RGM_0065954,N056_C0004087,56
RGM_0066439,N056_C0004088,56
RGM_0067067,N056_C0004089,56
RGM_0067106,N056_C0004090,56
RGM_0067172,N056_C0004091,56
RGM_0067183,N056_C0004091,56
RGM_0067421,N056_C0004092,56
RGM_0067461,N056_C0004093,56
RGM_0067475,N056_C0004094,56
RGM_0067557,N056_C0004095,56
RGM_0067577,N056_C0004096,56
RGM_0067766,N056_C0004097,56
RGM_0067771,N056_C0004098,56
RGM_0067782,N056_C0004098,56
RGM_0067912,N056_C0004099,56
RGM_0067961,N056_C0004100,56
RGM_0067996,N056_C0004101,56
RGM_0068112,N056_C0004102,56
RGM_0068124,N056_C0004102,56
RGM_0068284,N056_C0004103,56
RGM_0068358,N056_C0004103,56
RGM_0068350,N056_C0004103,56
RGM_0068307,N056_C0004103,56
RGM_0068387,N056_C0004103,56
RGM_0068404,N056_C0004103,56
RGM_0068416,N056_C0004104,56
RGM_0068855,N056_C0004105,56
RGM_0068933,N056_C0004106,56
RGM_0068962,N056_C0004107,56
RGM_0069758,N056_C0004108,56
RGM_0070623,N056_C0004109,56
RGM_0070685,N056_C0004110,56
RGM_0071643,N056_C0004111,56
RGM_0071786,N056_C0004112,56
RGM_0071816,N056_C0004113,56
RGM_0072005,N056_C0004114,56
RGM_0108917,N056_C0004115,56
RGM_0108999,N056_C0004116,56
RGM_0109014,N056_C0004117,56
RGM_0218297,N056_C0004118,56
RGM_0226796,N056_C0004119,56
RGM_0226801,N056_C0004119,56
RGM_0226806,N056_C0004119,56
RGM_0249752,N056_C0004120,56
RGM_0282471,N056_C0004121,56
RGM_0283040,N056_C0004122,56
RGM_0283052,N056_C0004123,56
RGM_0292368,N056_C0004124,56
RGM_0292352,N056_C0004124,56
RGM_0292353,N056_C0004124,56
RGM_0292356,N056_C0004124,56
RGM_0296735,N056_C0004125,56
RGM_0299365,N056_C0004126,56
RGM_0299413,N056_C0004126,56
RGM_0299396,N056_C0004126,56
RGM_0299959,N056_C0004127,56
RGM_0299916,N056_C0004127,56
RGM_0300022,N056_C0004127,56
RGM_0299991,N056_C0004127,56
RGM_0303901,N056_C0004128,56
RGM_0303900,N056_C0004128,56
RGM_0303933,N056_C0004129,56
RGM_0303963,N056_C0004130,56
RGM_0319356,N056_C0004131,56
RGM_0000545,N057_C0004132,57
RGM_0019115,N057_C0004133,57
RGM_0019255,N057_C0004134,57
RGM_0019244,N057_C0004134,57
RGM_0019245,N057_C0004134,57
RGM_0043830,N057_C0004135,57
RGM_0043834,N057_C0004135,57
RGM_0043832,N057_C0004135,57
RGM_0043833,N057_C0004135,57
RGM_0043844,N057_C0004135,57
RGM_0047589,N057_C0004136,57
RGM_0047585,N057_C0004136,57
RGM_0049760,N057_C0004137,57
RGM_0051130,N057_C0004138,57
RGM_0051724,N057_C0004139,57
RGM_0052940,N057_C0004140,57
RGM_0054071,N057_C0004141,57
RGM_0054507,N057_C0004142,57
RGM_0055835,N057_C0004143,57
RGM_0056271,N057_C0004144,57
RGM_0061188,N057_C0004145,57
RGM_0062634,N057_C0004146,57
RGM_0062629,N057_C0004146,57
RGM_0062787,N057_C0004147,57
RGM_0062829,N057_C0004148,57
RGM_0062842,N057_C0004148,57
RGM_0064059,N057_C0004149,57
RGM_0064056,N057_C0004149,57
RGM_0064065,N057_C0004149,57
RGM_0064052,N057_C0004149,57
RGM_0064053,N057_C0004149,57
RGM_0064058,N057_C0004149,57
RGM_0064062,N057_C0004149,57
RGM_0064141,N057_C0004150,57
RGM_0066646,N057_C0004151,57
RGM_0066653,N057_C0004151,57
RGM_0066795,N057_C0004152,57
RGM_0068286,N057_C0004153,57
RGM_0068352,N057_C0004154,57
RGM_0068400,N057_C0004155,57
RGM_0090142,N057_C0004156,57
RGM_0154960,N057_C0004157,57
RGM_0154962,N057_C0004157,57
RGM_0154965,N057_C0004157,57
RGM_0154967,N057_C0004157,57
RGM_0225882,N057_C0004158,57
RGM_0226585,N057_C0004159,57
RGM_0226836,N057_C0004160,57
RGM_0244129,N057_C0004161,57
RGM_0244135,N057_C0004161,57
RGM_0244145,N057_C0004162,57
RGM_0249715,N057_C0004163,57
RGM_0249717,N057_C0004163,57
RGM_0249726,N057_C0004163,57
RGM_0249727,N057_C0004163,57
RGM_0249729,N057_C0004163,57
RGM_0249731,N057_C0004163,57
RGM_0249733,N057_C0004163,57
RGM_0249745,N057_C0004163,57
RGM_0249747,N057_C0004163,57
RGM_0249751,N057_C0004163,57
RGM_0249755,N057_C0004163,57
RGM_0249758,N057_C0004163,57
RGM_0249738,N057_C0004163,57
RGM_0249742,N057_C0004163,57
RGM_0249743,N057_C0004163,57
RGM_0249780,N057_C0004163,57
RGM_0249766,N057_C0004163,57
RGM_0249749,N057_C0004163,57
RGM_0249754,N057_C0004163,57
RGM_0249761,N057_C0004163,57
RGM_0249763,N057_C0004163,57
RGM_0249768,N057_C0004163,57
RGM_0261831,N057_C0004164,57
RGM_0274460,N057_C0004165,57
RGM_0276622,N057_C0004166,57
RGM_0276618,N057_C0004166,57
RGM_0277711,N057_C0004167,57
RGM_0278038,N057_C0004168,57
RGM_0278039,N057_C0004168,57
RGM_0278040,N057_C0004168,57
RGM_0278042,N057_C0004168,57
RGM_0278045,N057_C0004168,57
RGM_0278044,N057_C0004168,57
RGM_0278246,N057_C0004169,57
RGM_0278247,N057_C0004169,57
RGM_0278248,N057_C0004169,57
RGM_0278264,N057_C0004169,57
RGM_0278251,N057_C0004169,57
RGM_0278252,N057_C0004169,57
RGM_0278249,N057_C0004169,57
RGM_0278250,N057_C0004169,57
RGM_0278259,N057_C0004169,57
RGM_0278254,N057_C0004169,57
RGM_0278258,N057_C0004169,57
RGM_0278255,N057_C0004169,57
RGM_0278277,N057_C0004170,57
RGM_0278275,N057_C0004170,57
RGM_0278291,N057_C0004170,57
RGM_0278281,N057_C0004170,57
RGM_0278282,N057_C0004170,57
RGM_0278280,N057_C0004170,57
RGM_0278284,N057_C0004170,57
RGM_0278285,N057_C0004170,57
RGM_0278286,N057_C0004170,57
RGM_0278287,N057_C0004170,57
RGM_0278506,N057_C0004171,57
RGM_0279679,N057_C0004172,57
RGM_0279711,N057_C0004172,57
RGM_0279715,N057_C0004172,57
RGM_0279720,N057_C0004172,57
RGM_0280831,N057_C0004173,57
RGM_0280842,N057_C0004173,57
RGM_0280848,N057_C0004173,57
RGM_0280844,N057_C0004173,57
RGM_0281018,N057_C0004174,57
RGM_0281032,N057_C0004174,57
RGM_0281029,N057_C0004174,57
RGM_0281030,N057_C0004174,57
RGM_0281031,N057_C0004174,57
RGM_0281034,N057_C0004174,57
RGM_0282456,N057_C0004175,57
RGM_0282466,N057_C0004175,57
RGM_0282460,N057_C0004175,57
RGM_0282462,N057_C0004175,57
RGM_0282465,N057_C0004175,57
RGM_0282468,N057_C0004175,57
RGM_0282475,N057_C0004175,57
RGM_0282476,N057_C0004175,57
RGM_0282474,N057_C0004175,57
RGM_0282470,N057_C0004175,57
RGM_0282473,N057_C0004175,57
RGM_0283031,N057_C0004176,57
RGM_0283023,N057_C0004176,57
RGM_0283025,N057_C0004176,57
RGM_0283028,N057_C0004176,57
RGM_0283029,N057_C0004176,57
RGM_0283032,N057_C0004176,57
RGM_0283038,N057_C0004176,57
RGM_0283047,N057_C0004176,57
RGM_0283044,N057_C0004176,57
RGM_0292364,N057_C0004177,57
RGM_0292370,N057_C0004177,57
RGM_0292951,N057_C0004178,57
RGM_0292953,N057_C0004178,57
RGM_0292952,N057_C0004178,57
RGM_0293535,N057_C0004179,57
RGM_0296732,N057_C0004180,57
RGM_0296746,N057_C0004180,57
RGM_0296741,N057_C0004180,57
RGM_0296737,N057_C0004180,57
RGM_0296742,N057_C0004180,57
RGM_0296744,N057_C0004180,57
RGM_0296745,N057_C0004180,57
RGM_0296740,N057_C0004180,57
RGM_0299345,N057_C0004181,57
RGM_0299373,N057_C0004181,57
RGM_0299380,N057_C0004181,57
RGM_0299399,N057_C0004181,57
RGM_0299400,N057_C0004181,57
RGM_0299389,N057_C0004181,57
RGM_0299924,N057_C0004182,57
RGM_0300012,N057_C0004182,57
RGM_0299966,N057_C0004182,57
RGM_0299967,N057_C0004182,57
RGM_0299970,N057_C0004182,57
RGM_0299974,N057_C0004182,57
RGM_0299965,N057_C0004182,57
RGM_0300037,N057_C0004182,57
RGM_0300009,N057_C0004182,57
RGM_0299982,N057_C0004182,57
RGM_0299983,N057_C0004182,57
RGM_0300004,N057_C0004182,57
RGM_0300019,N057_C0004182,57
RGM_0299978,N057_C0004182,57
RGM_0299995,N057_C0004182,57
RGM_0299993,N057_C0004182,57
RGM_0299987,N057_C0004182,57
RGM_0299997,N057_C0004182,57
RGM_0299985,N057_C0004182,57
RGM_0300000,N057_C0004182,57
RGM_0300003,N057_C0004182,57
RGM_0300006,N057_C0004182,57
RGM_0300007,N057_C0004182,57
RGM_0300013,N057_C0004182,57
RGM_0303898,N057_C0004183,57
RGM_0303954,N057_C0004184,57
RGM_0303961,N057_C0004184,57
RGM_0303957,N057_C0004184,57
RGM_0303959,N057_C0004184,57
RGM_0303960,N057_C0004184,57
RGM_0303956,N057_C0004184,57
RGM_0304363,N057_C0004185,57
RGM_0319355,N057_C0004186,57
RGM_0319359,N057_C0004186,57
RGM_0319361,N057_C0004186,57
RGM_0319358,N057_C0004186,57
RGM_0319357,N057_C0004186,57
RGM_0319360,N057_C0004186,57
RGM_0319362,N057_C0004186,57
RGM_0019029,N058_C0004187,58
RGM_0019291,N058_C0004188,58
RGM_0019247,N058_C0004188,58
RGM_0019243,N058_C0004188,58
RGM_0019230,N058_C0004188,58
RGM_0032202,N058_C0004189,58
RGM_0044616,N058_C0004190,58
RGM_0048875,N058_C0004191,58
RGM_0049212,N058_C0004192,58
RGM_0076915,N058_C0004193,58
RGM_0078958,N058_C0004194,58
RGM_0085680,N058_C0004195,58
RGM_0085784,N058_C0004196,58
RGM_0085873,N058_C0004197,58
RGM_0086821,N058_C0004198,58
RGM_0087784,N058_C0004199,58
RGM_0087973,N058_C0004200,58
RGM_0088024,N058_C0004201,58
RGM_0088792,N058_C0004202,58
RGM_0088836,N058_C0004203,58
RGM_0088879,N058_C0004204,58
RGM_0089014,N058_C0004205,58
RGM_0091186,N058_C0004206,58
RGM_0091217,N058_C0004207,58
RGM_0093065,N058_C0004208,58
RGM_0102077,N058_C0004209,58
RGM_0103871,N058_C0004210,58
RGM_0103948,N058_C0004211,58
RGM_0103982,N058_C0004212,58
RGM_0104678,N058_C0004213,58
RGM_0104722,N058_C0004214,58
RGM_0104778,N058_C0004215,58
RGM_0104789,N058_C0004216,58
RGM_0104955,N058_C0004217,58
RGM_0105185,N058_C0004218,58
RGM_0108616,N058_C0004219,58
RGM_0108632,N058_C0004219,58
RGM_0108641,N058_C0004219,58
RGM_0109922,N058_C0004220,58
RGM_0112930,N058_C0004221,58
RGM_0113202,N058_C0004222,58
RGM_0119231,N058_C0004223,58
RGM_0121255,N058_C0004224,58
RGM_0121264,N058_C0004225,58
RGM_0121283,N058_C0004225,58
RGM_0125836,N058_C0004226,58
RGM_0128978,N058_C0004227,58
RGM_0019208,N059_C0004228,59
RGM_0040225,N059_C0004229,59
RGM_0048872,N059_C0004230,59
RGM_0078214,N059_C0004231,59
RGM_0102982,N059_C0004232,59
RGM_0108633,N059_C0004233,59
RGM_0056850,N060_C0004234,60
RGM_0244148,N060_C0004235,60
RGM_0244139,N060_C0004235,60
RGM_0249718,N060_C0004236,60
RGM_0249764,N060_C0004236,60
RGM_0265729,N060_C0004237,60
RGM_0266522,N060_C0004238,60
RGM_0266906,N060_C0004239,60
RGM_0279714,N060_C0004240,60
RGM_0019023,N061_C0004241,61
RGM_0019027,N061_C0004241,61
RGM_0019102,N061_C0004242,61
RGM_0019256,N061_C0004243,61
RGM_0019232,N061_C0004243,61
RGM_0040228,N061_C0004244,61
RGM_0043688,N061_C0004245,61
RGM_0043694,N061_C0004245,61
RGM_0043700,N061_C0004245,61
RGM_0043842,N061_C0004246,61
RGM_0043854,N061_C0004246,61
RGM_0044840,N061_C0004247,61
RGM_0044856,N061_C0004247,61
RGM_0044867,N061_C0004247,61
RGM_0055855,N061_C0004248,61
RGM_0056260,N061_C0004249,61
RGM_0244126,N061_C0004250,61
RGM_0249732,N061_C0004251,61
RGM_0249757,N061_C0004251,61
RGM_0279718,N061_C0004252,61
RGM_0290543,N061_C0004253,61
RGM_0154941,N072_C0004254,72
RGM_0000790,N082_C0004255,82
RGM_0000795,N082_C0004256,82
RGM_0001721,N082_C0004257,82
RGM_0004128,N082_C0004258,82
RGM_0004907,N082_C0004259,82
RGM_0009752,N082_C0004260,82
RGM_0016411,N082_C0004261,82
RGM_0066791,N082_C0004262,82
RGM_0077332,N082_C0004263,82
RGM_0077478,N082_C0004264,82
RGM_0077483,N082_C0004265,82
RGM_0079105,N082_C0004266,82
RGM_0079910,N082_C0004267,82
RGM_0079945,N082_C0004268,82
RGM_0080016,N082_C0004269,82
RGM_0080166,N082_C0004270,82
RGM_0083260,N082_C0004271,82
RGM_0083934,N082_C0004272,82
RGM_0085112,N082_C0004273,82
RGM_0085791,N082_C0004274,82
RGM_0087286,N082_C0004275,82
RGM_0087460,N082_C0004276,82
RGM_0088633,N082_C0004277,82
RGM_0088648,N082_C0004278,82
RGM_0089201,N082_C0004279,82
RGM_0089212,N082_C0004280,82
RGM_0091263,N082_C0004281,82
RGM_0092306,N082_C0004282,82
RGM_0095885,N082_C0004283,82
RGM_0096054,N082_C0004284,82
RGM_0098978,N082_C0004285,82
RGM_0100884,N082_C0004286,82
RGM_0104131,N082_C0004287,82
RGM_0104798,N082_C0004288,82
RGM_0107796,N082_C0004289,82
RGM_0108679,N082_C0004290,82
RGM_0108933,N082_C0004291,82
RGM_0109762,N082_C0004292,82
RGM_0109848,N082_C0004293,82
RGM_0118821,N082_C0004294,82
RGM_0125240,N082_C0004295,82
RGM_0127209,N082_C0004296,82
RGM_0127332,N082_C0004297,82
RGM_0127781,N082_C0004298,82
RGM_0127878,N082_C0004299,82
RGM_0128276,N082_C0004300,82
RGM_0129434,N082_C0004301,82
RGM_0262591,N082_C0004302,82
RGM_0273583,N082_C0004303,82
RGM_0277297,N082_C0004304,82
RGM_0279424,N082_C0004305,82
RGM_0281089,N082_C0004306,82
RGM_0289385,N082_C0004307,82
RGM_0289397,N082_C0004308,82
RGM_0290339,N082_C0004309,82
RGM_0296078,N082_C0004310,82
RGM_0312859,N082_C0004311,82
RGM_0313976,N082_C0004312,82
RGM_0315610,N082_C0004313,82
RGM_0315654,N082_C0004314,82
RGM_0317366,N082_C0004315,82
RGM_0317493,N082_C0004316,82
RGM_0318319,N082_C0004317,82
RGM_0318983,N082_C0004318,82
RGM_0319741,N082_C0004319,82
RGM_0018281,N085_C0004320,85
RGM_0023000,N085_C0004321,85
RGM_0048329,N085_C0004322,85
RGM_0081073,N085_C0004323,85
RGM_0101415,N085_C0004324,85
RGM_0105820,N085_C0004325,85
RGM_0105848,N085_C0004326,85
RGM_0115550,N085_C0004327,85
RGM_0118227,N085_C0004328,85
RGM_0125310,N085_C0004329,85
RGM_0129201,N085_C0004330,85
RGM_0155073,N085_C0004331,85
RGM_0305411,N085_C0004332,85
RGM_0305479,N085_C0004333,85
RGM_0305484,N085_C0004333,85
RGM_0305497,N085_C0004334,85
RGM_0311387,N085_C0004335,85
RGM_0311503,N085_C0004336,85
RGM_0154963,N091_C0004337,91
RGM_0243114,N102_C0004338,102
RGM_0243123,N102_C0004338,102
RGM_0243115,N102_C0004338,102
RGM_0039487,N105_C0004339,105
RGM_0040138,N105_C0004340,105
RGM_0206098,N105_C0004341,105
RGM_0040144,N108_C0004342,108
RGM_0040131,N108_C0004342,108
RGM_0258320,N108_C0004343,108
RGM_0258337,N108_C0004343,108
RGM_0258347,N108_C0004344,108
RGM_0320377,N108_C0004345,108
RGM_0320367,N108_C0004345,108
RGM_0320322,N108_C0004345,108
RGM_0320318,N108_C0004345,108
RGM_0320371,N108_C0004345,108
RGM_0023014,N111_C0004346,111
RGM_0024236,N111_C0004347,111
RGM_0024747,N111_C0004348,111
RGM_0025009,N111_C0004349,111
RGM_0025134,N111_C0004350,111
RGM_0025140,N111_C0004350,111
RGM_0025142,N111_C0004350,111
RGM_0026005,N111_C0004351,111
RGM_0026015,N111_C0004352,111
RGM_0026184,N111_C0004353,111
RGM_0027825,N111_C0004354,111
RGM_0027830,N111_C0004354,111
RGM_0029396,N111_C0004355,111
RGM_0029723,N111_C0004356,111
RGM_0030010,N111_C0004357,111
RGM_0030031,N111_C0004358,111
RGM_0031031,N111_C0004359,111
RGM_0039999,N111_C0004360,111
RGM_0040005,N111_C0004360,111
RGM_0040003,N111_C0004360,111
RGM_0040501,N111_C0004361,111
RGM_0043611,N111_C0004362,111
RGM_0043632,N111_C0004363,111
RGM_0044021,N111_C0004364,111
RGM_0044119,N111_C0004365,111
RGM_0044849,N111_C0004366,111
RGM_0051404,N111_C0004367,111
RGM_0051690,N111_C0004368,111
RGM_0059471,N111_C0004369,111
RGM_0069393,N111_C0004370,111
RGM_0070867,N111_C0004371,111
RGM_0071968,N111_C0004372,111
RGM_0072013,N111_C0004373,111
RGM_0072124,N111_C0004374,111
RGM_0192374,N111_C0004375,111
RGM_0193094,N111_C0004376,111
RGM_0193892,N111_C0004377,111
RGM_0193887,N111_C0004377,111
RGM_0193888,N111_C0004377,111
RGM_0193898,N111_C0004378,111
RGM_0194342,N111_C0004379,111
RGM_0194402,N111_C0004380,111
RGM_0194412,N111_C0004381,111
RGM_0194417,N111_C0004382,111
RGM_0194422,N111_C0004382,111
RGM_0213384,N111_C0004383,111
RGM_0216394,N111_C0004384,111
RGM_0290281,N111_C0004385,111
RGM_0317090,N111_C0004386,111
RGM_0318069,N111_C0004387,111
RGM_0318072,N111_C0004387,111
RGM_0318813,N111_C0004388,111
RGM_0320024,N111_C0004389,111
RGM_0320107,N111_C0004390,111
RGM_0320132,N111_C0004391,111
RGM_0320287,N111_C0004392,111
RGM_0320302,N111_C0004392,111
RGM_0320291,N111_C0004392,111
RGM_0320293,N111_C0004392,111
RGM_0320295,N111_C0004392,111
RGM_0320303,N111_C0004392,111
RGM_0320298,N111_C0004392,111
RGM_0320300,N111_C0004392,111
RGM_0320309,N111_C0004392,111
RGM_0320306,N111_C0004392,111
RGM_0320321,N111_C0004392,111
RGM_0320363,N111_C0004392,111
RGM_0320374,N111_C0004392,111
RGM_0321792,N111_C0004393,111
RGM_0322121,N111_C0004394,111
