permutation_id,is_observed,maximum_scan_z
0,True,5.400964677718427
1,False,3.102291896170084
2,False,4.450912916678362
3,False,3.628470532380945
4,False,2.937378734671419
5,False,3.287230861360642
6,False,3.1183337372065587
7,False,3.3517106700039005
8,False,4.486739411220126
9,False,3.78519540560528
10,False,4.07539528839431
11,False,6.634530504984066
12,False,4.356797895645242
13,False,1.5961488571757079
14,False,3.6162447521089907
15,False,5.799176425291293
16,False,3.3440609375788197
17,False,3.974946741970612
18,False,3.6242950772640725
19,False,3.263931131080042
20,False,3.440702118796771
21,False,3.3517106700039005
22,False,2.781584830411528
23,False,2.8722413893275576
24,False,4.083927263623548
25,False,3.731842326141331
26,False,3.6722796419427763
27,False,2.616240654660098
28,False,3.4647139643829443
29,False,3.349801537461704
30,False,2.3610582228174457
31,False,3.028615301855333
32,False,3.230055992849816
33,False,3.7454278239905423
34,False,2.731990314101651
35,False,3.5604844199815697
36,False,3.816849634128525
37,False,3.8788896442901577
38,False,3.2705190363748797
39,False,3.1615387404540285
40,False,3.6372591934059435
41,False,3.0842937152906083
42,False,3.4731711007786603
43,False,2.3716970428516073
44,False,2.73450965410209
45,False,3.1065963726479593
46,False,4.080299849052584
47,False,3.2869033978009794
48,False,2.857486728493679
49,False,2.7784674603114925
50,False,3.2710254390710243
51,False,2.6722761138672424
52,False,3.7180671031279546
53,False,3.0568725394092953
54,False,3.7104913035059504
55,False,3.0295359598642206
56,False,4.376154964449704
57,False,2.5163506914477645
58,False,3.9905464864546567
59,False,1.9915529145661217
60,False,4.712590869710071
61,False,3.7384078827382594
62,False,4.466643934692832
63,False,3.044553531056133
64,False,4.716808955058181
65,False,4.761512696067787
66,False,2.9492080067933437
67,False,5.176767879619944
68,False,4.467569343987176
69,False,3.6067462037470435
70,False,4.412198165392718
71,False,3.406985325564528
72,False,3.5337824467518493
73,False,3.515364018310103
74,False,3.86018603867095
75,False,3.249297596536124
76,False,3.055881015757015
77,False,2.545272767693955
78,False,3.445315767829305
79,False,3.3675471224517937
80,False,5.271814621057634
81,False,2.938620536709399
82,False,4.266548989507622
83,False,3.171110520411968
84,False,3.377840204595812
85,False,1.9237027822249428
86,False,2.9829311182622122
87,False,3.131315478959362
88,False,3.7445706469512032
89,False,3.3648709710542897
90,False,3.3347781822198845
91,False,3.2561442956695963
92,False,4.252594518630219
93,False,3.908792942636161
94,False,3.9885549607835844
95,False,5.873527620653022
96,False,3.8725210522348954
97,False,4.156811578495191
98,False,2.725652241098479
99,False,3.7483644532313676
100,False,3.201848201435152
101,False,4.879689242481025
102,False,3.7437193639290167
103,False,3.1730104047045957
104,False,2.0259255094355852
105,False,2.529545776456388
106,False,3.1515267319830547
107,False,4.238690133429895
108,False,3.0932130306286765
109,False,2.9945352492913133
110,False,3.1183337372065587
111,False,3.222650996599875
112,False,2.598569337438792
113,False,3.4688826175215906
114,False,3.302793817111054
115,False,4.64358652847924
116,False,2.9063250090860837
117,False,3.3782017626189136
118,False,3.3871165350876136
119,False,2.2536634030463762
120,False,3.015695334374061
121,False,3.2146808244756624
122,False,2.7806689403998064
123,False,3.3430113075295393
124,False,2.722970447179884
125,False,3.6254480017210455
126,False,3.2488303890033685
127,False,4.33002424555158
128,False,6.549481238555881
129,False,3.9442789984187017
130,False,3.259511810468994
131,False,2.8262031905328127
132,False,3.5887110586880833
133,False,3.792788921005272
134,False,3.182703277899628
135,False,5.021878054255011
136,False,3.800787500027857
137,False,3.4336180166987926
138,False,4.3001271831358805
139,False,4.143656390907307
140,False,2.7807628654033154
141,False,4.694802189643188
142,False,3.310928588045211
143,False,3.2789420546801766
144,False,3.792642720337518
145,False,3.119142637551659
146,False,3.7878936507140644
147,False,2.9462348799995675
148,False,3.4937538613485115
149,False,3.035788455164627
150,False,4.833817851178432
151,False,4.656441858003487
152,False,3.9491434177156757
153,False,2.779171362051674
154,False,3.2635170662707456
155,False,3.4597026942904847
156,False,2.5649824195599056
157,False,2.8031307846593654
158,False,3.7638615906696034
159,False,3.415335249427409
160,False,3.3009900425521583
161,False,2.5602479412390484
162,False,4.638566885415944
163,False,2.73963475838763
164,False,2.312839048537625
165,False,3.2438165326537707
166,False,2.783521630973818
167,False,3.620388266914331
168,False,2.465202417495056
169,False,3.004448647624478
170,False,4.863561128102201
171,False,3.404591245733343
172,False,2.831596365696457
173,False,4.823042745753206
174,False,2.9398654593631757
175,False,4.301981466597709
176,False,2.118368871445601
177,False,4.304380894977221
178,False,5.486125637202332
179,False,2.276117663854288
180,False,4.3184658194419265
181,False,2.7096348907625374
182,False,3.4845763318513576
183,False,3.55844742220314
184,False,3.7256318965804707
185,False,3.5832116602043516
186,False,2.919247572210162
187,False,3.2807168370533026
188,False,6.464825384867226
189,False,3.90672553597932
190,False,2.9429351314738192
191,False,3.1641357295556505
192,False,2.8244862760617533
193,False,2.6708841751574917
194,False,2.152856333197427
195,False,2.8086781183084217
196,False,2.181210190194532
197,False,3.016796087333572
198,False,3.0514472014061007
199,False,3.257561358345071
200,False,3.3461060759939105
201,False,2.856177738788981
202,False,2.2400311732183225
203,False,3.4503818094685865
204,False,3.8909776146994752
205,False,2.440757795583916
206,False,3.0470815216292673
207,False,3.06159348544754
208,False,4.5912009797287885
209,False,2.37293707272755
210,False,3.9606813919582327
211,False,3.1656587180720215
212,False,2.9952804895909853
213,False,2.924829721246131
214,False,3.975862067549861
215,False,3.5289217869869582
216,False,3.027725206256022
217,False,3.907212093875925
218,False,2.3814000855864417
219,False,2.2992536406351975
220,False,2.8123458557089944
221,False,2.7447970913931825
222,False,5.2727347510534655
223,False,2.5865953706547256
224,False,3.863829085351241
225,False,3.773558285715077
226,False,3.8469171018647508
227,False,3.5478156465309496
228,False,2.887341317264145
229,False,3.07264999021421
230,False,3.115953047244816
231,False,2.5754182181265666
232,False,4.5099121510409015
233,False,2.9214553471461735
234,False,2.4005025506848465
235,False,3.3325918905643315
236,False,3.0735436134359957
237,False,2.527168625645542
238,False,4.574231485466386
239,False,3.143089845633878
240,False,3.5161110385295338
241,False,3.363959329713959
242,False,2.651388062567995
243,False,3.5311554251986927
244,False,3.4872405756991074
245,False,3.3685303911749154
246,False,3.294503884498631
247,False,3.3517106700039005
248,False,3.4521589568719513
249,False,4.4763209445656456
250,False,2.809695690593979
251,False,3.691096968854694
252,False,4.511836396387946
253,False,2.626779845430413
254,False,3.187756670017198
255,False,2.12983331293509
256,False,3.8090224632930507
257,False,2.3752077370915767
258,False,4.705382618988666
259,False,3.170420139163072
260,False,3.620181423577329
261,False,3.5935749314606573
262,False,3.210962716390172
263,False,2.7619243444670114
264,False,2.2216143951539316
265,False,2.5720922863188784
266,False,2.3539857494133067
267,False,3.431639118546311
268,False,3.1641993908917763
269,False,3.616806476366477
270,False,3.9232604588569493
271,False,3.8166274408756435
272,False,3.0385671784829205
273,False,4.132037275525675
274,False,3.1043341817346275
275,False,3.8224333877638315
276,False,3.8019617692567045
277,False,2.1878694000189762
278,False,3.8952999137968587
279,False,4.594560497909434
280,False,2.5207996706906823
281,False,3.6566979701577225
282,False,3.3548486670150512
283,False,3.2682265811499382
284,False,3.0067533237170787
285,False,3.2042820597435933
286,False,2.63635536823963
287,False,3.140714662827976
288,False,3.103432233443208
289,False,4.622230703531047
290,False,3.359375104669621
291,False,5.36554567274454
292,False,5.0474360003218575
293,False,3.7335157068197495
294,False,2.4811887199991816
295,False,4.274376095344757
296,False,2.445834179181116
297,False,2.752142355517177
298,False,3.08006603828447
299,False,3.1669120026346906
300,False,3.075311470390762
301,False,2.560247941239048
302,False,3.593256108141039
303,False,2.760704919930631
304,False,3.8151980044759273
305,False,2.8019688098000484
306,False,3.7466014693951437
307,False,3.038759885982621
308,False,3.077610050409228
309,False,6.599300247306265
310,False,2.5367960863523233
311,False,3.440631236565215
312,False,2.861192966725736
313,False,2.2043558816705056
314,False,3.5037109714827688
315,False,2.7472276455410025
316,False,2.5779360144398
317,False,3.471000089983262
318,False,3.801214354543192
319,False,3.5887110586880837
320,False,3.760115408980668
321,False,3.4226380760014887
322,False,2.7689750332645287
323,False,3.8129381110261193
324,False,4.547481480457551
325,False,4.328217488064261
326,False,4.590420489355924
327,False,2.644511177309416
328,False,4.582339888585898
329,False,4.080011730236511
330,False,2.226410999202009
331,False,4.175028300181586
332,False,3.077610050409227
333,False,5.77837625629671
334,False,3.796908394376707
335,False,3.3199246455829763
336,False,3.0000903404181387
337,False,3.342424916020404
338,False,2.5585826461741688
339,False,3.1561910278159693
340,False,3.587794874391002
341,False,3.1386654708926702
342,False,4.345201301821738
343,False,3.3627221536520513
344,False,4.110109293809485
345,False,2.465202417495053
346,False,3.441287032811578
347,False,3.141472317297884
348,False,2.9792821561639045
349,False,3.0834693610745507
350,False,2.9758317588444476
351,False,3.3517106700039005
352,False,2.4569173092492735
353,False,3.3869042431350125
354,False,2.6831543951104257
355,False,4.049747556422543
356,False,2.814098418823744
357,False,4.9750491206078475
358,False,4.861670934551782
359,False,3.3517106700039005
360,False,2.5092032968298548
361,False,2.75189023892636
362,False,2.40680308012882
363,False,3.5553550577270157
364,False,3.139460645638468
365,False,2.784964843387581
366,False,2.4425968769046884
367,False,3.531155425198694
368,False,3.1656587180720206
369,False,4.69576692190186
370,False,3.434314468776333
371,False,3.9270614971233497
372,False,3.6255696889266074
373,False,2.3424862576593917
374,False,2.7190894934737386
375,False,2.8366524144207057
376,False,2.297793856453375
377,False,3.16565871807202
378,False,2.522964264340033
379,False,3.285008808635208
380,False,2.855882522450583
381,False,2.642618451762418
382,False,3.6065061553384146
383,False,3.0558810157570147
384,False,3.599458781192518
385,False,2.8131600080021295
386,False,3.7179711319663076
387,False,2.6116235810671786
388,False,2.5373777837254465
389,False,4.6671804438524065
390,False,3.7165487315962786
391,False,3.36998257684525
392,False,3.3566166750628996
393,False,3.2084367297980876
394,False,2.4450411023031053
395,False,3.761640275955257
396,False,2.9616849822105404
397,False,3.437964566458953
398,False,3.794981053081578
399,False,2.350504958787547
400,False,3.3857100534200217
401,False,3.3436240787873572
402,False,7.647420913295643
403,False,3.916124434612661
404,False,2.6040654393082177
405,False,2.3598973369827636
406,False,2.784964843387581
407,False,3.3711759279415747
408,False,4.190458620728025
409,False,2.3113177030495726
410,False,3.899426792666639
411,False,3.5347153596945162
412,False,2.792973962978276
413,False,2.4667715509196024
414,False,3.328562877398104
415,False,2.7255388151118
416,False,2.760383923650244
417,False,2.524399224762993
418,False,2.5286400765322945
419,False,4.035500973841223
420,False,2.626779845430413
421,False,5.282823211238872
422,False,3.667615172728164
423,False,4.914506817747886
424,False,4.112729997997106
425,False,2.817372266391495
426,False,4.450912916678361
427,False,3.1110249491074473
428,False,4.250138955791659
429,False,2.685958205716505
430,False,3.2629817400423304
431,False,3.2766646388640623
432,False,5.225866993858293
433,False,5.864716261156007
434,False,5.270088764577439
435,False,3.29551950118652
436,False,3.5282429833772673
437,False,3.671956839987105
438,False,2.679500994873401
439,False,2.8544222684759233
440,False,3.0873346120436227
441,False,4.822015727357464
442,False,3.3939308575043445
443,False,2.4689448683201323
444,False,3.660794924419106
445,False,3.6912217461562036
446,False,4.087266352459552
447,False,2.5088056395416394
448,False,3.50776727752427
449,False,3.914001714111152
450,False,2.9417809250803773
451,False,4.80856845542281
452,False,3.324863491572038
453,False,3.0172556295491355
454,False,3.719395510039147
455,False,3.784737735714678
456,False,2.7842076677533116
457,False,3.7807046897116074
458,False,7.565862600990235
459,False,2.962440903424511
460,False,3.489709302525708
461,False,2.5870024672275354
462,False,4.324132132521673
463,False,3.629594286556223
464,False,2.7724670484744878
465,False,2.705429330649467
466,False,3.0284858966990758
467,False,3.9120624872374012
468,False,2.372624557518672
469,False,3.519682701308459
470,False,1.7151540614552185
471,False,3.8873609433135266
472,False,3.309064701663593
473,False,3.6950008926256883
474,False,2.734225426392727
475,False,2.743644534338469
476,False,3.0385442358450314
477,False,4.087623586876623
478,False,3.9605345474194436
479,False,2.2358008975342947
480,False,2.6019771378854797
481,False,2.8366524144207066
482,False,3.9905464864546567
483,False,3.8468434844667554
484,False,3.1379357832143953
485,False,8.442603571070428
486,False,3.3517106700039005
487,False,3.2408487387777347
488,False,2.3618056697035064
489,False,2.5088056395416403
490,False,4.511978761867828
491,False,2.853575754560827
492,False,5.217747877450822
493,False,3.341867173926072
494,False,3.0252700237635066
495,False,3.027467216729017
496,False,3.333249637389131
497,False,3.386904243135011
498,False,3.155040095833872
499,False,2.8865125328887618
500,False,3.9428878819108855
501,False,3.0910992886528494
502,False,3.569940520009634
503,False,4.689671433596209
504,False,4.401645176015585
505,False,2.7093499328970534
506,False,5.933879682121726
507,False,2.8813299984152776
508,False,2.8043308152188584
509,False,3.202900210412663
510,False,2.344949757311012
511,False,2.1942210694529227
512,False,3.3838069366522125
513,False,2.4382673111124835
514,False,3.54476677551495
515,False,2.361058222817446
516,False,2.8103222032573965
517,False,2.7523458418782054
518,False,2.784964843387581
519,False,3.3173077842519616
520,False,3.4534426811891583
521,False,2.605015780659994
522,False,4.06868898392578
523,False,2.3765825045702798
524,False,3.714963888923637
525,False,2.3957825068395464
526,False,3.8868952850829017
527,False,2.0865227711567784
528,False,3.6046428550581324
529,False,4.555562580729072
530,False,3.4508036082234574
531,False,3.139811553091562
532,False,3.6084078428749318
533,False,4.200046429355066
534,False,3.7193955100391456
535,False,2.8031307846593654
536,False,2.6021513627315334
537,False,2.5252893544622284
538,False,2.5059857754281216
539,False,3.16816720683618
540,False,4.714799601686491
541,False,3.617683128262314
542,False,3.2883256451797553
543,False,2.5088056395416394
544,False,3.155500992545894
545,False,3.80824893382144
546,False,3.777964934457495
547,False,4.660388158780909
548,False,3.417690804923914
549,False,2.7502103377461564
550,False,3.2701470449556864
551,False,2.929131543928983
552,False,3.5393893564930567
553,False,4.626199563175901
554,False,2.8278600338319464
555,False,3.971502209329982
556,False,3.719395510039146
557,False,2.525438630944893
558,False,3.3092441267238373
559,False,3.9633259696770726
560,False,2.287746268158997
561,False,4.2893072248372315
562,False,4.055198831843935
563,False,3.5887110586880824
564,False,2.773911833964881
565,False,2.990319210403701
566,False,3.3249276064248128
567,False,3.7587486623485655
568,False,4.802328675005637
569,False,3.2635170662707456
570,False,3.250947088471553
571,False,3.834866100357377
572,False,3.233385265817345
573,False,2.9584698460845797
574,False,2.9317746517906054
575,False,2.938641954741558
576,False,3.3144500270532737
577,False,3.4058700582592594
578,False,3.533448147866425
579,False,3.55844742220314
580,False,3.0029667921824954
581,False,3.431639118546311
582,False,3.2209911460689225
583,False,3.645022623282685
584,False,2.663598214396412
585,False,4.341021525474452
586,False,1.9082370167376705
587,False,2.8384615758177634
588,False,3.6365529596582458
589,False,6.11163371074146
590,False,2.749668857167658
591,False,3.698175354714465
592,False,3.2251038196293975
593,False,4.365251746108872
594,False,3.990676886152935
595,False,4.477200705447904
596,False,5.401709097263483
597,False,3.25125569653695
598,False,3.4326651767825056
599,False,2.993565093666428
600,False,2.2163702653993997
601,False,2.3411133023979454
602,False,2.8232912039326403
603,False,3.6070622107340022
604,False,3.0805274992077707
605,False,5.318671722209083
606,False,2.5881422735826556
607,False,3.3027938171110534
608,False,3.9574764878483566
609,False,2.6565747195413034
610,False,3.306714450857653
611,False,4.6444890195943005
612,False,4.765188534800636
613,False,4.956045675430648
614,False,2.149460663616654
615,False,3.9533301688850346
616,False,2.444580090830422
617,False,3.0888898207645137
618,False,2.7753975812698446
619,False,3.1467362548307714
620,False,4.840875546842737
621,False,4.664920970991862
622,False,2.6885286132932604
623,False,3.2554625427522983
624,False,3.647798958591958
625,False,3.6377916008427245
626,False,3.4545590189268016
627,False,6.967768310750577
628,False,3.388406067370004
629,False,3.1962499348056097
630,False,3.11313082673054
631,False,3.912438501322034
632,False,3.2512556965369503
633,False,3.0389611184110543
634,False,3.483119682240346
635,False,3.2216965059940743
636,False,4.975359259173657
637,False,5.859934568602119
638,False,3.7914166362907986
639,False,2.789999620743054
640,False,3.2505899802351257
641,False,2.367819982186962
642,False,4.001331055130872
643,False,2.9609616012762077
644,False,2.6267798454304145
645,False,3.1126529393778726
646,False,3.0055909021739318
647,False,2.77391183396488
648,False,3.3241152786495056
649,False,4.5335445054584245
650,False,3.0775883242001805
651,False,2.361058222817446
652,False,3.471461755984634
653,False,2.5817377826545864
654,False,2.5183445197465617
655,False,2.4913052210954296
656,False,2.512988498395509
657,False,3.662076374313215
658,False,3.075715328274492
659,False,2.7399232663123922
660,False,3.4983424714128497
661,False,2.4726155743603204
662,False,2.8862385146593534
663,False,4.242374927302952
664,False,2.323569526203082
665,False,3.0006310276082977
666,False,4.366162524814288
667,False,2.4744769149008183
668,False,3.4007906411666706
669,False,2.952365204081394
670,False,3.121609999530266
671,False,2.6399475176348024
672,False,3.1003448951146586
673,False,4.956566152707643
674,False,2.5283662617200298
675,False,2.646896466964881
676,False,4.41227452518113
677,False,2.184058179489522
678,False,3.2544415569381724
679,False,2.6363553682396295
680,False,3.605224995812654
681,False,3.154699435793421
682,False,3.607737320646766
683,False,4.659816622735975
684,False,2.7129726918133223
685,False,3.872031440953468
686,False,2.773911833964881
687,False,2.77614309246681
688,False,2.361058222817446
689,False,2.502621768215574
690,False,2.7334925123697906
691,False,2.8384542977887985
692,False,3.0566742976498817
693,False,2.796629274344542
694,False,3.222882470727263
695,False,3.8407163645130544
696,False,2.623918529431251
697,False,2.667487160243891
698,False,3.13367923523939
699,False,3.545402586506759
700,False,3.3984206718746446
701,False,3.0156164392364775
702,False,4.462914615383542
703,False,4.2104173724965195
704,False,2.3459219900768575
705,False,2.983562858120029
706,False,3.329354038517606
707,False,3.6518612051592574
708,False,2.1862622813659516
709,False,3.071586472542422
710,False,3.457408178833361
711,False,3.781184164986581
712,False,2.796484836533342
713,False,2.5658189108734963
714,False,3.0515277358201205
715,False,2.007935046363695
716,False,5.177991828289909
717,False,2.6900248225820573
718,False,2.861575389196561
719,False,3.324083756234662
720,False,2.7643132946899103
721,False,3.056311891274181
722,False,2.6113627214588195
723,False,2.8908502266380265
724,False,2.4516160844713886
725,False,2.8744594363829505
726,False,2.4361139703043824
727,False,3.6032967327550813
728,False,2.668192992652452
729,False,2.175982613722228
730,False,3.451728498561144
731,False,3.271490623333031
732,False,4.462914615383542
733,False,4.9244309597211835
734,False,2.524339697502031
735,False,2.4226714808615104
736,False,2.9416219676286053
737,False,3.3376524107175833
738,False,3.843759006460176
739,False,3.7498462644839083
740,False,4.926793982584926
741,False,3.3711759279415743
742,False,2.252991849819349
743,False,2.361058222817446
744,False,3.0150722098838023
745,False,3.5495283640516746
746,False,3.6337031159844515
747,False,2.8876015432555544
748,False,3.295519501186519
749,False,3.2421857075309037
750,False,3.2103145776767508
751,False,4.071826839038281
752,False,4.749837982534987
753,False,3.3003870003598843
754,False,2.879879936578243
755,False,3.3517106700039005
756,False,3.1027793938746426
757,False,2.7255388151117996
758,False,3.366213991465785
759,False,3.0932106791766696
760,False,3.0953092239911255
761,False,3.870778623885079
762,False,4.256911147684174
763,False,4.446845494556662
764,False,3.4058700582592594
765,False,3.307574906009692
766,False,2.4119601377114153
767,False,3.3499829283707356
768,False,3.026825853586936
769,False,3.4712531769228043
770,False,2.5231508579101316
771,False,3.588070181124526
772,False,3.5244083293030046
773,False,3.9571805164265963
774,False,2.933451178318017
775,False,4.130866980188513
776,False,2.76070491993063
777,False,3.5294211672443847
778,False,2.692785393069473
779,False,2.824861660203834
780,False,3.672110243289878
781,False,3.413630266368388
782,False,3.1432241284051803
783,False,2.6481555559928807
784,False,2.7256075479948234
785,False,2.883670347634604
786,False,3.3918936582585126
787,False,3.154631278803137
788,False,2.550591785052907
789,False,6.449843221055114
790,False,3.296272389141578
791,False,3.6834928005299723
792,False,4.3759708142345275
793,False,3.0888898207645137
794,False,2.803224691212971
795,False,4.477276652272588
796,False,4.850403566170192
797,False,3.2509063048510085
798,False,1.9120793892496586
799,False,3.6721102432898776
800,False,3.8222712331795208
801,False,2.8355632305125082
802,False,3.3517106700039005
803,False,2.8144334534112923
804,False,4.105793273401552
805,False,2.5837799188032724
806,False,3.622107974986408
807,False,4.25894102381232
808,False,3.303614862377786
809,False,3.1062828818281036
810,False,2.5879167531158935
811,False,3.230227123222426
812,False,3.9969919631124076
813,False,4.275263374188711
814,False,3.594094448184886
815,False,3.3267611235342267
816,False,2.6852075162491214
817,False,3.827893672603468
818,False,3.3285232568680483
819,False,4.088533963830674
820,False,2.69502652623392
821,False,3.9072533850965003
822,False,3.3084198191398158
823,False,2.7785056931215695
824,False,2.9226869497234444
825,False,3.913844603773494
826,False,2.7055482958594257
827,False,2.949528179805325
828,False,4.162110236144783
829,False,2.958005628654845
830,False,3.410827791124231
831,False,4.1082337311243835
832,False,3.133438409565279
833,False,2.4375155531535535
834,False,4.374028274196991
835,False,4.382031002784448
836,False,3.3320263371010834
837,False,2.4563804711111827
838,False,3.0009375878727362
839,False,3.511785906846193
840,False,4.090433234415726
841,False,3.2486330147841826
842,False,2.389490885315703
843,False,3.507449721404076
844,False,3.774127497148329
845,False,3.931487135834255
846,False,3.7193955100391456
847,False,3.6507156229057136
848,False,2.349365632914826
849,False,2.1105468891200827
850,False,3.0864876201619245
851,False,3.000631027608297
852,False,3.59325610814104
853,False,3.1834329119292173
854,False,2.9332818678324677
855,False,3.6500970159759545
856,False,3.1783074333766517
857,False,2.7395552634386555
858,False,3.207523984615461
859,False,2.2536634030463767
860,False,3.035500658603896
861,False,3.217804189983192
862,False,5.1859771318120185
863,False,2.690386811210123
864,False,3.2277290545804393
865,False,3.679507843364787
866,False,5.622056157711345
867,False,3.5298255008419708
868,False,3.225083456941413
869,False,2.5878479269769525
870,False,3.7067513995930392
871,False,3.793666067084386
872,False,3.5570762793316377
873,False,4.290991466797583
874,False,2.773911833964881
875,False,2.9042318214237053
876,False,3.091221021547315
877,False,3.1558724068870045
878,False,3.5311739635347714
879,False,3.8303017069329655
880,False,2.7447970913931825
881,False,4.13292227605325
882,False,3.0167960873335735
883,False,2.136524993792683
884,False,3.9062796678039415
885,False,2.8782550794048185
886,False,7.096164905440445
887,False,3.163865384106009
888,False,4.611305749566756
889,False,4.942868359074959
890,False,2.6176706882569385
891,False,3.4138304241566906
892,False,4.228023136031661
893,False,2.860696365964845
894,False,2.5303711619372615
895,False,2.538655466462726
896,False,3.0161243999601983
897,False,3.0892883584882327
898,False,2.7483332679347168
899,False,4.402744782418591
900,False,3.5067585581908842
901,False,2.5650112517178316
902,False,2.600541858887815
903,False,2.722418043945335
904,False,3.268651794911951
905,False,2.287805701338776
906,False,3.332683255168013
907,False,3.8187752562605426
908,False,2.2861682669505092
909,False,3.0830513589119373
910,False,4.166094610125613
911,False,3.5836922241563554
912,False,4.2181700634747505
913,False,3.8270105199215187
914,False,3.165716510720369
915,False,3.371091414494448
916,False,2.639657832255272
917,False,2.9255549751767544
918,False,3.6324713535949424
919,False,3.629674589343541
920,False,4.7674866265905225
921,False,2.2833712309819028
922,False,2.9386118669076287
923,False,2.19522645686446
924,False,3.691221746156204
925,False,3.6249694363444003
926,False,3.655373750857143
927,False,3.41915373982131
928,False,3.4711452125827518
929,False,6.400024212304731
930,False,2.5891877152509375
931,False,3.966057101047608
932,False,2.14135660731255
933,False,2.505604978962817
934,False,2.3762160764928497
935,False,3.9439747612359124
936,False,2.9758317588444467
937,False,2.3459219900768575
938,False,4.6898587611175
939,False,5.433722480041557
940,False,5.26529526112657
941,False,3.4629302036234906
942,False,3.6352954628793723
943,False,3.4210919020859705
944,False,2.1975781643192875
945,False,3.11488392274474
946,False,3.2755266972175847
947,False,3.5637724490139564
948,False,2.6394368142753177
949,False,4.066748009336945
950,False,2.448996856062265
951,False,3.7643129241035918
952,False,2.6122704819122817
953,False,4.990258551579906
954,False,6.273725772488176
955,False,3.766446066428087
956,False,2.9226869497234436
957,False,2.503741390012614
958,False,1.4432554522204115
959,False,3.237621799671297
960,False,3.4854344361387226
961,False,2.514748158750023
962,False,3.7562144650895863
963,False,3.0976780932603174
964,False,4.258074097409356
965,False,2.2714464193094117
966,False,5.78978361661503
967,False,3.633916418150863
968,False,3.9614982865471005
969,False,2.989308957688399
970,False,2.95884038582463
971,False,2.7059161923803807
972,False,3.42524666295209
973,False,4.353462454301651
974,False,3.0568725394092953
975,False,2.898374783746411
976,False,3.4330309536610497
977,False,3.455950026363862
978,False,2.8350758261842373
979,False,3.1486344042234973
980,False,2.672419395506141
981,False,4.556627737171827
982,False,3.962660732867821
983,False,1.9381243629965808
984,False,2.8769649069679963
985,False,4.046124079079489
986,False,6.449843221055114
987,False,2.9429351314738192
988,False,4.447805036280374
989,False,3.827464349794694
990,False,3.408333121369361
991,False,3.107464724909992
992,False,1.3860166952433561
993,False,2.009873140692896
994,False,4.920248481892038
995,False,2.5956593033572277
996,False,2.701185777159678
997,False,2.06835085601205
998,False,3.559572951749422
999,False,3.907427816460692
1000,False,3.760118869963546
1001,False,4.113051072761904
1002,False,2.743644534338469
1003,False,2.584262688750267
1004,False,3.1588693956189964
1005,False,3.7994493276029617
1006,False,4.078071408695363
1007,False,4.320767649538286
1008,False,3.4580266073370205
1009,False,3.5743517032835386
1010,False,3.0750766114888752
1011,False,2.9995601287478935
1012,False,4.734448194429836
1013,False,4.242219684531354
1014,False,3.2864157325350547
1015,False,3.066232150497556
1016,False,5.723266254004121
1017,False,3.47944559379473
1018,False,4.119885892896733
1019,False,2.8522417934953177
1020,False,2.5055179477487535
1021,False,2.5086238592596435
1022,False,2.8259114464165034
1023,False,3.3899400690604806
1024,False,4.142510000188303
1025,False,3.415153258687701
1026,False,3.460217804796169
1027,False,2.890850226638027
1028,False,2.2777413405603366
1029,False,4.45353199850179
1030,False,4.445307051979568
1031,False,3.629594286556222
1032,False,3.546972589497498
1033,False,4.104417769256955
1034,False,4.330403367316944
1035,False,3.216904720739751
1036,False,3.539193581098478
1037,False,4.374772208973885
1038,False,3.4778446903320024
1039,False,5.190677653424882
1040,False,4.580509355496873
1041,False,2.6834157374871683
1042,False,3.6065061553384155
1043,False,3.1023461097302834
1044,False,3.86382908535124
1045,False,6.0978129794928915
1046,False,3.7262652525217743
1047,False,3.36747052578133
1048,False,2.0106531605476228
1049,False,3.264894612575583
1050,False,2.6426962050077503
1051,False,3.5743305612733343
1052,False,2.6885772713009217
1053,False,2.899478146536711
1054,False,3.3812638779564215
1055,False,3.7847377357146774
1056,False,2.0235595920068317
1057,False,4.316934334251337
1058,False,3.615347365476877
1059,False,4.662178379552804
1060,False,3.5880701811245252
1061,False,2.7601251198281394
1062,False,4.183462632714427
1063,False,3.406802382813917
1064,False,4.243969253546357
1065,False,4.0615192879811906
1066,False,3.9749492011879552
1067,False,3.137202725191784
1068,False,3.062130750760773
1069,False,3.8763078228328567
1070,False,3.3314900156465326
1071,False,2.9958187771726483
1072,False,4.324132132521668
1073,False,2.590069217138155
1074,False,4.811161013779982
1075,False,2.5616614363146337
1076,False,2.575825830185767
1077,False,2.9809790913858545
1078,False,2.210344313224261
1079,False,3.4502721120799045
1080,False,3.3074328172824816
1081,False,2.786581261182961
1082,False,3.563699943087879
1083,False,2.6941351370286633
1084,False,3.036955368784182
1085,False,3.196273623799261
1086,False,3.3517106700039005
1087,False,3.359201376532368
1088,False,4.627748996708262
1089,False,3.168556040419227
1090,False,2.7731580553555353
1091,False,3.8100789159560984
1092,False,2.5674475627794315
1093,False,3.429100885512636
1094,False,4.993030997679247
1095,False,2.548904259611082
1096,False,3.6988305082114983
1097,False,3.508377328299909
1098,False,1.9106299433031584
1099,False,2.5048775665845286
1100,False,4.515809437304284
1101,False,4.662827791870307
1102,False,4.266369128069383
1103,False,2.3708936451785387
1104,False,3.5114812967866462
1105,False,4.258359101994686
1106,False,3.9963920921825298
1107,False,3.122800417837658
1108,False,3.2479375976239315
1109,False,3.2308284325002354
1110,False,3.6213616050452644
1111,False,2.565818910873491
1112,False,2.9417809250803777
1113,False,2.9371975166300737
1114,False,3.4857455262426447
1115,False,3.23726280128525
1116,False,3.596781332770382
1117,False,4.1666358062409605
1118,False,2.418996424794334
1119,False,3.8407163645130544
1120,False,3.146800961636121
1121,False,3.2664448330655245
1122,False,7.01534399292873
1123,False,3.6458805846504934
1124,False,2.8767942163520828
1125,False,6.596140220581959
1126,False,4.729526919132553
1127,False,3.4597834577722026
1128,False,6.250567186053584
1129,False,2.953965993050071
1130,False,3.5302292950409906
1131,False,1.9226653889376568
1132,False,6.070626875391089
1133,False,3.1432241284051803
1134,False,5.35699164271877
1135,False,4.3759708142345275
1136,False,4.036327396398483
1137,False,2.848962355201591
1138,False,4.491405276627215
1139,False,4.129333687012085
1140,False,3.633703115984454
1141,False,3.661461755280999
1142,False,4.049795306649374
1143,False,2.7726163502706975
1144,False,2.3714659782767247
1145,False,2.559172277033781
1146,False,2.5996082233859066
1147,False,3.5677035538524313
1148,False,3.1731272659838607
1149,False,2.5088056395416403
1150,False,2.615771243582194
1151,False,2.394032014048726
1152,False,3.646044297144724
1153,False,4.9685809578851226
1154,False,3.2789420546801793
1155,False,4.433933348333871
1156,False,3.0910665162801254
1157,False,2.8931019420886086
1158,False,4.398801370053444
1159,False,3.0701802804288167
1160,False,2.552643304873198
1161,False,4.409363517031303
1162,False,3.9067264672609383
1163,False,5.859934568602119
1164,False,4.671752088328172
1165,False,2.3606099190669223
1166,False,3.5503517463007204
1167,False,3.2480086786294238
1168,False,2.56852189226365
1169,False,4.161177099170195
1170,False,2.9880479125185784
1171,False,3.927860558701554
1172,False,3.991502915871103
1173,False,4.449549413887912
1174,False,4.249264957494099
1175,False,2.612929778219657
1176,False,3.9153132563341835
1177,False,2.5233074160350255
1178,False,3.6666801849353665
1179,False,3.2395206421864735
1180,False,3.967750412818675
1181,False,2.6408269072473676
1182,False,3.301464748697797
1183,False,2.612270481912282
1184,False,2.878128756968838
1185,False,3.3041188506871517
1186,False,2.8127394866237023
1187,False,3.609162209618856
1188,False,4.198522520623792
1189,False,4.262603634246874
1190,False,2.940247847437658
1191,False,4.783256126488106
1192,False,3.6614063061563265
1193,False,4.937606544971472
1194,False,3.9305152457244756
1195,False,2.5554910687865484
1196,False,3.9327752070188606
1197,False,3.9213478339396937
1198,False,2.9776918932088363
1199,False,3.719395510039147
1200,False,3.588139948926468
1201,False,3.2092265024655857
1202,False,3.437659114836644
1203,False,3.9577031287994946
1204,False,3.7577425014108496
1205,False,5.425400018770818
1206,False,3.2018482014351535
1207,False,2.1831171478066764
1208,False,4.880745223704353
1209,False,3.0789748538253243
1210,False,2.8390382463060857
1211,False,3.1916323285385064
1212,False,2.0999946954300808
1213,False,4.430737329187677
1214,False,3.061648882826326
1215,False,4.433933348333871
1216,False,3.498378515093651
1217,False,3.658429911310469
1218,False,2.7118158567284802
1219,False,3.335629394364898
1220,False,3.3517106700039005
1221,False,2.581267340622746
1222,False,6.017423221787537
1223,False,3.6377916008427253
1224,False,4.086331422957949
1225,False,4.3759708142345275
1226,False,4.201724359528657
1227,False,3.4721894958531396
1228,False,4.262784622798064
1229,False,6.9015970799310615
1230,False,3.983769283094155
1231,False,3.1893870879754673
1232,False,3.22390889255737
1233,False,3.360755113389578
1234,False,3.0048700084154985
1235,False,3.5082314052386554
1236,False,3.167393996402089
1237,False,3.334277702483636
1238,False,3.8878798384501496
1239,False,2.4517812797188894
1240,False,4.319610752881096
1241,False,3.0164261202937097
1242,False,3.4862984354950557
1243,False,3.7306231181442313
1244,False,4.261763984573361
1245,False,3.069907371390902
1246,False,5.103736101527944
1247,False,3.827010519921519
1248,False,4.12985468852804
1249,False,3.3755579005301826
1250,False,3.519361673978291
1251,False,3.6721102432898793
1252,False,3.254591651241427
1253,False,3.059008805469807
1254,False,2.255399235539476
1255,False,3.2677397442504534
1256,False,3.1110249491074478
1257,False,3.4928620201789773
1258,False,3.318314967981384
1259,False,2.477199780628341
1260,False,3.269197779520565
1261,False,3.888193931063041
1262,False,4.196727480840479
1263,False,3.34178856006466
1264,False,3.077610050409227
1265,False,4.185298135965542
1266,False,3.187236611761742
1267,False,3.6624809045710127
1268,False,3.719395510039145
1269,False,2.386414106258301
1270,False,3.007347596804053
1271,False,4.996668236678403
1272,False,3.7787904840886415
1273,False,3.8097372643594674
1274,False,3.6366298310439387
1275,False,2.761198730379078
1276,False,4.97233121672198
1277,False,3.1957944164012257
1278,False,2.269009594319129
1279,False,3.122800417837658
1280,False,3.3517106700039005
1281,False,4.7880439388910485
1282,False,3.8638290853512394
1283,False,2.358810220042849
1284,False,3.1342381640475505
1285,False,5.055373098091962
1286,False,3.1023461097302847
1287,False,2.9741642796890915
1288,False,2.948318825731931
1289,False,4.333650915043435
1290,False,2.729062619849583
1291,False,2.344662977029371
1292,False,3.532136628261122
1293,False,2.810423891333418
1294,False,3.457408178833363
1295,False,3.011537875624528
1296,False,2.6936418538527485
1297,False,3.0329129993490094
1298,False,2.460535219858607
1299,False,2.9977016272671904
1300,False,2.692252235979854
1301,False,2.238103390455449
1302,False,3.612022540555671
1303,False,2.5478796208616084
1304,False,2.6214713719415283
1305,False,5.45893953310053
1306,False,4.793387421431794
1307,False,2.7039086463787987
1308,False,3.4381173964804566
1309,False,3.970191246700646
1310,False,3.5408010734260613
1311,False,2.613645591358245
1312,False,2.6129297782196566
1313,False,4.084538741475961
1314,False,4.272091348201793
1315,False,4.144749994973843
1316,False,3.01190303509849
1317,False,2.255399235539476
1318,False,3.588711058688082
1319,False,2.7447970913931825
1320,False,2.676406542703522
1321,False,4.070734775979045
1322,False,3.194642340541602
1323,False,2.6436413046670837
1324,False,2.5627661400630455
1325,False,3.352202059123419
1326,False,3.2254866362498986
1327,False,4.461318462101821
1328,False,3.2777275205503926
1329,False,3.8372441455381803
1330,False,4.04939165883494
1331,False,3.662456139843588
1332,False,2.872348409388293
1333,False,2.0431371295710634
1334,False,2.457853042987439
1335,False,3.2046292354553327
1336,False,4.255498993884758
1337,False,3.9733646601422645
1338,False,3.4838929410685586
1339,False,4.0935635471486105
1340,False,3.60813753761758
1341,False,6.316206533783982
1342,False,5.004425318433229
1343,False,3.0646532338397967
1344,False,3.0797301043510013
1345,False,2.9285874775590353
1346,False,3.592491867852751
1347,False,2.9978212763628873
1348,False,3.1091958776997126
1349,False,3.875750291425137
1350,False,4.093566435623307
1351,False,3.5711552464823977
1352,False,3.431852885341991
1353,False,3.819771001179483
1354,False,4.000335405608018
1355,False,3.4951767053969314
1356,False,3.1574690753360244
1357,False,4.728126937505316
1358,False,3.5436965577268738
1359,False,4.431595806343342
1360,False,3.6120225405556736
1361,False,3.1657165107203697
1362,False,3.9454122125355156
1363,False,3.6487826905392344
1364,False,3.20233697713259
1365,False,2.8587952439617563
1366,False,3.8356638881155574
1367,False,2.729062619849584
1368,False,2.604622969828578
1369,False,4.200462726161644
1370,False,2.644478043377386
1371,False,2.8662145495075673
1372,False,2.5742474336380834
1373,False,4.197530583637198
1374,False,3.3054025332666837
1375,False,3.147720736185684
1376,False,3.2749353856438623
1377,False,5.507096115897479
1378,False,3.3741753507987604
1379,False,3.8963164350330164
1380,False,3.8300137131484933
1381,False,3.411098463579293
1382,False,3.483177239120416
1383,False,3.306963180770788
1384,False,3.7637716509099968
1385,False,2.847537315113168
1386,False,2.8739695489124464
1387,False,4.421537034201519
1388,False,3.3368839891202366
1389,False,3.328562877398105
1390,False,3.4557732043331226
1391,False,3.3968562011506975
1392,False,4.249562735336013
1393,False,4.305118210090675
1394,False,2.9136494177260257
1395,False,2.694690383348614
1396,False,3.3812173687221225
1397,False,3.4418098218117055
1398,False,3.1697771605969556
1399,False,3.0743291620292106
1400,False,4.061597447846618
1401,False,5.19200708230413
1402,False,4.757166909230381
1403,False,5.137162349524476
1404,False,2.760704919930631
1405,False,3.4226380760014887
1406,False,2.623409717955682
1407,False,2.5107652508511067
1408,False,5.654118221955637
1409,False,5.390300405229672
1410,False,2.7101054305088588
1411,False,4.411830455125192
1412,False,3.7402999661503564
1413,False,3.568942042832906
1414,False,2.1626057385126463
1415,False,2.56581891087349
1416,False,4.122035037574649
1417,False,6.83921057487312
1418,False,3.236898508555181
1419,False,3.539383307743742
1420,False,2.4112936722538243
1421,False,3.6097227493881534
1422,False,4.637992209683588
1423,False,3.7731457366992083
1424,False,3.2089140377815633
1425,False,3.446047305134607
1426,False,6.343531932310696
1427,False,3.5750116018504117
1428,False,3.1016625951943286
1429,False,2.1010221708577776
1430,False,3.649849908598307
1431,False,3.431639118546312
1432,False,2.4310772915558787
1433,False,3.6265546382743437
1434,False,3.5553550577270143
1435,False,3.2770247568240003
1436,False,4.683358716091452
1437,False,2.9726197576160236
1438,False,2.9130501952007695
1439,False,3.675209822098645
1440,False,3.9917233780972494
1441,False,3.4112751218855735
1442,False,4.108767850213672
1443,False,2.748333267934717
1444,False,3.312172578448716
1445,False,3.7643129241035926
1446,False,3.0529433047662087
1447,False,3.116074409677905
1448,False,2.673294007332259
1449,False,3.221230033866504
1450,False,2.817372266391495
1451,False,2.8937378136043472
1452,False,3.5420998862082924
1453,False,2.766494349555035
1454,False,3.5510242394992826
1455,False,2.861788760501266
1456,False,3.5105985247779876
1457,False,4.815080033010127
1458,False,3.59678133277038
1459,False,3.189387087975468
1460,False,4.058358289047393
1461,False,3.4838929410685595
1462,False,3.2322148668597563
1463,False,4.350175347546294
1464,False,2.7244577532477985
1465,False,3.191632350032879
1466,False,4.194515031666599
1467,False,2.3459219900768575
1468,False,3.7299230890438633
1469,False,2.916166755471584
1470,False,3.941770336723597
1471,False,2.3027470508502126
1472,False,2.6305122460307686
1473,False,2.76070491993063
1474,False,3.34045527170713
1475,False,3.5929214980040984
1476,False,2.974254227865682
1477,False,2.8791674260696176
1478,False,3.737896605230376
1479,False,3.329354038517606
1480,False,2.7001207766618918
1481,False,3.237241023977492
1482,False,3.8816548226794048
1483,False,3.1783074333766534
1484,False,3.79074126423505
1485,False,2.8420833956959983
1486,False,4.1389092213405165
1487,False,3.7524419084368286
1488,False,3.4327165638411663
1489,False,3.483955512861751
1490,False,2.9130501952007695
1491,False,3.0920968382177656
1492,False,2.761552572884005
1493,False,4.624382436308952
1494,False,3.4423634717443967
1495,False,3.913279815451579
1496,False,2.554435935135249
1497,False,3.093245010867705
1498,False,2.347898027129158
1499,False,2.472296814131835
1500,False,2.4385970191394035
1501,False,4.430883379205855
1502,False,1.9480145194588363
1503,False,3.0006310276082977
1504,False,3.0097772604844844
1505,False,3.3023435439118645
1506,False,4.462914615383543
1507,False,3.234945312794366
1508,False,4.71726922622066
1509,False,3.5361804851436363
1510,False,3.6835071100649452
1511,False,4.209580734061093
1512,False,3.167954833914029
1513,False,3.191401020287794
1514,False,2.9539046650315535
1515,False,3.406086344624156
1516,False,3.2505899802351257
1517,False,3.086150641353141
1518,False,3.7168149524380336
1519,False,2.7586099282681453
1520,False,3.0057198011882114
1521,False,3.8866908823736543
1522,False,2.1805025195075376
1523,False,2.8396175974601876
1524,False,3.698175354714466
1525,False,3.328562877398104
1526,False,3.242452143369426
1527,False,3.184416523263921
1528,False,3.996743636160403
1529,False,2.5658189108734963
1530,False,2.363200261086088
1531,False,2.679747534928157
1532,False,3.5319383226208743
1533,False,3.4600424848260176
1534,False,3.0789872432342533
1535,False,2.972725660808794
1536,False,3.3607551133895788
1537,False,4.39961535095694
1538,False,2.965350254060378
1539,False,6.326878750270282
1540,False,4.303409370971398
1541,False,6.250567186053585
1542,False,4.462914615383543
1543,False,6.599300247306265
1544,False,2.938195650628577
1545,False,2.0337022165788543
1546,False,2.8334304786393605
1547,False,2.9567059816320564
1548,False,3.4779828198898155
1549,False,4.1179742652037525
1550,False,3.5663818184715836
1551,False,3.1018009638094015
1552,False,3.050105854767411
1553,False,3.399000205993661
1554,False,4.038184258334172
1555,False,2.7491233462071776
1556,False,3.108774438304795
1557,False,3.288193480276881
1558,False,4.307893033991695
1559,False,3.263542224335783
1560,False,2.9636898835547463
1561,False,3.1064605145306943
1562,False,4.462914615383542
1563,False,4.0965314274438525
1564,False,3.1696886510745457
1565,False,2.9083295744683046
1566,False,3.2634161703165256
1567,False,4.606095358608682
1568,False,2.6021513627315342
1569,False,3.140295932233177
1570,False,4.0392969836856025
1571,False,3.7627891420190362
1572,False,3.126686541845299
1573,False,3.5887110586880833
1574,False,4.16538295313221
1575,False,2.965610483433896
1576,False,3.782453562575947
1577,False,3.097678093260315
1578,False,2.959874639185779
1579,False,3.0413078520314842
1580,False,3.2368844322384387
1581,False,4.314986116502744
1582,False,2.3814000855864452
1583,False,3.6313041904475885
1584,False,3.719395510039146
1585,False,3.5089462994074667
1586,False,2.905784027294795
1587,False,3.9296661620369435
1588,False,4.056263818045414
1589,False,3.4719615420907077
1590,False,2.963900344239426
1591,False,5.295949134783327
1592,False,4.350350604306883
1593,False,3.723767869930222
1594,False,2.6594375935428474
1595,False,3.7440411548203154
1596,False,3.074329162029211
1597,False,3.6757773589783325
1598,False,3.6044516932434876
1599,False,3.6848912484877725
1600,False,4.4309973109798015
1601,False,6.599300247306264
1602,False,2.821802092306876
1603,False,3.6779500454665093
1604,False,2.760704919930631
1605,False,4.3570828067137874
1606,False,3.538685475978755
1607,False,3.3220798297656295
1608,False,5.3537791998817985
1609,False,2.623737909466127
1610,False,2.0590952687759025
1611,False,3.5340309855726106
1612,False,3.5492474575097996
1613,False,2.503952948212446
1614,False,2.8477050148213694
1615,False,2.7238525066060437
1616,False,3.5754534335046464
1617,False,3.383372957350781
1618,False,3.2004281339817586
1619,False,3.814783142179439
1620,False,4.5001188392658555
1621,False,2.962097342046625
1622,False,2.8605286708184456
1623,False,2.9373787346714186
1624,False,4.646245288312999
1625,False,2.9950762976639194
1626,False,3.3491049232821637
1627,False,3.3216276339348734
1628,False,4.209280139567902
1629,False,3.7888367636405946
1630,False,2.7350374515860656
1631,False,2.9787019918971755
1632,False,3.680533706486921
1633,False,3.7526914552676653
1634,False,3.4135139578287954
1635,False,3.8666393069034375
1636,False,2.6975959158581113
1637,False,2.5088056395416394
1638,False,5.654103413355488
1639,False,2.8978218354760923
1640,False,3.380759485510071
1641,False,5.735636129407966
1642,False,3.141364004486723
1643,False,4.3914683423328
1644,False,4.165376385253953
1645,False,3.6395091824638652
1646,False,3.310798140252496
1647,False,2.6123927191950966
1648,False,4.439116716561378
1649,False,3.655331034302626
1650,False,3.719395510039146
1651,False,3.2879319213363583
1652,False,3.111142081985381
1653,False,4.66021765187191
1654,False,4.255624426036698
1655,False,3.8938276719110956
1656,False,3.6150889170536775
1657,False,4.306301651244339
1658,False,3.4438228277607186
1659,False,4.256718520260491
1660,False,3.3605168289513103
1661,False,3.3343989211574683
1662,False,2.4599951567240197
1663,False,3.451521835538711
1664,False,4.998398526059024
1665,False,2.725508329492476
1666,False,2.244445392988817
1667,False,2.4108534585326553
1668,False,5.6764283659149495
1669,False,2.3247885089838434
1670,False,2.841532686598817
1671,False,2.979307560978835
1672,False,2.750315047938891
1673,False,3.0563118912741816
1674,False,3.743956503071413
1675,False,3.3053006433551984
1676,False,6.621145483452593
1677,False,3.636703984686733
1678,False,6.7230933738343515
1679,False,2.5255573504027993
1680,False,2.758881407446208
1681,False,3.547793671715353
1682,False,4.229839020895684
1683,False,2.9578147664129872
1684,False,3.2692279583169035
1685,False,2.6708309079529555
1686,False,3.042666500119303
1687,False,4.935622134308087
1688,False,4.696217383951689
1689,False,4.104573019808116
1690,False,3.3293540385176064
1691,False,3.4962386885941386
1692,False,4.36872937414538
1693,False,3.6479534957883692
1694,False,3.3517106700039005
1695,False,4.446211346180641
1696,False,3.3096519495098247
1697,False,3.074329162029211
1698,False,2.361058222817446
1699,False,2.907665356868456
1700,False,3.2004281339817586
1701,False,3.4638451460075395
1702,False,2.756938628573141
1703,False,3.381409748437826
1704,False,3.56182377875503
1705,False,3.434219281966783
1706,False,2.1611055291256616
1707,False,3.6950008926256883
1708,False,4.359442518365147
1709,False,2.983128785524637
1710,False,3.2247961262403124
1711,False,2.7240609298474867
1712,False,4.2581055451580125
1713,False,3.2796931290192517
1714,False,4.604365532752882
1715,False,2.260749371785252
1716,False,3.0488946293109267
1717,False,2.9577955300756313
1718,False,3.890659738493589
1719,False,2.8410332792511643
1720,False,3.1045751314596672
1721,False,4.420729262305555
1722,False,2.205271830888955
1723,False,3.8742890323170154
1724,False,3.14701329911447
1725,False,5.180034335982777
1726,False,2.603590141752014
1727,False,3.2635170662707456
1728,False,3.428548572965077
1729,False,2.684336370221807
1730,False,2.6618808027772096
1731,False,3.226175087972909
1732,False,2.0597828959355167
1733,False,3.118201978265128
1734,False,4.172335413832336
1735,False,4.771669274145605
1736,False,5.967468522183418
1737,False,2.553992567611892
1738,False,3.0749779780585293
1739,False,3.0932106791766696
1740,False,4.457948263266057
1741,False,3.8584738988788114
1742,False,2.253663403046376
1743,False,3.534715359694517
1744,False,3.4293109826954415
1745,False,2.689640380046528
1746,False,2.4458341791811127
1747,False,2.367625322158446
1748,False,3.0753046607548744
1749,False,4.29953999898363
1750,False,3.9917233780972494
1751,False,3.767810884015154
1752,False,4.172228764069077
1753,False,3.5581108296823873
1754,False,3.3392010121922433
1755,False,3.5887110586880837
1756,False,2.5763607855644164
1757,False,3.8471953611408423
1758,False,3.1561910278159715
1759,False,2.4548250014322837
1760,False,4.962760441417083
1761,False,5.419163955910647
1762,False,3.1477207361856845
1763,False,3.642482367902889
1764,False,3.6464858899617774
1765,False,2.1803466352044465
1766,False,3.8315837928734036
1767,False,3.648782690539235
1768,False,5.910618880069301
1769,False,3.752050093757634
1770,False,3.5974380889370945
1771,False,4.817356081603765
1772,False,6.319981862169271
1773,False,2.8003227928225334
1774,False,4.090134586475439
1775,False,3.3517106700039005
1776,False,5.9592545816296125
1777,False,4.465700621589149
1778,False,3.6400748715209246
1779,False,3.025961576836856
1780,False,2.9693579918832658
1781,False,5.622056157711345
1782,False,3.360755113389579
1783,False,3.4517401637038674
1784,False,3.5048307011129056
1785,False,4.594560497909435
1786,False,2.322533755443385
1787,False,3.749270338066771
1788,False,3.0570674825279416
1789,False,3.5142399538239157
1790,False,4.173367172625554
1791,False,4.508197720225322
1792,False,3.735189791474488
1793,False,2.465588818205558
1794,False,2.8991953938689785
1795,False,3.737896605230376
1796,False,3.3076911539482285
1797,False,4.452561933562937
1798,False,4.410517351790248
1799,False,3.3665377612463936
1800,False,3.077610050409228
1801,False,3.09321067917667
1802,False,2.8207020277866324
1803,False,3.5504298863820156
1804,False,2.584411886697242
1805,False,3.65893505229164
1806,False,3.588729036464866
1807,False,3.454003321986702
1808,False,4.9314635755548775
1809,False,4.421805037601424
1810,False,4.414161977297798
1811,False,2.2601512352879904
1812,False,3.017457676773692
1813,False,3.1401496810279608
1814,False,3.148634404223496
1815,False,3.3470537252816785
1816,False,3.8407163645130535
1817,False,3.595520035660282
1818,False,2.941566237671515
1819,False,2.825839895475924
1820,False,3.6977263235176494
1821,False,3.298481727273127
1822,False,3.311405779522936
1823,False,5.616859220067128
1824,False,2.8246162638951984
1825,False,3.694414905213671
1826,False,3.245189125699095
1827,False,4.246489134444385
1828,False,3.540888227783577
1829,False,3.525103830122493
1830,False,2.517723758473
1831,False,2.7968600974321602
1832,False,2.5366958957958445
1833,False,2.8675712590683777
1834,False,4.1231519245071935
1835,False,5.5150440885971745
1836,False,3.347633102142114
1837,False,3.45802660733702
1838,False,4.890321913822438
1839,False,3.3163976829364805
1840,False,3.1566081441211975
1841,False,3.4110984635792914
1842,False,4.559143171055355
1843,False,4.462914615383543
1844,False,4.238512547784463
1845,False,3.782453562575948
1846,False,5.710075722005394
1847,False,3.1529278833072216
1848,False,3.8926825443783923
1849,False,3.327133849782506
1850,False,3.3990205753751375
1851,False,2.7507074698870473
1852,False,3.0921651306107387
1853,False,2.895475313178934
1854,False,3.4682008409140885
1855,False,2.484033549003755
1856,False,4.3246364372764186
1857,False,2.95073259196385
1858,False,2.8031307846593654
1859,False,3.0058663816373072
1860,False,3.5080633642457766
1861,False,2.661880802777211
1862,False,3.588203987302615
1863,False,4.870340048079963
1864,False,4.021944589314888
1865,False,4.044890250295851
1866,False,3.2598066020896423
1867,False,5.180034335982776
1868,False,3.6206469839729007
1869,False,5.3431015502268355
1870,False,2.6539430790722256
1871,False,4.678439849008627
1872,False,3.8639267994626145
1873,False,2.56581891087349
1874,False,3.6483573030306045
1875,False,3.4412870328115774
1876,False,2.3128390485376253
1877,False,3.066024025854094
1878,False,3.7974192181320006
1879,False,4.311013833261915
1880,False,3.1356126995031746
1881,False,2.760704919930631
1882,False,3.5890521376724
1883,False,3.5090134987918518
1884,False,3.9601533144797916
1885,False,4.180819272171911
1886,False,2.347716445903283
1887,False,4.272217413770253
1888,False,3.443103444069907
1889,False,4.19013026502215
1890,False,3.413513957828796
1891,False,4.081571000472002
1892,False,4.716808955058183
1893,False,2.373143881636438
1894,False,2.5314412406752544
1895,False,3.7576372543347403
1896,False,2.687921953282517
1897,False,3.3488407192747838
1898,False,3.3067651719522106
1899,False,2.6106299940966355
1900,False,3.413513957828796
1901,False,3.0910713155070386
1902,False,3.0137435923875073
1903,False,5.330462820018293
1904,False,3.1681672068361797
1905,False,2.773911833964881
1906,False,3.2697943483049414
1907,False,2.4305165084775475
1908,False,3.7193955100391456
1909,False,4.054574667546736
1910,False,3.5537904879630346
1911,False,2.912987073691198
1912,False,5.051304899099878
1913,False,2.465138764050755
1914,False,3.091071315507038
1915,False,3.676499070172753
1916,False,3.544036608919978
1917,False,3.106651151508129
1918,False,3.2493075229751507
1919,False,6.599300247306265
1920,False,3.4327165638411663
1921,False,3.613001646594166
1922,False,2.161100130635045
1923,False,2.6160834412308374
1924,False,4.090433234415725
1925,False,3.914641925179442
1926,False,3.5221650294912954
1927,False,2.869987085073306
1928,False,2.579890189585238
1929,False,4.256911147684174
1930,False,4.116351875624691
1931,False,1.779152146954938
1932,False,2.773911833964881
1933,False,6.281319182180059
1934,False,4.520374773193709
1935,False,2.8914525573190875
1936,False,5.0402073120843625
1937,False,3.2505899802351257
1938,False,3.718665194597759
1939,False,2.6634951439007994
1940,False,4.258855074781232
1941,False,3.1857189218759983
1942,False,2.5147170736488023
1943,False,3.396887124978381
1944,False,3.201848201435152
1945,False,2.829162447769936
1946,False,5.196347299161251
1947,False,3.130829063697106
1948,False,3.200899686417773
1949,False,4.213570915257236
1950,False,1.9168201495219168
1951,False,5.0180109018228425
1952,False,3.538100573592781
1953,False,1.9915529145661208
1954,False,2.7510835937918814
1955,False,3.4718772003703875
1956,False,2.7607049199306317
1957,False,3.153023954196574
1958,False,4.093009907108226
1959,False,2.389815690406397
1960,False,3.6614617552810005
1961,False,2.5391792472453956
1962,False,2.5088056395416403
1963,False,2.3670456732163787
1964,False,3.8270105199215187
1965,False,3.168957619100045
1966,False,3.592921498004097
1967,False,4.3907442891493575
1968,False,3.431639118546311
1969,False,3.768655347864579
1970,False,2.920986314712296
1971,False,5.506515215278685
1972,False,5.642445735787696
1973,False,3.40398690058581
1974,False,3.1471732919501654
1975,False,3.2420120313944207
1976,False,3.4904916729840063
1977,False,3.4654565655876013
1978,False,2.8630757437247247
1979,False,4.008546647148138
1980,False,4.123559138074801
1981,False,2.253415479867879
1982,False,2.989712669429535
1983,False,3.5966794149404047
1984,False,6.400024212304733
1985,False,4.781697600401742
1986,False,3.3454982432642892
1987,False,2.5931783422007175
1988,False,3.183548283277608
1989,False,3.2505899802351266
1990,False,3.019965271715358
1991,False,2.8009560181554174
1992,False,2.5883762836227633
1993,False,2.2641183390333857
1994,False,3.5447597752523
1995,False,2.402575041117082
1996,False,3.905146699556652
1997,False,3.782453562575948
1998,False,3.2174528058392475
1999,False,3.741674616284829
2000,False,3.4701548965551376
2001,False,3.713106752146393
2002,False,3.7374680296091762
2003,False,3.7968855867198505
2004,False,3.436153046939446
2005,False,3.8127063452419723
2006,False,3.9275174049366837
2007,False,2.940247847437658
2008,False,3.047436070645665
2009,False,3.19823955183257
2010,False,2.8591292759986886
2011,False,3.624765968202762
2012,False,2.784964843387581
2013,False,3.2441119582363402
2014,False,3.942182721817613
2015,False,3.079769914338213
2016,False,3.5880701811245252
2017,False,2.345921990076858
2018,False,2.7019332549996453
2019,False,2.2642871781109704
2020,False,2.341113302397946
2021,False,4.008546647148137
2022,False,2.7785056931215695
2023,False,4.183466178686088
2024,False,2.7864753445325756
2025,False,2.5088056395416403
2026,False,5.57758459868237
2027,False,3.9300353024808437
2028,False,3.817031369592439
2029,False,3.4476931309492946
2030,False,3.5194316248560917
2031,False,3.0164261202937106
2032,False,1.895174354782611
2033,False,2.1253892513171384
2034,False,4.77375419012611
2035,False,2.763197318862218
2036,False,3.6179495489223767
2037,False,4.082895640761001
2038,False,3.0268258535869363
2039,False,3.005569672441394
2040,False,2.7447970913931825
2041,False,3.1988288248238805
2042,False,3.60210754218152
2043,False,3.329354038517605
2044,False,4.132565566620951
2045,False,2.575936350286382
2046,False,2.6777816874963314
2047,False,3.740923753824674
2048,False,2.255995290207363
2049,False,3.0006310276082977
2050,False,3.01189366403577
2051,False,3.3208386971499944
2052,False,3.431639118546311
2053,False,4.716597425085302
2054,False,3.1003448951146586
2055,False,2.80974864584853
2056,False,2.861172100863756
2057,False,2.2536634030463767
2058,False,3.277024756824001
2059,False,5.438270800337321
2060,False,2.583033267581778
2061,False,3.032912999349009
2062,False,2.592100007586314
2063,False,4.0254041401086385
2064,False,3.8839638776599625
2065,False,3.115052461652053
2066,False,2.809854074880921
2067,False,3.1159530472448163
2068,False,4.049019831011635
2069,False,4.464508955322301
2070,False,3.6245604886331066
2071,False,2.6630097740086094
2072,False,3.612022540555672
2073,False,2.914316984292635
2074,False,2.2706544722744235
2075,False,3.616417099979393
2076,False,2.7266420473451167
2077,False,2.719304477797261
2078,False,3.723191557259319
2079,False,3.672110243289878
2080,False,2.6267798454304145
2081,False,2.808412393872898
2082,False,3.008892487748256
2083,False,4.361684511086631
2084,False,3.0267116217923484
2085,False,3.4580266073370196
2086,False,3.1723268845737587
2087,False,3.751338086432377
2088,False,4.591705488992861
2089,False,2.263689346562597
2090,False,3.399307883396927
2091,False,3.2702347100992344
2092,False,4.039410453601095
2093,False,3.67078389279201
2094,False,3.221034595862067
2095,False,3.9001628858237054
2096,False,2.312839048537625
2097,False,2.9983777438200327
2098,False,3.4233794800781485
2099,False,3.0064699435839164
2100,False,3.147173291950164
2101,False,2.7502103377461586
2102,False,2.3375682363462533
2103,False,2.3542493791891816
2104,False,3.4907960859844502
2105,False,4.1389092213405165
2106,False,2.360103172270779
2107,False,3.110756409214519
2108,False,3.244506362920582
2109,False,2.5088056395416394
2110,False,3.2586118377474826
2111,False,4.806851611819582
2112,False,2.40855693508283
2113,False,3.341724296609476
2114,False,2.543288717862725
2115,False,2.2536634030463762
2116,False,2.8278586544818505
2117,False,2.9956655039706934
2118,False,4.187867423016984
2119,False,2.76198283870154
2120,False,3.375073848491222
2121,False,3.5274184973967286
2122,False,3.292336659538495
2123,False,2.501523413357054
2124,False,3.388316559926607
2125,False,4.638463419836577
2126,False,3.4905043501497524
2127,False,2.7933253776466365
2128,False,2.745475578069872
2129,False,2.213160673784702
2130,False,3.447835440273507
2131,False,2.5239594020057567
2132,False,3.637791600842725
2133,False,3.0006310276082986
2134,False,2.1614378443577618
2135,False,2.4660973911839514
2136,False,1.9819765626319836
2137,False,2.6122704819122817
2138,False,3.6418941616669374
2139,False,3.0287813204562783
2140,False,2.484335478550997
2141,False,3.44884651163434
2142,False,2.8722413893275576
2143,False,2.9587720148149153
2144,False,2.587238594819434
2145,False,3.1727557235528514
2146,False,3.1602363361865655
2147,False,2.671028077234745
2148,False,2.5424152893177574
2149,False,2.479318397210909
2150,False,3.42132808359546
2151,False,3.9266747739063237
2152,False,2.7807469294085005
2153,False,3.721575462534498
2154,False,3.774917576452116
2155,False,3.0138618160598263
2156,False,3.3996135247053934
2157,False,2.419260554350126
2158,False,2.623315085715859
2159,False,2.599570709288429
2160,False,4.463576492593637
2161,False,2.543288717862725
2162,False,2.691136477990002
2163,False,5.330775879196962
2164,False,3.144184068347115
2165,False,4.059735468596486
2166,False,4.0692637992050935
2167,False,2.792157011761484
2168,False,3.4591727056238386
2169,False,2.3459219900768566
2170,False,2.417414252596314
2171,False,2.938253181471257
2172,False,3.5301380329684884
2173,False,3.978740687400605
2174,False,3.5887110586880837
2175,False,2.496705446135548
2176,False,3.3504068271087233
2177,False,2.0579202175848086
2178,False,3.2744337215046415
2179,False,3.350776144948636
2180,False,3.4006835189575355
2181,False,3.321627633934872
2182,False,1.9915529145661217
2183,False,4.042939867080432
2184,False,3.3037374324471127
2185,False,5.76717714653639
2186,False,3.4948785600339494
2187,False,2.2898291334264296
2188,False,2.9580056286548486
2189,False,4.392920879653288
2190,False,2.6241323028542003
2191,False,3.248752583898885
2192,False,4.929884409657158
2193,False,3.0549025578239686
2194,False,3.1574946032002043
2195,False,3.320032320006507
2196,False,3.6793862901353602
2197,False,3.1878820649987594
2198,False,2.8904809698575096
2199,False,2.221600907558528
2200,False,4.0454866680374035
2201,False,3.1139687611930893
2202,False,2.644460394430011
2203,False,2.257214262642788
2204,False,4.075851651595436
2205,False,4.8285910478970875
2206,False,2.2536634030463767
2207,False,3.2770247568240016
2208,False,3.3589796336279925
2209,False,2.760125119828138
2210,False,4.4646624521278016
2211,False,6.449843221055116
2212,False,2.86427472763815
2213,False,2.3963216407547767
2214,False,4.044341021766686
2215,False,3.020866131652481
2216,False,3.686667381817371
2217,False,2.8974695710352583
2218,False,2.872103104365702
2219,False,4.888049393815594
2220,False,3.8704345728356375
2221,False,3.016426120293708
2222,False,3.2563933690034563
2223,False,5.68094215271609
2224,False,3.2943530706327153
2225,False,3.231440996844932
2226,False,2.580287385239234
2227,False,2.6265449375375316
2228,False,2.7242913365884993
2229,False,3.634012861539251
2230,False,2.1529668635204917
2231,False,4.517628556909382
2232,False,3.04760440107663
2233,False,2.5367960863523233
2234,False,3.5526265142945648
2235,False,3.302793817111053
2236,False,3.5645653202204555
2237,False,3.263743733432236
2238,False,3.101662595194327
2239,False,2.4444598199386935
2240,False,3.9828101892379575
2241,False,1.9952062595715863
2242,False,2.7391819759243945
2243,False,3.062201749967679
2244,False,5.824798926411616
2245,False,2.215017393858304
2246,False,2.9595402442426826
2247,False,3.3147228257252914
2248,False,3.090769856639399
2249,False,3.052507425098231
2250,False,3.1181340579236174
2251,False,4.267335957266731
2252,False,2.9751594154471492
2253,False,3.1909648373846546
2254,False,2.9090545140144917
2255,False,3.016491803356688
2256,False,2.463569978744434
2257,False,3.0845173557417414
2258,False,2.9961367683539213
2259,False,2.660981309842936
2260,False,3.7665341630883473
2261,False,3.4296294650055223
2262,False,6.9813613628014775
2263,False,2.3009373296706266
2264,False,3.6741054622286424
2265,False,2.3221007583198405
2266,False,4.4107326853119675
2267,False,2.4757985359702754
2268,False,3.626305971144076
2269,False,3.4596016234681017
2270,False,3.2702840570218856
2271,False,3.1574151485942568
2272,False,3.7305524760861406
2273,False,2.74071976628045
2274,False,3.3280426906158995
2275,False,2.628140851116309
2276,False,3.624295077264073
2277,False,3.9866363964767335
2278,False,3.222438683169103
2279,False,3.4396036605688236
2280,False,3.303759238245819
2281,False,4.172423968877924
2282,False,4.135990620840553
2283,False,3.572748126165117
2284,False,2.550372095726562
2285,False,3.05509855523073
2286,False,2.9453805385125964
2287,False,2.2330848265379655
2288,False,5.227096103867018
2289,False,3.4451831548124376
2290,False,3.696975326590745
2291,False,4.2627846227980655
2292,False,3.5715113274692394
2293,False,3.7129163515045125
2294,False,4.071566155798349
2295,False,3.8119013782686633
2296,False,3.6274904725831916
2297,False,3.782453562575948
2298,False,4.307125197149184
2299,False,3.8380657819435364
2300,False,3.1068920230985313
2301,False,2.7481753396753716
2302,False,3.712589319705336
2303,False,3.1956684372149016
2304,False,2.936796179257671
2305,False,3.8751622355867408
2306,False,2.3100535241478566
2307,False,3.3398156269191297
2308,False,3.6065061553384155
2309,False,2.334098775784877
2310,False,4.350480184980004
2311,False,3.2725575679925796
2312,False,4.06424530130005
2313,False,3.4166490312887117
2314,False,4.781697600401743
2315,False,3.4160096489319716
2316,False,2.570493977667053
2317,False,4.85581373128916
2318,False,2.6412703374975797
2319,False,3.3332259094260404
2320,False,3.5574210590652195
2321,False,5.948289406932979
2322,False,3.324830361109025
2323,False,3.1374986275034407
2324,False,4.3759708142345275
2325,False,6.250567186053585
2326,False,3.5645263433631498
2327,False,2.5013880020092056
2328,False,3.60662364213578
2329,False,3.293621185424597
2330,False,5.197692282709688
2331,False,4.181602138345268
2332,False,2.733912752821851
2333,False,4.277554180032508
2334,False,3.2646370915756635
2335,False,3.9969919631124085
2336,False,2.5618094868375865
2337,False,4.255714572418787
2338,False,2.671949689557392
2339,False,2.984465605478891
2340,False,3.682973908002294
2341,False,3.19562526736719
2342,False,2.9357297736719707
2343,False,3.7847377357146774
2344,False,2.842353996116968
2345,False,3.583103698104292
2346,False,2.7969140183587937
2347,False,2.88244359079586
2348,False,2.312839048537625
2349,False,2.7546426773129973
2350,False,3.901134119620702
2351,False,3.5887110586880824
2352,False,4.240877425596021
2353,False,2.0579202175848077
2354,False,3.4917334765189647
2355,False,2.8739695489124464
2356,False,3.3200993377467234
2357,False,4.5622181369101735
2358,False,3.7384078827382607
2359,False,3.6377916008427245
2360,False,3.467171924589944
2361,False,3.5810975726129226
2362,False,6.774694766620727
2363,False,4.138144698314023
2364,False,2.5341361604850965
2365,False,2.3945518348019807
2366,False,3.0670928603933585
2367,False,2.6750511122386307
2368,False,1.837095044231791
2369,False,4.771669274145605
2370,False,2.6023098051173217
2371,False,3.078950410594748
2372,False,3.609067710046884
2373,False,2.959540244242682
2374,False,3.211445719029491
2375,False,5.142444271600828
2376,False,3.7129366588246127
2377,False,4.016177795963855
2378,False,5.195432896957416
2379,False,4.168914568625349
2380,False,2.405838209875032
2381,False,4.018284059341181
2382,False,2.1518095626450267
2383,False,3.9313814616610863
2384,False,3.2518875245297734
2385,False,2.549638051671567
2386,False,3.5383948958722544
2387,False,3.827010519921519
2388,False,3.9920158621460713
2389,False,2.817283717601569
2390,False,2.491420995168221
2391,False,3.423721882132121
2392,False,3.000631027608299
2393,False,2.8535718916864474
2394,False,2.940522257053526
2395,False,3.7700264256361438
2396,False,2.821537887683883
2397,False,2.5078517759269143
2398,False,3.6312307355245994
2399,False,3.0549025578239686
2400,False,3.048504493451951
2401,False,3.034634580024834
2402,False,2.6188366605246864
2403,False,3.6527787990270406
2404,False,3.0967109304457607
2405,False,2.5432887178627257
2406,False,2.558186907305435
2407,False,3.3646602938642953
2408,False,3.2635170662707456
2409,False,3.143382929259402
2410,False,3.693947045503257
2411,False,6.322098338332764
2412,False,3.1471732919501654
2413,False,3.483558812543529
2414,False,3.1680838110552827
2415,False,2.3564603724177062
2416,False,2.2964079280468175
2417,False,2.797334122203276
2418,False,4.673645607670902
2419,False,4.081119803973999
2420,False,2.3434801366454963
2421,False,2.9646388470992546
2422,False,2.938055776436892
2423,False,3.5574210590652173
2424,False,2.3813193053123523
2425,False,2.7172370285994947
2426,False,2.77536223332922
2427,False,3.436663713911105
2428,False,3.4327165638411663
2429,False,3.1216021590115153
2430,False,3.7824535625759492
2431,False,2.4562380851864862
2432,False,3.361601388896785
2433,False,3.335072472813315
2434,False,3.0164261202937093
2435,False,2.3765978432790784
2436,False,3.366933754555706
2437,False,3.3949201132122786
2438,False,3.4226380760014887
2439,False,2.7447970913931834
2440,False,3.2703837778557054
2441,False,2.2079619815085927
2442,False,2.7910754673727296
2443,False,3.075554339130948
2444,False,3.9913260303298057
2445,False,3.46854852975837
2446,False,1.9531368888819547
2447,False,3.7498865718164547
2448,False,4.752754665193233
2449,False,3.666521326591133
2450,False,3.905067023272697
2451,False,4.897021894640096
2452,False,2.612929778219657
2453,False,2.210728976764247
2454,False,2.745802209967786
2455,False,4.164985450769559
2456,False,4.352938088427415
2457,False,2.173561383267645
2458,False,3.027251575652151
2459,False,3.4106054456883212
2460,False,3.8631040830346492
2461,False,4.556412485965278
2462,False,3.380052718304582
2463,False,4.179362471730365
2464,False,3.9749542439831838
2465,False,2.867226308619187
2466,False,3.328562877398104
2467,False,2.9779924098070167
2468,False,3.412330908137176
2469,False,2.9640630841543976
2470,False,2.96185828402166
2471,False,3.19823955183257
2472,False,3.261794214072381
2473,False,3.261111890534083
2474,False,3.3878736910044753
2475,False,2.585426332607269
2476,False,3.724548594090422
2477,False,3.9351865216612425
2478,False,3.0472610955451245
2479,False,2.4148228452097658
2480,False,3.302793817111052
2481,False,2.754560810802432
2482,False,3.5142399538239144
2483,False,3.2575123038449902
2484,False,3.0389611184110534
2485,False,4.195063508385834
2486,False,3.1871473354585635
2487,False,4.590106053867428
2488,False,2.3674553756621632
2489,False,3.055126361167602
2490,False,2.8642747276381506
2491,False,4.81471374822621
2492,False,3.6879332208998665
2493,False,3.856202746826761
2494,False,2.859968040179942
2495,False,4.372242094733955
2496,False,3.13051732030151
2497,False,6.9133961025469715
2498,False,2.9928362832965054
2499,False,6.400024212304733
2500,False,2.8962052099335986
2501,False,2.870893633389994
2502,False,2.9577431958588063
2503,False,3.07656666373168
2504,False,3.0621045391976405
2505,False,3.394119235374434
2506,False,3.147720736185685
2507,False,4.052559923386307
2508,False,3.2697247825789244
2509,False,3.1471732919501654
2510,False,3.7916700867513
2511,False,3.4672612683285156
2512,False,4.1622515834810665
2513,False,3.575681645855819
2514,False,4.731731231727162
2515,False,3.4221349957724336
2516,False,4.016771825021345
2517,False,3.153023954196572
2518,False,3.9142734442140283
2519,False,3.7593776697318355
2520,False,2.629218741727412
2521,False,3.9212449855824763
2522,False,4.062738527810353
2523,False,3.0574250741249656
2524,False,2.6659250118923565
2525,False,3.041307852031485
2526,False,3.2597638267656714
2527,False,4.200405839362285
2528,False,2.4425345310974977
2529,False,2.527301799241066
2530,False,4.523062735109204
2531,False,2.9881842721034473
2532,False,2.98962504581429
2533,False,4.703795736530803
2534,False,3.1406400832338077
2535,False,2.59437341786813
2536,False,4.314178468958736
2537,False,2.6475402296435635
2538,False,3.124186036990358
2539,False,3.1681672068361797
2540,False,2.2298284797698025
2541,False,2.615771243582195
2542,False,2.2918494623317245
2543,False,5.180179437582567
2544,False,2.9883244040305943
2545,False,2.773911833964881
2546,False,3.6425575884825867
2547,False,3.0541516972566285
2548,False,3.5892875882182573
2549,False,3.3336210274273848
2550,False,3.166851086226807
2551,False,4.172884609822408
2552,False,3.3156609913231825
2553,False,3.510368183176855
2554,False,6.739897317478773
2555,False,2.0011354228967098
2556,False,4.076332861784109
2557,False,5.336602064642417
2558,False,3.388777153301176
2559,False,2.4651342317839267
2560,False,5.521303381994892
2561,False,3.161780629642893
2562,False,2.405550266461282
2563,False,3.009649600891765
2564,False,3.5604844199815693
2565,False,3.03291299934901
2566,False,2.4140510839583156
2567,False,2.2536634030463776
2568,False,3.302793817111053
2569,False,2.349365632914827
2570,False,3.9592197319365616
2571,False,2.849190486171498
2572,False,2.468969563599459
2573,False,2.5649824195599047
2574,False,3.029641965824943
2575,False,3.737896605230377
2576,False,2.226071481387274
2577,False,3.497013614810494
2578,False,3.1202625661366032
2579,False,2.731511659921242
2580,False,3.6362051084065867
2581,False,3.6176433425952816
2582,False,2.9990369828040904
2583,False,4.485672469367104
2584,False,4.243471323483935
2585,False,3.376053042622632
2586,False,3.65293783474169
2587,False,3.125960795159966
2588,False,2.7930900744655593
2589,False,3.5204983643735366
2590,False,2.3817751788606767
2591,False,3.5188995552453335
2592,False,3.161092509030367
2593,False,2.852241793495317
2594,False,3.681405265485598
2595,False,4.602815480003716
2596,False,2.458565118343395
2597,False,3.4535349918703093
2598,False,4.161772574424735
2599,False,3.485966745544419
2600,False,3.7790894419588708
2601,False,3.8335505168171293
2602,False,3.316624404819891
2603,False,2.8081862598745917
2604,False,1.9915529145661222
2605,False,2.5367960863523185
2606,False,4.27526337418871
2607,False,2.784964843387581
2608,False,3.006469943583916
2609,False,3.78252396921587
2610,False,2.3266931654108416
2611,False,4.1815162926221685
2612,False,3.6375249543152752
2613,False,2.9424345755768457
2614,False,2.758874565996419
2615,False,3.25125569653695
2616,False,4.9923205024398145
2617,False,4.249264957494103
2618,False,3.077610050409227
2619,False,2.924709033903822
2620,False,2.3459219900768575
2621,False,2.6475402296435644
2622,False,6.551762039909897
2623,False,3.207139211109497
2624,False,4.43393334833387
2625,False,4.35904127151073
2626,False,2.679549812245044
2627,False,3.12521893257785
2628,False,4.155026983896519
2629,False,3.3310276757401684
2630,False,2.373616491358736
2631,False,3.514163423621152
2632,False,3.5604844199815693
2633,False,3.1300052937762186
2634,False,3.9822265901892004
2635,False,3.2214286817019815
2636,False,3.6614617552809987
2637,False,2.8642747276381506
2638,False,4.436125745990729
2639,False,3.0413078520314865
2640,False,3.419153739821309
2641,False,3.5494449109176838
2642,False,2.1651431204094878
2643,False,2.4926578975274096
2644,False,3.2398071409199733
2645,False,3.7481076235844406
2646,False,3.8639446239093096
2647,False,2.6894586637719904
2648,False,3.9540603805464785
2649,False,3.8314807856869963
2650,False,3.494575357516071
2651,False,4.486410092058557
2652,False,3.2790931801846392
2653,False,2.6941351370286633
2654,False,4.767653839914615
2655,False,3.7117398631291936
2656,False,3.203023317188264
2657,False,2.6019771378854797
2658,False,4.653524056371493
2659,False,3.6837064893835865
2660,False,3.1820142189290306
2661,False,3.6120225405556736
2662,False,5.091577418912224
2663,False,2.6452056729809432
2664,False,4.6746301585204835
2665,False,3.270519036374883
2666,False,4.183466178686087
2667,False,3.599651728656385
2668,False,3.8270105199215187
2669,False,2.8086781183084213
2670,False,3.354331937685155
2671,False,2.688577271300921
2672,False,3.9805032919223753
2673,False,4.43393334833387
2674,False,3.2945038844986314
2675,False,3.534483222220288
2676,False,3.579549735826888
2677,False,2.840590208785498
2678,False,3.111024949107448
2679,False,4.082895640761002
2680,False,4.535687285281517
2681,False,2.879475746571018
2682,False,3.0671763372674947
2683,False,3.6801124597525168
2684,False,4.153229380432375
2685,False,2.953709478361839
2686,False,2.8690216049685673
2687,False,6.0941888470706775
2688,False,5.690434684514463
2689,False,3.2512556965369503
2690,False,3.3022369008604358
2691,False,4.378649840165735
2692,False,4.024511900741104
2693,False,3.3096866791006443
2694,False,2.8003444398408512
2695,False,3.508672943228281
2696,False,2.386414106258301
2697,False,2.6711039744240432
2698,False,2.5585826461741688
2699,False,3.395935672268847
2700,False,3.0689367486517463
2701,False,4.065818250529601
2702,False,2.2740615913991604
2703,False,3.2152575195103754
2704,False,2.8824435907958597
2705,False,3.1853235538572005
2706,False,3.907169148514497
2707,False,2.8723484093882945
2708,False,4.757631096949385
2709,False,3.7703926171584103
2710,False,2.3607017537165427
2711,False,3.3223247884632836
2712,False,3.436982041351704
2713,False,3.8392965749040937
2714,False,3.3864919683331647
2715,False,3.184010127322745
2716,False,3.036055513403181
2717,False,3.1622196684767636
2718,False,3.328562877398104
2719,False,2.9539659930500726
2720,False,4.628011396514564
2721,False,3.3517106700039005
2722,False,2.848746013146841
2723,False,2.312839048537625
2724,False,4.428737385010448
2725,False,4.324132132521668
2726,False,3.0678199397463617
2727,False,3.4285485729650773
2728,False,2.509799984121485
2729,False,4.283510494285934
2730,False,2.744469116294579
2731,False,4.358054571712163
2732,False,5.9329497024232625
2733,False,3.302508998023569
2734,False,6.052155160362734
2735,False,3.115953047244818
2736,False,3.224953368342472
2737,False,3.629594286556222
2738,False,3.4108857600275533
2739,False,2.428067752207802
2740,False,3.215493868034859
2741,False,2.3478980271291543
2742,False,2.9501192852415694
2743,False,4.859412110137338
2744,False,2.815785952651234
2745,False,3.11000265826933
2746,False,2.688577271300922
2747,False,3.8436897012610824
2748,False,2.802042496116605
2749,False,2.778467460311493
2750,False,2.5591722770337797
2751,False,3.106892023098531
2752,False,2.969134364343469
2753,False,4.668688598505731
2754,False,4.612767817812071
2755,False,3.5673634655991626
2756,False,2.2364095706413267
2757,False,4.102504139351506
2758,False,2.6425142771763372
2759,False,3.362252748470593
2760,False,4.443471749382367
2761,False,3.328562877398104
2762,False,2.535040973221476
2763,False,2.4964455316247536
2764,False,3.1018289290679886
2765,False,2.4633531794666332
2766,False,3.4247919779966
2767,False,3.104587025982739
2768,False,3.4500699365762006
2769,False,3.3180275372379184
2770,False,3.56048441998157
2771,False,3.866953815899875
2772,False,2.689460591724972
2773,False,2.8723484093882936
2774,False,3.1411615718417876
2775,False,2.6941351370286633
2776,False,3.244358294218364
2777,False,3.442506675631382
2778,False,3.2505899802351266
2779,False,2.974528799145868
2780,False,2.7908118004215776
2781,False,2.9888962634311453
2782,False,2.1145991753739577
2783,False,3.2381193420610384
2784,False,3.8954598485001224
2785,False,2.504486642317199
2786,False,4.209817115570774
2787,False,2.7928518244091225
2788,False,2.8707890551316115
2789,False,2.5153734696455934
2790,False,3.359010691838445
2791,False,5.256083905865383
2792,False,3.3454982432642897
2793,False,3.2635170662707456
2794,False,3.3285990990175125
2795,False,2.849861247252055
2796,False,3.476988093407753
2797,False,3.118201978265127
2798,False,3.0530422229109035
2799,False,3.6661088312220214
2800,False,3.851701533111576
2801,False,2.9580056286548473
2802,False,3.3517106700038997
2803,False,2.8727851355648233
2804,False,3.5887110586880833
2805,False,3.737896605230376
2806,False,3.4253885294231217
2807,False,3.4207392799499527
2808,False,2.8194115273391387
2809,False,3.5204285218582205
2810,False,4.448742975535988
2811,False,4.324795466463029
2812,False,4.118078106345897
2813,False,3.4557732043331226
2814,False,2.6267798454304145
2815,False,3.4701173497762596
2816,False,2.9190148455202882
2817,False,3.5345875175060164
2818,False,2.4934885432046894
2819,False,3.658429911310469
2820,False,3.738970437933834
2821,False,2.6221020936756254
2822,False,4.165288986991862
2823,False,2.8927134476200145
2824,False,3.1302093742589108
2825,False,4.105079629899877
2826,False,3.211196023405918
2827,False,2.748333267934718
2828,False,3.1147567124136843
2829,False,3.5263250834873525
2830,False,3.675694994782196
2831,False,2.538382480501669
2832,False,4.622441881071725
2833,False,6.356080968460016
2834,False,3.6484650680578476
2835,False,3.047351459948928
2836,False,2.880024062385728
2837,False,3.1408347789825934
2838,False,3.2421436853598737
2839,False,3.809737264359467
2840,False,3.6661728518876653
2841,False,2.6233488299827514
2842,False,4.689335166501094
2843,False,3.3517106700039005
2844,False,5.98744201844642
2845,False,4.026369005995155
2846,False,2.3621903911194075
2847,False,3.5680903889405644
2848,False,3.3143346804878493
2849,False,3.9588662759412117
2850,False,3.6251948753740812
2851,False,3.9879047269992003
2852,False,5.307783817024854
2853,False,4.1721405201010535
2854,False,3.461916198434261
2855,False,2.9084400502097485
2856,False,3.69753325875704
2857,False,2.46759267338101
2858,False,2.6278650045150904
2859,False,4.065670645876859
2860,False,3.3669337545557068
2861,False,2.5694859962351697
2862,False,3.788855471717
2863,False,4.743350737967528
2864,False,3.5887110586880824
2865,False,3.1023461097302847
2866,False,4.22261832756824
2867,False,3.4670584265187503
2868,False,3.3201800026109733
2869,False,2.757233463651991
2870,False,2.341113302397945
2871,False,4.861950655364203
2872,False,3.4075470511901385
2873,False,2.457521509295938
2874,False,4.0564914314189995
2875,False,4.043442354252237
2876,False,3.2725575679925836
2877,False,3.0911519572033055
2878,False,3.7384078827382616
2879,False,3.791913503188448
2880,False,2.210004162737176
2881,False,6.2813191821800585
2882,False,4.16663190472443
2883,False,3.198711836313259
2884,False,3.8402071075512128
2885,False,5.4285712610115855
2886,False,3.223120063026345
2887,False,2.3798348236591016
2888,False,3.2725575679925845
2889,False,3.0585697615643355
2890,False,3.676438089894268
2891,False,4.745298914802207
2892,False,3.3885151862626195
2893,False,3.24702727953684
2894,False,2.6610250391169727
2895,False,4.06071006346357
2896,False,2.5218499651942223
2897,False,2.979282156163905
2898,False,3.823627138661025
2899,False,3.4154414409530074
2900,False,4.9882072748267525
2901,False,3.5335388670084007
2902,False,5.604517349917082
2903,False,2.091426012464639
2904,False,3.7464151816494446
2905,False,4.12893108870289
2906,False,3.624560488633106
2907,False,3.512516553300093
2908,False,3.998510371572093
2909,False,3.02103909975794
2910,False,2.392343934040404
2911,False,4.706847191694398
2912,False,3.8430019168699596
2913,False,3.9814080787258987
2914,False,3.163126392889714
2915,False,4.380427277691768
2916,False,3.0322232502033897
2917,False,3.6325458096474454
2918,False,3.9473238927341527
2919,False,5.893917198729372
2920,False,2.5432887178627257
2921,False,4.643769041620325
2922,False,3.5149456358524516
2923,False,3.612450069192303
2924,False,2.4230634875432377
2925,False,3.2388861357865317
2926,False,4.440460871941494
2927,False,3.711118274684487
2928,False,3.495819948165076
2929,False,3.542162525573262
2930,False,2.1502228287314704
2931,False,3.366798427144581
2932,False,4.343255346953397
2933,False,2.7431701475166825
2934,False,3.0524044099719485
2935,False,2.5088056395416403
2936,False,5.216534947900227
2937,False,5.384510574030695
2938,False,3.159296574692032
2939,False,2.6943746652398795
2940,False,3.0056582023987763
2941,False,2.2515273843625723
2942,False,3.2212870103473925
2943,False,3.169688651074542
2944,False,3.6925094246205554
2945,False,2.823294115250431
2946,False,4.761976100237424
2947,False,3.1350106639813413
2948,False,2.256556336298415
2949,False,3.635886218327301
2950,False,2.585464236597354
2951,False,3.464862404756585
2952,False,2.6138234514614163
2953,False,3.380805296613339
2954,False,2.901882379509743
2955,False,4.684558937533653
2956,False,4.261855730010946
2957,False,2.575149906508885
2958,False,4.017240785672748
2959,False,3.727473016515744
2960,False,4.506628017586844
2961,False,4.81000663787114
2962,False,3.865386107795704
2963,False,2.783995593744309
2964,False,3.138413823913613
2965,False,4.093291906607937
2966,False,2.792490534653717
2967,False,4.791007559257305
2968,False,5.275194708432274
2969,False,3.4913929835405777
2970,False,2.8400040470968078
2971,False,2.3732628154474096
2972,False,2.503509502341822
2973,False,2.6278650045150904
2974,False,2.3985056628226644
2975,False,3.0180262219368217
2976,False,3.5189478547109814
2977,False,3.9305152457244747
2978,False,4.0138254315540705
2979,False,2.656154639126229
2980,False,3.9605207462909617
2981,False,4.2408301746484165
2982,False,2.3595484024164004
2983,False,4.122012671860491
2984,False,3.4304207592347082
2985,False,2.519916229483072
2986,False,4.247388690886164
2987,False,3.0562008060048136
2988,False,2.6267798454304145
2989,False,3.933954660102255
2990,False,3.37053133083442
2991,False,3.5045653150669906
2992,False,1.856069947776122
2993,False,2.828715865443077
2994,False,3.201848201435152
2995,False,3.215780913570159
2996,False,3.0413078520314856
2997,False,3.1159530472448154
2998,False,2.361222356033078
2999,False,2.853575754560824
3000,False,3.191680961440451
3001,False,2.7784674603114916
3002,False,2.8083458277530005
3003,False,2.760704919930631
3004,False,2.6842617941096005
3005,False,3.164461149975386
3006,False,2.4605539608675486
3007,False,3.0932106791766696
3008,False,4.630326553265402
3009,False,2.690572880551723
3010,False,4.6817805913314405
3011,False,3.1484077932810117
3012,False,5.076822954383651
3013,False,2.930033912107462
3014,False,3.43546092020966
3015,False,2.3253640698786966
3016,False,3.1110249491074478
3017,False,3.366933754555708
3018,False,2.5088056395416403
3019,False,3.3144500270532746
3020,False,4.598235824559096
3021,False,2.4361497134564525
3022,False,3.4612708922730437
3023,False,3.1132987952876903
3024,False,3.131315478959361
3025,False,2.826451942872156
3026,False,2.291849462331725
3027,False,2.6918173126443006
3028,False,3.1486344042234973
3029,False,2.361058222817446
3030,False,3.447493074336613
3031,False,3.119150836962997
3032,False,3.8201189920755385
3033,False,3.4058700582592585
3034,False,2.952505934531374
3035,False,4.150347412154615
3036,False,4.228007532203851
3037,False,2.3926342552691056
3038,False,3.047436070645665
3039,False,3.2897033327349208
3040,False,3.111024949107447
3041,False,3.2890864487996074
3042,False,5.305675978832153
3043,False,3.8459710051614895
3044,False,2.968839105320757
3045,False,3.203680997066771
3046,False,2.194937259499184
3047,False,3.3682243523065574
3048,False,2.929631135619826
3049,False,2.345921990076858
3050,False,3.280841134932741
3051,False,3.5243633046039617
3052,False,3.194625021293871
3053,False,2.2536634030463762
3054,False,2.5605779334212313
3055,False,3.0597658461164454
3056,False,3.3809042779073444
3057,False,2.510754663312488
3058,False,3.0525718134086177
3059,False,3.162989435326041
3060,False,3.285008808635211
3061,False,3.432241572170032
3062,False,4.025707848634069
3063,False,3.9718529127139734
3064,False,3.4140264397296494
3065,False,4.708393641714293
3066,False,2.93231291345152
3067,False,3.698175354714466
3068,False,6.66489361475
3069,False,3.473019674380349
3070,False,6.063773199273921
3071,False,3.6196796945647027
3072,False,2.649991217147516
3073,False,3.6064772817687234
3074,False,3.4835825875573314
3075,False,3.4654565655876004
3076,False,3.1236738681399525
3077,False,3.396856201150698
3078,False,2.886512532888761
3079,False,2.760054059883735
3080,False,6.689110743707099
3081,False,3.9671054983218066
3082,False,2.1936032311807554
3083,False,3.984930045572229
3084,False,3.4052653883511343
3085,False,2.8884242762316
3086,False,3.535680699749439
3087,False,2.957200257061328
3088,False,6.848395291058178
3089,False,3.794442698133247
3090,False,4.327609392817966
3091,False,4.405968952412614
3092,False,2.7675743065314546
3093,False,3.9926263223239413
3094,False,3.2505899802351257
3095,False,3.588070181124526
3096,False,2.779171362051673
3097,False,3.594094448184885
3098,False,3.3469242893461506
3099,False,2.7661707318259907
3100,False,4.449120797146457
3101,False,2.361058222817446
3102,False,5.656038787838598
3103,False,2.201257159924912
3104,False,2.2216009075585283
3105,False,3.5786230597524837
3106,False,3.9938340907525616
3107,False,3.637126761564377
3108,False,3.6206469839729007
3109,False,3.441085224253496
3110,False,4.400931456415403
3111,False,2.5859782800905937
3112,False,3.111919032278289
3113,False,3.6032967327550818
3114,False,2.9713404962097036
3115,False,3.1724549358949305
3116,False,3.172056459498275
3117,False,2.940247847437658
3118,False,2.733195616873081
3119,False,3.549984655113124
3120,False,5.759722503894515
3121,False,3.329088621906971
3122,False,3.3812567565810308
3123,False,2.8223617234133203
3124,False,2.871832990185303
3125,False,4.275436920322806
3126,False,4.849837669561487
3127,False,3.9146135309978813
3128,False,4.14052083355646
3129,False,3.8407163645130544
3130,False,4.361673821499025
3131,False,2.5449028286693802
3132,False,2.945380538512597
3133,False,2.2641628760267594
3134,False,3.4667602020662525
3135,False,2.546766811623413
3136,False,3.257476869742708
3137,False,2.8739695489124477
3138,False,2.604622969828578
3139,False,3.6452763918952815
3140,False,2.446422568740861
3141,False,3.018676467241061
3142,False,4.77624770157617
3143,False,2.4607469914174467
3144,False,3.644473111403794
3145,False,3.610664425668776
3146,False,4.134268104735084
3147,False,4.416788037269328
3148,False,2.958801136186926
3149,False,3.4412870328115788
3150,False,3.4654565655876004
3151,False,5.22056113043522
3152,False,2.9402478474376577
3153,False,2.233153786090238
3154,False,3.6172080972620524
3155,False,4.206818138942767
3156,False,3.129232680768996
3157,False,2.6398362773293433
3158,False,2.8031307846593654
3159,False,3.431639118546311
3160,False,2.837112666098193
3161,False,3.965804024258378
3162,False,4.145291236757765
3163,False,3.1110510181928897
3164,False,3.6418941616669382
3165,False,2.8802194726039265
3166,False,3.373766818715193
3167,False,3.3517106700039005
3168,False,5.187204205798894
3169,False,3.113968761193089
3170,False,2.782016447723251
3171,False,4.090433234415726
3172,False,3.005866381637307
3173,False,2.9102653385968895
3174,False,5.67642836591495
3175,False,2.033675713796189
3176,False,3.404591245733342
3177,False,2.7780161680690303
3178,False,3.0301980870808514
3179,False,2.676508475440187
3180,False,3.857320265307844
3181,False,2.522395688540368
3182,False,3.1306083526691353
3183,False,2.464078048274989
3184,False,4.6245148626353885
3185,False,3.982477186435575
3186,False,3.5320702462835194
3187,False,3.1617806296428905
3188,False,2.5475415182056027
3189,False,3.584445959233602
3190,False,3.7055900550685488
3191,False,4.382164309807791
3192,False,2.6503692923056428
3193,False,3.166851086226808
3194,False,2.5147170736488014
3195,False,3.1255344940655627
3196,False,3.52371678824147
3197,False,2.9993517110673076
3198,False,2.8994781465367114
3199,False,3.019647516309884
3200,False,4.02410017933969
3201,False,3.4932663939000315
3202,False,3.2501941751394505
3203,False,3.5742804345265555
3204,False,3.684408115342912
3205,False,3.3796528784353783
3206,False,3.168684678664602
3207,False,2.8371279195957286
3208,False,2.6498197630473164
3209,False,2.06076875099871
3210,False,4.005824130978908
3211,False,2.744797091393182
3212,False,4.307893033991695
3213,False,3.7627015814203637
3214,False,1.9552077076073076
3215,False,3.515763319547515
3216,False,2.515171785781159
3217,False,2.62856437811394
3218,False,3.7805895915684857
3219,False,2.8392500723479426
3220,False,2.4310772915558805
3221,False,5.813380150826997
3222,False,3.6636903287606937
3223,False,2.9528149078283934
3224,False,3.7299977380351037
3225,False,3.7384078827382585
3226,False,3.840716364513054
3227,False,3.5311554251986927
3228,False,2.181548947248498
3229,False,2.9026156738607645
3230,False,4.090433234415726
3231,False,3.052624665008484
3232,False,3.7838494778036518
3233,False,4.00519167084807
3234,False,3.3322259132979792
3235,False,2.8711795622417653
3236,False,2.549007298980833
3237,False,5.182344336843825
3238,False,2.4867621997823677
3239,False,2.025683287531446
3240,False,4.268883666768739
3241,False,2.263243533020431
3242,False,3.4294672378319366
3243,False,4.716808955058182
3244,False,4.110118677329472
3245,False,3.0972540741684766
3246,False,5.427464507780146
3247,False,4.606514765547913
3248,False,3.6480555241955663
3249,False,1.9339319401517199
3250,False,2.8828783910976887
3251,False,3.2336439430396045
3252,False,5.061444556052342
3253,False,2.8976503645088516
3254,False,4.5982358245590955
3255,False,3.6418941616669396
3256,False,3.875218035541173
3257,False,3.609896147904171
3258,False,4.087323890692295
3259,False,4.023208509746584
3260,False,3.2448525779716806
3261,False,2.685958205716505
3262,False,4.721640239532915
3263,False,3.9761551475853247
3264,False,4.499352855225769
3265,False,5.627172364918775
3266,False,2.9779167525174244
3267,False,2.597086579667039
3268,False,2.5088056395416403
3269,False,3.176216550623158
3270,False,3.057195087369197
3271,False,3.4715427214489836
3272,False,4.242865570787516
3273,False,2.2536634030463785
3274,False,3.1471732919501654
3275,False,3.7814456188705607
3276,False,2.5338393653630376
3277,False,3.2388738130528267
3278,False,2.6856492124076836
3279,False,2.8800240623857265
3280,False,3.0438513456970013
3281,False,3.298263565159958
3282,False,1.8601377307880511
3283,False,3.43163911854631
3284,False,3.57269844275979
3285,False,3.221377392654815
3286,False,3.049223390432384
3287,False,2.9120653522247055
3288,False,3.285903723339867
3289,False,3.9633259696770717
3290,False,3.5711231972497535
3291,False,2.7334925123697915
3292,False,3.3342777024836394
3293,False,3.1471732919501654
3294,False,2.867049704023671
3295,False,3.2675956320238995
3296,False,3.4556979218446853
3297,False,4.032219143776002
3298,False,3.4854273451690165
3299,False,4.781697600401744
3300,False,6.205136856839541
3301,False,3.1068920230985313
3302,False,3.5886812898308267
3303,False,3.2505899802351266
3304,False,4.04674305844863
3305,False,3.16816720683618
3306,False,4.386712733405724
3307,False,3.178613360146687
3308,False,3.2697737271402096
3309,False,2.861822142377461
3310,False,3.530336849412521
3311,False,2.6618474908636056
3312,False,4.399287754076337
3313,False,3.056103263889294
3314,False,3.629443986414259
3315,False,3.391085056734719
3316,False,2.784207667753314
3317,False,2.3871083307501544
3318,False,2.6073181620482355
3319,False,3.3517106700039005
3320,False,3.4156099115506366
3321,False,3.2271096119229785
3322,False,2.9870267012579426
3323,False,2.3463746655733093
3324,False,4.254802016929366
3325,False,3.2902891145713085
3326,False,3.13749862750344
3327,False,3.719395510039147
3328,False,3.256781837691022
3329,False,4.3715370329051995
3330,False,3.0103977110320925
3331,False,2.8985695646810066
3332,False,2.577129430978481
3333,False,3.5347153596945176
3334,False,4.130866980188512
3335,False,4.1529696873742035
3336,False,3.3110098406371664
3337,False,3.1925758776491793
3338,False,4.830249533862282
3339,False,3.071774072196896
3340,False,4.435700388016514
3341,False,2.6267798454304145
3342,False,4.824989344159817
3343,False,4.506628017586845
3344,False,3.1004897379897485
3345,False,2.8704413010182637
3346,False,3.0006310276082986
3347,False,3.028615301855334
3348,False,2.417414252596314
3349,False,2.553356484846934
3350,False,3.451644871165824
3351,False,2.539949840425601
3352,False,3.4183477447781483
3353,False,2.148408489796236
3354,False,3.1813114458211103
3355,False,2.697863478093288
3356,False,2.833257490798339
3357,False,2.2559952902073626
3358,False,3.399926222962601
3359,False,4.2241426274424585
3360,False,4.10898563663988
3361,False,4.211720015276876
3362,False,2.8420833956959988
3363,False,3.494479943051837
3364,False,3.684819869036249
3365,False,2.345921990076858
3366,False,3.834499456208591
3367,False,3.3492968387055337
3368,False,4.54773730778964
3369,False,3.6483573030306036
3370,False,2.4059506065740797
3371,False,3.28405120495632
3372,False,3.1701197074245426
3373,False,3.480908517837897
3374,False,4.84803611579074
3375,False,4.067578908995495
3376,False,2.7653206740417673
3377,False,3.7394165703201256
3378,False,3.106591317458899
3379,False,4.1416379781837955
3380,False,2.142530089542833
3381,False,4.363066370606685
3382,False,3.7794882744953533
3383,False,4.003126796482152
3384,False,4.087514047584821
3385,False,2.898758336739597
3386,False,4.143387583669832
3387,False,3.534715359694518
3388,False,2.9168991933426014
3389,False,2.838850543495274
3390,False,4.433933348333871
3391,False,3.971502209329981
3392,False,2.360477178662973
3393,False,3.36679842714458
3394,False,5.0188233945472325
3395,False,2.8542378310276235
3396,False,2.5755524698192365
3397,False,5.024397171434223
3398,False,3.0296791127071825
3399,False,3.7193955100391456
3400,False,3.187085176006036
3401,False,5.921103302831174
3402,False,3.293593690659406
3403,False,3.094473369625809
3404,False,3.445383624767416
3405,False,3.172056459498274
3406,False,3.2140289262437327
3407,False,3.082053656588562
3408,False,2.7584325083321435
3409,False,3.6286473809201056
3410,False,3.636703984686733
3411,False,3.3517106700039005
3412,False,2.150073048503678
3413,False,3.951513889219925
3414,False,3.4199572508864877
3415,False,4.172106791294478
3416,False,2.842083395695997
3417,False,3.9908185158883134
3418,False,2.7794939195654753
3419,False,3.863188193590268
3420,False,3.155041689070101
3421,False,3.360128128569721
3422,False,3.9166421628855317
3423,False,2.63635536823963
3424,False,4.7082174130658645
3425,False,2.9220156931460277
3426,False,2.646896466964881
3427,False,3.6614617552810005
3428,False,3.29906291988271
3429,False,2.343015525769938
3430,False,3.5835854984083237
3431,False,2.863327277296382
3432,False,3.969911795064442
3433,False,4.307333736696972
3434,False,4.541069131197539
3435,False,5.191824944678016
3436,False,2.7394865450685817
3437,False,2.363685969773865
3438,False,3.658429911310468
3439,False,2.744797091393183
3440,False,3.9773684840844976
3441,False,4.138144698314023
3442,False,2.79149637926984
3443,False,3.7005820674758354
3444,False,4.864643441630145
3445,False,3.5214050409038236
3446,False,3.25125569653695
3447,False,3.9558196435166293
3448,False,3.86382908535124
3449,False,6.077423401416539
3450,False,3.301464748697795
3451,False,4.248517879320059
3452,False,2.6760452900201703
3453,False,4.375970814234527
3454,False,2.4110657008994796
3455,False,2.1925585722892014
3456,False,3.2186138459231874
3457,False,4.63460930344095
3458,False,4.330507177582678
3459,False,2.648515437700954
3460,False,3.2058178959720296
3461,False,2.3871083307501526
3462,False,2.8046193664086214
3463,False,3.3669337545557068
3464,False,3.6262345696000153
3465,False,3.366933754555706
3466,False,3.1731272659838616
3467,False,2.5144307580635465
3468,False,3.221230033866504
3469,False,2.900537400581549
3470,False,3.3685303911749136
3471,False,3.6781315369348118
3472,False,4.1389092213405165
3473,False,6.097812979492892
3474,False,2.4466464625764575
3475,False,2.6925347900379712
3476,False,3.4427318748405606
3477,False,2.7739118339648803
3478,False,3.107276320570279
3479,False,3.147372704872846
3480,False,2.694338793239775
3481,False,3.6866215855616415
3482,False,2.6762807821153047
3483,False,3.9572199202287117
3484,False,3.047351459948927
3485,False,2.6885772713009217
3486,False,3.661461755280999
3487,False,2.974263404010589
3488,False,2.455999582523287
3489,False,2.8259114464165034
3490,False,3.1250795373108304
3491,False,4.0405033033783555
3492,False,4.212668875473881
3493,False,2.311400848514167
3494,False,3.3540866625966395
3495,False,3.7638615906696042
3496,False,5.506795935088429
3497,False,3.255838601456247
3498,False,3.2358388411261108
3499,False,3.721745223569233
3500,False,3.874374810784896
3501,False,3.2546663489359333
3502,False,3.935292415751074
3503,False,3.0486287833595553
3504,False,3.4093302299988575
3505,False,4.3068545216647065
3506,False,3.9327752070188606
3507,False,3.24014553826871
3508,False,7.296174779383839
3509,False,3.2670958806318215
3510,False,2.6843043407520852
3511,False,3.807896806328957
3512,False,6.25237324974175
3513,False,6.449843221055116
3514,False,5.574480475533189
3515,False,3.044169028284778
3516,False,2.7628132308308904
3517,False,2.310087467764787
3518,False,3.639249002435557
3519,False,4.228360352710521
3520,False,4.035500973841221
3521,False,3.896323811509245
3522,False,2.2265249309375954
3523,False,2.5322590107296343
3524,False,3.404591245733343
3525,False,2.3486494428260962
3526,False,2.682850618410386
3527,False,3.625569688926606
3528,False,3.00614816462521
3529,False,4.541453247889349
3530,False,2.673294007332257
3531,False,3.3417191232601353
3532,False,3.7847377357146783
3533,False,2.626779845430413
3534,False,3.675028074110437
3535,False,2.5839399413930035
3536,False,1.9887296743064748
3537,False,3.064047023561332
3538,False,5.69679728876768
3539,False,3.0760175707262327
3540,False,4.250969066301012
3541,False,2.6873719804073253
3542,False,2.8385786293367827
3543,False,2.45430355097715
3544,False,2.788793469939589
3545,False,2.867135729867048
3546,False,3.510847684137207
3547,False,3.7492344488946903
3548,False,4.187867423016985
3549,False,2.7304670195722305
3550,False,4.495939846846883
3551,False,3.0388254318160146
3552,False,2.931350959045317
3553,False,4.058530414095672
3554,False,2.977067188039478
3555,False,3.736342980728081
3556,False,2.9415662376715153
3557,False,4.606514765547913
3558,False,3.717315847967772
3559,False,2.802582157131895
3560,False,3.082578836149758
3561,False,3.2603243445163415
3562,False,2.9072459563161845
3563,False,3.2604890122057193
3564,False,2.461468225943833
3565,False,2.505741360895382
3566,False,3.9088536474131486
3567,False,3.8638290853512394
3568,False,2.793105353424766
3569,False,2.6616761597106726
3570,False,3.0928145446432533
3571,False,2.810334568888503
3572,False,2.9742634040105886
3573,False,2.723217973836408
3574,False,5.163436057634044
3575,False,3.637259193405943
3576,False,2.4691612154015545
3577,False,2.4907534988245374
3578,False,2.5638695964910436
3579,False,3.1492403442358206
3580,False,3.1757614827721405
3581,False,3.366933754555706
3582,False,3.7880321069153116
3583,False,1.9199485378361767
3584,False,2.8388505434952735
3585,False,3.924757452906674
3586,False,4.421033875151387
3587,False,2.5658189108734963
3588,False,5.2916014262506925
3589,False,3.213466682096545
3590,False,2.6655250151207013
3591,False,3.079066804255722
3592,False,3.2097055541780644
3593,False,3.248633014784183
3594,False,3.385034004373363
3595,False,2.0946003725243973
3596,False,3.0558810157570147
3597,False,2.9463223303096404
3598,False,4.236613466729056
3599,False,3.2186138459231888
3600,False,2.3356894490453732
3601,False,4.733658850301275
3602,False,3.1159530472448163
3603,False,2.341113302397946
3604,False,3.458026607337019
3605,False,3.560484419981569
3606,False,3.2845421114502438
3607,False,2.8606578101562414
3608,False,4.581034483870365
3609,False,2.773911833964881
3610,False,3.730995687672818
3611,False,4.502018555350253
3612,False,4.433933348333871
3613,False,3.664014814601778
3614,False,3.823664424557783
3615,False,3.487138048268645
3616,False,3.2594106042166566
3617,False,2.5600241051511525
3618,False,3.294503884498632
3619,False,2.459101276132925
3620,False,3.1425362915096073
3621,False,4.049795306649375
3622,False,2.5692974150912318
3623,False,3.6914340825217367
3624,False,2.397081046194664
3625,False,2.1803466352044465
3626,False,2.589460754251384
3627,False,3.2602904900654943
3628,False,2.374580467643925
3629,False,4.090865819723339
3630,False,2.341485867347561
3631,False,3.1159852656106533
3632,False,2.7355949829732493
3633,False,3.0981092320640773
3634,False,3.501469110595517
3635,False,3.737587243837058
3636,False,2.773911833964881
3637,False,3.5010578328803965
3638,False,2.8081681462362527
3639,False,2.701214583486332
3640,False,3.0932106791766696
3641,False,3.368530391174913
3642,False,3.199229438697953
3643,False,2.705429330649467
3644,False,3.311009840637165
3645,False,2.5890336485519185
3646,False,1.8408714206595094
3647,False,2.3926984447747195
3648,False,3.3944446715778027
3649,False,4.061899481742064
3650,False,4.640787555295192
3651,False,3.452266148178489
3652,False,2.3610582228174453
3653,False,3.189287033187536
3654,False,3.629594286556224
3655,False,2.982645468356417
3656,False,3.818214068036028
3657,False,3.5678679840177048
3658,False,2.626779845430413
3659,False,2.642514277176336
3660,False,2.6365247189387
3661,False,2.4035203638805998
3662,False,3.867182017160913
3663,False,3.737896605230376
3664,False,3.7659943439338406
3665,False,3.9847160922467353
3666,False,2.8420833956959966
3667,False,3.13480008319151
3668,False,3.0389611184110517
3669,False,3.5347153596945176
3670,False,4.165001379843656
3671,False,2.500357963018527
3672,False,4.138805251121937
3673,False,3.709026756634485
3674,False,3.2968977781915925
3675,False,3.5900018693204503
3676,False,3.679266283042439
3677,False,2.3711408225419914
3678,False,3.877892437952137
3679,False,3.4473155345850053
3680,False,3.1657165107203706
3681,False,2.281435951188148
3682,False,3.4769394669469342
3683,False,5.040207312084364
3684,False,3.18312515996472
3685,False,2.940751186055058
3686,False,3.165716510720368
3687,False,3.7106125954979943
3688,False,2.735997386691093
3689,False,3.488014924447884
3690,False,2.966289775495928
3691,False,4.110931038447868
3692,False,2.6020371019422823
3693,False,4.013641278378193
3694,False,4.679416879533141
3695,False,2.780502425746715
3696,False,2.910189772428552
3697,False,3.316110422327488
3698,False,2.9397717341916283
3699,False,2.8179381011196503
3700,False,2.790879981880363
3701,False,3.1987118363132594
3702,False,2.760704919930631
3703,False,3.6734006135684956
3704,False,2.5388703999942526
3705,False,2.9242858204493003
3706,False,2.676912543462782
3707,False,3.453506328079067
3708,False,2.4737111869433295
3709,False,3.0286180520491275
3710,False,3.2504937021978746
3711,False,2.8986649044319965
3712,False,3.219365402587097
3713,False,3.737896605230376
3714,False,4.751660066073452
3715,False,3.334277702483638
3716,False,3.52003966992923
3717,False,3.427401529849638
3718,False,5.734048294311965
3719,False,2.1119174605315227
3720,False,4.474641658767404
3721,False,2.7488658216367865
3722,False,2.50323780848764
3723,False,4.002602239220038
3724,False,2.9666626568181553
3725,False,3.7776662415224584
3726,False,2.945083063630395
3727,False,3.757109384816307
3728,False,3.3009900425521583
3729,False,4.2471395475615425
3730,False,3.425092892490145
3731,False,3.21144571902949
3732,False,2.8297966772478502
3733,False,2.723174164661142
3734,False,2.816605959314383
3735,False,2.455999582523288
3736,False,3.863829085351241
3737,False,2.0116066383445714
3738,False,2.869021604968567
3739,False,3.010428663313908
3740,False,2.7006187228117375
3741,False,4.684558937533655
3742,False,3.6159912402210095
3743,False,3.596781332770382
3744,False,2.0965497842320393
3745,False,3.16816720683618
3746,False,2.7667773079105906
3747,False,3.1679548339140284
3748,False,3.2129271537071347
3749,False,3.3176083149109368
3750,False,3.0928109782629924
3751,False,3.2707971985974464
3752,False,3.221230033866504
3753,False,2.913353657822382
3754,False,4.400787733364335
3755,False,4.54525848484324
3756,False,4.657873287009289
3757,False,3.34045527170713
3758,False,2.417752755094394
3759,False,4.4054779991556785
3760,False,2.2018279468861937
3761,False,3.6733613711512128
3762,False,3.4414360399252315
3763,False,2.8239209031152246
3764,False,3.683395363174843
3765,False,3.1007549273637562
3766,False,5.985660732909725
3767,False,3.380904277907345
3768,False,4.480553498404906
3769,False,3.2876800391213807
3770,False,3.277024756824001
3771,False,3.8112350343514283
3772,False,3.5623627672405367
3773,False,3.8601483384063906
3774,False,3.1610925090303676
3775,False,3.0770976658019626
3776,False,4.895773392549504
3777,False,3.5038765925386937
3778,False,3.2505899802351266
3779,False,3.6157391348091035
3780,False,3.4937269456304296
3781,False,2.5854642365973532
3782,False,2.2973367063628496
3783,False,4.8581263076005206
3784,False,3.498766707019105
3785,False,6.674343147138053
3786,False,3.4972913234581444
3787,False,4.349408495269035
3788,False,3.066638584315692
3789,False,3.8002531885037354
3790,False,2.9344026347683365
3791,False,3.0975408866713567
3792,False,3.606772357614672
3793,False,2.9551743145467335
3794,False,2.493488543204689
3795,False,4.103486097824487
3796,False,3.0952111225721115
3797,False,2.9656104834338954
3798,False,2.9929691435960826
3799,False,2.3128390485376253
3800,False,2.961564666279311
3801,False,4.448108478663428
3802,False,2.1125398274974097
3803,False,2.5649824195599047
3804,False,3.521280579724723
3805,False,3.642737767211611
3806,False,3.6614617552809987
3807,False,3.205817895972027
3808,False,3.476892665644656
3809,False,6.281319182180058
3810,False,2.780502425746717
3811,False,3.0313672504828686
3812,False,3.801377621604222
3813,False,3.769435068860064
3814,False,3.452306504372473
3815,False,4.161291718338519
3816,False,2.646896466964882
3817,False,3.9400792156178452
3818,False,3.1470132991144735
3819,False,3.529421167244384
3820,False,3.36832158029198
3821,False,3.3809195440968685
3822,False,3.3342777024836385
3823,False,3.830248752745666
3824,False,5.367177532262353
3825,False,2.8116684701939616
3826,False,5.337574439948025
3827,False,2.01119623944666
3828,False,3.0371853224643655
3829,False,3.203649209717185
3830,False,2.679747534928157
3831,False,3.258373982833678
3832,False,4.503462774419802
3833,False,4.462914615383543
3834,False,2.824768756829009
3835,False,3.2616258779011362
3836,False,4.254789648024453
3837,False,2.709754344017894
3838,False,2.916899193342601
3839,False,3.139882614778609
3840,False,3.860452560400093
3841,False,2.3411133023979454
3842,False,3.37247392037456
3843,False,3.5300749446506825
3844,False,2.6505174719443505
3845,False,3.5391935810984787
3846,False,2.5835886585742105
3847,False,3.1168124895784906
3848,False,3.498068726701414
3849,False,2.565818910873495
3850,False,3.17485489189603
3851,False,3.442363471744397
3852,False,2.828715865443077
3853,False,3.7193955100391456
3854,False,4.453175695643404
3855,False,3.073833041533396
3856,False,3.477844690332001
3857,False,3.372785366416021
3858,False,4.9887492802868
3859,False,3.169381579286096
3860,False,3.5311554251986967
3861,False,2.7617709706090574
3862,False,2.409693291452409
3863,False,3.9422401713847592
3864,False,3.737920798118462
3865,False,2.964834994025962
3866,False,2.454825001432285
3867,False,2.34822265567182
3868,False,3.139666096707351
3869,False,3.1045870259827364
3870,False,4.151323899007313
3871,False,4.357555897064621
3872,False,4.2338136773205175
3873,False,3.3342777024836376
3874,False,2.469315017020688
3875,False,3.024577204645134
3876,False,3.700213608447132
3877,False,4.048416054570816
3878,False,3.1334641527603693
3879,False,2.7924905346537185
3880,False,3.1943797924195234
3881,False,5.2730168177031125
3882,False,2.6655192963142045
3883,False,3.2887576720672294
3884,False,2.3078646267605283
3885,False,5.770685909334635
3886,False,2.647313759998987
3887,False,4.1468845697265335
3888,False,4.262088438283665
3889,False,2.6617918505823526
3890,False,2.226888766294119
3891,False,2.3964880040224306
3892,False,3.7847377357146774
3893,False,3.6773855439073455
3894,False,5.011582879751719
3895,False,3.5831036981042925
3896,False,3.2705190363748815
3897,False,4.004661124332768
3898,False,3.06372968373692
3899,False,2.695674740142596
3900,False,3.656559935246811
3901,False,2.434537676761591
3902,False,4.640451040312422
3903,False,3.3494529843205694
3904,False,3.5320702462835194
3905,False,3.377048636611112
3906,False,3.472436774839299
3907,False,4.519570165957377
3908,False,2.4704795801200397
3909,False,2.8686851912165006
3910,False,3.237706329531806
3911,False,3.020498331198942
3912,False,2.7366327103981436
3913,False,2.931276136289676
3914,False,4.197097273663384
3915,False,2.6123927191950966
3916,False,3.2794337758629313
3917,False,2.579982532789349
3918,False,2.2610626481739375
3919,False,4.03885331453219
3920,False,3.4310015649646086
3921,False,3.343011307529538
3922,False,4.410732685311971
3923,False,2.7317905730155303
3924,False,3.6487826905392344
3925,False,4.755923554673206
3926,False,3.2691977795205647
3927,False,2.7739118339648803
3928,False,3.6295942865562205
3929,False,2.8059315654766106
3930,False,2.2726090975283304
3931,False,3.25125569653695
3932,False,3.16565871807202
3933,False,3.395654564995306
3934,False,4.791793669661381
3935,False,2.730339171653591
3936,False,3.3096519495098233
3937,False,3.660993629378745
3938,False,3.00743518363021
3939,False,2.7304670195722305
3940,False,2.8626282274278556
3941,False,3.471624921554532
3942,False,4.396861710924609
3943,False,6.192964343849201
3944,False,4.457880071633523
3945,False,1.9947374327253318
3946,False,3.016393124276206
3947,False,3.0155922976721024
3948,False,2.9397597067775227
3949,False,4.176795000406703
3950,False,3.603282629114629
3951,False,4.757204204623116
3952,False,3.5063023675368217
3953,False,2.707876130427965
3954,False,3.3347517039012704
3955,False,3.1219499160641466
3956,False,2.828715865443077
3957,False,3.4396036605688223
3958,False,4.493870756471921
3959,False,3.0507117510525514
3960,False,2.8739695489124477
3961,False,3.2702347100992353
3962,False,3.5401823130147165
3963,False,4.824989344159817
3964,False,3.626716185111046
3965,False,2.626779845430413
3966,False,2.6021513627315334
3967,False,3.3740681610560883
3968,False,3.4732857463485542
3969,False,3.285344510323354
3970,False,2.730045285271528
3971,False,3.5967813327703793
3972,False,4.036090044039101
3973,False,4.409797172451655
3974,False,3.5732455870752875
3975,False,3.17584960632607
3976,False,3.8438911205545248
3977,False,3.573833779597657
3978,False,3.663690328760699
3979,False,4.432930629551113
3980,False,2.5588461818151496
3981,False,3.077858684380208
3982,False,4.31768476852767
3983,False,3.3356884656587322
3984,False,3.542867375673257
3985,False,2.9770671880394772
3986,False,4.422476013556779
3987,False,4.916587010965055
3988,False,4.011165386742621
3989,False,5.030324372461218
3990,False,4.369216544698334
3991,False,3.1155180051281146
3992,False,5.14858447654124
3993,False,1.9203138310638068
3994,False,3.629594286556223
3995,False,3.322442169638703
3996,False,2.633545945978966
3997,False,3.972864933943914
3998,False,3.9958727112925776
3999,False,4.2370453676977675
4000,False,3.2426061379615976
4001,False,3.691823381285627
4002,False,3.79442511616249
4003,False,3.573599452810872
4004,False,2.3972140072037242
4005,False,2.399712811877411
4006,False,3.477940842260756
4007,False,3.066459326943545
4008,False,3.601201552645116
4009,False,2.4670473695296797
4010,False,3.531510662139446
4011,False,3.289703332734918
4012,False,3.465513806952535
4013,False,4.4367414819329545
4014,False,2.6849903546356773
4015,False,3.4382470572590353
4016,False,5.080675668160947
4017,False,3.658429911310469
4018,False,5.710410996042204
4019,False,2.9402478474376577
4020,False,2.433198514082026
4021,False,3.0829036488832933
4022,False,3.014151431968894
4023,False,3.001303738191127
4024,False,3.0932106791766696
4025,False,3.7847377357146788
4026,False,4.159388585886281
4027,False,2.733431827434852
4028,False,4.336971164934704
4029,False,3.9913402740431048
4030,False,3.696483933672505
4031,False,3.6716480318342057
4032,False,2.88260198349185
4033,False,3.7193955100391456
4034,False,2.779171362051674
4035,False,3.01329879527349
4036,False,3.431639118546311
4037,False,4.246524351062896
4038,False,3.2166242141207952
4039,False,3.3543319376851555
4040,False,4.397411563922209
4041,False,3.235838841126109
4042,False,2.1651431204094878
4043,False,2.1166705015561096
4044,False,2.816605959314382
4045,False,5.47221241056311
4046,False,2.229028205005558
4047,False,3.3345092149018285
4048,False,2.84271164808479
4049,False,3.1221004135386834
4050,False,3.1727539123603865
4051,False,3.4100674367986925
4052,False,2.558038315985322
4053,False,4.346593514319889
4054,False,4.506660046271422
4055,False,2.87177784325888
4056,False,2.62786500451509
4057,False,3.232214866859755
4058,False,4.713181466960953
4059,False,2.7434836758718886
4060,False,2.6119428961925806
4061,False,2.5963341434259757
4062,False,3.596781332770379
4063,False,3.4224120042174317
4064,False,3.4261771968288235
4065,False,2.550742671737519
4066,False,3.743788127265708
4067,False,3.5967342565708473
4068,False,3.6771746258678792
4069,False,3.2566973004016195
4070,False,3.355921368273698
4071,False,3.7481076235844397
4072,False,2.7965431376058674
4073,False,2.692610254736745
4074,False,4.634737225729988
4075,False,3.1059816266507196
4076,False,4.57477611442097
4077,False,8.243327536068897
4078,False,3.148634404223497
4079,False,3.145843822183302
4080,False,2.898407057727662
4081,False,2.4786828667434815
4082,False,2.843709662895041
4083,False,4.319209402334359
4084,False,3.1471732919501654
4085,False,3.2635170662707464
4086,False,3.26781759822271
4087,False,3.211835318507691
4088,False,3.2486330147841844
4089,False,2.685317778214275
4090,False,3.9469247440176565
4091,False,2.918455330358381
4092,False,2.5022849479904727
4093,False,2.3459219900768566
4094,False,2.5088056395416407
4095,False,3.360872930837754
4096,False,2.587238594819434
4097,False,4.68590667742306
4098,False,3.1313154789593627
4099,False,2.610000758777715
4100,False,2.850225545648928
4101,False,4.48521849609106
4102,False,5.66283531386405
4103,False,2.4229124823721384
4104,False,2.2434068961958418
4105,False,3.423196973613981
4106,False,4.075921847415523
4107,False,3.3114057795229375
4108,False,3.141410746196976
4109,False,2.718160842747866
4110,False,2.7778710678071787
4111,False,3.4962092422232094
4112,False,3.4643566079061103
4113,False,3.9011341196207034
4114,False,4.279174933171947
4115,False,2.1326230143679124
4116,False,3.652328733103316
4117,False,3.2635170662707456
4118,False,6.739897317478773
4119,False,3.230170120286719
4120,False,5.1800343359827785
4121,False,2.9845839317892193
4122,False,2.669966186657289
4123,False,4.354406175982407
4124,False,2.533075837616638
4125,False,3.063088593093042
4126,False,3.6348621786306663
4127,False,3.3802118074824916
4128,False,3.3768377143713697
4129,False,4.933577281912906
4130,False,4.190418826713625
4131,False,2.8690229686821267
4132,False,2.842353996116969
4133,False,2.95799963976505
4134,False,4.181629872897228
4135,False,4.333484067764991
4136,False,3.35369749476665
4137,False,3.106591317458899
4138,False,3.104380066178045
4139,False,3.2571714829487273
4140,False,2.919014845520287
4141,False,3.532981030360358
4142,False,3.718205384155592
4143,False,5.587003607613621
4144,False,3.347685300998222
4145,False,4.012862296595124
4146,False,3.0210390997579415
4147,False,2.727669345219027
4148,False,3.301809715413316
4149,False,3.9601164543703455
4150,False,3.865910863142677
4151,False,2.179050270881897
4152,False,4.485218496091061
4153,False,3.000631027608298
4154,False,4.276728453645516
4155,False,2.5080209794383053
4156,False,3.700003607678233
4157,False,3.695056962138484
4158,False,2.561813029637301
4159,False,3.2019686420231643
4160,False,3.882568000507111
4161,False,4.356930993202153
4162,False,2.565779077284451
4163,False,3.36511714388915
4164,False,3.822154776645853
4165,False,2.959540244242682
4166,False,5.124865087066659
4167,False,3.4056266634590764
4168,False,4.082232424177525
4169,False,2.5812673406227455
4170,False,3.612022540555673
4171,False,2.969627997512502
4172,False,2.558038315985319
4173,False,3.421712042384818
4174,False,2.3459219900768566
4175,False,2.3075507751980657
4176,False,2.773911833964881
4177,False,3.9997477376188377
4178,False,1.8782079522087471
4179,False,2.4439897163608144
4180,False,3.4504934640241207
4181,False,2.593917436185384
4182,False,3.149977524339072
4183,False,4.182187850559527
4184,False,3.248633014784183
4185,False,2.499973715946159
4186,False,3.8731171421781716
4187,False,2.558578409321386
4188,False,3.495692592795374
4189,False,4.141637978183796
4190,False,3.8724449460127013
4191,False,2.7677144129857965
4192,False,3.096948736135762
4193,False,3.534715359694517
4194,False,2.9730432676827325
4195,False,3.7102370640839686
4196,False,2.777260580980627
4197,False,2.1722308986244343
4198,False,3.2512556965369495
4199,False,2.2536634030463762
4200,False,2.55858264617417
4201,False,4.260523682577138
4202,False,4.856147008576767
4203,False,3.953930100487642
4204,False,3.2691977795205607
4205,False,2.5088056395416394
4206,False,6.2215771359062835
4207,False,2.8091676718526686
4208,False,4.357023559830466
4209,False,3.3241152786495074
4210,False,3.054902557823969
4211,False,2.2403694037619513
4212,False,4.130866980188511
4213,False,4.445173616522854
4214,False,3.0932106791766705
4215,False,3.3716330238089656
4216,False,2.9984990525965194
4217,False,2.9825776714985373
4218,False,3.013715898606174
4219,False,3.1644585779158665
4220,False,3.2721081489822117
4221,False,4.116338472530743
4222,False,3.83628005012505
4223,False,3.442731874840561
4224,False,2.8921001529019836
4225,False,3.7017407417019164
4226,False,5.323152165557079
4227,False,3.641840420080608
4228,False,5.052662290490909
4229,False,2.9995601287478935
4230,False,2.955532751230947
4231,False,2.677264639245095
4232,False,2.9134845269437433
4233,False,1.9964877401933572
4234,False,4.000935872870152
4235,False,3.5294211672443847
4236,False,3.3717393100123365
4237,False,2.7784674603114907
4238,False,2.825605748565885
4239,False,2.49740657836899
4240,False,3.3517106700039005
4241,False,4.275479328265104
4242,False,4.075921847415524
4243,False,2.6508154861740136
4244,False,6.6023905291426885
4245,False,3.6933396478848057
4246,False,3.3517106700039005
4247,False,4.014435521416534
4248,False,3.5887110586880824
4249,False,2.760704919930631
4250,False,3.5518976434225564
4251,False,2.84235399611697
4252,False,4.23136339304642
4253,False,2.5301123163045256
4254,False,2.7982928093264854
4255,False,3.4037366569887326
4256,False,2.763490913361077
4257,False,3.9131139950562335
4258,False,4.678443961489672
4259,False,3.5883028240458446
4260,False,4.221290772610349
4261,False,3.7655239177569197
4262,False,3.054902557823969
4263,False,3.457408178833363
4264,False,3.38210821525146
4265,False,4.8911543346347885
4266,False,3.729663181405856
4267,False,3.5334481478664244
4268,False,3.3024884773533145
4269,False,2.6965050269841258
4270,False,4.105503401316096
4271,False,3.2254866362498986
4272,False,5.1124404155468
4273,False,4.365942206604452
4274,False,3.383372957350777
4275,False,3.7100642780288275
4276,False,2.4485158705524497
4277,False,3.1367982743682563
4278,False,4.183715426848736
4279,False,2.4821924798990236
4280,False,3.9349662475950984
4281,False,3.461679376748128
4282,False,3.333963439325935
4283,False,3.4973222906783565
4284,False,3.4167819190738413
4285,False,2.356460372417707
4286,False,4.073917985218628
4287,False,3.1617806296428927
4288,False,2.6199210450142836
4289,False,3.216261254421958
4290,False,3.405870058259259
4291,False,3.0028727957686376
4292,False,3.7401763146679885
4293,False,4.031352025557291
4294,False,2.739860057202062
4295,False,3.7384078827382607
4296,False,3.879799176856821
4297,False,3.75421545161235
4298,False,2.923842199577325
4299,False,3.2340378322292844
4300,False,2.626779845430413
4301,False,4.268680323722052
4302,False,3.0850140392719223
4303,False,3.111024949107448
4304,False,4.342278325528146
4305,False,2.438924932356108
4306,False,2.6213702997148243
4307,False,4.03350487396852
4308,False,2.8534355099392035
4309,False,4.4795258912283025
4310,False,4.296111023232376
4311,False,3.3627221536520513
4312,False,2.8408140056560516
4313,False,4.126596668595818
4314,False,2.84235399611697
4315,False,4.885605445207392
4316,False,2.627213034613715
4317,False,2.9296580851554426
4318,False,1.9531368888819547
4319,False,2.6398362773293433
4320,False,2.6267798454304137
4321,False,3.5887110586880833
4322,False,7.944413483566601
4323,False,4.356930993202153
4324,False,3.534715359694518
4325,False,3.7247331033460847
4326,False,2.2319157834334744
4327,False,2.925735729883719
4328,False,2.9266872068981415
4329,False,3.148382164667592
4330,False,3.313065331973756
4331,False,2.8226806798567705
4332,False,3.6354002430441086
4333,False,2.21690534693893
4334,False,3.346423824288554
4335,False,3.40833312136936
4336,False,3.864862335583578
4337,False,2.255399235539476
4338,False,4.143387583669832
4339,False,3.1115016848026285
4340,False,2.3505049587875475
4341,False,3.5399556700891543
4342,False,3.1199223994040812
4343,False,2.774853016729487
4344,False,2.733492512369791
4345,False,3.427740776540962
4346,False,3.3999036100553246
4347,False,3.6474809323065047
4348,False,2.265851005797076
4349,False,4.006947045570177
4350,False,2.053276961783014
4351,False,3.727634406815968
4352,False,2.4969798134746815
4353,False,3.0794868507627915
4354,False,3.688090582626132
4355,False,3.012633616618236
4356,False,3.147851010287582
4357,False,3.800015894378994
4358,False,2.2929831953146795
4359,False,3.667418493079081
4360,False,4.094257053893096
4361,False,2.6040507196892877
4362,False,4.228023136031661
4363,False,3.7314474869153815
4364,False,4.15934984937902
4365,False,5.279228888356446
4366,False,3.268651794911951
4367,False,2.5223956885403673
4368,False,3.7140268553594282
4369,False,3.2649958021090124
4370,False,3.072791724362806
4371,False,3.6196796945647023
4372,False,2.7639018949827685
4373,False,3.7424573629639437
4374,False,3.2805680823563397
4375,False,4.340445777903168
4376,False,2.2536634030463762
4377,False,4.664920970991857
4378,False,4.589212842887596
4379,False,2.4590753293675065
4380,False,2.8536699716564735
4381,False,3.6361234762800123
4382,False,4.382564217304137
4383,False,3.5347153596945176
4384,False,3.3229045012175837
4385,False,2.616083441230837
4386,False,3.4865687472163067
4387,False,2.773911833964881
4388,False,2.8831560745949982
4389,False,3.2253457000466956
4390,False,2.955532751230947
4391,False,2.582119800238859
4392,False,3.6561305823095043
4393,False,4.185188634636245
4394,False,3.7932095049485497
4395,False,3.064086050503063
4396,False,2.194097626028743
4397,False,3.1159530472448154
4398,False,3.261224670472534
4399,False,6.009458141162032
4400,False,2.7334925123697906
4401,False,2.4737111869433286
4402,False,2.8899834293179203
4403,False,3.277869241959634
4404,False,2.5038117929895356
4405,False,3.6799575687925414
4406,False,3.0100818738807638
4407,False,3.3339990694540536
4408,False,3.099279401185462
4409,False,4.048416054570818
4410,False,3.6856572663208054
4411,False,2.972384630154662
4412,False,3.4687347473530696
4413,False,3.347903769011575
4414,False,4.100832947961083
4415,False,2.773911833964881
4416,False,2.576627954188277
4417,False,5.2025489394573965
4418,False,2.615771243582194
4419,False,3.7168149524380327
4420,False,2.6229868781289833
4421,False,3.741217460014465
4422,False,3.4935829836413146
4423,False,5.268347755154099
4424,False,2.8867026289582305
4425,False,3.1149690425170795
4426,False,2.0934374959572746
4427,False,6.449843221055115
4428,False,3.7494317503600927
4429,False,2.2461221358637085
4430,False,2.7330639740918223
4431,False,2.781738083276939
4432,False,4.675677728070139
4433,False,2.9072433183396345
4434,False,4.166635806240961
4435,False,3.4565992290963723
4436,False,2.9347735120288623
4437,False,3.3922393530322266
4438,False,3.301464748697796
4439,False,3.290249740087307
4440,False,2.838850543495274
4441,False,3.3850952224176023
4442,False,3.006469943583917
4443,False,3.545699657282351
4444,False,3.740264015678664
4445,False,3.0182542768474026
4446,False,5.299972011709472
4447,False,2.951401458961599
4448,False,3.8677583621708806
4449,False,3.954354766485921
4450,False,3.5113825497372004
4451,False,2.586715477716284
4452,False,3.7151009827071992
4453,False,4.471590250725952
4454,False,5.35917386015121
4455,False,2.626779845430413
4456,False,2.9628156298263355
4457,False,2.857722135982217
4458,False,2.675265563439916
4459,False,5.086894197928585
4460,False,3.141304748811712
4461,False,3.93937015379004
4462,False,2.5602479412390475
4463,False,3.8279625210696633
4464,False,4.938074895081055
4465,False,4.125934181595576
4466,False,3.6175720089391934
4467,False,2.067239576550258
4468,False,3.698157542359236
4469,False,3.342474949094382
4470,False,2.0395177840365855
4471,False,3.242254016989721
4472,False,1.4938152601857753
4473,False,2.2615991589897755
4474,False,3.2547295262102827
4475,False,4.172961471254444
4476,False,2.500572440805177
4477,False,3.683495723782222
4478,False,2.386414106258301
4479,False,3.3711759279415747
4480,False,3.448842507622451
4481,False,4.544699936830805
4482,False,4.266421832845852
4483,False,2.0371670154747545
4484,False,2.543288717862725
4485,False,3.008959737791482
4486,False,2.626779845430413
4487,False,3.1408347789825917
4488,False,3.636577822799456
4489,False,2.3610582228174457
4490,False,3.657044764297038
4491,False,2.9412170713614074
4492,False,2.698463034472955
4493,False,4.343395396103936
4494,False,3.5818581588078158
4495,False,3.336684310665267
4496,False,3.4058700582592594
4497,False,3.6423653271369263
4498,False,3.4967464854654775
4499,False,2.5088056395416394
4500,False,4.560202311861432
4501,False,2.9279646896735807
4502,False,2.0999636016446357
4503,False,3.518010997493769
4504,False,4.6543180580833425
4505,False,3.2319485660810647
4506,False,2.9881842721034477
4507,False,3.431360883402993
4508,False,3.0061481646252113
4509,False,3.3517106700039005
4510,False,3.0445535310561325
4511,False,2.7334925123697906
4512,False,2.7170686413960734
4513,False,2.4356590821767705
4514,False,5.961097506062955
4515,False,2.941701589689385
4516,False,3.96948639117369
4517,False,3.097806016701466
4518,False,3.6442315491051347
4519,False,4.649308752038225
4520,False,3.220469653059393
4521,False,2.7183225943290874
4522,False,3.629594286556223
4523,False,2.9657290152567186
4524,False,3.4629927681663983
4525,False,2.7739118339648803
4526,False,2.8934840743150594
4527,False,2.5059857754281216
4528,False,2.5088056395416394
4529,False,4.74290508223399
4530,False,3.534483222220287
4531,False,3.4199572508864877
4532,False,4.524075266880857
4533,False,3.0196475163098833
4534,False,3.192364003034615
4535,False,2.539703825034019
4536,False,3.716440194030992
4537,False,2.5736305088993836
4538,False,3.9439747612359124
4539,False,2.9363999020901415
4540,False,3.5094051739253485
4541,False,3.1426908906546864
4542,False,3.0711946555281275
4543,False,3.334277702483636
4544,False,3.284259714304087
4545,False,3.294121066467156
4546,False,3.3421033153213116
4547,False,3.8397950614500562
4548,False,2.819411527339139
4549,False,4.705688176479286
4550,False,2.64520567298094
4551,False,3.137548813412187
4552,False,2.9801634761060827
4553,False,4.415156097771819
4554,False,3.986644123665096
4555,False,3.0644742141367165
4556,False,2.6035232332226794
4557,False,2.3610582228174453
4558,False,2.9594744019186097
4559,False,2.0082540492657515
4560,False,4.66290630594431
4561,False,3.9476891038241004
4562,False,3.474997906205488
4563,False,3.9822384343221704
4564,False,3.3942390746041045
4565,False,3.819676767169875
4566,False,3.2770247568240003
4567,False,3.7896824079208424
4568,False,3.5210053388879308
4569,False,3.6689672312144155
4570,False,3.7193955100391456
4571,False,3.9945227054807373
4572,False,2.760704919930631
4573,False,2.9825727164646416
4574,False,3.481422659451306
4575,False,4.0986040980697895
4576,False,3.224758210660656
4577,False,5.128613736130014
4578,False,4.93123295643993
4579,False,3.40722826346538
4580,False,2.9693579918832667
4581,False,2.190566177377432
4582,False,3.8341828472432797
4583,False,4.9394883254612205
4584,False,3.4714617559846337
4585,False,3.7478738246690657
4586,False,3.259410604216658
4587,False,3.277024756824001
4588,False,3.123392185138668
4589,False,2.2780525069267044
4590,False,2.767961685515315
4591,False,2.0858014876099955
4592,False,2.112849499942096
4593,False,6.618463972822314
4594,False,2.745616361887692
4595,False,3.2126784462862217
4596,False,2.8420833956959988
4597,False,2.3411133023979454
4598,False,2.748333267934718
4599,False,3.784737735714678
4600,False,2.5088056395416403
4601,False,6.350205203554349
4602,False,2.5534763327779144
4603,False,2.9279717180165927
4604,False,4.222618327568238
4605,False,3.29551950118652
4606,False,3.07250593002372
4607,False,4.256911147684172
4608,False,3.0376333749509743
4609,False,4.306854521664709
4610,False,2.090842378455266
4611,False,4.137023273620316
4612,False,3.5887110586880833
4613,False,2.8085533022486797
4614,False,3.0268258535869363
4615,False,2.9823609916552987
4616,False,3.1681672068361797
4617,False,4.461170532289237
4618,False,2.57069382449444
4619,False,4.160779156360313
4620,False,3.2541010978677445
4621,False,2.622031864930551
4622,False,4.373190294092123
4623,False,2.5988213978167
4624,False,3.4326651767825065
4625,False,2.5596420235009143
4626,False,2.6267798454304145
4627,False,6.281319182180059
4628,False,2.599570709288434
4629,False,2.7738624206612874
4630,False,3.3543319376851555
4631,False,3.864832880933951
4632,False,2.6800343297925107
4633,False,4.457193523599158
4634,False,3.875122346691925
4635,False,3.038146066016418
4636,False,3.068936748651745
4637,False,4.9234772738504144
4638,False,3.415335249427409
4639,False,3.3180068179634556
4640,False,3.2259954015949646
4641,False,3.6815458761645172
4642,False,3.9765736516099195
4643,False,2.669289280280266
4644,False,2.7581077318999885
4645,False,4.440079755643088
4646,False,5.5098718697892215
4647,False,2.5042327348940114
4648,False,3.3838069366522117
4649,False,5.379959644084547
4650,False,3.858551694798994
4651,False,3.77908944195887
4652,False,3.588070181124526
4653,False,2.8431136268347488
4654,False,2.7440670783250796
4655,False,2.6174556004381895
4656,False,1.4417908191152755
4657,False,3.208595778523947
4658,False,3.1785152370848944
4659,False,3.7403217559942368
4660,False,4.205187275698666
4661,False,3.829103107017557
4662,False,3.742538662896736
4663,False,4.13069865089988
4664,False,2.872348409388293
4665,False,3.4220257668727947
4666,False,2.5187376919585227
4667,False,4.174531141477979
4668,False,3.108128429209928
4669,False,3.476836696912802
4670,False,4.89775398063097
4671,False,3.588259708964858
4672,False,3.228799808465245
4673,False,2.669966186657286
4674,False,2.6294944290796782
4675,False,3.172446812633037
4676,False,3.302793817111053
4677,False,2.395412624783769
4678,False,2.9326151365218975
4679,False,2.736943931242948
4680,False,2.50635387011332
4681,False,3.543696557726875
4682,False,2.9334327768179493
4683,False,2.8140984188237446
4684,False,2.5347787961925192
4685,False,2.623183391976485
4686,False,2.3487935464544307
4687,False,3.5391935810984787
4688,False,3.4786127902910318
4689,False,3.159496855370213
4690,False,2.3946793748465556
4691,False,2.9883244040305956
4692,False,4.066092923120791
4693,False,3.934037006561708
4694,False,2.666673615723949
4695,False,4.334625587339725
4696,False,2.9241517573704856
4697,False,4.534957863102796
4698,False,2.90658231945363
4699,False,3.066189583769263
4700,False,3.1091958776997135
4701,False,3.2897549732275673
4702,False,2.409116850849284
4703,False,2.776297447928619
4704,False,4.858748117811715
4705,False,2.6333727470241413
4706,False,2.28861432894624
4707,False,3.6689008963304715
4708,False,6.0026616151365815
4709,False,2.375740376099026
4710,False,2.2249483552516205
4711,False,3.7319310087033806
4712,False,3.345498243264291
4713,False,2.961693841997389
4714,False,3.2438165326537702
4715,False,3.9078513693262136
4716,False,2.653548150951857
4717,False,2.4898041695079285
4718,False,2.0010944571389313
4719,False,3.302793817111053
4720,False,2.716181611873101
4721,False,4.152307342093258
4722,False,2.86427472763815
4723,False,2.8769866697867106
4724,False,3.111024949107447
4725,False,4.350873086581903
4726,False,2.8065896341625423
4727,False,2.9115281756592655
4728,False,3.334047880609072
4729,False,3.0592032780184053
4730,False,3.465728101380227
4731,False,6.493010129329895
4732,False,2.6661324366335415
4733,False,2.47966591703144
4734,False,4.649058511801181
4735,False,3.294503884498632
4736,False,2.0672395765502585
4737,False,2.484402479028952
4738,False,4.187867423016985
4739,False,3.169381579286094
4740,False,3.3943907226293764
4741,False,2.6578159923741618
4742,False,2.8652388029442863
4743,False,3.857349423357589
4744,False,3.4798594570757078
4745,False,2.7842076677533174
4746,False,2.737631879640354
4747,False,3.0729015642344275
4748,False,3.8345265612972486
4749,False,3.702841706763097
4750,False,3.1893870879754673
4751,False,2.9115057426520243
4752,False,2.515373469645589
4753,False,4.000431394117497
4754,False,3.944924237728706
4755,False,2.6011109555154617
4756,False,3.3465931265495574
4757,False,3.2586118377474835
4758,False,4.608754891025357
4759,False,3.221230033866504
4760,False,2.8499215593218716
4761,False,2.777635221072856
4762,False,5.458939533100527
4763,False,4.086295587251319
4764,False,3.509132034959975
4765,False,3.086941436047821
4766,False,2.5915644616256084
4767,False,2.9517965550379217
4768,False,2.9616849822105387
4769,False,3.477609658942029
4770,False,2.448996856062268
4771,False,3.6527024120956275
4772,False,3.7906528001320257
4773,False,3.908955002714865
4774,False,4.076058512321997
4775,False,3.5124762882607814
4776,False,4.15732472059713
4777,False,3.351119573050253
4778,False,3.499448137694481
4779,False,3.1940669618248485
4780,False,5.140900106713772
4781,False,5.301936978006014
4782,False,4.476729722084877
4783,False,2.6339797170903685
4784,False,2.7558647492102533
4785,False,2.9388850678185876
4786,False,4.067428775844594
4787,False,3.272389659531832
4788,False,2.688577271300923
4789,False,3.957663580858319
4790,False,5.4369005408573425
4791,False,5.556638945022196
4792,False,3.5967813327703824
4793,False,2.608355858981174
4794,False,2.346089926273426
4795,False,2.1572547507191926
4796,False,3.2830654108749067
4797,False,3.0823823399246186
4798,False,3.0738154879538873
4799,False,3.884464593679538
4800,False,2.345921990076858
4801,False,2.880519529677572
4802,False,3.8270105199215187
4803,False,3.133189369578669
4804,False,3.8398233950477065
4805,False,2.458408361808383
4806,False,1.779152146954938
4807,False,4.006697522666195
4808,False,2.789560477449248
4809,False,4.547481480457553
4810,False,2.8420833956959988
4811,False,5.223781693818245
4812,False,3.5194241904773973
4813,False,3.3301976954948382
4814,False,3.395546646454628
4815,False,4.741449768902128
4816,False,3.2790571663404506
4817,False,2.6602554071677824
4818,False,3.2214286817019806
4819,False,3.345398896577781
4820,False,3.45802660733702
4821,False,3.035873517259235
4822,False,3.3162484662466736
4823,False,2.649125033367805
4824,False,3.782453562575947
4825,False,1.7180363219915853
4826,False,2.8704573341947652
4827,False,2.083543774648852
4828,False,3.785707726559842
4829,False,3.406399634702293
4830,False,4.692040693740254
4831,False,3.2228225513748483
4832,False,2.75687264354705
4833,False,3.5426817297612887
4834,False,2.685958205716505
4835,False,6.549481238555881
4836,False,3.5233712689120367
4837,False,2.1944980344468012
4838,False,3.2549447422663356
4839,False,2.4022784814027287
4840,False,2.2004782823462254
4841,False,5.080836237596284
4842,False,3.9792810452992184
4843,False,2.828880996607629
4844,False,4.5005436693601295
4845,False,2.232086139570317
4846,False,3.699970972231656
4847,False,2.8381988415741386
4848,False,5.753380362733115
4849,False,3.705815121218157
4850,False,4.081816637381359
4851,False,3.426398324877988
4852,False,3.357405308749111
4853,False,4.144920193600966
4854,False,2.4208140609986804
4855,False,3.476157028704418
4856,False,2.872241389327556
4857,False,3.6585248831711565
4858,False,4.145846556066295
4859,False,2.8637466506990075
4860,False,3.351710670003901
4861,False,3.3517106700039005
4862,False,5.180034335982777
4863,False,3.887937724598928
4864,False,3.4557732043331226
4865,False,2.432077814431988
4866,False,3.827010519921518
4867,False,3.01189366403577
4868,False,2.9060293034605555
4869,False,2.5088056395416407
4870,False,3.691823381285626
4871,False,6.449843221055115
4872,False,3.5486858637301353
4873,False,6.316206533783981
4874,False,3.1646800908629613
4875,False,4.304324922825787
4876,False,3.897989789850947
4877,False,4.369164357306013
4878,False,3.188509634844957
4879,False,3.2728462739724336
4880,False,3.1477008289717436
4881,False,2.5237094585807647
4882,False,4.76276656441698
4883,False,3.5880701811245266
4884,False,3.1657165107203684
4885,False,3.525632752064891
4886,False,4.106888537173112
4887,False,2.5183445197465617
4888,False,2.853788482321
4889,False,3.0164261202937097
4890,False,2.9539046650315526
4891,False,2.5221438011833817
4892,False,3.56048441998157
4893,False,3.637259193405942
4894,False,4.858748117811714
4895,False,2.8939474091387583
4896,False,3.0006310276083
4897,False,3.413513957828796
4898,False,3.3710764644318783
4899,False,3.8400467112055914
4900,False,2.9049813582109416
4901,False,4.0877163455655285
4902,False,2.585095307495843
4903,False,3.9654620558537483
4904,False,3.6157391348091035
4905,False,4.538742099929534
4906,False,3.82977345191041
4907,False,1.7334007222829955
4908,False,5.0275986616677475
4909,False,3.49570083529242
4910,False,2.9220156931460273
4911,False,3.2458195024894345
4912,False,3.253955875500615
4913,False,3.020498331198942
4914,False,3.4580266073370205
4915,False,2.6794491272312437
4916,False,3.195668437214902
4917,False,3.904424031805651
4918,False,3.935386013451295
4919,False,3.0973055531792486
4920,False,4.268870465289664
4921,False,6.637178347163166
4922,False,3.6415907842272404
4923,False,2.8642747276381506
4924,False,3.3110098406371655
4925,False,2.603896854064416
4926,False,3.002994697713713
4927,False,3.1814703552327583
4928,False,2.8499215593218765
4929,False,2.9484470924346113
4930,False,3.4761570287044172
4931,False,2.492832069572474
4932,False,2.8739695489124464
4933,False,3.7753155511618086
4934,False,2.7784674603114925
4935,False,2.425155646139778
4936,False,2.3005122853452433
4937,False,3.2543113248554696
4938,False,3.6091622096188565
4939,False,3.335688465658734
4940,False,4.292812248509019
4941,False,2.819411527339139
4942,False,3.219573370161142
4943,False,3.7852434475969536
4944,False,4.679467799164169
4945,False,3.531155425198696
4946,False,3.354982941640287
4947,False,4.140580239570068
4948,False,3.5148147522667874
4949,False,3.5391935810984787
4950,False,3.4590542283559427
4951,False,2.6944446671835793
4952,False,3.6909556782855284
4953,False,3.346443039007685
4954,False,2.855139107658262
4955,False,2.686751770705098
4956,False,2.394551834801981
4957,False,4.248248505024384
4958,False,2.430353349046745
4959,False,3.6818937784160486
4960,False,2.8259114464165034
4961,False,3.3985754077602035
4962,False,4.061899481742064
4963,False,3.5743517032835386
4964,False,4.36102046148209
4965,False,3.5818427601245073
4966,False,4.797819686817764
4967,False,2.8800240623857283
4968,False,2.794990944365542
4969,False,3.37925744310687
4970,False,3.4141372896294957
4971,False,2.904457825493632
4972,False,3.1291878582128483
4973,False,5.936214422832661
4974,False,3.0398318610815913
4975,False,3.676089654116516
4976,False,6.07742340141654
4977,False,3.6566002519850107
4978,False,2.626779845430413
4979,False,2.270598911927071
4980,False,3.691221746156203
4981,False,2.861117035348827
4982,False,2.886467176233478
4983,False,3.596781332770382
4984,False,3.6876480377429606
4985,False,3.7970238839378507
4986,False,2.4192605543501258
4987,False,4.044890250295849
4988,False,3.243359135496959
4989,False,3.5413044048487268
4990,False,2.9453805385125964
4991,False,2.3411133023979454
4992,False,2.506353870113321
4993,False,3.5596532106156906
4994,False,3.1642337587054286
4995,False,3.3939308575043423
4996,False,3.164883645275379
4997,False,3.1131183230721455
4998,False,3.2247961262403124
4999,False,3.7529749776994548
5000,False,5.161130891619873
