cluster_id,node_index,start_time,end_time,peak_time,representative_event_id,source_records,representative_activity,any_gauge_crosses_domain,any_gauge_has_unlocated_channel
N004_C0000058,4,2025-07-19 09:30:47.587567541,2025-07-19 09:30:48.137567541,2025-07-19 09:30:47.687567541,RGM_0038702,1,0.0002015802085062,False,False
N061_C0001367,61,2025-07-19 09:32:36.037567541,2025-07-19 09:32:36.087567541,2025-07-19 09:32:36.062567541,RGM_0039245,1,1.4597187514282187e-05,False,False
N023_C0001069,23,2025-07-19 09:33:06.662567541,2025-07-19 09:33:06.712567541,2025-07-19 09:33:06.687567541,RGM_0039461,1,1.2731820346517598e-05,False,False
N059_C0001337,59,2025-07-19 09:33:25.737567541,2025-07-19 09:33:25.787567541,2025-07-19 09:33:25.762567541,RGM_0039559,1,1.2538855894888575e-05,False,False
N061_C0001368,61,2025-07-19 09:34:50.387567541,2025-07-19 09:34:50.937567541,2025-07-19 09:34:50.512567541,RGM_0040158,1,0.0002246086653041,False,False
N016_C0000874,16,2025-07-19 09:35:15.237567541,2025-07-19 09:35:15.287567541,2025-07-19 09:35:15.262567541,RGM_0040301,1,1.116739991516529e-05,False,False
N093_C0001435,93,2025-07-19 09:59:25.987816201,2025-07-19 09:59:26.037816201,2025-07-19 09:59:26.012816201,RGM_0136911,1,1.5319835836958045e-06,False,False
N059_C0001338,59,2025-07-19 10:17:21.688066716,2025-07-19 10:17:21.888066716,2025-07-19 10:17:21.788066716,RGM_0137850,1,0.0001123211884491,False,False
N086_C0001391,86,2025-07-19 10:21:53.488278433,2025-07-19 10:21:53.688278433,2025-07-19 10:21:53.588278433,RGM_0138962,1,4.461432470818514e-05,False,False
N089_C0001421,89,2025-07-19 10:21:53.488278433,2025-07-19 10:21:53.688278433,2025-07-19 10:21:53.588278433,RGM_0138964,2,3.427818918731245e-05,False,False
N085_C0001385,85,2025-07-19 10:21:53.988278433,2025-07-19 10:21:54.088278433,2025-07-19 10:21:54.038278433,RGM_0139006,1,2.2511951023921074e-05,False,False
N089_C0001422,89,2025-07-19 10:21:53.938278433,2025-07-19 10:21:54.188278433,2025-07-19 10:21:54.088278433,RGM_0139009,2,4.595250519942819e-05,False,False
N030_C0001082,30,2025-07-19 10:26:08.863278433,2025-07-19 10:26:09.138278433,2025-07-19 10:26:09.088278433,RGM_0139813,1,5.022111422602688e-05,False,False
N014_C0000873,14,2025-07-19 10:28:19.938278433,2025-07-19 10:28:21.938278433,2025-07-19 10:28:21.438278433,RGM_0141090,1,0.0028335774833555,False,False
N011_C0000067,11,2025-07-19 10:28:20.938278433,2025-07-19 10:28:21.938278433,2025-07-19 10:28:21.563278433,RGM_0141094,1,0.0009976754369787,False,False
N017_C0000875,17,2025-07-19 10:28:21.538278433,2025-07-19 10:28:21.613278433,2025-07-19 10:28:21.563278433,RGM_0141093,1,0.0001361744020339,False,False
N010_C0000065,10,2025-07-19 10:28:21.438278433,2025-07-19 10:28:22.038278433,2025-07-19 10:28:21.638278433,RGM_0141099,4,0.0025125080288911,False,False
N012_C0000865,12,2025-07-19 10:28:21.438278433,2025-07-19 10:28:22.038278433,2025-07-19 10:28:21.688278433,RGM_0141102,4,0.0014872567648866,False,False
N019_C0000977,19,2025-07-19 10:28:21.438278433,2025-07-19 10:28:21.938278433,2025-07-19 10:28:21.688278433,RGM_0141101,1,0.0001121792285664,False,False
N018_C0000923,18,2025-07-19 10:28:21.863278433,2025-07-19 10:28:21.913278433,2025-07-19 10:28:21.888278433,RGM_0141105,1,4.064565903693143e-05,False,False
N017_C0000876,17,2025-07-19 10:28:21.938278433,2025-07-19 10:28:21.988278433,2025-07-19 10:28:21.963278433,RGM_0141107,1,3.0093746852348803e-05,False,False
N018_C0000924,18,2025-07-19 10:28:21.938278433,2025-07-19 10:28:22.788278433,2025-07-19 10:28:22.038278433,RGM_0141111,1,0.0001568745192763,False,False
N001_C0000049,1,2025-07-19 10:28:29.738278433,2025-07-19 10:28:30.938278433,2025-07-19 10:28:30.838278433,RGM_0141279,1,0.0004450906873741,False,False
N018_C0000925,18,2025-07-19 10:28:38.063278433,2025-07-19 10:28:38.888278433,2025-07-19 10:28:38.288278433,RGM_0141380,1,0.0002881643938539,False,False
N018_C0000926,18,2025-07-19 10:28:47.913278433,2025-07-19 10:28:48.588278433,2025-07-19 10:28:47.988278433,RGM_0141521,1,0.0002027987952812,False,False
N023_C0001070,23,2025-07-19 10:38:30.983182903,2025-07-19 10:38:31.033182903,2025-07-19 10:38:31.008182903,RGM_0144993,1,2.6213365477368856e-05,False,False
N019_C0000978,19,2025-07-19 10:40:16.058439553,2025-07-19 10:40:16.108439553,2025-07-19 10:40:16.083439553,RGM_0145855,1,5.111061236299762e-06,False,False
N019_C0000979,19,2025-07-19 10:41:57.208439553,2025-07-19 10:41:58.333439553,2025-07-19 10:41:57.333439553,RGM_0146625,1,0.0002502551005644,False,False
N019_C0000980,19,2025-07-19 10:46:04.858439553,2025-07-19 10:46:06.083439553,2025-07-19 10:46:04.908439553,RGM_0148611,1,0.0007807317385575,False,False
N020_C0001013,20,2025-07-19 10:46:07.033439553,2025-07-19 10:46:07.233439553,2025-07-19 10:46:07.133439553,RGM_0148656,2,2.95317059008444e-05,False,False
N019_C0000981,19,2025-07-19 10:46:12.083439553,2025-07-19 10:46:13.383439553,2025-07-19 10:46:12.458439553,RGM_0148709,1,0.0006198851403641,False,False
N011_C0000068,11,2025-07-19 10:46:18.508439553,2025-07-19 10:46:18.558439553,2025-07-19 10:46:18.533439553,RGM_0148790,1,0.000426604082024,False,False
N019_C0000982,19,2025-07-19 10:46:20.783439553,2025-07-19 10:46:23.658439553,2025-07-19 10:46:20.858439553,RGM_0148835,1,0.0002626700970978,False,False
N019_C0000983,19,2025-07-19 10:46:28.633439553,2025-07-19 10:46:28.683439553,2025-07-19 10:46:28.658439553,RGM_0148879,1,7.847773273805386e-06,False,False
N019_C0000984,19,2025-07-19 10:46:39.583439553,2025-07-19 10:46:40.958439553,2025-07-19 10:46:40.508439553,RGM_0149066,2,0.0004303418581094,False,False
N020_C0001014,20,2025-07-19 10:46:42.258439553,2025-07-19 10:46:42.583439553,2025-07-19 10:46:42.508439553,RGM_0149112,1,4.108807589169104e-05,False,False
N011_C0000069,11,2025-07-19 10:46:42.458439553,2025-07-19 10:46:42.558439553,2025-07-19 10:46:42.533439553,RGM_0149113,1,0.0002042032163999,False,False
N019_C0000985,19,2025-07-19 10:46:42.458439553,2025-07-19 10:46:42.958439553,2025-07-19 10:46:42.558439553,RGM_0149114,2,0.0001279409256334,False,False
N011_C0000070,11,2025-07-19 10:46:42.758439553,2025-07-19 10:46:42.808439553,2025-07-19 10:46:42.783439553,RGM_0149117,1,0.0001001203365414,False,False
N017_C0000877,17,2025-07-19 10:46:42.733439553,2025-07-19 10:46:42.833439553,2025-07-19 10:46:42.783439553,RGM_0149123,1,8.782415576169393e-05,False,False
N020_C0001015,20,2025-07-19 10:46:42.758439553,2025-07-19 10:46:42.808439553,2025-07-19 10:46:42.783439553,RGM_0149122,1,1.872111603134061e-05,False,False
N018_C0000927,18,2025-07-19 10:46:41.833439553,2025-07-19 10:46:43.833439553,2025-07-19 10:46:42.808439553,RGM_0149126,1,0.001518686022083,False,False
N019_C0000986,19,2025-07-19 10:46:47.583439553,2025-07-19 10:46:47.883439553,2025-07-19 10:46:47.633439553,RGM_0149234,1,7.01222036774989e-05,False,False
N018_C0000928,18,2025-07-19 10:47:00.283439553,2025-07-19 10:47:00.483439553,2025-07-19 10:47:00.383439553,RGM_0149379,1,8.349700289205525e-05,False,False
N058_C0001257,58,2025-07-19 10:47:15.083439553,2025-07-19 10:47:15.133439553,2025-07-19 10:47:15.108439553,RGM_0149629,1,9.101984691700384e-06,False,False
N011_C0000071,11,2025-07-19 10:47:16.083439553,2025-07-19 10:47:16.208439553,2025-07-19 10:47:16.158439553,RGM_0149637,1,0.0002543173414381,False,False
N019_C0000987,19,2025-07-19 10:47:26.333439553,2025-07-19 10:47:28.333439553,2025-07-19 10:47:26.933439553,RGM_0149732,1,0.0009527692753641,False,False
N011_C0000072,11,2025-07-19 10:47:38.683439553,2025-07-19 10:47:38.733439553,2025-07-19 10:47:38.708439553,RGM_0149910,1,0.0002848595895688,False,False
N019_C0000988,19,2025-07-19 10:47:51.583439553,2025-07-19 10:47:52.583439553,2025-07-19 10:47:52.258439553,RGM_0150100,1,0.0001545531997181,False,False
N011_C0000073,11,2025-07-19 10:47:54.683439553,2025-07-19 10:47:54.883439553,2025-07-19 10:47:54.783439553,RGM_0150150,1,0.0006189905840171,False,False
N017_C0000878,17,2025-07-19 10:47:54.683439553,2025-07-19 10:47:54.883439553,2025-07-19 10:47:54.783439553,RGM_0150153,1,0.0003461082171706,False,False
N018_C0000929,18,2025-07-19 10:47:54.583439553,2025-07-19 10:47:55.583439553,2025-07-19 10:47:54.808439553,RGM_0150159,1,0.0003060954803861,False,False
N019_C0000989,19,2025-07-19 10:48:42.033439553,2025-07-19 10:48:43.708439553,2025-07-19 10:48:43.033439553,RGM_0150837,3,8.877203862255017e-05,False,False
N011_C0000074,11,2025-07-19 10:48:43.008439553,2025-07-19 10:48:43.108439553,2025-07-19 10:48:43.058439553,RGM_0150839,1,0.000122465245503,False,False
N018_C0000930,18,2025-07-19 10:49:00.983439553,2025-07-19 10:49:01.058439553,2025-07-19 10:49:01.008439553,RGM_0151106,1,1.9324408206284326e-05,False,False
N018_C0000931,18,2025-07-19 10:49:50.033439553,2025-07-19 10:49:50.083439553,2025-07-19 10:49:50.058439553,RGM_0151528,1,1.296735787868635e-05,False,False
N058_C0001258,58,2025-07-19 10:49:52.683439553,2025-07-19 10:49:52.733439553,2025-07-19 10:49:52.708439553,RGM_0151575,1,4.721075942063159e-06,False,False
N011_C0000075,11,2025-07-19 10:50:01.833663375,2025-07-19 10:50:02.958663375,2025-07-19 10:50:02.708663375,RGM_0151727,1,0.0012694740618018,False,False
N011_C0000076,11,2025-07-19 10:50:28.683663375,2025-07-19 10:50:28.783663375,2025-07-19 10:50:28.733663375,RGM_0152252,1,0.0001436869198817,False,False
N017_C0000879,17,2025-07-19 10:50:28.583663375,2025-07-19 10:50:29.083663375,2025-07-19 10:50:28.933663375,RGM_0152254,2,0.0002286393820277,False,False
N011_C0000077,11,2025-07-19 10:50:28.908663375,2025-07-19 10:50:29.008663375,2025-07-19 10:50:28.958663375,RGM_0152256,1,0.0001918597635277,False,False
N017_C0000880,17,2025-07-19 10:50:31.183663375,2025-07-19 10:50:31.233663375,2025-07-19 10:50:31.208663375,RGM_0152322,1,2.132010204308925e-05,False,False
N011_C0000078,11,2025-07-19 10:50:40.583663375,2025-07-19 10:50:40.633663375,2025-07-19 10:50:40.608663375,RGM_0152566,1,5.632232706017287e-05,False,False
N018_C0000932,18,2025-07-19 10:50:40.583663375,2025-07-19 10:50:40.633663375,2025-07-19 10:50:40.608663375,RGM_0152564,1,1.016084901948791e-05,False,False
N017_C0000881,17,2025-07-19 10:50:40.608663375,2025-07-19 10:50:40.658663375,2025-07-19 10:50:40.633663375,RGM_0152567,1,3.357817679733703e-05,False,False
N011_C0000079,11,2025-07-19 10:50:43.208663375,2025-07-19 10:50:43.258663375,2025-07-19 10:50:43.233663375,RGM_0152663,1,3.5669028601825146e-05,False,False
N017_C0000882,17,2025-07-19 10:50:43.233663375,2025-07-19 10:50:43.283663375,2025-07-19 10:50:43.258663375,RGM_0152665,1,2.20439154281576e-05,False,False
N011_C0000080,11,2025-07-19 10:50:47.408663375,2025-07-19 10:50:47.458663375,2025-07-19 10:50:47.433663375,RGM_0152728,1,7.186913031119693e-05,False,False
N017_C0000883,17,2025-07-19 10:50:47.383663375,2025-07-19 10:50:47.483663375,2025-07-19 10:50:47.433663375,RGM_0152726,1,4.868716442034846e-05,False,False
N017_C0000884,17,2025-07-19 10:50:49.783663375,2025-07-19 10:50:50.183663375,2025-07-19 10:50:50.058663375,RGM_0152804,2,0.0001364964476786,False,False
N011_C0000081,11,2025-07-19 10:50:50.058663375,2025-07-19 10:50:50.108663375,2025-07-19 10:50:50.083663375,RGM_0152805,1,0.0001707261604504,False,False
N017_C0000885,17,2025-07-19 10:50:59.708663375,2025-07-19 10:50:59.758663375,2025-07-19 10:50:59.733663375,RGM_0153065,1,0.0001287356380674,False,False
N011_C0000082,11,2025-07-19 10:51:16.883663375,2025-07-19 10:51:17.083663375,2025-07-19 10:51:16.983663375,RGM_0153250,2,0.0008922099437654,False,False
N017_C0000886,17,2025-07-19 10:51:16.883663375,2025-07-19 10:51:17.083663375,2025-07-19 10:51:16.983663375,RGM_0153249,2,0.0005199756330804,False,False
N018_C0000933,18,2025-07-19 10:51:16.983663375,2025-07-19 10:51:17.033663375,2025-07-19 10:51:17.008663375,RGM_0153256,1,0.0001609444170893,False,False
N018_C0000934,18,2025-07-19 10:51:44.083663375,2025-07-19 10:51:45.083663375,2025-07-19 10:51:44.683663375,RGM_0153623,1,0.0002193808063801,False,False
N018_C0000935,18,2025-07-19 10:52:01.833663375,2025-07-19 10:52:03.833663375,2025-07-19 10:52:03.208663375,RGM_0154023,1,0.0008372821192831,False,False
N018_C0000936,18,2025-07-19 10:52:12.483663375,2025-07-19 10:52:12.533663375,2025-07-19 10:52:12.508663375,RGM_0154129,1,1.1851995562817189e-05,False,False
N018_C0000937,18,2025-07-19 10:52:14.233663375,2025-07-19 10:52:14.783663375,2025-07-19 10:52:14.308663375,RGM_0154136,1,9.633706811883086e-05,False,False
N018_C0000938,18,2025-07-19 10:52:15.883663375,2025-07-19 10:52:17.033663375,2025-07-19 10:52:16.458663375,RGM_0154162,1,0.0001201192856433,False,False
N018_C0000939,18,2025-07-19 10:52:28.283663375,2025-07-19 10:52:28.983663375,2025-07-19 10:52:28.933663375,RGM_0154391,2,0.0003723124630167,False,False
N011_C0000083,11,2025-07-19 10:52:28.933663375,2025-07-19 10:52:28.983663375,2025-07-19 10:52:28.958663375,RGM_0154396,1,0.0002495557160222,False,False
N017_C0000887,17,2025-07-19 10:52:28.933663375,2025-07-19 10:52:28.983663375,2025-07-19 10:52:28.958663375,RGM_0154394,1,0.0002066756571471,False,False
N018_C0000940,18,2025-07-19 10:52:31.208663375,2025-07-19 10:52:31.533663375,2025-07-19 10:52:31.508663375,RGM_0154447,1,4.550350945589524e-05,False,False
N018_C0000941,18,2025-07-19 10:52:38.833663375,2025-07-19 10:52:40.833663375,2025-07-19 10:52:40.058663375,RGM_0154538,1,0.0016902301625901,False,False
N018_C0000942,18,2025-07-19 10:52:50.033663375,2025-07-19 10:52:50.333663375,2025-07-19 10:52:50.058663375,RGM_0154692,1,5.272768162508216e-05,False,False
N018_C0000943,18,2025-07-19 10:52:57.333663375,2025-07-19 10:52:57.408663375,2025-07-19 10:52:57.358663375,RGM_0154790,1,7.955729183550564e-05,False,False
N019_C0000990,19,2025-07-19 10:52:56.808663375,2025-07-19 10:52:57.433663375,2025-07-19 10:52:57.358663375,RGM_0154791,1,3.600035607261573e-05,False,False
N011_C0000084,11,2025-07-19 10:54:26.008663375,2025-07-19 10:54:26.358663375,2025-07-19 10:54:26.333663375,RGM_0155445,1,0.0001647573738975,False,False
N012_C0000866,12,2025-07-19 10:54:40.158663375,2025-07-19 10:54:41.083663375,2025-07-19 10:54:40.258663375,RGM_0155544,1,0.0004637200728189,False,False
N059_C0001339,59,2025-07-19 10:54:49.883663375,2025-07-19 10:54:49.983663375,2025-07-19 10:54:49.933663375,RGM_0155607,1,3.841458722238125e-05,False,False
N011_C0000085,11,2025-07-19 10:54:59.983663375,2025-07-19 10:55:00.033663375,2025-07-19 10:55:00.008663375,RGM_0155711,1,4.74371385189705e-05,False,False
N019_C0000991,19,2025-07-19 10:55:25.458663375,2025-07-19 10:55:25.708663375,2025-07-19 10:55:25.483663375,RGM_0155975,1,1.8330740669082912e-05,False,False
N011_C0000086,11,2025-07-19 10:55:53.133663375,2025-07-19 10:55:53.183663375,2025-07-19 10:55:53.158663375,RGM_0156321,1,4.369078338926864e-05,False,False
N011_C0000087,11,2025-07-19 10:55:53.383663375,2025-07-19 10:55:53.433663375,2025-07-19 10:55:53.408663375,RGM_0156328,1,0.0002601920597618,False,False
N012_C0000867,12,2025-07-19 10:55:55.733663375,2025-07-19 10:55:55.808663375,2025-07-19 10:55:55.758663375,RGM_0156375,1,0.0001069824353325,False,False
N012_C0000868,12,2025-07-19 10:55:58.133663375,2025-07-19 10:55:59.558663375,2025-07-19 10:55:59.508663375,RGM_0156433,1,0.001188622548133,False,False
N019_C0000992,19,2025-07-19 10:57:34.458663375,2025-07-19 10:57:34.508663375,2025-07-19 10:57:34.483663375,RGM_0157730,1,1.379741477835908e-05,False,False
N012_C0000869,12,2025-07-19 10:57:49.683663375,2025-07-19 10:57:50.133663375,2025-07-19 10:57:49.708663375,RGM_0157950,1,0.0003967688139281,False,False
N011_C0000088,11,2025-07-19 10:58:00.683663375,2025-07-19 10:58:00.733663375,2025-07-19 10:58:00.708663375,RGM_0158134,1,0.0006648488058159,False,False
N011_C0000089,11,2025-07-19 10:58:10.758663375,2025-07-19 10:58:10.983663375,2025-07-19 10:58:10.883663375,RGM_0158276,2,0.0003168465819786,False,False
N011_C0000090,11,2025-07-19 10:58:31.483663375,2025-07-19 10:58:31.733663375,2025-07-19 10:58:31.633663375,RGM_0158649,2,0.0002895754335189,False,False
N011_C0000091,11,2025-07-19 10:58:34.433663375,2025-07-19 10:58:34.483663375,2025-07-19 10:58:34.458663375,RGM_0158686,1,5.967176561609208e-05,False,False
N089_C0001423,89,2025-07-19 10:58:39.083663375,2025-07-19 10:58:40.083663375,2025-07-19 10:58:39.583663375,RGM_0158784,1,0.0001528598801398,False,False
N086_C0001392,86,2025-07-19 10:58:38.833663375,2025-07-19 10:58:40.833663375,2025-07-19 10:58:39.683663375,RGM_0158813,1,0.0001837705128118,False,False
N089_C0001424,89,2025-07-19 10:59:00.083663375,2025-07-19 10:59:00.283663375,2025-07-19 10:59:00.158663375,RGM_0159138,1,3.600106997185844e-05,False,False
N087_C0001408,87,2025-07-19 10:59:00.083663375,2025-07-19 10:59:01.083663375,2025-07-19 10:59:00.583663375,RGM_0159148,3,0.0001413796483021,False,False
N086_C0001393,86,2025-07-19 10:59:00.658663375,2025-07-19 10:59:00.708663375,2025-07-19 10:59:00.683663375,RGM_0159166,1,3.3613507784880446e-05,False,False
N089_C0001425,89,2025-07-19 10:59:00.458663375,2025-07-19 10:59:00.958663375,2025-07-19 10:59:00.708663375,RGM_0159170,5,8.052546422102588e-05,False,False
N011_C0000092,11,2025-07-19 10:59:16.183663375,2025-07-19 10:59:16.233663375,2025-07-19 10:59:16.208663375,RGM_0159329,1,5.1268141233403984e-05,False,False
N012_C0000870,12,2025-07-19 10:59:59.933663375,2025-07-19 10:59:59.983663375,2025-07-19 10:59:59.958663375,RGM_0159748,1,8.584636854129246e-05,False,False
N011_C0000093,11,2025-07-19 11:00:04.808848593,2025-07-19 11:00:05.133848593,2025-07-19 11:00:05.108848593,RGM_0159828,1,0.0001631636595747,False,False
N011_C0000094,11,2025-07-19 11:00:33.183848593,2025-07-19 11:00:33.233848593,2025-07-19 11:00:33.208848593,RGM_0160210,1,4.7572230385992826e-05,False,False
N011_C0000095,11,2025-07-19 11:00:56.833848593,2025-07-19 11:00:58.058848593,2025-07-19 11:00:58.033848593,RGM_0160482,1,0.0011621856590344,False,False
N086_C0001394,86,2025-07-19 11:01:10.833848593,2025-07-19 11:01:12.833848593,2025-07-19 11:01:11.833848593,RGM_0160602,2,0.0001198614211594,False,False
N087_C0001409,87,2025-07-19 11:01:11.708848593,2025-07-19 11:01:12.208848593,2025-07-19 11:01:11.983848593,RGM_0160618,1,6.349039195405015e-05,False,False
N034_C0001099,34,2025-07-19 11:01:11.933848593,2025-07-19 11:01:12.133848593,2025-07-19 11:01:12.033848593,RGM_0160634,4,4.780280285915998e-05,False,False
N089_C0001426,89,2025-07-19 11:01:11.933848593,2025-07-19 11:01:12.133848593,2025-07-19 11:01:12.033848593,RGM_0160638,3,3.180041787160306e-05,False,False
N011_C0000096,11,2025-07-19 11:01:19.333848593,2025-07-19 11:01:21.333848593,2025-07-19 11:01:20.333848593,RGM_0160716,1,0.0047579126992193,False,False
N011_C0000097,11,2025-07-19 11:01:31.833848593,2025-07-19 11:01:31.883848593,2025-07-19 11:01:31.858848593,RGM_0160824,1,0.0001590639273139,False,False
N089_C0001427,89,2025-07-19 11:03:43.633848593,2025-07-19 11:03:43.733848593,2025-07-19 11:03:43.658848593,RGM_0161980,1,1.0352126332867936e-05,False,False
N022_C0001050,22,2025-07-19 11:03:52.983848593,2025-07-19 11:03:53.183848593,2025-07-19 11:03:53.158848593,RGM_0162228,1,2.6360298070582693e-05,False,False
N086_C0001395,86,2025-07-19 11:04:05.833848593,2025-07-19 11:04:06.833848593,2025-07-19 11:04:06.333848593,RGM_0162500,1,0.0001409644532234,False,False
N089_C0001428,89,2025-07-19 11:04:05.833848593,2025-07-19 11:04:06.833848593,2025-07-19 11:04:06.333848593,RGM_0162499,1,0.0001123938033399,False,False
N018_C0000944,18,2025-07-19 11:06:00.883848593,2025-07-19 11:06:00.933848593,2025-07-19 11:06:00.908848593,RGM_0163269,1,1.3549130335203708e-05,False,False
N011_C0000098,11,2025-07-19 11:06:13.583848593,2025-07-19 11:06:13.633848593,2025-07-19 11:06:13.608848593,RGM_0163376,1,4.334497357293838e-05,False,False
N018_C0000945,18,2025-07-19 11:06:39.258848593,2025-07-19 11:06:39.333848593,2025-07-19 11:06:39.283848593,RGM_0163589,1,1.0390679485596651e-05,False,False
N058_C0001259,58,2025-07-19 11:07:09.083848593,2025-07-19 11:07:09.133848593,2025-07-19 11:07:09.108848593,RGM_0163806,1,8.032999237525165e-06,False,False
N011_C0000099,11,2025-07-19 11:08:49.858848593,2025-07-19 11:08:49.908848593,2025-07-19 11:08:49.883848593,RGM_0164555,1,4.268338936631219e-05,False,False
N011_C0000100,11,2025-07-19 11:09:44.883848593,2025-07-19 11:09:45.208848593,2025-07-19 11:09:45.183848593,RGM_0164941,1,0.0001157686319928,False,False
N017_C0000888,17,2025-07-19 11:09:44.883848593,2025-07-19 11:09:45.208848593,2025-07-19 11:09:45.183848593,RGM_0164942,1,4.489247860518064e-05,False,False
N017_C0000889,17,2025-07-19 11:10:00.408848593,2025-07-19 11:10:00.458848593,2025-07-19 11:10:00.433848593,RGM_0165031,1,2.6835412889735863e-05,False,False
N112_C0001486,112,2025-07-19 11:10:45.334015284,2025-07-19 11:10:45.384015284,2025-07-19 11:10:45.359015284,RGM_0165409,1,2.908646936727448e-06,False,False
N001_C0000050,1,2025-07-19 11:10:59.634015284,2025-07-19 11:11:02.034015284,2025-07-19 11:11:00.684015284,RGM_0165508,1,0.0005459829368145,False,False
N001_C0000051,1,2025-07-19 11:11:19.284015284,2025-07-19 11:11:22.284015284,2025-07-19 11:11:21.759015284,RGM_0165646,1,0.0007694730301976,False,False
N001_C0000052,1,2025-07-19 11:11:29.784015284,2025-07-19 11:11:32.334015284,2025-07-19 11:11:29.884015284,RGM_0165687,1,0.0006255201113823,False,False
N001_C0000053,1,2025-07-19 11:12:13.159015284,2025-07-19 11:12:15.584015284,2025-07-19 11:12:15.084015284,RGM_0165967,1,0.0007742465152745,False,False
N058_C0001260,58,2025-07-19 11:12:53.459015284,2025-07-19 11:12:53.509015284,2025-07-19 11:12:53.484015284,RGM_0166212,1,4.869642795868301e-06,False,False
N001_C0000054,1,2025-07-19 11:13:01.709015284,2025-07-19 11:13:04.709015284,2025-07-19 11:13:02.684015284,RGM_0166266,1,0.0008515368680909,False,False
N001_C0000055,1,2025-07-19 11:15:32.309015284,2025-07-19 11:15:32.409015284,2025-07-19 11:15:32.359015284,RGM_0167150,1,0.0001246460399187,False,False
N058_C0001261,58,2025-07-19 11:15:59.234015284,2025-07-19 11:15:59.309015284,2025-07-19 11:15:59.259015284,RGM_0167299,1,6.546869384826759e-06,False,False
N019_C0000993,19,2025-07-19 11:16:08.834015284,2025-07-19 11:16:10.834015284,2025-07-19 11:16:08.984015284,RGM_0167345,1,0.0005333681933072,False,False
N000_C0000000,0,2025-07-19 11:16:11.734015284,2025-07-19 11:16:12.509015284,2025-07-19 11:16:11.834015284,RGM_0167366,1,0.0002240628176026,False,False
N019_C0000994,19,2025-07-19 11:16:11.284015284,2025-07-19 11:16:11.959015284,2025-07-19 11:16:11.909015284,RGM_0167367,1,8.409115458545337e-05,False,False
N001_C0000056,1,2025-07-19 11:16:17.184015284,2025-07-19 11:16:17.434015284,2025-07-19 11:16:17.309015284,RGM_0167393,1,0.0001028045088395,False,False
N091_C0001433,91,2025-07-19 11:16:33.834015284,2025-07-19 11:16:35.834015284,2025-07-19 11:16:34.484015284,RGM_0167497,1,6.606005277061847e-05,True,True
N019_C0000995,19,2025-07-19 11:16:44.509015284,2025-07-19 11:16:45.359015284,2025-07-19 11:16:45.309015284,RGM_0167554,1,8.200136787422425e-05,False,False
N059_C0001340,59,2025-07-19 11:18:52.084015284,2025-07-19 11:18:53.109015284,2025-07-19 11:18:52.734015284,RGM_0168321,1,0.0003843774249719,False,False
N059_C0001341,59,2025-07-19 11:19:28.584015284,2025-07-19 11:19:29.734015284,2025-07-19 11:19:29.609015284,RGM_0168569,1,0.0001818665496544,False,False
N019_C0000996,19,2025-07-19 11:19:35.159015284,2025-07-19 11:19:37.784015284,2025-07-19 11:19:37.334015284,RGM_0168606,2,0.0001992702072074,False,False
N022_C0001051,22,2025-07-19 11:19:43.184015284,2025-07-19 11:19:43.434015284,2025-07-19 11:19:43.359015284,RGM_0168668,1,3.0376862518335995e-05,False,False
N058_C0001262,58,2025-07-19 11:20:09.334191976,2025-07-19 11:20:09.384191976,2025-07-19 11:20:09.359191976,RGM_0168790,1,8.986325874153718e-06,False,False
N022_C0001052,22,2025-07-19 11:22:05.359191976,2025-07-19 11:22:05.534191976,2025-07-19 11:22:05.409191976,RGM_0169326,1,2.300487270704248e-05,False,False
N112_C0001487,112,2025-07-19 11:22:21.009191976,2025-07-19 11:22:21.059191976,2025-07-19 11:22:21.034191976,RGM_0169392,1,2.487549830300765e-06,False,False
N058_C0001263,58,2025-07-19 11:24:22.334191976,2025-07-19 11:24:23.334191976,2025-07-19 11:24:22.434191976,RGM_0169953,1,0.0002288210663059,False,False
N058_C0001264,58,2025-07-19 11:24:54.984191976,2025-07-19 11:24:55.084191976,2025-07-19 11:24:55.009191976,RGM_0170121,1,2.8724603737616817e-05,False,False
N018_C0000946,18,2025-07-19 11:28:36.634191976,2025-07-19 11:28:36.684191976,2025-07-19 11:28:36.659191976,RGM_0171261,1,9.817414646304143e-06,False,False
N031_C0001086,31,2025-07-19 11:29:30.934191976,2025-07-19 11:29:30.984191976,2025-07-19 11:29:30.959191976,RGM_0171487,1,1.7863375182650824e-05,False,False
N058_C0001265,58,2025-07-19 11:29:51.809191976,2025-07-19 11:29:53.834191976,2025-07-19 11:29:52.409191976,RGM_0171585,1,0.0001751896791304,False,False
N089_C0001429,89,2025-07-19 11:30:24.384359356,2025-07-19 11:30:24.984359356,2025-07-19 11:30:24.934359356,RGM_0171722,2,5.2727325220530185e-05,False,False
N112_C0001488,112,2025-07-19 11:32:48.459359356,2025-07-19 11:32:48.509359356,2025-07-19 11:32:48.484359356,RGM_0172313,1,3.772612687687821e-06,False,False
N112_C0001489,112,2025-07-19 11:32:51.134359356,2025-07-19 11:32:51.184359356,2025-07-19 11:32:51.159359356,RGM_0172320,1,1.383996393142535e-06,False,False
N000_C0000001,0,2025-07-19 11:34:36.409359356,2025-07-19 11:34:36.459359356,2025-07-19 11:34:36.434359356,RGM_0172720,1,2.258469309090848e-05,False,False
N005_C0000061,5,2025-07-19 11:37:05.484359356,2025-07-19 11:37:05.534359356,2025-07-19 11:37:05.509359356,RGM_0173436,1,1.965725583036045e-05,False,False
N005_C0000062,5,2025-07-19 11:37:07.809359356,2025-07-19 11:37:07.859359356,2025-07-19 11:37:07.834359356,RGM_0173446,1,2.0324434098698903e-05,False,False
N030_C0001083,30,2025-07-19 11:38:57.809359356,2025-07-19 11:38:58.059359356,2025-07-19 11:38:57.859359356,RGM_0174055,1,5.2501341770254415e-05,False,False
N058_C0001266,58,2025-07-19 11:39:19.609359356,2025-07-19 11:39:19.659359356,2025-07-19 11:39:19.634359356,RGM_0174179,1,9.686549338622964e-06,False,False
N030_C0001084,30,2025-07-19 11:43:39.539121397,2025-07-19 11:43:39.589121397,2025-07-19 11:43:39.564121397,RGM_0175411,1,1.4329606394719556e-05,False,False
N058_C0001267,58,2025-07-19 11:46:17.414121397,2025-07-19 11:46:17.639121397,2025-07-19 11:46:17.614121397,RGM_0176173,1,3.088944348233091e-05,False,False
N017_C0000890,17,2025-07-19 11:46:48.089121397,2025-07-19 11:46:49.514121397,2025-07-19 11:46:48.789121397,RGM_0176328,1,0.0001446384902069,False,False
N058_C0001268,58,2025-07-19 11:48:29.764121397,2025-07-19 11:48:29.814121397,2025-07-19 11:48:29.789121397,RGM_0176738,1,1.1021433620784815e-05,False,False
N058_C0001269,58,2025-07-19 11:48:37.014121397,2025-07-19 11:48:37.464121397,2025-07-19 11:48:37.039121397,RGM_0176761,1,4.42970897296601e-05,False,False
N058_C0001270,58,2025-07-19 11:49:17.339121397,2025-07-19 11:49:17.564121397,2025-07-19 11:49:17.364121397,RGM_0176932,1,3.452895470816407e-05,False,False
N058_C0001271,58,2025-07-19 11:51:00.289277023,2025-07-19 11:51:00.389277023,2025-07-19 11:51:00.314277023,RGM_0177346,1,2.371866602878106e-05,False,False
N000_C0000002,0,2025-07-19 11:51:22.414277023,2025-07-19 11:51:22.714277023,2025-07-19 11:51:22.689277023,RGM_0177434,1,7.939032846274441e-05,False,False
N022_C0001053,22,2025-07-19 11:54:13.914277023,2025-07-19 11:54:14.164277023,2025-07-19 11:54:13.989277023,RGM_0178219,2,2.523201095532481e-05,False,False
N087_C0001410,87,2025-07-19 11:56:32.489277023,2025-07-19 11:56:32.539277023,2025-07-19 11:56:32.514277023,RGM_0178887,1,4.811470417786215e-06,False,False
N089_C0001430,89,2025-07-19 11:56:33.464277023,2025-07-19 11:56:33.964277023,2025-07-19 11:56:33.714277023,RGM_0178940,1,0.0001066741261499,False,False
N086_C0001396,86,2025-07-19 11:56:33.589277023,2025-07-19 11:56:34.089277023,2025-07-19 11:56:33.839277023,RGM_0178981,1,0.000116980338858,False,False
N088_C0001418,88,2025-07-19 11:56:33.589277023,2025-07-19 11:56:34.589277023,2025-07-19 11:56:33.839277023,RGM_0178980,1,0.0001245990892238,False,False
N058_C0001272,58,2025-07-19 11:56:42.664277023,2025-07-19 11:56:42.714277023,2025-07-19 11:56:42.689277023,RGM_0179011,1,1.4312148606658837e-05,False,False
N017_C0000891,17,2025-07-19 11:56:47.589277023,2025-07-19 11:56:47.639277023,2025-07-19 11:56:47.614277023,RGM_0179038,1,1.324047667679209e-05,False,False
N017_C0000892,17,2025-07-19 12:02:33.989419362,2025-07-19 12:02:34.039419362,2025-07-19 12:02:34.014419362,RGM_0180889,1,1.391987407023074e-05,False,False
N112_C0001490,112,2025-07-19 12:02:44.814419362,2025-07-19 12:02:44.914419362,2025-07-19 12:02:44.889419362,RGM_0180943,1,1.3043813148117447e-05,False,False
N058_C0001273,58,2025-07-19 12:03:58.989419362,2025-07-19 12:03:59.089419362,2025-07-19 12:03:59.014419362,RGM_0181290,1,1.6769977739219698e-05,False,False
N058_C0001274,58,2025-07-19 12:04:17.689419362,2025-07-19 12:04:17.739419362,2025-07-19 12:04:17.714419362,RGM_0181378,1,9.439524202107258e-06,False,False
N028_C0001080,28,2025-07-19 12:04:19.264419362,2025-07-19 12:04:19.364419362,2025-07-19 12:04:19.289419362,RGM_0181385,1,1.6917573838254215e-05,False,False
N018_C0000947,18,2025-07-19 12:04:44.139419362,2025-07-19 12:04:45.039419362,2025-07-19 12:04:44.939419362,RGM_0181496,1,0.0001172500268149,False,False
N058_C0001275,58,2025-07-19 12:05:59.564419362,2025-07-19 12:05:59.614419362,2025-07-19 12:05:59.589419362,RGM_0181877,1,1.0405667163250148e-05,False,False
N017_C0000893,17,2025-07-19 12:06:12.514419362,2025-07-19 12:06:15.339419362,2025-07-19 12:06:14.214419362,RGM_0181938,1,0.0002850377343474,False,False
N058_C0001276,58,2025-07-19 12:08:23.364419362,2025-07-19 12:08:23.489419362,2025-07-19 12:08:23.464419362,RGM_0182483,1,3.0548338253411845e-05,False,False
N011_C0000101,11,2025-07-19 12:08:47.889419362,2025-07-19 12:08:47.939419362,2025-07-19 12:08:47.914419362,RGM_0182596,1,1.9435995264424927e-05,False,False
N058_C0001277,58,2025-07-19 12:09:26.789419362,2025-07-19 12:09:27.164419362,2025-07-19 12:09:27.139419362,RGM_0182764,1,6.540197611102197e-05,False,False
N000_C0000003,0,2025-07-19 12:10:47.389541778,2025-07-19 12:10:47.439541778,2025-07-19 12:10:47.414541778,RGM_0183191,1,2.6560326426583107e-05,False,False
N011_C0000102,11,2025-07-19 12:11:55.314541778,2025-07-19 12:11:55.714541778,2025-07-19 12:11:55.339541778,RGM_0183529,1,6.984617927581938e-05,False,False
N022_C0001054,22,2025-07-19 12:12:12.239541778,2025-07-19 12:12:12.989541778,2025-07-19 12:12:12.814541778,RGM_0183608,1,5.241527733529515e-05,False,False
N059_C0001342,59,2025-07-19 12:13:04.764541778,2025-07-19 12:13:06.089541778,2025-07-19 12:13:05.764541778,RGM_0183821,1,0.0006671738306103,False,False
N022_C0001055,22,2025-07-19 12:15:22.014541778,2025-07-19 12:15:22.689541778,2025-07-19 12:15:22.539541778,RGM_0184431,1,7.201871640549538e-05,False,False
N058_C0001278,58,2025-07-19 12:15:54.839541778,2025-07-19 12:15:56.964541778,2025-07-19 12:15:56.014541778,RGM_0184617,1,0.0008626686604879,False,False
N058_C0001279,58,2025-07-19 12:16:51.364541778,2025-07-19 12:16:52.389541778,2025-07-19 12:16:52.064541778,RGM_0184929,1,0.0001261680779448,False,False
N011_C0000103,11,2025-07-19 12:16:53.764541778,2025-07-19 12:16:53.839541778,2025-07-19 12:16:53.814541778,RGM_0184942,1,1.949447096017171e-05,False,False
N034_C0001100,34,2025-07-19 12:18:06.339541778,2025-07-19 12:18:07.914541778,2025-07-19 12:18:06.889541778,RGM_0185438,1,0.0009616049475217,False,False
N040_C0001123,40,2025-07-19 12:18:57.514541778,2025-07-19 12:18:57.564541778,2025-07-19 12:18:57.539541778,RGM_0185779,1,1.392746613069869e-05,False,False
N040_C0001124,40,2025-07-19 12:19:43.864541778,2025-07-19 12:19:43.914541778,2025-07-19 12:19:43.889541778,RGM_0186033,1,1.7750907648594824e-05,False,False
N022_C0001056,22,2025-07-19 12:19:45.514541778,2025-07-19 12:19:45.639541778,2025-07-19 12:19:45.589541778,RGM_0186039,1,2.249638892024728e-05,False,False
N058_C0001280,58,2025-07-19 12:21:13.739681410,2025-07-19 12:21:13.789681410,2025-07-19 12:21:13.764681410,RGM_0186491,1,8.64008445030304e-06,False,False
N011_C0000104,11,2025-07-19 12:21:31.439681410,2025-07-19 12:21:32.214681410,2025-07-19 12:21:31.839681410,RGM_0186594,1,8.498956989342682e-05,False,False
N040_C0001125,40,2025-07-19 12:22:24.864681410,2025-07-19 12:22:24.914681410,2025-07-19 12:22:24.889681410,RGM_0186875,1,1.424253818170759e-05,False,False
N112_C0001491,112,2025-07-19 12:22:32.914681410,2025-07-19 12:22:32.964681410,2025-07-19 12:22:32.939681410,RGM_0186916,1,1.460835880154177e-06,False,False
N011_C0000105,11,2025-07-19 12:23:14.964681410,2025-07-19 12:23:15.014681410,2025-07-19 12:23:14.989681410,RGM_0187174,1,1.546112166837695e-05,False,False
N058_C0001281,58,2025-07-19 12:23:35.839681410,2025-07-19 12:23:35.889681410,2025-07-19 12:23:35.864681410,RGM_0187277,1,7.577821774753879e-06,False,False
N011_C0000106,11,2025-07-19 12:23:44.839681410,2025-07-19 12:23:46.839681410,2025-07-19 12:23:45.014681410,RGM_0187322,1,0.0008617544488007,False,False
N011_C0000107,11,2025-07-19 12:23:47.389681410,2025-07-19 12:23:47.464681410,2025-07-19 12:23:47.414681410,RGM_0187339,1,2.4864706788980927e-05,False,False
N011_C0000108,11,2025-07-19 12:23:50.614681410,2025-07-19 12:23:52.164681410,2025-07-19 12:23:52.064681410,RGM_0187374,1,0.0002134139296206,False,False
N011_C0000109,11,2025-07-19 12:23:54.489681410,2025-07-19 12:23:54.539681410,2025-07-19 12:23:54.514681410,RGM_0187392,1,2.047203029196428e-05,False,False
N011_C0000110,11,2025-07-19 12:24:16.339681410,2025-07-19 12:24:16.439681410,2025-07-19 12:24:16.414681410,RGM_0187509,1,6.433987247841682e-05,False,False
N011_C0000111,11,2025-07-19 12:24:26.339681410,2025-07-19 12:24:28.589681410,2025-07-19 12:24:26.689681410,RGM_0187582,1,0.0014200063206888,False,False
N011_C0000112,11,2025-07-19 12:24:31.064681410,2025-07-19 12:24:31.114681410,2025-07-19 12:24:31.089681410,RGM_0187614,1,1.5700898112412895e-05,False,False
N011_C0000113,11,2025-07-19 12:24:31.839681410,2025-07-19 12:24:31.914681410,2025-07-19 12:24:31.889681410,RGM_0187618,1,2.4227811219695856e-05,False,False
N011_C0000114,11,2025-07-19 12:24:36.414681410,2025-07-19 12:24:36.464681410,2025-07-19 12:24:36.439681410,RGM_0187645,1,1.6074314214011823e-05,False,False
N011_C0000115,11,2025-07-19 12:24:38.664681410,2025-07-19 12:24:38.764681410,2025-07-19 12:24:38.739681410,RGM_0187667,1,4.517389351747064e-05,False,False
N011_C0000116,11,2025-07-19 12:24:54.339681410,2025-07-19 12:24:57.089681410,2025-07-19 12:24:55.739681410,RGM_0187819,1,0.0010080858324473,False,False
N011_C0000117,11,2025-07-19 12:24:58.589681410,2025-07-19 12:24:59.589681410,2025-07-19 12:24:59.539681410,RGM_0187879,1,0.0005592281120726,False,False
N040_C0001126,40,2025-07-19 12:25:20.014681410,2025-07-19 12:25:20.439681410,2025-07-19 12:25:20.039681410,RGM_0188052,1,5.769362959816813e-05,False,False
N011_C0000118,11,2025-07-19 12:25:59.964681410,2025-07-19 12:26:00.014681410,2025-07-19 12:25:59.989681410,RGM_0188338,1,1.58012362741332e-05,False,False
N040_C0001127,40,2025-07-19 12:26:28.814681410,2025-07-19 12:26:28.864681410,2025-07-19 12:26:28.839681410,RGM_0188483,1,1.568729223990053e-05,False,False
N011_C0000119,11,2025-07-19 12:27:04.464681410,2025-07-19 12:27:05.539681410,2025-07-19 12:27:05.164681410,RGM_0188656,1,0.0002758268694689,False,False
N058_C0001282,58,2025-07-19 12:27:19.639681410,2025-07-19 12:27:19.689681410,2025-07-19 12:27:19.664681410,RGM_0188730,1,2.2207728063316256e-05,False,False
N011_C0000120,11,2025-07-19 12:27:24.314681410,2025-07-19 12:27:24.439681410,2025-07-19 12:27:24.364681410,RGM_0188752,1,4.418310055485709e-05,False,False
N011_C0000121,11,2025-07-19 12:27:32.514681410,2025-07-19 12:27:32.564681410,2025-07-19 12:27:32.539681410,RGM_0188785,1,2.058553567290478e-05,False,False
N040_C0001128,40,2025-07-19 12:27:37.389681410,2025-07-19 12:27:37.489681410,2025-07-19 12:27:37.414681410,RGM_0188814,1,3.630111782699461e-05,False,False
N058_C0001283,58,2025-07-19 12:27:37.614681410,2025-07-19 12:27:37.664681410,2025-07-19 12:27:37.639681410,RGM_0188818,1,1.1687253043227634e-05,False,False
N011_C0000122,11,2025-07-19 12:27:38.939681410,2025-07-19 12:27:39.039681410,2025-07-19 12:27:39.014681410,RGM_0188833,1,5.0593111185121766e-05,False,False
N000_C0000004,0,2025-07-19 12:27:49.914681410,2025-07-19 12:27:49.964681410,2025-07-19 12:27:49.939681410,RGM_0188892,1,1.7693455550017862e-05,False,False
N058_C0001284,58,2025-07-19 12:28:14.389681410,2025-07-19 12:28:14.764681410,2025-07-19 12:28:14.739681410,RGM_0189000,1,3.9034767149906845e-05,False,False
N040_C0001129,40,2025-07-19 12:28:34.064681410,2025-07-19 12:28:34.589681410,2025-07-19 12:28:34.089681410,RGM_0189085,1,0.0001042417643589,False,False
N011_C0000123,11,2025-07-19 12:28:37.364681410,2025-07-19 12:28:37.739681410,2025-07-19 12:28:37.389681410,RGM_0189107,1,4.619061229186816e-05,False,False
N040_C0001130,40,2025-07-19 12:29:25.539681410,2025-07-19 12:29:25.789681410,2025-07-19 12:29:25.764681410,RGM_0189314,1,3.859240506425509e-05,False,False
N011_C0000124,11,2025-07-19 12:29:56.639681410,2025-07-19 12:29:56.689681410,2025-07-19 12:29:56.664681410,RGM_0189491,1,1.4876056174173231e-05,False,False
N058_C0001285,58,2025-07-19 12:30:17.889834691,2025-07-19 12:30:18.189834691,2025-07-19 12:30:17.914834691,RGM_0189580,1,3.205858498131203e-05,False,False
N011_C0000125,11,2025-07-19 12:31:07.714834691,2025-07-19 12:31:10.464834691,2025-07-19 12:31:10.364834691,RGM_0189823,1,0.000824733965397,False,False
N011_C0000126,11,2025-07-19 12:31:23.439834691,2025-07-19 12:31:24.614834691,2025-07-19 12:31:23.539834691,RGM_0189897,1,0.0001762006011765,False,False
N040_C0001131,40,2025-07-19 12:31:57.314834691,2025-07-19 12:31:57.364834691,2025-07-19 12:31:57.339834691,RGM_0190108,1,2.363189802556611e-05,False,False
N011_C0000127,11,2025-07-19 12:32:40.139834691,2025-07-19 12:32:40.189834691,2025-07-19 12:32:40.164834691,RGM_0190335,1,1.5093883613250856e-05,False,False
N011_C0000128,11,2025-07-19 12:33:08.189834691,2025-07-19 12:33:09.339834691,2025-07-19 12:33:08.214834691,RGM_0190530,1,0.0001737725503155,False,False
N011_C0000129,11,2025-07-19 12:34:01.964834691,2025-07-19 12:34:02.014834691,2025-07-19 12:34:01.989834691,RGM_0190908,1,1.561756909506576e-05,False,False
N011_C0000130,11,2025-07-19 12:34:12.764834691,2025-07-19 12:34:12.814834691,2025-07-19 12:34:12.789834691,RGM_0190984,1,2.522257137589184e-05,False,False
N030_C0001085,30,2025-07-19 12:36:13.364834691,2025-07-19 12:36:13.414834691,2025-07-19 12:36:13.389834691,RGM_0191729,1,2.136920951173869e-05,False,False
N112_C0001492,112,2025-07-19 12:36:46.039834691,2025-07-19 12:36:46.214834691,2025-07-19 12:36:46.114834691,RGM_0191918,1,6.822569665983273e-06,False,False
N011_C0000131,11,2025-07-19 12:37:02.214834691,2025-07-19 12:37:03.964834691,2025-07-19 12:37:03.939834691,RGM_0192033,1,0.0001730041528136,False,False
N011_C0000132,11,2025-07-19 12:37:08.889834691,2025-07-19 12:37:09.364834691,2025-07-19 12:37:09.289834691,RGM_0192054,1,8.798664898630715e-05,False,False
N011_C0000133,11,2025-07-19 12:37:36.514834691,2025-07-19 12:37:36.639834691,2025-07-19 12:37:36.564834691,RGM_0192233,1,5.504121706375852e-05,False,False
N011_C0000134,11,2025-07-19 12:37:41.789834691,2025-07-19 12:37:41.839834691,2025-07-19 12:37:41.814834691,RGM_0192281,1,2.127723108499104e-05,False,False
N011_C0000135,11,2025-07-19 12:38:41.489834691,2025-07-19 12:38:41.889834691,2025-07-19 12:38:41.539834691,RGM_0192615,1,5.351514824869276e-05,False,False
N011_C0000136,11,2025-07-19 12:40:11.165004172,2025-07-19 12:40:11.215004172,2025-07-19 12:40:11.190004172,RGM_0193074,1,1.508989638762811e-05,False,False
N011_C0000137,11,2025-07-19 12:40:15.415004172,2025-07-19 12:40:15.465004172,2025-07-19 12:40:15.440004172,RGM_0193111,1,1.744611657303559e-05,False,False
N040_C0001132,40,2025-07-19 12:40:57.165004172,2025-07-19 12:40:58.840004172,2025-07-19 12:40:57.440004172,RGM_0193349,1,0.0008146272522764,False,False
N011_C0000138,11,2025-07-19 12:40:59.240004172,2025-07-19 12:40:59.290004172,2025-07-19 12:40:59.265004172,RGM_0193365,1,1.476421789363754e-05,False,False
N011_C0000139,11,2025-07-19 12:41:18.165004172,2025-07-19 12:41:18.940004172,2025-07-19 12:41:18.540004172,RGM_0193468,1,6.039618092856891e-05,False,False
N040_C0001133,40,2025-07-19 12:41:32.790004172,2025-07-19 12:41:33.465004172,2025-07-19 12:41:32.815004172,RGM_0193562,1,9.032346688316884e-05,False,False
N011_C0000140,11,2025-07-19 12:41:47.215004172,2025-07-19 12:41:47.265004172,2025-07-19 12:41:47.240004172,RGM_0193649,1,1.5530536832516688e-05,False,False
N023_C0001071,23,2025-07-19 12:43:04.515004172,2025-07-19 12:43:04.565004172,2025-07-19 12:43:04.540004172,RGM_0194059,1,4.14050868575732e-05,False,False
N011_C0000141,11,2025-07-19 12:43:16.490004172,2025-07-19 12:43:16.540004172,2025-07-19 12:43:16.515004172,RGM_0194131,1,2.831949728339046e-05,False,False
N011_C0000142,11,2025-07-19 12:44:09.340004172,2025-07-19 12:44:10.140004172,2025-07-19 12:44:09.390004172,RGM_0194397,1,6.193320098886352e-05,False,False
N058_C0001286,58,2025-07-19 12:44:44.190004172,2025-07-19 12:44:44.615004172,2025-07-19 12:44:44.490004172,RGM_0194610,1,3.2234494728950105e-05,False,False
N112_C0001493,112,2025-07-19 12:45:08.940004172,2025-07-19 12:45:08.990004172,2025-07-19 12:45:08.965004172,RGM_0194864,1,2.6315567055297847e-06,False,False
N032_C0001089,32,2025-07-19 12:45:25.040004172,2025-07-19 12:45:25.640004172,2025-07-19 12:45:25.290004172,RGM_0194984,1,4.418050645990116e-05,False,False
N011_C0000143,11,2025-07-19 12:45:59.115004172,2025-07-19 12:45:59.165004172,2025-07-19 12:45:59.140004172,RGM_0195211,1,1.1884072528224703e-05,False,False
N011_C0000144,11,2025-07-19 12:46:20.765004172,2025-07-19 12:46:20.815004172,2025-07-19 12:46:20.790004172,RGM_0195382,1,2.1791283337616826e-05,False,False
N011_C0000145,11,2025-07-19 12:46:26.165004172,2025-07-19 12:46:26.240004172,2025-07-19 12:46:26.215004172,RGM_0195429,1,1.440541902069022e-05,False,False
N011_C0000146,11,2025-07-19 12:46:29.665004172,2025-07-19 12:46:29.790004172,2025-07-19 12:46:29.715004172,RGM_0195498,3,6.264328107085732e-05,False,False
N011_C0000147,11,2025-07-19 12:46:58.265004172,2025-07-19 12:46:58.315004172,2025-07-19 12:46:58.290004172,RGM_0195697,1,1.5430909715159502e-05,False,False
N011_C0000148,11,2025-07-19 12:46:58.340004172,2025-07-19 12:46:58.390004172,2025-07-19 12:46:58.365004172,RGM_0195698,1,9.225916437904697e-06,False,False
N011_C0000149,11,2025-07-19 12:47:01.090004172,2025-07-19 12:47:01.140004172,2025-07-19 12:47:01.115004172,RGM_0195719,1,1.2483583301476733e-05,False,False
N011_C0000150,11,2025-07-19 12:47:16.040004172,2025-07-19 12:47:16.465004172,2025-07-19 12:47:16.440004172,RGM_0195823,1,5.2195744684891454e-05,False,False
N112_C0001494,112,2025-07-19 12:48:04.790004172,2025-07-19 12:48:04.840004172,2025-07-19 12:48:04.815004172,RGM_0196145,1,3.332230823818469e-06,False,False
N011_C0000151,11,2025-07-19 12:49:04.415004172,2025-07-19 12:49:04.490004172,2025-07-19 12:49:04.465004172,RGM_0196573,1,1.9952704669733563e-05,False,False
N011_C0000152,11,2025-07-19 12:49:17.015004172,2025-07-19 12:49:17.090004172,2025-07-19 12:49:17.065004172,RGM_0196686,1,3.068331891418502e-05,False,False
N000_C0000005,0,2025-07-19 12:49:23.565004172,2025-07-19 12:49:23.790004172,2025-07-19 12:49:23.615004172,RGM_0196740,1,0.0001993963104722,False,False
N011_C0000153,11,2025-07-19 12:49:27.540004172,2025-07-19 12:49:27.965004172,2025-07-19 12:49:27.565004172,RGM_0196772,1,4.33862923373375e-05,False,False
N040_C0001134,40,2025-07-19 12:49:52.190004172,2025-07-19 12:49:52.240004172,2025-07-19 12:49:52.215004172,RGM_0196976,1,2.158813676992572e-05,False,False
N112_C0001495,112,2025-07-19 12:50:14.740169862,2025-07-19 12:50:14.890169862,2025-07-19 12:50:14.865169862,RGM_0197176,1,5.025450047212059e-06,False,False
N011_C0000154,11,2025-07-19 12:50:38.615169862,2025-07-19 12:50:38.690169862,2025-07-19 12:50:38.640169862,RGM_0197369,1,1.4771678171147074e-05,False,False
N011_C0000155,11,2025-07-19 12:50:39.315169862,2025-07-19 12:50:39.365169862,2025-07-19 12:50:39.340169862,RGM_0197374,1,1.3868164390818265e-05,False,False
N011_C0000156,11,2025-07-19 12:51:03.365169862,2025-07-19 12:51:03.440169862,2025-07-19 12:51:03.390169862,RGM_0197539,1,2.361734658293292e-05,False,False
N040_C0001135,40,2025-07-19 12:51:02.940169862,2025-07-19 12:51:04.065169862,2025-07-19 12:51:03.465169862,RGM_0197541,1,0.0002144285954735,False,False
N040_C0001136,40,2025-07-19 12:51:32.465169862,2025-07-19 12:51:32.515169862,2025-07-19 12:51:32.490169862,RGM_0197721,1,2.515928832181683e-05,False,False
N000_C0000006,0,2025-07-19 12:52:10.790169862,2025-07-19 12:52:10.840169862,2025-07-19 12:52:10.815169862,RGM_0197934,1,8.170711665793584e-05,False,False
N040_C0001137,40,2025-07-19 12:52:44.890169862,2025-07-19 12:52:44.940169862,2025-07-19 12:52:44.915169862,RGM_0198152,1,2.3676443836302463e-05,False,False
N011_C0000157,11,2025-07-19 12:52:55.890169862,2025-07-19 12:52:56.290169862,2025-07-19 12:52:55.915169862,RGM_0198216,1,5.0029591013803e-05,False,False
N011_C0000158,11,2025-07-19 12:52:58.315169862,2025-07-19 12:52:58.390169862,2025-07-19 12:52:58.365169862,RGM_0198233,1,1.7873387612402085e-05,False,False
N011_C0000159,11,2025-07-19 12:53:02.540169862,2025-07-19 12:53:02.615169862,2025-07-19 12:53:02.590169862,RGM_0198264,1,1.5048999199154214e-05,False,False
N058_C0001287,58,2025-07-19 12:53:09.315169862,2025-07-19 12:53:09.365169862,2025-07-19 12:53:09.340169862,RGM_0198312,1,1.0583778709404696e-05,False,False
N011_C0000160,11,2025-07-19 12:53:14.640169862,2025-07-19 12:53:15.040169862,2025-07-19 12:53:14.990169862,RGM_0198342,1,4.95004415256381e-05,False,False
N011_C0000161,11,2025-07-19 12:53:24.665169862,2025-07-19 12:53:25.840169862,2025-07-19 12:53:24.790169862,RGM_0198403,4,8.017190372964738e-05,False,False
N040_C0001138,40,2025-07-19 12:54:02.490169862,2025-07-19 12:54:02.540169862,2025-07-19 12:54:02.515169862,RGM_0198634,1,1.575547015404626e-05,False,False
N011_C0000162,11,2025-07-19 12:54:41.140169862,2025-07-19 12:54:41.215169862,2025-07-19 12:54:41.165169862,RGM_0198935,1,2.610667271752588e-05,False,False
N040_C0001139,40,2025-07-19 12:55:38.565169862,2025-07-19 12:55:38.615169862,2025-07-19 12:55:38.590169862,RGM_0199294,1,1.9027818511698197e-05,False,False
N112_C0001496,112,2025-07-19 12:55:40.290169862,2025-07-19 12:55:40.340169862,2025-07-19 12:55:40.315169862,RGM_0199308,1,3.158037074559967e-06,False,False
N058_C0001288,58,2025-07-19 12:56:05.040169862,2025-07-19 12:56:05.090169862,2025-07-19 12:56:05.065169862,RGM_0199464,1,9.933591543411102e-06,False,False
N011_C0000163,11,2025-07-19 12:56:12.515169862,2025-07-19 12:56:12.565169862,2025-07-19 12:56:12.540169862,RGM_0199505,1,2.12010162963312e-05,False,False
N058_C0001289,58,2025-07-19 12:57:15.090169862,2025-07-19 12:57:15.140169862,2025-07-19 12:57:15.115169862,RGM_0200027,1,1.0140715151841717e-05,False,False
N033_C0001093,33,2025-07-19 12:57:18.440169862,2025-07-19 12:57:18.765169862,2025-07-19 12:57:18.490169862,RGM_0200049,1,3.879312782272898e-05,False,False
N011_C0000164,11,2025-07-19 12:57:33.015169862,2025-07-19 12:57:33.065169862,2025-07-19 12:57:33.040169862,RGM_0200188,1,3.773182095928695e-05,False,False
N011_C0000165,11,2025-07-19 12:57:37.790169862,2025-07-19 12:57:37.890169862,2025-07-19 12:57:37.815169862,RGM_0200258,1,6.047709325464244e-05,False,False
N011_C0000166,11,2025-07-19 12:57:40.215169862,2025-07-19 12:57:40.265169862,2025-07-19 12:57:40.240169862,RGM_0200280,1,1.7464610616870358e-05,False,False
N011_C0000167,11,2025-07-19 12:57:45.140169862,2025-07-19 12:57:45.215169862,2025-07-19 12:57:45.190169862,RGM_0200341,1,2.6283784901165912e-05,False,False
N011_C0000168,11,2025-07-19 12:57:49.165169862,2025-07-19 12:57:49.215169862,2025-07-19 12:57:49.190169862,RGM_0200369,1,4.671100911131852e-05,False,False
N011_C0000169,11,2025-07-19 12:58:03.840169862,2025-07-19 12:58:03.890169862,2025-07-19 12:58:03.865169862,RGM_0200585,2,0.000269204219124,False,False
N011_C0000170,11,2025-07-19 12:58:06.915169862,2025-07-19 12:58:06.965169862,2025-07-19 12:58:06.940169862,RGM_0200610,1,1.6935969790198914e-05,False,False
N011_C0000171,11,2025-07-19 12:58:09.065169862,2025-07-19 12:58:09.115169862,2025-07-19 12:58:09.090169862,RGM_0200662,1,1.655273481225289e-05,False,False
N011_C0000172,11,2025-07-19 12:58:20.465169862,2025-07-19 12:58:20.990169862,2025-07-19 12:58:20.815169862,RGM_0200755,2,0.0002278457744755,False,False
N032_C0001090,32,2025-07-19 12:58:21.440169862,2025-07-19 12:58:22.890169862,2025-07-19 12:58:22.865169862,RGM_0200823,1,8.637897559150703e-05,False,False
N011_C0000173,11,2025-07-19 12:58:38.190169862,2025-07-19 12:58:38.265169862,2025-07-19 12:58:38.240169862,RGM_0201000,1,4.164501127826573e-05,False,False
N011_C0000174,11,2025-07-19 12:58:42.215169862,2025-07-19 12:58:42.315169862,2025-07-19 12:58:42.265169862,RGM_0201044,1,2.4769373389155332e-05,False,False
N011_C0000175,11,2025-07-19 12:58:51.440169862,2025-07-19 12:58:51.640169862,2025-07-19 12:58:51.490169862,RGM_0201158,1,4.098364028202133e-05,False,False
N011_C0000176,11,2025-07-19 12:58:53.840169862,2025-07-19 12:58:54.340169862,2025-07-19 12:58:54.165169862,RGM_0201218,1,0.0001328327359445,False,False
N011_C0000177,11,2025-07-19 12:58:58.840169862,2025-07-19 12:59:00.840169862,2025-07-19 12:58:59.965169862,RGM_0201281,3,0.0018962223995843,False,False
N011_C0000178,11,2025-07-19 12:59:02.890169862,2025-07-19 12:59:02.965169862,2025-07-19 12:59:02.940169862,RGM_0201398,1,2.361427932581785e-05,False,False
N011_C0000179,11,2025-07-19 12:59:05.940169862,2025-07-19 12:59:06.290169862,2025-07-19 12:59:06.265169862,RGM_0201430,1,6.828204738276996e-05,False,False
N040_C0001140,40,2025-07-19 12:59:13.815169862,2025-07-19 12:59:13.865169862,2025-07-19 12:59:13.840169862,RGM_0201501,1,1.412873857907504e-05,False,False
N011_C0000180,11,2025-07-19 12:59:37.340169862,2025-07-19 12:59:37.765169862,2025-07-19 12:59:37.640169862,RGM_0202006,1,6.209970000203587e-05,False,False
N011_C0000181,11,2025-07-19 12:59:42.540169862,2025-07-19 12:59:42.590169862,2025-07-19 12:59:42.565169862,RGM_0202125,1,1.670558017847217e-05,False,False
N011_C0000182,11,2025-07-19 12:59:55.640169862,2025-07-19 12:59:55.765169862,2025-07-19 12:59:55.665169862,RGM_0202261,1,4.467224118388361e-05,False,False
N011_C0000183,11,2025-07-19 13:00:00.940169862,2025-07-19 13:00:01.615169862,2025-07-19 13:00:00.965169862,RGM_0202329,1,5.9537527699277385e-05,False,False
N000_C0000007,0,2025-07-19 13:00:01.715169862,2025-07-19 13:00:01.790169862,2025-07-19 13:00:01.740169862,RGM_0202334,1,3.362590550749849e-05,False,False
N112_C0001497,112,2025-07-19 13:00:04.337967819,2025-07-19 13:00:04.437967819,2025-07-19 13:00:04.412967819,RGM_0202362,1,7.311654303539858e-06,False,False
N040_C0001141,40,2025-07-19 13:00:26.787967819,2025-07-19 13:00:27.012967819,2025-07-19 13:00:26.937967819,RGM_0202594,1,5.007922388751143e-05,False,False
N040_C0001142,40,2025-07-19 13:00:27.112967819,2025-07-19 13:00:27.212967819,2025-07-19 13:00:27.187967819,RGM_0202598,2,4.416775627061581e-05,False,False
N040_C0001143,40,2025-07-19 13:00:27.262967819,2025-07-19 13:00:27.312967819,2025-07-19 13:00:27.287967819,RGM_0202601,1,1.7639861518575285e-05,False,False
N040_C0001144,40,2025-07-19 13:00:29.787967819,2025-07-19 13:00:29.837967819,2025-07-19 13:00:29.812967819,RGM_0202634,1,1.2226514581468156e-05,False,False
N011_C0000184,11,2025-07-19 13:00:39.512967819,2025-07-19 13:00:39.562967819,2025-07-19 13:00:39.537967819,RGM_0202736,1,1.998997017330996e-05,False,False
N011_C0000185,11,2025-07-19 13:00:39.762967819,2025-07-19 13:00:40.162967819,2025-07-19 13:00:39.787967819,RGM_0202738,1,7.716217715457374e-05,False,False
N011_C0000186,11,2025-07-19 13:00:42.237967819,2025-07-19 13:00:42.287967819,2025-07-19 13:00:42.262967819,RGM_0202823,1,5.370228741239026e-05,False,False
N040_C0001145,40,2025-07-19 13:01:14.687967819,2025-07-19 13:01:14.737967819,2025-07-19 13:01:14.712967819,RGM_0203316,2,4.053269584122234e-05,False,False
N011_C0000187,11,2025-07-19 13:01:21.537967819,2025-07-19 13:01:22.287967819,2025-07-19 13:01:21.562967819,RGM_0203458,1,7.535303449635425e-05,False,False
N058_C0001290,58,2025-07-19 13:01:36.912967819,2025-07-19 13:01:37.237967819,2025-07-19 13:01:36.937967819,RGM_0203635,1,2.6257561637822342e-05,False,False
N000_C0000008,0,2025-07-19 13:01:39.262967819,2025-07-19 13:01:39.312967819,2025-07-19 13:01:39.287967819,RGM_0203658,1,2.4698969831069544e-05,False,False
N040_C0001146,40,2025-07-19 13:02:01.287967819,2025-07-19 13:02:01.337967819,2025-07-19 13:02:01.312967819,RGM_0203965,1,1.5373961819896704e-05,False,False
N011_C0000188,11,2025-07-19 13:02:02.937967819,2025-07-19 13:02:03.312967819,2025-07-19 13:02:02.987967819,RGM_0204023,1,4.1628125443304434e-05,False,False
N011_C0000189,11,2025-07-19 13:02:17.812967819,2025-07-19 13:02:17.887967819,2025-07-19 13:02:17.837967819,RGM_0204273,1,2.30351919446008e-05,False,False
N032_C0001091,32,2025-07-19 13:02:17.887967819,2025-07-19 13:02:18.812967819,2025-07-19 13:02:18.762967819,RGM_0204281,1,9.74083740518765e-05,False,False
N033_C0001094,33,2025-07-19 13:02:18.712967819,2025-07-19 13:02:18.912967819,2025-07-19 13:02:18.762967819,RGM_0204282,1,3.169859992170847e-05,False,False
N031_C0001087,31,2025-07-19 13:02:54.862967819,2025-07-19 13:02:55.112967819,2025-07-19 13:02:54.987967819,RGM_0205058,1,8.357271436260987e-05,False,False
N011_C0000190,11,2025-07-19 13:02:55.562967819,2025-07-19 13:02:55.612967819,2025-07-19 13:02:55.587967819,RGM_0205065,1,1.1348411591125322e-05,False,False
N011_C0000191,11,2025-07-19 13:03:25.312967819,2025-07-19 13:03:25.387967819,2025-07-19 13:03:25.337967819,RGM_0205680,1,1.101531701445859e-05,False,False
N031_C0001088,31,2025-07-19 13:03:26.412967819,2025-07-19 13:03:26.612967819,2025-07-19 13:03:26.462967819,RGM_0205712,1,7.125231736017036e-05,False,False
N011_C0000192,11,2025-07-19 13:03:27.412967819,2025-07-19 13:03:27.462967819,2025-07-19 13:03:27.437967819,RGM_0205758,1,9.568681292453246e-06,False,False
N040_C0001147,40,2025-07-19 13:03:50.962967819,2025-07-19 13:03:51.012967819,2025-07-19 13:03:50.987967819,RGM_0206233,1,2.2626550023558603e-05,False,False
N040_C0001148,40,2025-07-19 13:03:51.487967819,2025-07-19 13:03:51.537967819,2025-07-19 13:03:51.512967819,RGM_0206246,1,1.999593195348717e-05,False,False
N011_C0000193,11,2025-07-19 13:03:51.662967819,2025-07-19 13:03:51.862967819,2025-07-19 13:03:51.737967819,RGM_0206251,1,3.389450639908206e-05,False,False
N040_C0001149,40,2025-07-19 13:03:53.912967819,2025-07-19 13:03:53.962967819,2025-07-19 13:03:53.937967819,RGM_0206275,1,2.150959299275124e-05,False,False
N011_C0000194,11,2025-07-19 13:03:53.612967819,2025-07-19 13:03:54.862967819,2025-07-19 13:03:54.187967819,RGM_0206279,1,0.0002924558858576,False,False
N040_C0001150,40,2025-07-19 13:04:14.737967819,2025-07-19 13:04:14.862967819,2025-07-19 13:04:14.787967819,RGM_0206628,3,5.896989134777932e-05,False,False
N040_C0001151,40,2025-07-19 13:04:43.187967819,2025-07-19 13:04:43.262967819,2025-07-19 13:04:43.212967819,RGM_0207027,1,2.182643113744763e-05,False,False
N040_C0001152,40,2025-07-19 13:05:16.162967819,2025-07-19 13:05:16.562967819,2025-07-19 13:05:16.537967819,RGM_0207315,1,9.604949617466104e-05,False,False
N011_C0000195,11,2025-07-19 13:05:55.687967819,2025-07-19 13:05:57.762967819,2025-07-19 13:05:55.712967819,RGM_0207626,1,0.0004147423633408,False,False
N011_C0000196,11,2025-07-19 13:06:19.137967819,2025-07-19 13:06:19.187967819,2025-07-19 13:06:19.162967819,RGM_0207770,1,1.4529798413239444e-05,False,False
N011_C0000197,11,2025-07-19 13:06:21.637967819,2025-07-19 13:06:21.687967819,2025-07-19 13:06:21.662967819,RGM_0207795,1,1.5248621487414124e-05,False,False
N000_C0000009,0,2025-07-19 13:07:04.912967819,2025-07-19 13:07:05.212967819,2025-07-19 13:07:05.037967819,RGM_0208030,1,0.0001403876043409,False,False
N112_C0001498,112,2025-07-19 13:07:27.462967819,2025-07-19 13:07:27.562967819,2025-07-19 13:07:27.487967819,RGM_0208168,1,4.217405712683057e-06,False,False
N000_C0000010,0,2025-07-19 13:07:40.312967819,2025-07-19 13:07:42.362967819,2025-07-19 13:07:41.337967819,RGM_0208252,1,0.0007742287098472,False,False
N011_C0000198,11,2025-07-19 13:07:52.137967819,2025-07-19 13:07:52.262967819,2025-07-19 13:07:52.212967819,RGM_0208326,1,4.3094981473885045e-05,False,False
N112_C0001499,112,2025-07-19 13:08:08.937967819,2025-07-19 13:08:09.887967819,2025-07-19 13:08:09.562967819,RGM_0208442,1,2.9588310383360583e-05,False,False
N112_C0001500,112,2025-07-19 13:08:11.987967819,2025-07-19 13:08:12.087967819,2025-07-19 13:08:12.012967819,RGM_0208461,1,6.448390015051972e-06,False,False
N040_C0001153,40,2025-07-19 13:08:20.962967819,2025-07-19 13:08:21.012967819,2025-07-19 13:08:20.987967819,RGM_0208525,1,2.9508808746806787e-05,False,False
N040_C0001154,40,2025-07-19 13:08:35.012967819,2025-07-19 13:08:35.087967819,2025-07-19 13:08:35.037967819,RGM_0208613,1,3.7968467587313845e-05,False,False
N058_C0001291,58,2025-07-19 13:09:27.912967819,2025-07-19 13:09:27.962967819,2025-07-19 13:09:27.937967819,RGM_0208950,1,9.710510465749936e-06,False,False
N112_C0001501,112,2025-07-19 13:09:35.262967819,2025-07-19 13:09:35.312967819,2025-07-19 13:09:35.287967819,RGM_0208999,1,3.405529524078122e-06,False,False
N042_C0001171,42,2025-07-19 13:10:50.538132111,2025-07-19 13:10:50.688132111,2025-07-19 13:10:50.638132111,RGM_0209536,1,2.9392298653891845e-05,False,False
N017_C0000894,17,2025-07-19 13:11:07.013132111,2025-07-19 13:11:07.063132111,2025-07-19 13:11:07.038132111,RGM_0209665,1,1.3424300537382645e-05,False,False
N042_C0001172,42,2025-07-19 13:11:17.488132111,2025-07-19 13:11:17.988132111,2025-07-19 13:11:17.738132111,RGM_0209761,1,0.0001410453180621,False,False
N000_C0000011,0,2025-07-19 13:12:02.838132111,2025-07-19 13:12:02.888132111,2025-07-19 13:12:02.863132111,RGM_0210114,1,4.349096392341724e-05,False,False
N084_C0001381,84,2025-07-19 13:12:12.863132111,2025-07-19 13:12:13.863132111,2025-07-19 13:12:12.913132111,RGM_0210269,3,0.0001151998913516,False,False
N086_C0001397,86,2025-07-19 13:12:13.588132111,2025-07-19 13:12:13.688132111,2025-07-19 13:12:13.638132111,RGM_0210284,2,6.553952667071714e-05,False,False
N069_C0001377,69,2025-07-19 13:12:28.538132111,2025-07-19 13:12:28.588132111,2025-07-19 13:12:28.563132111,RGM_0210545,1,5.97295007378153e-06,False,False
N086_C0001398,86,2025-07-19 13:12:28.363132111,2025-07-19 13:12:30.363132111,2025-07-19 13:12:29.363132111,RGM_0210555,1,0.0004207551506075,False,False
N087_C0001411,87,2025-07-19 13:12:29.588132111,2025-07-19 13:12:29.638132111,2025-07-19 13:12:29.613132111,RGM_0210561,1,4.756973108835399e-06,False,False
N011_C0000199,11,2025-07-19 13:12:30.163132111,2025-07-19 13:12:30.213132111,2025-07-19 13:12:30.188132111,RGM_0210806,1,2.2119012422589727e-05,False,False
N022_C0001057,22,2025-07-19 13:12:30.938132111,2025-07-19 13:12:30.988132111,2025-07-19 13:12:30.963132111,RGM_0210821,1,7.618129646983636e-06,False,False
N011_C0000200,11,2025-07-19 13:13:46.713132111,2025-07-19 13:13:46.763132111,2025-07-19 13:13:46.738132111,RGM_0212277,1,1.1697339101760918e-05,False,False
N028_C0001081,28,2025-07-19 13:15:17.863132111,2025-07-19 13:15:19.863132111,2025-07-19 13:15:18.463132111,RGM_0214248,1,0.000248363633013,False,False
N023_C0001072,23,2025-07-19 13:18:52.238132111,2025-07-19 13:18:52.288132111,2025-07-19 13:18:52.263132111,RGM_0216347,1,8.332889495076444e-05,False,False
N058_C0001292,58,2025-07-19 13:20:46.138167543,2025-07-19 13:20:46.188167543,2025-07-19 13:20:46.163167543,RGM_0217082,1,1.0939144280350442e-05,False,False
N017_C0000895,17,2025-07-19 13:22:00.888167543,2025-07-19 13:22:00.988167543,2025-07-19 13:22:00.913167543,RGM_0217861,1,1.6120494550694574e-05,False,False
N020_C0001016,20,2025-07-19 13:22:25.663167543,2025-07-19 13:22:25.863167543,2025-07-19 13:22:25.763167543,RGM_0218148,1,2.628346519727024e-05,False,False
N021_C0001044,21,2025-07-19 13:24:09.938167543,2025-07-19 13:24:09.988167543,2025-07-19 13:24:09.963167543,RGM_0219088,1,7.161969582231083e-06,False,False
N011_C0000201,11,2025-07-19 13:24:18.788167543,2025-07-19 13:24:18.863167543,2025-07-19 13:24:18.838167543,RGM_0219148,1,1.6360533849857433e-05,False,False
N011_C0000202,11,2025-07-19 13:24:19.088167543,2025-07-19 13:24:19.138167543,2025-07-19 13:24:19.113167543,RGM_0219151,1,2.5791589300060387e-05,False,False
N019_C0000997,19,2025-07-19 13:24:19.113167543,2025-07-19 13:24:19.163167543,2025-07-19 13:24:19.138167543,RGM_0219153,1,1.1473122625570026e-05,False,False
N011_C0000203,11,2025-07-19 13:24:31.463167543,2025-07-19 13:24:31.513167543,2025-07-19 13:24:31.488167543,RGM_0219216,1,1.5014633967770196e-05,False,False
N059_C0001343,59,2025-07-19 13:24:35.563167543,2025-07-19 13:24:35.663167543,2025-07-19 13:24:35.613167543,RGM_0219239,1,5.277795524981383e-05,False,False
N000_C0000012,0,2025-07-19 13:27:36.338167543,2025-07-19 13:27:36.613167543,2025-07-19 13:27:36.563167543,RGM_0220713,1,9.504770288455773e-05,False,False
N000_C0000013,0,2025-07-19 13:27:36.713167543,2025-07-19 13:27:37.013167543,2025-07-19 13:27:36.913167543,RGM_0220717,2,9.199189288110248e-05,False,False
N000_C0000014,0,2025-07-19 13:27:59.713167543,2025-07-19 13:28:00.363167543,2025-07-19 13:27:59.813167543,RGM_0220981,1,0.0002166684899503,False,False
N051_C0001200,51,2025-07-19 13:28:43.588167543,2025-07-19 13:28:43.763167543,2025-07-19 13:28:43.663167543,RGM_0221539,1,6.85527833530278e-06,False,False
N062_C0001372,62,2025-07-19 13:28:47.313167543,2025-07-19 13:28:47.413167543,2025-07-19 13:28:47.363167543,RGM_0221622,1,4.28597921687462e-05,False,False
N000_C0000015,0,2025-07-19 13:33:04.762874883,2025-07-19 13:33:04.812874883,2025-07-19 13:33:04.787874883,RGM_0223442,1,3.147545291542478e-05,False,False
N112_C0001502,112,2025-07-19 13:36:24.962874883,2025-07-19 13:36:25.012874883,2025-07-19 13:36:24.987874883,RGM_0224600,1,2.6168468662332805e-06,False,False
N058_C0001293,58,2025-07-19 13:37:05.262874883,2025-07-19 13:37:05.587874883,2025-07-19 13:37:05.487874883,RGM_0224864,1,2.675133649287956e-05,False,False
N112_C0001503,112,2025-07-19 13:37:18.062874883,2025-07-19 13:37:18.537874883,2025-07-19 13:37:18.087874883,RGM_0224938,1,2.6191993982137264e-05,False,False
N112_C0001504,112,2025-07-19 13:38:01.887874883,2025-07-19 13:38:01.937874883,2025-07-19 13:38:01.912874883,RGM_0225253,1,4.716798250587748e-06,False,False
N011_C0000204,11,2025-07-19 13:39:53.987874883,2025-07-19 13:39:54.487874883,2025-07-19 13:39:54.012874883,RGM_0226157,1,3.472037239761457e-05,False,False
N011_C0000205,11,2025-07-19 13:40:18.462414032,2025-07-19 13:40:18.512414032,2025-07-19 13:40:18.487414032,RGM_0226518,1,1.865783727416601e-05,False,False
N011_C0000206,11,2025-07-19 13:42:10.762414032,2025-07-19 13:42:10.837414032,2025-07-19 13:42:10.787414032,RGM_0227305,1,2.3630968561180223e-05,False,False
N112_C0001505,112,2025-07-19 13:42:26.587414032,2025-07-19 13:42:26.687414032,2025-07-19 13:42:26.662414032,RGM_0227395,1,9.488657172200413e-06,False,False
N112_C0001506,112,2025-07-19 13:42:33.362414032,2025-07-19 13:42:33.462414032,2025-07-19 13:42:33.412414032,RGM_0227438,1,7.500158460194232e-06,False,False
N011_C0000207,11,2025-07-19 13:42:34.837414032,2025-07-19 13:42:34.887414032,2025-07-19 13:42:34.862414032,RGM_0227451,1,1.3102330070834028e-05,False,False
N011_C0000208,11,2025-07-19 13:43:48.862414032,2025-07-19 13:43:48.912414032,2025-07-19 13:43:48.887414032,RGM_0227860,1,2.191831456149621e-05,False,False
N000_C0000016,0,2025-07-19 13:43:56.262414032,2025-07-19 13:43:56.312414032,2025-07-19 13:43:56.287414032,RGM_0227899,1,2.364818208346972e-05,False,False
N000_C0000017,0,2025-07-19 13:45:17.462414032,2025-07-19 13:45:17.512414032,2025-07-19 13:45:17.487414032,RGM_0228452,1,2.1941316164917216e-05,False,False
N040_C0001155,40,2025-07-19 13:45:27.687414032,2025-07-19 13:45:27.737414032,2025-07-19 13:45:27.712414032,RGM_0228547,1,1.651031480776284e-05,False,False
N017_C0000896,17,2025-07-19 13:45:34.362414032,2025-07-19 13:45:36.362414032,2025-07-19 13:45:34.662414032,RGM_0228601,1,0.000369147624506,False,False
N058_C0001294,58,2025-07-19 13:45:40.887414032,2025-07-19 13:45:40.937414032,2025-07-19 13:45:40.912414032,RGM_0228666,1,6.102578449254991e-06,False,False
N058_C0001295,58,2025-07-19 13:46:48.712414032,2025-07-19 13:46:48.762414032,2025-07-19 13:46:48.737414032,RGM_0229103,1,7.846335927601261e-06,False,False
N000_C0000018,0,2025-07-19 13:47:43.612414032,2025-07-19 13:47:44.212414032,2025-07-19 13:47:44.162414032,RGM_0229483,1,0.0001782633411228,False,False
N011_C0000209,11,2025-07-19 13:48:51.012414032,2025-07-19 13:48:51.062414032,2025-07-19 13:48:51.037414032,RGM_0229918,1,1.4110903862953467e-05,False,False
N000_C0000019,0,2025-07-19 13:49:07.362414032,2025-07-19 13:49:07.412414032,2025-07-19 13:49:07.387414032,RGM_0230012,1,2.6496329910444244e-05,False,False
N000_C0000020,0,2025-07-19 13:49:07.712414032,2025-07-19 13:49:07.762414032,2025-07-19 13:49:07.737414032,RGM_0230019,1,2.155617165700909e-05,False,False
N112_C0001507,112,2025-07-19 13:50:48.286876748,2025-07-19 13:50:48.336876748,2025-07-19 13:50:48.311876748,RGM_0230679,1,9.81970148288473e-07,False,False
N011_C0000210,11,2025-07-19 13:51:41.086876748,2025-07-19 13:51:41.136876748,2025-07-19 13:51:41.111876748,RGM_0231041,1,1.812234905658776e-05,False,False
N011_C0000211,11,2025-07-19 13:51:44.561876748,2025-07-19 13:51:44.611876748,2025-07-19 13:51:44.586876748,RGM_0231057,1,2.753153621110385e-05,False,False
N011_C0000212,11,2025-07-19 13:51:53.911876748,2025-07-19 13:51:53.961876748,2025-07-19 13:51:53.936876748,RGM_0231139,1,2.2592635582277563e-05,False,False
N011_C0000213,11,2025-07-19 13:53:44.536876748,2025-07-19 13:53:46.111876748,2025-07-19 13:53:44.561876748,RGM_0231758,1,0.0001646820459178,False,False
N000_C0000021,0,2025-07-19 13:54:12.586876748,2025-07-19 13:54:12.636876748,2025-07-19 13:54:12.611876748,RGM_0231899,1,2.1073401225955407e-05,False,False
N011_C0000214,11,2025-07-19 13:55:34.061876748,2025-07-19 13:55:34.111876748,2025-07-19 13:55:34.086876748,RGM_0232236,1,1.696658280342584e-05,False,False
N112_C0001508,112,2025-07-19 13:55:41.961876748,2025-07-19 13:55:42.011876748,2025-07-19 13:55:41.986876748,RGM_0232278,1,3.943915291766962e-06,False,False
N011_C0000215,11,2025-07-19 13:56:22.311876748,2025-07-19 13:56:22.861876748,2025-07-19 13:56:22.336876748,RGM_0232437,1,5.606871678630826e-05,False,False
N040_C0001156,40,2025-07-19 13:56:24.161876748,2025-07-19 13:56:24.211876748,2025-07-19 13:56:24.186876748,RGM_0232451,1,1.6469571041578607e-05,False,False
N086_C0001399,86,2025-07-19 13:58:24.611876748,2025-07-19 13:58:25.611876748,2025-07-19 13:58:24.861876748,RGM_0233013,1,0.0001294903946774,False,False
N086_C0001400,86,2025-07-19 13:58:43.211876748,2025-07-19 13:58:43.411876748,2025-07-19 13:58:43.261876748,RGM_0233123,1,0.0001198016433697,False,False
N089_C0001431,89,2025-07-19 13:58:43.211876748,2025-07-19 13:58:43.411876748,2025-07-19 13:58:43.311876748,RGM_0233129,1,0.0001121973618729,False,False
N087_C0001412,87,2025-07-19 13:58:43.111876748,2025-07-19 13:58:43.611876748,2025-07-19 13:58:43.361876748,RGM_0233132,1,0.0001733321142381,False,False
N088_C0001419,88,2025-07-19 13:58:43.111876748,2025-07-19 13:58:43.611876748,2025-07-19 13:58:43.361876748,RGM_0233133,1,0.0001733040790153,False,False
N017_C0000897,17,2025-07-19 14:02:10.036294616,2025-07-19 14:02:10.086294616,2025-07-19 14:02:10.061294616,RGM_0234218,1,9.74693257576465e-06,False,False
N058_C0001296,58,2025-07-19 14:03:28.211294616,2025-07-19 14:03:28.511294616,2025-07-19 14:03:28.286294616,RGM_0234614,1,5.3135573993875215e-05,False,False
N051_C0001201,51,2025-07-19 14:04:37.736294616,2025-07-19 14:04:37.786294616,2025-07-19 14:04:37.761294616,RGM_0234960,1,4.166297367505457e-06,False,False
N022_C0001058,22,2025-07-19 14:05:16.861294616,2025-07-19 14:05:17.861294616,2025-07-19 14:05:17.361294616,RGM_0235149,1,0.0001275023289961,False,False
N084_C0001382,84,2025-07-19 14:05:17.361294616,2025-07-19 14:05:17.986294616,2025-07-19 14:05:17.736294616,RGM_0235195,2,0.0001777602630996,False,False
N085_C0001386,85,2025-07-19 14:05:17.486294616,2025-07-19 14:05:17.986294616,2025-07-19 14:05:17.736294616,RGM_0235193,1,0.0001687135084977,False,False
N089_C0001432,89,2025-07-19 14:05:17.486294616,2025-07-19 14:05:17.986294616,2025-07-19 14:05:17.736294616,RGM_0235192,1,7.084862768451982e-05,False,False
N040_C0001157,40,2025-07-19 14:06:20.386294616,2025-07-19 14:06:20.436294616,2025-07-19 14:06:20.411294616,RGM_0235469,1,1.7598961984897885e-05,False,False
N000_C0000022,0,2025-07-19 14:07:24.811294616,2025-07-19 14:07:24.861294616,2025-07-19 14:07:24.836294616,RGM_0235750,1,2.249821185870745e-05,False,False
N040_C0001158,40,2025-07-19 14:08:56.161294616,2025-07-19 14:08:56.211294616,2025-07-19 14:08:56.186294616,RGM_0236163,1,2.8549358158575715e-05,False,False
N040_C0001159,40,2025-07-19 14:08:58.736294616,2025-07-19 14:08:58.786294616,2025-07-19 14:08:58.761294616,RGM_0236179,1,1.347882611924451e-05,False,False
N000_C0000023,0,2025-07-19 14:14:32.915057804,2025-07-19 14:14:33.315057804,2025-07-19 14:14:33.290057804,RGM_0238042,1,9.773021390754856e-05,False,False
N011_C0000216,11,2025-07-19 14:16:25.715057804,2025-07-19 14:16:25.815057804,2025-07-19 14:16:25.790057804,RGM_0238722,1,4.003009134180204e-05,False,False
N112_C0001509,112,2025-07-19 14:16:42.640057804,2025-07-19 14:16:42.690057804,2025-07-19 14:16:42.665057804,RGM_0238815,1,2.190480916228886e-06,False,False
N112_C0001510,112,2025-07-19 14:22:06.614425410,2025-07-19 14:22:06.664425410,2025-07-19 14:22:06.639425410,RGM_0241072,1,3.3239336273340712e-06,False,False
N000_C0000024,0,2025-07-19 14:24:21.689425410,2025-07-19 14:24:21.739425410,2025-07-19 14:24:21.714425410,RGM_0242236,1,2.2585047458286156e-05,False,False
N000_C0000025,0,2025-07-19 14:25:46.064425410,2025-07-19 14:25:46.114425410,2025-07-19 14:25:46.089425410,RGM_0242885,1,2.237159528437265e-05,False,False
N000_C0000026,0,2025-07-19 14:26:21.539425410,2025-07-19 14:26:22.039425410,2025-07-19 14:26:22.014425410,RGM_0243147,1,0.0001618171942975,False,False
N018_C0000948,18,2025-07-19 14:28:26.514425410,2025-07-19 14:28:27.189425410,2025-07-19 14:28:27.139425410,RGM_0244091,1,5.852633222821696e-05,False,False
N018_C0000949,18,2025-07-19 14:28:33.689425410,2025-07-19 14:28:33.789425410,2025-07-19 14:28:33.714425410,RGM_0244130,1,1.8586858984225405e-05,False,False
N040_C0001160,40,2025-07-19 14:28:59.439425410,2025-07-19 14:28:59.814425410,2025-07-19 14:28:59.789425410,RGM_0244302,1,6.40491227515166e-05,False,False
N018_C0000950,18,2025-07-19 14:33:22.063786432,2025-07-19 14:33:22.113786432,2025-07-19 14:33:22.088786432,RGM_0245804,1,8.48925723553748e-06,False,False
N018_C0000951,18,2025-07-19 14:34:18.213786432,2025-07-19 14:34:18.263786432,2025-07-19 14:34:18.238786432,RGM_0246193,1,7.35297687936905e-06,False,False
N058_C0001297,58,2025-07-19 14:35:51.863786432,2025-07-19 14:35:52.913786432,2025-07-19 14:35:51.988786432,RGM_0246801,1,8.500100293474905e-05,False,False
N000_C0000027,0,2025-07-19 14:35:53.713786432,2025-07-19 14:35:53.763786432,2025-07-19 14:35:53.738786432,RGM_0246808,1,2.2234418634870155e-05,False,False
N000_C0000028,0,2025-07-19 14:36:11.863786432,2025-07-19 14:36:11.913786432,2025-07-19 14:36:11.888786432,RGM_0246917,1,2.3884624376462862e-05,False,False
N058_C0001298,58,2025-07-19 14:38:11.663786432,2025-07-19 14:38:12.038786432,2025-07-19 14:38:11.988786432,RGM_0247633,1,3.500325564726407e-05,False,False
N058_C0001299,58,2025-07-19 14:38:13.313786432,2025-07-19 14:38:15.313786432,2025-07-19 14:38:14.538786432,RGM_0247651,2,0.0003831738349535,False,False
N040_C0001161,40,2025-07-19 14:38:15.163786432,2025-07-19 14:38:15.213786432,2025-07-19 14:38:15.188786432,RGM_0247657,1,1.087045965829986e-05,False,False
N000_C0000029,0,2025-07-19 14:38:26.738786432,2025-07-19 14:38:26.813786432,2025-07-19 14:38:26.763786432,RGM_0247755,1,2.8002341626329687e-05,False,False
N000_C0000030,0,2025-07-19 14:38:30.063786432,2025-07-19 14:38:30.113786432,2025-07-19 14:38:30.088786432,RGM_0247783,1,2.0532727766166168e-05,False,False
N017_C0000898,17,2025-07-19 14:38:33.288786432,2025-07-19 14:38:33.338786432,2025-07-19 14:38:33.313786432,RGM_0247808,1,6.974897878606667e-06,False,False
N058_C0001300,58,2025-07-19 14:40:06.638133983,2025-07-19 14:40:06.688133983,2025-07-19 14:40:06.663133983,RGM_0248473,1,5.223484499312477e-06,False,False
N011_C0000217,11,2025-07-19 14:42:24.388133983,2025-07-19 14:42:24.438133983,2025-07-19 14:42:24.413133983,RGM_0249632,1,1.600386412926624e-05,False,False
N087_C0001413,87,2025-07-19 14:42:33.813133983,2025-07-19 14:42:34.813133983,2025-07-19 14:42:34.313133983,RGM_0249697,2,9.089344952487452e-05,False,False
N085_C0001387,85,2025-07-19 14:42:34.563133983,2025-07-19 14:42:34.788133983,2025-07-19 14:42:34.613133983,RGM_0249702,1,5.1611924991711154e-05,False,False
N086_C0001401,86,2025-07-19 14:42:34.313133983,2025-07-19 14:42:34.813133983,2025-07-19 14:42:34.613133983,RGM_0249707,2,6.790536717799258e-05,False,False
N088_C0001420,88,2025-07-19 14:42:34.563133983,2025-07-19 14:42:34.663133983,2025-07-19 14:42:34.613133983,RGM_0249708,1,3.0782912385662726e-05,False,False
N040_C0001162,40,2025-07-19 14:42:47.063133983,2025-07-19 14:42:47.113133983,2025-07-19 14:42:47.088133983,RGM_0249792,1,1.3614937487901356e-05,False,False
N011_C0000218,11,2025-07-19 14:43:12.413133983,2025-07-19 14:43:12.463133983,2025-07-19 14:43:12.438133983,RGM_0249947,1,2.123167244219895e-05,False,False
N058_C0001301,58,2025-07-19 14:43:31.563133983,2025-07-19 14:43:31.613133983,2025-07-19 14:43:31.588133983,RGM_0250071,1,5.78630029005261e-06,False,False
N011_C0000219,11,2025-07-19 14:43:52.588133983,2025-07-19 14:43:54.438133983,2025-07-19 14:43:54.413133983,RGM_0250229,1,0.0001851055711202,False,False
N000_C0000031,0,2025-07-19 14:44:32.538133983,2025-07-19 14:44:32.588133983,2025-07-19 14:44:32.563133983,RGM_0250457,1,2.3375042885139635e-05,False,False
N040_C0001163,40,2025-07-19 14:47:06.313133983,2025-07-19 14:47:06.363133983,2025-07-19 14:47:06.338133983,RGM_0251391,1,1.2962949708039226e-05,False,False
N011_C0000220,11,2025-07-19 14:48:04.713133983,2025-07-19 14:48:04.813133983,2025-07-19 14:48:04.788133983,RGM_0251792,1,2.419462191537726e-05,False,False
N011_C0000221,11,2025-07-19 14:52:00.212472430,2025-07-19 14:52:02.712472430,2025-07-19 14:52:00.812472430,RGM_0252931,1,0.0002468532961145,False,False
N000_C0000032,0,2025-07-19 14:52:11.237472430,2025-07-19 14:52:11.287472430,2025-07-19 14:52:11.262472430,RGM_0252959,1,1.8590060286018355e-05,False,False
N011_C0000222,11,2025-07-19 14:57:05.162472430,2025-07-19 14:57:08.162472430,2025-07-19 14:57:08.137472430,RGM_0253997,1,0.0003095887779318,False,False
N058_C0001302,58,2025-07-19 14:57:33.762472430,2025-07-19 14:57:34.212472430,2025-07-19 14:57:34.112472430,RGM_0254100,1,4.8270366520502686e-05,False,False
N058_C0001303,58,2025-07-19 14:57:35.312472430,2025-07-19 14:57:37.312472430,2025-07-19 14:57:36.462472430,RGM_0254108,1,0.0004128210413743,False,False
N000_C0000033,0,2025-07-19 14:57:55.287472430,2025-07-19 14:57:55.337472430,2025-07-19 14:57:55.312472430,RGM_0254183,1,2.473853416321665e-05,False,False
N085_C0001388,85,2025-07-19 14:59:56.412472430,2025-07-19 14:59:56.612472430,2025-07-19 14:59:56.512472430,RGM_0254586,1,0.000150133928558,False,False
N086_C0001402,86,2025-07-19 14:59:56.412472430,2025-07-19 14:59:56.612472430,2025-07-19 14:59:56.512472430,RGM_0254589,2,0.000158028825049,False,False
N084_C0001383,84,2025-07-19 14:59:55.812472430,2025-07-19 14:59:57.812472430,2025-07-19 14:59:56.687472430,RGM_0254601,1,0.0002557399503585,False,False
N020_C0001017,20,2025-07-19 15:01:31.836816919,2025-07-19 15:01:31.961816919,2025-07-19 15:01:31.936816919,RGM_0255221,1,1.2904234308681444e-05,False,False
N020_C0001018,20,2025-07-19 15:01:45.086816919,2025-07-19 15:01:45.211816919,2025-07-19 15:01:45.111816919,RGM_0255337,1,1.2483555396928278e-05,False,False
N060_C0001352,60,2025-07-19 15:02:59.336816919,2025-07-19 15:02:59.386816919,2025-07-19 15:02:59.361816919,RGM_0255900,1,1.0388099037788798e-05,False,False
N020_C0001019,20,2025-07-19 15:03:40.411816919,2025-07-19 15:03:40.461816919,2025-07-19 15:03:40.436816919,RGM_0256223,1,6.550117498479084e-06,False,False
N019_C0000998,19,2025-07-19 15:03:44.411816919,2025-07-19 15:03:44.461816919,2025-07-19 15:03:44.436816919,RGM_0256289,1,7.436161928496847e-06,False,False
N021_C0001045,21,2025-07-19 15:03:44.361816919,2025-07-19 15:03:44.561816919,2025-07-19 15:03:44.461816919,RGM_0256290,1,1.7190106058196337e-05,False,False
N018_C0000952,18,2025-07-19 15:03:44.436816919,2025-07-19 15:03:44.536816919,2025-07-19 15:03:44.486816919,RGM_0256297,1,1.916558322011257e-05,False,False
N020_C0001020,20,2025-07-19 15:03:44.436816919,2025-07-19 15:03:45.036816919,2025-07-19 15:03:44.511816919,RGM_0256299,3,4.7225181158983765e-05,False,False
N019_C0000999,19,2025-07-19 15:03:48.986816919,2025-07-19 15:03:49.486816919,2025-07-19 15:03:49.461816919,RGM_0256369,1,4.016352046690191e-05,False,False
N019_C0001000,19,2025-07-19 15:03:59.311816919,2025-07-19 15:03:59.661816919,2025-07-19 15:03:59.411816919,RGM_0256635,1,3.370419292835174e-05,False,False
N020_C0001021,20,2025-07-19 15:03:59.636816919,2025-07-19 15:03:59.686816919,2025-07-19 15:03:59.661816919,RGM_0256637,1,3.578713645925374e-06,False,False
N022_C0001059,22,2025-07-19 15:03:59.536816919,2025-07-19 15:03:59.686816919,2025-07-19 15:03:59.661816919,RGM_0256636,1,1.0295525267029954e-05,False,False
N011_C0000223,11,2025-07-19 15:04:21.211816919,2025-07-19 15:04:21.411816919,2025-07-19 15:04:21.286816919,RGM_0256943,1,2.2559291913876364e-05,False,False
N011_C0000224,11,2025-07-19 15:04:27.086816919,2025-07-19 15:04:27.186816919,2025-07-19 15:04:27.136816919,RGM_0257030,1,2.316248267174157e-05,False,False
N017_C0000899,17,2025-07-19 15:04:27.086816919,2025-07-19 15:04:27.186816919,2025-07-19 15:04:27.136816919,RGM_0257033,1,2.316248267174157e-05,False,False
N018_C0000953,18,2025-07-19 15:04:27.086816919,2025-07-19 15:04:27.186816919,2025-07-19 15:04:27.136816919,RGM_0257028,2,2.316248267174157e-05,False,False
N021_C0001046,21,2025-07-19 15:04:27.086816919,2025-07-19 15:04:27.211816919,2025-07-19 15:04:27.136816919,RGM_0257026,2,2.083535667651832e-05,False,False
N020_C0001022,20,2025-07-19 15:04:27.061816919,2025-07-19 15:04:27.261816919,2025-07-19 15:04:27.161816919,RGM_0257036,2,2.7494757918404223e-05,False,False
N020_C0001023,20,2025-07-19 15:05:03.311816919,2025-07-19 15:05:04.061816919,2025-07-19 15:05:03.611816919,RGM_0257830,2,4.1120509520883485e-05,False,False
N058_C0001304,58,2025-07-19 15:05:04.261816919,2025-07-19 15:05:04.311816919,2025-07-19 15:05:04.286816919,RGM_0257841,1,6.512590832214326e-06,False,False
N021_C0001047,21,2025-07-19 15:05:11.661816919,2025-07-19 15:05:11.861816919,2025-07-19 15:05:11.761816919,RGM_0258030,1,1.8103426810804302e-05,False,False
N020_C0001024,20,2025-07-19 15:05:11.561816919,2025-07-19 15:05:11.961816919,2025-07-19 15:05:11.836816919,RGM_0258033,4,2.004361733217429e-05,False,False
N019_C0001001,19,2025-07-19 15:05:14.411816919,2025-07-19 15:05:14.511816919,2025-07-19 15:05:14.436816919,RGM_0258091,1,1.4088597042254568e-05,False,False
N020_C0001025,20,2025-07-19 15:05:14.236816919,2025-07-19 15:05:14.461816919,2025-07-19 15:05:14.436816919,RGM_0258089,2,1.756905756322947e-05,False,False
N020_C0001026,20,2025-07-19 15:05:19.411816919,2025-07-19 15:05:19.461816919,2025-07-19 15:05:19.436816919,RGM_0258178,1,3.785135292488631e-06,False,False
N020_C0001027,20,2025-07-19 15:05:19.511816919,2025-07-19 15:05:19.561816919,2025-07-19 15:05:19.536816919,RGM_0258180,1,1.0048527288704949e-05,False,False
N021_C0001048,21,2025-07-19 15:05:19.511816919,2025-07-19 15:05:19.711816919,2025-07-19 15:05:19.561816919,RGM_0258182,1,2.1479440914638356e-05,False,False
N020_C0001028,20,2025-07-19 15:05:31.061816919,2025-07-19 15:05:31.261816919,2025-07-19 15:05:31.136816919,RGM_0258373,1,1.5164219990914427e-05,False,False
N020_C0001029,20,2025-07-19 15:05:35.336816919,2025-07-19 15:05:35.386816919,2025-07-19 15:05:35.361816919,RGM_0258457,1,3.522506579933013e-06,False,False
N020_C0001030,20,2025-07-19 15:05:35.661816919,2025-07-19 15:05:35.861816919,2025-07-19 15:05:35.761816919,RGM_0258462,1,1.966376652509316e-05,False,False
N060_C0001353,60,2025-07-19 15:06:25.436816919,2025-07-19 15:06:26.561816919,2025-07-19 15:06:25.611816919,RGM_0259350,1,0.0001239361425065,False,False
N021_C0001049,21,2025-07-19 15:06:30.536816919,2025-07-19 15:06:30.611816919,2025-07-19 15:06:30.561816919,RGM_0259440,1,6.269379301809066e-06,False,False
N020_C0001031,20,2025-07-19 15:06:30.311816919,2025-07-19 15:06:31.311816919,2025-07-19 15:06:30.836816919,RGM_0259445,2,8.26504187287589e-05,False,False
N011_C0000225,11,2025-07-19 15:07:11.461816919,2025-07-19 15:07:11.561816919,2025-07-19 15:07:11.511816919,RGM_0260213,1,1.329958043761495e-05,False,False
N020_C0001032,20,2025-07-19 15:07:19.661816919,2025-07-19 15:07:19.736816919,2025-07-19 15:07:19.711816919,RGM_0260315,1,7.239408374423856e-06,False,False
N011_C0000226,11,2025-07-19 15:07:26.811816919,2025-07-19 15:07:26.911816919,2025-07-19 15:07:26.861816919,RGM_0260415,1,1.482992011303573e-05,False,False
N018_C0000954,18,2025-07-19 15:07:28.986816919,2025-07-19 15:07:29.036816919,2025-07-19 15:07:29.011816919,RGM_0260472,1,9.497687120254552e-06,False,False
N019_C0001002,19,2025-07-19 15:07:28.911816919,2025-07-19 15:07:29.036816919,2025-07-19 15:07:29.011816919,RGM_0260470,1,1.574519965175661e-05,False,False
N011_C0000227,11,2025-07-19 15:07:41.361816919,2025-07-19 15:07:41.461816919,2025-07-19 15:07:41.411816919,RGM_0260625,1,1.665940959668502e-05,False,False
N004_C0000059,4,2025-07-19 15:07:51.561816919,2025-07-19 15:07:51.611816919,2025-07-19 15:07:51.586816919,RGM_0260803,1,2.3089595778926826e-05,False,False
N018_C0000955,18,2025-07-19 15:08:26.811816919,2025-07-19 15:08:27.236816919,2025-07-19 15:08:27.211816919,RGM_0261292,1,3.679204017002623e-05,False,False
N019_C0001003,19,2025-07-19 15:09:15.861816919,2025-07-19 15:09:16.436816919,2025-07-19 15:09:16.411816919,RGM_0261523,1,5.367956703910249e-05,False,False
N018_C0000956,18,2025-07-19 15:09:41.961816919,2025-07-19 15:09:43.111816919,2025-07-19 15:09:43.011816919,RGM_0261646,1,7.848085714919175e-05,False,False
N087_C0001414,87,2025-07-19 15:10:39.161167224,2025-07-19 15:10:39.261167224,2025-07-19 15:10:39.211167224,RGM_0261868,1,0.0001114856292808,False,False
N083_C0001378,83,2025-07-19 15:10:39.061167224,2025-07-19 15:10:39.561167224,2025-07-19 15:10:39.311167224,RGM_0261879,3,0.0001291879838757,False,False
N085_C0001389,85,2025-07-19 15:10:38.811167224,2025-07-19 15:10:40.811167224,2025-07-19 15:10:39.561167224,RGM_0261882,3,0.0002792488231719,False,False
N086_C0001403,86,2025-07-19 15:10:39.911167224,2025-07-19 15:10:39.961167224,2025-07-19 15:10:39.936167224,RGM_0261927,2,4.422817660698675e-05,False,False
N084_C0001384,84,2025-07-19 15:11:15.386167224,2025-07-19 15:11:15.611167224,2025-07-19 15:11:15.461167224,RGM_0262089,2,4.272028791944745e-05,False,False
N083_C0001379,83,2025-07-19 15:11:15.061167224,2025-07-19 15:11:16.061167224,2025-07-19 15:11:15.561167224,RGM_0262098,2,0.0001332895348039,False,False
N085_C0001390,85,2025-07-19 15:11:15.311167224,2025-07-19 15:11:15.811167224,2025-07-19 15:11:15.561167224,RGM_0262100,1,0.0001350538459387,False,False
N086_C0001404,86,2025-07-19 15:11:15.061167224,2025-07-19 15:11:16.061167224,2025-07-19 15:11:15.561167224,RGM_0262096,3,0.0001553826547438,False,False
N087_C0001415,87,2025-07-19 15:11:15.311167224,2025-07-19 15:11:15.811167224,2025-07-19 15:11:15.561167224,RGM_0262097,1,0.0001371061124178,False,False
N017_C0000900,17,2025-07-19 15:11:24.486167224,2025-07-19 15:11:24.536167224,2025-07-19 15:11:24.511167224,RGM_0262174,1,7.669414689363896e-06,False,False
N000_C0000034,0,2025-07-19 15:12:35.136167224,2025-07-19 15:12:35.186167224,2025-07-19 15:12:35.161167224,RGM_0262430,1,3.3528355898465654e-05,False,False
N000_C0000035,0,2025-07-19 15:13:04.111167224,2025-07-19 15:13:04.161167224,2025-07-19 15:13:04.136167224,RGM_0262543,1,1.9305756864612144e-05,False,False
N022_C0001060,22,2025-07-19 15:13:17.311167224,2025-07-19 15:13:17.361167224,2025-07-19 15:13:17.336167224,RGM_0262596,1,1.356887887769411e-05,False,False
N000_C0000036,0,2025-07-19 15:14:39.786167224,2025-07-19 15:14:40.111167224,2025-07-19 15:14:40.086167224,RGM_0262944,1,5.410596764950714e-05,False,False
N011_C0000228,11,2025-07-19 15:15:27.786167224,2025-07-19 15:15:29.836167224,2025-07-19 15:15:29.311167224,RGM_0263126,1,0.0001399809222858,False,False
N011_C0000229,11,2025-07-19 15:17:18.211167224,2025-07-19 15:17:20.311167224,2025-07-19 15:17:19.761167224,RGM_0263509,1,0.0001210695333743,False,False
N011_C0000230,11,2025-07-19 15:19:33.186167224,2025-07-19 15:19:36.186167224,2025-07-19 15:19:34.661167224,RGM_0263902,1,0.0005406054644318,False,False
N022_C0001061,22,2025-07-19 15:20:19.110512807,2025-07-19 15:20:19.360512807,2025-07-19 15:20:19.135512807,RGM_0264041,1,3.616207145717945e-05,False,False
N000_C0000037,0,2025-07-19 15:20:25.985512807,2025-07-19 15:20:26.035512807,2025-07-19 15:20:26.010512807,RGM_0264062,1,2.154515740051496e-05,False,False
N000_C0000038,0,2025-07-19 15:20:26.810512807,2025-07-19 15:20:28.810512807,2025-07-19 15:20:28.260512807,RGM_0264069,1,0.0005184981479454,False,False
N011_C0000231,11,2025-07-19 15:21:18.460512807,2025-07-19 15:21:21.035512807,2025-07-19 15:21:20.460512807,RGM_0264223,1,0.0001685255148419,False,False
N022_C0001062,22,2025-07-19 15:21:41.610512807,2025-07-19 15:21:41.810512807,2025-07-19 15:21:41.710512807,RGM_0264299,1,3.181518641706728e-05,False,False
N000_C0000039,0,2025-07-19 15:24:23.235512807,2025-07-19 15:24:23.635512807,2025-07-19 15:24:23.260512807,RGM_0264873,1,0.0001043189401289,False,False
N022_C0001063,22,2025-07-19 15:24:59.535512807,2025-07-19 15:24:59.660512807,2025-07-19 15:24:59.610512807,RGM_0265008,4,3.4078996263531167e-05,False,False
N011_C0000232,11,2025-07-19 15:26:23.685512807,2025-07-19 15:26:25.510512807,2025-07-19 15:26:24.885512807,RGM_0265306,1,0.0001444884886094,False,False
N000_C0000040,0,2025-07-19 15:31:28.895724224,2025-07-19 15:31:28.945724224,2025-07-19 15:31:28.920724224,RGM_0266333,1,2.7425855330430197e-05,False,False
N011_C0000233,11,2025-07-19 15:34:06.295724224,2025-07-19 15:34:06.370724224,2025-07-19 15:34:06.320724224,RGM_0266983,1,1.0628968706683217e-05,False,False
N011_C0000234,11,2025-07-19 15:35:11.120724224,2025-07-19 15:35:13.045724224,2025-07-19 15:35:12.945724224,RGM_0267276,1,0.0002016650906502,False,False
N017_C0000901,17,2025-07-19 15:38:11.395724224,2025-07-19 15:38:12.145724224,2025-07-19 15:38:11.420724224,RGM_0268007,1,4.798058047479583e-05,False,False
N019_C0001004,19,2025-07-19 15:41:04.670073060,2025-07-19 15:41:06.495073060,2025-07-19 15:41:05.320073060,RGM_0269027,1,0.0001408726961188,False,False
N023_C0001073,23,2025-07-19 15:41:28.120073060,2025-07-19 15:41:28.170073060,2025-07-19 15:41:28.145073060,RGM_0269198,1,1.3616247160786576e-05,False,False
N023_C0001074,23,2025-07-19 15:41:44.470073060,2025-07-19 15:41:44.520073060,2025-07-19 15:41:44.495073060,RGM_0269323,1,1.35460355657401e-05,False,False
N023_C0001075,23,2025-07-19 15:41:47.220073060,2025-07-19 15:41:47.270073060,2025-07-19 15:41:47.245073060,RGM_0269374,1,3.365877410758557e-05,False,False
N019_C0001005,19,2025-07-19 15:42:51.520073060,2025-07-19 15:42:52.420073060,2025-07-19 15:42:51.945073060,RGM_0269745,1,6.576929100187613e-05,False,False
N011_C0000235,11,2025-07-19 15:43:04.045073060,2025-07-19 15:43:04.095073060,2025-07-19 15:43:04.070073060,RGM_0269836,1,1.776718526327253e-05,False,False
N018_C0000957,18,2025-07-19 15:43:04.070073060,2025-07-19 15:43:04.195073060,2025-07-19 15:43:04.120073060,RGM_0269840,2,2.7535792104087992e-05,False,False
N011_C0000236,11,2025-07-19 15:43:04.120073060,2025-07-19 15:43:04.195073060,2025-07-19 15:43:04.170073060,RGM_0269846,4,1.0114589020682228e-05,False,False
N017_C0000902,17,2025-07-19 15:43:04.145073060,2025-07-19 15:43:04.195073060,2025-07-19 15:43:04.170073060,RGM_0269849,1,1.0114589020682228e-05,False,False
N019_C0001006,19,2025-07-19 15:43:04.145073060,2025-07-19 15:43:04.195073060,2025-07-19 15:43:04.170073060,RGM_0269850,1,7.501792986933045e-06,False,False
N011_C0000237,11,2025-07-19 15:43:06.320073060,2025-07-19 15:43:06.395073060,2025-07-19 15:43:06.370073060,RGM_0269918,3,1.8485112535584756e-05,False,False
N017_C0000903,17,2025-07-19 15:43:06.345073060,2025-07-19 15:43:06.395073060,2025-07-19 15:43:06.370073060,RGM_0269914,1,1.8485112535584756e-05,False,False
N018_C0000958,18,2025-07-19 15:43:06.345073060,2025-07-19 15:43:06.395073060,2025-07-19 15:43:06.370073060,RGM_0269916,1,1.8485112535584756e-05,False,False
N058_C0001305,58,2025-07-19 15:43:28.495073060,2025-07-19 15:43:28.695073060,2025-07-19 15:43:28.620073060,RGM_0270059,1,2.782000140615953e-05,False,False
N018_C0000959,18,2025-07-19 15:44:01.020073060,2025-07-19 15:44:01.170073060,2025-07-19 15:44:01.145073060,RGM_0270317,1,1.3960040181343706e-05,False,False
N017_C0000904,17,2025-07-19 15:45:07.420073060,2025-07-19 15:45:07.520073060,2025-07-19 15:45:07.495073060,RGM_0270650,1,1.254533700804726e-05,False,False
N018_C0000960,18,2025-07-19 15:46:33.520073060,2025-07-19 15:46:33.895073060,2025-07-19 15:46:33.870073060,RGM_0271098,1,2.2965438204645172e-05,False,False
N011_C0000238,11,2025-07-19 15:46:33.870073060,2025-07-19 15:46:33.920073060,2025-07-19 15:46:33.895073060,RGM_0271099,1,9.120668787231884e-06,False,False
N006_C0000063,6,2025-07-19 15:46:41.320073060,2025-07-19 15:46:41.370073060,2025-07-19 15:46:41.345073060,RGM_0271135,1,2.4285601451965328e-05,False,False
N011_C0000239,11,2025-07-19 15:51:34.244420130,2025-07-19 15:51:34.819420130,2025-07-19 15:51:34.794420130,RGM_0272790,1,3.141032749524645e-05,False,False
N022_C0001064,22,2025-07-19 15:51:55.244420130,2025-07-19 15:51:55.719420130,2025-07-19 15:51:55.319420130,RGM_0272901,1,7.037647367337811e-05,False,False
N058_C0001306,58,2025-07-19 15:51:58.244420130,2025-07-19 15:51:58.319420130,2025-07-19 15:51:58.294420130,RGM_0272916,1,1.2267401813076933e-05,False,False
N019_C0001007,19,2025-07-19 15:53:00.844420130,2025-07-19 15:53:00.969420130,2025-07-19 15:53:00.869420130,RGM_0273207,1,1.895981266556877e-05,False,False
N019_C0001008,19,2025-07-19 15:53:16.319420130,2025-07-19 15:53:16.444420130,2025-07-19 15:53:16.369420130,RGM_0273281,1,1.34227159439151e-05,False,False
N018_C0000961,18,2025-07-19 15:53:17.594420130,2025-07-19 15:53:19.594420130,2025-07-19 15:53:19.094420130,RGM_0273300,1,0.0003526480425345,False,False
N019_C0001009,19,2025-07-19 15:53:32.219420130,2025-07-19 15:53:32.444420130,2025-07-19 15:53:32.344420130,RGM_0273383,1,3.994379314467061e-05,False,False
N018_C0000962,18,2025-07-19 15:53:37.169420130,2025-07-19 15:53:37.319420130,2025-07-19 15:53:37.294420130,RGM_0273407,1,2.0906541404171023e-05,False,False
N022_C0001065,22,2025-07-19 15:54:03.844420130,2025-07-19 15:54:04.194420130,2025-07-19 15:54:03.944420130,RGM_0273583,1,5.882695455328898e-05,False,False
N020_C0001033,20,2025-07-19 15:54:36.169420130,2025-07-19 15:54:36.244420130,2025-07-19 15:54:36.194420130,RGM_0273755,1,5.871593454006807e-06,False,False
N017_C0000905,17,2025-07-19 15:55:04.119420130,2025-07-19 15:55:04.794420130,2025-07-19 15:55:04.219420130,RGM_0273898,1,4.2885583938895725e-05,False,False
N004_C0000060,4,2025-07-19 15:57:03.944420130,2025-07-19 15:57:03.994420130,2025-07-19 15:57:03.969420130,RGM_0274560,1,2.8873689840576623e-05,False,False
N058_C0001307,58,2025-07-19 15:57:39.594420130,2025-07-19 15:57:39.894420130,2025-07-19 15:57:39.844420130,RGM_0274763,1,2.465461921255619e-05,False,False
N011_C0000240,11,2025-07-19 15:58:40.944420130,2025-07-19 15:58:40.994420130,2025-07-19 15:58:40.969420130,RGM_0275009,1,1.1926998782508063e-05,False,False
N017_C0000906,17,2025-07-19 16:05:20.618757030,2025-07-19 16:05:20.668757030,2025-07-19 16:05:20.643757030,RGM_0276437,1,1.3437289315530138e-05,False,False
N019_C0001010,19,2025-07-19 16:05:20.618757030,2025-07-19 16:05:20.718757030,2025-07-19 16:05:20.643757030,RGM_0276436,1,1.4953945011608042e-05,False,False
N000_C0000041,0,2025-07-19 16:05:23.343757030,2025-07-19 16:05:23.443757030,2025-07-19 16:05:23.418757030,RGM_0276450,1,4.125574912898785e-05,False,False
N000_C0000042,0,2025-07-19 16:05:36.693757030,2025-07-19 16:05:36.793757030,2025-07-19 16:05:36.718757030,RGM_0276490,1,4.2804826090496666e-05,False,False
N000_C0000043,0,2025-07-19 16:09:55.368757030,2025-07-19 16:09:55.418757030,2025-07-19 16:09:55.393757030,RGM_0277369,1,2.9375735932076475e-05,False,False
N000_C0000044,0,2025-07-19 16:09:56.593757030,2025-07-19 16:09:58.593757030,2025-07-19 16:09:58.268757030,RGM_0277382,1,0.0010133255169732,False,False
N058_C0001308,58,2025-07-19 16:10:02.993092312,2025-07-19 16:10:03.743092312,2025-07-19 16:10:03.593092312,RGM_0277400,1,4.794462570916891e-05,False,False
N058_C0001309,58,2025-07-19 16:12:30.618092312,2025-07-19 16:12:30.668092312,2025-07-19 16:12:30.643092312,RGM_0277725,1,7.219427118509783e-06,False,False
N011_C0000241,11,2025-07-19 16:17:06.468092312,2025-07-19 16:17:06.518092312,2025-07-19 16:17:06.493092312,RGM_0278569,1,7.858511485522656e-06,False,False
N020_C0001034,20,2025-07-19 16:20:22.292422715,2025-07-19 16:20:23.092422715,2025-07-19 16:20:23.017422715,RGM_0279203,1,3.842588470702631e-05,False,False
N000_C0000045,0,2025-07-19 16:23:04.817422715,2025-07-19 16:23:04.892422715,2025-07-19 16:23:04.842422715,RGM_0280396,1,3.307628040341016e-05,False,False
N011_C0000242,11,2025-07-19 16:24:46.492422715,2025-07-19 16:24:46.542422715,2025-07-19 16:24:46.517422715,RGM_0280849,1,9.199919466459331e-06,False,False
N011_C0000243,11,2025-07-19 16:25:06.117422715,2025-07-19 16:25:06.167422715,2025-07-19 16:25:06.142422715,RGM_0280950,1,9.428065169403093e-06,False,False
N011_C0000244,11,2025-07-19 16:26:23.942422715,2025-07-19 16:26:23.992422715,2025-07-19 16:26:23.967422715,RGM_0281299,1,9.769618354179872e-06,False,False
N011_C0000245,11,2025-07-19 16:26:55.792422715,2025-07-19 16:26:55.842422715,2025-07-19 16:26:55.817422715,RGM_0281440,1,9.74270936392433e-06,False,False
N011_C0000246,11,2025-07-19 16:27:17.292422715,2025-07-19 16:27:17.342422715,2025-07-19 16:27:17.317422715,RGM_0281526,1,1.1428885391580667e-05,False,False
N011_C0000247,11,2025-07-19 16:27:38.292422715,2025-07-19 16:27:38.342422715,2025-07-19 16:27:38.317422715,RGM_0281634,1,1.4195231147035908e-05,False,False
N011_C0000248,11,2025-07-19 16:27:56.067422715,2025-07-19 16:27:56.192422715,2025-07-19 16:27:56.167422715,RGM_0281738,1,2.2558113618566368e-05,False,False
N011_C0000249,11,2025-07-19 16:28:04.967422715,2025-07-19 16:28:05.042422715,2025-07-19 16:28:04.992422715,RGM_0281775,1,1.0817639833624434e-05,False,False
N011_C0000250,11,2025-07-19 16:28:31.117422715,2025-07-19 16:28:31.167422715,2025-07-19 16:28:31.142422715,RGM_0281901,1,1.1008690976579275e-05,False,False
N011_C0000251,11,2025-07-19 16:29:12.642422715,2025-07-19 16:29:12.767422715,2025-07-19 16:29:12.667422715,RGM_0282055,1,2.1472455809924964e-05,False,False
N011_C0000252,11,2025-07-19 16:29:18.542422715,2025-07-19 16:29:18.617422715,2025-07-19 16:29:18.592422715,RGM_0282074,1,1.218679694850308e-05,False,False
N011_C0000253,11,2025-07-19 16:29:29.117422715,2025-07-19 16:29:29.242422715,2025-07-19 16:29:29.192422715,RGM_0282128,1,1.646727873424432e-05,False,False
N011_C0000254,11,2025-07-19 16:29:31.792422715,2025-07-19 16:29:31.842422715,2025-07-19 16:29:31.817422715,RGM_0282135,1,8.976213359434309e-06,False,False
N011_C0000255,11,2025-07-19 16:30:17.541756887,2025-07-19 16:30:17.616756887,2025-07-19 16:30:17.566756887,RGM_0282386,1,9.37883107539996e-06,False,False
N011_C0000256,11,2025-07-19 16:30:26.866756887,2025-07-19 16:30:26.916756887,2025-07-19 16:30:26.891756887,RGM_0282430,1,7.372134263399491e-06,False,False
N011_C0000257,11,2025-07-19 16:31:13.341756887,2025-07-19 16:31:14.141756887,2025-07-19 16:31:14.041756887,RGM_0282622,1,5.295242731133604e-05,False,False
N011_C0000258,11,2025-07-19 16:31:20.166756887,2025-07-19 16:31:20.216756887,2025-07-19 16:31:20.191756887,RGM_0282648,1,7.669406749759419e-06,False,False
N011_C0000259,11,2025-07-19 16:32:51.991756887,2025-07-19 16:32:52.716756887,2025-07-19 16:32:52.016756887,RGM_0283003,1,4.173929954785359e-05,False,False
N011_C0000260,11,2025-07-19 16:33:03.666756887,2025-07-19 16:33:03.791756887,2025-07-19 16:33:03.766756887,RGM_0283040,1,2.097967139523345e-05,False,False
N011_C0000261,11,2025-07-19 16:33:17.416756887,2025-07-19 16:33:18.066756887,2025-07-19 16:33:17.441756887,RGM_0283084,1,3.649742099790168e-05,False,False
N011_C0000262,11,2025-07-19 16:33:30.741756887,2025-07-19 16:33:31.441756887,2025-07-19 16:33:30.841756887,RGM_0283130,1,5.339298912953619e-05,False,False
N011_C0000263,11,2025-07-19 16:33:33.341756887,2025-07-19 16:33:33.391756887,2025-07-19 16:33:33.366756887,RGM_0283139,1,8.61561156683285e-06,False,False
N011_C0000264,11,2025-07-19 16:33:36.041756887,2025-07-19 16:33:36.091756887,2025-07-19 16:33:36.066756887,RGM_0283150,1,6.792866942923451e-06,False,False
N011_C0000265,11,2025-07-19 16:33:53.316756887,2025-07-19 16:33:54.016756887,2025-07-19 16:33:53.441756887,RGM_0283207,1,7.491288391446604e-05,False,False
N011_C0000266,11,2025-07-19 16:33:56.466756887,2025-07-19 16:33:57.166756887,2025-07-19 16:33:56.566756887,RGM_0283218,1,6.855383927132426e-05,False,False
N011_C0000267,11,2025-07-19 16:33:58.991756887,2025-07-19 16:33:59.041756887,2025-07-19 16:33:59.016756887,RGM_0283230,1,1.1042236795546864e-05,False,False
N011_C0000268,11,2025-07-19 16:34:16.516756887,2025-07-19 16:34:17.191756887,2025-07-19 16:34:16.541756887,RGM_0283274,1,5.1536584984302016e-05,False,False
N011_C0000269,11,2025-07-19 16:35:14.666756887,2025-07-19 16:35:14.791756887,2025-07-19 16:35:14.691756887,RGM_0283462,1,2.213684507915999e-05,False,False
N011_C0000270,11,2025-07-19 16:35:20.191756887,2025-07-19 16:35:20.241756887,2025-07-19 16:35:20.216756887,RGM_0283477,1,1.4509207666043185e-05,False,False
N011_C0000271,11,2025-07-19 16:35:22.241756887,2025-07-19 16:35:22.291756887,2025-07-19 16:35:22.266756887,RGM_0283487,1,9.761067752821256e-06,False,False
N011_C0000272,11,2025-07-19 16:35:22.916756887,2025-07-19 16:35:22.966756887,2025-07-19 16:35:22.941756887,RGM_0283489,1,8.798243747003409e-06,False,False
N011_C0000273,11,2025-07-19 16:36:28.816756887,2025-07-19 16:36:28.916756887,2025-07-19 16:36:28.891756887,RGM_0283713,1,4.042172167433147e-05,False,False
N011_C0000274,11,2025-07-19 16:36:31.366756887,2025-07-19 16:36:31.416756887,2025-07-19 16:36:31.391756887,RGM_0283724,1,1.888978094159593e-05,False,False
N011_C0000275,11,2025-07-19 16:36:40.341756887,2025-07-19 16:36:40.391756887,2025-07-19 16:36:40.366756887,RGM_0283753,1,1.0940276581987551e-05,False,False
N011_C0000276,11,2025-07-19 16:36:42.866756887,2025-07-19 16:36:42.966756887,2025-07-19 16:36:42.891756887,RGM_0283763,2,1.416077820258198e-05,False,False
N011_C0000277,11,2025-07-19 16:37:21.766756887,2025-07-19 16:37:21.816756887,2025-07-19 16:37:21.791756887,RGM_0283933,1,2.0603186767541407e-05,False,False
N011_C0000278,11,2025-07-19 16:37:24.291756887,2025-07-19 16:37:24.341756887,2025-07-19 16:37:24.316756887,RGM_0283940,1,1.1225207206110756e-05,False,False
N011_C0000279,11,2025-07-19 16:37:24.916756887,2025-07-19 16:37:25.591756887,2025-07-19 16:37:25.016756887,RGM_0283943,1,5.9897541132380095e-05,False,False
N011_C0000280,11,2025-07-19 16:37:29.341756887,2025-07-19 16:37:29.466756887,2025-07-19 16:37:29.441756887,RGM_0283958,1,3.86800924444178e-05,False,False
N011_C0000281,11,2025-07-19 16:37:40.091756887,2025-07-19 16:37:40.816756887,2025-07-19 16:37:40.741756887,RGM_0284004,1,6.379587112957322e-05,False,False
N060_C0001354,60,2025-07-19 16:37:42.591756887,2025-07-19 16:37:42.641756887,2025-07-19 16:37:42.616756887,RGM_0284015,1,5.630870201273633e-06,False,False
N040_C0001164,40,2025-07-19 16:37:45.666756887,2025-07-19 16:37:45.716756887,2025-07-19 16:37:45.691756887,RGM_0284033,1,7.097013138986976e-05,False,False
N011_C0000282,11,2025-07-19 16:38:01.216756887,2025-07-19 16:38:01.341756887,2025-07-19 16:38:01.266756887,RGM_0284107,1,3.2833211966067496e-05,False,False
N011_C0000283,11,2025-07-19 16:38:19.116756887,2025-07-19 16:38:19.841756887,2025-07-19 16:38:19.141756887,RGM_0284175,2,7.254927806359877e-05,False,False
N011_C0000284,11,2025-07-19 16:38:36.316756887,2025-07-19 16:38:37.591756887,2025-07-19 16:38:36.966756887,RGM_0284242,1,7.373183597598054e-05,False,False
N011_C0000285,11,2025-07-19 16:38:51.691756887,2025-07-19 16:38:51.741756887,2025-07-19 16:38:51.716756887,RGM_0284315,1,2.3745581875931085e-05,False,False
N011_C0000286,11,2025-07-19 16:39:21.066756887,2025-07-19 16:39:21.791756887,2025-07-19 16:39:21.691756887,RGM_0284440,1,4.752632906248154e-05,False,False
N011_C0000287,11,2025-07-19 16:39:37.066756887,2025-07-19 16:39:37.716756887,2025-07-19 16:39:37.091756887,RGM_0284514,1,3.668476537462766e-05,False,False
N011_C0000288,11,2025-07-19 16:39:42.041756887,2025-07-19 16:39:44.841756887,2025-07-19 16:39:43.341756887,RGM_0284544,1,0.0028055263803011,False,False
N011_C0000289,11,2025-07-19 16:39:48.866756887,2025-07-19 16:39:48.916756887,2025-07-19 16:39:48.891756887,RGM_0284569,1,9.982032160792288e-06,False,False
N011_C0000290,11,2025-07-19 16:39:52.641756887,2025-07-19 16:39:52.691756887,2025-07-19 16:39:52.666756887,RGM_0284587,1,1.013613408872516e-05,False,False
N011_C0000291,11,2025-07-19 16:39:58.291756887,2025-07-19 16:39:58.341756887,2025-07-19 16:39:58.316756887,RGM_0284612,1,1.5789184560694612e-05,False,False
N011_C0000292,11,2025-07-19 16:40:06.466098588,2025-07-19 16:40:06.516098588,2025-07-19 16:40:06.491098588,RGM_0284648,1,1.5120373064084723e-05,False,False
N011_C0000293,11,2025-07-19 16:40:08.991098588,2025-07-19 16:40:10.291098588,2025-07-19 16:40:09.066098588,RGM_0284660,1,0.0002204089963758,False,False
N011_C0000294,11,2025-07-19 16:40:41.916098588,2025-07-19 16:40:42.016098588,2025-07-19 16:40:41.941098588,RGM_0284814,1,1.6236407869222204e-05,False,False
N011_C0000295,11,2025-07-19 16:41:01.291098588,2025-07-19 16:41:02.716098588,2025-07-19 16:41:01.466098588,RGM_0284902,2,0.0016252778708509,False,False
N011_C0000296,11,2025-07-19 16:41:03.841098588,2025-07-19 16:41:03.966098588,2025-07-19 16:41:03.941098588,RGM_0284923,1,2.405846206179744e-05,False,False
N011_C0000297,11,2025-07-19 16:41:11.916098588,2025-07-19 16:41:13.191098588,2025-07-19 16:41:12.541098588,RGM_0284962,1,4.536193186845379e-05,False,False
N011_C0000298,11,2025-07-19 16:41:22.416098588,2025-07-19 16:41:23.091098588,2025-07-19 16:41:22.516098588,RGM_0285064,1,4.097759175329068e-05,False,False
N011_C0000299,11,2025-07-19 16:41:35.491098588,2025-07-19 16:41:35.541098588,2025-07-19 16:41:35.516098588,RGM_0285207,1,9.723888092170172e-06,False,False
N011_C0000300,11,2025-07-19 16:41:38.041098588,2025-07-19 16:41:38.116098588,2025-07-19 16:41:38.066098588,RGM_0285246,1,1.510460720147662e-05,False,False
N011_C0000301,11,2025-07-19 16:41:48.741098588,2025-07-19 16:41:48.841098588,2025-07-19 16:41:48.766098588,RGM_0285338,2,1.0881443181000136e-05,False,False
N040_C0001165,40,2025-07-19 16:41:52.966098588,2025-07-19 16:41:53.016098588,2025-07-19 16:41:52.991098588,RGM_0285359,1,5.235829314889261e-05,False,False
N040_C0001166,40,2025-07-19 16:41:59.016098588,2025-07-19 16:41:59.066098588,2025-07-19 16:41:59.041098588,RGM_0285391,1,5.050265442817571e-05,False,False
N011_C0000302,11,2025-07-19 16:42:01.316098588,2025-07-19 16:42:01.991098588,2025-07-19 16:42:01.416098588,RGM_0285402,1,5.070591499869901e-05,False,False
N011_C0000303,11,2025-07-19 16:42:05.141098588,2025-07-19 16:42:05.241098588,2025-07-19 16:42:05.166098588,RGM_0285418,2,1.585459217872113e-05,False,False
N011_C0000304,11,2025-07-19 16:42:16.541098588,2025-07-19 16:42:17.266098588,2025-07-19 16:42:16.566098588,RGM_0285474,1,5.5648497862466016e-05,False,False
N011_C0000305,11,2025-07-19 16:42:38.616098588,2025-07-19 16:42:38.666098588,2025-07-19 16:42:38.641098588,RGM_0285553,1,1.2573052100038434e-05,False,False
N011_C0000306,11,2025-07-19 16:42:41.091098588,2025-07-19 16:42:41.191098588,2025-07-19 16:42:41.116098588,RGM_0285563,2,1.4710401955189856e-05,False,False
N011_C0000307,11,2025-07-19 16:43:02.666098588,2025-07-19 16:43:02.716098588,2025-07-19 16:43:02.691098588,RGM_0285654,1,8.603537571358208e-06,False,False
N011_C0000308,11,2025-07-19 16:43:08.291098588,2025-07-19 16:43:08.941098588,2025-07-19 16:43:08.316098588,RGM_0285678,1,3.229165772848912e-05,False,False
N011_C0000309,11,2025-07-19 16:43:19.391098588,2025-07-19 16:43:19.441098588,2025-07-19 16:43:19.416098588,RGM_0285726,1,1.4048814424080764e-05,False,False
N000_C0000046,0,2025-07-19 16:43:47.966098588,2025-07-19 16:43:48.041098588,2025-07-19 16:43:48.016098588,RGM_0285831,1,3.761892718828664e-05,False,False
N011_C0000310,11,2025-07-19 16:43:49.716098588,2025-07-19 16:43:49.841098588,2025-07-19 16:43:49.816098588,RGM_0285844,1,1.89748013619445e-05,False,False
N011_C0000311,11,2025-07-19 16:44:05.716098588,2025-07-19 16:44:05.766098588,2025-07-19 16:44:05.741098588,RGM_0285911,1,1.0212144897312796e-05,False,False
N011_C0000312,11,2025-07-19 16:44:10.041098588,2025-07-19 16:44:12.541098588,2025-07-19 16:44:11.891098588,RGM_0285932,1,0.0001167897532613,False,False
N011_C0000313,11,2025-07-19 16:44:32.591098588,2025-07-19 16:44:33.191098588,2025-07-19 16:44:33.166098588,RGM_0286014,1,3.39937637560767e-05,False,False
N011_C0000314,11,2025-07-19 16:44:42.566098588,2025-07-19 16:44:42.616098588,2025-07-19 16:44:42.591098588,RGM_0286051,1,1.0742931460066846e-05,False,False
N011_C0000315,11,2025-07-19 16:44:53.341098588,2025-07-19 16:44:54.641098588,2025-07-19 16:44:54.591098588,RGM_0286086,1,8.562422585570386e-05,False,False
N011_C0000316,11,2025-07-19 16:45:22.291098588,2025-07-19 16:45:22.341098588,2025-07-19 16:45:22.316098588,RGM_0286180,1,7.276309613431393e-06,False,False
N011_C0000317,11,2025-07-19 16:49:21.216098588,2025-07-19 16:49:21.966098588,2025-07-19 16:49:21.666098588,RGM_0287130,1,0.0002652937805266,False,False
N022_C0001066,22,2025-07-19 16:50:16.169133566,2025-07-19 16:50:16.269133566,2025-07-19 16:50:16.219133566,RGM_0287391,1,2.2584740479354627e-05,False,False
N058_C0001310,58,2025-07-19 16:50:40.944133566,2025-07-19 16:50:41.044133566,2025-07-19 16:50:40.994133566,RGM_0287499,1,8.792171114239977e-06,False,False
N011_C0000318,11,2025-07-19 16:51:11.919133566,2025-07-19 16:51:12.044133566,2025-07-19 16:51:11.944133566,RGM_0287810,1,1.8851358105982726e-05,False,False
N011_C0000319,11,2025-07-19 16:51:14.519133566,2025-07-19 16:51:14.669133566,2025-07-19 16:51:14.544133566,RGM_0287875,1,2.053920795248083e-05,False,False
N011_C0000320,11,2025-07-19 16:51:57.994133566,2025-07-19 16:51:58.119133566,2025-07-19 16:51:58.019133566,RGM_0288691,1,1.996727250809752e-05,False,False
N011_C0000321,11,2025-07-19 16:52:35.769133566,2025-07-19 16:52:36.044133566,2025-07-19 16:52:35.994133566,RGM_0289014,2,4.256263450940264e-05,False,False
N011_C0000322,11,2025-07-19 16:53:17.669133566,2025-07-19 16:53:18.319133566,2025-07-19 16:53:18.294133566,RGM_0289334,1,5.496292557669516e-05,False,False
N011_C0000323,11,2025-07-19 16:53:55.594133566,2025-07-19 16:53:55.719133566,2025-07-19 16:53:55.644133566,RGM_0289569,1,2.738436290400601e-05,False,False
N011_C0000324,11,2025-07-19 16:55:50.069133566,2025-07-19 16:55:50.569133566,2025-07-19 16:55:50.294133566,RGM_0290181,4,9.055709455376114e-05,False,False
N011_C0000325,11,2025-07-19 16:56:11.619133566,2025-07-19 16:56:11.719133566,2025-07-19 16:56:11.644133566,RGM_0290317,1,2.2880561651958843e-05,False,False
N011_C0000326,11,2025-07-19 16:56:14.044133566,2025-07-19 16:56:14.244133566,2025-07-19 16:56:14.119133566,RGM_0290367,1,3.788561332623204e-05,False,False
N011_C0000327,11,2025-07-19 16:56:40.469133566,2025-07-19 16:56:40.669133566,2025-07-19 16:56:40.619133566,RGM_0290600,1,4.072925782384793e-05,False,False
N011_C0000328,11,2025-07-19 16:56:48.694133566,2025-07-19 16:56:49.194133566,2025-07-19 16:56:48.894133566,RGM_0290710,3,6.242899590693085e-05,False,False
N011_C0000329,11,2025-07-19 16:56:51.294133566,2025-07-19 16:56:51.369133566,2025-07-19 16:56:51.319133566,RGM_0290750,1,2.455035712618705e-05,False,False
N011_C0000330,11,2025-07-19 16:57:16.694133566,2025-07-19 16:57:16.744133566,2025-07-19 16:57:16.719133566,RGM_0291131,1,1.921273474214536e-05,False,False
N011_C0000331,11,2025-07-19 16:57:29.844133566,2025-07-19 16:57:30.694133566,2025-07-19 16:57:30.394133566,RGM_0291392,4,0.0002558382526148,False,False
N011_C0000332,11,2025-07-19 16:57:32.444133566,2025-07-19 16:57:32.894133566,2025-07-19 16:57:32.644133566,RGM_0291467,2,0.0001531014815168,False,False
N011_C0000333,11,2025-07-19 16:57:33.969133566,2025-07-19 16:57:34.019133566,2025-07-19 16:57:33.994133566,RGM_0291509,1,7.359646883107841e-06,False,False
N011_C0000334,11,2025-07-19 16:58:18.044133566,2025-07-19 16:58:18.094133566,2025-07-19 16:58:18.069133566,RGM_0292336,1,1.336612611291322e-05,False,False
N011_C0000335,11,2025-07-19 16:58:52.644133566,2025-07-19 16:58:52.744133566,2025-07-19 16:58:52.694133566,RGM_0292951,1,1.8882468321919903e-05,False,False
N011_C0000336,11,2025-07-19 16:58:59.694133566,2025-07-19 16:58:59.894133566,2025-07-19 16:58:59.794133566,RGM_0293115,4,3.4115566731217566e-05,False,False
N011_C0000337,11,2025-07-19 17:03:07.544001433,2025-07-19 17:03:07.594001433,2025-07-19 17:03:07.569001433,RGM_0294946,1,8.39678658317969e-06,False,False
N011_C0000338,11,2025-07-19 17:03:18.594001433,2025-07-19 17:03:18.769001433,2025-07-19 17:03:18.694001433,RGM_0294996,1,8.70384154173168e-05,False,False
N011_C0000339,11,2025-07-19 17:03:21.044001433,2025-07-19 17:03:21.269001433,2025-07-19 17:03:21.144001433,RGM_0295042,2,5.200935255638095e-05,False,False
N018_C0000963,18,2025-07-19 17:03:21.119001433,2025-07-19 17:03:21.169001433,2025-07-19 17:03:21.144001433,RGM_0295040,1,1.1288675698588949e-05,False,False
N011_C0000340,11,2025-07-19 17:03:42.994001433,2025-07-19 17:03:43.394001433,2025-07-19 17:03:43.319001433,RGM_0295174,1,4.557657365046375e-05,False,False
N011_C0000341,11,2025-07-19 17:03:43.794001433,2025-07-19 17:03:43.994001433,2025-07-19 17:03:43.894001433,RGM_0295186,1,6.819025972005537e-05,False,False
N018_C0000964,18,2025-07-19 17:03:43.844001433,2025-07-19 17:03:43.944001433,2025-07-19 17:03:43.894001433,RGM_0295187,1,5.039970475705512e-05,False,False
N011_C0000342,11,2025-07-19 17:03:46.319001433,2025-07-19 17:03:46.469001433,2025-07-19 17:03:46.394001433,RGM_0295258,1,6.085311739367688e-05,False,False
N011_C0000343,11,2025-07-19 17:03:46.894001433,2025-07-19 17:03:46.944001433,2025-07-19 17:03:46.919001433,RGM_0295260,1,1.260518842533423e-05,False,False
N011_C0000344,11,2025-07-19 17:03:51.744001433,2025-07-19 17:03:51.794001433,2025-07-19 17:03:51.769001433,RGM_0295372,1,1.1614821460181857e-05,False,False
N011_C0000345,11,2025-07-19 17:03:51.894001433,2025-07-19 17:03:52.019001433,2025-07-19 17:03:51.994001433,RGM_0295373,1,5.813424040556877e-05,False,False
N011_C0000346,11,2025-07-19 17:03:54.069001433,2025-07-19 17:03:54.569001433,2025-07-19 17:03:54.394001433,RGM_0295419,5,0.000180284282222,False,False
N011_C0000347,11,2025-07-19 17:03:55.519001433,2025-07-19 17:03:55.894001433,2025-07-19 17:03:55.694001433,RGM_0295438,3,5.406522486543392e-05,False,False
N011_C0000348,11,2025-07-19 17:03:59.744001433,2025-07-19 17:03:59.969001433,2025-07-19 17:03:59.944001433,RGM_0295498,1,3.60556157083571e-05,False,False
N011_C0000349,11,2025-07-19 17:03:59.994001433,2025-07-19 17:04:00.344001433,2025-07-19 17:04:00.194001433,RGM_0295500,1,4.94720150948361e-05,False,False
N019_C0001011,19,2025-07-19 17:04:02.419001433,2025-07-19 17:04:02.469001433,2025-07-19 17:04:02.444001433,RGM_0295552,1,3.95776236263252e-06,False,False
N011_C0000350,11,2025-07-19 17:04:02.194001433,2025-07-19 17:04:02.694001433,2025-07-19 17:04:02.519001433,RGM_0295554,4,4.168688625502332e-05,False,False
N011_C0000351,11,2025-07-19 17:04:04.869001433,2025-07-19 17:04:04.919001433,2025-07-19 17:04:04.894001433,RGM_0295586,1,1.3414069814783333e-05,False,False
N011_C0000352,11,2025-07-19 17:04:08.994001433,2025-07-19 17:04:09.619001433,2025-07-19 17:04:09.194001433,RGM_0295648,1,8.563991849437214e-05,False,False
N011_C0000353,11,2025-07-19 17:04:09.794001433,2025-07-19 17:04:09.994001433,2025-07-19 17:04:09.969001433,RGM_0295654,1,3.5517359819002e-05,False,False
N011_C0000354,11,2025-07-19 17:04:11.469001433,2025-07-19 17:04:11.694001433,2025-07-19 17:04:11.669001433,RGM_0295708,1,2.869989148228585e-05,False,False
N017_C0000907,17,2025-07-19 17:04:10.694001433,2025-07-19 17:04:12.694001433,2025-07-19 17:04:11.694001433,RGM_0295709,1,0.0007366393586029,False,False
N011_C0000355,11,2025-07-19 17:04:13.469001433,2025-07-19 17:04:13.619001433,2025-07-19 17:04:13.494001433,RGM_0295751,1,4.3225693394470666e-05,False,False
N011_C0000356,11,2025-07-19 17:04:13.744001433,2025-07-19 17:04:13.819001433,2025-07-19 17:04:13.769001433,RGM_0295753,1,1.3067974381996992e-05,False,False
N011_C0000357,11,2025-07-19 17:04:14.094001433,2025-07-19 17:04:14.144001433,2025-07-19 17:04:14.119001433,RGM_0295759,1,1.2664964932660822e-05,False,False
N011_C0000358,11,2025-07-19 17:04:14.194001433,2025-07-19 17:04:14.244001433,2025-07-19 17:04:14.219001433,RGM_0295762,1,2.938383427333029e-05,False,False
N011_C0000359,11,2025-07-19 17:04:17.819001433,2025-07-19 17:04:18.144001433,2025-07-19 17:04:18.044001433,RGM_0295818,3,3.811250465757543e-05,False,False
N011_C0000360,11,2025-07-19 17:04:20.344001433,2025-07-19 17:04:20.644001433,2025-07-19 17:04:20.519001433,RGM_0295859,4,4.504501893721367e-05,False,False
N011_C0000361,11,2025-07-19 17:04:20.744001433,2025-07-19 17:04:20.894001433,2025-07-19 17:04:20.769001433,RGM_0295864,1,2.7029932307974493e-05,False,False
N011_C0000362,11,2025-07-19 17:04:26.819001433,2025-07-19 17:04:27.044001433,2025-07-19 17:04:26.919001433,RGM_0295959,1,6.148021670464696e-05,False,False
N011_C0000363,11,2025-07-19 17:04:29.244001433,2025-07-19 17:04:29.469001433,2025-07-19 17:04:29.319001433,RGM_0296015,4,4.914653379579304e-05,False,False
N018_C0000965,18,2025-07-19 17:04:29.294001433,2025-07-19 17:04:29.344001433,2025-07-19 17:04:29.319001433,RGM_0296012,1,6.218089856433238e-06,False,False
N011_C0000364,11,2025-07-19 17:04:29.519001433,2025-07-19 17:04:29.719001433,2025-07-19 17:04:29.544001433,RGM_0296021,1,3.3297447481429986e-05,False,False
N011_C0000365,11,2025-07-19 17:04:32.269001433,2025-07-19 17:04:32.369001433,2025-07-19 17:04:32.319001433,RGM_0296068,1,1.8508540731148408e-05,False,False
N011_C0000366,11,2025-07-19 17:04:32.394001433,2025-07-19 17:04:32.669001433,2025-07-19 17:04:32.419001433,RGM_0296070,2,4.762080608123893e-05,False,False
N011_C0000367,11,2025-07-19 17:04:32.994001433,2025-07-19 17:04:33.069001433,2025-07-19 17:04:33.044001433,RGM_0296080,1,1.4934141009931604e-05,False,False
N011_C0000368,11,2025-07-19 17:04:36.094001433,2025-07-19 17:04:36.144001433,2025-07-19 17:04:36.119001433,RGM_0296174,1,1.585268912831598e-05,False,False
N018_C0000966,18,2025-07-19 17:04:36.094001433,2025-07-19 17:04:36.144001433,2025-07-19 17:04:36.119001433,RGM_0296168,1,6.205457246193169e-06,False,False
N011_C0000369,11,2025-07-19 17:04:37.794001433,2025-07-19 17:04:37.844001433,2025-07-19 17:04:37.819001433,RGM_0296196,1,8.513170045764773e-06,False,False
N011_C0000370,11,2025-07-19 17:04:37.944001433,2025-07-19 17:04:37.994001433,2025-07-19 17:04:37.969001433,RGM_0296198,1,1.100494668054731e-05,False,False
N011_C0000371,11,2025-07-19 17:04:40.494001433,2025-07-19 17:04:40.594001433,2025-07-19 17:04:40.544001433,RGM_0296261,3,2.058546874115513e-05,False,False
N011_C0000372,11,2025-07-19 17:04:40.944001433,2025-07-19 17:04:41.219001433,2025-07-19 17:04:41.119001433,RGM_0296267,3,4.859530920764588e-05,False,False
N011_C0000373,11,2025-07-19 17:04:43.494001433,2025-07-19 17:04:43.544001433,2025-07-19 17:04:43.519001433,RGM_0296310,1,1.407225776906219e-05,False,False
N011_C0000374,11,2025-07-19 17:04:43.569001433,2025-07-19 17:04:43.694001433,2025-07-19 17:04:43.669001433,RGM_0296320,5,3.320202029418243e-05,False,False
N018_C0000967,18,2025-07-19 17:04:43.644001433,2025-07-19 17:04:43.719001433,2025-07-19 17:04:43.694001433,RGM_0296322,1,9.53449454232879e-06,False,False
N018_C0000968,18,2025-07-19 17:04:46.169001433,2025-07-19 17:04:46.219001433,2025-07-19 17:04:46.194001433,RGM_0296395,1,7.976623664646302e-06,False,False
N011_C0000375,11,2025-07-19 17:04:46.094001433,2025-07-19 17:04:46.319001433,2025-07-19 17:04:46.294001433,RGM_0296402,6,4.146066252406676e-05,False,False
N011_C0000376,11,2025-07-19 17:05:00.869001433,2025-07-19 17:05:01.119001433,2025-07-19 17:05:00.894001433,RGM_0296724,2,2.818681481809043e-05,False,False
N011_C0000377,11,2025-07-19 17:05:07.019001433,2025-07-19 17:05:07.219001433,2025-07-19 17:05:07.194001433,RGM_0296841,1,3.175720147749916e-05,False,False
N011_C0000378,11,2025-07-19 17:05:07.244001433,2025-07-19 17:05:07.494001433,2025-07-19 17:05:07.419001433,RGM_0296847,3,4.693990083752881e-05,False,False
N011_C0000379,11,2025-07-19 17:05:07.519001433,2025-07-19 17:05:07.569001433,2025-07-19 17:05:07.544001433,RGM_0296848,1,9.093230769235048e-06,False,False
N011_C0000380,11,2025-07-19 17:05:09.719001433,2025-07-19 17:05:09.894001433,2025-07-19 17:05:09.844001433,RGM_0296893,2,3.913054343490091e-05,False,False
N011_C0000381,11,2025-07-19 17:05:09.944001433,2025-07-19 17:05:09.994001433,2025-07-19 17:05:09.969001433,RGM_0296897,1,1.8361312597316195e-05,False,False
N011_C0000382,11,2025-07-19 17:05:15.469001433,2025-07-19 17:05:15.794001433,2025-07-19 17:05:15.619001433,RGM_0297000,1,5.5275792483280254e-05,False,False
N011_C0000383,11,2025-07-19 17:05:32.919001433,2025-07-19 17:05:33.294001433,2025-07-19 17:05:32.944001433,RGM_0297258,1,4.191786055419512e-05,False,False
N011_C0000384,11,2025-07-19 17:05:35.219001433,2025-07-19 17:05:35.494001433,2025-07-19 17:05:35.419001433,RGM_0297299,1,5.38067079005908e-05,False,False
N011_C0000385,11,2025-07-19 17:05:35.544001433,2025-07-19 17:05:35.844001433,2025-07-19 17:05:35.594001433,RGM_0297302,1,3.66947738126778e-05,False,False
N011_C0000386,11,2025-07-19 17:05:48.244001433,2025-07-19 17:05:48.444001433,2025-07-19 17:05:48.344001433,RGM_0297528,4,0.0001235687958373,False,False
N018_C0000969,18,2025-07-19 17:05:50.694001433,2025-07-19 17:05:50.744001433,2025-07-19 17:05:50.719001433,RGM_0297586,1,6.1301680160460144e-06,False,False
N011_C0000387,11,2025-07-19 17:05:50.644001433,2025-07-19 17:05:50.844001433,2025-07-19 17:05:50.769001433,RGM_0297590,2,6.192362918576495e-05,False,False
N011_C0000388,11,2025-07-19 17:05:51.019001433,2025-07-19 17:05:51.069001433,2025-07-19 17:05:51.044001433,RGM_0297594,1,9.125344148016198e-06,False,False
N011_C0000389,11,2025-07-19 17:05:57.269001433,2025-07-19 17:05:57.544001433,2025-07-19 17:05:57.319001433,RGM_0297709,2,4.074177497644306e-05,False,False
N011_C0000390,11,2025-07-19 17:05:59.669001433,2025-07-19 17:05:59.769001433,2025-07-19 17:05:59.719001433,RGM_0297768,2,2.199563602420892e-05,False,False
N011_C0000391,11,2025-07-19 17:06:02.119001433,2025-07-19 17:06:02.319001433,2025-07-19 17:06:02.144001433,RGM_0297803,1,3.1528215553296695e-05,False,False
N011_C0000392,11,2025-07-19 17:06:09.844001433,2025-07-19 17:06:09.894001433,2025-07-19 17:06:09.869001433,RGM_0297918,1,8.815070924347048e-06,False,False
N011_C0000393,11,2025-07-19 17:06:09.944001433,2025-07-19 17:06:10.094001433,2025-07-19 17:06:09.969001433,RGM_0297920,3,2.8686321748713555e-05,False,False
N011_C0000394,11,2025-07-19 17:06:12.369001433,2025-07-19 17:06:12.494001433,2025-07-19 17:06:12.444001433,RGM_0297966,2,5.3690994619392905e-05,False,False
N060_C0001355,60,2025-07-19 17:06:18.994001433,2025-07-19 17:06:19.044001433,2025-07-19 17:06:19.019001433,RGM_0298082,1,6.087899082695036e-06,False,False
N011_C0000395,11,2025-07-19 17:06:25.744001433,2025-07-19 17:06:25.944001433,2025-07-19 17:06:25.894001433,RGM_0298171,2,3.889224401039495e-05,False,False
N011_C0000396,11,2025-07-19 17:06:27.694001433,2025-07-19 17:06:28.694001433,2025-07-19 17:06:28.244001433,RGM_0298236,9,0.0001980788871897,False,False
N018_C0000970,18,2025-07-19 17:06:28.319001433,2025-07-19 17:06:28.369001433,2025-07-19 17:06:28.344001433,RGM_0298245,1,1.1583670474685614e-05,False,False
N011_C0000397,11,2025-07-19 17:06:44.144001433,2025-07-19 17:06:44.319001433,2025-07-19 17:06:44.169001433,RGM_0298551,1,2.489001135162994e-05,False,False
N011_C0000398,11,2025-07-19 17:06:46.594001433,2025-07-19 17:06:46.744001433,2025-07-19 17:06:46.644001433,RGM_0298614,1,1.741595085459585e-05,False,False
N011_C0000399,11,2025-07-19 17:06:46.944001433,2025-07-19 17:06:47.044001433,2025-07-19 17:06:46.969001433,RGM_0298617,1,1.8012677934480176e-05,False,False
N011_C0000400,11,2025-07-19 17:06:56.319001433,2025-07-19 17:06:56.819001433,2025-07-19 17:06:56.519001433,RGM_0298738,1,3.566435990544616e-05,False,False
N011_C0000401,11,2025-07-19 17:06:58.969001433,2025-07-19 17:06:59.069001433,2025-07-19 17:06:59.044001433,RGM_0298797,2,6.93419537278533e-05,False,False
N011_C0000402,11,2025-07-19 17:06:59.569001433,2025-07-19 17:06:59.694001433,2025-07-19 17:06:59.644001433,RGM_0298804,2,3.968478846732842e-05,False,False
N011_C0000403,11,2025-07-19 17:07:00.219001433,2025-07-19 17:07:00.319001433,2025-07-19 17:07:00.294001433,RGM_0298814,2,1.5386497429752595e-05,False,False
N018_C0000971,18,2025-07-19 17:07:02.044001433,2025-07-19 17:07:02.094001433,2025-07-19 17:07:02.069001433,RGM_0298892,1,5.7503858565029855e-06,False,False
N011_C0000404,11,2025-07-19 17:07:02.644001433,2025-07-19 17:07:02.844001433,2025-07-19 17:07:02.669001433,RGM_0298895,1,2.7158172667575164e-05,False,False
N011_C0000405,11,2025-07-19 17:07:04.494001433,2025-07-19 17:07:04.619001433,2025-07-19 17:07:04.594001433,RGM_0298922,3,5.8182861997663935e-05,False,False
N011_C0000406,11,2025-07-19 17:07:06.994001433,2025-07-19 17:07:07.094001433,2025-07-19 17:07:07.044001433,RGM_0298984,1,3.079397266816661e-05,False,False
N017_C0000908,17,2025-07-19 17:07:23.094001433,2025-07-19 17:07:23.144001433,2025-07-19 17:07:23.119001433,RGM_0299185,1,8.688061115700415e-06,False,False
N011_C0000407,11,2025-07-19 17:07:23.069001433,2025-07-19 17:07:23.394001433,2025-07-19 17:07:23.169001433,RGM_0299186,3,3.315924288266502e-05,False,False
N011_C0000408,11,2025-07-19 17:07:23.544001433,2025-07-19 17:07:23.644001433,2025-07-19 17:07:23.594001433,RGM_0299193,1,1.8832390495562517e-05,False,False
N011_C0000409,11,2025-07-19 17:07:23.694001433,2025-07-19 17:07:23.744001433,2025-07-19 17:07:23.719001433,RGM_0299195,2,3.0694519401597146e-05,False,False
N011_C0000410,11,2025-07-19 17:07:27.344001433,2025-07-19 17:07:27.519001433,2025-07-19 17:07:27.369001433,RGM_0299288,3,1.740249247854673e-05,False,False
N011_C0000411,11,2025-07-19 17:07:28.494001433,2025-07-19 17:07:28.694001433,2025-07-19 17:07:28.644001433,RGM_0299302,2,2.8637084776606183e-05,False,False
N011_C0000412,11,2025-07-19 17:07:30.994001433,2025-07-19 17:07:31.094001433,2025-07-19 17:07:31.044001433,RGM_0299345,1,1.4448460629914043e-05,False,False
N011_C0000413,11,2025-07-19 17:09:12.619001433,2025-07-19 17:09:12.744001433,2025-07-19 17:09:12.669001433,RGM_0299843,1,2.0576515111600036e-05,False,False
N011_C0000414,11,2025-07-19 17:09:14.469001433,2025-07-19 17:09:14.594001433,2025-07-19 17:09:14.569001433,RGM_0299873,1,2.7540731172721165e-05,False,False
N011_C0000415,11,2025-07-19 17:09:15.069001433,2025-07-19 17:09:15.119001433,2025-07-19 17:09:15.094001433,RGM_0299877,1,1.1683258217775864e-05,False,False
N011_C0000416,11,2025-07-19 17:09:29.869001433,2025-07-19 17:09:29.919001433,2025-07-19 17:09:29.894001433,RGM_0299935,1,1.0343388860084794e-05,False,False
N011_C0000417,11,2025-07-19 17:09:40.769001433,2025-07-19 17:09:40.844001433,2025-07-19 17:09:40.794001433,RGM_0299964,1,1.012257540396812e-05,False,False
N011_C0000418,11,2025-07-19 17:11:05.593983049,2025-07-19 17:11:05.643983049,2025-07-19 17:11:05.618983049,RGM_0300231,1,1.3443195293977636e-05,False,False
N011_C0000419,11,2025-07-19 17:11:44.893983049,2025-07-19 17:11:45.568983049,2025-07-19 17:11:44.993983049,RGM_0300375,1,7.135304322788954e-05,False,False
N011_C0000420,11,2025-07-19 17:11:46.718983049,2025-07-19 17:11:46.768983049,2025-07-19 17:11:46.743983049,RGM_0300396,2,1.7216638328546883e-05,False,False
N011_C0000421,11,2025-07-19 17:11:46.818983049,2025-07-19 17:11:46.868983049,2025-07-19 17:11:46.843983049,RGM_0300398,2,1.1803692713106843e-05,False,False
N011_C0000422,11,2025-07-19 17:11:49.218983049,2025-07-19 17:11:49.368983049,2025-07-19 17:11:49.318983049,RGM_0300442,4,2.472809093367009e-05,False,False
N011_C0000423,11,2025-07-19 17:12:04.618983049,2025-07-19 17:12:04.668983049,2025-07-19 17:12:04.643983049,RGM_0300735,2,1.502363772051638e-05,False,False
N011_C0000424,11,2025-07-19 17:12:08.318983049,2025-07-19 17:12:08.443983049,2025-07-19 17:12:08.418983049,RGM_0300805,4,2.4170773823190357e-05,False,False
N011_C0000425,11,2025-07-19 17:12:08.918983049,2025-07-19 17:12:09.143983049,2025-07-19 17:12:08.943983049,RGM_0300813,4,2.0999803950812915e-05,False,False
N011_C0000426,11,2025-07-19 17:12:12.668983049,2025-07-19 17:12:12.793983049,2025-07-19 17:12:12.693983049,RGM_0300912,5,3.0008135657742392e-05,False,False
N011_C0000427,11,2025-07-19 17:12:14.493983049,2025-07-19 17:12:14.693983049,2025-07-19 17:12:14.543983049,RGM_0300990,3,1.4137288093085404e-05,False,False
N011_C0000428,11,2025-07-19 17:12:15.093983049,2025-07-19 17:12:15.268983049,2025-07-19 17:12:15.143983049,RGM_0300996,2,4.151991728142904e-05,False,False
N011_C0000429,11,2025-07-19 17:12:15.343983049,2025-07-19 17:12:15.393983049,2025-07-19 17:12:15.368983049,RGM_0301000,1,1.1650390157059552e-05,False,False
N011_C0000430,11,2025-07-19 17:12:21.943983049,2025-07-19 17:12:22.443983049,2025-07-19 17:12:22.193983049,RGM_0301200,5,0.0001131318566471,False,False
N011_C0000431,11,2025-07-19 17:12:24.368983049,2025-07-19 17:12:24.543983049,2025-07-19 17:12:24.468983049,RGM_0301291,2,2.714071518889633e-05,False,False
N011_C0000432,11,2025-07-19 17:12:26.218983049,2025-07-19 17:12:26.468983049,2025-07-19 17:12:26.368983049,RGM_0301374,3,3.371258030291613e-05,False,False
N011_C0000433,11,2025-07-19 17:12:33.443983049,2025-07-19 17:12:33.493983049,2025-07-19 17:12:33.468983049,RGM_0301620,1,4.712858901117419e-06,False,False
N011_C0000434,11,2025-07-19 17:12:35.618983049,2025-07-19 17:12:35.668983049,2025-07-19 17:12:35.643983049,RGM_0301674,1,1.034427241648333e-05,False,False
N011_C0000435,11,2025-07-19 17:12:35.718983049,2025-07-19 17:12:35.968983049,2025-07-19 17:12:35.743983049,RGM_0301677,8,2.4843924362330385e-05,False,False
N011_C0000436,11,2025-07-19 17:12:39.318983049,2025-07-19 17:12:39.368983049,2025-07-19 17:12:39.343983049,RGM_0301778,1,4.525167034492911e-06,False,False
N011_C0000437,11,2025-07-19 17:12:39.418983049,2025-07-19 17:12:39.568983049,2025-07-19 17:12:39.468983049,RGM_0301782,4,1.4809504569342718e-05,False,False
N011_C0000438,11,2025-07-19 17:12:41.793983049,2025-07-19 17:12:42.043983049,2025-07-19 17:12:41.993983049,RGM_0301867,3,4.930223201261203e-05,False,False
N011_C0000439,11,2025-07-19 17:12:42.168983049,2025-07-19 17:12:42.218983049,2025-07-19 17:12:42.193983049,RGM_0301871,1,4.398245278188815e-06,False,False
N011_C0000440,11,2025-07-19 17:12:52.143983049,2025-07-19 17:12:52.393983049,2025-07-19 17:12:52.168983049,RGM_0302160,1,3.840725249220105e-05,False,False
N011_C0000441,11,2025-07-19 17:12:52.468983049,2025-07-19 17:12:52.518983049,2025-07-19 17:12:52.493983049,RGM_0302168,1,1.0132088103903304e-05,False,False
N011_C0000442,11,2025-07-19 17:12:54.318983049,2025-07-19 17:12:55.068983049,2025-07-19 17:12:54.818983049,RGM_0302245,9,0.000213972376845,False,False
N011_C0000443,11,2025-07-19 17:12:56.068983049,2025-07-19 17:12:56.568983049,2025-07-19 17:12:56.493983049,RGM_0302286,4,0.0001129039235235,False,False
N011_C0000444,11,2025-07-19 17:12:58.868983049,2025-07-19 17:12:58.993983049,2025-07-19 17:12:58.943983049,RGM_0302367,5,6.464435066364486e-05,False,False
N011_C0000445,11,2025-07-19 17:13:19.543983049,2025-07-19 17:13:19.743983049,2025-07-19 17:13:19.643983049,RGM_0302921,4,7.59703264865989e-05,False,False
N011_C0000446,11,2025-07-19 17:13:25.643983049,2025-07-19 17:13:25.918983049,2025-07-19 17:13:25.693983049,RGM_0303084,4,4.509862991344117e-05,False,False
N011_C0000447,11,2025-07-19 17:13:52.193983049,2025-07-19 17:13:52.618983049,2025-07-19 17:13:52.518983049,RGM_0303648,3,4.802468103285124e-05,False,False
N011_C0000448,11,2025-07-19 17:13:54.918983049,2025-07-19 17:13:55.093983049,2025-07-19 17:13:54.968983049,RGM_0303707,1,6.22546626123767e-05,False,False
N011_C0000449,11,2025-07-19 17:13:55.243983049,2025-07-19 17:13:55.293983049,2025-07-19 17:13:55.268983049,RGM_0303711,1,5.826909628073745e-06,False,False
N011_C0000450,11,2025-07-19 17:13:55.993983049,2025-07-19 17:13:56.293983049,2025-07-19 17:13:56.243983049,RGM_0303727,5,3.911121498748929e-05,False,False
N011_C0000451,11,2025-07-19 17:13:56.343983049,2025-07-19 17:13:56.618983049,2025-07-19 17:13:56.418983049,RGM_0303734,2,3.832825846573373e-05,False,False
N011_C0000452,11,2025-07-19 17:13:58.618983049,2025-07-19 17:13:58.718983049,2025-07-19 17:13:58.693983049,RGM_0303801,1,3.937581413033814e-05,False,False
N011_C0000453,11,2025-07-19 17:13:58.818983049,2025-07-19 17:13:58.918983049,2025-07-19 17:13:58.868983049,RGM_0303804,1,4.020367258880936e-05,False,False
N011_C0000454,11,2025-07-19 17:14:04.568983049,2025-07-19 17:14:05.193983049,2025-07-19 17:14:04.943983049,RGM_0303967,8,0.0001762132669776,False,False
N011_C0000455,11,2025-07-19 17:14:07.118983049,2025-07-19 17:14:07.368983049,2025-07-19 17:14:07.218983049,RGM_0304033,6,3.652634582798791e-05,False,False
N011_C0000456,11,2025-07-19 17:14:11.418983049,2025-07-19 17:14:11.568983049,2025-07-19 17:14:11.543983049,RGM_0304129,2,3.923067592117036e-05,False,False
N011_C0000457,11,2025-07-19 17:14:22.418983049,2025-07-19 17:14:22.568983049,2025-07-19 17:14:22.493983049,RGM_0304326,2,3.476848732427044e-05,False,False
N011_C0000458,11,2025-07-19 17:14:25.543983049,2025-07-19 17:14:25.668983049,2025-07-19 17:14:25.593983049,RGM_0304393,2,3.2962616264840286e-05,False,False
N011_C0000459,11,2025-07-19 17:14:49.393983049,2025-07-19 17:14:49.593983049,2025-07-19 17:14:49.493983049,RGM_0304915,2,3.372778970568329e-05,False,False
N011_C0000460,11,2025-07-19 17:14:51.868983049,2025-07-19 17:14:51.968983049,2025-07-19 17:14:51.943983049,RGM_0304982,1,3.041862421321439e-05,False,False
N011_C0000461,11,2025-07-19 17:14:52.143983049,2025-07-19 17:14:52.193983049,2025-07-19 17:14:52.168983049,RGM_0304988,1,6.499139990508937e-06,False,False
N011_C0000462,11,2025-07-19 17:14:55.968983049,2025-07-19 17:14:56.343983049,2025-07-19 17:14:56.268983049,RGM_0305067,4,4.912606116347221e-05,False,False
N011_C0000463,11,2025-07-19 17:15:04.618983049,2025-07-19 17:15:04.718983049,2025-07-19 17:15:04.643983049,RGM_0305238,1,2.39817738625923e-05,False,False
N011_C0000464,11,2025-07-19 17:15:20.468983049,2025-07-19 17:15:20.668983049,2025-07-19 17:15:20.643983049,RGM_0305592,1,8.886787824885419e-05,False,False
N011_C0000465,11,2025-07-19 17:15:20.693983049,2025-07-19 17:15:20.743983049,2025-07-19 17:15:20.718983049,RGM_0305594,1,8.198462950074367e-06,False,False
N091_C0001434,91,2025-07-19 17:15:22.043983049,2025-07-19 17:15:22.243983049,2025-07-19 17:15:22.143983049,RGM_0305630,1,6.0692985145938514e-05,True,True
N093_C0001436,93,2025-07-19 17:15:22.068983049,2025-07-19 17:15:22.568983049,2025-07-19 17:15:22.193983049,RGM_0305635,1,4.7699232285619306e-05,False,False
N083_C0001380,83,2025-07-19 17:15:22.068983049,2025-07-19 17:15:22.568983049,2025-07-19 17:15:22.218983049,RGM_0305640,2,7.304460727348473e-05,False,False
N086_C0001405,86,2025-07-19 17:15:22.093983049,2025-07-19 17:15:22.293983049,2025-07-19 17:15:22.218983049,RGM_0305639,1,4.616568380694543e-05,False,False
N011_C0000466,11,2025-07-19 17:15:51.068983049,2025-07-19 17:15:51.268983049,2025-07-19 17:15:51.168983049,RGM_0306149,4,3.410678781335474e-05,False,False
N011_C0000467,11,2025-07-19 17:15:53.568983049,2025-07-19 17:15:53.793983049,2025-07-19 17:15:53.618983049,RGM_0306190,2,2.129658292495366e-05,False,False
N011_C0000468,11,2025-07-19 17:16:19.693983049,2025-07-19 17:16:22.443983049,2025-07-19 17:16:21.268983049,RGM_0306314,1,0.0010927958823998,False,False
N060_C0001356,60,2025-07-19 17:17:05.543983049,2025-07-19 17:17:05.593983049,2025-07-19 17:17:05.568983049,RGM_0306456,1,9.866130317318856e-06,False,False
N011_C0000469,11,2025-07-19 17:17:25.193983049,2025-07-19 17:17:28.143983049,2025-07-19 17:17:26.868983049,RGM_0306545,1,0.0012950244072122,False,False
N060_C0001357,60,2025-07-19 17:17:31.243983049,2025-07-19 17:17:31.318983049,2025-07-19 17:17:31.293983049,RGM_0306558,1,1.175778603264534e-05,False,False
N060_C0001358,60,2025-07-19 17:20:00.043983049,2025-07-19 17:20:00.343983049,2025-07-19 17:20:00.193983049,RGM_0307294,1,3.1744442332883523e-05,False,False
N011_C0000470,11,2025-07-19 17:20:12.194027077,2025-07-19 17:20:14.219027077,2025-07-19 17:20:13.644027077,RGM_0307357,1,0.0006270264805269,False,False
N011_C0000471,11,2025-07-19 17:20:33.344027077,2025-07-19 17:20:35.919027077,2025-07-19 17:20:35.269027077,RGM_0307467,1,0.000248690634721,False,False
N011_C0000472,11,2025-07-19 17:20:51.244027077,2025-07-19 17:20:51.369027077,2025-07-19 17:20:51.269027077,RGM_0307541,1,2.087798815994723e-05,False,False
N011_C0000473,11,2025-07-19 17:20:51.919027077,2025-07-19 17:20:52.019027077,2025-07-19 17:20:51.994027077,RGM_0307545,1,3.456650756375661e-05,False,False
N011_C0000474,11,2025-07-19 17:20:53.694027077,2025-07-19 17:20:53.894027077,2025-07-19 17:20:53.769027077,RGM_0307599,1,2.3394127174663612e-05,False,False
N011_C0000475,11,2025-07-19 17:20:54.344027077,2025-07-19 17:20:54.519027077,2025-07-19 17:20:54.444027077,RGM_0307609,3,9.60271596469503e-05,False,False
N000_C0000047,0,2025-07-19 17:20:56.044027077,2025-07-19 17:20:56.094027077,2025-07-19 17:20:56.069027077,RGM_0307639,1,2.322186882650909e-05,False,False
N011_C0000476,11,2025-07-19 17:20:57.469027077,2025-07-19 17:20:57.569027077,2025-07-19 17:20:57.519027077,RGM_0307652,1,1.3140040217387478e-05,False,False
N011_C0000477,11,2025-07-19 17:20:59.894027077,2025-07-19 17:21:00.094027077,2025-07-19 17:20:59.994027077,RGM_0307814,2,0.0002429486954035,False,False
N011_C0000478,11,2025-07-19 17:21:00.569027077,2025-07-19 17:21:00.719027077,2025-07-19 17:21:00.619027077,RGM_0307852,5,2.300127366644422e-05,False,False
N011_C0000479,11,2025-07-19 17:21:01.219027077,2025-07-19 17:21:01.369027077,2025-07-19 17:21:01.319027077,RGM_0307903,8,3.216177609910076e-05,False,False
N011_C0000480,11,2025-07-19 17:21:03.769027077,2025-07-19 17:21:03.894027077,2025-07-19 17:21:03.844027077,RGM_0308003,2,1.0791945878846169e-05,False,False
N011_C0000481,11,2025-07-19 17:23:19.844027077,2025-07-19 17:23:22.469027077,2025-07-19 17:23:19.944027077,RGM_0308995,1,0.0002726910595822,False,False
N058_C0001311,58,2025-07-19 17:24:02.469027077,2025-07-19 17:24:02.569027077,2025-07-19 17:24:02.544027077,RGM_0309177,1,9.252291320058958e-06,False,False
N011_C0000482,11,2025-07-19 17:24:05.919027077,2025-07-19 17:24:06.694027077,2025-07-19 17:24:06.669027077,RGM_0309190,1,8.835347811551891e-05,False,False
N011_C0000483,11,2025-07-19 17:25:00.694027077,2025-07-19 17:25:03.694027077,2025-07-19 17:25:02.419027077,RGM_0309448,1,0.0009994909904764,False,False
N103_C0001439,103,2025-07-19 17:25:10.944027077,2025-07-19 17:25:11.044027077,2025-07-19 17:25:10.994027077,RGM_0309476,1,9.584597462245009e-06,True,True
N037_C0001120,37,2025-07-19 17:25:53.594027077,2025-07-19 17:25:53.644027077,2025-07-19 17:25:53.619027077,RGM_0309670,1,2.5322291003729125e-05,False,False
N011_C0000484,11,2025-07-19 17:26:00.169027077,2025-07-19 17:26:02.819027077,2025-07-19 17:26:02.769027077,RGM_0309702,1,0.0003113734866729,False,False
N011_C0000485,11,2025-07-19 17:26:30.419027077,2025-07-19 17:26:30.469027077,2025-07-19 17:26:30.444027077,RGM_0309818,1,8.409987902898862e-06,False,False
N060_C0001359,60,2025-07-19 17:26:41.994027077,2025-07-19 17:26:42.194027077,2025-07-19 17:26:42.069027077,RGM_0309865,1,3.310318421872742e-05,False,False
N011_C0000486,11,2025-07-19 17:26:54.044027077,2025-07-19 17:26:54.094027077,2025-07-19 17:26:54.069027077,RGM_0309909,1,7.644762187358481e-06,False,False
N011_C0000487,11,2025-07-19 17:26:54.444027077,2025-07-19 17:26:54.569027077,2025-07-19 17:26:54.494027077,RGM_0309910,2,1.0798279140308022e-05,False,False
N011_C0000488,11,2025-07-19 17:27:20.644027077,2025-07-19 17:27:20.694027077,2025-07-19 17:27:20.669027077,RGM_0310005,1,9.995711988496833e-06,False,False
N034_C0001101,34,2025-07-19 17:27:44.669027077,2025-07-19 17:27:45.394027077,2025-07-19 17:27:45.369027077,RGM_0310115,1,0.0003199899029276,False,False
N011_C0000489,11,2025-07-19 17:27:54.494027077,2025-07-19 17:27:57.094027077,2025-07-19 17:27:55.119027077,RGM_0310165,1,0.0001863360815104,False,False
N034_C0001102,34,2025-07-19 17:27:56.119027077,2025-07-19 17:27:56.169027077,2025-07-19 17:27:56.144027077,RGM_0310170,1,8.09358683601442e-05,False,False
N023_C0001076,23,2025-07-19 17:28:09.944027077,2025-07-19 17:28:10.694027077,2025-07-19 17:28:10.519027077,RGM_0310255,1,0.0003521109330025,False,False
N011_C0000490,11,2025-07-19 17:28:27.694027077,2025-07-19 17:28:29.694027077,2025-07-19 17:28:28.394027077,RGM_0310846,3,0.000702258836922,False,False
N011_C0000491,11,2025-07-19 17:28:37.069027077,2025-07-19 17:28:38.294027077,2025-07-19 17:28:37.719027077,RGM_0310982,1,9.785361007959912e-05,False,False
N039_C0001122,39,2025-07-19 17:28:46.094027077,2025-07-19 17:28:46.219027077,2025-07-19 17:28:46.169027077,RGM_0311017,1,0.0001257153680502,False,False
N011_C0000492,11,2025-07-19 17:28:54.419027077,2025-07-19 17:28:56.919027077,2025-07-19 17:28:54.444027077,RGM_0311044,1,0.0001104578667713,False,False
N011_C0000493,11,2025-07-19 17:29:12.219027077,2025-07-19 17:29:12.344027077,2025-07-19 17:29:12.319027077,RGM_0311126,1,1.9137957107954177e-05,False,False
N011_C0000494,11,2025-07-19 17:29:15.294027077,2025-07-19 17:29:15.394027077,2025-07-19 17:29:15.369027077,RGM_0311166,1,2.966132169118564e-05,False,False
N011_C0000495,11,2025-07-19 17:29:15.694027077,2025-07-19 17:29:16.694027077,2025-07-19 17:29:16.019027077,RGM_0311175,3,0.0002126011374643,False,False
N011_C0000496,11,2025-07-19 17:29:30.694027077,2025-07-19 17:29:31.344027077,2025-07-19 17:29:30.719027077,RGM_0311251,1,4.087516119498215e-05,False,False
N011_C0000497,11,2025-07-19 17:29:49.794027077,2025-07-19 17:29:52.394027077,2025-07-19 17:29:49.894027077,RGM_0311324,1,0.0002336639805809,False,False
N108_C0001473,108,2025-07-19 17:29:51.694027077,2025-07-19 17:29:53.794027077,2025-07-19 17:29:53.169027077,RGM_0311335,1,0.0002868520257738,False,False
N011_C0000498,11,2025-07-19 17:31:33.194107986,2025-07-19 17:31:35.194107986,2025-07-19 17:31:34.569107986,RGM_0311691,1,0.0016387130391276,False,False
N011_C0000499,11,2025-07-19 17:31:38.969107986,2025-07-19 17:31:39.069107986,2025-07-19 17:31:38.994107986,RGM_0311709,1,2.1986994662910826e-05,False,False
N011_C0000500,11,2025-07-19 17:31:46.694107986,2025-07-19 17:31:49.669107986,2025-07-19 17:31:48.394107986,RGM_0311742,1,0.0009191429074936,False,False
N011_C0000501,11,2025-07-19 17:33:18.294107986,2025-07-19 17:33:20.844107986,2025-07-19 17:33:18.994107986,RGM_0312037,1,0.000198712949828,False,False
N011_C0000502,11,2025-07-19 17:34:18.169107986,2025-07-19 17:34:20.744107986,2025-07-19 17:34:20.719107986,RGM_0312282,2,0.0002500096702987,False,False
N011_C0000503,11,2025-07-19 17:34:38.194107986,2025-07-19 17:34:40.444107986,2025-07-19 17:34:39.769107986,RGM_0312347,1,0.0032087977867356,False,False
N058_C0001312,58,2025-07-19 17:34:43.769107986,2025-07-19 17:34:43.869107986,2025-07-19 17:34:43.819107986,RGM_0312358,1,1.045007877395816e-05,False,False
N011_C0000504,11,2025-07-19 17:35:30.694107986,2025-07-19 17:35:32.694107986,2025-07-19 17:35:32.419107986,RGM_0312536,1,0.0008633308445305,False,False
N011_C0000505,11,2025-07-19 17:35:50.769107986,2025-07-19 17:35:50.869107986,2025-07-19 17:35:50.794107986,RGM_0312612,1,3.5226135465509264e-05,False,False
N011_C0000506,11,2025-07-19 17:35:56.194107986,2025-07-19 17:35:56.319107986,2025-07-19 17:35:56.219107986,RGM_0312635,1,4.276790305931856e-05,False,False
N011_C0000507,11,2025-07-19 17:36:05.744107986,2025-07-19 17:36:05.944107986,2025-07-19 17:36:05.919107986,RGM_0312680,1,8.486285394867721e-05,False,False
N011_C0000508,11,2025-07-19 17:36:08.544107986,2025-07-19 17:36:08.669107986,2025-07-19 17:36:08.644107986,RGM_0312692,1,7.397263869435789e-05,False,False
N011_C0000509,11,2025-07-19 17:36:28.819107986,2025-07-19 17:36:29.569107986,2025-07-19 17:36:29.469107986,RGM_0312777,1,8.74444115603818e-05,False,False
N011_C0000510,11,2025-07-19 17:37:23.744107986,2025-07-19 17:37:23.869107986,2025-07-19 17:37:23.794107986,RGM_0312981,1,3.133067219962773e-05,False,False
N011_C0000511,11,2025-07-19 17:38:00.294107986,2025-07-19 17:38:00.344107986,2025-07-19 17:38:00.319107986,RGM_0313121,1,7.18200205724042e-06,False,False
N011_C0000512,11,2025-07-19 17:38:31.694107986,2025-07-19 17:38:34.519107986,2025-07-19 17:38:33.794107986,RGM_0313229,1,0.0026788558336746,False,False
N011_C0000513,11,2025-07-19 17:39:18.844107986,2025-07-19 17:39:20.719107986,2025-07-19 17:39:20.669107986,RGM_0313396,1,0.0001497025380038,False,False
N011_C0000514,11,2025-07-19 17:40:04.294208117,2025-07-19 17:40:05.544208117,2025-07-19 17:40:04.969208117,RGM_0313558,1,0.0001023279332715,False,False
N011_C0000515,11,2025-07-19 17:40:09.169208117,2025-07-19 17:40:09.819208117,2025-07-19 17:40:09.794208117,RGM_0313575,2,6.562483879349177e-05,False,False
N011_C0000516,11,2025-07-19 17:41:21.994208117,2025-07-19 17:41:22.094208117,2025-07-19 17:41:22.069208117,RGM_0313821,2,4.033386083430688e-05,False,False
N058_C0001313,58,2025-07-19 17:41:58.069208117,2025-07-19 17:41:58.169208117,2025-07-19 17:41:58.119208117,RGM_0313942,1,1.1440232701818452e-05,False,False
N011_C0000517,11,2025-07-19 17:43:21.719208117,2025-07-19 17:43:21.769208117,2025-07-19 17:43:21.744208117,RGM_0314233,1,1.0719882899161995e-05,False,False
N011_C0000518,11,2025-07-19 17:43:51.219208117,2025-07-19 17:43:53.944208117,2025-07-19 17:43:53.144208117,RGM_0314342,1,0.0008768215621122,False,False
N011_C0000519,11,2025-07-19 17:43:55.444208117,2025-07-19 17:43:56.269208117,2025-07-19 17:43:56.169208117,RGM_0314351,1,0.0001951103776971,False,False
N011_C0000520,11,2025-07-19 17:43:56.769208117,2025-07-19 17:43:56.819208117,2025-07-19 17:43:56.794208117,RGM_0314353,1,1.415401238499763e-05,False,False
N011_C0000521,11,2025-07-19 17:44:00.494208117,2025-07-19 17:44:01.144208117,2025-07-19 17:44:01.119208117,RGM_0314373,1,6.861054627958543e-05,False,False
N011_C0000522,11,2025-07-19 17:44:33.694208117,2025-07-19 17:44:36.344208117,2025-07-19 17:44:35.094208117,RGM_0314491,1,0.0010462827045841,False,False
N011_C0000523,11,2025-07-19 17:44:55.294208117,2025-07-19 17:44:57.819208117,2025-07-19 17:44:55.994208117,RGM_0314566,1,0.0003473765481311,False,False
N034_C0001103,34,2025-07-19 17:46:16.494208117,2025-07-19 17:46:16.544208117,2025-07-19 17:46:16.519208117,RGM_0314911,1,5.183967739554122e-05,False,False
N011_C0000524,11,2025-07-19 17:46:21.469208117,2025-07-19 17:46:21.519208117,2025-07-19 17:46:21.494208117,RGM_0314932,1,9.471378014493893e-06,False,False
N011_C0000525,11,2025-07-19 17:47:38.094208117,2025-07-19 17:47:38.244208117,2025-07-19 17:47:38.169208117,RGM_0315228,1,8.198867078157814e-05,False,False
N011_C0000526,11,2025-07-19 17:48:49.544208117,2025-07-19 17:48:49.644208117,2025-07-19 17:48:49.569208117,RGM_0315575,1,3.3596699067955814e-05,False,False
N011_C0000527,11,2025-07-19 17:48:53.069208117,2025-07-19 17:48:53.569208117,2025-07-19 17:48:53.294208117,RGM_0315639,2,5.640886261270705e-05,False,False
N011_C0000528,11,2025-07-19 17:48:56.944208117,2025-07-19 17:48:57.294208117,2025-07-19 17:48:57.094208117,RGM_0315714,1,8.09359239299156e-05,False,False
N011_C0000529,11,2025-07-19 17:49:06.919208117,2025-07-19 17:49:07.119208117,2025-07-19 17:49:07.019208117,RGM_0315853,5,5.058139269517361e-05,False,False
N011_C0000530,11,2025-07-19 17:49:09.419208117,2025-07-19 17:49:09.569208117,2025-07-19 17:49:09.444208117,RGM_0315898,2,9.358337877377462e-05,False,False
N011_C0000531,11,2025-07-19 17:49:15.069208117,2025-07-19 17:49:15.794208117,2025-07-19 17:49:15.719208117,RGM_0315984,1,0.0001086173609087,False,False
N011_C0000532,11,2025-07-19 17:49:42.919208117,2025-07-19 17:49:42.969208117,2025-07-19 17:49:42.944208117,RGM_0316133,1,1.3639883440875258e-05,False,False
N011_C0000533,11,2025-07-19 17:49:52.744208117,2025-07-19 17:49:52.794208117,2025-07-19 17:49:52.769208117,RGM_0316209,1,1.410609833576874e-05,False,False
N011_C0000534,11,2025-07-19 17:49:55.444208117,2025-07-19 17:49:55.569208117,2025-07-19 17:49:55.544208117,RGM_0316223,1,7.942602478133423e-05,False,False
N011_C0000535,11,2025-07-19 17:50:23.394296068,2025-07-19 17:50:23.519296068,2025-07-19 17:50:23.444296068,RGM_0316419,2,2.555904640010214e-05,False,False
N011_C0000536,11,2025-07-19 17:50:26.169296068,2025-07-19 17:50:26.269296068,2025-07-19 17:50:26.194296068,RGM_0316465,1,2.7341887625190737e-05,False,False
N011_C0000537,11,2025-07-19 17:50:28.244296068,2025-07-19 17:50:28.369296068,2025-07-19 17:50:28.344296068,RGM_0316483,1,3.492891434602571e-05,False,False
N011_C0000538,11,2025-07-19 17:50:32.469296068,2025-07-19 17:50:32.594296068,2025-07-19 17:50:32.494296068,RGM_0316506,1,2.8625517765379997e-05,False,False
N011_C0000539,11,2025-07-19 17:50:36.719296068,2025-07-19 17:50:36.894296068,2025-07-19 17:50:36.819296068,RGM_0316531,1,7.106392745173712e-05,False,False
N011_C0000540,11,2025-07-19 17:50:45.219296068,2025-07-19 17:50:45.344296068,2025-07-19 17:50:45.244296068,RGM_0316577,1,3.0179322570919137e-05,False,False
N034_C0001104,34,2025-07-19 17:50:45.819296068,2025-07-19 17:50:46.469296068,2025-07-19 17:50:45.844296068,RGM_0316581,1,0.0003484495367097,False,False
N011_C0000541,11,2025-07-19 17:50:48.069296068,2025-07-19 17:50:48.169296068,2025-07-19 17:50:48.094296068,RGM_0316598,1,2.0548732708914748e-05,False,False
N011_C0000542,11,2025-07-19 17:50:53.769296068,2025-07-19 17:50:53.894296068,2025-07-19 17:50:53.794296068,RGM_0316627,1,1.916576631168548e-05,False,False
N011_C0000543,11,2025-07-19 17:51:08.869296068,2025-07-19 17:51:08.994296068,2025-07-19 17:51:08.894296068,RGM_0316783,1,2.6873711045852983e-05,False,False
N011_C0000544,11,2025-07-19 17:51:56.344296068,2025-07-19 17:51:56.469296068,2025-07-19 17:51:56.444296068,RGM_0317074,1,3.527553162419165e-05,False,False
N011_C0000545,11,2025-07-19 17:52:00.669296068,2025-07-19 17:52:00.794296068,2025-07-19 17:52:00.769296068,RGM_0317093,1,5.426784964807459e-05,False,False
N011_C0000546,11,2025-07-19 17:52:07.019296068,2025-07-19 17:52:07.119296068,2025-07-19 17:52:07.094296068,RGM_0317126,1,3.3471621951235866e-05,False,False
N011_C0000547,11,2025-07-19 17:52:09.819296068,2025-07-19 17:52:09.994296068,2025-07-19 17:52:09.919296068,RGM_0317137,1,7.948778080291732e-05,False,False
N011_C0000548,11,2025-07-19 17:52:10.519296068,2025-07-19 17:52:10.619296068,2025-07-19 17:52:10.544296068,RGM_0317141,2,1.4675129677222662e-05,False,False
N011_C0000549,11,2025-07-19 17:52:19.019296068,2025-07-19 17:52:19.144296068,2025-07-19 17:52:19.044296068,RGM_0317185,1,3.2544334030302786e-05,False,False
N011_C0000550,11,2025-07-19 17:52:23.969296068,2025-07-19 17:52:24.069296068,2025-07-19 17:52:24.044296068,RGM_0317211,1,3.501042610532871e-05,False,False
N011_C0000551,11,2025-07-19 17:52:31.019296068,2025-07-19 17:52:31.169296068,2025-07-19 17:52:31.119296068,RGM_0317252,1,4.841953943870008e-05,False,False
N011_C0000552,11,2025-07-19 17:52:33.694296068,2025-07-19 17:52:34.444296068,2025-07-19 17:52:33.719296068,RGM_0317268,1,0.0001053948575885,False,False
N011_C0000553,11,2025-07-19 17:52:50.544296068,2025-07-19 17:52:50.594296068,2025-07-19 17:52:50.569296068,RGM_0317364,1,6.939449702082862e-06,False,False
N011_C0000554,11,2025-07-19 17:53:00.344296068,2025-07-19 17:53:00.394296068,2025-07-19 17:53:00.369296068,RGM_0317404,1,1.3407367813751306e-05,False,False
N011_C0000555,11,2025-07-19 17:53:41.644296068,2025-07-19 17:53:41.769296068,2025-07-19 17:53:41.719296068,RGM_0317617,3,3.0878679438599395e-05,False,False
N011_C0000556,11,2025-07-19 17:53:56.394296068,2025-07-19 17:53:56.594296068,2025-07-19 17:53:56.469296068,RGM_0317745,6,7.175984940309128e-05,False,False
N023_C0001077,23,2025-07-19 17:53:56.644296068,2025-07-19 17:53:57.044296068,2025-07-19 17:53:56.919296068,RGM_0317753,1,0.0002257114336076,False,False
N011_C0000557,11,2025-07-19 17:53:58.894296068,2025-07-19 17:53:59.069296068,2025-07-19 17:53:58.994296068,RGM_0317784,2,1.993035512658661e-05,False,False
N011_C0000558,11,2025-07-19 17:54:09.894296068,2025-07-19 17:54:10.169296068,2025-07-19 17:54:10.019296068,RGM_0317917,3,7.05569711927126e-05,False,False
N011_C0000559,11,2025-07-19 17:54:12.444296068,2025-07-19 17:54:13.094296068,2025-07-19 17:54:12.519296068,RGM_0317956,1,5.098732790882098e-05,False,False
N011_C0000560,11,2025-07-19 17:54:38.244296068,2025-07-19 17:54:40.819296068,2025-07-19 17:54:39.569296068,RGM_0318102,1,0.001225410801661,False,False
N011_C0000561,11,2025-07-19 17:56:07.744296068,2025-07-19 17:56:07.969296068,2025-07-19 17:56:07.844296068,RGM_0318706,3,3.1136075853710535e-05,False,False
N011_C0000562,11,2025-07-19 17:56:09.944296068,2025-07-19 17:56:10.969296068,2025-07-19 17:56:10.394296068,RGM_0318751,2,6.014861131339723e-05,False,False
N011_C0000563,11,2025-07-19 17:56:10.994296068,2025-07-19 17:56:11.044296068,2025-07-19 17:56:11.019296068,RGM_0318756,1,1.7428820130298217e-05,False,False
N011_C0000564,11,2025-07-19 17:56:13.819296068,2025-07-19 17:56:14.319296068,2025-07-19 17:56:14.119296068,RGM_0318811,2,4.671386674895968e-05,False,False
N011_C0000565,11,2025-07-19 17:56:14.669296068,2025-07-19 17:56:14.894296068,2025-07-19 17:56:14.744296068,RGM_0318821,2,2.4729243983710425e-05,False,False
N011_C0000566,11,2025-07-19 17:56:16.444296068,2025-07-19 17:56:16.644296068,2025-07-19 17:56:16.569296068,RGM_0318857,2,2.3689657370373325e-05,False,False
N011_C0000567,11,2025-07-19 17:56:17.169296068,2025-07-19 17:56:17.219296068,2025-07-19 17:56:17.194296068,RGM_0318860,1,1.1953082102589391e-05,False,False
N011_C0000568,11,2025-07-19 17:56:20.894296068,2025-07-19 17:56:23.844296068,2025-07-19 17:56:21.069296068,RGM_0318882,1,0.0004565165866266,False,False
N011_C0000569,11,2025-07-19 17:56:40.619296068,2025-07-19 17:56:40.844296068,2025-07-19 17:56:40.719296068,RGM_0319023,3,6.024489503137664e-05,False,False
N011_C0000570,11,2025-07-19 17:56:43.094296068,2025-07-19 17:56:43.169296068,2025-07-19 17:56:43.119296068,RGM_0319060,1,2.011511721426831e-05,False,False
N011_C0000571,11,2025-07-19 17:56:43.194296068,2025-07-19 17:56:43.244296068,2025-07-19 17:56:43.219296068,RGM_0319062,1,7.023487069696795e-06,False,False
N011_C0000572,11,2025-07-19 17:56:45.944296068,2025-07-19 17:56:46.944296068,2025-07-19 17:56:46.344296068,RGM_0319093,2,0.0001276440699095,False,False
N011_C0000573,11,2025-07-19 17:56:48.744296068,2025-07-19 17:56:48.819296068,2025-07-19 17:56:48.769296068,RGM_0319128,1,2.9290590666467596e-05,False,False
N011_C0000574,11,2025-07-19 17:56:52.419296068,2025-07-19 17:56:52.544296068,2025-07-19 17:56:52.444296068,RGM_0319168,2,3.790275390161235e-05,False,False
N011_C0000575,11,2025-07-19 17:56:54.894296068,2025-07-19 17:56:55.144296068,2025-07-19 17:56:54.994296068,RGM_0319195,1,4.0401524020512e-05,False,False
N011_C0000576,11,2025-07-19 17:57:12.819296068,2025-07-19 17:57:13.319296068,2025-07-19 17:57:12.994296068,RGM_0319483,3,8.496884890451164e-05,False,False
N011_C0000577,11,2025-07-19 17:57:15.194296068,2025-07-19 17:57:15.694296068,2025-07-19 17:57:15.444296068,RGM_0319535,3,0.0001226499434594,False,False
N011_C0000578,11,2025-07-19 17:57:20.994296068,2025-07-19 17:57:21.119296068,2025-07-19 17:57:21.019296068,RGM_0319643,1,5.500640017869577e-05,False,False
N011_C0000579,11,2025-07-19 17:57:31.444296068,2025-07-19 17:57:31.644296068,2025-07-19 17:57:31.544296068,RGM_0319852,3,0.000168596010914,False,False
N011_C0000580,11,2025-07-19 17:57:33.444296068,2025-07-19 17:57:34.444296068,2025-07-19 17:57:34.019296068,RGM_0319922,2,0.0002577654911625,False,False
N011_C0000581,11,2025-07-19 17:57:37.644296068,2025-07-19 17:57:37.869296068,2025-07-19 17:57:37.744296068,RGM_0319999,4,9.171519358505415e-05,False,False
N011_C0000582,11,2025-07-19 17:57:37.919296068,2025-07-19 17:57:37.969296068,2025-07-19 17:57:37.944296068,RGM_0320003,1,6.68562591717462e-06,False,False
N011_C0000583,11,2025-07-19 17:57:41.219296068,2025-07-19 17:57:41.544296068,2025-07-19 17:57:41.394296068,RGM_0320078,3,6.700911104632213e-05,False,False
N011_C0000584,11,2025-07-19 17:57:41.594296068,2025-07-19 17:57:41.644296068,2025-07-19 17:57:41.619296068,RGM_0320085,1,8.024640339742788e-06,False,False
N011_C0000585,11,2025-07-19 17:57:50.769296068,2025-07-19 17:57:50.994296068,2025-07-19 17:57:50.844296068,RGM_0320267,2,4.073452563611417e-05,False,False
N011_C0000586,11,2025-07-19 17:58:04.344296068,2025-07-19 17:58:04.544296068,2025-07-19 17:58:04.444296068,RGM_0320484,5,5.681293618369792e-05,False,False
N011_C0000587,11,2025-07-19 17:58:19.144296068,2025-07-19 17:58:19.519296068,2025-07-19 17:58:19.244296068,RGM_0320690,3,8.254956678636167e-05,False,False
N011_C0000588,11,2025-07-19 17:58:21.194296068,2025-07-19 17:58:22.194296068,2025-07-19 17:58:21.694296068,RGM_0320746,4,0.000165863003746,False,False
N023_C0001078,23,2025-07-19 17:58:23.919296068,2025-07-19 17:58:24.069296068,2025-07-19 17:58:23.994296068,RGM_0320787,1,0.0001228664324726,False,False
N011_C0000589,11,2025-07-19 17:58:30.144296068,2025-07-19 17:58:30.344296068,2025-07-19 17:58:30.269296068,RGM_0320864,1,4.754298061596653e-05,False,False
N011_C0000590,11,2025-07-19 17:58:33.294296068,2025-07-19 17:58:33.444296068,2025-07-19 17:58:33.319296068,RGM_0320897,1,6.277889856411988e-05,False,False
N011_C0000591,11,2025-07-19 17:58:35.769296068,2025-07-19 17:58:35.944296068,2025-07-19 17:58:35.794296068,RGM_0320937,3,5.5160129879678735e-05,False,False
N011_C0000592,11,2025-07-19 18:04:44.105305397,2025-07-19 18:04:44.155305397,2025-07-19 18:04:44.130305397,RGM_0323109,1,1.444947620665824e-05,False,False
N011_C0000593,11,2025-07-19 18:06:04.330305397,2025-07-19 18:06:04.380305397,2025-07-19 18:06:04.355305397,RGM_0323562,1,1.226741411698763e-05,False,False
N011_C0000594,11,2025-07-19 18:06:36.055305397,2025-07-19 18:06:36.105305397,2025-07-19 18:06:36.080305397,RGM_0323711,1,7.723262988542595e-06,False,False
N011_C0000595,11,2025-07-19 18:06:43.680305397,2025-07-19 18:06:44.355305397,2025-07-19 18:06:43.755305397,RGM_0323750,1,5.9493736192352056e-05,False,False
N034_C0001105,34,2025-07-19 18:06:51.455305397,2025-07-19 18:06:51.530305397,2025-07-19 18:06:51.505305397,RGM_0323792,1,5.121188020538745e-05,False,False
N011_C0000596,11,2025-07-19 18:07:03.055305397,2025-07-19 18:07:05.580305397,2025-07-19 18:07:05.555305397,RGM_0323865,1,0.0001656368184461,False,False
N052_C0001206,52,2025-07-19 18:07:05.530305397,2025-07-19 18:07:05.580305397,2025-07-19 18:07:05.555305397,RGM_0323864,1,2.7699508957828545e-06,False,False
N011_C0000597,11,2025-07-19 18:07:09.180305397,2025-07-19 18:07:09.230305397,2025-07-19 18:07:09.205305397,RGM_0323885,1,1.2425190928725857e-05,False,False
N011_C0000598,11,2025-07-19 18:07:15.330305397,2025-07-19 18:07:17.955305397,2025-07-19 18:07:17.905305397,RGM_0323937,1,0.0003948607114279,False,False
N011_C0000599,11,2025-07-19 18:07:27.105305397,2025-07-19 18:07:27.155305397,2025-07-19 18:07:27.130305397,RGM_0323998,1,9.020277462516789e-06,False,False
N011_C0000600,11,2025-07-19 18:07:32.655305397,2025-07-19 18:07:32.705305397,2025-07-19 18:07:32.680305397,RGM_0324034,1,8.008122699433359e-06,False,False
N011_C0000601,11,2025-07-19 18:07:37.605305397,2025-07-19 18:07:37.655305397,2025-07-19 18:07:37.630305397,RGM_0324066,1,9.347869920424358e-06,False,False
N011_C0000602,11,2025-07-19 18:07:38.230305397,2025-07-19 18:07:38.280305397,2025-07-19 18:07:38.255305397,RGM_0324072,1,8.853231974930508e-06,False,False
N011_C0000603,11,2025-07-19 18:07:40.680305397,2025-07-19 18:07:42.605305397,2025-07-19 18:07:41.430305397,RGM_0324088,1,0.0003423944023028,False,False
N011_C0000604,11,2025-07-19 18:08:05.055305397,2025-07-19 18:08:05.105305397,2025-07-19 18:08:05.080305397,RGM_0324219,1,6.878812251814894e-06,False,False
N011_C0000605,11,2025-07-19 18:09:09.755305397,2025-07-19 18:09:12.430305397,2025-07-19 18:09:11.055305397,RGM_0324575,1,0.0018891685004656,False,False
N011_C0000606,11,2025-07-19 18:09:32.330305397,2025-07-19 18:09:34.955305397,2025-07-19 18:09:34.930305397,RGM_0324696,1,0.0001898286632649,False,False
N011_C0000607,11,2025-07-19 18:09:37.355305397,2025-07-19 18:09:37.405305397,2025-07-19 18:09:37.380305397,RGM_0324708,1,1.305606938231716e-05,False,False
N011_C0000608,11,2025-07-19 18:10:28.905469954,2025-07-19 18:10:30.255469954,2025-07-19 18:10:30.230469954,RGM_0325005,1,9.071142469716384e-05,False,False
N011_C0000609,11,2025-07-19 18:10:32.755469954,2025-07-19 18:10:32.805469954,2025-07-19 18:10:32.780469954,RGM_0325023,1,1.0890579572016228e-05,False,False
N011_C0000610,11,2025-07-19 18:10:37.305469954,2025-07-19 18:10:37.355469954,2025-07-19 18:10:37.330469954,RGM_0325053,1,8.325838077442137e-06,False,False
N011_C0000611,11,2025-07-19 18:10:52.680469954,2025-07-19 18:10:52.730469954,2025-07-19 18:10:52.705469954,RGM_0325149,1,1.0792556310920948e-05,False,False
N034_C0001106,34,2025-07-19 18:11:18.955469954,2025-07-19 18:11:19.005469954,2025-07-19 18:11:18.980469954,RGM_0325315,1,4.8388724560803024e-05,False,False
N011_C0000612,11,2025-07-19 18:11:21.855469954,2025-07-19 18:11:21.905469954,2025-07-19 18:11:21.880469954,RGM_0325333,1,1.0836131519642412e-05,False,False
N011_C0000613,11,2025-07-19 18:11:43.855469954,2025-07-19 18:11:46.605469954,2025-07-19 18:11:45.830469954,RGM_0325461,1,0.0002165368468196,False,False
N011_C0000614,11,2025-07-19 18:11:54.455469954,2025-07-19 18:11:54.505469954,2025-07-19 18:11:54.480469954,RGM_0325503,1,9.886812303678574e-06,False,False
N011_C0000615,11,2025-07-19 18:12:19.580469954,2025-07-19 18:12:19.630469954,2025-07-19 18:12:19.605469954,RGM_0325626,1,1.2408028118225342e-05,False,False
N023_C0001079,23,2025-07-19 18:12:19.780469954,2025-07-19 18:12:19.880469954,2025-07-19 18:12:19.830469954,RGM_0325627,1,0.0001067457439769,False,False
N011_C0000616,11,2025-07-19 18:12:25.305469954,2025-07-19 18:12:25.430469954,2025-07-19 18:12:25.330469954,RGM_0325651,1,2.028886592838724e-05,False,False
N011_C0000617,11,2025-07-19 18:12:38.105469954,2025-07-19 18:12:38.155469954,2025-07-19 18:12:38.130469954,RGM_0325704,1,1.1826095404068804e-05,False,False
N011_C0000618,11,2025-07-19 18:12:57.855469954,2025-07-19 18:12:57.980469954,2025-07-19 18:12:57.880469954,RGM_0325788,1,2.4306484271701045e-05,False,False
N011_C0000619,11,2025-07-19 18:13:13.755469954,2025-07-19 18:13:13.805469954,2025-07-19 18:13:13.780469954,RGM_0325855,1,1.0992817047461684e-05,False,False
N011_C0000620,11,2025-07-19 18:13:31.005469954,2025-07-19 18:13:31.055469954,2025-07-19 18:13:31.030469954,RGM_0325932,1,9.891942795748793e-06,False,False
N011_C0000621,11,2025-07-19 18:13:39.405469954,2025-07-19 18:13:39.455469954,2025-07-19 18:13:39.430469954,RGM_0325961,1,1.025873311048073e-05,False,False
N011_C0000622,11,2025-07-19 18:13:50.730469954,2025-07-19 18:13:50.780469954,2025-07-19 18:13:50.755469954,RGM_0326004,1,8.43815914985014e-06,False,False
N011_C0000623,11,2025-07-19 18:14:39.255469954,2025-07-19 18:14:40.005469954,2025-07-19 18:14:39.980469954,RGM_0326212,1,4.882596205058437e-05,False,False
N011_C0000624,11,2025-07-19 18:14:42.455469954,2025-07-19 18:14:42.505469954,2025-07-19 18:14:42.480469954,RGM_0326222,1,9.029799126320268e-06,False,False
N011_C0000625,11,2025-07-19 18:15:18.680469954,2025-07-19 18:15:18.730469954,2025-07-19 18:15:18.705469954,RGM_0326368,1,1.3401984902310828e-05,False,False
N011_C0000626,11,2025-07-19 18:15:21.230469954,2025-07-19 18:15:21.280469954,2025-07-19 18:15:21.255469954,RGM_0326381,1,1.2528558592743964e-05,False,False
N011_C0000627,11,2025-07-19 18:16:16.030469954,2025-07-19 18:16:16.080469954,2025-07-19 18:16:16.055469954,RGM_0326635,1,8.728319511429182e-06,False,False
N011_C0000628,11,2025-07-19 18:16:26.105469954,2025-07-19 18:16:26.780469954,2025-07-19 18:16:26.180469954,RGM_0326691,2,2.2602488703961784e-05,False,False
N011_C0000629,11,2025-07-19 18:17:00.505469954,2025-07-19 18:17:01.230469954,2025-07-19 18:17:01.130469954,RGM_0326854,1,3.814969447988259e-05,False,False
N011_C0000630,11,2025-07-19 18:17:24.030469954,2025-07-19 18:17:24.105469954,2025-07-19 18:17:24.055469954,RGM_0326978,1,1.0303091302284351e-05,False,False
N011_C0000631,11,2025-07-19 18:18:41.455469954,2025-07-19 18:18:41.580469954,2025-07-19 18:18:41.555469954,RGM_0327298,1,4.22723849102037e-05,False,False
N034_C0001107,34,2025-07-19 18:18:42.955469954,2025-07-19 18:18:43.055469954,2025-07-19 18:18:43.030469954,RGM_0327313,1,9.99954337546195e-05,False,False
N011_C0000632,11,2025-07-19 18:18:50.130469954,2025-07-19 18:18:50.230469954,2025-07-19 18:18:50.155469954,RGM_0327346,2,6.479296270371267e-06,False,False
N011_C0000633,11,2025-07-19 18:19:14.130469954,2025-07-19 18:19:14.230469954,2025-07-19 18:19:14.155469954,RGM_0327455,2,1.1725335896167162e-05,False,False
N011_C0000634,11,2025-07-19 18:19:28.305469954,2025-07-19 18:19:28.355469954,2025-07-19 18:19:28.330469954,RGM_0327526,1,6.878293465990279e-06,False,False
N011_C0000635,11,2025-07-19 18:19:30.780469954,2025-07-19 18:19:30.830469954,2025-07-19 18:19:30.805469954,RGM_0327538,1,1.0665400038150006e-05,False,False
N011_C0000636,11,2025-07-19 18:19:33.880469954,2025-07-19 18:19:34.005469954,2025-07-19 18:19:33.980469954,RGM_0327554,1,1.5735341830424034e-05,False,False
N011_C0000637,11,2025-07-19 18:20:03.805629094,2025-07-19 18:20:05.305629094,2025-07-19 18:20:03.905629094,RGM_0327695,1,8.512921723645738e-05,False,False
N011_C0000638,11,2025-07-19 18:20:20.630629094,2025-07-19 18:20:20.680629094,2025-07-19 18:20:20.655629094,RGM_0327758,1,8.309857824999935e-06,False,False
N011_C0000639,11,2025-07-19 18:20:33.630629094,2025-07-19 18:20:33.680629094,2025-07-19 18:20:33.655629094,RGM_0327816,1,9.517918492521483e-06,False,False
N011_C0000640,11,2025-07-19 18:20:36.730629094,2025-07-19 18:20:36.780629094,2025-07-19 18:20:36.755629094,RGM_0327834,1,7.780315096817253e-06,False,False
N011_C0000641,11,2025-07-19 18:21:28.380629094,2025-07-19 18:21:29.030629094,2025-07-19 18:21:29.005629094,RGM_0328089,1,3.187807783724157e-05,False,False
N011_C0000642,11,2025-07-19 18:22:12.055629094,2025-07-19 18:22:13.280629094,2025-07-19 18:22:12.680629094,RGM_0328284,2,8.532330517309125e-05,False,False
N034_C0001108,34,2025-07-19 18:22:37.105629094,2025-07-19 18:22:37.155629094,2025-07-19 18:22:37.130629094,RGM_0328373,1,6.17975769967785e-05,False,False
N011_C0000643,11,2025-07-19 18:22:39.380629094,2025-07-19 18:22:39.430629094,2025-07-19 18:22:39.405629094,RGM_0328384,1,1.6385350357392878e-05,False,False
N011_C0000644,11,2025-07-19 18:23:04.780629094,2025-07-19 18:23:05.455629094,2025-07-19 18:23:05.005629094,RGM_0328488,1,4.8012965018105045e-05,False,False
N011_C0000645,11,2025-07-19 18:23:11.005629094,2025-07-19 18:23:11.655629094,2025-07-19 18:23:11.630629094,RGM_0328517,1,6.599655602200652e-05,False,False
N011_C0000646,11,2025-07-19 18:23:36.180629094,2025-07-19 18:23:36.230629094,2025-07-19 18:23:36.205629094,RGM_0328635,1,6.858556923362749e-06,False,False
N011_C0000647,11,2025-07-19 18:23:56.530629094,2025-07-19 18:23:56.580629094,2025-07-19 18:23:56.555629094,RGM_0328724,1,1.1765161682168752e-05,False,False
N011_C0000648,11,2025-07-19 18:23:59.580629094,2025-07-19 18:24:00.230629094,2025-07-19 18:23:59.605629094,RGM_0328738,1,3.4487375828622e-05,False,False
N011_C0000649,11,2025-07-19 18:24:00.430629094,2025-07-19 18:24:02.705629094,2025-07-19 18:24:02.130629094,RGM_0328752,1,0.0015090825800126,False,False
N011_C0000650,11,2025-07-19 18:24:29.155629094,2025-07-19 18:24:31.705629094,2025-07-19 18:24:31.030629094,RGM_0328886,1,0.0001874771478894,False,False
N011_C0000651,11,2025-07-19 18:25:05.555629094,2025-07-19 18:25:05.605629094,2025-07-19 18:25:05.580629094,RGM_0329048,1,9.506642052735709e-06,False,False
N011_C0000652,11,2025-07-19 18:25:16.730629094,2025-07-19 18:25:16.780629094,2025-07-19 18:25:16.755629094,RGM_0329095,1,1.1931643607840643e-05,False,False
N011_C0000653,11,2025-07-19 18:25:24.155629094,2025-07-19 18:25:24.205629094,2025-07-19 18:25:24.180629094,RGM_0329131,1,7.56748390769225e-06,False,False
N011_C0000654,11,2025-07-19 18:25:28.530629094,2025-07-19 18:25:28.580629094,2025-07-19 18:25:28.555629094,RGM_0329154,1,1.2313720726166148e-05,False,False
N011_C0000655,11,2025-07-19 18:25:37.230629094,2025-07-19 18:25:37.280629094,2025-07-19 18:25:37.255629094,RGM_0329192,1,1.052018215206317e-05,False,False
N011_C0000656,11,2025-07-19 18:25:39.130629094,2025-07-19 18:25:40.355629094,2025-07-19 18:25:39.780629094,RGM_0329216,1,6.447939034012011e-05,False,False
N011_C0000657,11,2025-07-19 18:25:49.530629094,2025-07-19 18:25:49.580629094,2025-07-19 18:25:49.555629094,RGM_0329274,1,7.75550339503229e-06,False,False
N011_C0000658,11,2025-07-19 18:26:06.805629094,2025-07-19 18:26:08.080629094,2025-07-19 18:26:06.905629094,RGM_0329357,1,7.46474903242969e-05,False,False
N011_C0000659,11,2025-07-19 18:26:16.705629094,2025-07-19 18:26:16.755629094,2025-07-19 18:26:16.730629094,RGM_0329407,1,6.086508570529913e-06,False,False
N103_C0001440,103,2025-07-19 18:26:31.430629094,2025-07-19 18:26:33.430629094,2025-07-19 18:26:32.605629094,RGM_0329530,1,0.0001108506172882,True,True
N052_C0001207,52,2025-07-19 18:26:34.655629094,2025-07-19 18:26:34.755629094,2025-07-19 18:26:34.680629094,RGM_0329544,1,8.84400916612353e-06,False,False
N052_C0001208,52,2025-07-19 18:26:37.330629094,2025-07-19 18:26:37.655629094,2025-07-19 18:26:37.355629094,RGM_0329565,1,1.5720246974354286e-05,False,False
N000_C0000048,0,2025-07-19 18:26:40.430629094,2025-07-19 18:26:43.230629094,2025-07-19 18:26:43.130629094,RGM_0329606,1,0.001327285503595,False,False
N011_C0000660,11,2025-07-19 18:26:47.255629094,2025-07-19 18:26:47.380629094,2025-07-19 18:26:47.355629094,RGM_0329646,1,2.333372767936409e-05,False,False
N011_C0000661,11,2025-07-19 18:27:09.330629094,2025-07-19 18:27:09.380629094,2025-07-19 18:27:09.355629094,RGM_0329792,1,5.628127406270219e-06,False,False
N011_C0000662,11,2025-07-19 18:27:09.880629094,2025-07-19 18:27:10.205629094,2025-07-19 18:27:09.955629094,RGM_0329801,3,1.4562331512919869e-05,False,False
N011_C0000663,11,2025-07-19 18:27:12.330629094,2025-07-19 18:27:12.380629094,2025-07-19 18:27:12.355629094,RGM_0329819,1,8.202685696205498e-06,False,False
N011_C0000664,11,2025-07-19 18:27:15.980629094,2025-07-19 18:27:16.055629094,2025-07-19 18:27:16.005629094,RGM_0329840,1,7.000966113514804e-06,False,False
N011_C0000665,11,2025-07-19 18:27:20.880629094,2025-07-19 18:27:20.930629094,2025-07-19 18:27:20.905629094,RGM_0329886,1,1.0109020744957658e-05,False,False
N011_C0000666,11,2025-07-19 18:27:38.605629094,2025-07-19 18:27:38.655629094,2025-07-19 18:27:38.630629094,RGM_0330016,1,8.554248563458856e-06,False,False
N011_C0000667,11,2025-07-19 18:27:38.680629094,2025-07-19 18:27:38.730629094,2025-07-19 18:27:38.705629094,RGM_0330020,1,1.6156160533600887e-05,False,False
N011_C0000668,11,2025-07-19 18:27:43.505629094,2025-07-19 18:27:43.555629094,2025-07-19 18:27:43.530629094,RGM_0330055,1,8.401249618781035e-06,False,False
N011_C0000669,11,2025-07-19 18:27:52.105629094,2025-07-19 18:27:52.205629094,2025-07-19 18:27:52.180629094,RGM_0330100,1,1.7458044645471034e-05,False,False
N011_C0000670,11,2025-07-19 18:27:58.230629094,2025-07-19 18:27:58.280629094,2025-07-19 18:27:58.255629094,RGM_0330159,1,6.699311186737552e-06,False,False
N011_C0000671,11,2025-07-19 18:28:00.680629094,2025-07-19 18:28:00.730629094,2025-07-19 18:28:00.705629094,RGM_0330177,1,6.624612109066311e-06,False,False
N011_C0000672,11,2025-07-19 18:28:19.080629094,2025-07-19 18:28:19.405629094,2025-07-19 18:28:19.180629094,RGM_0330274,2,0.0002049367744789,False,False
N011_C0000673,11,2025-07-19 18:28:48.430629094,2025-07-19 18:28:48.680629094,2025-07-19 18:28:48.605629094,RGM_0330649,1,0.0001203616620792,False,False
N052_C0001209,52,2025-07-19 18:29:01.905629094,2025-07-19 18:29:02.080629094,2025-07-19 18:29:02.055629094,RGM_0330791,1,7.652230742828923e-06,False,False
N011_C0000674,11,2025-07-19 18:29:21.005629094,2025-07-19 18:29:21.130629094,2025-07-19 18:29:21.080629094,RGM_0331018,2,1.9092065252306687e-05,False,False
N011_C0000675,11,2025-07-19 18:29:23.530629094,2025-07-19 18:29:23.580629094,2025-07-19 18:29:23.555629094,RGM_0331054,1,1.0893558177631512e-05,False,False
N011_C0000676,11,2025-07-19 18:29:27.155629094,2025-07-19 18:29:27.280629094,2025-07-19 18:29:27.230629094,RGM_0331089,6,4.301093745889011e-05,False,False
N011_C0000677,11,2025-07-19 18:29:28.430629094,2025-07-19 18:29:30.955629094,2025-07-19 18:29:29.705629094,RGM_0331127,1,0.0015581368652663,False,False
N011_C0000678,11,2025-07-19 18:29:49.905629094,2025-07-19 18:29:49.955629094,2025-07-19 18:29:49.930629094,RGM_0331321,1,7.08065974024906e-06,False,False
N011_C0000679,11,2025-07-19 18:32:09.330806895,2025-07-19 18:32:09.455806895,2025-07-19 18:32:09.355806895,RGM_0332367,1,1.5731374631749165e-05,False,False
N011_C0000680,11,2025-07-19 18:32:11.880806895,2025-07-19 18:32:12.080806895,2025-07-19 18:32:11.905806895,RGM_0332384,1,2.3868127612602515e-05,False,False
N011_C0000681,11,2025-07-19 18:32:21.980806895,2025-07-19 18:32:22.180806895,2025-07-19 18:32:22.030806895,RGM_0332447,1,2.261006300144488e-05,False,False
N011_C0000682,11,2025-07-19 18:32:24.505806895,2025-07-19 18:32:24.555806895,2025-07-19 18:32:24.530806895,RGM_0332467,1,8.200790069602365e-06,False,False
N052_C0001210,52,2025-07-19 18:32:25.430806895,2025-07-19 18:32:27.505806895,2025-07-19 18:32:27.055806895,RGM_0332484,1,0.0001832085603945,False,False
N011_C0000683,11,2025-07-19 18:32:28.205806895,2025-07-19 18:32:28.280806895,2025-07-19 18:32:28.255806895,RGM_0332498,3,1.1635899580219268e-05,False,False
N052_C0001211,52,2025-07-19 18:33:16.430806895,2025-07-19 18:33:16.930806895,2025-07-19 18:33:16.530806895,RGM_0332831,1,2.7328654567030546e-05,False,False
N011_C0000684,11,2025-07-19 18:33:23.555806895,2025-07-19 18:33:23.605806895,2025-07-19 18:33:23.580806895,RGM_0332898,1,1.2714640604979426e-05,False,False
N011_C0000685,11,2025-07-19 18:33:24.880806895,2025-07-19 18:33:24.930806895,2025-07-19 18:33:24.905806895,RGM_0332909,1,8.33721531664337e-06,False,False
N020_C0001035,20,2025-07-19 18:33:24.880806895,2025-07-19 18:33:24.930806895,2025-07-19 18:33:24.905806895,RGM_0332908,1,4.195578067770644e-06,False,False
N011_C0000686,11,2025-07-19 18:33:27.530806895,2025-07-19 18:33:27.655806895,2025-07-19 18:33:27.605806895,RGM_0332929,1,2.4465669013531985e-05,False,False
N011_C0000687,11,2025-07-19 18:33:31.480806895,2025-07-19 18:33:31.555806895,2025-07-19 18:33:31.530806895,RGM_0332975,1,8.323787392179234e-06,False,False
N022_C0001067,22,2025-07-19 18:33:50.055806895,2025-07-19 18:33:50.555806895,2025-07-19 18:33:50.205806895,RGM_0333101,2,0.0001119071262104,False,False
N011_C0000688,11,2025-07-19 18:33:53.830806895,2025-07-19 18:33:53.955806895,2025-07-19 18:33:53.930806895,RGM_0333136,1,1.6876694868899832e-05,False,False
N011_C0000689,11,2025-07-19 18:34:18.655806895,2025-07-19 18:34:18.705806895,2025-07-19 18:34:18.680806895,RGM_0333316,1,9.062117803082168e-06,False,False
N020_C0001036,20,2025-07-19 18:34:19.330806895,2025-07-19 18:34:20.180806895,2025-07-19 18:34:19.355806895,RGM_0333321,1,7.557711045297452e-05,False,False
N011_C0000690,11,2025-07-19 18:34:28.880806895,2025-07-19 18:34:28.930806895,2025-07-19 18:34:28.905806895,RGM_0333399,1,7.104071285510071e-06,False,False
N020_C0001037,20,2025-07-19 18:34:40.880806895,2025-07-19 18:34:41.130806895,2025-07-19 18:34:40.980806895,RGM_0333485,1,2.562037116926734e-05,False,False
N020_C0001038,20,2025-07-19 18:34:43.630806895,2025-07-19 18:34:44.680806895,2025-07-19 18:34:43.730806895,RGM_0333508,1,5.823542332172316e-05,False,False
N011_C0000691,11,2025-07-19 18:34:45.030806895,2025-07-19 18:34:45.080806895,2025-07-19 18:34:45.055806895,RGM_0333518,1,8.431522308914379e-06,False,False
N020_C0001039,20,2025-07-19 18:34:47.655806895,2025-07-19 18:34:48.580806895,2025-07-19 18:34:47.680806895,RGM_0333533,1,3.960277915527356e-05,False,False
N020_C0001040,20,2025-07-19 18:34:59.280806895,2025-07-19 18:34:59.380806895,2025-07-19 18:34:59.330806895,RGM_0333594,1,8.817261682225695e-06,False,False
N011_C0000692,11,2025-07-19 18:35:08.280806895,2025-07-19 18:35:08.430806895,2025-07-19 18:35:08.380806895,RGM_0333644,1,2.221781026244004e-05,False,False
N011_C0000693,11,2025-07-19 18:35:12.505806895,2025-07-19 18:35:12.630806895,2025-07-19 18:35:12.605806895,RGM_0333668,1,2.829969657212176e-05,False,False
N011_C0000694,11,2025-07-19 18:35:13.955806895,2025-07-19 18:35:14.005806895,2025-07-19 18:35:13.980806895,RGM_0333675,1,6.7188875494813474e-06,False,False
N011_C0000695,11,2025-07-19 18:35:16.730806895,2025-07-19 18:35:16.780806895,2025-07-19 18:35:16.755806895,RGM_0333694,1,1.47158156632463e-05,False,False
N011_C0000696,11,2025-07-19 18:35:19.530806895,2025-07-19 18:35:19.580806895,2025-07-19 18:35:19.555806895,RGM_0333714,1,1.933156820433477e-05,False,False
N011_C0000697,11,2025-07-19 18:35:23.655806895,2025-07-19 18:35:23.780806895,2025-07-19 18:35:23.730806895,RGM_0333739,1,1.900891059789616e-05,False,False
N020_C0001041,20,2025-07-19 18:35:26.430806895,2025-07-19 18:35:27.205806895,2025-07-19 18:35:26.555806895,RGM_0333765,1,4.928164466153989e-05,False,False
N011_C0000698,11,2025-07-19 18:35:29.955806895,2025-07-19 18:35:30.080806895,2025-07-19 18:35:30.030806895,RGM_0333784,1,1.942386492938777e-05,False,False
N020_C0001042,20,2025-07-19 18:35:34.180806895,2025-07-19 18:35:34.355806895,2025-07-19 18:35:34.255806895,RGM_0333813,1,1.4336115568561897e-05,False,False
N011_C0000699,11,2025-07-19 18:35:37.080806895,2025-07-19 18:35:37.155806895,2025-07-19 18:35:37.105806895,RGM_0333834,1,1.0717470979433672e-05,False,False
N011_C0000700,11,2025-07-19 18:35:42.755806895,2025-07-19 18:35:42.805806895,2025-07-19 18:35:42.780806895,RGM_0333877,1,8.372900972391063e-06,False,False
N011_C0000701,11,2025-07-19 18:35:46.930806895,2025-07-19 18:35:47.055806895,2025-07-19 18:35:47.005806895,RGM_0333910,1,2.7927917298943467e-05,False,False
N011_C0000702,11,2025-07-19 18:35:55.030806895,2025-07-19 18:35:55.155806895,2025-07-19 18:35:55.080806895,RGM_0333954,2,9.949011288905802e-06,False,False
N011_C0000703,11,2025-07-19 18:35:56.855806895,2025-07-19 18:35:57.580806895,2025-07-19 18:35:57.555806895,RGM_0333971,1,4.1678813433812e-05,False,False
N011_C0000704,11,2025-07-19 18:36:30.680806895,2025-07-19 18:36:30.730806895,2025-07-19 18:36:30.705806895,RGM_0334174,1,9.989129864570353e-06,False,False
N052_C0001212,52,2025-07-19 18:36:31.605806895,2025-07-19 18:36:31.680806895,2025-07-19 18:36:31.630806895,RGM_0334178,1,6.939054149798859e-06,False,False
N011_C0000705,11,2025-07-19 18:36:33.755806895,2025-07-19 18:36:33.805806895,2025-07-19 18:36:33.780806895,RGM_0334203,1,7.779542185895052e-06,False,False
N034_C0001109,34,2025-07-19 18:36:39.480806895,2025-07-19 18:36:39.780806895,2025-07-19 18:36:39.705806895,RGM_0334229,1,0.0002278487109789,False,False
N052_C0001213,52,2025-07-19 18:37:04.455806895,2025-07-19 18:37:04.505806895,2025-07-19 18:37:04.480806895,RGM_0334338,1,4.788746087566296e-06,False,False
N011_C0000706,11,2025-07-19 18:37:55.030806895,2025-07-19 18:37:55.155806895,2025-07-19 18:37:55.130806895,RGM_0334593,1,1.6733387625387497e-05,False,False
N011_C0000707,11,2025-07-19 18:37:57.630806895,2025-07-19 18:37:57.680806895,2025-07-19 18:37:57.655806895,RGM_0334611,1,8.296391497586694e-06,False,False
N058_C0001314,58,2025-07-19 18:38:01.305806895,2025-07-19 18:38:01.355806895,2025-07-19 18:38:01.330806895,RGM_0334628,1,9.08919656540134e-06,False,False
N052_C0001214,52,2025-07-19 18:38:15.430806895,2025-07-19 18:38:19.155806895,2025-07-19 18:38:16.430806895,RGM_0334720,6,0.0018307988651844,False,False
N105_C0001453,105,2025-07-19 18:38:15.930806895,2025-07-19 18:38:17.930806895,2025-07-19 18:38:16.930806895,RGM_0334735,1,0.0004891704668058,False,False
N108_C0001474,108,2025-07-19 18:38:17.055806895,2025-07-19 18:38:17.555806895,2025-07-19 18:38:17.305806895,RGM_0334739,1,4.0943894520596136e-05,False,False
N103_C0001441,103,2025-07-19 18:38:16.155806895,2025-07-19 18:38:18.430806895,2025-07-19 18:38:17.430806895,RGM_0334743,8,0.0003692729090795,True,True
N103_C0001442,103,2025-07-19 18:38:32.530806895,2025-07-19 18:38:32.780806895,2025-07-19 18:38:32.680806895,RGM_0334824,1,1.5220004418701e-05,True,True
N104_C0001451,104,2025-07-19 18:38:48.430806895,2025-07-19 18:38:48.930806895,2025-07-19 18:38:48.680806895,RGM_0334914,1,0.0003303051274178,True,True
N103_C0001443,103,2025-07-19 18:38:47.930806895,2025-07-19 18:38:49.930806895,2025-07-19 18:38:48.930806895,RGM_0334925,4,0.0002991740073371,True,True
N106_C0001459,106,2025-07-19 18:38:48.680806895,2025-07-19 18:38:49.680806895,2025-07-19 18:38:48.930806895,RGM_0334924,2,0.0003479551101703,False,False
N105_C0001454,105,2025-07-19 18:38:48.430806895,2025-07-19 18:38:50.430806895,2025-07-19 18:38:49.180806895,RGM_0334927,2,0.0003793682182809,False,False
N020_C0001043,20,2025-07-19 18:38:52.930806895,2025-07-19 18:38:53.030806895,2025-07-19 18:38:52.955806895,RGM_0334949,1,9.325184950587207e-06,False,False
N108_C0001475,108,2025-07-19 18:39:09.530806895,2025-07-19 18:39:09.830806895,2025-07-19 18:39:09.680806895,RGM_0335037,1,2.1323503971408807e-05,False,False
N108_C0001476,108,2025-07-19 18:39:11.680806895,2025-07-19 18:39:12.430806895,2025-07-19 18:39:12.130806895,RGM_0335053,1,5.978072895946292e-05,False,False
N011_C0000708,11,2025-07-19 18:39:59.255806895,2025-07-19 18:39:59.305806895,2025-07-19 18:39:59.280806895,RGM_0335355,1,7.445635006901647e-06,False,False
N011_C0000709,11,2025-07-19 18:40:03.856003207,2025-07-19 18:40:03.906003207,2025-07-19 18:40:03.881003207,RGM_0335379,1,6.140511120177695e-06,False,False
N106_C0001460,106,2025-07-19 18:40:11.431003207,2025-07-19 18:40:12.556003207,2025-07-19 18:40:12.356003207,RGM_0335443,1,0.0001047634258873,False,False
N108_C0001477,108,2025-07-19 18:40:12.331003207,2025-07-19 18:40:12.531003207,2025-07-19 18:40:12.381003207,RGM_0335444,2,7.867247620208755e-05,False,False
N011_C0000710,11,2025-07-19 18:40:32.906003207,2025-07-19 18:40:33.381003207,2025-07-19 18:40:33.356003207,RGM_0335614,1,4.050656868221817e-05,False,False
N017_C0000909,17,2025-07-19 18:40:38.031003207,2025-07-19 18:40:38.156003207,2025-07-19 18:40:38.131003207,RGM_0335654,1,2.348500164281144e-05,False,False
N103_C0001444,103,2025-07-19 18:40:46.181003207,2025-07-19 18:40:47.431003207,2025-07-19 18:40:46.556003207,RGM_0335720,1,7.657230647220947e-05,True,True
N058_C0001315,58,2025-07-19 18:40:58.556003207,2025-07-19 18:40:58.681003207,2025-07-19 18:40:58.631003207,RGM_0335801,1,2.346445318038142e-05,False,False
N034_C0001110,34,2025-07-19 18:41:20.206003207,2025-07-19 18:41:21.056003207,2025-07-19 18:41:20.231003207,RGM_0335984,1,0.000553198179584,False,False
N103_C0001445,103,2025-07-19 18:41:23.381003207,2025-07-19 18:41:23.581003207,2025-07-19 18:41:23.481003207,RGM_0336017,1,4.692399592761479e-05,True,True
N106_C0001461,106,2025-07-19 18:41:23.306003207,2025-07-19 18:41:25.431003207,2025-07-19 18:41:23.481003207,RGM_0336018,1,0.0001437236606757,False,False
N052_C0001215,52,2025-07-19 18:41:29.781003207,2025-07-19 18:41:30.481003207,2025-07-19 18:41:30.406003207,RGM_0336083,1,3.059951655085292e-05,False,False
N018_C0000972,18,2025-07-19 18:42:20.781003207,2025-07-19 18:42:21.081003207,2025-07-19 18:42:20.856003207,RGM_0336482,1,2.078666420711143e-05,False,False
N017_C0000910,17,2025-07-19 18:42:24.931003207,2025-07-19 18:42:25.081003207,2025-07-19 18:42:25.006003207,RGM_0336520,1,2.230563500410936e-05,False,False
N052_C0001216,52,2025-07-19 18:42:24.581003207,2025-07-19 18:42:27.006003207,2025-07-19 18:42:25.331003207,RGM_0336523,1,0.0001891324743924,False,False
N011_C0000711,11,2025-07-19 18:42:34.031003207,2025-07-19 18:42:34.156003207,2025-07-19 18:42:34.106003207,RGM_0336597,1,2.550725032160393e-05,False,False
N018_C0000973,18,2025-07-19 18:42:36.781003207,2025-07-19 18:42:36.981003207,2025-07-19 18:42:36.931003207,RGM_0336614,1,3.5738561825669526e-05,False,False
N052_C0001217,52,2025-07-19 18:42:55.406003207,2025-07-19 18:42:55.456003207,2025-07-19 18:42:55.431003207,RGM_0336766,1,6.038992305883148e-06,False,False
N011_C0000712,11,2025-07-19 18:43:22.581003207,2025-07-19 18:43:22.681003207,2025-07-19 18:43:22.606003207,RGM_0337002,1,1.2945783846936835e-05,False,False
N011_C0000713,11,2025-07-19 18:43:32.106003207,2025-07-19 18:43:32.156003207,2025-07-19 18:43:32.131003207,RGM_0337095,1,9.836990045852028e-06,False,False
N011_C0000714,11,2025-07-19 18:43:49.306003207,2025-07-19 18:43:49.356003207,2025-07-19 18:43:49.331003207,RGM_0337236,1,7.556045602762159e-06,False,False
N060_C0001360,60,2025-07-19 18:43:55.056003207,2025-07-19 18:43:56.631003207,2025-07-19 18:43:56.481003207,RGM_0337281,1,0.0001022335994277,False,False
N060_C0001361,60,2025-07-19 18:44:10.681003207,2025-07-19 18:44:12.931003207,2025-07-19 18:44:11.206003207,RGM_0337394,1,0.000431484191473,False,False
N058_C0001316,58,2025-07-19 18:44:12.381003207,2025-07-19 18:44:12.431003207,2025-07-19 18:44:12.406003207,RGM_0337405,1,8.670778862152667e-06,False,False
N052_C0001218,52,2025-07-19 18:44:14.231003207,2025-07-19 18:44:14.331003207,2025-07-19 18:44:14.306003207,RGM_0337422,1,8.81129086929288e-06,False,False
N011_C0000715,11,2025-07-19 18:44:28.906003207,2025-07-19 18:44:28.956003207,2025-07-19 18:44:28.931003207,RGM_0337522,1,7.2433268006032895e-06,False,False
N058_C0001317,58,2025-07-19 18:44:38.756003207,2025-07-19 18:44:38.806003207,2025-07-19 18:44:38.781003207,RGM_0337591,1,7.162182878228823e-06,False,False
N011_C0000716,11,2025-07-19 18:44:52.431003207,2025-07-19 18:44:52.481003207,2025-07-19 18:44:52.456003207,RGM_0337685,1,8.987725644026806e-06,False,False
N011_C0000717,11,2025-07-19 18:44:54.981003207,2025-07-19 18:44:55.031003207,2025-07-19 18:44:55.006003207,RGM_0337714,1,9.463841707984516e-06,False,False
N017_C0000911,17,2025-07-19 18:45:53.931003207,2025-07-19 18:45:54.031003207,2025-07-19 18:45:54.006003207,RGM_0338146,1,1.6903868805385498e-05,False,False
N034_C0001111,34,2025-07-19 18:47:00.756003207,2025-07-19 18:47:01.956003207,2025-07-19 18:47:00.856003207,RGM_0338580,1,0.0006556096473839,False,False
N011_C0000718,11,2025-07-19 18:47:00.431003207,2025-07-19 18:47:02.431003207,2025-07-19 18:47:01.206003207,RGM_0338583,2,0.0002600549025927,False,False
N017_C0000912,17,2025-07-19 18:47:04.281003207,2025-07-19 18:47:04.431003207,2025-07-19 18:47:04.381003207,RGM_0338616,1,3.5957222316986335e-05,False,False
N017_C0000913,17,2025-07-19 18:47:15.806003207,2025-07-19 18:47:15.856003207,2025-07-19 18:47:15.831003207,RGM_0338698,1,8.67530231561008e-06,False,False
N011_C0000719,11,2025-07-19 18:47:17.656003207,2025-07-19 18:47:17.706003207,2025-07-19 18:47:17.681003207,RGM_0338724,1,1.1244873129845698e-05,False,False
N011_C0000720,11,2025-07-19 18:47:17.731003207,2025-07-19 18:47:17.781003207,2025-07-19 18:47:17.756003207,RGM_0338728,1,1.775563976902217e-05,False,False
N017_C0000914,17,2025-07-19 18:47:17.656003207,2025-07-19 18:47:17.781003207,2025-07-19 18:47:17.756003207,RGM_0338727,1,3.325611866809056e-05,False,False
N011_C0000721,11,2025-07-19 18:47:33.056003207,2025-07-19 18:47:34.356003207,2025-07-19 18:47:33.781003207,RGM_0338838,1,7.283847985992172e-05,False,False
N103_C0001446,103,2025-07-19 18:47:36.856003207,2025-07-19 18:47:37.981003207,2025-07-19 18:47:37.881003207,RGM_0338869,1,4.838956948881811e-05,True,True
N046_C0001179,46,2025-07-19 18:47:39.306003207,2025-07-19 18:47:39.806003207,2025-07-19 18:47:39.556003207,RGM_0338888,1,0.0001671221619817,False,False
N106_C0001462,106,2025-07-19 18:47:39.806003207,2025-07-19 18:47:40.931003207,2025-07-19 18:47:40.181003207,RGM_0338897,1,3.4471947194545965e-05,False,False
N045_C0001178,45,2025-07-19 18:47:40.431003207,2025-07-19 18:47:42.431003207,2025-07-19 18:47:41.431003207,RGM_0338911,3,0.0018852827207233,False,False
N046_C0001180,46,2025-07-19 18:47:40.181003207,2025-07-19 18:47:44.431003207,2025-07-19 18:47:41.431003207,RGM_0338909,26,0.0165255129144642,False,False
N052_C0001219,52,2025-07-19 18:47:40.431003207,2025-07-19 18:47:42.431003207,2025-07-19 18:47:41.431003207,RGM_0338906,2,0.0004566458974887,False,False
N051_C0001202,51,2025-07-19 18:47:41.431003207,2025-07-19 18:47:42.056003207,2025-07-19 18:47:41.681003207,RGM_0338918,2,0.0019008683667157,False,False
N047_C0001191,47,2025-07-19 18:47:41.706003207,2025-07-19 18:47:41.806003207,2025-07-19 18:47:41.756003207,RGM_0338930,1,5.346230150819917e-05,False,False
N044_C0001176,44,2025-07-19 18:47:41.681003207,2025-07-19 18:47:42.181003207,2025-07-19 18:47:41.931003207,RGM_0338936,2,0.0005288332831862,False,False
N052_C0001220,52,2025-07-19 18:47:42.931003207,2025-07-19 18:47:43.431003207,2025-07-19 18:47:43.156003207,RGM_0338973,2,6.632209492877507e-05,False,False
N011_C0000722,11,2025-07-19 18:47:42.431003207,2025-07-19 18:47:44.431003207,2025-07-19 18:47:43.431003207,RGM_0338977,1,0.0006582525460736,False,False
N051_C0001203,51,2025-07-19 18:47:42.931003207,2025-07-19 18:47:43.806003207,2025-07-19 18:47:43.556003207,RGM_0338981,2,8.97577847638813e-05,False,False
N052_C0001221,52,2025-07-19 18:47:45.481003207,2025-07-19 18:47:45.631003207,2025-07-19 18:47:45.506003207,RGM_0339009,1,1.1580773310735663e-05,False,False
N046_C0001181,46,2025-07-19 18:47:46.181003207,2025-07-19 18:47:47.181003207,2025-07-19 18:47:46.406003207,RGM_0339014,1,9.851275011463272e-05,False,False
N011_C0000723,11,2025-07-19 18:47:47.681003207,2025-07-19 18:47:48.681003207,2025-07-19 18:47:48.006003207,RGM_0339036,2,0.0001512837619567,False,False
N103_C0001447,103,2025-07-19 18:47:47.431003207,2025-07-19 18:47:49.431003207,2025-07-19 18:47:48.131003207,RGM_0339039,2,4.879462304379741e-05,True,True
N017_C0000915,17,2025-07-19 18:47:48.531003207,2025-07-19 18:47:48.656003207,2025-07-19 18:47:48.556003207,RGM_0339049,1,2.4970098210146443e-05,False,False
N046_C0001182,46,2025-07-19 18:47:48.181003207,2025-07-19 18:47:49.181003207,2025-07-19 18:47:48.681003207,RGM_0339052,5,0.0025947470429526,False,False
N048_C0001193,48,2025-07-19 18:47:47.931003207,2025-07-19 18:47:50.431003207,2025-07-19 18:47:49.206003207,RGM_0339063,1,0.0008285908893192,False,False
N046_C0001183,46,2025-07-19 18:47:52.006003207,2025-07-19 18:47:52.781003207,2025-07-19 18:47:52.631003207,RGM_0339117,1,0.0002383635441191,False,False
N052_C0001222,52,2025-07-19 18:47:52.656003207,2025-07-19 18:47:53.006003207,2025-07-19 18:47:52.756003207,RGM_0339118,1,2.7710147072678737e-05,False,False
N046_C0001184,46,2025-07-19 18:47:52.981003207,2025-07-19 18:47:53.131003207,2025-07-19 18:47:53.031003207,RGM_0339120,1,1.9170834674475764e-05,False,False
N052_C0001223,52,2025-07-19 18:47:53.131003207,2025-07-19 18:47:53.281003207,2025-07-19 18:47:53.231003207,RGM_0339121,1,1.2245764134863226e-05,False,False
N040_C0001167,40,2025-07-19 18:47:52.431003207,2025-07-19 18:47:54.431003207,2025-07-19 18:47:53.431003207,RGM_0339123,19,0.0048281046311368,False,False
N042_C0001173,42,2025-07-19 18:47:53.506003207,2025-07-19 18:47:53.606003207,2025-07-19 18:47:53.556003207,RGM_0339125,1,0.0002183965673882,False,False
N043_C0001175,43,2025-07-19 18:47:53.581003207,2025-07-19 18:47:53.681003207,2025-07-19 18:47:53.631003207,RGM_0339131,1,0.0001645057030264,False,False
N044_C0001177,44,2025-07-19 18:47:53.681003207,2025-07-19 18:47:54.181003207,2025-07-19 18:47:53.931003207,RGM_0339152,1,0.0017084211072885,False,False
N034_C0001112,34,2025-07-19 18:47:53.906003207,2025-07-19 18:47:54.006003207,2025-07-19 18:47:53.956003207,RGM_0339157,1,0.0001460261091161,False,False
N035_C0001115,35,2025-07-19 18:47:54.031003207,2025-07-19 18:47:54.081003207,2025-07-19 18:47:54.056003207,RGM_0339167,1,0.0001263504251691,False,False
N042_C0001174,42,2025-07-19 18:47:54.106003207,2025-07-19 18:47:54.206003207,2025-07-19 18:47:54.156003207,RGM_0339177,1,0.0002124090276234,False,False
N103_C0001448,103,2025-07-19 18:47:52.431003207,2025-07-19 18:47:55.931003207,2025-07-19 18:47:54.181003207,RGM_0339178,5,0.0003703618012434,True,True
N108_C0001478,108,2025-07-19 18:47:54.131003207,2025-07-19 18:47:54.331003207,2025-07-19 18:47:54.231003207,RGM_0339198,1,0.0003572283693971,False,False
N106_C0001463,106,2025-07-19 18:47:54.056003207,2025-07-19 18:47:54.556003207,2025-07-19 18:47:54.281003207,RGM_0339204,7,0.0004173939504744,False,False
N037_C0001121,37,2025-07-19 18:47:54.281003207,2025-07-19 18:47:54.331003207,2025-07-19 18:47:54.306003207,RGM_0339208,1,2.2628090366026888e-05,False,False
N105_C0001455,105,2025-07-19 18:47:53.931003207,2025-07-19 18:47:54.931003207,2025-07-19 18:47:54.306003207,RGM_0339211,1,0.0004464249338612,False,False
N036_C0001116,36,2025-07-19 18:47:54.306003207,2025-07-19 18:47:54.356003207,2025-07-19 18:47:54.331003207,RGM_0339218,1,2.498362795679404e-05,False,False
N046_C0001185,46,2025-07-19 18:47:53.431003207,2025-07-19 18:47:55.431003207,2025-07-19 18:47:54.431003207,RGM_0339228,24,0.1689743662343685,False,False
N048_C0001194,48,2025-07-19 18:47:53.431003207,2025-07-19 18:47:55.431003207,2025-07-19 18:47:54.431003207,RGM_0339231,2,0.0258088131993569,False,False
N051_C0001204,51,2025-07-19 18:47:53.931003207,2025-07-19 18:47:54.931003207,2025-07-19 18:47:54.431003207,RGM_0339233,2,0.1334296746528092,False,False
N052_C0001224,52,2025-07-19 18:47:53.431003207,2025-07-19 18:47:55.431003207,2025-07-19 18:47:54.431003207,RGM_0339224,11,0.0035317660411365,False,False
N109_C0001481,109,2025-07-19 18:47:53.931003207,2025-07-19 18:47:54.931003207,2025-07-19 18:47:54.431003207,RGM_0339239,1,0.0004583661663231,False,False
N046_C0001186,46,2025-07-19 18:47:55.831003207,2025-07-19 18:47:55.931003207,2025-07-19 18:47:55.881003207,RGM_0339276,3,4.5874520620965184e-05,False,False
N058_C0001318,58,2025-07-19 18:47:55.856003207,2025-07-19 18:47:55.906003207,2025-07-19 18:47:55.881003207,RGM_0339277,1,9.934962138724778e-06,False,False
N058_C0001319,58,2025-07-19 18:47:55.931003207,2025-07-19 18:47:55.981003207,2025-07-19 18:47:55.956003207,RGM_0339278,1,9.4860400344343e-06,False,False
N060_C0001362,60,2025-07-19 18:47:55.881003207,2025-07-19 18:47:56.306003207,2025-07-19 18:47:56.256003207,RGM_0339289,2,4.788149492075708e-05,False,False
N058_C0001320,58,2025-07-19 18:47:56.031003207,2025-07-19 18:47:56.581003207,2025-07-19 18:47:56.281003207,RGM_0339294,8,8.766537283101723e-05,False,False
N052_C0001225,52,2025-07-19 18:47:56.856003207,2025-07-19 18:47:56.981003207,2025-07-19 18:47:56.956003207,RGM_0339315,1,2.007792314208694e-05,False,False
N058_C0001321,58,2025-07-19 18:47:56.931003207,2025-07-19 18:47:59.556003207,2025-07-19 18:47:57.931003207,RGM_0339363,14,0.038567436037563,False,False
N059_C0001344,59,2025-07-19 18:47:56.931003207,2025-07-19 18:47:58.931003207,2025-07-19 18:47:57.931003207,RGM_0339364,3,0.0559326580932093,False,False
N060_C0001363,60,2025-07-19 18:47:56.931003207,2025-07-19 18:47:58.931003207,2025-07-19 18:47:57.931003207,RGM_0339362,2,0.0504379925918787,False,False
N061_C0001369,61,2025-07-19 18:47:56.931003207,2025-07-19 18:47:58.931003207,2025-07-19 18:47:57.931003207,RGM_0339366,3,0.044943327090548,False,False
N062_C0001373,62,2025-07-19 18:47:58.781003207,2025-07-19 18:47:58.881003207,2025-07-19 18:47:58.831003207,RGM_0339396,1,2.3491071173025277e-05,False,False
N062_C0001374,62,2025-07-19 18:47:58.981003207,2025-07-19 18:47:59.181003207,2025-07-19 18:47:59.081003207,RGM_0339408,2,3.6668338705669206e-05,False,False
N061_C0001370,61,2025-07-19 18:47:59.131003207,2025-07-19 18:47:59.231003207,2025-07-19 18:47:59.206003207,RGM_0339422,1,1.7583266886456803e-05,False,False
N059_C0001345,59,2025-07-19 18:47:59.431003207,2025-07-19 18:47:59.531003207,2025-07-19 18:47:59.481003207,RGM_0339430,1,2.5010436307576185e-05,False,False
N060_C0001364,60,2025-07-19 18:47:59.331003207,2025-07-19 18:47:59.531003207,2025-07-19 18:47:59.481003207,RGM_0339429,1,3.452906780412867e-05,False,False
N059_C0001346,59,2025-07-19 18:47:59.781003207,2025-07-19 18:47:59.831003207,2025-07-19 18:47:59.806003207,RGM_0339437,1,2.748270456698681e-06,False,False
N060_C0001365,60,2025-07-19 18:47:59.781003207,2025-07-19 18:47:59.831003207,2025-07-19 18:47:59.806003207,RGM_0339436,1,3.0701999226538567e-06,False,False
N106_C0001464,106,2025-07-19 18:48:05.656003207,2025-07-19 18:48:07.031003207,2025-07-19 18:48:05.706003207,RGM_0339494,1,0.0001355615166825,False,False
N017_C0000916,17,2025-07-19 18:48:10.681003207,2025-07-19 18:48:11.081003207,2025-07-19 18:48:11.056003207,RGM_0339560,1,2.995385837103308e-05,False,False
N011_C0000724,11,2025-07-19 18:48:11.056003207,2025-07-19 18:48:11.156003207,2025-07-19 18:48:11.081003207,RGM_0339561,1,1.869007280958693e-05,False,False
N017_C0000917,17,2025-07-19 18:48:15.381003207,2025-07-19 18:48:15.431003207,2025-07-19 18:48:15.406003207,RGM_0339613,1,1.9512604617103575e-05,False,False
N011_C0000725,11,2025-07-19 18:48:15.381003207,2025-07-19 18:48:15.481003207,2025-07-19 18:48:15.431003207,RGM_0339614,2,6.346183568628404e-05,False,False
N108_C0001479,108,2025-07-19 18:48:16.981003207,2025-07-19 18:48:17.281003207,2025-07-19 18:48:17.106003207,RGM_0339631,1,4.441704885308108e-05,False,False
N017_C0000918,17,2025-07-19 18:48:27.856003207,2025-07-19 18:48:28.406003207,2025-07-19 18:48:28.381003207,RGM_0339748,1,3.0876559152666104e-05,False,False
N011_C0000726,11,2025-07-19 18:48:28.356003207,2025-07-19 18:48:28.431003207,2025-07-19 18:48:28.406003207,RGM_0339749,1,1.6626731272417528e-05,False,False
N018_C0000974,18,2025-07-19 18:48:28.181003207,2025-07-19 18:48:29.181003207,2025-07-19 18:48:28.406003207,RGM_0339750,1,0.0001175921635215,False,False
N017_C0000919,17,2025-07-19 18:48:29.606003207,2025-07-19 18:48:30.606003207,2025-07-19 18:48:30.231003207,RGM_0339767,2,5.317221096969117e-05,False,False
N011_C0000727,11,2025-07-19 18:48:30.231003207,2025-07-19 18:48:30.331003207,2025-07-19 18:48:30.281003207,RGM_0339769,1,2.2039336549607403e-05,False,False
N106_C0001465,106,2025-07-19 18:48:30.931003207,2025-07-19 18:48:31.131003207,2025-07-19 18:48:31.031003207,RGM_0339786,1,2.8511405569952187e-05,False,False
N106_C0001466,106,2025-07-19 18:48:32.706003207,2025-07-19 18:48:32.856003207,2025-07-19 18:48:32.781003207,RGM_0339814,1,2.1811955575820347e-05,False,False
N018_C0000975,18,2025-07-19 18:48:33.331003207,2025-07-19 18:48:33.531003207,2025-07-19 18:48:33.431003207,RGM_0339815,1,3.622872319566248e-05,False,False
N011_C0000728,11,2025-07-19 18:48:41.431003207,2025-07-19 18:48:41.556003207,2025-07-19 18:48:41.506003207,RGM_0339903,2,3.3336519170724465e-05,False,False
N017_C0000920,17,2025-07-19 18:48:40.681003207,2025-07-19 18:48:42.181003207,2025-07-19 18:48:41.556003207,RGM_0339905,2,0.0001257644477631,False,False
N011_C0000729,11,2025-07-19 18:48:51.331003207,2025-07-19 18:48:51.531003207,2025-07-19 18:48:51.431003207,RGM_0340024,1,5.042375941480203e-05,False,False
N017_C0000921,17,2025-07-19 18:48:53.831003207,2025-07-19 18:48:53.956003207,2025-07-19 18:48:53.931003207,RGM_0340051,1,4.5977300432852814e-05,False,False
N017_C0000922,17,2025-07-19 18:48:57.556003207,2025-07-19 18:48:58.231003207,2025-07-19 18:48:57.631003207,RGM_0340069,1,4.913529010013925e-05,False,False
N018_C0000976,18,2025-07-19 18:49:11.281003207,2025-07-19 18:49:11.331003207,2025-07-19 18:49:11.306003207,RGM_0340172,1,6.521805719535882e-06,False,False
N011_C0000730,11,2025-07-19 18:49:29.356003207,2025-07-19 18:49:29.456003207,2025-07-19 18:49:29.381003207,RGM_0340286,2,1.06552792302647e-05,False,False
N106_C0001467,106,2025-07-19 18:49:33.081003207,2025-07-19 18:49:33.931003207,2025-07-19 18:49:33.656003207,RGM_0340306,1,5.011074759223144e-05,False,False
N111_C0001485,111,2025-07-19 18:49:36.181003207,2025-07-19 18:49:36.681003207,2025-07-19 18:49:36.431003207,RGM_0340323,1,0.0002845393487076,False,False
N108_C0001480,108,2025-07-19 18:49:36.431003207,2025-07-19 18:49:36.631003207,2025-07-19 18:49:36.531003207,RGM_0340331,1,0.0014388993149255,False,False
N109_C0001482,109,2025-07-19 18:49:35.931003207,2025-07-19 18:49:36.931003207,2025-07-19 18:49:36.531003207,RGM_0340339,4,0.0014388993149255,False,False
N110_C0001484,110,2025-07-19 18:49:36.431003207,2025-07-19 18:49:36.631003207,2025-07-19 18:49:36.531003207,RGM_0340329,2,0.000396183348237,False,False
N112_C0001511,112,2025-07-19 18:49:36.506003207,2025-07-19 18:49:36.556003207,2025-07-19 18:49:36.531003207,RGM_0340327,1,8.462757962186987e-05,False,False
N106_C0001468,106,2025-07-19 18:49:36.306003207,2025-07-19 18:49:36.806003207,2025-07-19 18:49:36.556003207,RGM_0340348,5,0.0014463942465158,False,False
N105_C0001456,105,2025-07-19 18:49:35.931003207,2025-07-19 18:49:37.931003207,2025-07-19 18:49:36.931003207,RGM_0340355,2,0.0004923906394673,False,False
N106_C0001469,106,2025-07-19 18:49:37.956003207,2025-07-19 18:49:38.006003207,2025-07-19 18:49:37.981003207,RGM_0340361,1,2.6573971800177577e-06,False,False
N011_C0000731,11,2025-07-19 18:50:53.081199404,2025-07-19 18:50:53.131199404,2025-07-19 18:50:53.106199404,RGM_0340833,1,1.6510808914157476e-05,False,False
N011_C0000732,11,2025-07-19 18:50:55.681199404,2025-07-19 18:50:55.731199404,2025-07-19 18:50:55.706199404,RGM_0340854,1,1.3437066091407224e-05,False,False
N011_C0000733,11,2025-07-19 18:51:04.906199404,2025-07-19 18:51:05.006199404,2025-07-19 18:51:04.931199404,RGM_0340926,1,3.789881383081776e-05,False,False
N011_C0000734,11,2025-07-19 18:51:12.006199404,2025-07-19 18:51:12.056199404,2025-07-19 18:51:12.031199404,RGM_0340970,1,7.292542842104517e-06,False,False
N011_C0000735,11,2025-07-19 18:52:00.806199404,2025-07-19 18:52:00.856199404,2025-07-19 18:52:00.831199404,RGM_0341275,1,1.01197950497124e-05,False,False
N022_C0001068,22,2025-07-19 18:52:07.931199404,2025-07-19 18:52:10.431199404,2025-07-19 18:52:09.106199404,RGM_0341330,1,0.0001116237061722,False,False
N058_C0001322,58,2025-07-19 18:52:20.506199404,2025-07-19 18:52:20.556199404,2025-07-19 18:52:20.531199404,RGM_0341404,1,1.7067880435426887e-05,False,False
N011_C0000736,11,2025-07-19 18:52:21.731199404,2025-07-19 18:52:21.781199404,2025-07-19 18:52:21.756199404,RGM_0341410,1,9.352728726162465e-06,False,False
N011_C0000737,11,2025-07-19 18:52:30.606199404,2025-07-19 18:52:30.706199404,2025-07-19 18:52:30.631199404,RGM_0341462,2,8.751835427933705e-06,False,False
N011_C0000738,11,2025-07-19 18:52:34.656199404,2025-07-19 18:52:34.706199404,2025-07-19 18:52:34.681199404,RGM_0341489,1,8.538657149584476e-06,False,False
N011_C0000739,11,2025-07-19 18:52:37.381199404,2025-07-19 18:52:37.431199404,2025-07-19 18:52:37.406199404,RGM_0341505,1,1.0275761968457806e-05,False,False
N011_C0000740,11,2025-07-19 18:52:49.756199404,2025-07-19 18:52:49.806199404,2025-07-19 18:52:49.781199404,RGM_0341590,1,1.095566019022347e-05,False,False
N055_C0001232,55,2025-07-19 18:52:50.556199404,2025-07-19 18:52:50.656199404,2025-07-19 18:52:50.581199404,RGM_0341596,1,6.942261061032524e-06,False,False
N011_C0000741,11,2025-07-19 18:53:45.806199404,2025-07-19 18:53:45.856199404,2025-07-19 18:53:45.831199404,RGM_0341953,1,1.1034295333131414e-05,False,False
N011_C0000742,11,2025-07-19 18:54:38.856199404,2025-07-19 18:54:38.906199404,2025-07-19 18:54:38.881199404,RGM_0342312,1,8.777057137575386e-06,False,False
N011_C0000743,11,2025-07-19 18:54:41.431199404,2025-07-19 18:54:41.481199404,2025-07-19 18:54:41.456199404,RGM_0342333,1,1.225164744151178e-05,False,False
N087_C0001416,87,2025-07-19 18:54:50.481199404,2025-07-19 18:54:50.781199404,2025-07-19 18:54:50.506199404,RGM_0342398,1,1.4926836160661168e-05,False,False
N086_C0001406,86,2025-07-19 18:54:50.931199404,2025-07-19 18:54:53.431199404,2025-07-19 18:54:51.931199404,RGM_0342509,2,0.0005047440032994,False,False
N058_C0001323,58,2025-07-19 18:54:52.806199404,2025-07-19 18:54:52.856199404,2025-07-19 18:54:52.831199404,RGM_0342513,1,1.864896173610072e-05,False,False
N087_C0001417,87,2025-07-19 18:54:53.231199404,2025-07-19 18:54:53.281199404,2025-07-19 18:54:53.256199404,RGM_0342515,1,3.0206950543406942e-06,False,False
N011_C0000744,11,2025-07-19 18:55:14.831199404,2025-07-19 18:55:14.881199404,2025-07-19 18:55:14.856199404,RGM_0342662,1,8.497022954569731e-06,False,False
N105_C0001457,105,2025-07-19 18:55:18.481199404,2025-07-19 18:55:18.581199404,2025-07-19 18:55:18.556199404,RGM_0342692,1,8.980895717683507e-06,False,False
N011_C0000745,11,2025-07-19 18:55:21.506199404,2025-07-19 18:55:21.606199404,2025-07-19 18:55:21.531199404,RGM_0342711,1,1.4670319051758796e-05,False,False
N011_C0000746,11,2025-07-19 18:55:22.156199404,2025-07-19 18:55:22.206199404,2025-07-19 18:55:22.181199404,RGM_0342716,1,7.780321095898017e-06,False,False
N011_C0000747,11,2025-07-19 18:55:24.881199404,2025-07-19 18:55:24.931199404,2025-07-19 18:55:24.906199404,RGM_0342728,1,8.133448317224193e-06,False,False
N011_C0000748,11,2025-07-19 18:55:54.931199404,2025-07-19 18:55:54.981199404,2025-07-19 18:55:54.956199404,RGM_0342921,1,1.1024283118166604e-05,False,False
N011_C0000749,11,2025-07-19 18:56:16.656199404,2025-07-19 18:56:16.781199404,2025-07-19 18:56:16.756199404,RGM_0343063,1,3.1152373474024834e-05,False,False
N058_C0001324,58,2025-07-19 18:56:18.906199404,2025-07-19 18:56:19.156199404,2025-07-19 18:56:18.981199404,RGM_0343076,1,3.729839461734657e-05,False,False
N011_C0000750,11,2025-07-19 18:56:23.581199404,2025-07-19 18:56:24.306199404,2025-07-19 18:56:23.656199404,RGM_0343109,1,5.3448888842924034e-05,False,False
N011_C0000751,11,2025-07-19 18:56:28.306199404,2025-07-19 18:56:28.356199404,2025-07-19 18:56:28.331199404,RGM_0343138,1,9.535073582456168e-06,False,False
N011_C0000752,11,2025-07-19 18:56:31.706199404,2025-07-19 18:56:31.756199404,2025-07-19 18:56:31.731199404,RGM_0343158,1,9.259162645484858e-06,False,False
N011_C0000753,11,2025-07-19 18:56:36.506199404,2025-07-19 18:56:36.556199404,2025-07-19 18:56:36.531199404,RGM_0343192,1,9.222388910601608e-06,False,False
N011_C0000754,11,2025-07-19 18:56:39.306199404,2025-07-19 18:56:39.356199404,2025-07-19 18:56:39.331199404,RGM_0343208,1,8.636907987400575e-06,False,False
N011_C0000755,11,2025-07-19 18:57:06.806199404,2025-07-19 18:57:06.856199404,2025-07-19 18:57:06.831199404,RGM_0343392,1,1.6105834454512534e-05,False,False
N058_C0001325,58,2025-07-19 18:57:09.281199404,2025-07-19 18:57:09.331199404,2025-07-19 18:57:09.306199404,RGM_0343412,1,2.0842163823067177e-05,False,False
N011_C0000756,11,2025-07-19 18:57:31.981199404,2025-07-19 18:57:32.106199404,2025-07-19 18:57:32.081199404,RGM_0343565,1,3.43891057867799e-05,False,False
N011_C0000757,11,2025-07-19 18:57:50.356199404,2025-07-19 18:57:50.406199404,2025-07-19 18:57:50.381199404,RGM_0343666,1,1.579567100380354e-05,False,False
N011_C0000758,11,2025-07-19 18:58:02.481199404,2025-07-19 18:58:02.531199404,2025-07-19 18:58:02.506199404,RGM_0343740,1,8.848248036710055e-06,False,False
N036_C0001117,36,2025-07-19 18:58:31.956199404,2025-07-19 18:58:32.156199404,2025-07-19 18:58:31.981199404,RGM_0343904,1,4.854761159818703e-05,False,False
N011_C0000759,11,2025-07-19 19:00:44.831387448,2025-07-19 19:00:44.881387448,2025-07-19 19:00:44.856387448,RGM_0344703,1,8.881951386800465e-06,False,False
N011_C0000760,11,2025-07-19 19:00:54.631387448,2025-07-19 19:00:54.681387448,2025-07-19 19:00:54.656387448,RGM_0344759,1,9.505426174412812e-06,False,False
N011_C0000761,11,2025-07-19 19:03:16.156387448,2025-07-19 19:03:16.281387448,2025-07-19 19:03:16.181387448,RGM_0345696,1,2.073726548858564e-05,False,False
N011_C0000762,11,2025-07-19 19:09:28.431387448,2025-07-19 19:09:28.481387448,2025-07-19 19:09:28.456387448,RGM_0347961,1,6.823842921945384e-06,False,False
N057_C0001243,57,2025-07-19 19:10:36.571628744,2025-07-19 19:10:36.621628744,2025-07-19 19:10:36.596628744,RGM_0348300,1,8.021660700685245e-06,False,False
N056_C0001238,56,2025-07-19 19:10:39.121628744,2025-07-19 19:10:41.371628744,2025-07-19 19:10:39.296628744,RGM_0348318,1,0.0001178208424985,False,False
N011_C0000763,11,2025-07-19 19:10:57.171628744,2025-07-19 19:10:58.171628744,2025-07-19 19:10:57.971628744,RGM_0348427,1,0.0001672062719291,False,False
N011_C0000764,11,2025-07-19 19:11:14.171628744,2025-07-19 19:11:14.221628744,2025-07-19 19:11:14.196628744,RGM_0348513,1,1.8990262405939828e-05,False,False
N011_C0000765,11,2025-07-19 19:11:52.796628744,2025-07-19 19:11:53.396628744,2025-07-19 19:11:53.371628744,RGM_0348758,1,7.547148733736035e-05,False,False
N011_C0000766,11,2025-07-19 19:11:57.196628744,2025-07-19 19:11:57.271628744,2025-07-19 19:11:57.246628744,RGM_0348783,1,2.3123952396947472e-05,False,False
N057_C0001244,57,2025-07-19 19:12:09.171628744,2025-07-19 19:12:11.896628744,2025-07-19 19:12:10.596628744,RGM_0348876,1,0.0003845254920779,False,False
N011_C0000767,11,2025-07-19 19:14:39.371628744,2025-07-19 19:14:39.421628744,2025-07-19 19:14:39.396628744,RGM_0350133,1,1.8727437919558498e-05,False,False
N011_C0000768,11,2025-07-19 19:16:12.746628744,2025-07-19 19:16:12.796628744,2025-07-19 19:16:12.771628744,RGM_0350568,1,1.3070640926736196e-05,False,False
N011_C0000769,11,2025-07-19 19:16:39.996628744,2025-07-19 19:16:40.046628744,2025-07-19 19:16:40.021628744,RGM_0350715,1,1.935581210483662e-05,False,False
N011_C0000770,11,2025-07-19 19:16:42.696628744,2025-07-19 19:16:42.746628744,2025-07-19 19:16:42.721628744,RGM_0350736,1,1.484734400417426e-05,False,False
N011_C0000771,11,2025-07-19 19:17:46.646628744,2025-07-19 19:17:46.696628744,2025-07-19 19:17:46.671628744,RGM_0351077,1,1.2813037473182364e-05,False,False
N011_C0000772,11,2025-07-19 19:17:49.771628744,2025-07-19 19:17:49.821628744,2025-07-19 19:17:49.796628744,RGM_0351110,1,1.848302477489676e-05,False,False
N059_C0001347,59,2025-07-19 19:17:51.121628744,2025-07-19 19:17:51.171628744,2025-07-19 19:17:51.146628744,RGM_0351122,1,4.1900311920885e-06,False,False
N011_C0000773,11,2025-07-19 19:18:49.546628744,2025-07-19 19:18:49.596628744,2025-07-19 19:18:49.571628744,RGM_0351411,1,1.2442730783128166e-05,False,False
N011_C0000774,11,2025-07-19 19:19:38.296628744,2025-07-19 19:19:38.346628744,2025-07-19 19:19:38.321628744,RGM_0351675,1,9.346546712940973e-06,False,False
N011_C0000775,11,2025-07-19 19:19:44.496628744,2025-07-19 19:19:45.146628744,2025-07-19 19:19:45.121628744,RGM_0351705,1,7.352409356696403e-05,False,False
N011_C0000776,11,2025-07-19 19:20:21.996853507,2025-07-19 19:20:22.046853507,2025-07-19 19:20:22.021853507,RGM_0351906,1,1.3388345158853326e-05,False,False
N057_C0001245,57,2025-07-19 19:20:24.621853507,2025-07-19 19:20:24.671853507,2025-07-19 19:20:24.646853507,RGM_0351923,1,8.976505114456169e-06,False,False
N011_C0000777,11,2025-07-19 19:22:08.671853507,2025-07-19 19:22:08.746853507,2025-07-19 19:22:08.721853507,RGM_0352917,1,1.982209083168416e-05,False,False
N011_C0000778,11,2025-07-19 19:22:39.896853507,2025-07-19 19:22:39.946853507,2025-07-19 19:22:39.921853507,RGM_0353204,1,7.1372643613594105e-06,False,False
N011_C0000779,11,2025-07-19 19:22:42.721853507,2025-07-19 19:22:42.771853507,2025-07-19 19:22:42.746853507,RGM_0353218,1,1.1245823847931454e-05,False,False
N059_C0001348,59,2025-07-19 19:23:06.971853507,2025-07-19 19:23:07.246853507,2025-07-19 19:23:06.996853507,RGM_0353379,1,1.4469380609051988e-05,False,False
N011_C0000780,11,2025-07-19 19:23:48.571853507,2025-07-19 19:23:48.621853507,2025-07-19 19:23:48.596853507,RGM_0353673,1,1.2510429410074471e-05,False,False
N055_C0001233,55,2025-07-19 19:24:23.521853507,2025-07-19 19:24:24.196853507,2025-07-19 19:24:24.121853507,RGM_0353928,1,4.390115677751429e-05,False,False
N056_C0001239,56,2025-07-19 19:24:26.621853507,2025-07-19 19:24:26.921853507,2025-07-19 19:24:26.896853507,RGM_0353962,1,3.63967051626204e-05,False,False
N057_C0001246,57,2025-07-19 19:24:26.846853507,2025-07-19 19:24:26.996853507,2025-07-19 19:24:26.896853507,RGM_0353961,1,3.697255294148788e-05,False,False
N011_C0000781,11,2025-07-19 19:24:32.071853507,2025-07-19 19:24:32.121853507,2025-07-19 19:24:32.096853507,RGM_0353991,1,8.972187229165126e-06,False,False
N011_C0000782,11,2025-07-19 19:25:42.946853507,2025-07-19 19:25:42.996853507,2025-07-19 19:25:42.971853507,RGM_0354534,1,1.016277237660004e-05,False,False
N011_C0000783,11,2025-07-19 19:26:00.871853507,2025-07-19 19:26:00.996853507,2025-07-19 19:26:00.971853507,RGM_0354673,1,2.897526731757197e-05,False,False
N011_C0000784,11,2025-07-19 19:26:44.046853507,2025-07-19 19:26:44.096853507,2025-07-19 19:26:44.071853507,RGM_0354963,1,4.361330199730377e-05,False,False
N011_C0000785,11,2025-07-19 19:28:02.646853507,2025-07-19 19:28:02.796853507,2025-07-19 19:28:02.671853507,RGM_0355665,1,3.721515107000206e-05,False,False
N011_C0000786,11,2025-07-19 19:28:22.071853507,2025-07-19 19:28:22.821853507,2025-07-19 19:28:22.771853507,RGM_0355821,1,7.671874468574117e-05,False,False
N011_C0000787,11,2025-07-19 19:28:25.721853507,2025-07-19 19:28:25.771853507,2025-07-19 19:28:25.746853507,RGM_0355841,1,1.4714624703235076e-05,False,False
N008_C0000064,8,2025-07-19 19:28:46.221853507,2025-07-19 19:28:46.346853507,2025-07-19 19:28:46.296853507,RGM_0356057,1,2.4610394804146007e-05,False,False
N011_C0000788,11,2025-07-19 19:28:46.046853507,2025-07-19 19:28:47.321853507,2025-07-19 19:28:47.296853507,RGM_0356061,1,0.0001514384507882,False,False
N058_C0001326,58,2025-07-19 19:28:56.646853507,2025-07-19 19:28:56.746853507,2025-07-19 19:28:56.671853507,RGM_0356123,1,2.3322498855030995e-05,False,False
N011_C0000789,11,2025-07-19 19:29:07.571853507,2025-07-19 19:29:07.621853507,2025-07-19 19:29:07.596853507,RGM_0356210,1,1.473191689447196e-05,False,False
N003_C0000057,3,2025-07-19 19:29:30.646853507,2025-07-19 19:29:30.871853507,2025-07-19 19:29:30.721853507,RGM_0356391,1,5.372351217333319e-05,False,False
N011_C0000790,11,2025-07-19 19:29:35.346853507,2025-07-19 19:29:35.446853507,2025-07-19 19:29:35.371853507,RGM_0356433,2,1.7603296771169953e-05,False,False
N011_C0000791,11,2025-07-19 19:29:35.971853507,2025-07-19 19:29:36.021853507,2025-07-19 19:29:35.996853507,RGM_0356438,1,1.3410928377786697e-05,False,False
N052_C0001226,52,2025-07-19 19:29:36.321853507,2025-07-19 19:29:37.196853507,2025-07-19 19:29:36.746853507,RGM_0356446,1,6.074465411843389e-05,False,False
N011_C0000792,11,2025-07-19 19:30:51.172095814,2025-07-19 19:30:51.222095814,2025-07-19 19:30:51.197095814,RGM_0356983,1,1.3350887377022566e-05,False,False
N011_C0000793,11,2025-07-19 19:30:55.847095814,2025-07-19 19:30:55.972095814,2025-07-19 19:30:55.872095814,RGM_0357020,1,2.6082141665385272e-05,False,False
N058_C0001327,58,2025-07-19 19:31:12.522095814,2025-07-19 19:31:13.747095814,2025-07-19 19:31:13.722095814,RGM_0357148,1,0.000196514280353,False,False
N058_C0001328,58,2025-07-19 19:31:16.147095814,2025-07-19 19:31:16.422095814,2025-07-19 19:31:16.247095814,RGM_0357165,1,7.390277787014823e-05,False,False
N011_C0000794,11,2025-07-19 19:31:48.997095814,2025-07-19 19:31:49.097095814,2025-07-19 19:31:49.022095814,RGM_0357375,2,1.266492048969644e-05,False,False
N057_C0001247,57,2025-07-19 19:33:15.897095814,2025-07-19 19:33:15.947095814,2025-07-19 19:33:15.922095814,RGM_0357928,1,1.2103747625687449e-05,False,False
N011_C0000795,11,2025-07-19 19:34:08.422095814,2025-07-19 19:34:08.472095814,2025-07-19 19:34:08.447095814,RGM_0358252,1,8.274538000054348e-06,False,False
N011_C0000796,11,2025-07-19 19:35:15.797095814,2025-07-19 19:35:15.847095814,2025-07-19 19:35:15.822095814,RGM_0358738,1,9.639340914094352e-06,False,False
N058_C0001329,58,2025-07-19 19:35:29.697095814,2025-07-19 19:35:29.772095814,2025-07-19 19:35:29.722095814,RGM_0358844,1,2.8163972059160908e-05,False,False
N058_C0001330,58,2025-07-19 19:36:02.797095814,2025-07-19 19:36:02.847095814,2025-07-19 19:36:02.822095814,RGM_0359074,1,1.386288390610901e-05,False,False
N011_C0000797,11,2025-07-19 19:36:08.447095814,2025-07-19 19:36:08.497095814,2025-07-19 19:36:08.472095814,RGM_0359111,1,8.922295634408376e-06,False,False
N011_C0000798,11,2025-07-19 19:36:25.097095814,2025-07-19 19:36:25.147095814,2025-07-19 19:36:25.122095814,RGM_0359202,1,8.593075824126948e-06,False,False
N011_C0000799,11,2025-07-19 19:36:27.722095814,2025-07-19 19:36:27.822095814,2025-07-19 19:36:27.747095814,RGM_0359215,2,8.464838615088072e-06,False,False
N011_C0000800,11,2025-07-19 19:37:56.197095814,2025-07-19 19:37:56.297095814,2025-07-19 19:37:56.222095814,RGM_0359790,1,1.578612612833536e-05,False,False
N011_C0000801,11,2025-07-19 19:37:58.972095814,2025-07-19 19:37:59.022095814,2025-07-19 19:37:58.997095814,RGM_0359808,1,1.0756630892488211e-05,False,False
N011_C0000802,11,2025-07-19 19:38:07.447095814,2025-07-19 19:38:07.497095814,2025-07-19 19:38:07.472095814,RGM_0359867,1,6.960057092154881e-06,False,False
N011_C0000803,11,2025-07-19 19:38:11.622095814,2025-07-19 19:38:11.747095814,2025-07-19 19:38:11.722095814,RGM_0359889,2,1.2982594315121817e-05,False,False
N011_C0000804,11,2025-07-19 19:38:21.622095814,2025-07-19 19:38:21.672095814,2025-07-19 19:38:21.647095814,RGM_0359958,1,1.1392409833867373e-05,False,False
N011_C0000805,11,2025-07-19 19:38:37.972095814,2025-07-19 19:38:38.022095814,2025-07-19 19:38:37.997095814,RGM_0360051,1,1.476233819702501e-05,False,False
N057_C0001248,57,2025-07-19 19:38:43.472095814,2025-07-19 19:38:43.522095814,2025-07-19 19:38:43.497095814,RGM_0360079,1,7.485818393256706e-06,False,False
N011_C0000806,11,2025-07-19 19:39:35.872095814,2025-07-19 19:39:35.922095814,2025-07-19 19:39:35.897095814,RGM_0360419,1,1.2371728595881802e-05,False,False
N011_C0000807,11,2025-07-19 19:39:38.622095814,2025-07-19 19:39:38.672095814,2025-07-19 19:39:38.647095814,RGM_0360437,1,1.3701880346779368e-05,False,False
N057_C0001249,57,2025-07-19 19:39:41.272095814,2025-07-19 19:39:41.322095814,2025-07-19 19:39:41.297095814,RGM_0360454,1,7.116384724870445e-06,False,False
N011_C0000808,11,2025-07-19 19:40:16.022334223,2025-07-19 19:40:16.122334223,2025-07-19 19:40:16.097334223,RGM_0360682,1,6.311453544144484e-05,False,False
N011_C0000809,11,2025-07-19 19:40:22.222334223,2025-07-19 19:40:22.272334223,2025-07-19 19:40:22.247334223,RGM_0360723,1,1.648017620022871e-05,False,False
N057_C0001250,57,2025-07-19 19:40:40.447334223,2025-07-19 19:40:40.847334223,2025-07-19 19:40:40.472334223,RGM_0360836,1,3.266713002867276e-05,False,False
N011_C0000810,11,2025-07-19 19:40:43.172334223,2025-07-19 19:40:43.822334223,2025-07-19 19:40:43.197334223,RGM_0360857,1,6.041097582394569e-05,False,False
N011_C0000811,11,2025-07-19 19:40:44.172334223,2025-07-19 19:40:45.172334223,2025-07-19 19:40:44.472334223,RGM_0360862,1,0.0004396972857324,False,False
N011_C0000812,11,2025-07-19 19:40:58.597334223,2025-07-19 19:40:58.647334223,2025-07-19 19:40:58.622334223,RGM_0360940,1,1.711878595046473e-05,False,False
N011_C0000813,11,2025-07-19 19:42:30.997334223,2025-07-19 19:42:31.047334223,2025-07-19 19:42:31.022334223,RGM_0361577,1,1.87385804538362e-05,False,False
N011_C0000814,11,2025-07-19 19:42:40.397334223,2025-07-19 19:42:40.447334223,2025-07-19 19:42:40.422334223,RGM_0361648,1,2.4117859885720384e-05,False,False
N011_C0000815,11,2025-07-19 19:43:21.447334223,2025-07-19 19:43:21.522334223,2025-07-19 19:43:21.497334223,RGM_0361936,1,5.334720220312581e-05,False,False
N011_C0000816,11,2025-07-19 19:43:26.922334223,2025-07-19 19:43:28.922334223,2025-07-19 19:43:27.697334223,RGM_0361980,2,0.0002241183082525,False,False
N011_C0000817,11,2025-07-19 19:43:30.072334223,2025-07-19 19:43:30.172334223,2025-07-19 19:43:30.147334223,RGM_0362017,1,6.03982235534339e-05,False,False
N011_C0000818,11,2025-07-19 19:43:32.522334223,2025-07-19 19:43:32.572334223,2025-07-19 19:43:32.547334223,RGM_0362033,1,2.2979220935996933e-05,False,False
N011_C0000819,11,2025-07-19 19:43:36.247334223,2025-07-19 19:43:36.297334223,2025-07-19 19:43:36.272334223,RGM_0362085,1,1.5982319676952485e-05,False,False
N011_C0000820,11,2025-07-19 19:43:53.747334223,2025-07-19 19:43:53.797334223,2025-07-19 19:43:53.772334223,RGM_0362224,1,2.1275214837628744e-05,False,False
N011_C0000821,11,2025-07-19 19:43:58.022334223,2025-07-19 19:43:58.072334223,2025-07-19 19:43:58.047334223,RGM_0362255,1,1.816680797688168e-05,False,False
N011_C0000822,11,2025-07-19 19:44:00.522334223,2025-07-19 19:44:00.572334223,2025-07-19 19:44:00.547334223,RGM_0362274,1,2.3436060189715995e-05,False,False
N036_C0001118,36,2025-07-19 19:44:30.572334223,2025-07-19 19:44:30.622334223,2025-07-19 19:44:30.597334223,RGM_0362515,1,2.9724010876568308e-05,False,False
N053_C0001229,53,2025-07-19 19:44:32.797334223,2025-07-19 19:44:33.347334223,2025-07-19 19:44:33.272334223,RGM_0362539,2,2.6006421415681147e-05,False,False
N055_C0001234,55,2025-07-19 19:44:33.272334223,2025-07-19 19:44:33.347334223,2025-07-19 19:44:33.322334223,RGM_0362542,1,1.1820926845508568e-05,False,False
N011_C0000823,11,2025-07-19 19:46:15.972334223,2025-07-19 19:46:16.022334223,2025-07-19 19:46:15.997334223,RGM_0363250,1,4.671531042779816e-05,False,False
N011_C0000824,11,2025-07-19 19:46:23.647334223,2025-07-19 19:46:23.697334223,2025-07-19 19:46:23.672334223,RGM_0363320,1,5.088270335535379e-05,False,False
N011_C0000825,11,2025-07-19 19:46:50.947334223,2025-07-19 19:46:50.997334223,2025-07-19 19:46:50.972334223,RGM_0363467,1,4.500805898358254e-05,False,False
N052_C0001227,52,2025-07-19 19:46:54.622334223,2025-07-19 19:46:54.722334223,2025-07-19 19:46:54.697334223,RGM_0363488,1,9.34272966721282e-06,False,False
N011_C0000826,11,2025-07-19 19:47:01.072334223,2025-07-19 19:47:01.122334223,2025-07-19 19:47:01.097334223,RGM_0363543,1,2.9776131707147464e-05,False,False
N011_C0000827,11,2025-07-19 19:47:35.372334223,2025-07-19 19:47:35.447334223,2025-07-19 19:47:35.422334223,RGM_0363746,1,7.603515349101726e-05,False,False
N011_C0000828,11,2025-07-19 19:47:59.622334223,2025-07-19 19:47:59.697334223,2025-07-19 19:47:59.672334223,RGM_0363915,1,1.948081450926193e-05,False,False
N011_C0000829,11,2025-07-19 19:48:15.797334223,2025-07-19 19:48:15.847334223,2025-07-19 19:48:15.822334223,RGM_0364017,1,2.817790308848871e-05,False,False
N011_C0000830,11,2025-07-19 19:49:04.647334223,2025-07-19 19:49:04.697334223,2025-07-19 19:49:04.672334223,RGM_0364325,1,4.4021164346788434e-05,False,False
N011_C0000831,11,2025-07-19 19:49:07.522334223,2025-07-19 19:49:07.597334223,2025-07-19 19:49:07.572334223,RGM_0364340,1,4.2387399343680336e-05,False,False
N011_C0000832,11,2025-07-19 19:49:31.797334223,2025-07-19 19:49:31.847334223,2025-07-19 19:49:31.822334223,RGM_0364496,1,2.0274131512444343e-05,False,False
N011_C0000833,11,2025-07-19 19:49:45.547334223,2025-07-19 19:49:45.622334223,2025-07-19 19:49:45.572334223,RGM_0364580,1,2.8972097027235445e-05,False,False
N011_C0000834,11,2025-07-19 19:49:54.872334223,2025-07-19 19:49:54.947334223,2025-07-19 19:49:54.897334223,RGM_0364651,1,2.7241141828068623e-05,False,False
N011_C0000835,11,2025-07-19 19:50:04.122594114,2025-07-19 19:50:04.172594114,2025-07-19 19:50:04.147594114,RGM_0364713,1,3.283829341668422e-05,False,False
N011_C0000836,11,2025-07-19 19:50:45.122594114,2025-07-19 19:50:45.172594114,2025-07-19 19:50:45.147594114,RGM_0364987,1,2.102394986283471e-05,False,False
N011_C0000837,11,2025-07-19 19:50:48.622594114,2025-07-19 19:50:48.672594114,2025-07-19 19:50:48.647594114,RGM_0365008,1,2.355032495178195e-05,False,False
N058_C0001331,58,2025-07-19 19:50:55.672594114,2025-07-19 19:50:55.772594114,2025-07-19 19:50:55.747594114,RGM_0365050,1,2.1747044080889475e-05,False,False
N011_C0000838,11,2025-07-19 19:51:46.547594114,2025-07-19 19:51:46.597594114,2025-07-19 19:51:46.572594114,RGM_0365303,1,1.8618650177559585e-05,False,False
N011_C0000839,11,2025-07-19 19:51:49.397594114,2025-07-19 19:51:49.472594114,2025-07-19 19:51:49.447594114,RGM_0365319,1,2.0202923552403997e-05,False,False
N011_C0000840,11,2025-07-19 19:53:24.497594114,2025-07-19 19:53:24.547594114,2025-07-19 19:53:24.522594114,RGM_0365806,1,8.594574509189922e-06,False,False
N011_C0000841,11,2025-07-19 19:53:27.272594114,2025-07-19 19:53:27.422594114,2025-07-19 19:53:27.397594114,RGM_0365824,1,2.7326389122533395e-05,False,False
N011_C0000842,11,2025-07-19 19:53:30.097594114,2025-07-19 19:53:30.222594114,2025-07-19 19:53:30.197594114,RGM_0365847,1,3.214721499131318e-05,False,False
N011_C0000843,11,2025-07-19 19:53:35.697594114,2025-07-19 19:53:35.747594114,2025-07-19 19:53:35.722594114,RGM_0365878,1,9.784952706124768e-06,False,False
N011_C0000844,11,2025-07-19 19:53:38.522594114,2025-07-19 19:53:38.572594114,2025-07-19 19:53:38.547594114,RGM_0365893,1,1.0624898559992962e-05,False,False
N011_C0000845,11,2025-07-19 19:53:42.822594114,2025-07-19 19:53:42.872594114,2025-07-19 19:53:42.847594114,RGM_0365925,1,1.34258966412411e-05,False,False
N011_C0000846,11,2025-07-19 19:55:07.447594114,2025-07-19 19:55:07.497594114,2025-07-19 19:55:07.472594114,RGM_0366382,1,7.11790949016871e-06,False,False
N011_C0000847,11,2025-07-19 19:55:35.872594114,2025-07-19 19:55:35.922594114,2025-07-19 19:55:35.897594114,RGM_0366574,1,8.833438419877454e-06,False,False
N011_C0000848,11,2025-07-19 19:55:42.922594114,2025-07-19 19:55:42.972594114,2025-07-19 19:55:42.947594114,RGM_0366621,1,2.2275171146582095e-05,False,False
N019_C0001012,19,2025-07-19 19:55:59.947594114,2025-07-19 19:56:00.072594114,2025-07-19 19:55:59.972594114,RGM_0366731,1,1.034845803134271e-05,False,False
N011_C0000849,11,2025-07-19 19:57:22.722594114,2025-07-19 19:57:22.847594114,2025-07-19 19:57:22.822594114,RGM_0367254,1,5.762147361338908e-05,False,False
N034_C0001113,34,2025-07-19 19:59:02.172594114,2025-07-19 19:59:02.222594114,2025-07-19 19:59:02.197594114,RGM_0367817,1,4.775351345340616e-05,False,False
N011_C0000850,11,2025-07-19 20:05:34.472852917,2025-07-19 20:05:34.522852917,2025-07-19 20:05:34.497852917,RGM_0370074,1,2.259754159734076e-05,False,False
N011_C0000851,11,2025-07-19 20:07:11.572852917,2025-07-19 20:07:11.622852917,2025-07-19 20:07:11.597852917,RGM_0370712,1,2.403418662455204e-05,False,False
N057_C0001251,57,2025-07-19 20:07:57.872852917,2025-07-19 20:07:57.922852917,2025-07-19 20:07:57.897852917,RGM_0370990,1,6.878148394073635e-06,False,False
N011_C0000852,11,2025-07-19 20:08:09.647852917,2025-07-19 20:08:09.747852917,2025-07-19 20:08:09.722852917,RGM_0371074,1,8.515675422483769e-05,False,False
N011_C0000853,11,2025-07-19 20:08:20.547852917,2025-07-19 20:08:20.597852917,2025-07-19 20:08:20.572852917,RGM_0371143,1,2.724606394305098e-05,False,False
N011_C0000854,11,2025-07-19 20:08:31.472852917,2025-07-19 20:08:31.522852917,2025-07-19 20:08:31.497852917,RGM_0371236,1,4.859213981713861e-05,False,False
N011_C0000855,11,2025-07-19 20:08:35.072852917,2025-07-19 20:08:36.197852917,2025-07-19 20:08:35.197852917,RGM_0371272,1,0.000372477527479,False,False
N055_C0001235,55,2025-07-19 20:09:30.572852917,2025-07-19 20:09:30.622852917,2025-07-19 20:09:30.597852917,RGM_0371654,1,5.412065658496929e-06,False,False
N011_C0000856,11,2025-07-19 20:09:46.072852917,2025-07-19 20:09:46.122852917,2025-07-19 20:09:46.097852917,RGM_0371754,1,2.2455578594449317e-05,False,False
N010_C0000066,10,2025-07-19 20:10:30.780028676,2025-07-19 20:10:33.530028676,2025-07-19 20:10:32.405028676,RGM_0372064,1,0.0016086784181212,False,False
N057_C0001252,57,2025-07-19 20:10:55.080028676,2025-07-19 20:10:55.130028676,2025-07-19 20:10:55.105028676,RGM_0372232,1,1.6582772677150877e-05,False,False
N011_C0000857,11,2025-07-19 20:12:03.905028676,2025-07-19 20:12:03.955028676,2025-07-19 20:12:03.930028676,RGM_0372695,1,2.276624556494487e-05,False,False
N011_C0000858,11,2025-07-19 20:14:58.030028676,2025-07-19 20:14:58.505028676,2025-07-19 20:14:58.155028676,RGM_0374907,1,2.8823077091527333e-05,False,False
N012_C0000871,12,2025-07-19 20:15:20.880028676,2025-07-19 20:15:21.080028676,2025-07-19 20:15:20.980028676,RGM_0375814,1,0.0005873163102949,False,False
N011_C0000859,11,2025-07-19 20:15:45.180028676,2025-07-19 20:15:45.280028676,2025-07-19 20:15:45.230028676,RGM_0376692,1,0.0001752505199428,False,False
N012_C0000872,12,2025-07-19 20:16:26.530028676,2025-07-19 20:16:28.780028676,2025-07-19 20:16:27.930028676,RGM_0377721,1,0.004165176834269,False,False
N057_C0001253,57,2025-07-19 20:18:00.680028676,2025-07-19 20:18:02.030028676,2025-07-19 20:18:01.880028676,RGM_0378730,1,0.0001292396693073,False,False
N036_C0001119,36,2025-07-19 20:18:11.205028676,2025-07-19 20:18:11.255028676,2025-07-19 20:18:11.230028676,RGM_0378807,1,2.1050318460547097e-05,False,False
N011_C0000860,11,2025-07-19 20:18:37.855028676,2025-07-19 20:18:37.905028676,2025-07-19 20:18:37.880028676,RGM_0378975,1,2.13702494150412e-05,False,False
N057_C0001254,57,2025-07-19 20:19:04.555028676,2025-07-19 20:19:04.605028676,2025-07-19 20:19:04.580028676,RGM_0379193,1,9.514704281516113e-06,False,False
N062_C0001375,62,2025-07-19 20:20:54.380308616,2025-07-19 20:20:54.455308616,2025-07-19 20:20:54.430308616,RGM_0379997,1,1.5579079820598483e-05,False,False
N011_C0000861,11,2025-07-19 20:22:09.930308616,2025-07-19 20:22:10.055308616,2025-07-19 20:22:10.030308616,RGM_0380623,1,6.666911860415712e-05,False,False
N011_C0000862,11,2025-07-19 20:22:15.280308616,2025-07-19 20:22:16.530308616,2025-07-19 20:22:15.755308616,RGM_0380683,1,0.00043046842717,False,False
N058_C0001332,58,2025-07-19 20:22:57.980308616,2025-07-19 20:22:58.080308616,2025-07-19 20:22:58.005308616,RGM_0381170,1,2.996295430751229e-05,False,False
N059_C0001349,59,2025-07-19 20:23:20.355308616,2025-07-19 20:23:20.405308616,2025-07-19 20:23:20.380308616,RGM_0381400,1,3.682603490793887e-06,False,False
N011_C0000863,11,2025-07-19 20:23:51.805308616,2025-07-19 20:23:51.880308616,2025-07-19 20:23:51.830308616,RGM_0381644,1,8.300641844481117e-05,False,False
N011_C0000864,11,2025-07-19 20:23:52.530308616,2025-07-19 20:23:52.580308616,2025-07-19 20:23:52.555308616,RGM_0381648,1,2.4012851941483383e-05,False,False
N058_C0001333,58,2025-07-19 20:24:05.130308616,2025-07-19 20:24:05.180308616,2025-07-19 20:24:05.155308616,RGM_0381743,1,1.7620903154963537e-05,False,False
N058_C0001334,58,2025-07-19 20:24:45.755308616,2025-07-19 20:24:46.005308616,2025-07-19 20:24:45.980308616,RGM_0382082,1,3.352857485126809e-05,False,False
N103_C0001449,103,2025-07-19 20:29:45.380308616,2025-07-19 20:29:47.805308616,2025-07-19 20:29:47.255308616,RGM_0384095,1,7.734352118478751e-05,True,True
N104_C0001452,104,2025-07-19 20:36:05.030600655,2025-07-19 20:36:06.030600655,2025-07-19 20:36:05.530600655,RGM_0387889,1,3.883676156346889e-05,True,True
N105_C0001458,105,2025-07-19 20:36:05.280600655,2025-07-19 20:36:06.280600655,2025-07-19 20:36:05.780600655,RGM_0387895,4,4.123518281139885e-05,False,False
N109_C0001483,109,2025-07-19 20:36:05.530600655,2025-07-19 20:36:06.530600655,2025-07-19 20:36:06.030600655,RGM_0387911,4,3.9921057339067325e-05,False,False
N103_C0001450,103,2025-07-19 20:36:05.830600655,2025-07-19 20:36:06.405600655,2025-07-19 20:36:06.155600655,RGM_0387917,2,3.063640540372259e-05,True,True
N106_C0001470,106,2025-07-19 20:36:05.880600655,2025-07-19 20:36:06.405600655,2025-07-19 20:36:06.155600655,RGM_0387916,3,3.222854393854556e-05,False,False
N107_C0001472,107,2025-07-19 20:36:05.280600655,2025-07-19 20:36:07.280600655,2025-07-19 20:36:06.280600655,RGM_0387920,1,6.31320729337024e-05,False,False
N057_C0001255,57,2025-07-19 20:37:32.955600655,2025-07-19 20:37:33.130600655,2025-07-19 20:37:33.005600655,RGM_0388595,1,9.866748980776585e-06,False,False
N040_C0001168,40,2025-07-19 20:37:43.105600655,2025-07-19 20:37:43.180600655,2025-07-19 20:37:43.155600655,RGM_0388693,1,1.4607867792927758e-05,False,False
N086_C0001407,86,2025-07-19 20:37:43.030600655,2025-07-19 20:37:43.530600655,2025-07-19 20:37:43.205600655,RGM_0388696,1,5.333023045721026e-05,False,False
N056_C0001240,56,2025-07-19 20:37:44.080600655,2025-07-19 20:37:44.130600655,2025-07-19 20:37:44.105600655,RGM_0388702,1,6.298232340969015e-06,False,False
N057_C0001256,57,2025-07-19 20:37:44.080600655,2025-07-19 20:37:44.130600655,2025-07-19 20:37:44.105600655,RGM_0388704,1,9.22501303303847e-06,False,False
N033_C0001095,33,2025-07-19 20:37:44.080600655,2025-07-19 20:37:44.180600655,2025-07-19 20:37:44.130600655,RGM_0388705,2,1.6619794902503783e-05,False,False
N059_C0001350,59,2025-07-19 20:37:44.155600655,2025-07-19 20:37:44.305600655,2025-07-19 20:37:44.230600655,RGM_0388706,1,2.678059711720078e-05,False,False
N054_C0001231,54,2025-07-19 20:37:44.280600655,2025-07-19 20:37:44.330600655,2025-07-19 20:37:44.305600655,RGM_0388709,1,7.745053918475873e-06,False,False
N055_C0001236,55,2025-07-19 20:37:44.280600655,2025-07-19 20:37:44.330600655,2025-07-19 20:37:44.305600655,RGM_0388712,1,7.745053918475873e-06,False,False
N056_C0001241,56,2025-07-19 20:37:44.280600655,2025-07-19 20:37:44.330600655,2025-07-19 20:37:44.305600655,RGM_0388710,1,7.745053918475873e-06,False,False
N047_C0001192,47,2025-07-19 20:37:44.455600655,2025-07-19 20:37:44.580600655,2025-07-19 20:37:44.505600655,RGM_0388722,2,2.95609635423954e-05,False,False
N048_C0001195,48,2025-07-19 20:37:44.455600655,2025-07-19 20:37:44.555600655,2025-07-19 20:37:44.505600655,RGM_0388723,1,2.95609635423954e-05,False,False
N049_C0001196,49,2025-07-19 20:37:44.455600655,2025-07-19 20:37:44.580600655,2025-07-19 20:37:44.505600655,RGM_0388719,3,2.95609635423954e-05,False,False
N050_C0001198,50,2025-07-19 20:37:44.455600655,2025-07-19 20:37:44.555600655,2025-07-19 20:37:44.505600655,RGM_0388724,1,2.249486737993496e-05,False,False
N058_C0001335,58,2025-07-19 20:37:44.455600655,2025-07-19 20:37:44.555600655,2025-07-19 20:37:44.505600655,RGM_0388718,1,3.755729740351127e-05,False,False
N061_C0001371,61,2025-07-19 20:37:44.455600655,2025-07-19 20:37:44.555600655,2025-07-19 20:37:44.505600655,RGM_0388720,1,4.3794760459894974e-05,False,False
N059_C0001351,59,2025-07-19 20:37:44.430600655,2025-07-19 20:37:44.630600655,2025-07-19 20:37:44.530600655,RGM_0388727,2,4.899312804798613e-05,False,False
N062_C0001376,62,2025-07-19 20:37:44.430600655,2025-07-19 20:37:44.630600655,2025-07-19 20:37:44.530600655,RGM_0388725,1,4.403321115823439e-05,False,False
N060_C0001366,60,2025-07-19 20:37:44.505600655,2025-07-19 20:37:44.605600655,2025-07-19 20:37:44.555600655,RGM_0388729,1,4.37842976792621e-05,False,False
N098_C0001438,98,2025-07-19 20:37:44.580600655,2025-07-19 20:37:44.680600655,2025-07-19 20:37:44.630600655,RGM_0388738,1,4.757185273685201e-06,False,False
N046_C0001187,46,2025-07-19 20:37:44.855600655,2025-07-19 20:37:44.905600655,2025-07-19 20:37:44.880600655,RGM_0388771,1,3.585257696789978e-05,False,False
N040_C0001169,40,2025-07-19 20:37:45.555600655,2025-07-19 20:37:45.605600655,2025-07-19 20:37:45.580600655,RGM_0389240,1,1.4742033877941565e-05,False,False
N033_C0001096,33,2025-07-19 20:37:45.730600655,2025-07-19 20:37:45.830600655,2025-07-19 20:37:45.780600655,RGM_0389261,1,2.281131443793828e-05,False,False
N097_C0001437,97,2025-07-19 20:37:45.780600655,2025-07-19 20:37:45.880600655,2025-07-19 20:37:45.830600655,RGM_0389269,1,4.966600545498066e-06,False,False
N106_C0001471,106,2025-07-19 20:37:45.730600655,2025-07-19 20:37:46.630600655,2025-07-19 20:37:45.880600655,RGM_0389272,1,6.242172310409034e-05,False,False
N046_C0001188,46,2025-07-19 20:37:45.905600655,2025-07-19 20:37:46.030600655,2025-07-19 20:37:45.955600655,RGM_0389309,2,2.1993579793906463e-05,False,False
N058_C0001336,58,2025-07-19 20:37:45.880600655,2025-07-19 20:37:46.080600655,2025-07-19 20:37:45.980600655,RGM_0389320,2,0.0002676610150629,False,False
N050_C0001199,50,2025-07-19 20:37:46.080600655,2025-07-19 20:37:46.280600655,2025-07-19 20:37:46.205600655,RGM_0389334,1,4.129120471403472e-05,False,False
N046_C0001189,46,2025-07-19 20:37:46.180600655,2025-07-19 20:37:46.280600655,2025-07-19 20:37:46.230600655,RGM_0389351,5,2.2317372081472397e-05,False,False
N049_C0001197,49,2025-07-19 20:37:46.205600655,2025-07-19 20:37:46.255600655,2025-07-19 20:37:46.230600655,RGM_0389345,1,1.6924766719521513e-05,False,False
N051_C0001205,51,2025-07-19 20:37:46.205600655,2025-07-19 20:37:46.255600655,2025-07-19 20:37:46.230600655,RGM_0389353,1,2.49127218155947e-05,False,False
N040_C0001170,40,2025-07-19 20:37:46.280600655,2025-07-19 20:37:46.380600655,2025-07-19 20:37:46.330600655,RGM_0389372,1,1.8777642305879545e-05,False,False
N032_C0001092,32,2025-07-19 20:37:46.330600655,2025-07-19 20:37:46.380600655,2025-07-19 20:37:46.355600655,RGM_0389375,1,1.4479404994901317e-05,False,False
N033_C0001097,33,2025-07-19 20:37:46.330600655,2025-07-19 20:37:46.380600655,2025-07-19 20:37:46.355600655,RGM_0389373,1,1.1515763962757709e-05,False,False
N055_C0001237,55,2025-07-19 20:37:46.330600655,2025-07-19 20:37:46.380600655,2025-07-19 20:37:46.355600655,RGM_0389374,1,9.316294376450576e-06,False,False
N034_C0001114,34,2025-07-19 20:37:46.480600655,2025-07-19 20:37:46.580600655,2025-07-19 20:37:46.530600655,RGM_0389386,1,1.821408949299671e-05,False,False
N046_C0001190,46,2025-07-19 20:37:46.505600655,2025-07-19 20:37:46.555600655,2025-07-19 20:37:46.530600655,RGM_0389385,2,7.297053455654851e-06,False,False
N052_C0001228,52,2025-07-19 20:37:46.380600655,2025-07-19 20:37:46.630600655,2025-07-19 20:37:46.530600655,RGM_0389383,3,4.767862683338609e-05,False,False
N053_C0001230,53,2025-07-19 20:37:46.480600655,2025-07-19 20:37:46.580600655,2025-07-19 20:37:46.530600655,RGM_0389384,1,3.6792391564375e-05,False,False
N033_C0001098,33,2025-07-19 20:37:46.430600655,2025-07-19 20:37:46.680600655,2025-07-19 20:37:46.580600655,RGM_0389391,3,4.801445300450208e-05,False,False
N056_C0001242,56,2025-07-19 20:37:46.480600655,2025-07-19 20:37:46.680600655,2025-07-19 20:37:46.580600655,RGM_0389390,1,5.950792569835213e-05,False,False
