block_index,start_time,end_time,center_time,left_window,right_window,descriptor_00,descriptor_01,descriptor_02,descriptor_03,descriptor_04,descriptor_05,descriptor_06,descriptor_07,descriptor_08,descriptor_09,descriptor_10,descriptor_11,descriptor_12,descriptor_13,descriptor_14,descriptor_15,descriptor_16,descriptor_17,descriptor_18,descriptor_19,descriptor_20,descriptor_21,descriptor_22,descriptor_23,descriptor_24,descriptor_25,descriptor_26,descriptor_27,descriptor_28,descriptor_29,descriptor_30,descriptor_31,descriptor_32,descriptor_33,descriptor_34,descriptor_35,stage_pc1,stage_pc2,stage_pc3,stage_pc4,stage_pc5,stage_pc6,stage_id
0,2025-07-07 14:06:54.927050,2025-07-07 14:11:54.427050,2025-07-07 14:09:24.927050,0,300,-5.094121694564819,2.384185791015625e-07,-10.218142032623291,-9.817384719848633,-9.775787830352783,-9.239456176757812,-7.966953992843628,-8.688982009887695,-8.180748462677002,-7.938678503036499,-7.292233228683472,-6.752986431121826,-6.2337646484375,-5.368009567260742,-4.6286516189575195,-4.1769044399261475,-3.7595044374465942,-3.454745888710022,-3.280025362968445,-3.2439205646514893,-3.142074227333069,-2.8843201398849487,-2.520630717277527,-2.090590715408325,-1.7424299120903015,-1.3389503359794617,-0.028202157467603683,-0.029290810227394104,-0.027718694880604744,-0.022842884995043278,-0.026299143210053444,-0.025434309616684914,-0.027531839907169342,-0.025273402221500874,-0.03024926222860813,-0.026993404142558575,5.681136841523651,-4.440964276399131,5.3243205945368,0.5895752471843242,0.028234157991302276,1.5600423428504526,0
1,2025-07-07 14:11:54.927050,2025-07-07 14:16:54.427050,2025-07-07 14:14:24.927050,300,600,-5.134802579879761,0.0,-9.980538368225098,-9.74157428741455,-9.62600326538086,-9.09138536453247,-7.7750890254974365,-8.543126583099365,-8.121387004852295,-7.911258935928345,-7.354832887649536,-6.8769450187683105,-6.39928936958313,-5.71623969078064,-5.013866186141968,-4.7884697914123535,-4.27882981300354,-3.945949673652649,-3.7062963247299194,-3.5109766721725464,-3.231534719467163,-2.8509786128997803,-2.455155372619629,-1.9968801736831665,-1.6147511005401611,-1.202267825603485,-0.015745511278510094,-0.019697452895343304,-0.01615776401013136,-0.011626696214079857,-0.01827827747911215,-0.018957635387778282,-0.01694131176918745,-0.01780783850699663,-0.018692911602556705,-0.019803599454462528,8.432379274699908,-0.6409393615601197,1.6400214887923297,-1.4088157624267426,-0.6453383636168576,0.47726371768699477,0
2,2025-07-07 14:16:54.926209,2025-07-07 14:21:54.426209,2025-07-07 14:19:24.926209,600,900,-5.19795560836792,-2.384185791015625e-07,-10.181324481964111,-9.82667350769043,-9.703548908233643,-9.114683151245117,-7.458638429641724,-8.57940673828125,-8.122835159301758,-7.92207407951355,-7.368127107620239,-6.870091438293457,-6.472530364990234,-5.868024826049805,-5.204242944717407,-4.907170057296753,-4.332570791244507,-3.951664686203003,-3.6361199617385864,-3.5214956998825073,-3.2609307765960693,-2.8583744764328003,-2.448373317718506,-2.000459313392639,-1.609775424003601,-1.1979080438613892,-0.014759054407477379,-0.013463271781802177,-0.012656093575060368,-0.011709704529494047,-0.014360740315169096,-0.017925890162587166,-0.012256926856935024,-0.018979260697960854,-0.01307737035676837,-0.016443085856735706,9.185378252316294,-0.5143506553353274,0.6951922787591587,-1.6967624432548596,-1.9741367182074292,-0.37456552153697825,0
3,2025-07-07 14:21:54.926209,2025-07-07 14:26:54.426209,2025-07-07 14:24:24.926209,900,1200,-5.164722442626953,0.0,-10.09531545639038,-9.809051513671875,-9.67994213104248,-9.082372188568115,-7.494829177856445,-8.659684658050537,-8.235761165618896,-7.9953320026397705,-7.416896104812622,-6.897219657897949,-6.414942026138306,-5.816396474838257,-5.099599361419678,-4.689284086227417,-4.148016929626465,-3.8671954870224,-3.5843939781188965,-3.528475046157837,-3.2494680881500244,-2.8538907766342163,-2.4611282348632812,-2.0155577659606934,-1.6204696297645569,-1.2061738967895508,-0.01321733184158802,-0.013144676107913256,-0.015190931037068367,-0.014229173306375742,-0.01266608340665698,-0.014698836952447891,-0.013939253985881805,-0.015211355406790972,-0.012239579576998949,-0.012537998612970114,8.994004817006587,-1.0172227182574174,0.5950155612851574,-1.3432169426755054,-1.0697447572714485,0.8060503831843634,0
4,2025-07-07 14:26:54.925347,2025-07-07 14:31:54.425347,2025-07-07 14:29:24.925347,1200,1500,-5.153344392776489,0.0,-9.919181823730469,-9.627655029296875,-9.559555530548096,-8.917465209960938,-7.279833793640137,-8.409647941589355,-8.00957727432251,-7.826759576797485,-7.228311538696289,-6.805934429168701,-6.319227695465088,-5.694382667541504,-4.913904666900635,-4.439794063568115,-3.9286246299743652,-3.754805088043213,-3.510209321975708,-3.502155303955078,-3.258132576942444,-2.8732200860977173,-2.4880707263946533,-2.041268467903137,-1.6397183537483215,-1.2398565411567688,-0.017759330570697784,-0.012343306560069323,-0.014417641796171665,-0.01544555788859725,-0.015531578566879034,-0.017467902041971684,-0.015270393341779709,-0.012721076607704163,-0.013019881676882505,-0.012616888154298067,7.853529809625887,-1.213022060970713,0.7729861625876775,-0.9935199708981169,-1.2470559657217937,0.8900025998255916,0
5,2025-07-07 14:31:54.925347,2025-07-07 14:36:54.425347,2025-07-07 14:34:24.925347,1500,1800,-5.181552886962891,2.384185791015625e-07,-10.208086967468262,-9.860035419464111,-9.776294708251953,-9.159932136535645,-7.338504791259766,-8.478044986724854,-8.07509183883667,-7.834598779678345,-7.157336473464966,-6.730653285980225,-6.276442527770996,-5.674461126327515,-4.928330659866333,-4.456624507904053,-3.9843684434890747,-3.6356457471847534,-3.435188055038452,-3.5031518936157227,-3.2969298362731934,-2.8949109315872192,-2.49484920501709,-2.0373260974884033,-1.6376278400421143,-1.2423686385154724,-0.012494602706283331,-0.015053657814860344,-0.011615932453423738,-0.010176949203014374,-0.014793896581977606,-0.014092212542891502,-0.014617878012359142,-0.017853621393442154,-0.018496349453926086,-0.011401615105569363,7.865706239900964,-2.034101955512677,0.3641135471919045,-0.9461802168325626,-0.6575583019845046,2.5026381098208232,0
6,2025-07-07 14:36:54.924476,2025-07-07 14:41:54.424476,2025-07-07 14:39:24.924476,1800,2100,-5.13505220413208,0.0,-10.053727626800537,-9.714330673217773,-9.67085313796997,-9.180171012878418,-7.44732403755188,-8.523964881896973,-8.080440521240234,-7.774454832077026,-7.07217264175415,-6.628184080123901,-6.036703109741211,-5.609782457351685,-4.804303169250488,-4.29293155670166,-3.939409375190735,-3.6062114238739014,-3.4773998260498047,-3.5062140226364136,-3.2851016521453857,-2.8984129428863525,-2.50348436832428,-2.0437405109405518,-1.6406226754188538,-1.2340465784072876,-0.014871180057525635,-0.016829168424010277,-0.016062724404037,-0.015543111599981785,-0.014778804499655962,-0.015175287146121264,-0.0146616380661726,-0.010616459883749485,-0.01691348757594824,-0.01911883521825075,7.2687840841274465,-2.0931741256692944,0.5579398063476114,-0.7577536797244356,-1.1530474831478,0.8790746781214638,1
7,2025-07-07 14:41:54.924476,2025-07-07 14:46:54.424476,2025-07-07 14:44:24.924476,2100,2400,-5.174135208129883,0.0,-9.797389030456543,-9.573394775390625,-9.461034774780273,-8.50744342803955,-6.976170063018799,-7.813614368438721,-7.687708854675293,-7.519073963165283,-6.820730686187744,-6.397576093673706,-5.9441752433776855,-5.469628810882568,-4.613670825958252,-4.019361734390259,-3.7750864028930664,-3.4935801029205322,-3.3717567920684814,-3.480450749397278,-3.2656484842300415,-2.9184658527374268,-2.530199885368347,-2.0870742797851562,-1.7048895359039307,-1.3305515050888062,-0.01569116860628128,-0.018575316295027733,-0.021193833090364933,-0.020275523886084557,-0.019035575911402702,-0.019086210057139397,-0.01823041308671236,-0.017924951389431953,-0.017835416831076145,-0.020643373019993305,5.25290018918311,-1.8948457239215413,1.4812564033459736,-0.35990324051138967,-1.6038828038592725,1.1034988009565267,1
8,2025-07-07 14:46:54.682341,2025-07-07 14:51:54.182341,2025-07-07 14:49:24.682341,2400,2700,-5.099862337112427,0.0,-10.02992057800293,-9.742871284484863,-9.6699538230896,-9.126248836517334,-7.371451139450073,-8.395936012268066,-7.981266021728516,-7.61389422416687,-6.920902729034424,-6.5027077198028564,-5.889534950256348,-5.488706350326538,-4.768360376358032,-4.173159122467041,-3.859767198562622,-3.5805606842041016,-3.465343475341797,-3.499473452568054,-3.264192581176758,-2.916993260383606,-2.506152868270874,-2.056627631187439,-1.6563332080841064,-1.2449358105659485,-0.012181776575744152,-0.011808220762759447,-0.011666526086628437,-0.013884163927286863,-0.016103428788483143,-0.011846247594803572,-0.01657221745699644,-0.017438634298741817,-0.017302599735558033,-0.015269121620804071,6.893881076811368,-2.13551240479502,0.3418957613057127,-0.2772066300704305,-1.07763755916959,0.9100572443017523,1
9,2025-07-07 14:51:54.682341,2025-07-07 14:56:54.182341,2025-07-07 14:54:24.682341,2700,3000,-5.117102146148682,0.0,-9.950370788574219,-9.645782947540283,-9.560719013214111,-9.034950733184814,-7.3024585247039795,-8.27070951461792,-7.8940958976745605,-7.430946588516235,-6.740196228027344,-6.389447212219238,-5.752770662307739,-5.256194591522217,-4.533706188201904,-4.011007070541382,-3.68696928024292,-3.465227961540222,-3.4144887924194336,-3.4657773971557617,-3.275033712387085,-2.9099456071853638,-2.5085980892181396,-2.0865083932876587,-1.6961120963096619,-1.2968089580535889,-0.018734420649707317,-0.018270808272063732,-0.019629765301942825,-0.018450449220836163,-0.01533200591802597,-0.019701830111443996,-0.013230951968580484,-0.017040920443832874,-0.013567790389060974,-0.017552277073264122,5.638254071455282,-2.6112470884896655,0.964350410045107,0.09395903670535893,-0.9284336342817131,0.7705340185297105,1
10,2025-07-07 14:56:54.681478,2025-07-07 15:01:54.181478,2025-07-07 14:59:24.681478,3000,3300,-5.129513502120972,0.0,-9.860291957855225,-9.599186420440674,-9.375184059143066,-8.841866493225098,-7.306632995605469,-8.19055461883545,-7.851860523223877,-7.488492012023926,-6.888880252838135,-6.522455215454102,-5.822293758392334,-5.357481956481934,-4.616668939590454,-4.114177227020264,-3.817048668861389,-3.4420162439346313,-3.4587514400482178,-3.545520782470703,-3.301714062690735,-2.911981463432312,-2.4992120265960693,-2.077542543411255,-1.6768717169761658,-1.2748136520385742,-0.016141136176884174,-0.019465170800685883,-0.02074608951807022,-0.021077068522572517,-0.019062031991779804,-0.017128655686974525,-0.019695112481713295,-0.018308931961655617,-0.019579648971557617,-0.017117436975240707,5.501542984022352,-2.02779868209889,1.1739169514080798,-0.8862739546907018,-0.8791075411131934,0.6464997093559136,1
11,2025-07-07 15:01:54.681478,2025-07-07 15:06:54.181478,2025-07-07 15:04:24.681478,3300,3600,-5.133290767669678,-2.384185791015625e-07,-10.083167552947998,-9.911197662353516,-9.61214017868042,-9.028901100158691,-7.219747066497803,-8.43459415435791,-8.004035472869873,-7.668919086456299,-7.101938247680664,-6.609306335449219,-5.879223346710205,-5.337095022201538,-4.670919418334961,-4.279630422592163,-3.9047223329544067,-3.5378819704055786,-3.580073356628418,-3.604689121246338,-3.2966543436050415,-2.908613681793213,-2.49503493309021,-2.0532180070877075,-1.661102831363678,-1.258826732635498,-0.018125374801456928,-0.014745383057743311,-0.015352977905422449,-0.014536049216985703,-0.013446960132569075,-0.015042674727737904,-0.014425411820411682,-0.0146327568218112,-0.014353000558912754,-0.016929672099649906,6.6348645024981145,-1.9641923405544324,-0.42006273890828405,-1.0456262215649812,-1.609990575167631,-0.5637308547622671,1
12,2025-07-07 15:06:54.680612,2025-07-07 15:11:54.180612,2025-07-07 15:09:24.680612,3600,3900,-5.115843057632446,0.0,-10.086359977722168,-9.784132480621338,-9.569708347320557,-9.010196208953857,-7.060376405715942,-8.452207088470459,-7.984279632568359,-7.504676580429077,-6.930279493331909,-6.530574321746826,-5.739666938781738,-5.37919807434082,-4.78825831413269,-4.285174369812012,-3.910405993461609,-3.619213581085205,-3.500474452972412,-3.5283440351486206,-3.2671329975128174,-2.8837883472442627,-2.462839126586914,-2.0623284578323364,-1.6820420026779175,-1.2805532217025757,-0.016251327469944954,-0.020834087394177914,-0.01961821597069502,-0.014718555379658937,-0.013943575322628021,-0.01799352467060089,-0.015342415776103735,-0.017859353683888912,-0.01641618274152279,-0.017895761877298355,6.390862628679456,-1.7900501194599754,0.6568038605640822,-0.28992047329129583,-0.9498776043236786,0.7800666869979138,1
13,2025-07-07 15:11:54.680612,2025-07-07 15:16:54.180612,2025-07-07 15:14:24.680612,3900,4200,-5.161898851394653,0.0,-10.024096965789795,-9.687094688415527,-9.385722637176514,-8.66425609588623,-6.924640655517578,-8.212437629699707,-7.840317726135254,-7.437422275543213,-6.894810438156128,-6.404229164123535,-5.737652063369751,-5.307857990264893,-4.868289232254028,-4.231228828430176,-3.903111457824707,-3.606879472732544,-3.522636651992798,-3.5448203086853027,-3.24827778339386,-2.870321035385132,-2.4689861536026,-2.070607304573059,-1.6901353597640991,-1.2970952987670898,-0.015413083136081696,-0.01957378163933754,-0.020224157720804214,-0.014478747732937336,-0.015963124111294746,-0.016019629314541817,-0.013293376192450523,-0.019165982492268085,-0.019601226784288883,-0.01743918191641569,6.152468415424018,-1.3214521244566795,0.6779649918696748,-0.22086732548673155,-1.1167126593148786,0.9672624194888213,1
14,2025-07-07 15:16:54.679750,2025-07-07 15:21:54.179750,2025-07-07 15:19:24.679750,4200,4500,-5.129717588424683,0.0,-9.918333530426025,-9.685383319854736,-9.564251899719238,-8.886747360229492,-6.99460244178772,-8.300636768341064,-7.832247972488403,-7.2694501876831055,-6.733338832855225,-6.272027015686035,-5.660113096237183,-5.262436866760254,-4.7141478061676025,-4.2033531665802,-3.8365535736083984,-3.566469430923462,-3.443643093109131,-3.4981294870376587,-3.2476502656936646,-2.862944006919861,-2.469184994697571,-2.0779019594192505,-1.7075623869895935,-1.3176172971725464,-0.022695625200867653,-0.016915001906454563,-0.016453961841762066,-0.018802867271006107,-0.021570424549281597,-0.01777079701423645,-0.019310141913592815,-0.02320692129433155,-0.01926529686897993,-0.01721291057765484,5.623242127295375,-1.625539926964004,1.5826742873699966,-0.11359649923236488,-0.590437527501434,0.4742445964349821,1
15,2025-07-07 15:21:54.679750,2025-07-07 15:26:54.179750,2025-07-07 15:24:24.679750,4500,4800,-5.151182651519775,-2.384185791015625e-07,-10.277461528778076,-10.01379680633545,-9.83613395690918,-9.212924480438232,-7.114622592926025,-8.475666046142578,-8.000641822814941,-7.520161151885986,-6.932720422744751,-6.40645694732666,-5.70669150352478,-5.1751885414123535,-4.6453940868377686,-4.1410231590271,-3.7523738145828247,-3.5770790576934814,-3.470332384109497,-3.471238613128662,-3.2282681465148926,-2.8592331409454346,-2.472183108329773,-2.095710515975952,-1.7359586954116821,-1.3676694631576538,-0.020365518517792225,-0.026772184297442436,-0.02167085837572813,-0.02189814206212759,-0.021814039908349514,-0.017693107947707176,-0.02614467404782772,-0.02235883753746748,-0.024572942405939102,-0.02255750074982643,5.331170906797258,-3.111344766132897,1.9317002596355952,0.1074388398906447,-1.3408072576929126,-0.9633313651324322,1
16,2025-07-07 15:26:54.678883,2025-07-07 15:31:54.178883,2025-07-07 15:29:24.678883,4800,5100,-5.169933795928955,0.0,-10.100165843963623,-9.874857902526855,-9.842243671417236,-9.128149509429932,-7.0164103507995605,-8.317784786224365,-7.882246017456055,-7.3152174949646,-6.568323850631714,-6.04764199256897,-5.461046457290649,-4.965026617050171,-4.502517223358154,-3.9085264205932617,-3.608644485473633,-3.5931665897369385,-3.380871295928955,-3.4575443267822266,-3.2273696660995483,-2.8707698583602905,-2.4974427223205566,-2.113474488258362,-1.7705063223838806,-1.393570899963379,-0.02451570425182581,-0.018551147542893887,-0.022158718667924404,-0.03324330039322376,-0.028037218376994133,-0.024657429195940495,-0.024006486870348454,-0.021740635856986046,-0.020898357965052128,-0.029187673702836037,4.03778868436352,-3.161473829665209,2.5305069699612597,0.20058667304042854,0.21444485697634494,-0.35866376014488544,1
17,2025-07-07 15:31:54.678883,2025-07-07 15:36:54.178883,2025-07-07 15:34:24.678883,5100,5400,-5.1249730587005615,0.0,-10.118772029876709,-9.965954303741455,-9.854076385498047,-9.238171100616455,-7.080850124359131,-8.399651050567627,-7.873518466949463,-7.373755693435669,-6.603341579437256,-5.990096092224121,-5.36555814743042,-4.871613025665283,-4.417300462722778,-3.9243030548095703,-3.61173152923584,-3.5957025289535522,-3.394518733024597,-3.477312207221985,-3.2312119007110596,-2.8695645332336426,-2.5134307146072388,-2.1196640729904175,-1.7585211992263794,-1.369257926940918,-0.025737733580172062,-0.020281667821109295,-0.024229994975030422,-0.024127379059791565,-0.022044279612600803,-0.026793797500431538,-0.025074350647628307,-0.025159981101751328,-0.02664356678724289,-0.022816604003310204,3.8445010645166464,-3.373003657670875,2.2104627894392577,0.3434992557510499,0.17691947366317254,-0.15177042788493342,1
18,2025-07-07 15:36:54.678019,2025-07-07 15:41:54.178019,2025-07-07 15:39:24.678019,5400,5700,-5.061307430267334,2.384185791015625e-07,-9.865785598754883,-9.72588062286377,-9.516703605651855,-8.895402431488037,-7.004090309143066,-8.123682498931885,-7.706245422363281,-7.2456278800964355,-6.405786037445068,-5.800735950469971,-5.298709392547607,-4.823164939880371,-4.3814568519592285,-3.880987524986267,-3.6514458656311035,-3.6892011165618896,-3.516539692878723,-3.518054246902466,-3.243641495704651,-2.873820424079895,-2.52886962890625,-2.1125221252441406,-1.7361966371536255,-1.355154812335968,-0.02373096253722906,-0.024051208049058914,-0.021481141448020935,-0.026523133739829063,-0.01946480479091406,-0.02825169637799263,-0.017914756201207638,-0.02442884538322687,-0.020789540372788906,-0.024313720874488354,3.348220514288412,-2.2455951687886184,1.7853468689968364,0.37752635219353625,1.1288492881373846,1.0737508684599435,1
19,2025-07-07 15:41:54.678019,2025-07-07 15:46:54.178019,2025-07-07 15:44:24.678019,5700,6000,-5.119842767715454,0.0,-9.987871170043945,-9.851882934570312,-9.637122631072998,-9.028685569763184,-7.170043706893921,-8.305276870727539,-7.844468355178833,-7.349013805389404,-6.645045518875122,-6.072087287902832,-5.605389833450317,-5.09974217414856,-4.429540395736694,-3.9618442058563232,-3.7106415033340454,-3.6796690225601196,-3.594739317893982,-3.530125141143799,-3.256001353263855,-2.8719884157180786,-2.5112133026123047,-2.0908730030059814,-1.7254140377044678,-1.34161376953125,-0.023865158669650555,-0.02480088546872139,-0.020192074589431286,-0.022974278777837753,-0.02807390596717596,-0.024980967864394188,-0.026152748614549637,-0.026941356249153614,-0.025024724192917347,-0.023360145278275013,4.023628649910232,-2.5475819871417205,2.127825715364561,-0.5362760181297214,0.23933276510246435,-0.22199208620988112,1
20,2025-07-07 15:46:55.270805,2025-07-07 15:51:54.770805,2025-07-07 15:49:25.270805,6000,6300,-5.047341823577881,0.0,-9.84052848815918,-9.713228702545166,-9.525233268737793,-9.0240159034729,-7.226557970046997,-8.254786014556885,-7.827297925949097,-7.318835735321045,-6.616269111633301,-6.109791278839111,-5.672928094863892,-5.142209768295288,-4.48820948600769,-4.103094100952148,-3.8395373821258545,-3.806578040122986,-3.6637542247772217,-3.6112881898880005,-3.283970832824707,-2.862338662147522,-2.5003364086151123,-2.0590927600860596,-1.68214750289917,-1.2997785806655884,-0.020496193319559097,-0.020768605172634125,-0.022584720514714718,-0.019129255786538124,-0.022511564195156097,-0.019854091107845306,-0.020063083618879318,-0.024455109611153603,-0.021897654980421066,-0.019721070304512978,4.692905200897476,-1.455137938778574,1.0393053072554364,-0.8132335354156467,0.26217104751281783,-0.1157222137011996,1
21,2025-07-07 15:51:55.270805,2025-07-07 15:56:54.770805,2025-07-07 15:54:25.270805,6300,6600,-5.0513598918914795,0.0,-10.128578662872314,-10.038509368896484,-9.842082500457764,-9.30856704711914,-7.3533406257629395,-8.459551334381104,-7.9533209800720215,-7.513181209564209,-6.7854509353637695,-6.245560646057129,-5.6942994594573975,-5.153201341629028,-4.350621461868286,-4.100794076919556,-3.8368639945983887,-3.8179335594177246,-3.695497751235962,-3.5775341987609863,-3.2739005088806152,-2.8518636226654053,-2.4941903352737427,-2.065488815307617,-1.6848337054252625,-1.296815276145935,-0.024467785842716694,-0.02857042010873556,-0.021127261221408844,-0.022368893958628178,-0.023190267384052277,-0.02435063850134611,-0.023711063899099827,-0.02483718004077673,-0.01991741731762886,-0.02609343361109495,4.678315418866565,-2.532623374856227,1.5048300079367698,-0.7309160821676883,0.698261433699482,-0.5847993954932699,1
22,2025-07-07 15:56:55.269940,2025-07-07 16:01:54.769940,2025-07-07 15:59:25.269940,6600,6900,-5.110076904296875,0.0,-10.26217269897461,-10.078773021697998,-9.957257270812988,-9.348732948303223,-7.266453981399536,-8.461252212524414,-8.006190776824951,-7.412249565124512,-6.671846866607666,-6.13686728477478,-5.5920023918151855,-5.0127646923065186,-4.353037118911743,-4.104458332061768,-3.8399559259414673,-3.7481491565704346,-3.6863999366760254,-3.6198556423187256,-3.297696352005005,-2.8786532878875732,-2.5027776956558228,-2.071413278579712,-1.6822862029075623,-1.2837921977043152,-0.026133842766284943,-0.01569007895886898,-0.021496335975825787,-0.025064144283533096,-0.02185784373432398,-0.02772724535316229,-0.020931042730808258,-0.026875747367739677,-0.024057556875050068,-0.018267168663442135,4.54266413074151,-2.6955403244957306,0.8282454458359854,-1.2581143800648895,1.0022240542824998,-0.7338600778885002,1
23,2025-07-07 16:01:55.269940,2025-07-07 16:06:54.769940,2025-07-07 16:04:25.269940,6900,7200,-5.062188625335693,-2.384185791015625e-07,-10.441085815429688,-10.291488647460938,-10.100851058959961,-9.190727710723877,-6.713598728179932,-8.52649736404419,-8.252645492553711,-7.495483875274658,-6.631471395492554,-6.209569931030273,-5.619168996810913,-4.804098844528198,-4.174480438232422,-4.0104358196258545,-3.6287951469421387,-3.5491206645965576,-3.7335469722747803,-3.7216168642044067,-3.3652970790863037,-2.9203537702560425,-2.535636305809021,-2.091644287109375,-1.686319351196289,-1.2761157751083374,-0.007968379650264978,-0.012167597655206919,-0.015856324695050716,-0.014154691249132156,-0.015242432244122028,-0.016817588359117508,-0.017845064401626587,-0.010918190702795982,-0.0177689166739583,-0.016748005524277687,4.92788401018965,-3.1207967595674715,-2.932058196622484,-0.7491617213042902,-0.7576965137336131,-1.0624954927997916,1
24,2025-07-07 16:06:55.269074,2025-07-07 16:11:54.769074,2025-07-07 16:09:25.269074,7200,7500,-5.063119173049927,0.0,-10.256103038787842,-10.141279220581055,-9.901167392730713,-9.193503379821777,-6.774898290634155,-8.307133197784424,-8.062654495239258,-7.277997970581055,-6.513813495635986,-6.011713981628418,-5.418499946594238,-4.638078451156616,-4.057064056396484,-3.9126676321029663,-3.7207744121551514,-3.666846752166748,-3.773358702659607,-3.7204675674438477,-3.36868155002594,-2.9211997985839844,-2.546957015991211,-2.0777186155319214,-1.6725389957427979,-1.2559548020362854,-0.011949362233281136,-0.012208987958729267,-0.014239209238439798,-0.013439590111374855,-0.011892450507730246,-0.012775227893143892,-0.013233518693596125,-0.009828940499573946,-0.013230408076196909,-0.012444450519979,4.77399612277297,-2.3998017089179693,-3.4344073578228516,-0.43673038198083386,0.35090618054384864,0.11579730502641251,1
25,2025-07-07 16:11:55.269074,2025-07-07 16:16:54.769074,2025-07-07 16:14:25.269074,7500,7800,-5.074972867965698,2.384185791015625e-07,-10.109453678131104,-9.995921611785889,-9.757699489593506,-8.98065185546875,-6.856780767440796,-8.188251495361328,-7.95320463180542,-7.204328775405884,-6.491217851638794,-6.054199695587158,-5.4398815631866455,-4.815673828125,-4.09625506401062,-3.9398813247680664,-3.7538981437683105,-3.700233578681946,-3.8165303468704224,-3.7367820739746094,-3.3699454069137573,-2.9164247512817383,-2.5337475538253784,-2.088698148727417,-1.681541085243225,-1.271116316318512,-0.017384990118443966,-0.012788600753992796,-0.01719945017248392,-0.010852390434592962,-0.013418960385024548,-0.014983651228249073,-0.017073570750653744,-0.01557280495762825,-0.015194077976047993,-0.012678820639848709,4.390361729782676,-1.8980487928571506,-2.4735644247259865,-0.9973627596442893,1.2783745495718732,1.241940174016293,1
26,2025-07-07 16:16:55.268207,2025-07-07 16:21:54.768207,2025-07-07 16:19:25.268207,7800,8100,-5.080369472503662,2.384185791015625e-07,-10.148991107940674,-10.035172462463379,-9.764772415161133,-9.017203330993652,-7.072191476821899,-8.156392097473145,-7.877166032791138,-7.025944232940674,-6.297135829925537,-5.811889886856079,-5.196387052536011,-4.532636880874634,-3.9696892499923706,-3.8827550411224365,-3.5765010118484497,-3.608179211616516,-3.772551655769348,-3.7630717754364014,-3.397922396659851,-2.9368362426757812,-2.588014841079712,-2.1501084566116333,-1.736368179321289,-1.331865668296814,-0.018262282013893127,-0.012188503984361887,-0.01584188174456358,-0.012460594065487385,-0.017284286208450794,-0.017502354457974434,-0.016747883521020412,-0.015316087752580643,-0.01562720211222768,-0.014092273078858852,3.1314368401425803,-2.6522479114421453,-2.635501286814252,-1.0192555390427576,1.6071242788812443,1.092168031221684,1
27,2025-07-07 16:21:55.268207,2025-07-07 16:26:54.768207,2025-07-07 16:24:25.268207,8100,8400,-5.086311340332031,-2.384185791015625e-07,-10.235931873321533,-10.156512260437012,-9.88444709777832,-9.148569583892822,-7.152899265289307,-8.281969547271729,-7.965477705001831,-7.112639665603638,-6.382066965103149,-5.848541498184204,-5.187250375747681,-4.484091758728027,-3.85408616065979,-3.824079990386963,-3.54823637008667,-3.6118873357772827,-3.788790464401245,-3.754621386528015,-3.4028115272521973,-2.9508860111236572,-2.5967012643814087,-2.1480722427368164,-1.720995545387268,-1.3139799237251282,-0.01711446698755026,-0.01381324278190732,-0.018527649343013763,-0.01595334243029356,-0.020088685676455498,-0.014910987112671137,-0.017549728974699974,-0.013320587109774351,-0.016109093092381954,-0.0174081576988101,3.103893946586708,-3.246367669682858,-2.8602994795086096,-1.0869305636943516,0.005418005619732305,-1.4968786805631886,1
28,2025-07-07 16:26:55.267336,2025-07-07 16:31:54.767336,2025-07-07 16:29:25.267336,8400,8700,-5.068701267242432,-2.384185791015625e-07,-9.969279766082764,-9.90356731414795,-9.622103691101074,-8.89372444152832,-7.142746210098267,-8.0487060546875,-7.74013090133667,-6.888616323471069,-6.200071573257446,-5.714565753936768,-5.159392595291138,-4.586973667144775,-3.8050209283828735,-3.9072539806365967,-3.6981570720672607,-3.6509848833084106,-3.776643395423889,-3.760301947593689,-3.4082685708999634,-2.9407612085342407,-2.5941879749298096,-2.1461585760116577,-1.7232455611228943,-1.3111575245857239,-0.013771151192486286,-0.015354914590716362,-0.017784813418984413,-0.02211106475442648,-0.014426077250391245,-0.01757274940609932,-0.018269686959683895,-0.016169939190149307,-0.01673957984894514,-0.016595548950135708,2.73538671583087,-2.2106926672257807,-2.4271920988067097,-1.133889581329852,-0.06923737297894594,-1.5086091001870663,1
29,2025-07-07 16:31:55.267336,2025-07-07 16:36:54.767336,2025-07-07 16:34:25.267336,8700,9000,-5.112157106399536,0.0,-9.620691776275635,-9.57389783859253,-9.29181432723999,-8.615095138549805,-7.166231393814087,-7.906278371810913,-7.628910779953003,-6.819390296936035,-6.1855149269104,-5.768342018127441,-5.140558242797852,-4.642318964004517,-3.962718963623047,-4.011336326599121,-3.8530901670455933,-3.813073754310608,-3.861989974975586,-3.7454161643981934,-3.3757171630859375,-2.9205352067947388,-2.5648694038391113,-2.1073397397994995,-1.6841602325439453,-1.2700632214546204,-0.016443418338894844,-0.017582395114004612,-0.016475440934300423,-0.018767155706882477,-0.01905875187367201,-0.02202164474874735,-0.017091698944568634,-0.019431165419518948,-0.015590694732964039,-0.015178857371211052,3.095961869756113,-0.6466382327712832,-1.4634397980485436,-1.443412685226141,0.9163516044487079,-0.3011624529469873,1
30,2025-07-07 16:36:55.266468,2025-07-07 16:41:54.766468,2025-07-07 16:39:25.266468,9000,9300,-5.0947465896606445,-2.384185791015625e-07,-10.107154369354248,-10.038986206054688,-9.795395374298096,-9.015223979949951,-7.242633819580078,-8.119907855987549,-7.789962291717529,-6.832519769668579,-6.2488415241241455,-5.821014404296875,-5.170360326766968,-4.665485143661499,-4.107983589172363,-4.168786525726318,-3.9299545288085938,-3.954906940460205,-3.882556676864624,-3.7429169416427612,-3.374686598777771,-2.9049010276794434,-2.5568848848342896,-2.093479871749878,-1.654468297958374,-1.2406324744224548,-0.01866758707910776,-0.016898998990654945,-0.017410341650247574,-0.018432841636240482,-0.014612071681767702,-0.013184325769543648,-0.018464534543454647,-0.01623263768851757,-0.01272644940763712,-0.01700945384800434,4.133392356301282,-1.356177392044672,-2.3880753851256165,-1.2094644657171074,0.33860370659548644,-1.8271614344900704,1
31,2025-07-07 16:41:55.266468,2025-07-07 16:46:54.766468,2025-07-07 16:44:25.266468,9300,9600,-5.072703838348389,0.0,-9.819106578826904,-9.674622535705566,-9.277142524719238,-8.54203987121582,-6.98552131652832,-7.840902090072632,-7.614037036895752,-6.711208820343018,-6.190562725067139,-5.788591623306274,-5.094837427139282,-4.584354400634766,-4.03151535987854,-4.129704475402832,-3.9393718242645264,-3.9437828063964844,-3.871782660484314,-3.7193470001220703,-3.3730015754699707,-2.9133177995681763,-2.5713813304901123,-2.1116116046905518,-1.6847403049468994,-1.2723471522331238,-0.021327322348952293,-0.018283254466950893,-0.016758399084210396,-0.015252023469656706,-0.01852045487612486,-0.01815520692616701,-0.02172668743878603,-0.018029450438916683,-0.014307651203125715,-0.01597935426980257,3.1002371786807084,-0.4856746305042174,-1.676315123606039,-1.1406773648509765,0.9170437814928224,-0.39223125923827956,1
32,2025-07-07 16:46:55.213202,2025-07-07 16:51:54.713202,2025-07-07 16:49:25.213202,9600,9900,-5.047411680221558,2.384185791015625e-07,-10.120060920715332,-9.99011516571045,-9.60508108139038,-8.81080675125122,-7.355490446090698,-8.045491218566895,-7.6401331424713135,-6.689384460449219,-6.140202283859253,-5.732157945632935,-4.93879771232605,-4.590450286865234,-4.0964579582214355,-4.0867390632629395,-3.8882607221603394,-3.9347158670425415,-3.7992855310440063,-3.7376153469085693,-3.3855000734329224,-2.919121742248535,-2.578654646873474,-2.112956404685974,-1.6844944953918457,-1.2793585658073425,-0.018710765056312084,-0.016075899824500084,-0.01870244462043047,-0.018885896541178226,-0.01453988952562213,-0.01962213683873415,-0.01944098062813282,-0.01766143925487995,-0.014476026874035597,-0.016415242105722427,3.1866390758292105,-1.5759947326255495,-1.8824696555357896,-0.9618457732823754,2.219069536545254,0.4840869850002292,1
33,2025-07-07 16:51:55.213202,2025-07-07 16:56:54.713202,2025-07-07 16:54:25.213202,9900,10200,-5.116691827774048,0.0,-10.044535636901855,-9.907999992370605,-9.48711633682251,-8.711424350738525,-7.260035514831543,-7.88310432434082,-7.596578121185303,-6.5631067752838135,-6.112195014953613,-5.659482479095459,-4.981931686401367,-4.560093641281128,-4.0318284034729,-4.071531057357788,-3.8400336503982544,-3.861554980278015,-3.7756365537643433,-3.733019232749939,-3.382027745246887,-2.91085684299469,-2.58069109916687,-2.120759963989258,-1.700373649597168,-1.287581741809845,-0.017614121548831463,-0.018237514421343803,-0.014392637182027102,-0.02052633836865425,-0.01937680598348379,-0.017242714762687683,-0.01800811942666769,-0.01896410435438156,-0.01996463257819414,-0.01924226712435484,2.9521639382489613,-1.4826345084134962,-1.6933981492040897,-0.9712908658222279,1.0997850565032612,-0.4745779525640461,1
34,2025-07-07 16:56:55.212340,2025-07-07 17:01:54.712340,2025-07-07 16:59:25.212340,10200,10500,-5.155461311340332,-2.384185791015625e-07,-9.973085880279541,-9.737832069396973,-9.252921104431152,-8.385159969329834,-6.759894371032715,-7.759173393249512,-7.445008993148804,-6.418007850646973,-6.075091361999512,-5.705729007720947,-4.988850831985474,-4.560805559158325,-4.002166986465454,-3.972704291343689,-3.70315420627594,-3.8358012437820435,-3.791889786720276,-3.728401780128479,-3.383424401283264,-2.9237868785858154,-2.5906790494918823,-2.134782075881958,-1.720497488975525,-1.307058036327362,-0.018361475318670273,-0.015628322027623653,-0.018613754771649837,-0.01776084676384926,-0.01804923638701439,-0.022274330258369446,-0.018254905007779598,-0.020559041760861874,-0.018809244967997074,-0.018660754896700382,2.354278366974913,-1.1901716184232505,-1.8835962525627652,-1.0309327303832005,-0.26710976313818297,-1.3378886214552064,1
35,2025-07-07 17:01:55.212340,2025-07-07 17:06:54.712340,2025-07-07 17:04:25.212340,10500,10800,-5.138355016708374,2.384185791015625e-07,-9.96680736541748,-9.808590412139893,-9.297077655792236,-8.28779649734497,-6.571389198303223,-7.632621765136719,-7.311877727508545,-6.376790285110474,-6.074932813644409,-5.700883150100708,-4.948543310165405,-4.65185022354126,-4.115355730056763,-4.068704605102539,-3.8749622106552124,-3.988059401512146,-3.8823097944259644,-3.7624213695526123,-3.4050519466400146,-2.917697548866272,-2.58082115650177,-2.1160848140716553,-1.6886451840400696,-1.2766193151474,-0.014882402494549751,-0.017373254522681236,-0.017580362036824226,-0.01479988545179367,-0.015439444687217474,-0.018873566761612892,-0.01576558407396078,-0.0192093038931489,-0.02248053438961506,-0.019704565405845642,2.565521177909873,-0.31771621454995463,-2.4094474226395937,-1.1218341990131828,1.3003867163052583,1.2795041652673,1
36,2025-07-07 17:06:55.211482,2025-07-07 17:11:54.711482,2025-07-07 17:09:25.211482,10800,11100,-5.103435516357422,0.0,-9.953831672668457,-9.874417781829834,-9.389529705047607,-8.517570495605469,-6.94607138633728,-7.785220623016357,-7.334719181060791,-6.337340831756592,-6.066247940063477,-5.674027442932129,-4.873605966567993,-4.577327251434326,-4.1303932666778564,-3.9722758531570435,-3.813252091407776,-3.793269991874695,-3.7787808179855347,-3.686401128768921,-3.3625317811965942,-2.91279137134552,-2.581046223640442,-2.13200843334198,-1.720805048942566,-1.3190538883209229,-0.0172773115336895,-0.01956393662840128,-0.015338996425271034,-0.02084455545991659,-0.016749490052461624,-0.014205080457031727,-0.01628189068287611,-0.020453544333577156,-0.014427376445382833,-0.017415223643183708,2.7719388331318693,-1.149466546023757,-1.750431739629309,-0.33425751264654063,0.6005044126669433,-0.1358594172600877,1
37,2025-07-07 17:11:55.211482,2025-07-07 17:16:54.711482,2025-07-07 17:14:25.211482,11100,11400,-5.070526361465454,-2.384185791015625e-07,-9.735825061798096,-9.678451538085938,-9.221981525421143,-8.392653465270996,-6.48824667930603,-7.6488542556762695,-7.209662199020386,-6.3435218334198,-6.0545384883880615,-5.726796627044678,-5.025248289108276,-4.767308235168457,-4.307549238204956,-4.216777086257935,-4.086859464645386,-4.097590923309326,-3.9702444076538086,-3.754047393798828,-3.3802778720855713,-2.9078288078308105,-2.5510624647140503,-2.0802401304244995,-1.644802212715149,-1.2219531536102295,-0.01678567472845316,-0.01793013885617256,-0.013267674949020147,-0.015890177339315414,-0.018059400841593742,-0.019460703246295452,-0.016595336608588696,-0.014635085593909025,-0.013949741143733263,-0.016606183722615242,3.4458449105595315,0.9724221324418143,-2.529257436157744,-1.1553617307129007,-0.3425137608396007,-1.3859247277949167,1
38,2025-07-07 17:16:55.210625,2025-07-07 17:21:54.710625,2025-07-07 17:19:25.210625,11400,11700,-5.153056383132935,0.0,-10.053766250610352,-9.98694372177124,-9.492930889129639,-8.549267292022705,-6.530657052993774,-7.730598449707031,-7.156014680862427,-6.265855550765991,-5.9336559772491455,-5.606584310531616,-4.9060680866241455,-4.667860746383667,-4.011784553527832,-4.18078351020813,-3.943855047225952,-4.048558235168457,-3.888500690460205,-3.7475459575653076,-3.385082244873047,-2.9152268171310425,-2.5628509521484375,-2.103979706764221,-1.6696893572807312,-1.2554845809936523,-0.018225163221359253,-0.01291324570775032,-0.014776535797864199,-0.01954542752355337,-0.01703103817999363,-0.020124749280512333,-0.017575600184500217,-0.017681550234556198,-0.01664163824170828,-0.017130807042121887,2.992834013907734,-0.20418083533647777,-2.646479163142132,-0.9985647217704877,0.9495125849195143,-0.46675010598896033,1
39,2025-07-07 17:21:55.210625,2025-07-07 17:26:54.710625,2025-07-07 17:24:25.210625,11700,12000,-5.182527542114258,2.384185791015625e-07,-9.993617057800293,-9.924736976623535,-9.472585201263428,-8.610755920410156,-6.752131700515747,-7.742644548416138,-7.034278154373169,-6.1575024127960205,-5.887740612030029,-5.5172224044799805,-4.850409269332886,-4.60751748085022,-3.929758906364441,-4.084494352340698,-3.9273654222488403,-4.0365331172943115,-3.8573780059814453,-3.7537823915481567,-3.3895232677459717,-2.9163707494735718,-2.576432228088379,-2.1309393644332886,-1.6993494629859924,-1.2911610007286072,-0.017833535559475422,-0.018927141092717648,-0.01996791549026966,-0.01615815795958042,-0.01382554043084383,-0.018722274340689182,-0.018867675215005875,-0.016120783053338528,-0.01491933735087514,-0.013180822134017944,2.6208570852588395,-0.4514826370702734,-2.6090182234982944,-0.8365348047886416,1.709739835673829,0.912212454004985,1
40,2025-07-07 17:26:55.209771,2025-07-07 17:31:54.709771,2025-07-07 17:29:25.209771,12000,12300,-5.073035001754761,0.0,-10.226253986358643,-10.18812084197998,-9.718640327453613,-8.571971893310547,-6.249106407165527,-7.893242359161377,-7.086417198181152,-6.289017200469971,-5.887514352798462,-5.554906368255615,-4.944997787475586,-4.5554962158203125,-3.989705204963684,-4.194362640380859,-3.9925979375839233,-4.129795551300049,-3.901275396347046,-3.7557471990585327,-3.397199511528015,-2.9251227378845215,-2.558376908302307,-2.0952423810958862,-1.6591882109642029,-1.239861786365509,-0.016431240364909172,-0.015875492244958878,-0.012669131625443697,-0.017809507437050343,-0.013478585984557867,-0.013313821982592344,-0.012380057480186224,-0.017235195264220238,-0.01553536206483841,-0.0109650744125247,3.2175045723067157,-0.2203355838807305,-3.8969280353179387,-0.4068025020727174,0.7125978120699468,-0.1800321507825677,1
41,2025-07-07 17:31:55.209771,2025-07-07 17:36:54.709771,2025-07-07 17:34:25.209771,12300,12600,-4.919167757034302,2.384185791015625e-07,-10.000954151153564,-9.795994281768799,-9.253284931182861,-7.937431812286377,-6.460577726364136,-7.234511375427246,-6.424584627151489,-5.5019309520721436,-5.207368850708008,-4.872575759887695,-4.330254077911377,-3.743781089782715,-3.4420273303985596,-3.660235047340393,-3.552399754524231,-3.6811190843582153,-3.6867001056671143,-3.7211108207702637,-3.462765693664551,-3.0545133352279663,-2.744043469429016,-2.3756520748138428,-2.004050135612488,-1.577976942062378,-0.027847055345773697,-0.03261451609432697,-0.02437186148017645,-0.025328971445560455,-0.022631116211414337,-0.024932446889579296,-0.025772808119654655,-0.023552844300866127,-0.028852066956460476,-0.027035566978156567,-4.223983286074061,-2.5633477791576302,-1.4000713204968647,0.18961298156923834,1.2301168256274508,1.1160593302415427,2
42,2025-07-07 17:36:55.208919,2025-07-07 17:41:54.708919,2025-07-07 17:39:25.208919,12600,12900,-4.74634051322937,0.0,-10.31054162979126,-10.087003707885742,-9.472860336303711,-7.991166353225708,-6.709049224853516,-6.60300087928772,-5.629919528961182,-4.924452066421509,-4.599307298660278,-4.2164788246154785,-3.781726121902466,-3.2596386671066284,-2.8096957206726074,-2.9448662996292114,-3.318803071975708,-3.5002657175064087,-3.58858585357666,-3.6798739433288574,-3.571095824241638,-3.3477418422698975,-3.0648276805877686,-2.7196332216262817,-2.382769465446472,-1.9982022047042847,-0.03419719263911247,-0.03634432516992092,-0.04708923399448395,-0.03728382661938667,-0.03912497125566006,-0.032435549423098564,-0.03736431896686554,-0.04620780423283577,-0.03710033930838108,-0.041407959535717964,-12.68512950767499,-6.7265463602398645,0.02262701785239964,-0.540168553253305,-0.2414119642297292,-0.006180142731168638,2
43,2025-07-07 17:41:55.208919,2025-07-07 17:46:54.708919,2025-07-07 17:44:25.208919,12900,13200,-4.796417474746704,0.0,-10.417347431182861,-10.264466762542725,-9.705286026000977,-8.16791296005249,-6.782866477966309,-6.630269289016724,-5.516271352767944,-4.897814512252808,-4.604229211807251,-4.145641326904297,-3.8042843341827393,-3.2119885683059692,-2.7845709323883057,-3.086559534072876,-3.2672654390335083,-3.5130025148391724,-3.604575276374817,-3.678251624107361,-3.5333855152130127,-3.272902727127075,-3.003929853439331,-2.680882215499878,-2.3947701454162598,-2.0299710035324097,-0.03296222910284996,-0.033443642780184746,-0.0337578933686018,-0.041839599609375,-0.03263634815812111,-0.03773318603634834,-0.02675752341747284,-0.04491993226110935,-0.032797304913401604,-0.035827070474624634,-11.365305682475368,-6.502702107769176,-0.5875753604832551,0.3158392363223642,0.2097160550911606,-0.22648334617763566,2
44,2025-07-07 17:46:55.208066,2025-07-07 17:51:54.708066,2025-07-07 17:49:25.208066,13200,13500,-4.783617973327637,0.0,-10.154875755310059,-9.993881702423096,-9.36982011795044,-7.904445648193359,-6.566662073135376,-6.455610513687134,-5.432291507720947,-4.855164051055908,-4.591258525848389,-4.187110424041748,-3.912199378013611,-3.3449786901474,-2.8938238620758057,-3.1316077709198,-3.157167077064514,-3.544119715690613,-3.629141926765442,-3.6736347675323486,-3.52914035320282,-3.272059679031372,-2.9897536039352417,-2.637950897216797,-2.3527843952178955,-1.970691204071045,-0.0367867685854435,-0.0353710912168026,-0.03989351540803909,-0.03193560615181923,-0.039119116961956024,-0.03240076266229153,-0.038367148488759995,-0.04113651253283024,-0.030604206956923008,-0.030780941247940063,-11.153396892572871,-5.518914726274247,-0.2292693297424468,0.04282011371020361,-0.11304325244546432,-0.08768993319936638,2
45,2025-07-07 17:51:55.208066,2025-07-07 17:56:54.708066,2025-07-07 17:54:25.208066,13500,13800,-4.73170804977417,-2.384185791015625e-07,-10.726716995239258,-10.505033016204834,-9.818012714385986,-8.19953441619873,-6.584088087081909,-6.51176643371582,-5.501187086105347,-4.859686613082886,-4.735109329223633,-4.2705512046813965,-3.9662572145462036,-3.3834489583969116,-2.969062089920044,-3.0518500804901123,-3.1892718076705933,-3.5410741567611694,-3.6358755826950073,-3.69291353225708,-3.5436917543411255,-3.2523895502090454,-3.002987265586853,-2.6484776735305786,-2.3472683429718018,-1.9746332168579102,-0.02890875469893217,-0.05343744903802872,-0.043154314160346985,-0.03860308974981308,-0.01048365980386734,-0.045214204117655754,-0.04455563239753246,-0.018500669859349728,-0.05000532977283001,-0.03262569569051266,-11.259651900329784,-7.192352120159444,-1.3079362896358329,0.9426291206683075,-1.4918920101762023,-1.297718045367319,2
46,2025-07-07 17:56:54.638355,2025-07-07 18:01:54.138355,2025-07-07 17:59:24.638355,13800,14100,,,,,,,,,,,,,,,,,,,,,,,,,,,,,,,,,,,,,-9.14480429597955,-4.890400258163696,-2.3684524753522704,1.0410806107786055,-0.4852510037327353,-0.49588002581882773,2
47,2025-07-07 18:01:54.638355,2025-07-07 18:06:54.138355,2025-07-07 18:04:24.638355,14100,14400,,,,,,,,,,,,,,,,,,,,,,,,,,,,,,,,,,,,,-7.029956691629329,-2.588448396167944,-3.4289686610687053,1.1395321008889,0.5213900027107315,0.30595799372966526,2
48,2025-07-07 18:06:54.637490,2025-07-07 18:11:54.137490,2025-07-07 18:09:24.637490,14400,14700,-4.956360816955566,2.384185791015625e-07,-9.718356132507324,-9.662280082702637,-9.100007057189941,-7.703161716461182,-6.327049016952515,-6.526914119720459,-5.148387670516968,-4.838374853134155,-4.7189857959747314,-4.3779051303863525,-3.8166027069091797,-3.26191246509552,-3.2180811166763306,-3.582879424095154,-3.7898870706558228,-3.9929418563842773,-3.922460675239563,-3.8144688606262207,-3.4999029636383057,-3.078850269317627,-2.734333038330078,-2.355783462524414,-2.010876774787903,-1.6493858098983765,-0.005955453496426344,-0.02238242607563734,-0.01805457752197981,-0.018406977877020836,-0.011542096268385649,-0.024686630815267563,-0.023592662997543812,-0.01463880529627204,-0.023505336605012417,-0.027515051886439323,-4.915109087279103,-0.2864965341721941,-4.4894848467851425,1.2379835909991972,1.5280310091542002,1.107796013278157,3
49,2025-07-07 18:11:54.637490,2025-07-07 18:16:54.137490,2025-07-07 18:14:24.637490,14700,15000,-5.037764072418213,-2.384185791015625e-07,-9.703389167785645,-9.595690727233887,-9.085484027862549,-8.041885375976562,-6.608065128326416,-7.541391134262085,-7.18254542350769,-6.623463153839111,-6.22029709815979,-5.724956512451172,-5.117480516433716,-4.577080965042114,-4.275766134262085,-4.165525674819946,-3.896027684211731,-3.9540520906448364,-3.748892903327942,-3.6004559993743896,-3.265581965446472,-2.82942795753479,-2.4964410066604614,-2.093489170074463,-1.7281584739685059,-1.3818530440330505,-0.012656757608056068,-0.01854456029832363,-0.01366307632997632,-0.011136895045638084,-0.007770040305331349,-0.013050587847828865,-0.010537727735936642,-0.013637274503707886,-0.012692403048276901,-0.013635703828185797,4.388641519261493,0.562946389399853,-1.8384432588366375,1.5390088261274246,-1.1154469824134332,-0.667230943152853,3
50,2025-07-07 18:16:54.636619,2025-07-07 18:21:54.136619,2025-07-07 18:19:24.636619,15000,15300,-5.015049934387207,0.0,-10.05772352218628,-9.745402812957764,-9.015008926391602,-7.852566957473755,-6.548431158065796,-7.715635299682617,-7.0101330280303955,-6.4489593505859375,-6.237312316894531,-5.588160037994385,-4.998043060302734,-4.4403510093688965,-4.17277193069458,-4.15121865272522,-3.9077521562576294,-4.072789430618286,-3.8751220703125,-3.60762357711792,-3.2801642417907715,-2.853287100791931,-2.4690232276916504,-2.1100462675094604,-1.7459673881530762,-1.3989476561546326,-0.012292980216443539,-0.010487944819033146,-0.01276888931170106,-0.019612289033830166,-0.01166378241032362,-0.016123752109706402,-0.015261556021869183,-0.013802999630570412,-0.016547158360481262,-0.014204838778823614,3.738235283457398,0.32780321146104574,-2.061274210124073,1.4953490377124938,0.6351632841297962,-0.3068740501429633,3
51,2025-07-07 18:21:54.636619,2025-07-07 18:26:54.136619,2025-07-07 18:24:24.636619,15300,15600,,,,,,,,,,,,,,,,,,,,,,,,,,,,,,,,,,,,,3.1438841051061064,0.4040303852197905,-1.9262122347693058,1.7690832961720158,0.5082614742136002,-0.11515085772510891,3
52,2025-07-07 18:26:54.635747,2025-07-07 18:31:54.135747,2025-07-07 18:29:24.635747,15600,15900,-5.035491466522217,0.0,-9.842041492462158,-9.720574855804443,-9.261000633239746,-8.050534725189209,-6.305611610412598,-7.557142496109009,-6.685555696487427,-6.186944007873535,-5.939419269561768,-5.2798075675964355,-4.813164234161377,-4.25176477432251,-3.8947569131851196,-4.1039111614227295,-3.9620893001556396,-4.069303035736084,-3.7407584190368652,-3.602830410003662,-3.2745296955108643,-2.8406975269317627,-2.5030547380447388,-2.141128897666931,-1.8034929037094116,-1.4269616603851318,-0.011672254651784897,-0.017703969962894917,-0.01298582460731268,-0.011360318399965763,-0.018537123687565327,-0.014006981626152992,-0.01752212829887867,-0.018835756927728653,-0.017108856700360775,-0.0195591039955616,2.5495329267548144,0.4802575589785348,-1.791150259414537,2.042817554631539,0.3813596642974039,0.07657233469274614,3
53,2025-07-07 18:31:54.635747,2025-07-07 18:36:54.135747,2025-07-07 18:34:24.635747,15900,16200,-5.021511554718018,2.384185791015625e-07,-9.886317253112793,-9.612346172332764,-8.960643291473389,-7.736603021621704,-6.149693727493286,-7.507549285888672,-6.626995801925659,-6.114381790161133,-5.888023376464844,-5.337342023849487,-4.897233724594116,-4.298131465911865,-3.9970462322235107,-4.180016994476318,-3.974015951156616,-4.090251445770264,-3.818384289741516,-3.6330610513687134,-3.275759220123291,-2.8436752557754517,-2.5145621299743652,-2.1346911191940308,-1.7812973260879517,-1.409825623035431,-0.013662864454090595,-0.016305366531014442,-0.015233959536999464,-0.015896263532340527,-0.014921362977474928,-0.01755464170128107,-0.01650273986160755,-0.016987809911370277,-0.013186288066208363,-0.018236694857478142,2.4788295967950047,1.0302802903343968,-1.88461864123318,1.6745486970864665,1.3451797420403633,1.0977153843326635,3
54,2025-07-07 18:36:54.634872,2025-07-07 18:41:54.134872,2025-07-07 18:39:24.634872,16200,16500,-4.951372861862183,0.0,-9.833600521087646,-9.42691421508789,-8.610328674316406,-7.183908939361572,-5.806995153427124,-7.188324451446533,-6.34025502204895,-5.904172897338867,-5.750137567520142,-5.364911794662476,-4.914719104766846,-4.488693952560425,-4.08288311958313,-4.2927186489105225,-4.115001678466797,-4.156066656112671,-3.851156234741211,-3.6619805097579956,-3.3106189966201782,-2.8591519594192505,-2.5128003358840942,-2.12219774723053,-1.7358511090278625,-1.370884358882904,-0.017562801018357277,-0.019071265123784542,-0.019880265928804874,-0.019894707947969437,-0.016660274006426334,-0.01761017832905054,-0.01929987221956253,-0.015839671716094017,-0.017660620622336864,-0.016106609255075455,1.8725615219987948,2.153935997016473,-1.7501531590344481,1.179405631629984,0.17464338235393323,-0.13725636937278166,3
55,2025-07-07 18:41:54.634872,2025-07-07 18:46:54.134872,2025-07-07 18:44:24.634872,16500,16800,-5.010719060897827,0.0,-9.92823076248169,-9.705565929412842,-9.077113151550293,-7.886419773101807,-5.928168296813965,-7.074724197387695,-6.174546241760254,-5.824215888977051,-5.786402702331543,-5.398089647293091,-5.027014255523682,-4.593434810638428,-4.147261142730713,-4.358490705490112,-4.186570405960083,-4.251264572143555,-3.9243106842041016,-3.6877366304397583,-3.308865785598755,-2.8664517402648926,-2.489911437034607,-2.0573688745498657,-1.652280330657959,-1.2827715277671814,-0.012087476905435324,-0.014698352664709091,-0.013391594868153334,-0.015043703839182854,-0.013735406566411257,-0.011661038734018803,-0.013421617913991213,-0.012549223843961954,-0.014412591699510813,-0.014076405204832554,3.4870567779619215,2.34756622393449,-3.1591915685383123,1.2079173845278388,0.23412742729713826,-0.05119463775070826,3
56,2025-07-07 18:46:54.633998,2025-07-07 18:51:54.133998,2025-07-07 18:49:24.633998,16800,17100,-4.98417067527771,0.0,-9.970219135284424,-9.629790306091309,-8.91945743560791,-7.744632005691528,-6.1058266162872314,-6.794175624847412,-5.964204788208008,-5.580927133560181,-5.5657243728637695,-5.252283334732056,-4.903292655944824,-4.426697492599487,-4.024683952331543,-4.256626605987549,-4.141972303390503,-4.241389274597168,-3.927958846092224,-3.6860450506210327,-3.3087321519851685,-2.8798272609710693,-2.5042169094085693,-2.0878061056137085,-1.7069021463394165,-1.3503854274749756,-0.014077614527195692,-0.01601475477218628,-0.012526893522590399,-0.015502066817134619,-0.019608762115240097,-0.014990911353379488,-0.011991015169769526,-0.017746922560036182,-0.01370618911460042,-0.013711114414036274,2.3692249424169614,2.1369539109681384,-2.808539579703785,1.4728492276507255,0.5152680934876148,-0.23296603845282557,3
57,2025-07-07 18:51:54.633998,2025-07-07 18:56:54.133998,2025-07-07 18:54:24.633998,17100,17400,-4.993571519851685,0.0,-9.733958721160889,-9.298301219940186,-8.623784065246582,-7.428997039794922,-6.1158223152160645,-6.38732647895813,-5.5041491985321045,-5.373729228973389,-5.377283334732056,-5.069418907165527,-4.808388710021973,-4.393148183822632,-3.9147619009017944,-4.19305682182312,-4.2038092613220215,-4.23629903793335,-3.9100496768951416,-3.697473168373108,-3.3169597387313843,-2.890533447265625,-2.5151814222335815,-2.1126080751419067,-1.734803020954132,-1.3702726364135742,-0.01574999187141657,-0.013596218544989824,-0.01603643875569105,-0.016417152248322964,-0.012935858219861984,-0.01625153888016939,-0.017837420105934143,-0.011303381063044071,-0.015992678701877594,-0.014413499273359776,1.5210331715823078,2.9059900019495744,-2.737805475201405,1.5755377492182774,0.3746410149005707,-0.27814069815778164,3
58,2025-07-07 18:56:54.633123,2025-07-07 19:01:54.133123,2025-07-07 18:59:24.633123,17400,17700,-5.02018404006958,0.0,-9.653096199035645,-9.366766452789307,-8.70878553390503,-7.443411350250244,-6.114865303039551,-6.264874696731567,-5.458476543426514,-5.332948923110962,-5.32590389251709,-5.00138258934021,-4.748398303985596,-4.440183639526367,-3.94693386554718,-4.206963300704956,-4.210172414779663,-4.256629228591919,-3.958659529685974,-3.714162230491638,-3.337001323699951,-2.9042227268218994,-2.522849202156067,-2.102986454963684,-1.7125489115715027,-1.344046175479889,-0.012667019385844469,-0.016602971591055393,-0.014796951785683632,-0.012742055114358664,-0.013883710838854313,-0.01863658707588911,-0.01626129262149334,-0.013234635815024376,-0.017854955047369003,-0.015871555544435978,1.4039643272077555,3.0903003977335772,-2.890795199042625,1.2926094021488594,0.22469071184926664,-0.06564356269460465,3
59,2025-07-07 19:01:54.633123,2025-07-07 19:06:54.133123,2025-07-07 19:04:24.633123,17700,18000,-4.988662004470825,0.0,-9.899019241333008,-9.730859279632568,-9.100833892822266,-7.73904275894165,-6.195928335189819,-6.248624801635742,-5.427449703216553,-5.429350852966309,-5.337005853652954,-4.987086772918701,-4.64933967590332,-4.284408092498779,-3.8181004524230957,-4.1898980140686035,-4.151059150695801,-4.2012412548065186,-3.891435384750366,-3.685085892677307,-3.335351824760437,-2.893399953842163,-2.5074732303619385,-2.098105788230896,-1.7118735909461975,-1.3394611477851868,-0.01414967281743884,-0.01191534148529172,-0.01695595309138298,-0.01859799586236477,-0.013450403697788715,-0.016553732566535473,-0.013891658280044794,-0.01884650718420744,-0.01613429095596075,-0.013118797447532415,1.4633076970811016,2.1803318752255727,-2.9780159171538716,1.8140589457099356,0.7464987692922032,-0.47219777536695196,3
60,2025-07-07 19:06:55.453531,2025-07-07 19:11:54.953531,2025-07-07 19:09:25.453531,18000,18300,-4.895299196243286,0.0,-9.75467824935913,-9.539068698883057,-8.848883152008057,-7.556688070297241,-6.1659722328186035,-6.107212066650391,-5.427388429641724,-5.406101942062378,-5.314572811126709,-5.054901599884033,-4.736836194992065,-4.357245683670044,-3.9818519353866577,-4.2997887134552,-4.240767240524292,-4.237398862838745,-3.9513360261917114,-3.6994166374206543,-3.336390733718872,-2.896026372909546,-2.5054986476898193,-2.0850167274475098,-1.6863662004470825,-1.3037484884262085,-0.014470675028860569,-0.012717967852950096,-0.014407088980078697,-0.01645496115088463,-0.01625063084065914,-0.013557307422161102,-0.01601496711373329,-0.017116224393248558,-0.01379166729748249,-0.013806444127112627,1.6350940617913508,3.092163681320821,-2.9184185180853053,1.6641019135664719,0.6528538383221336,-0.4768177346490506,3
61,2025-07-07 19:11:55.453531,2025-07-07 19:16:54.953531,2025-07-07 19:14:25.453531,18300,18600,-4.956379175186157,0.0,-9.924607276916504,-9.680768966674805,-8.969708919525146,-7.502487421035767,-6.0325236320495605,-5.86822509765625,-5.226109743118286,-5.286460876464844,-5.135269403457642,-4.937374591827393,-4.6773295402526855,-4.2715904712677,-3.9979342222213745,-4.300212383270264,-4.2722039222717285,-4.215214729309082,-3.9340429306030273,-3.6945600509643555,-3.3352890014648438,-2.9034703969955444,-2.512576103210449,-2.112573742866516,-1.728453814983368,-1.3718901872634888,-0.015888269059360027,-0.014637897722423077,-0.015962790697813034,-0.014773602597415447,-0.02004128135740757,-0.0185491144657135,-0.015788321383297443,-0.016615395434200764,-0.016535917297005653,-0.018232173286378384,0.9245735858980427,2.8332211121638373,-2.761947877933415,1.7840133499749997,0.5284509413965249,-0.42908888676600376,3
62,2025-07-07 19:16:55.452656,2025-07-07 19:21:54.952656,2025-07-07 19:19:25.452656,18600,18900,-4.967881679534912,0.0,-9.800063610076904,-9.338738918304443,-8.5638108253479,-7.082175016403198,-6.104051828384399,-5.85095477104187,-5.339007616043091,-5.288414239883423,-5.155165910720825,-5.027875900268555,-4.679030418395996,-4.259662866592407,-4.233439207077026,-4.377549886703491,-4.301236629486084,-4.218443393707275,-3.988635301589966,-3.721784234046936,-3.3337576389312744,-2.8970866203308105,-2.504421591758728,-2.100972294807434,-1.7143755555152893,-1.3653060793876648,-0.015949799679219723,-0.018664765171706676,-0.017100642435252666,-0.017573446966707706,-0.015773759223520756,-0.017268488183617592,-0.01667275931686163,-0.018329876475036144,-0.013211141806095839,-0.0174789410084486,1.0327214627901284,3.601912205332787,-2.4192606540343404,1.3274810293217838,0.5044225147969802,-0.3970348270578708,3
63,2025-07-07 19:21:55.452656,2025-07-07 19:26:54.952656,2025-07-07 19:24:25.452656,18900,19200,-4.997936487197876,0.0,-9.862329483032227,-9.340863227844238,-8.420506000518799,-7.045980215072632,-6.160871267318726,-5.9480297565460205,-5.402142286300659,-5.325413703918457,-5.211601734161377,-5.0331666469573975,-4.708308696746826,-4.424494504928589,-4.333096027374268,-4.432661294937134,-4.326786756515503,-4.190962314605713,-3.9356769323349,-3.686125636100769,-3.315333843231201,-2.8834699392318726,-2.5061928033828735,-2.116462230682373,-1.7336062788963318,-1.386847734451294,-0.021849586628377438,-0.015537087339907885,-0.011687180493026972,-0.017376317642629147,-0.023015477694571018,-0.0142210116609931,-0.01779057737439871,-0.021470910869538784,-0.012410503346472979,-0.020146338269114494,1.333127102015663,3.521431584226636,-1.697187866819017,1.1994523368466816,0.4963113885944128,-0.4333895896488403,3
64,2025-07-07 19:26:55.451776,2025-07-07 19:31:54.951776,2025-07-07 19:29:25.451776,19200,19500,-4.875345468521118,0.0,-10.033549785614014,-9.614774703979492,-8.787075996398926,-7.288982629776001,-6.160742521286011,-5.406500577926636,-4.853698253631592,-4.748438835144043,-4.487694501876831,-3.9612756967544556,-4.022725343704224,-3.838420033454895,-3.44096839427948,-3.5048197507858276,-3.5069679021835327,-3.491730570793152,-3.49812114238739,-3.615324854850769,-3.41434645652771,-3.1366132497787476,-2.861654043197632,-2.5478049516677856,-2.1607261896133423,-1.8088608980178833,-0.009621324948966503,-0.06986760720610619,-0.03750148043036461,0.006313379621133208,-0.013013240415602922,-0.020569019950926304,0.000719526200555265,-0.03315374255180359,-0.051167991012334824,-0.027466529980301857,-7.504148680719571,-2.5435010281502763,-1.534928855370277,3.476683312229083,-3.796016028149397,3.6206270683491106,3
65,2025-07-07 19:31:55.451776,2025-07-07 19:36:54.951776,2025-07-07 19:34:25.451776,19500,19800,-5.039245843887329,-2.384185791015625e-07,-9.877476692199707,-9.235390663146973,-8.328170776367188,-6.98783016204834,-6.206955432891846,-6.132367372512817,-5.61298942565918,-5.646833419799805,-5.346667528152466,-5.07294225692749,-4.769339561462402,-4.587274074554443,-4.274183034896851,-4.322378635406494,-4.117714166641235,-3.9156488180160522,-3.791644811630249,-3.6403883695602417,-3.3056845664978027,-2.888353109359741,-2.494027018547058,-2.144523024559021,-1.7498111724853516,-1.4148188829421997,-0.01475324621424079,-0.014411079697310925,-0.017116800881922245,-0.020528527908027172,-0.016604971140623093,-0.018755129538476467,-0.015507212840020657,-0.01607589889317751,-0.018192931078374386,-0.02166888117790222,1.560348120565709,2.5151418615267374,-1.3268717487767145,1.547889330458559,-1.0684264290199814,-1.1709629869957108,3
66,2025-07-07 19:36:55.450893,2025-07-07 19:41:54.950893,2025-07-07 19:39:25.450893,19800,20100,-5.079741954803467,0.0,-9.831859111785889,-9.199119091033936,-8.309164047241211,-7.131464004516602,-6.5838940143585205,-6.207422971725464,-5.581743478775024,-5.370521545410156,-5.304042100906372,-5.095767021179199,-4.798583745956421,-4.784235239028931,-4.481440544128418,-4.5231757164001465,-4.345208644866943,-4.105566740036011,-3.90021812915802,-3.7000036239624023,-3.319904923439026,-2.870081901550293,-2.4643077850341797,-2.0583759546279907,-1.675804316997528,-1.336668610572815,-0.016255415976047516,-0.017188807018101215,-0.015801824629306793,-0.013864128850400448,-0.01850132830440998,-0.015441652853041887,-0.015568719245493412,-0.013771302532404661,-0.01610188465565443,-0.01603495329618454,2.8060080073815623,3.587814259370542,-1.5791433999860212,0.8354044474364313,0.2166661647384057,-0.17893128490012486,3
67,2025-07-07 19:41:55.450893,2025-07-07 19:46:54.950893,2025-07-07 19:44:25.450893,20100,20400,-5.034627676010132,-2.384185791015625e-07,-9.587974071502686,-8.93546438217163,-8.015403270721436,-6.973219394683838,-6.684534311294556,-6.185019016265869,-5.536115884780884,-5.292714834213257,-5.281149864196777,-5.044873237609863,-4.692907333374023,-4.692513465881348,-4.405247211456299,-4.4664740562438965,-4.305127859115601,-4.081114053726196,-3.9014405012130737,-3.6842377185821533,-3.33287250995636,-2.8924089670181274,-2.4823880195617676,-2.0941760540008545,-1.6999184489250183,-1.3531625866889954,-0.018235541880130768,-0.01950643863528967,-0.017275460995733738,-0.016894513741135597,-0.016116997227072716,-0.018302496522665024,-0.019114887341856956,-0.01606760174036026,-0.01861827727407217,-0.016379828564822674,1.8257298838678944,3.7078883611786777,-0.9955151138201485,0.699141718887187,-0.6807819479741696,-1.4042172463549076,3
68,2025-07-07 19:46:55.450010,2025-07-07 19:51:54.950010,2025-07-07 19:49:25.450010,20400,20700,-4.979227066040039,0.0,-9.811078548431396,-9.131473541259766,-8.206145286560059,-7.158467531204224,-6.774462461471558,-6.308698654174805,-5.6346118450164795,-5.44664192199707,-5.217283010482788,-4.926961421966553,-4.489605903625488,-4.444700002670288,-3.9119346141815186,-4.128809452056885,-3.855397582054138,-3.753034472465515,-3.7080029249191284,-3.5777913331985474,-3.3609694242477417,-2.9758228063583374,-2.5981825590133667,-2.2559579610824585,-1.8878765106201172,-1.5249892473220825,-0.0244489423930645,-0.026437419466674328,-0.028637091629207134,-0.024799051694571972,-0.027779090218245983,-0.02822646964341402,-0.026998733170330524,-0.02638772502541542,-0.02851841226220131,-0.02624370437115431,-1.9410938440229528,0.40465300447736446,1.194182610103788,0.8260985892623757,0.023714335069505946,-0.22024715063425393,3
69,2025-07-07 19:51:55.450010,2025-07-07 19:56:54.950010,2025-07-07 19:54:25.450010,20700,21000,-4.981657028198242,2.384185791015625e-07,-9.688055515289307,-8.944469928741455,-7.91681170463562,-6.824916124343872,-6.665978670120239,-6.277843236923218,-5.623594522476196,-5.392305850982666,-5.109652042388916,-4.909606456756592,-4.454949617385864,-4.4675281047821045,-4.006954669952393,-4.1336143016815186,-3.8218259811401367,-3.7146764993667603,-3.6121160984039307,-3.568795323371887,-3.359811544418335,-2.9881622791290283,-2.601738929748535,-2.226052165031433,-1.844763696193695,-1.4882457256317139,-0.02202959544956684,-0.027133183553814888,-0.02388438768684864,-0.02700004819780588,-0.025395363569259644,-0.025781339965760708,-0.022448411211371422,-0.0253745773807168,-0.029900310561060905,-0.025520644150674343,-1.7112940238116618,0.9088782636894344,1.1881195883572293,1.0169482733212187,0.5264086298740722,1.366547318172857,3
70,2025-07-07 19:56:55.449128,2025-07-07 20:01:54.949128,2025-07-07 19:59:25.449128,21000,21300,-4.99205470085144,2.384185791015625e-07,-9.8013334274292,-9.003586292266846,-7.920090198516846,-6.989832639694214,-6.7496302127838135,-6.217342138290405,-5.641583204269409,-5.4653966426849365,-5.173367500305176,-4.962491750717163,-4.503157377243042,-4.391759395599365,-4.134403944015503,-4.0725789070129395,-3.8139084577560425,-3.656013250350952,-3.5494788885116577,-3.5735033750534058,-3.346099853515625,-2.9790027141571045,-2.5855640172958374,-2.2147191762924194,-1.8346473574638367,-1.480573832988739,-0.019002162851393223,-0.024909650906920433,-0.026308873668313026,-0.02990248892456293,-0.017925617285072803,-0.03231872618198395,-0.025793083012104034,-0.025031661614775658,-0.02316394541412592,-0.0290803425014019,-1.4587450206358439,0.5278294686872875,1.3061837966529228,1.1492304324118376,0.7913494240051208,1.0329538952432062,3
71,2025-07-07 20:01:55.449128,2025-07-07 20:06:54.949128,2025-07-07 20:04:25.449128,21300,21600,-4.947677850723267,2.384185791015625e-07,-9.794606685638428,-9.388423919677734,-8.467568397521973,-7.529575824737549,-6.934732675552368,-6.274517774581909,-5.526358127593994,-5.504250764846802,-5.251172065734863,-5.01428747177124,-4.39481258392334,-4.322855234146118,-4.1467204093933105,-4.010431289672852,-3.6914799213409424,-3.568893074989319,-3.504472494125366,-3.5504236221313477,-3.3263518810272217,-2.99218213558197,-2.616208553314209,-2.2775142192840576,-1.898532509803772,-1.538598895072937,-0.02602928876876831,-0.0240592360496521,-0.024675757624208927,-0.02622026950120926,-0.02689335122704506,-0.028522951528429985,-0.028678983449935913,-0.024619735777378082,-0.024020252749323845,-0.02525671385228634,-1.851944113272299,-0.5078270881176921,1.5533492329793195,1.4255260474807714,0.823315420712935,0.9857824186359375,3
72,2025-07-07 20:06:55.448245,2025-07-07 20:11:54.948245,2025-07-07 20:09:25.448245,21600,21900,-4.9459779262542725,2.384185791015625e-07,-9.709144115447998,-9.299695491790771,-8.260065078735352,-7.489495277404785,-6.97614860534668,-6.353719711303711,-5.741611003875732,-5.521885871887207,-5.192153215408325,-4.933844804763794,-4.350948333740234,-4.334620237350464,-4.132112741470337,-4.032246112823486,-3.675501227378845,-3.614261507987976,-3.577645182609558,-3.5807687044143677,-3.33154296875,-2.988539457321167,-2.607476830482483,-2.2533923387527466,-1.8559939861297607,-1.5062466859817505,-0.027683306485414505,-0.02299690619111061,-0.02858559973537922,-0.026332189328968525,-0.028006414882838726,-0.019413359463214874,-0.02600882388651371,-0.024825874716043472,-0.028429978527128696,-0.02631899993866682,-1.6497327319891886,-0.1268290917155014,1.4242508693609233,1.1073781342917983,0.998992041220446,0.9670585687052057,3
73,2025-07-07 20:11:55.448245,2025-07-07 20:16:54.948245,2025-07-07 20:14:25.448245,21900,22200,-4.909327030181885,2.384185791015625e-07,-9.924836158752441,-9.22675085067749,-8.266960620880127,-7.446795701980591,-6.990574359893799,-6.36078667640686,-5.75225567817688,-5.567949056625366,-5.221675634384155,-4.864729404449463,-4.27338719367981,-4.279538869857788,-4.097657680511475,-3.94936740398407,-3.5615408420562744,-3.4955015182495117,-3.584890127182007,-3.5543359518051147,-3.34360134601593,-2.9937593936920166,-2.633837580680847,-2.3413119316101074,-1.942939579486847,-1.6230794191360474,-0.03165152296423912,-0.02771458961069584,-0.024458102881908417,-0.027248880825936794,-0.029124924913048744,-0.032491764053702354,-0.027645868249237537,-0.03245448134839535,-0.028542024083435535,-0.031074893660843372,-3.081048289596956,-1.134197537883867,2.289068003921332,1.129349831671212,1.0373516220880241,0.8850737004561534,3
74,2025-07-07 20:16:55.575857,2025-07-07 20:21:55.075857,2025-07-07 20:19:25.575857,22200,22500,-4.910627603530884,-2.384185791015625e-07,-9.743614673614502,-9.493147373199463,-8.427236557006836,-7.621473789215088,-6.998823881149292,-6.307919502258301,-5.653749227523804,-5.4934983253479,-5.12699556350708,-4.837364912033081,-4.34175181388855,-4.312548875808716,-4.081273078918457,-3.916851043701172,-3.547818183898926,-3.496553897857666,-3.5527946949005127,-3.559775471687317,-3.3743053674697876,-3.01959490776062,-2.6597286462783813,-2.321524977684021,-1.9459881782531738,-1.6013413071632385,-0.0270959185436368,-0.025832227431237698,-0.02826392836868763,-0.029571155086159706,-0.030519860796630383,-0.02770677674561739,-0.027714530006051064,-0.029258343391120434,-0.02779588010162115,-0.028441783972084522,-3.037687117142945,-1.2399425693039305,1.631985231692358,0.9518023587436579,-1.0021007627965683,-1.3753969998877278,3
75,2025-07-07 20:21:55.575857,2025-07-07 20:26:55.075857,2025-07-07 20:24:25.575857,22500,22800,-4.917965888977051,0.0,-10.002094745635986,-9.556020259857178,-8.65087604522705,-7.736195802688599,-6.948782444000244,-6.215584754943848,-5.539943218231201,-5.353995323181152,-4.949164152145386,-4.6325719356536865,-4.2500550746917725,-4.173385858535767,-3.8054622411727905,-3.7751035690307617,-3.4799160957336426,-3.44797420501709,-3.509155750274658,-3.582013726234436,-3.375922679901123,-3.029546618461609,-2.712917685508728,-2.3618487119674683,-2.01228666305542,-1.6585407257080078,-0.025845134630799294,-0.027245634235441685,-0.031852131709456444,-0.02614531572908163,-0.030418775975704193,-0.032397715374827385,-0.03218022175133228,-0.034092867746949196,-0.02579133864492178,-0.036543404683470726,-4.40125172882622,-2.2337366316200016,1.6644936321007593,1.1489694540222313,0.08689586662996558,-0.3177010366986763,3
76,2025-07-07 20:26:55.574975,2025-07-07 20:31:55.074975,2025-07-07 20:29:25.574975,22800,23100,-4.9195966720581055,-2.384185791015625e-07,-10.170584678649902,-9.665854454040527,-8.862794399261475,-7.954718351364136,-7.093073844909668,-6.27677321434021,-5.745532751083374,-5.337058782577515,-4.996586561203003,-4.727250814437866,-4.308102369308472,-4.0894811153411865,-3.798922896385193,-3.757323980331421,-3.4868123531341553,-3.4332098960876465,-3.5344269275665283,-3.5802714824676514,-3.3709473609924316,-3.0349897146224976,-2.6979236602783203,-2.3692448139190674,-1.9977571964263916,-1.6321597695350647,-0.033775338903069496,-0.02926874626427889,-0.02899876330047846,-0.02925782185047865,-0.02935077715665102,-0.03278455510735512,-0.03153475932776928,-0.032922375947237015,-0.028590137138962746,-0.02942722849547863,-4.141700134811709,-2.793051547318513,1.5280474921112348,1.0393465980001733,-0.48432386159099394,-1.7839581120518573,3
77,2025-07-07 20:31:55.574975,2025-07-07 20:36:55.074975,2025-07-07 20:34:25.574975,23100,23400,-4.944241762161255,0.0,-9.935555934906006,-9.483960628509521,-8.606629848480225,-7.7269978523254395,-6.908337831497192,-6.214460372924805,-5.77563738822937,-5.400724172592163,-5.060044050216675,-4.868159770965576,-4.388666868209839,-4.112191200256348,-3.7968703508377075,-3.7886937856674194,-3.574495553970337,-3.4491931200027466,-3.5153697729110718,-3.586038589477539,-3.3756173849105835,-3.022727131843567,-2.679431676864624,-2.3360098600387573,-1.9566195607185364,-1.5986056327819824,-0.02746726479381323,-0.02878762036561966,-0.028420903719961643,-0.030454447492957115,-0.02783657517284155,-0.029675377532839775,-0.03003386314958334,-0.024009965360164642,-0.02732596918940544,-0.0322352834045887,-3.518310905536274,-1.8463400272536097,1.1877291853647014,1.1046510016933249,0.08522645317994462,-0.34812478366595434,3
78,2025-07-07 20:36:55.574091,2025-07-07 20:41:55.074091,2025-07-07 20:39:25.574091,23400,23700,-4.888524293899536,0.0,-9.86808729171753,-9.496993064880371,-8.549108982086182,-7.783567667007446,-6.972113609313965,-6.409058332443237,-5.912691593170166,-5.418352127075195,-5.04712438583374,-4.839934825897217,-4.509204387664795,-4.210954904556274,-3.8068859577178955,-3.831303834915161,-3.5475077629089355,-3.428357720375061,-3.54362952709198,-3.5905319452285767,-3.3747830390930176,-3.0287675857543945,-2.671968460083008,-2.305008888244629,-1.9084852933883667,-1.5380343794822693,-0.025737090036273003,-0.030937020666897297,-0.02650498691946268,-0.029701809398829937,-0.03024560771882534,-0.029892602935433388,-0.027629200369119644,-0.02870486956089735,-0.02525805775076151,-0.030069519765675068,-3.1470037323329363,-1.7474727991445147,1.3168581974156723,0.9478295545965978,0.17165751317284605,-0.3405586573167206,3
79,2025-07-07 20:41:55.574091,2025-07-07 20:46:55.074091,2025-07-07 20:44:25.574091,23700,24000,-4.9212260246276855,2.384185791015625e-07,-9.773892402648926,-9.373462200164795,-8.459670066833496,-7.7420876026153564,-6.847584009170532,-6.304162979125977,-5.787230968475342,-5.352559566497803,-5.037735462188721,-4.831582069396973,-4.565079927444458,-4.3109118938446045,-3.859252095222473,-3.8486454486846924,-3.6299920082092285,-3.53451931476593,-3.5704325437545776,-3.593762159347534,-3.353660821914673,-3.036139488220215,-2.6607149839401245,-2.283525824546814,-1.947089433670044,-1.5552465319633484,-0.02966349571943283,-0.03134211711585522,-0.028564992360770702,-0.03103674203157425,-0.029435670003294945,-0.032162124291062355,-0.030010370537638664,-0.026206166483461857,-0.02735068555921316,-0.034644490107893944,-3.373787832187273,-1.1913578362418662,1.903973567165104,0.7207898455319955,0.9805975475309476,0.777343115530542,3
80,2025-07-07 20:46:55.573203,2025-07-07 20:51:55.073203,2025-07-07 20:49:25.573203,24000,24300,-4.956897020339966,-2.384185791015625e-07,-9.844443798065186,-9.476306915283203,-8.507313251495361,-7.78902792930603,-6.783312797546387,-6.229991674423218,-5.693655014038086,-5.207686185836792,-5.076778173446655,-4.873134613037109,-4.602787256240845,-4.315430641174316,-3.8370057344436646,-3.7671663761138916,-3.60948383808136,-3.5679306983947754,-3.6385995149612427,-3.6167638301849365,-3.3621400594711304,-3.0414493083953857,-2.6450992822647095,-2.261465549468994,-1.9140031337738037,-1.5264442563056946,-0.029863648116588593,-0.02706456370651722,-0.030355765484273434,-0.029746295884251595,-0.03169504553079605,-0.025971325114369392,-0.030136505141854286,-0.0268598897382617,-0.02679523639380932,-0.03195769898593426,-3.010892351064677,-1.1615073551672317,1.1160987981207915,0.5513203213765592,-0.6753996530558312,-1.7153955554787332,3
81,2025-07-07 20:51:55.573203,2025-07-07 20:56:55.073203,2025-07-07 20:54:25.573203,24300,24600,-4.947076082229614,0.0,-9.873104095458984,-9.367075443267822,-8.310129165649414,-7.560045480728149,-6.6340391635894775,-6.118945121765137,-5.666482210159302,-5.10667610168457,-5.141954660415649,-5.020127058029175,-4.6183881759643555,-4.31866192817688,-3.756323218345642,-3.720440626144409,-3.582634210586548,-3.540535807609558,-3.603953719139099,-3.635837435722351,-3.380289077758789,-3.051649332046509,-2.6688138246536255,-2.294535279273987,-1.9718526601791382,-1.5829786658287048,-0.03475652262568474,-0.02740349154919386,-0.028379143215715885,-0.027061807923018932,-0.027206220664083958,-0.02295771986246109,-0.0287143774330616,-0.02596569713205099,-0.024725030176341534,-0.025827578268945217,-3.37654575516442,-1.1559190964285815,0.611804775719672,0.5822713070751848,-0.24523824794062477,-0.12614225292741482,3
82,2025-07-07 20:56:55.572315,2025-07-07 21:01:55.072315,2025-07-07 20:59:25.572315,24600,24900,-4.915344476699829,0.0,-9.758927822113037,-9.274093627929688,-8.209141731262207,-7.400096416473389,-6.682988405227661,-6.011864423751831,-5.5554890632629395,-5.071264266967773,-5.08179235458374,-4.8863255977630615,-4.668751239776611,-4.348116397857666,-3.80271315574646,-3.826818585395813,-3.708174467086792,-3.619142770767212,-3.5986602306365967,-3.691482901573181,-3.418377995491028,-3.063390374183655,-2.654157042503357,-2.281699299812317,-1.9532670378684998,-1.563733696937561,-0.02505317237228155,-0.02624275628477335,-0.03160255216062069,-0.025025947019457817,-0.031323881819844246,-0.025929545052349567,-0.029734015464782715,-0.024945431388914585,-0.02756697777658701,-0.02623565960675478,-3.531887220076263,-0.4421299946254377,0.41925983241966425,0.18124685876393326,-0.2634406335047967,-0.10464023832653287,3
83,2025-07-07 21:01:55.572315,2025-07-07 21:06:55.072315,2025-07-07 21:04:25.572315,24900,25200,-4.983577013015747,0.0,-9.690380096435547,-9.223759651184082,-8.2917160987854,-7.349769592285156,-6.585266590118408,-5.86720609664917,-5.5289154052734375,-5.043274641036987,-5.037620544433594,-4.645141363143921,-4.472652435302734,-4.364677667617798,-3.752681255340576,-3.7689590454101562,-3.6774402856826782,-3.603178858757019,-3.56676185131073,-3.70173442363739,-3.4092679023742676,-3.0596779584884644,-2.688809394836426,-2.364019751548767,-2.002358078956604,-1.6145412921905518,-0.032937437295913696,-0.028894091956317425,-0.034349022433161736,-0.023759251460433006,-0.030701343901455402,-0.0343187041580677,-0.027649941854178905,-0.029027357697486877,-0.03197471238672733,-0.0266555342823267,-4.6244945713491035,-0.6468224318683437,1.094468859891026,-0.12459223913765806,-0.4194735322910959,0.07806842399803997,3
84,2025-07-07 21:06:55.571426,2025-07-07 21:11:55.071426,2025-07-07 21:09:25.571426,25200,25500,-4.925631999969482,-2.384185791015625e-07,-9.751500606536865,-9.283472061157227,-8.413422584533691,-7.417254209518433,-6.64275860786438,-5.9025609493255615,-5.561037540435791,-5.062759160995483,-5.131757974624634,-4.6891093254089355,-4.490811586380005,-4.445685625076294,-3.830628275871277,-3.7361937761306763,-3.766177773475647,-3.675713539123535,-3.619988799095154,-3.667897582054138,-3.4127979278564453,-3.0554046630859375,-2.659142017364502,-2.3110145330429077,-1.9313939213752747,-1.5381261110305786,-0.029785688035190105,-0.026995518244802952,-0.028323006816208363,-0.027755770832300186,-0.02482911478728056,-0.028243113309144974,-0.0273586492985487,-0.02992159128189087,-0.025111817754805088,-0.0319140050560236,-3.6574563910238904,-0.4490246378969229,0.5888166949422469,0.21961147895977978,-1.049617396049312,-1.3971586293096605,3
85,2025-07-07 21:11:55.571426,2025-07-07 21:16:55.071426,2025-07-07 21:14:25.571426,25500,25800,-4.952824592590332,-2.384185791015625e-07,-9.704035758972168,-9.177027225494385,-8.254318714141846,-7.3326756954193115,-6.570302248001099,-5.799441576004028,-5.45817756652832,-4.877570867538452,-5.088198900222778,-4.643312692642212,-4.3314361572265625,-4.285048484802246,-3.785155773162842,-3.7249521017074585,-3.683481216430664,-3.6496423482894897,-3.657663941383362,-3.6785913705825806,-3.4144744873046875,-3.053407073020935,-2.6778652667999268,-2.3085306882858276,-1.9106958508491516,-1.537742018699646,-0.0273634260520339,-0.030478320084512234,-0.0261786924675107,-0.02797003649175167,-0.02703020814806223,-0.02939942292869091,-0.02917441725730896,-0.029816024005413055,-0.029358633793890476,-0.030765452422201633,-4.146468046660074,-0.27499986739026416,0.5234879882452449,0.25355310491205635,-0.9792881034652101,-1.365584027806093,3
86,2025-07-07 21:16:55.570538,2025-07-07 21:21:55.070538,2025-07-07 21:19:25.570538,25800,26100,-4.9733312129974365,-2.384185791015625e-07,-9.759684085845947,-9.252951622009277,-8.312326431274414,-7.381011486053467,-6.627212762832642,-5.869986534118652,-5.5018370151519775,-4.93442440032959,-5.107808351516724,-4.768078327178955,-4.424317359924316,-4.296666383743286,-3.6656975746154785,-3.596799850463867,-3.7462222576141357,-3.646373748779297,-3.6525877714157104,-3.6798880100250244,-3.43647837638855,-3.074733018875122,-2.6894365549087524,-2.324126958847046,-1.9315247535705566,-1.5631387829780579,-0.02499982062727213,-0.02892127074301243,-0.027933964505791664,-0.029502551071345806,-0.028183857910335064,-0.029347616247832775,-0.024816954508423805,-0.024993342347443104,-0.02711465861648321,-0.028587348759174347,-4.096622871849689,-0.6858817767872928,-0.07632089636525342,0.1832526724834179,-1.1336313770092068,-1.259024325760718,3
87,2025-07-07 21:21:55.570538,2025-07-07 21:26:55.070538,2025-07-07 21:24:25.570538,26100,26400,-4.969109058380127,0.0,-9.788636207580566,-9.329151153564453,-8.347495079040527,-7.399113893508911,-6.654940605163574,-6.096082925796509,-5.749649524688721,-5.2490222454071045,-5.401332139968872,-4.961097478866577,-4.617119073867798,-4.446463108062744,-3.985551595687866,-3.9305542707443237,-3.9072282314300537,-3.6766241788864136,-3.646643280982971,-3.650692939758301,-3.3586186170578003,-2.9996074438095093,-2.6049774885177612,-2.2409515380859375,-1.8314135074615479,-1.465714156627655,-0.02541410271078348,-0.025557393208146095,-0.02833386044949293,-0.023932218551635742,-0.022400010377168655,-0.027192378416657448,-0.02446158602833748,-0.025743819773197174,-0.02395721711218357,-0.03073290456086397,-1.7483864965971387,0.20965112177530248,0.5526363399545248,0.5771679887228091,-0.052995329586884674,-0.19088298145854596,3
88,2025-07-07 21:26:55.477954,2025-07-07 21:31:54.977954,2025-07-07 21:29:25.477954,26400,26700,-5.034075975418091,0.0,-9.748249053955078,-9.294726371765137,-8.323895454406738,-7.3571083545684814,-6.455736398696899,-5.8862974643707275,-5.51219367980957,-5.044123888015747,-5.214120626449585,-4.72361421585083,-4.488903045654297,-4.238178014755249,-3.809120535850525,-3.762041687965393,-3.807063102722168,-3.587561845779419,-3.6453365087509155,-3.6769585609436035,-3.3765710592269897,-3.016113519668579,-2.646910309791565,-2.317933678627014,-1.9146365523338318,-1.5463860034942627,-0.02734596934169531,-0.02793056331574917,-0.036046067252755165,-0.030570344999432564,-0.029995199292898178,-0.026132894679903984,-0.026603196747601032,-0.028698058798909187,-0.03103022463619709,-0.028959739953279495,-3.6352808727062094,-0.20153556238174086,0.910094137743393,0.26683536082662107,-0.07736465296695835,-0.1914750857079181,3
89,2025-07-07 21:31:55.477954,2025-07-07 21:36:54.977954,2025-07-07 21:34:25.477954,26700,27000,-5.006977558135986,2.384185791015625e-07,-9.640467166900635,-9.098541736602783,-8.08619213104248,-7.165424108505249,-6.263160228729248,-5.703185796737671,-5.345705986022949,-4.899694204330444,-5.0975635051727295,-4.600310802459717,-4.3469321727752686,-4.200423717498779,-3.821362853050232,-3.7792656421661377,-3.7535295486450195,-3.606566309928894,-3.6906925439834595,-3.689099669456482,-3.390332579612732,-3.01401948928833,-2.654301166534424,-2.322558283805847,-1.9221723675727844,-1.565433919429779,-0.03059133142232895,-0.03460225276648998,-0.03302161954343319,-0.03253908269107342,-0.028394258581101894,-0.03512112610042095,-0.03569786995649338,-0.029055798426270485,-0.030122498981654644,-0.035623807460069656,-4.760591177887778,0.2790486690010653,1.63470915494837,0.05603239288779366,1.0315462861628175,0.6807262564115406,3
90,2025-07-07 21:36:55.477066,2025-07-07 21:41:54.977066,2025-07-07 21:39:25.477066,27000,27300,-5.054456472396851,0.0,-9.531633853912354,-8.870317459106445,-7.656075954437256,-6.488112926483154,-5.658917188644409,-5.086213827133179,-4.811780214309692,-4.4618823528289795,-4.749372720718384,-4.375751495361328,-4.1451575756073,-4.090091943740845,-3.8716063499450684,-3.9400631189346313,-3.830380916595459,-3.781567335128784,-3.8132559061050415,-3.7508246898651123,-3.4536412954330444,-3.06928551197052,-2.6980719566345215,-2.371211886405945,-1.9755914807319641,-1.6129404306411743,-0.027551721781492233,-0.03900718130171299,-0.029813412576913834,-0.03240627236664295,-0.03171581216156483,-0.031060075387358665,-0.029256717301905155,-0.031213737092912197,-0.03265322186052799,-0.029235788621008396,-6.201830152227668,1.902383147133557,0.28763901511168777,-0.4266063203080219,-0.7051266981576078,0.2690557618789946,4
91,2025-07-07 21:41:55.477066,2025-07-07 21:46:54.977066,2025-07-07 21:44:25.477066,27300,27600,-4.9870946407318115,2.384185791015625e-07,-9.25661039352417,-8.434192657470703,-7.107061862945557,-5.374812602996826,-4.684873580932617,-4.021899700164795,-3.924015522003174,-3.9831719398498535,-4.214540481567383,-3.8939493894577026,-3.8615483045578003,-3.698385715484619,-3.7622809410095215,-3.974474310874939,-3.8673728704452515,-3.963997483253479,-4.07723069190979,-3.972555994987488,-3.6536589860916138,-3.2933249473571777,-2.932608962059021,-2.5592691898345947,-2.164978861808777,-1.7555411458015442,-0.030445323325693607,-0.03252839855849743,-0.03226258419454098,-0.03260133974254131,-0.030382863245904446,-0.026967961341142654,-0.032747479155659676,-0.02997115347534418,-0.038624245673418045,-0.02724104095250368,-11.460320311873451,3.550997699507348,-2.539596204255416,-2.868901230980716,-1.100424403098198,2.4357166448672056,4
92,2025-07-07 21:46:55.476175,2025-07-07 21:51:54.976175,2025-07-07 21:49:25.476175,27600,27900,-4.910983562469482,0.0,-9.43065881729126,-8.715699195861816,-7.454195976257324,-5.918300628662109,-5.000276803970337,-4.208909749984741,-3.9876829385757446,-4.128648042678833,-4.324570178985596,-4.136373996734619,-3.9043431282043457,-3.5719902515411377,-3.6495665311813354,-3.902735114097595,-3.8818085193634033,-3.9764037132263184,-4.060113906860352,-3.999080181121826,-3.6380573511123657,-3.272191286087036,-2.886416435241699,-2.5175609588623047,-2.1282131671905518,-1.7312793135643005,-0.029401570558547974,-0.023749761283397675,-0.027173270471394062,-0.025570355355739594,-0.0266748471185565,-0.027062419801950455,-0.025537519715726376,-0.027393044903874397,-0.025815376080572605,-0.027575557120144367,-10.025255099138434,3.011182648257519,-3.88185697370295,-2.139095170632208,-1.3170841932874797,0.8434814477235605,4
93,2025-07-07 21:51:55.476175,2025-07-07 21:56:54.976175,2025-07-07 21:54:25.476175,27900,28200,-4.903543949127197,0.0,-9.47467565536499,-8.664582252502441,-7.3915112018585205,-5.8398590087890625,-4.839396238327026,-4.105566024780273,-3.92231547832489,-4.065206050872803,-4.12115740776062,-4.052396059036255,-3.8099089860916138,-3.512871026992798,-3.610412120819092,-3.800209641456604,-3.8568300008773804,-3.965112566947937,-4.0902345180511475,-4.0433056354522705,-3.6957576274871826,-3.3172675371170044,-2.9394519329071045,-2.595138192176819,-2.2343225479125977,-1.8358407616615295,-0.030925985425710678,-0.03713566064834595,-0.03398611769080162,-0.02461946103721857,-0.02834189124405384,-0.03642873093485832,-0.0339165311306715,-0.025911194272339344,-0.034800587221980095,-0.025807824917137623,-12.257080013498426,2.412890451303631,-3.5533707942525607,-2.8091293941996267,-1.76299804796435,1.063646772525374,4
94,2025-07-07 21:56:55.475290,2025-07-07 22:01:54.975290,2025-07-07 21:59:25.475290,28200,28500,-4.907044410705566,0.0,-9.303356170654297,-8.510806560516357,-7.317510604858398,-5.941466808319092,-4.895629644393921,-4.092360973358154,-3.9783213138580322,-4.09932804107666,-4.125912189483643,-3.9618300199508667,-3.771758794784546,-3.5163837671279907,-3.5560308694839478,-3.9019097089767456,-3.9948760271072388,-4.06200909614563,-4.136451721191406,-4.026882171630859,-3.6760908365249634,-3.3113933801651,-2.923451542854309,-2.53883695602417,-2.154244542121887,-1.7718290090560913,-0.03213094733655453,-0.035171469673514366,-0.024421394802629948,-0.03601397015154362,-0.028575971722602844,-0.02767589222639799,-0.028043869882822037,-0.033387068659067154,-0.03067297860980034,-0.0397194717079401,-11.72415700880733,3.2723056492640366,-3.1055186965935095,-2.9845501817760045,-1.1586775745209308,0.6660669894302028,4
95,2025-07-07 22:01:55.475290,2025-07-07 22:06:54.975290,2025-07-07 22:04:25.475290,28500,28800,-4.924923896789551,0.0,-9.447821140289307,-8.569930076599121,-7.333164215087891,-5.998788595199585,-5.050829887390137,-4.260860443115234,-3.959050416946411,-4.151547431945801,-4.115002393722534,-3.873349905014038,-4.000630855560303,-3.6861321926116943,-3.6588469743728638,-4.070662021636963,-4.2157158851623535,-4.228018045425415,-4.202048301696777,-3.9705376625061035,-3.576649308204651,-3.2813196182250977,-2.9083727598190308,-2.4343528747558594,-2.0144461393356323,-1.7521380186080933,-0.02781953662633896,-0.03244832530617714,-0.04400493763387203,-0.02811599150300026,-0.03192323446273804,-0.03625680319964886,-0.024502968415617943,-0.036169229075312614,-0.037439530715346336,-0.032648757100105286,-10.45156190389608,3.7232914380642064,-2.1230325023046372,-2.662640912979067,-0.9791789344143503,0.53510601460601,4
96,2025-07-07 22:06:55.474399,2025-07-07 22:11:54.974399,2025-07-07 22:09:25.474399,28800,29100,-5.069492816925049,-2.384185791015625e-07,-9.549153804779053,-8.95718002319336,-7.8275697231292725,-6.82482385635376,-6.078004360198975,-6.042067527770996,-5.9536309242248535,-5.749332904815674,-5.823941230773926,-5.452373266220093,-5.285444021224976,-5.024800777435303,-4.630255460739136,-4.513471603393555,-4.263291120529175,-4.004880428314209,-3.6557834148406982,-3.6247098445892334,-3.259062886238098,-2.877002716064453,-2.485189199447632,-2.143271803855896,-1.7894653677940369,-1.4305832386016846,-0.022811357863247395,-0.024212712422013283,-0.02871321141719818,-0.021892263554036617,-0.024453217163681984,-0.02417922019958496,-0.023280191235244274,-0.023721927776932716,-0.022860021330416203,-0.024001266807317734,1.4873750300786983,3.221571414831244,1.5961980322656124,0.23902450376188447,-1.8783198511982544,-0.8479581385969258,5
97,2025-07-07 22:11:55.474399,2025-07-07 22:16:54.974399,2025-07-07 22:14:25.474399,29100,29400,-5.0183141231536865,2.384185791015625e-07,-8.890782833099365,-8.652480602264404,-7.578639984130859,-6.580720663070679,-5.953836679458618,-5.912349462509155,-5.934324264526367,-5.8700785636901855,-5.824449777603149,-5.556945323944092,-5.214776515960693,-4.998793840408325,-4.577630043029785,-4.353126764297485,-4.1627583503723145,-3.960594415664673,-3.66860568523407,-3.604909300804138,-3.2811073064804077,-2.8779836893081665,-2.4873011112213135,-2.161311626434326,-1.8279716968536377,-1.4442981481552124,-0.018784161657094955,-0.018357801251113415,-0.021689499728381634,-0.02367541939020157,-0.026301315985620022,-0.024140506982803345,-0.025982490740716457,-0.02776005957275629,-0.026510586962103844,-0.022508607245981693,0.825503742320227,4.120716941833309,2.220312880235565,0.13030231652391622,-0.33819814139850785,1.8264375448391221,5
98,2025-07-07 22:16:55.473510,2025-07-07 22:21:54.973510,2025-07-07 22:19:25.473510,29400,29700,-4.97066068649292,0.0,-8.292708396911621,-8.864826202392578,-7.862807273864746,-6.738083362579346,-6.08582067489624,-5.950977087020874,-5.900568723678589,-5.831900119781494,-5.7489705085754395,-5.403568267822266,-5.074743032455444,-4.955587148666382,-4.619996547698975,-4.299742937088013,-4.125293731689453,-3.9146639108657837,-3.583403468132019,-3.4306116104125977,-3.2569363117218018,-2.865405321121216,-2.517849087715149,-2.1915191411972046,-1.8550799489021301,-1.4938855171203613,-0.02316629234701395,-0.022440760396420956,-0.024262786842882633,-0.023547107353806496,-0.022446153685450554,-0.023556474596261978,-0.024202668108046055,-0.02372488845139742,-0.022503914311528206,-0.024131559766829014,0.7472575071158836,4.090346580592536,3.217295863672454,1.2636686507683212,-1.802194360787191,1.0269674260973514,5
99,2025-07-07 22:21:55.473510,2025-07-07 22:26:54.973510,2025-07-07 22:24:25.473510,29700,30000,-4.978841066360474,0.0,-8.401509284973145,-8.934784889221191,-7.845587491989136,-6.665442228317261,-6.105420827865601,-5.926800012588501,-5.88739013671875,-5.90370774269104,-5.811858892440796,-5.4075868129730225,-5.057842493057251,-4.863981246948242,-4.505256175994873,-4.28241229057312,-4.144219875335693,-3.877733588218689,-3.57217013835907,-3.4253028631210327,-3.252582550048828,-2.8572304248809814,-2.5328365564346313,-2.255094885826111,-1.926681399345398,-1.5738965272903442,-0.02493189461529255,-0.025376657024025917,-0.023719427175819874,-0.02772203553467989,-0.027082016691565514,-0.02025241032242775,-0.024693015962839127,-0.025173000060021877,-0.026978432200849056,-0.024135987274348736,0.04801095646673977,3.614268929929241,3.518841189847189,1.3758682596768426,-1.8298769157968222,1.0274198929633833,5
100,2025-07-07 22:26:55.472618,2025-07-07 22:31:54.972618,2025-07-07 22:29:25.472618,30000,30300,-4.96348762512207,-2.384185791015625e-07,-9.425657272338867,-9.002892017364502,-7.668620824813843,-6.583916187286377,-5.972490310668945,-5.796525239944458,-5.678135871887207,-5.740569114685059,-5.707367181777954,-5.349749565124512,-5.093730211257935,-4.940551519393921,-4.550344467163086,-4.499810218811035,-4.322685241699219,-4.084043741226196,-3.779446840286255,-3.5942482948303223,-3.267881393432617,-2.8623417615890503,-2.5162789821624756,-2.2041386365890503,-1.8254439234733582,-1.456333875656128,-0.023450570181012154,-0.021863020956516266,-0.021733174100518227,-0.02285968605428934,-0.025290977209806442,-0.02458222769200802,-0.02605620678514242,-0.017652430571615696,-0.022136172279715538,-0.022614900022745132,0.8464401788480557,3.7963299364821284,1.096934255087874,0.8498220710316655,-1.7948075552618188,-1.0340531472768064,5
101,2025-07-07 22:31:55.472618,2025-07-07 22:36:54.972618,2025-07-07 22:34:25.472618,30300,30600,-4.9192469120025635,0.0,-8.860602378845215,-8.909346103668213,-7.863179683685303,-6.900481462478638,-6.194994688034058,-6.14546275138855,-6.043813705444336,-6.059127330780029,-5.853343725204468,-5.496492624282837,-5.138818979263306,-4.967417001724243,-4.643328666687012,-4.579703330993652,-4.338759660720825,-4.083410978317261,-3.844245433807373,-3.6269713640213013,-3.244674801826477,-2.8511545658111572,-2.5072989463806152,-2.154120683670044,-1.7752344608306885,-1.4077418446540833,-0.022823767736554146,-0.017389357089996338,-0.015566993039101362,-0.023164921440184116,-0.02200580295175314,-0.025610193610191345,-0.02473306469619274,-0.022011865861713886,-0.023804878816008568,-0.0233766483142972,1.6335528489373026,4.521369618616987,1.6703720843283247,0.21121572654372242,-0.538728732958972,0.07773028747538498,5
102,2025-07-07 22:36:54.953687,2025-07-07 22:41:54.453687,2025-07-07 22:39:24.953687,30600,30900,-5.019171237945557,-2.384185791015625e-07,-8.340455532073975,-8.568546295166016,-7.652398109436035,-6.975684642791748,-6.5233154296875,-6.277980327606201,-5.986395597457886,-5.814646005630493,-5.680602073669434,-5.379978179931641,-5.008996963500977,-5.010708808898926,-4.7383153438568115,-4.646669149398804,-4.2846739292144775,-4.166048765182495,-3.986217498779297,-3.7105408906936646,-3.2924002408981323,-2.9020307064056396,-2.5043171644210815,-2.1129541397094727,-1.7405217289924622,-1.369760513305664,-0.020495766773819923,-0.02033601701259613,-0.023295807652175426,-0.019460398703813553,-0.019821656867861748,-0.022205674089491367,-0.027247930876910686,-0.020916585810482502,-0.020609693601727486,-0.019946116022765636,1.6067711052270848,5.597523477049354,1.3839751508577054,-1.2122206471408659,-1.3493077710115111,-1.0049825877886274,5
103,2025-07-07 22:41:54.953687,2025-07-07 22:46:54.453687,2025-07-07 22:44:24.953687,30900,31200,-5.078047037124634,0.0,-8.412356853485107,-8.442445755004883,-7.628093481063843,-6.933407306671143,-6.485761642456055,-6.075135707855225,-5.785813570022583,-5.741536855697632,-5.557886838912964,-5.10139799118042,-4.660906553268433,-4.751956224441528,-4.621062755584717,-4.625654220581055,-4.373059034347534,-4.20707368850708,-3.942620038986206,-3.686532735824585,-3.3093721866607666,-2.939984440803528,-2.5289835929870605,-2.1538639068603516,-1.7168265581130981,-1.3833821415901184,-0.020456921309232712,-0.02553006075322628,-0.022731631062924862,-0.019362250342965126,-0.018335703760385513,-0.023639015853405,-0.022283228114247322,-0.024386366829276085,-0.01777674350887537,-0.021478493697941303,0.7866110905953637,5.63738688880882,1.2007909526622222,-0.9924827581897161,-0.4849449923549462,0.4155099104019989,5
104,2025-07-07 22:46:54.952794,2025-07-07 22:51:54.452794,2025-07-07 22:49:24.952794,31200,31500,-5.054184198379517,-2.384185791015625e-07,-9.026423454284668,-8.592803478240967,-7.865419149398804,-7.08805775642395,-6.674665212631226,-6.327895402908325,-6.079394578933716,-5.961031198501587,-5.733905553817749,-5.242053747177124,-4.702452659606934,-4.7545154094696045,-4.566342830657959,-4.5284342765808105,-4.311898708343506,-4.146312952041626,-3.904046654701233,-3.6420990228652954,-3.3022587299346924,-2.9302499294281006,-2.520378828048706,-2.149658203125,-1.7440043091773987,-1.4210975170135498,-0.0206089336425066,-0.02174435183405876,-0.021526817232370377,-0.026709342375397682,-0.01953606866300106,-0.02156954165548086,-0.024287613108754158,-0.018695948645472527,-0.01675706636160612,-0.021343793720006943,1.3285290159934584,4.043817304760565,0.8504089665243824,-0.4870630439368874,-0.9542010992715325,-1.3164884880929426,5
105,2025-07-07 22:51:54.952794,2025-07-07 22:56:54.452794,2025-07-07 22:54:24.952794,31500,31800,-5.031920909881592,0.0,-8.973320007324219,-8.720921039581299,-7.895418167114258,-7.155632734298706,-6.779658079147339,-6.4817986488342285,-6.089362859725952,-5.796013355255127,-5.8060142993927,-5.267228126525879,-4.727898359298706,-4.733105182647705,-4.598463773727417,-4.593414545059204,-4.345825910568237,-4.185612916946411,-3.922004461288452,-3.622058391571045,-3.287421941757202,-2.912195324897766,-2.5128390789031982,-2.147377610206604,-1.7519689798355103,-1.4178017973899841,-0.020738329738378525,-0.01732230931520462,-0.021323518827557564,-0.024723809212446213,-0.02040356956422329,-0.019851112738251686,-0.017828104086220264,-0.021626885049045086,-0.022198027931153774,-0.02310081012547016,1.5913776821678391,4.15611693098977,1.0895405226931,-0.21340967975800876,-0.026269291366443202,-0.011989328677772406,5
106,2025-07-07 22:56:54.951902,2025-07-07 23:01:54.451902,2025-07-07 22:59:24.951902,31800,32100,-4.98769474029541,2.384185791015625e-07,-9.393956661224365,-8.940809726715088,-7.956332206726074,-7.327203989028931,-7.030324459075928,-6.61374306678772,-6.163103818893433,-5.948432445526123,-5.796955823898315,-5.416707754135132,-4.879253387451172,-4.789106607437134,-4.636648178100586,-4.680989980697632,-4.411131858825684,-4.21195387840271,-3.9179232120513916,-3.666640877723694,-3.2994667291641235,-2.903525710105896,-2.528804898262024,-2.146463632583618,-1.7418195009231567,-1.4188528060913086,-0.021614336408674717,-0.020016591995954514,-0.017354000359773636,-0.02216225489974022,-0.02258176449686289,-0.022623770870268345,-0.02313689049333334,-0.020217043347656727,-0.02142316848039627,-0.02002762909978628,1.8502126945936115,3.43118155368083,0.8566965518822215,-0.4551594865360954,1.2404882789159362,0.814932931730898,5
107,2025-07-07 23:01:54.951902,2025-07-07 23:06:54.451902,2025-07-07 23:04:24.951902,32100,32400,-4.95840048789978,0.0,-9.550564765930176,-8.98160982131958,-8.10814619064331,-7.433337211608887,-7.2825562953948975,-6.822718143463135,-6.398554086685181,-6.036456346511841,-5.855206251144409,-5.534278631210327,-5.0322558879852295,-4.804659605026245,-4.652618885040283,-4.689290285110474,-4.446443557739258,-4.257368564605713,-3.976305365562439,-3.683805227279663,-3.2964805364608765,-2.9061068296432495,-2.5231744050979614,-2.13106906414032,-1.6902183294296265,-1.3743257522583008,-0.021467167884111404,-0.018521790392696857,-0.02118896134197712,-0.02144569903612137,-0.02079294715076685,-0.021310731768608093,-0.021207652054727077,-0.020673613995313644,-0.019540900364518166,-0.02054668962955475,2.46338987345735,3.073277165200005,0.5649992268618199,-0.6897633245853447,0.6879859415290482,-0.625424485650724,5
108,2025-07-07 23:06:54.951012,2025-07-07 23:11:54.451012,2025-07-07 23:09:24.951012,32400,32700,-4.976984977722168,0.0,-9.406646251678467,-8.804408550262451,-7.891108512878418,-7.265243291854858,-7.112173318862915,-6.610450029373169,-6.269201755523682,-5.855308532714844,-5.827508926391602,-5.237147331237793,-4.770915985107422,-4.535959243774414,-4.423852205276489,-4.458401679992676,-4.291459560394287,-4.088176488876343,-3.830515742301941,-3.6159911155700684,-3.2616108655929565,-2.898186683654785,-2.5445518493652344,-2.212307095527649,-1.7882415056228638,-1.510066032409668,-0.028101187199354172,-0.026775154285132885,-0.027359935455024242,-0.02418040856719017,-0.027876535430550575,-0.020962844602763653,-0.01988215185701847,-0.02017620112746954,-0.020215004682540894,-0.026237432844936848,0.7283199658085716,2.528004641393828,1.7559414694003992,0.25684411846658317,0.3994363934512942,-0.415045230554082,5
109,2025-07-07 23:11:54.951012,2025-07-07 23:16:54.451012,2025-07-07 23:14:24.951012,32700,33000,-4.949184417724609,2.384185791015625e-07,-9.47802734375,-8.994074821472168,-8.098517894744873,-7.457985877990723,-7.283880233764648,-6.708118677139282,-6.262651681900024,-5.8456079959869385,-5.470973491668701,-5.014599561691284,-4.804514169692993,-4.748760223388672,-4.686222076416016,-4.590369462966919,-4.123368740081787,-3.8957613706588745,-3.810718297958374,-3.6290313005447388,-3.2534350156784058,-2.8628990650177,-2.520176887512207,-2.1943331956863403,-1.7868987917900085,-1.4518851041793823,-0.023377747274935246,-0.02013280615210533,-0.025434676557779312,-0.023566635325551033,-0.021990721113979816,-0.02448247652500868,-0.019678454846143723,-0.022640171460807323,-0.023226442746818066,-0.021489120088517666,1.4471230690907708,2.308832634999725,1.9118578961937156,0.4643916535184264,1.3852162104498895,0.7201122348490568,5
110,2025-07-07 23:16:54.950122,2025-07-07 23:21:54.450122,2025-07-07 23:19:24.950122,33000,33300,-4.979290962219238,0.0,-9.332862377166748,-8.749053955078125,-7.898927211761475,-7.3300347328186035,-7.058018207550049,-6.486227750778198,-6.033463478088379,-5.708754539489746,-5.326690912246704,-4.900267601013184,-4.693872690200806,-4.626486539840698,-4.565974712371826,-4.474888563156128,-4.1375343799591064,-3.877806782722473,-3.7744234800338745,-3.6214303970336914,-3.2586300373077393,-2.875620484352112,-2.538842797279358,-2.194369912147522,-1.7922504544258118,-1.4583879113197327,-0.028122643008828163,-0.03078902419656515,-0.02557830512523651,-0.02684957440942526,-0.029636327177286148,-0.025279361754655838,-0.027652239426970482,-0.02822888921946287,-0.025878988206386566,-0.02399918995797634,0.08054961013532448,2.5288277258376746,2.8487601958710385,0.1968651968671358,0.5181792401036183,-0.5633886494295918,5
111,2025-07-07 23:21:54.950122,2025-07-07 23:26:54.450122,2025-07-07 23:24:24.950122,33300,33600,-4.988845109939575,2.384185791015625e-07,-9.197848796844482,-8.564627647399902,-7.777167558670044,-7.158881902694702,-6.821746110916138,-6.114171028137207,-5.454169034957886,-4.958705902099609,-4.60322642326355,-4.277847766876221,-4.147164344787598,-4.219764232635498,-4.082876443862915,-4.225210666656494,-4.050647258758545,-3.870107650756836,-3.7784217596054077,-3.6885496377944946,-3.351872682571411,-2.984970450401306,-2.650271773338318,-2.3758586645126343,-1.977468192577362,-1.6678767800331116,-0.036761293187737465,-0.039087072014808655,-0.03835172578692436,-0.04320410266518593,-0.036281121894717216,-0.038967207074165344,-0.03455394133925438,-0.03794613480567932,-0.03785327449440956,-0.039786675944924355,-5.568605618916155,1.793421413297855,4.293060005033462,-0.9146397081322073,1.8265206036900876,0.12579893596277633,5
112,2025-07-07 23:26:54.949230,2025-07-07 23:31:54.449230,2025-07-07 23:29:24.949230,33600,33900,-4.938368320465088,2.384185791015625e-07,-9.223910331726074,-8.675057411193848,-7.89003324508667,-7.184052467346191,-6.897315502166748,-6.207357168197632,-5.706483602523804,-5.157068490982056,-4.691510200500488,-4.244226694107056,-4.155570983886719,-4.20376181602478,-4.080311059951782,-4.228070259094238,-3.980375051498413,-3.8687782287597656,-3.8318454027175903,-3.7374414205551147,-3.3496339321136475,-2.982688546180725,-2.635911703109741,-2.317581295967102,-1.936592698097229,-1.6224037408828735,-0.03916969709098339,-0.03407735750079155,-0.03773145377635956,-0.038180893287062645,-0.03557637147605419,-0.03515995666384697,-0.03862926363945007,-0.03205915167927742,-0.03871311992406845,-0.033923469483852386,-4.85141640703686,1.7825790072855408,3.537985895608096,-1.0192662173377047,2.209543222192214,-0.16039582448085998,5
113,2025-07-07 23:31:54.949230,2025-07-07 23:36:54.449230,2025-07-07 23:34:24.949230,33900,34200,-4.901548147201538,2.384185791015625e-07,-9.103195190429688,-8.490588665008545,-7.604339599609375,-6.952335834503174,-6.848466396331787,-6.195650577545166,-5.713807582855225,-5.014533281326294,-4.710517168045044,-4.159503221511841,-4.242307662963867,-4.286748886108398,-4.1621177196502686,-4.249014616012573,-4.0899176597595215,-3.9486953020095825,-3.92241895198822,-3.767525315284729,-3.374057412147522,-2.9936084747314453,-2.6313934326171875,-2.318322539329529,-1.9344424605369568,-1.5893523693084717,-0.02857545018196106,-0.036381812766194344,-0.03818120248615742,-0.032726969569921494,-0.03600677102804184,-0.03683692403137684,-0.03349415212869644,-0.03506173938512802,-0.032846856862306595,-0.03634398244321346,-4.785543031661267,2.5872757058046427,3.0425433930924783,-1.1852725474334525,1.8813898358578827,0.22083115715374801,5
114,2025-07-07 23:36:54.948340,2025-07-07 23:41:54.448340,2025-07-07 23:39:24.948340,34200,34500,-4.970246315002441,-2.384185791015625e-07,-9.318328380584717,-8.741711616516113,-7.810335874557495,-7.181325435638428,-6.8268961906433105,-6.128979921340942,-5.672163486480713,-4.992749214172363,-4.723797798156738,-4.226409435272217,-4.381927251815796,-4.3221354484558105,-4.137499570846558,-4.089174032211304,-3.9368667602539062,-3.809525966644287,-3.8035064935684204,-3.7053064107894897,-3.3436609506607056,-2.991328716278076,-2.644080638885498,-2.350034475326538,-1.9761952757835388,-1.6513824462890625,-0.03102284576743841,-0.039605919271707535,-0.03547833114862442,-0.03491964563727379,-0.03422263264656067,-0.04080490954220295,-0.035488300025463104,-0.040244484320282936,-0.04375644586980343,-0.0366960596293211,-5.158789611249897,1.1480903391826751,3.7321810000156828,-0.7636836920882566,-0.32710901268467873,-1.9208397012178002,5
115,2025-07-07 23:41:54.948340,2025-07-07 23:46:54.448340,2025-07-07 23:44:24.948340,34500,34800,-4.952989101409912,2.384185791015625e-07,-9.40013313293457,-8.742432594299316,-7.800215244293213,-7.220046043395996,-6.8187782764434814,-6.088116645812988,-5.744961738586426,-5.036444187164307,-4.657793283462524,-4.225111722946167,-4.364314794540405,-4.233628034591675,-4.103651285171509,-4.055243730545044,-3.9195144176483154,-3.7708353996276855,-3.803227186203003,-3.7339930534362793,-3.3743975162506104,-3.009874105453491,-2.634192705154419,-2.325824737548828,-1.9532444477081299,-1.624584138393402,-0.038840049877762794,-0.037617046386003494,-0.03935842774808407,-0.033085135743021965,-0.03881250321865082,-0.030547174625098705,-0.033418869599699974,-0.03781062178313732,-0.03260866552591324,-0.03826260566711426,-5.033497175833926,1.1753248348423138,3.2805131979802007,-1.002831255405851,1.7677959112524606,0.2612129679607061,5
116,2025-07-07 23:46:54.947447,2025-07-07 23:51:54.447447,2025-07-07 23:49:24.947447,34800,35100,-4.960198402404785,0.0,-9.428866863250732,-8.805902004241943,-7.9492998123168945,-7.290594577789307,-6.915731191635132,-6.26957893371582,-5.880154848098755,-5.20817232131958,-4.695384502410889,-4.29934287071228,-4.398064136505127,-4.236867666244507,-3.9296839237213135,-3.9141435623168945,-3.8306593894958496,-3.6552538871765137,-3.629396438598633,-3.6713039875030518,-3.3257616758346558,-2.987717390060425,-2.6211793422698975,-2.3576992750167847,-2.000606417655945,-1.69227796792984,-0.03651852160692215,-0.03346034698188305,-0.04227553308010101,-0.03572600521147251,-0.041566794738173485,-0.04289352893829346,-0.043214961886405945,-0.030761579982936382,-0.039604803547263145,-0.03426713868975639,-5.168585837954022,0.11822364482608563,4.229585387110771,-0.3585802787508318,0.9878763358917965,-1.2707884320461793,5
117,2025-07-07 23:51:54.947447,2025-07-07 23:56:54.447447,2025-07-07 23:54:24.947447,35100,35400,-4.9365551471710205,2.384185791015625e-07,-9.458671569824219,-8.867484092712402,-8.088934898376465,-7.405140399932861,-6.952351093292236,-6.414721727371216,-5.95147442817688,-5.372752666473389,-4.789564847946167,-4.366961240768433,-4.3438239097595215,-4.290979862213135,-3.994976043701172,-3.9930564165115356,-3.9097176790237427,-3.75950026512146,-3.681362748146057,-3.688099980354309,-3.339293360710144,-2.9789737462997437,-2.6415605545043945,-2.3574858903884888,-1.9787671566009521,-1.6481140851974487,-0.03796430490911007,-0.038602717220783234,-0.03629462979733944,-0.030603285878896713,-0.03461357392370701,-0.036107247695326805,-0.03403184562921524,-0.03162303753197193,-0.02846705075353384,-0.03405454009771347,-4.36818542663003,0.3795919554777016,3.2257344112089683,-0.2788909929677174,1.6729303882226687,0.3218275949559561,5
118,2025-07-07 23:56:55.213588,2025-07-08 00:01:54.713588,2025-07-07 23:59:25.213588,35400,35700,-4.936483860015869,0.0,-9.436452865600586,-8.807348251342773,-7.988571882247925,-7.37406849861145,-6.941962003707886,-6.356596946716309,-6.015002727508545,-5.434415340423584,-4.900957822799683,-4.422255516052246,-4.435711860656738,-4.301645994186401,-4.080472230911255,-4.0730140209198,-3.9979690313339233,-3.8548344373703003,-3.749715566635132,-3.7084102630615234,-3.3423802852630615,-2.984465718269348,-2.6205310821533203,-2.321780204772949,-1.9403854012489319,-1.6398881673812866,-0.03349146991968155,-0.03788973577320576,-0.03997999243438244,-0.03510671108961105,-0.03790629655122757,-0.0366770438849926,-0.037456855177879333,-0.037222422659397125,-0.03448514826595783,-0.027599390596151352,-4.2693557382485015,0.8169002483023695,3.492516357905627,-0.8531709945312443,0.9836519488789842,-1.0736281379584138,5
119,2025-07-08 00:01:55.213588,2025-07-08 00:06:54.713588,2025-07-08 00:04:25.213588,35700,36000,-4.9169299602508545,0.0,-9.303001880645752,-8.615205764770508,-7.9089672565460205,-7.330130100250244,-6.898027420043945,-6.237293243408203,-5.956573486328125,-5.3584794998168945,-4.937779664993286,-4.429383993148804,-4.50110650062561,-4.293205738067627,-4.064523220062256,-4.109405517578125,-4.00816535949707,-3.898617386817932,-3.818432092666626,-3.727790355682373,-3.357782483100891,-2.9940025806427,-2.60816490650177,-2.2988611459732056,-1.926085889339447,-1.6074256300926208,-0.032542748376727104,-0.02545213047415018,-0.035362137481570244,-0.0383081566542387,-0.036292312666773796,-0.02910869475454092,-0.03191816061735153,-0.031891053542494774,-0.03493516519665718,-0.03816107660531998,-3.8652665036407248,1.5799463197422978,2.809265478245055,-0.9520385454510378,1.1012000134170843,-1.166503557640796,5
